feature,MI_stage,MI_q,Spearman_q,distribution_instability,final_score,instability_group,selected,rank,max_abs_corr_with_selected
force_sensor_x__spectral_rolloff95__rank,0.47821844557480153,1.5826115907242215,0.6330763669850291,0.23272280277437826,2.341306136899452,domain_id,True,1,0.0
torque_axis_z__dominant_freq__rel,0.4698898347937621,1.6979625768220994,0.4473059690960031,1.1389051782935957,2.1587690508496253,domain_id,True,2,0.04257591347732409
torque_spindle__dominant_freq__rel,0.5109132145971549,1.9800518845415884,0.14212323517864656,0.3199431537959461,2.108453626380603,domain_id,True,3,0.06473956661977186
force_sensor_y__spectral_rolloff95__rel,0.512925677090067,2.0042325860772423,0.04284971078437143,0.19642814198189906,2.0303519873415214,domain_id,True,4,0.09880921695781648
torque_spindle__spectral_rolloff95__rel,0.5151034590856678,1.9301823387371853,0.10242973992534078,0.8655424670823784,2.029042270473982,domain_id,True,5,0.4046859802166955
torque_axis_y__spectral_rolloff95__rel,0.462777289090631,1.3892711719376174,0.26988767226528815,0.07809854253969244,1.858184478858739,domain_id,True,6,0.1500858089837399
force_sensor_z__dominant_freq__rel,0.4295174640092616,1.83058116735558,0.04991748159683482,0.39498615456827646,1.7804926682331774,domain_id,True,7,0.08959604206595344
force_sensor_x__spectral_rolloff95__rel,0.4575885237835162,1.5721387438857843,0.1252663213704393,0.4848092756217027,1.7776074717369323,domain_id,True,8,0.39748902393596974
torque_axis_z__spectral_rolloff95__rel,0.4335518776976095,1.5121729796835388,0.19375173400164628,0.7856551482995584,1.756843556092808,domain_id,True,9,0.3689073638486178
position_control_deviation_axis_y__dominant_freq__rel,0.3241960810395672,1.407569451527522,0.4436846671877415,0.9092966011525275,1.737080992237947,domain_id,True,10,0.31111466529917603
force_sensor_y__dominant_freq__rel,0.43545151589380304,1.225467942160971,0.2542711760155534,0.1270343260671288,1.7057299666188364,domain_id,True,11,0.07001253623894926
torque_spindle__dominant_freq__rank,0.2746245262392304,1.9429514574931939,0.16156447200462032,0.2297628386908227,1.6544597102013436,domain_id,True,12,0.5265085434937063
torque_axis_y__dominant_freq__rel,0.33866647217822177,1.6331235739842187,0.22981415008345,1.2193753984988274,1.6507868152997722,domain_id,True,13,0.26445263792828116
force_sensor_y__rms__rel,0.3639171648463291,1.2301565858705588,0.3421049880611689,0.8591098931254468,1.6262079713182922,domain_id,True,14,0.36888874898460816
force_sensor_y__energy__rel,0.3550313687200055,1.1734645252581228,0.37528360491329016,0.9153801999776562,1.6114808520116073,domain_id,False,15,
force_sensor_x__variance__rel,0.3529269912682578,1.4594484863211306,0.2979609622547952,2.944120765917743,1.58734999854476,domain_id,True,16,0.42280030919191924
force_sensor_x__std__rel,0.3717325445023243,1.3946762831560475,0.2956225709751296,2.9907052663742895,1.587240928722373,domain_id,False,17,
position_control_deviation_axis_x__dominant_freq__rel,0.36805739083719335,1.3490568268832486,0.21800934835396674,1.181510049866232,1.555901057055476,domain_id,True,18,0.3807555051444563
force_sensor_y__abs_mean__rel,0.34559498866010574,1.1871854072347197,0.31498891319695127,0.9743805072321033,1.5372287283725456,domain_id,False,19,
force_sensor_z__dominant_freq__rank,0.33078624555609415,1.6261317616040087,0.07887148099480036,0.27400375465768095,1.5208587783177472,domain_id,True,20,0.5278733887953663
force_sensor_y__spectral_rolloff95__rank,0.2652481408883509,1.5678822777510448,0.253269690581365,0.7334601439798658,1.5196170880102688,domain_id,True,21,0.5997113655164068
force_sensor_y__zero_crossing_rate__rel,0.27847162050146146,0.9273694340789218,0.5158978077747021,0.031302758909287395,1.5178984371046482,domain_id,True,22,0.30466755747064045
force_sensor_x__abs_mean__rel,0.21097158896928847,1.0603881395452102,0.6273177214512415,1.1635259395902335,1.516977341144098,domain_id,True,23,0.5842215810133147
force_sensor_z__spectral_rolloff95__rel,0.1920064663064458,1.5225103862921738,0.3834859204807165,0.25645298212733053,1.5050896826123208,domain_id,True,24,0.3196169386797331
position_control_deviation_axis_x__spectral_rolloff95__rel,0.42591917430499904,0.932078932813682,0.20535057730519135,0.03148084600910332,1.495941910326198,domain_id,True,25,0.129732971128537
force_sensor_y__dominant_amp__rel,0.3729232588038349,1.1801504315570348,0.20693087110317004,1.2650048926994397,1.466478870182943,domain_id,True,26,0.8973899740803776
force_sensor_z__mean__rel,0.28241790029478264,0.8387526751500598,0.4929893683318544,0.007982709143377564,1.459418137162177,domain_id,True,27,0.37047855477032327
force_sensor_y__rms__rank,0.3291094830298631,0.981593410901064,0.35044884471939314,0.8840945977513217,1.4419066530298417,domain_id,False,28,
force_sensor_y__energy__rank,0.3254237880667137,0.981440872101849,0.3504109530795303,0.8838685471274915,1.4346469182911838,domain_id,False,29,
position_control_deviation_axis_x__spectral_rolloff95__rank,0.3399095810164856,1.4455064052879334,0.17175479575587402,2.8317341338609894,1.43364770253312,domain_id,True,30,0.6232556966711218
torque_axis_z__dominant_freq__rank,0.4218278037223011,1.2612546806839053,0.0528457422972329,1.6380021693134217,1.4320977187267545,domain_id,True,31,0.4350522382408199
force_sensor_y__variance__rel,0.3294121177033782,1.1247483401377671,0.27558570678306077,1.0534020493334226,1.4319292578922853,domain_id,False,32,
force_sensor_y__spectral_rms__rel,0.33919034620013777,1.0913569709752662,0.26149564871534675,1.0176242446462223,1.4216681080612983,domain_id,False,33,
force_sensor_y__total_power__rel,0.34188433683625563,1.065752532354305,0.268176875560426,1.041775007610017,1.419787369213441,domain_id,False,34,
force_sensor_y__mean__rel,0.2782816735097573,0.6579838465411365,0.5506928675419255,0.08116157692257689,1.4158172682431454,domain_id,True,35,0.5480725293139143
force_sensor_y__std__rel,0.3159794907412026,1.1423129402746608,0.26410708723533693,1.0192926187455464,1.4045729153219149,domain_id,False,36,
force_sensor_x__rms__rel,0.21336417775045158,0.9242519635077246,0.5761352961234677,1.434698301172629,1.391098703161042,domain_id,False,37,
torque_spindle__spectral_rolloff95__rank,0.3531934728783923,0.9358528118651823,0.24067557239322893,0.06434217854508002,1.3905797600854242,domain_id,True,38,0.6630516435384499
force_sensor_x__energy__rel,0.2079292941179729,0.9109000192069789,0.5788663315148075,1.4274923672546935,1.3769201924779728,domain_id,False,39,
force_sensor_y__abs_mean__rank,0.3056820325663512,0.9530074919371891,0.31287457422138626,1.091567425258917,1.3358536472967737,domain_id,False,40,
force_sensor_y__zero_crossing_rate__rank,0.2135208834852378,0.7020702199600168,0.5651912452518232,0.27302889363128524,1.3185105439306022,domain_id,True,41,0.8798099485557177
force_sensor_y__dominant_amp__rank,0.34692048115161866,1.0484428267724324,0.16987358887921555,1.5619859565001126,1.3007228420147452,domain_id,False,42,
torque_spindle__mean__rank,0.27828320059716827,0.6407772397934552,0.45395698114240646,0.34210798475747,1.2995129961871923,domain_id,True,43,0.6268486945538021
force_sensor_y__spectral_rms__rank,0.32570764254991436,0.9387008601415561,0.2424208844403746,1.2076121889273357,1.2922529678195658,domain_id,False,44,
force_sensor_y__kurtosis__rel,0.308114788730931,0.9816511320714518,0.20335782567094432,0.3152342622356112,1.278036055533085,domain_id,True,45,0.6786194996061271
force_sensor_y__std__rank,0.3060029727942297,0.9743511191040635,0.24819030700094113,1.205335959154061,1.2776518990366548,domain_id,False,46,
force_sensor_y__total_power__rank,0.31530278586911864,0.9390200981384442,0.24239201584213285,1.207355377041368,1.2721946459893931,domain_id,False,47,
position_control_deviation_axis_y__spectral_rolloff95__rel,0.2994209346789707,1.1187910577280107,0.13454624380736438,0.04980680475955418,1.27194662357639,domain_id,True,48,0.276304691048443
force_sensor_x__shape_factor__rel,0.18877137018550316,1.0111692947790627,0.4173653239752353,0.4087830637966678,1.2711446796695822,domain_id,True,49,0.7122145326674918
force_sensor_x__shape_factor__rank,0.23746700111711028,0.809098933005512,0.42052454199944134,0.3967182747380216,1.268525661885909,domain_id,False,50,
force_sensor_x__dominant_freq__rel,0.3286545149243767,1.1104560312472787,0.07787617552756619,0.06405523671558509,1.2672707961519303,domain_id,True,51,0.13325366206427658
torque_axis_y__dominant_freq__rank,0.22505506441437495,1.4935438558427485,0.1920340500566166,2.559497214345249,1.266382835653712,domain_id,True,52,0.8970796939022548
force_sensor_y__variance__rank,0.30038471583873294,0.9734236663340887,0.24819030700094113,1.205335959154061,1.2662821062853016,domain_id,False,53,
torque_axis_x__spectral_rolloff95__rel,0.33581795020198024,1.048761797239953,0.09990580845835012,0.4663989846786846,1.255486000015072,domain_id,True,54,0.21485646852196671
force_sensor_y__peak__rel,0.28893912114803944,0.6065195372935133,0.38822842724946166,0.5405860287879898,1.2290225077493342,domain_id,True,55,0.8119172098923875
force_sensor_y__peak__rank,0.29202486876936296,0.503186156772697,0.4206950460265151,0.48243602831824645,1.2183702845900337,domain_id,False,56,
force_sensor_z__mean__rank,0.29544092201484906,0.8122404874128843,0.23234486996827836,0.057480069215662996,1.2087439718915554,domain_id,True,57,0.7811879266574215
force_sensor_x__std__rank,0.31843728439836183,0.9382624075628283,0.24599989370630312,3.017964406661436,1.205280441168743,domain_id,False,58,
force_sensor_x__variance__rank,0.3178369849631899,0.9382723116498859,0.24599989370630312,3.017964406661436,1.2041199869012607,domain_id,False,59,
position_control_deviation_axis_y__dominant_freq__rank,0.3456203115358316,1.1417378359710924,0.038519853892959394,1.8096161568592852,1.2029684219320396,domain_id,True,60,0.7496960904894587
torque_axis_x__dominant_freq__rel,0.27316336434982635,1.2271513397379543,0.07107917066408337,0.3381520732558296,1.1994301929418048,domain_id,True,61,0.7368776613321028
force_sensor_z__rms__rel,0.19276962626978333,0.6989044076447115,0.45488452992985884,0.29981061336228715,1.165211106413529,domain_id,True,62,0.45224937465097315
force_sensor_y__spectral_centroid__rank,0.18020043569126343,0.7851571724838635,0.4274288448103872,0.26583970265550705,1.157819658847888,domain_id,True,63,0.4835274827348507
force_sensor_z__abs_mean__rel,0.19729845110146949,0.7246283358818353,0.4289733150781771,0.40260926218502063,1.1565987922690064,domain_id,False,64,
torque_axis_x__dominant_freq__rank,0.26830173868920015,1.3384473589346184,0.06248882785410875,2.602918526301046,1.1415822926456893,domain_id,True,65,0.8749178159459734
force_sensor_y__kurtosis__rank,0.227931335359828,0.6026416496200202,0.41725345858102186,0.4693383578127392,1.140674391601012,domain_id,False,66,
force_sensor_x__mean__rel,0.22166170384555395,0.6928265658036761,0.3536698942813905,0.03725871893268141,1.1281076298847807,domain_id,True,67,0.822856158562054
force_sensor_x__skewness__rank,0.2218094197883116,0.7785041886051483,0.3369460626137648,0.7830470381445299,1.1230201602225878,domain_id,True,68,0.891829874079056
torque_axis_y__spectral_rolloff95__rank,0.28760445352930764,1.1117769678512692,0.05202803312889429,1.2610676751715737,1.1119929506332977,domain_id,False,69,
force_sensor_z__energy__rel,0.16808421097666426,0.6827509611983853,0.45582362579115027,0.2864612604181647,1.1107293445815227,domain_id,False,70,
force_sensor_x__spectral_skewness__rel,0.21586336675112183,0.5993371304124686,0.3970223313749425,0.15537572301467759,1.1085845261094067,domain_id,False,71,
force_sensor_y__spectral_centroid__rel,0.1539602227856558,0.8133553048142903,0.415281178634155,0.2861901487274381,1.1079428653369305,domain_id,False,72,
force_sensor_x__total_power__rel,0.20546812034088302,1.022463482543941,0.26878788616281785,1.7275106926167854,1.1050964602971858,domain_id,False,73,
force_sensor_y__skewness__rel,0.23924957604768915,0.9183846364679251,0.2041299813427594,0.5226160175056145,1.1048186978728922,domain_id,False,74,
force_sensor_x__skewness__rel,0.1958565517372548,0.8254518286935992,0.34401737311274927,0.7472939787490334,1.1046371760626956,domain_id,False,75,
force_sensor_x__abs_mean__rank,0.18831065850477957,0.7423331250714376,0.4194194063974557,1.4989295185694802,1.0922734194536503,domain_id,False,76,
force_sensor_y__shape_factor__rank,0.18388127009176736,1.0072699538180032,0.2444371778332319,0.5313120213832457,1.0816189038754607,domain_id,False,77,
force_sensor_z__abs_mean__rank,0.17508274537438373,0.7255650947920893,0.39606795886456564,0.48836291243622953,1.077421847016235,domain_id,False,78,
force_sensor_z__band2_energy_ratio__rank,0.1790782988853552,0.510652791848949,0.49598309184558076,0.5169355831436362,1.0766616048945536,domain_id,False,79,
force_sensor_z__energy__rank,0.17519687494057412,0.6403471418004885,0.429293065838085,0.40720149108800796,1.0717665379195291,domain_id,False,80,
force_sensor_z__rms__rank,0.1709707054078735,0.6422280608972937,0.42934942355872435,0.4072157057465696,1.0645562644288957,domain_id,False,81,
force_sensor_z__band2_energy_ratio__rel,0.14517173230888836,0.552860270861034,0.5165798947204316,0.3646674291781772,1.0589035164093685,domain_id,False,82,
position_control_deviation_axis_x__dominant_freq__rank,0.2921993185774465,1.2171786483680553,0.048518826724866036,4.006345431483919,1.0544134606356563,domain_id,False,83,
torque_axis_y__kurtosis__rel,0.2739889261512394,0.5123496280714073,0.359345174846812,2.3712221758745473,1.0470576715411148,domain_id,False,84,
force_sensor_z__spectral_skewness__rel,0.1604507818739982,0.6083126234000842,0.4437071507518946,0.2843722522810491,1.0467410358098592,domain_id,False,85,
force_sensor_y__shape_factor__rel,0.14106171320278804,1.1375810234560793,0.2292924294337508,0.5700436409423927,1.046733365976452,domain_id,False,86,
force_sensor_x__spectral_skewness__rank,0.19869362718006345,0.5905598660806062,0.37019112172295204,0.16807611243532072,1.043506643915732,domain_id,False,87,
force_sensor_x__p2p__rel,0.2888099206808712,0.8393630255344053,0.1864624707129896,2.911873365380771,1.043347033338714,domain_id,False,88,
torque_axis_y__variance__rel,0.2588789818711561,0.4737752152764725,0.4043855692253892,2.375689039855866,1.043329724644514,domain_id,False,89,
torque_spindle__band0_energy_ratio__rel,0.20142547199439664,0.4310363389125289,0.4397946222707924,0.1682332504126902,1.038813695549879,domain_id,False,90,
torque_axis_y__std__rel,0.25566491863622454,0.47961779377167213,0.4001214468808966,2.3731370141263803,1.0358485202248993,domain_id,False,91,
force_sensor_z__spectral_rolloff95__rank,0.17681953662475536,0.8334666959747077,0.27564912337631137,0.32372377724449775,1.0211431525464867,domain_id,False,92,
force_sensor_x__spectral_rms__rel,0.1893512594598954,0.9331348205821772,0.26417423247273275,1.826237549395286,1.0204676675996194,domain_id,False,93,
torque_spindle__spectral_kurtosis__rank,0.20471320155033945,0.3618037391471196,0.4462948965397829,0.11174008199314829,1.0195318750079554,domain_id,False,94,
torque_spindle__total_power__rel,0.1532895473734297,0.43521237620745623,0.5054150598902771,0.19937238224136988,1.0117576987860089,domain_id,False,95,
torque_spindle__spectral_skewness__rel,0.1483090164768095,0.46427740032992304,0.5168509911569575,0.6034497004427187,1.0110142298213272,domain_id,False,96,
torque_spindle__band0_energy_ratio__rank,0.21545541259716328,0.3502560618396173,0.4273346228563723,0.2719312475467292,1.0089201524325875,domain_id,False,97,
force_sensor_z__spectral_skewness__rank,0.15708569513681203,0.515496344569617,0.4598276653441269,0.3975024873123443,1.0052556361041793,domain_id,False,98,
torque_axis_y__dominant_amp__rel,0.18898078327167678,0.5112080836778081,0.415742918591307,0.7875103741977021,1.004531170029569,domain_id,False,99,
torque_spindle__spectral_rms__rel,0.15074044405288634,0.42833439815356655,0.5020876838758747,0.17262903164693152,1.0011758084176012,domain_id,False,100,
torque_spindle__variance__rel,0.15966462464008235,0.4731744044332,0.43249750257920916,0.014647025261198683,0.9779345762713987,domain_id,False,101,
force_sensor_x__dominant_freq__rank,0.2402415983089652,1.218873642734975,0.004814041281217746,2.413027111827853,0.977766840426871,domain_id,False,102,
torque_axis_y__spectral_entropy__rel,0.19925698556787763,0.37860756659890393,0.4477578618310112,1.1179200077719922,0.9764249359788416,domain_id,False,103,
torque_spindle__std__rel,0.16231795189059972,0.48265987432703206,0.4214022221541449,0.04985875608535215,0.9752406078807371,domain_id,False,104,
torque_spindle__mean__rel,0.15814906266601203,0.6190006770587408,0.3648990690207283,0.21723371755495896,0.9716238632257945,domain_id,False,105,
force_sensor_z__spectral_spread__rank,0.15363231675298605,0.47547951218331397,0.4499741201086728,0.3578768838997717,0.9703999810173298,domain_id,False,106,
force_sensor_x__energy__rank,0.1902113436144055,0.6477991090149322,0.3515108889815874,1.7583086409676665,0.9699673924130303,domain_id,False,107,
force_sensor_z__spectral_variance__rank,0.1499351224636689,0.4755456688031541,0.4499741201086728,0.3578768838997717,0.9632554133477134,domain_id,False,108,
torque_spindle__abs_mean__rel,0.15281672056663642,0.6229664735811062,0.3644486345116065,0.21571877189264696,0.9628639381127178,domain_id,False,109,
torque_spindle__spectral_centroid__rank,0.19144340234970958,0.4574701545497124,0.3959851327441169,0.9996908134638565,0.9538088875204711,domain_id,False,110,
force_sensor_x__rms__rank,0.17991599256858093,0.652055152695763,0.35159411225675635,1.759150431438134,0.9521517452472612,domain_id,False,111,
torque_spindle__spectral_skewness__rank,0.1715037157724857,0.3788512566911577,0.4472623906333483,0.7517090231022729,0.9375900363144083,domain_id,False,112,
force_sensor_z__spectral_variance__rel,0.12598110864172019,0.46320750234959807,0.46623206059436256,0.27810021514303906,0.9302127039615417,domain_id,False,113,
torque_spindle__rms__rel,0.13597187290285762,0.6242792900210108,0.36317580429489416,0.20331624141991278,0.9300664215618377,domain_id,False,114,
force_sensor_z__spectral_kurtosis__rank,0.13277406228855448,0.46948379498437154,0.45045539179721517,0.30651100841872453,0.9295589713829151,domain_id,False,115,
torque_spindle__peak__rel,0.1369020686820681,0.4166107324548456,0.46218671721149995,0.16013257953734472,0.9290862717081961,domain_id,False,116,
torque_spindle__energy__rel,0.13573012286569908,0.5940804234237822,0.37514164878204037,0.19399421301785985,0.9268878675058811,domain_id,False,117,
torque_axis_y__total_power__rel,0.2059945780980854,0.3877097676624337,0.4052314707472788,1.7728353641911452,0.9239472409431203,domain_id,False,118,
torque_spindle__energy__rank,0.20355269773785212,0.519321948336422,0.2840762880733014,0.3656139440378153,0.9229646416108652,domain_id,False,119,
torque_spindle__rms__rank,0.2021642986767418,0.5183687997889357,0.28597083163697423,0.37011619955221936,0.92149868694126,domain_id,False,120,
force_sensor_z__spectral_spread__rel,0.12688246407100578,0.45543189859961064,0.45487520471712783,0.30594854242327546,0.9155536554916188,domain_id,False,121,
force_sensor_x__dominant_amp__rel,0.1670220655877448,0.7521395006319094,0.27208805100777633,1.446286468575726,0.9107224735566934,domain_id,False,122,
torque_spindle__spectral_centroid__rel,0.17455942271091285,0.45915177325790335,0.37959281880860996,0.9083439527393313,0.9093235985897117,domain_id,False,123,
torque_spindle__spectral_rms__rank,0.18609319577868466,0.3773322450744674,0.37363780651032796,0.33506516033737194,0.9090722480446584,domain_id,False,124,
torque_spindle__abs_mean__rank,0.1911517114624508,0.5101835435722282,0.29511582778553486,0.3683491032820315,0.9052547256000116,domain_id,False,125,
torque_axis_y__spectral_rms__rel,0.19863669718851895,0.38172227192068187,0.4031617147827846,1.760935265812346,0.9051067926645439,domain_id,False,126,
force_sensor_y__dominant_freq__rank,0.2933476004077724,0.6928931500057431,0.0222006628770864,0.8735331722962506,0.900631232269159,domain_id,False,127,
force_sensor_z__spectral_kurtosis__rel,0.09929905280759699,0.6692316064735957,0.3771734466722057,0.141285799338689,0.8979092695406505,domain_id,False,128,
torque_spindle__peak__rank,0.1874635604660193,0.37389264123422317,0.3491375729102575,0.2339419216963174,0.8897736447306106,domain_id,False,129,
torque_axis_x__spectral_rolloff95__rank,0.1311446700954555,1.1824217749007593,0.20321946648915495,3.9144221559563817,0.882977803605006,domain_id,False,130,
force_sensor_x__zero_crossing_rate__rel,0.139048427110402,0.6414895202777129,0.2973836628542239,0.1348319209020806,0.8817172020353332,domain_id,False,131,
torque_spindle__total_power__rank,0.17405376399439332,0.36774992053558897,0.37246877592821903,0.33093174264378433,0.8799233540162618,domain_id,False,132,
force_sensor_y__crest_factor__rank,0.21162856242408012,0.37547383258343237,0.3092890264733378,0.7657707471944644,0.8752361825643254,domain_id,False,133,
force_sensor_x__spectral_rms__rank,0.19182744305039057,0.6625213030948118,0.25485691403950617,2.1019819034978426,0.8693272620280608,domain_id,False,134,
force_sensor_z__spectral_entropy__rel,0.13953629265179046,0.5948206769783821,0.31546770847581623,0.3290196945265634,0.8692876437083383,domain_id,False,135,
position_control_deviation_axis_y__rms__rel,0.17997031841581346,0.3305424765477585,0.4233729741825591,1.6248704621325414,0.8692726020845806,domain_id,False,136,
force_sensor_z__zero_crossing_rate__rel,0.15332311027978118,0.5256917437994408,0.3137900763242305,0.20472373912283412,0.8651167186279803,domain_id,False,137,
force_sensor_z__dominant_amp__rel,0.13517409989660845,0.6976401672536898,0.2899693749395526,0.8405451809701772,0.8650859592556625,domain_id,False,138,
force_sensor_y__crest_factor__rel,0.2193361746099478,0.39726634621056256,0.267291871050415,0.6256813388938174,0.8649734679384258,domain_id,False,139,
force_sensor_x__spectral_kurtosis__rel,0.1713691672898099,0.6119993526653005,0.24693602220310712,0.547366464782362,0.8619334381590582,domain_id,False,140,
force_sensor_x__total_power__rank,0.1868366638794401,0.6602215439175687,0.2547096459864649,2.1015047627618446,0.8583637441069997,domain_id,False,141,
force_sensor_z__dominant_amp__rank,0.13241557696026174,0.6310689584070306,0.319196158939025,0.8071228147231471,0.857149282016157,domain_id,False,142,
force_sensor_z__spectral_centroid__rel,0.12312741746133771,0.5538421341203552,0.35202586695308824,0.29117442711720004,0.8551376460895938,domain_id,False,143,
torque_spindle__p2p__rel,0.11844036716595396,0.28684268353567344,0.4764666067527945,0.09108909082550372,0.8456852256583488,domain_id,False,144,
position_control_deviation_axis_y__variance__rel,0.16520725650506196,0.33120441220429253,0.42506613953032596,1.6193387598119584,0.8428685468567508,domain_id,False,145,
torque_axis_y__band1_energy_ratio__rel,0.18026969457549935,0.2642440218382025,0.4066899966143044,1.0924183120520408,0.8425085928188523,domain_id,False,146,
force_sensor_y__skewness__rank,0.1524339369200416,0.7366011930739145,0.2131054242580193,0.824305756899402,0.8418526002394907,domain_id,False,147,
position_control_deviation_axis_y__energy__rel,0.16450456293996063,0.33083054090193453,0.4252465785725213,1.623805754773853,0.8413101986979541,domain_id,False,148,
torque_axis_z__dominant_amp__rel,0.18411892553665754,0.4875377565467698,0.3436846623226774,2.5881497402347065,0.8354146567938674,domain_id,False,149,
torque_spindle__p2p__rank,0.1670878383683867,0.24352199639540384,0.38949288069893195,0.1978458137299565,0.8270444252372922,domain_id,False,150,
torque_spindle__band2_energy_ratio__rank,0.14154321265494096,0.43120667184210104,0.3449880391329123,0.3598790303045503,0.8197706611097365,domain_id,False,151,
force_sensor_y__impulse_factor__rel,0.2319512409343929,0.5029162837857628,0.13920559819480005,0.516944976709579,0.8186689171335402,domain_id,False,152,
position_control_deviation_axis_y__std__rel,0.14803803429846263,0.33060909415565964,0.42371598682455264,1.6210122419914998,0.807819308231848,domain_id,False,153,
force_sensor_x__peak__rel,0.20944237510421448,0.6362573818133108,0.20220379243526312,2.817830871207483,0.8076285323886947,domain_id,False,154,
force_sensor_y__impulse_factor__rank,0.23701186884953285,0.38166072552114283,0.1872354414033996,0.7363198050242985,0.8067875118752722,domain_id,False,155,
torque_spindle__spectral_kurtosis__rel,0.12880595326242794,0.35110643511737916,0.3868929908772812,0.1713288820198628,0.8049207282220308,domain_id,False,156,
force_sensor_z__zero_crossing_rate__rank,0.15078243787009304,0.5527699613814452,0.2487101681351659,0.3459696744329389,0.802668318276791,domain_id,False,157,
position_control_deviation_axis_y__abs_mean__rel,0.16845811399201427,0.3285584517188811,0.3971825578836846,2.1181811295773882,0.7989738811447522,domain_id,False,158,
force_sensor_x__spectral_centroid__rank,0.12308444183714085,0.5081608056249727,0.3099895691597719,0.1476768852150553,0.7962669394228777,domain_id,False,159,
force_sensor_z__spectral_centroid__rank,0.1270029649247768,0.5664371672643385,0.29007986643070943,0.5683659379386293,0.7953295287547606,domain_id,False,160,
torque_spindle__std__rank,0.19398886896817813,0.33038959934082923,0.2613168122146957,0.22082056008632614,0.793467683549011,domain_id,False,161,
position_control_deviation_axis_y__dominant_amp__rel,0.17805679132481322,0.26690678216752595,0.35931656834211273,1.1505579961668186,0.7897199330534015,domain_id,False,162,
torque_axis_z__abs_mean__rel,0.1419736617915559,0.6976503662437614,0.1979931962522538,0.7627535650229198,0.7895903881253009,domain_id,False,163,
torque_axis_z__energy__rel,0.13805325012096037,0.7112750390394305,0.19569550240311728,0.7280789284038427,0.7879395749488823,domain_id,False,164,
force_sensor_y__band1_energy_ratio__rank,0.12273433884720886,0.5631587522963066,0.2828512815552327,0.43146554521924346,0.7839419701494872,domain_id,False,165,
force_sensor_x__zero_crossing_rate__rank,0.11782674902276757,0.45162850175467106,0.34880759292950236,0.48641156541044656,0.7824102299750032,domain_id,False,166,
force_sensor_x__clearance_factor__rel,0.2256743165895303,0.7032252362127052,0.026161301104826545,0.876071379308927,0.7782620998201571,domain_id,False,167,
torque_spindle__variance__rank,0.18714764855858346,0.32640555958879736,0.2613168122146957,0.22082056008632614,0.7781986154328767,domain_id,False,168,
torque_axis_z__mean__rel,0.1324294053004702,0.7009573918957424,0.1979931962522538,0.7627535650229198,0.7727115944277235,domain_id,False,169,
torque_axis_z__rms__rel,0.1336117008060982,0.7004090889698271,0.19436908713968754,0.7352237975615767,0.7722682135769774,domain_id,False,170,
position_control_deviation_axis_y__total_power__rel,0.15994030873076648,0.24936511357278324,0.40610044171279824,1.8099039782292783,0.7648215186640543,domain_id,False,171,
torque_axis_y__band3_energy_ratio__rel,0.1647212604853978,0.21868316565778345,0.3788175717675613,1.0958358719183103,0.7615748937588326,domain_id,False,172,
force_sensor_y__band3_energy_ratio__rank,0.16607740829206774,0.2977803187703154,0.2990255972505345,0.21456284210977364,0.7609835941765073,domain_id,False,173,
force_sensor_x__dominant_amp__rank,0.15564580360754365,0.5621789519803002,0.2461550661871187,1.6466544570893964,0.7594886258918601,domain_id,False,174,
force_sensor_x__mean__rank,0.20980088383856565,0.47809891766904045,0.1225308478890385,0.2323621826682611,0.758591266382121,domain_id,False,175,
position_control_deviation_axis_y__spectral_rms__rel,0.15851558132433885,0.24061781449120545,0.40473378258029524,1.8181214972837132,0.7559785717707773,domain_id,False,176,
torque_spindle__kurtosis__rank,0.16266434277571618,0.25053145848304803,0.32558923386079797,0.3152229109547939,0.7531087783787022,domain_id,False,177,
force_sensor_y__clearance_factor__rel,0.2369405640183493,0.5599456699378322,0.022247919422786682,0.3050575066101229,0.748772537960156,domain_id,False,178,
torque_spindle__spectral_spread__rel,0.1344092978253728,0.3087106437008682,0.33660370723185357,0.08069128341393651,0.7481723825193473,domain_id,False,179,
torque_spindle__skewness__rel,0.11186160896185093,0.48790479382857654,0.3055501276863842,0.44973903313058666,0.7472161022426698,domain_id,False,180,
force_sensor_x__p2p__rank,0.25125289879253065,0.6255614332219821,0.06636402653963104,3.0096517615823277,0.7395453300836554,domain_id,False,181,
torque_spindle__spectral_variance__rel,0.12132031904951379,0.3259250701806895,0.3422124988790202,0.10300882266910405,0.7360202222485269,domain_id,False,182,
torque_spindle__kurtosis__rel,0.11004724529526033,0.33528674390017965,0.365346581735739,0.31137260757700397,0.7331677775630223,domain_id,False,183,
force_sensor_z__band4_energy_ratio__rel,0.09683755397440574,0.39398123428718,0.36004783995653544,0.36918582856729226,0.7290755515379238,domain_id,False,184,
force_sensor_z__band4_energy_ratio__rank,0.12999304704897607,0.27805063654316164,0.35315271300726936,0.3638384438146997,0.728929338222625,domain_id,False,185,
force_sensor_x__spectral_centroid__rel,0.08888487222353403,0.47384372109126804,0.3187432227550392,0.10764820988904747,0.7231899574486905,domain_id,False,186,
torque_spindle__band2_energy_ratio__rel,0.08503836258355046,0.40646514264360967,0.3694666087731276,0.34198252489843856,0.7229619409340748,domain_id,False,187,
torque_spindle__skewness__rank,0.13866906143704183,0.3706872369446055,0.2817018842427823,0.5016573878969783,0.714739865875771,domain_id,False,188,
torque_axis_y__spectral_entropy__rank,0.21312867674374525,0.3871963620202523,0.2820547272939453,4.166733134295895,0.7135776662503088,domain_id,False,189,
force_sensor_z__shape_factor__rank,0.13949758759744313,0.5652750011287644,0.17591626873490257,0.37998863439628194,0.7127735583340433,domain_id,False,190,
force_sensor_y__band1_energy_ratio__rel,0.11659925440746965,0.5861025441480203,0.21258774459207716,0.47702939250897486,0.711297406975018,domain_id,False,191,
force_sensor_z__shape_factor__rel,0.11038302197894256,0.591755650747154,0.21907102220222366,0.4653151238063639,0.7090265262186084,domain_id,False,192,
position_control_deviation_axis_y__kurtosis__rel,0.16967885853588638,0.289936735872669,0.33602636194192276,2.482262549926717,0.7055891635317288,domain_id,False,193,
torque_axis_z__kurtosis__rel,0.15245553983505133,0.5071438960720771,0.2643526601312279,2.6253009460848404,0.7028309497633964,domain_id,False,194,
torque_axis_y__kurtosis__rank,0.24203425363143705,0.4232230838328799,0.26680510074172853,5.85952035818272,0.701150666079099,domain_id,False,195,
force_sensor_x__band3_energy_ratio__rel,0.14724674196023813,0.6183743979378344,0.13000084605437787,0.5814165385133988,0.6999152435042247,domain_id,False,196,
force_sensor_y__p2p__rel,0.17883030012798296,0.5204265048279462,0.12956531609214397,0.8833638060767767,0.6992117609134203,domain_id,False,197,
force_sensor_z__peak__rel,0.11256665225956453,0.28130727101103226,0.3447758740402911,0.21326546641276134,0.6946858512006869,domain_id,False,198,
force_sensor_x__peak__rank,0.2155138534109804,0.5155039354786002,0.13365169632339108,2.76678927950328,0.6927630522215402,domain_id,False,199,
torque_axis_z__spectral_rms__rel,0.17376495491280286,0.4312868909817804,0.2790186775911473,3.358215392810423,0.6901610148181031,domain_id,False,200,
force_sensor_x__spectral_entropy__rank,0.16682005542772238,0.4059437925568501,0.18949400554002893,0.6360590503275455,0.689115680985756,domain_id,False,201,
torque_axis_y__band2_energy_ratio__rel,0.15666603056598194,0.6569347871670752,0.08259314184812426,0.609165768262998,0.6888649426746919,domain_id,False,202,
torque_axis_y__variance__rank,0.22040761680299958,0.3386609643018832,0.14255237006246507,1.3208588332249176,0.6838052475295839,domain_id,False,203,
force_sensor_z__peak__rank,0.13015974201491942,0.2629387748420404,0.30833517239083275,0.2156825827331841,0.6831330109282848,domain_id,False,204,
torque_axis_z__total_power__rel,0.16889240281685924,0.3969794896463581,0.2910653020407024,3.300868334787158,0.678045191143958,domain_id,False,205,
position_control_deviation_axis_y__spectral_rolloff95__rank,0.16788626546564456,0.9030833501850877,0.03010574591059157,3.163966133510291,0.6734136695619206,domain_id,False,206,
force_sensor_y__band0_energy_ratio__rel,0.10417548894015738,0.6017418073365883,0.19097367185165934,0.5171460923327447,0.6716785107771681,domain_id,False,207,
force_sensor_x__spectral_kurtosis__rank,0.125317778684096,0.5552230524847577,0.18016177103647188,0.6985585246851799,0.6710633746212216,domain_id,False,208,
torque_axis_y__std__rank,0.21341771578294777,0.3360842992344133,0.14255237006246507,1.3208588332249176,0.6689497384633232,domain_id,False,209,
position_control_deviation_axis_y__impulse_factor__rel,0.16470268535359067,0.24558549010382968,0.3344748616463047,2.56704706853387,0.6686787908449664,domain_id,False,210,
position_control_deviation_axis_y__crest_factor__rel,0.1519648009870731,0.23324190306298886,0.3525013706531932,2.341738900209479,0.6653035467274387,domain_id,False,211,
torque_axis_z__spectral_entropy__rel,0.11245367341294887,0.2869780913444786,0.33087188797546574,0.6592954186128756,0.6646134585858702,domain_id,False,212,
torque_axis_z__skewness__rel,0.14349904505561595,0.47663189835124564,0.26361580681570435,2.74786100496412,0.6643226035195084,domain_id,False,213,
torque_axis_y__spectral_kurtosis__rel,0.13812773379028132,0.6550182100841115,0.08998472236827007,0.5272795356726925,0.6627583226597226,domain_id,False,214,
force_sensor_z__spectral_entropy__rank,0.09440511575694477,0.5247338253269467,0.2320520588614924,0.35837195869020333,0.6620510497265102,domain_id,False,215,
force_sensor_x__band4_energy_ratio__rel,0.13765674223730429,0.49176722293140607,0.18162423377269338,0.8214782500950559,0.6596441710794582,domain_id,False,216,
force_sensor_y__band0_energy_ratio__rank,0.11248358800368186,0.5798799721146435,0.1642047586955463,0.4824410812958506,0.6515918856096267,domain_id,False,217,
torque_axis_z__spectral_rolloff95__rank,0.1695396234732982,0.7383679261141829,0.009228875634571653,1.3398072096032063,0.6503624610692103,domain_id,False,218,
force_sensor_x__impulse_factor__rel,0.17823600777279514,0.6441892069657968,0.02541324416849449,1.058517467516893,0.6482824048802416,domain_id,False,219,
force_sensor_z__variance__rel,0.10939975914265387,0.6292394949293412,0.1252434836515721,0.2127482634369346,0.6426258900493296,domain_id,False,220,
torque_axis_z__spectral_centroid__rel,0.11837485983346308,0.47359783896992447,0.18138542866859345,0.12050454390191519,0.6424188226586549,domain_id,False,221,
torque_spindle__spectral_spread__rank,0.1284161113993305,0.3108374127204603,0.23538854806789625,0.022303202479506904,0.6388416657421996,domain_id,False,222,
torque_axis_z__band2_energy_ratio__rel,0.15192165389388101,0.6891423860993204,0.04516413198000935,1.2352809353990668,0.6319348516900469,domain_id,False,223,
torque_spindle__spectral_variance__rank,0.12524453400389235,0.3086813928270744,0.23538854806789625,0.022303202479506904,0.6316087665748237,domain_id,False,224,
force_sensor_y__band3_energy_ratio__rel,0.10909841066996506,0.3908405682512752,0.22452889830875672,0.17027110623967098,0.6241668933317948,domain_id,False,225,
force_sensor_x__crest_factor__rel,0.16025183265576914,0.5705791803279148,0.08449651267144614,1.3694194470061032,0.6226352549414074,domain_id,False,226,
force_sensor_z__std__rel,0.0988742398949114,0.6188776308240724,0.1253915413661071,0.2025240816519888,0.6176006130700813,domain_id,False,227,
force_sensor_y__band2_energy_ratio__rank,0.1230539033295921,0.4050495061722641,0.2033847262176516,0.6502436562074025,0.6169972599241403,domain_id,False,228,
force_sensor_x__band2_energy_ratio__rel,0.11797056155473018,0.35409403727523614,0.2168665239133556,0.21943349890261749,0.6133242650587536,domain_id,False,229,
torque_axis_y__spectral_variance__rel,0.08283012930047717,0.4556773349010559,0.2525304245295475,0.750730101250712,0.6090840633300292,domain_id,False,230,
force_sensor_y__mean__rank,0.14788344115730934,0.25908570743593184,0.19405997655064974,0.2839545958932933,0.5984690383679865,domain_id,False,231,
force_sensor_y__p2p__rank,0.1720543300540478,0.4395115733899,0.08666216703187885,1.0777468386129783,0.5945982017445887,domain_id,False,232,
force_sensor_x__clearance_factor__rank,0.17700092210017448,0.48082422087454546,0.04777556414011254,0.9162621775652966,0.5927261383103698,domain_id,False,233,
torque_spindle__band1_energy_ratio__rank,0.09673359119552116,0.22560743408197048,0.317697204885635,0.6074102724942643,0.5924843868245678,domain_id,False,234,
position_control_deviation_axis_y__shape_factor__rel,0.12981581850139157,0.21740042848896568,0.3297392811237094,2.3591681006251473,0.5909045581096165,domain_id,False,235,
force_sensor_y__band2_energy_ratio__rel,0.10442759940951674,0.4917667079072352,0.16710084050730858,0.6383922423397786,0.5883190546360033,domain_id,False,236,
position_control_deviation_axis_y__clearance_factor__rel,0.12976699549557158,0.21972263925627855,0.33241250769006303,2.573137458507006,0.5856332402674302,domain_id,False,237,
force_sensor_y__clearance_factor__rank,0.17742472235866624,0.4779208441870999,0.019035643657503574,0.40585810187666554,0.5848490818442377,domain_id,False,238,
torque_spindle__zero_crossing_rate__rel,0.11359866503481775,0.3597376349635413,0.20858447858829077,0.5916507836073652,0.5836997670075289,domain_id,False,239,
torque_axis_y__band1_energy_ratio__rank,0.17880710752932916,0.27678644722469814,0.27031868936154946,4.138505819757959,0.5813112259901492,domain_id,False,240,
torque_axis_y__spectral_spread__rel,0.06288929094060536,0.46037671336414654,0.2524599516047498,0.716534050698325,0.5740857224415351,domain_id,False,241,
force_sensor_y__spectral_variance__rank,0.15057572045738365,0.5043312087127707,0.05800137294107484,0.7811999645259478,0.5690661660608222,domain_id,False,242,
force_sensor_y__spectral_spread__rank,0.1494253498962117,0.5039696178693447,0.05800137294107484,0.7811999645259478,0.5666524718491236,domain_id,False,243,
torque_axis_x__band3_energy_ratio__rel,0.11348434731901458,0.15426873948107378,0.330808230798446,1.4980107262317817,0.5650250519997577,domain_id,False,244,
torque_axis_y__shape_factor__rel,0.20137065502924245,0.4447682561250992,0.11373692551048897,3.888063672666325,0.5628908775817428,domain_id,False,245,
torque_spindle__shape_factor__rank,0.11169084249464789,0.3471238540437618,0.23093606761210023,1.4380965952762672,0.5604174441941507,domain_id,False,246,
force_sensor_x__kurtosis__rank,0.12741351715051952,0.4598448920146634,0.09875898641062936,0.3602257858371283,0.5603850887948421,domain_id,False,247,
torque_spindle__crest_factor__rank,0.10785460615961573,0.2136610564409871,0.2784121942911663,0.8117608836234191,0.5602252164393559,domain_id,False,248,
force_sensor_x__band2_energy_ratio__rank,0.12075631972152889,0.27832064874011486,0.19172901283026803,0.15878276935161934,0.5583417045673239,domain_id,False,249,
torque_spindle__zero_crossing_rate__rank,0.08790704116483572,0.3775357927783256,0.22628402489184868,0.6520146924671892,0.5578615638583926,domain_id,False,250,
torque_axis_z__dominant_amp__rank,0.17753410923231838,0.35546825537402027,0.09283863853123248,1.3697235443824018,0.55718733204812,domain_id,False,251,
torque_spindle__impulse_factor__rank,0.09983462693845357,0.23999494785705622,0.277237246514505,0.8575152729116671,0.5546934357435438,domain_id,False,252,
torque_spindle__band1_energy_ratio__rel,0.10151487538865123,0.17088290011297058,0.3009488648801682,0.7256508838568207,0.552735648179835,domain_id,False,253,
torque_axis_z__crest_factor__rel,0.11904492911522979,0.5484048563906723,0.07192530949224146,0.6046984549013358,0.5511988131135326,domain_id,False,254,
torque_axis_z__spectral_variance__rel,0.11463403968891983,0.5369796400976892,0.05947314264766284,0.008220724196711772,0.5495955508867278,domain_id,False,255,
force_sensor_x__variance__slope,0.10060140719815269,0.1792361225318504,0.2668915376120764,0.061596707533947095,0.5490303704341714,domain_id,False,256,
torque_axis_z__spectral_spread__rel,0.1097163110906243,0.5538346470096456,0.059389446448745734,0.00622832170244167,0.5484583740801607,domain_id,False,257,
force_sensor_x__spectral_entropy__rel,0.11416907258684872,0.3865300497604043,0.15135910938975575,0.5293300235691127,0.5435734725895174,domain_id,False,258,
force_sensor_x__band0_energy_ratio__rank,0.15950106308682388,0.4418866183140282,0.033671980006938,0.5176900103856898,0.542001839916469,domain_id,False,259,
force_sensor_z__kurtosis__rel,0.13931190138057858,0.615569725298406,0.020306407308790447,1.3360019457742018,0.5416479463158811,domain_id,False,260,
torque_axis_z__zero_crossing_rate__rel,0.12738129163023304,0.3942256297119302,0.13439097880318746,0.8860867023055102,0.5410746831085924,domain_id,False,261,
torque_axis_y__spectral_skewness__rel,0.10513164537667397,0.6269373061905532,0.05433769912839237,0.7208003572200826,0.5408957900723935,domain_id,False,262,
force_sensor_y__energy__slope,0.15237247387630193,0.2061368951234277,0.14119863852799386,0.01017221618046937,0.5394306493952071,domain_id,False,263,
force_sensor_x__band0_energy_ratio__slope,0.14945572584868327,0.3233253730467234,0.0859855384471783,0.00820294931573455,0.5371085056431188,domain_id,False,264,
torque_spindle__clearance_factor__rank,0.09938122678619599,0.21112103879766408,0.27272197931755104,0.8938927176808833,0.5333599482475907,domain_id,False,265,
force_sensor_z__kurtosis__rank,0.1399978592224007,0.5661816481991586,0.029552925324580828,1.2636741106998899,0.5306293695991002,domain_id,False,266,
force_sensor_z__std__rank,0.09175768149775276,0.5189991584746103,0.10385099606919179,0.2827306312240237,0.5290336999290044,domain_id,False,267,
force_sensor_z__variance__rank,0.09139410387846825,0.5198132997495728,0.10385099606919179,0.2827306312240237,0.5287340767412837,domain_id,False,268,
force_sensor_z__band1_energy_ratio__rank,0.09116858832915908,0.474473750456319,0.11728017277356213,0.0617255456168056,0.5284081760417021,domain_id,False,269,
force_sensor_y__spectral_entropy__rank,0.12485458920441195,0.5643231084475993,0.03449195808314179,0.7346571400977382,0.5275149612467106,domain_id,False,270,
torque_axis_y__spectral_rms__rank,0.18148856400579216,0.3211431210085731,0.08138214780339265,1.5853189196667208,0.5272046566883294,domain_id,False,271,
force_sensor_x__band1_energy_ratio__slope,0.14543760200068712,0.31624020848171286,0.08668246950105278,0.008111544148434057,0.5264735688594643,domain_id,False,272,
force_sensor_y__spectral_entropy__rel,0.10400572670001673,0.662089767649066,0.022456501906014146,0.6808063702968126,0.5260516987628225,domain_id,False,273,
position_control_deviation_axis_y__band2_energy_ratio__rel,0.07582605519901575,0.5113861415666956,0.12836827139440438,0.12254946029924967,0.5255673776685059,domain_id,False,274,
torque_axis_y__band0_energy_ratio__rel,0.10132459746374645,0.5309846388966482,0.08975884015336899,0.62554381639863,0.5250615098159069,domain_id,False,275,
force_sensor_x__band0_energy_ratio__rel,0.12894197070305835,0.4723470537940999,0.05636759344502729,0.44900949438239907,0.5234609297845321,domain_id,False,276,
torque_axis_z__shape_factor__rel,0.09674293625250052,0.48247414128467314,0.22807444340334349,3.211164643138118,0.5214201235959954,domain_id,False,277,
force_sensor_z__band0_energy_ratio__rank,0.11302566682491677,0.4878644852957481,0.06035129109013803,0.05510021708986539,0.5208718629239439,domain_id,False,278,
torque_axis_z__band4_energy_ratio__rel,0.11924339284347263,0.4777416061275934,0.08171853846025627,0.8380381811832629,0.5162963852394598,domain_id,False,279,
position_control_deviation_axis_x__std__rel,0.1381552720687409,0.1905031521846685,0.2839660597425319,3.1617910005564465,0.5141093933853131,domain_id,False,280,
torque_axis_y__total_power__rank,0.17248566865742743,0.32542552226196086,0.08114636917751221,1.5843930265875306,0.5116666992256287,domain_id,False,281,
force_sensor_x__band1_energy_ratio__rel,0.11575319459528277,0.46216561379207644,0.07351235968330641,0.42917682328781137,0.5107565800908113,domain_id,False,282,
force_sensor_y__band4_energy_ratio__rank,0.1135993992630302,0.20813017280987012,0.18882957454706728,0.06227625213573199,0.5105900634399373,domain_id,False,283,
position_control_deviation_axis_x__total_power__rel,0.10162885379752207,0.13081708004268666,0.30397345692720473,1.4130936363858877,0.5070485896654158,domain_id,False,284,
force_sensor_x__impulse_factor__rank,0.15959490243389007,0.4606207672314113,0.012629165673310155,1.08737052838,0.5065041326695847,domain_id,False,285,
torque_axis_z__spectral_kurtosis__rel,0.09174725771013681,0.5283854502447931,0.07977400359926068,0.3840427182344848,0.5053543227354381,domain_id,False,286,
position_control_deviation_axis_y__std__rank,0.1778991608899494,0.2946457348336051,0.08774937746445216,1.7965198222158512,0.5044909983377706,domain_id,False,287,
position_control_deviation_axis_y__rms__rank,0.17876488105634158,0.29081355305109957,0.0876251448620847,1.7955868365287695,0.5041746737163902,domain_id,False,288,
position_control_deviation_axis_y__variance__rank,0.17574476480035628,0.2980651503200469,0.08774937746445216,1.7965198222158512,0.5020146423206334,domain_id,False,289,
torque_spindle__shape_factor__rel,0.09288408468062248,0.35883916761353607,0.20004779028180517,1.4517983347803158,0.498286948891491,domain_id,False,290,
force_sensor_x__band1_energy_ratio__rank,0.10857038665219454,0.38796038332631344,0.11518229013273515,0.5135048267277497,0.49790752181866643,domain_id,False,291,
position_control_deviation_axis_y__abs_mean__rank,0.16919452628326703,0.2943284901369294,0.08602395384231036,1.6057223858640512,0.4937413229742231,domain_id,False,292,
torque_axis_z__kurtosis__rank,0.18545739483448465,0.4648877556831259,0.20263004894505923,7.158841287563935,0.49322478043328666,domain_id,False,293,
torque_spindle__impulse_factor__rel,0.08018357442476454,0.21064492915800148,0.26242270535554685,0.7758492642437669,0.49052341202169075,domain_id,False,294,
torque_axis_z__spectral_skewness__rel,0.12229481616699389,0.5068664665294742,0.022691857591563926,0.559102810220923,0.4894688616000475,domain_id,False,295,
force_sensor_z__band0_energy_ratio__slope,0.14271810284759834,0.24471437082841963,0.09062037475440969,0.010172396135234433,0.48935779519499983,domain_id,False,296,
force_sensor_x__spectral_spread__rank,0.11240493023042641,0.42289451881002993,0.08653073997155508,0.6703437780764883,0.4875272289199686,domain_id,False,297,
position_control_deviation_axis_y__band4_energy_ratio__rel,0.08877097850076199,0.29897307003768203,0.21429800621947565,1.1988227645373248,0.485332951491342,domain_id,False,298,
torque_spindle__band3_energy_ratio__rank,0.06351412696073422,0.31861807832088385,0.2114882894943,0.21438160093288391,0.4847387911789672,domain_id,False,299,
torque_axis_z__spectral_kurtosis__rank,0.11089984987194956,0.5163261498022904,0.14525896301474023,3.1743328364387886,0.4845292057006195,domain_id,False,300,
force_sensor_x__spectral_variance__rank,0.11034893324793305,0.4243247910942509,0.08653073997155508,0.6703437780764883,0.48424942951322003,domain_id,False,301,
force_sensor_x__band4_energy_ratio__rank,0.10076843530938362,0.3210783779319577,0.1607150100689271,0.7679465921384813,0.4842111224051191,domain_id,False,302,
force_sensor_x__kurtosis__rel,0.12159847866875095,0.48986277332120576,0.023820341399173717,0.4791492625082933,0.4841277714080158,domain_id,False,303,
torque_axis_z__mean__rank,0.09384222758320715,0.5804557478133838,0.171275687884581,3.804779074566939,0.4828853853170088,domain_id,False,304,
torque_spindle__clearance_factor__rel,0.08469802153415151,0.19287914636356884,0.256139259845691,0.8111442700906271,0.48265402025504445,domain_id,False,305,
torque_axis_z__impulse_factor__rel,0.08202872342126755,0.5519033005270604,0.07348864820951163,0.6243850016820957,0.48181715701818867,domain_id,False,306,
torque_axis_z__spectral_skewness__rank,0.11515789314866431,0.5180375322250943,0.13707704781853347,3.281516077558296,0.48095499203268727,domain_id,False,307,
torque_axis_z__std__rel,0.1003837401960781,0.4694364884318647,0.22209445690809104,4.057684498831218,0.480363487540842,domain_id,False,308,
torque_axis_z__rms__rank,0.09284097596457208,0.5783829464290529,0.16912389872533884,3.765419827982812,0.47941267711144364,domain_id,False,309,
force_sensor_y__mean__slope,0.09950371663403668,0.15025275387960724,0.21056749667799793,0.00860820875291115,0.4783451304675616,domain_id,False,310,
position_control_deviation_axis_x__abs_mean__rel,0.10507605615171944,0.16004828050952602,0.30000216417364295,2.5114403524084086,0.4781123222926613,domain_id,False,311,
torque_axis_z__spectral_entropy__rank,0.13932696385998233,0.29147709174611336,0.22766108451554945,3.9517424774193337,0.47720135838578365,domain_id,False,312,
force_sensor_x__energy__slope,0.06786042505669787,0.14691333385710115,0.2731040311260609,0.03132301198434677,0.4768282117915863,domain_id,False,313,
position_control_deviation_axis_x__rms__rel,0.11922915538437961,0.18706038330618524,0.28396196578416927,3.161279694818857,0.47566671703895635,domain_id,False,314,
force_sensor_x__band3_energy_ratio__rank,0.13671022900373786,0.4206389046776855,0.0424181028973574,1.000463347318464,0.47557593807224174,domain_id,False,315,
position_control_deviation_axis_y__energy__rank,0.16444164671417894,0.287674441566657,0.08743835046261413,1.7938854013810177,0.4746867516164966,domain_id,False,316,
torque_axis_z__clearance_factor__rel,0.07894743512660995,0.545024367180301,0.07593267135779438,0.633637389234651,0.47445755598352424,domain_id,False,317,
position_control_deviation_axis_y__spectral_spread__rel,0.1118556072285084,0.47383092867467935,0.03746446406427175,0.43115735884674267,0.4728790302573577,domain_id,False,318,
torque_axis_z__spectral_spread__rank,0.1322223613682849,0.561065878453721,0.0675147499830342,3.138338303148026,0.4720176560393422,domain_id,False,319,
torque_axis_z__band0_energy_ratio__rel,0.11906051330703993,0.5248088939389493,0.019038756771101905,0.9603768604210854,0.4715948812700855,domain_id,False,320,
torque_axis_z__energy__rank,0.08836744650421435,0.5761214427919894,0.17040776452384812,3.75982684673921,0.4711189312335693,domain_id,False,321,
torque_axis_y__band3_energy_ratio__rank,0.13722680655346897,0.24536463666512054,0.2607396421839191,4.252711052023732,0.47052401710635816,domain_id,False,322,
torque_axis_z__band4_energy_ratio__rank,0.1349243401762894,0.4722104773154814,0.06940913110833012,2.3011149492622973,0.4700719631597595,domain_id,False,323,
force_sensor_y__band4_energy_ratio__rel,0.0879386592856699,0.17433968989711612,0.21691442492567106,0.1493893788795996,0.46833109355532215,domain_id,False,324,
position_control_deviation_axis_x__energy__rel,0.1122718057392782,0.17924807466560644,0.2878721991334875,3.038583066939583,0.4673380446238108,domain_id,False,325,
force_sensor_z__impulse_factor__rank,0.15475530396339043,0.36661039734347245,0.013864444684081859,0.7208850006953617,0.4668676651586774,domain_id,False,326,
force_sensor_z__spectral_rms__rel,0.10350946454554255,0.5386497557732604,0.016643449366305643,0.46672041946116927,0.4666988833318208,domain_id,False,327,
torque_axis_z__abs_mean__rank,0.08397214490253879,0.582287508123899,0.171275687884581,3.804779074566939,0.46463797155904524,domain_id,False,328,
position_control_deviation_axis_x__spectral_rms__rel,0.07624525339169619,0.14520997932551793,0.3009389031859046,1.4271385628856406,0.46132533169516815,domain_id,False,329,
force_sensor_z__band2_energy_ratio__slope,0.1356848178113217,0.3019100965467465,0.047855398269908006,0.043502133088111614,0.460072937356129,domain_id,False,330,
torque_spindle__crest_factor__rel,0.06392585191339495,0.2015720522072808,0.26600287060248684,0.7323238688815741,0.4598471474316699,domain_id,False,331,
torque_axis_z__variance__rel,0.08452391108909474,0.4698989814022805,0.22636010033544976,3.9739499405876013,0.4575956340014743,domain_id,False,332,
torque_axis_x__shape_factor__rel,0.08590597750655671,0.11420285781705841,0.29871507204969483,1.548077127006662,0.45729391462962843,domain_id,False,333,
torque_axis_z__p2p__rel,0.11168775903676398,0.4509585366547575,0.027000241192613045,0.27650825616654956,0.457187856815676,domain_id,False,334,
torque_axis_z__spectral_variance__rank,0.12385837457739624,0.5638247227606459,0.0675147499830342,3.138338303148026,0.45715667601840715,domain_id,False,335,
force_sensor_y__spectral_spread__rel,0.10849101513199733,0.4985773756369287,0.028791977232516513,0.7869434010733941,0.4550426611984702,domain_id,False,336,
torque_axis_z__skewness__rank,0.18333331813061315,0.4249989802064076,0.19414595112512026,7.298773890464495,0.45482345955986886,domain_id,False,337,
force_sensor_z__total_power__rel,0.09028927700960732,0.5691130256140378,0.013958489104059623,0.46855959734914254,0.4534708482920899,domain_id,False,338,
force_sensor_z__impulse_factor__rel,0.12641955537649308,0.37199893973723697,0.05268220390581007,0.7469064803528337,0.45226864434119574,domain_id,False,339,
force_sensor_x__crest_factor__rank,0.14642766517518568,0.4130538410139746,0.01964986788009131,1.3884986634232732,0.451551358981005,domain_id,False,340,
torque_axis_y__dominant_amp__rank,0.14770764907978062,0.39250549650371447,0.07651702548570063,2.5620319254306763,0.4512435256365773,domain_id,False,341,
torque_axis_y__band4_energy_ratio__rel,0.06683210444408827,0.2118036880304497,0.2826920659365444,1.6289529678278063,0.4495340697419253,domain_id,False,342,
position_control_deviation_axis_y__kurtosis__rank,0.17279470737025693,0.25148896300593115,0.2524776959106762,6.306087211042625,0.4479177188358057,domain_id,False,343,
position_control_deviation_axis_x__variance__rel,0.1025508675262885,0.1783381534224433,0.2870904785710129,3.0387244502408346,0.44722455480374657,domain_id,False,344,
torque_axis_y__spectral_kurtosis__rank,0.08752539323366948,0.5054961109437341,0.1344901326124294,2.6345037246728626,0.4457061878333794,domain_id,False,345,
force_sensor_y__spectral_variance__rel,0.10433793730828844,0.506107819026508,0.025002061755253883,0.8200133612624341,0.44555511441435713,domain_id,False,346,
torque_axis_y__energy__rel,0.16556962461319413,0.446985319490814,0.25936764597634626,8.51820156746958,0.4451897848803451,domain_id,False,347,
position_control_deviation_axis_x__dominant_amp__rel,0.08222217353795869,0.1296777268804048,0.28620582372851655,1.556667501123744,0.4449925130283587,domain_id,False,348,
force_sensor_z__band1_energy_ratio__slope,0.13068709348690755,0.23194405801614737,0.07463754246308049,0.011062507313918233,0.4436093247682199,domain_id,False,349,
position_control_deviation_axis_y__spectral_variance__rel,0.09592068036560875,0.48059350520411526,0.03494291501461565,0.4326130654428604,0.44273495056149825,domain_id,False,350,
torque_axis_x__band1_energy_ratio__rel,0.09730892310762207,0.15623609024184715,0.29018770863046167,2.7170266328264905,0.44266153908998407,domain_id,False,351,
position_control_deviation_axis_y__total_power__rank,0.1676127466853934,0.24329529108391945,0.06893529524530309,1.7622447791996452,0.44152933584293824,domain_id,False,352,
torque_axis_z__spectral_rms__rank,0.16509745115653351,0.2948732000263359,0.024815807107079653,1.2290163172733128,0.4407109304212123,domain_id,False,353,
torque_axis_x__dominant_amp__rel,0.1262887262725405,0.21832784839382224,0.24496561813194065,3.809634772734218,0.4386795650756399,domain_id,False,354,
torque_axis_z__total_power__rank,0.1675796841034065,0.27851547935410936,0.02482750038411064,1.2291411217636983,0.4373746829508803,domain_id,False,355,
force_sensor_z__clearance_factor__rel,0.11601116603026984,0.36859715168722396,0.059450773557329605,0.7520143409440758,0.4369184582913738,domain_id,False,356,
position_control_deviation_axis_y__impulse_factor__rank,0.18161339046491554,0.2121896665852021,0.25675609517296505,6.646643493630946,0.43537027895071295,domain_id,False,357,
torque_axis_y__spectral_skewness__rank,0.09550793607210784,0.4806243338839482,0.11604855901491003,2.6264816309698866,0.43068969965909065,domain_id,False,358,
torque_axis_y__clearance_factor__rel,0.17062735244945948,0.29847260438282763,0.24335373817479292,6.956196583747891,0.4306578294520581,domain_id,False,359,
force_sensor_z__band1_energy_ratio__rel,0.08681829258379836,0.48517616511682693,0.02005201622899084,0.006217638902364571,0.4304114084005794,domain_id,False,360,
position_control_deviation_axis_y__dominant_amp__rank,0.1654509746503372,0.22837651321375718,0.07607925308652684,1.996868883939647,0.4271548760559204,domain_id,False,361,
force_sensor_x__total_power__slope,0.08135086898806243,0.12893668068758668,0.20711823910089083,0.05713630143640524,0.42697607413745897,domain_id,False,362,
torque_axis_y__zero_crossing_rate__rel,0.1019610990497386,0.36433128775348367,0.08145349329403215,0.8571764010727188,0.42508907396972073,domain_id,False,363,
force_sensor_z__crest_factor__rank,0.13924292952795359,0.31704442141427513,0.024426990283503407,0.6778933088900503,0.42439450602686696,domain_id,False,364,
force_sensor_x__spectral_variance__slope,0.13300275653315952,0.23077642861427394,0.051130773142979834,0.01408543188749696,0.4238882342154236,domain_id,False,365,
torque_axis_y__crest_factor__rel,0.1575370600756536,0.31999537447902604,0.24407638923636593,6.8215545842544785,0.4223748212263883,domain_id,False,366,
torque_axis_y__abs_mean__rel,0.16821159983178346,0.4437607123010987,0.2510074212845496,9.027394601101337,0.41891192787322723,domain_id,False,367,
force_sensor_z__clearance_factor__rank,0.13928299678783929,0.3549845293201841,0.000962047146041912,0.725495258278914,0.41793323041673097,domain_id,False,368,
position_control_deviation_axis_y__spectral_rms__rank,0.1570603852347512,0.23627704413918904,0.06835406164648845,1.76223202129606,0.41696101975700883,domain_id,False,369,
torque_axis_y__mean__rel,0.16399881693174345,0.4476465664051381,0.2508191696638656,8.996960446605584,0.41376530347503016,domain_id,False,370,
torque_spindle__band3_energy_ratio__rel,0.0448848197932894,0.2853401292598319,0.18555170959307782,0.12405860447117335,0.40983495566613093,domain_id,False,371,
position_control_deviation_axis_y__band0_energy_ratio__rel,0.0744779914906124,0.3740269988374161,0.08396536575753644,0.1938587196502112,0.4070106447142745,domain_id,False,372,
torque_axis_y__impulse_factor__rel,0.15229254035705808,0.3101428274984328,0.2436345480167133,6.931283187977495,0.4022158913195939,domain_id,False,373,
force_sensor_x__spectral_spread__rel,0.08076053440046072,0.4842624214665783,0.028248448089743555,0.5960572536001708,0.4015585703763083,domain_id,False,374,
torque_axis_y__rms__rel,0.15488950450238037,0.4508890430141035,0.2510319018872065,8.922365597356361,0.40105196702054036,domain_id,False,375,
force_sensor_x__spectral_variance__rel,0.06558234891728021,0.5108960746842364,0.0420965791345833,0.5835680865663423,0.3997549316677641,domain_id,False,376,
force_sensor_x__abs_mean__slope,0.06187345898032537,0.1137431521809753,0.22386150856532322,0.03903643069468199,0.39908803534659504,domain_id,False,377,
torque_axis_z__band0_energy_ratio__rank,0.09815776800357345,0.4346088969389803,0.12629780690912326,3.2631082444406445,0.39632120111724356,domain_id,False,378,
force_sensor_z__skewness__rank,0.0902402432805407,0.4055780276226191,0.01868951354281105,0.017669622126561157,0.3954949706691587,domain_id,False,379,
force_sensor_x__std__slope,0.03812212343469157,0.12022097027429446,0.2624176558529961,0.07215039296822029,0.39337227160710697,domain_id,False,380,
force_sensor_z__band0_energy_ratio__rel,0.05117974723075425,0.4988685506480133,0.04424143453101257,0.02400303608165708,0.3914966111230491,domain_id,False,381,
torque_axis_y__band2_energy_ratio__rank,0.12039571936861582,0.5655112725392342,0.04870047398895723,4.142682291477502,0.3901773292639196,domain_id,False,382,
force_sensor_x__band2_energy_ratio__slope,0.087465687147402,0.28422849148714757,0.0778243966359666,0.001917551849489593,0.38935999916166986,domain_id,False,383,
force_sensor_x__band3_energy_ratio__slope,0.1015180803023159,0.25145500638527407,0.066135292769833,0.01550941982731797,0.38802724148796197,domain_id,False,384,
torque_axis_z__spectral_centroid__rank,0.13758929036666623,0.4781602839943542,0.027020132884152562,3.4379589235277748,0.3879624559398274,domain_id,False,385,
position_control_deviation_axis_y__spectral_kurtosis__rel,0.06371669700903615,0.4670593954793971,0.04587592547880136,0.4121215502255666,0.38525847208129277,domain_id,False,386,
torque_axis_x__energy__rel,0.09154341135350519,0.12614554123880772,0.262722044266411,2.8702033857501275,0.38254049375606247,domain_id,False,387,
torque_axis_x__rms__rel,0.09777478247561122,0.12030269280312744,0.2597569365545579,3.0445673345812208,0.3814164801839707,domain_id,False,388,
torque_axis_x__peak__rel,0.10122312069345751,0.1251755575174247,0.25574732359910546,3.214960924099386,0.3793587988800332,domain_id,False,389,
force_sensor_z__p2p__rank,0.0761692219015091,0.22531909034492603,0.13572369421537175,0.4001899348783532,0.37916848619647325,domain_id,False,390,
position_control_deviation_axis_y__band1_energy_ratio__rel,0.04283980787792463,0.08269426237194466,0.2705980953165408,0.42184736439496834,0.3772649536819609,domain_id,False,391,
position_control_deviation_axis_y__spectral_kurtosis__rank,0.06685658512535642,0.4753229912318857,0.13882362199774248,3.114163006786375,0.3746650912249616,domain_id,False,392,
torque_axis_y__p2p__rel,0.07320879979776485,0.10295560390291936,0.20698224684167868,0.621611201205309,0.374305112006434,domain_id,False,393,
force_sensor_x__rms__slope,0.05093750679347009,0.10656951723520525,0.2234996591655583,0.04385037965932064,0.3737136755191899,domain_id,False,394,
torque_axis_z__peak__rel,0.0932851804864494,0.3688319342696924,0.015664041361222406,0.1988854958126719,0.37241711786697096,domain_id,False,395,
force_sensor_z__p2p__rel,0.050835919059210255,0.2126650811560964,0.18025954019627868,0.36524284280806535,0.3696810122064695,domain_id,False,396,
force_sensor_z__energy__slope,0.0562360231135286,0.12246301754846378,0.19892935193633096,0.003292475964156356,0.36906719661442144,domain_id,False,397,
position_control_deviation_axis_y__crest_factor__rank,0.13651008208797877,0.23088815114501182,0.25426008456561,6.367806322682255,0.36638155967295266,domain_id,False,398,
position_control_deviation_axis_y__clearance_factor__rank,0.14252330660270496,0.22771763998539907,0.2544688068560774,6.678923457117148,0.36358371846094434,domain_id,False,399,
torque_axis_z__band1_energy_ratio__rel,0.12504733614879004,0.31161967533308665,0.1400263395006212,4.188996701588098,0.36190603212931294,domain_id,False,400,
force_sensor_z__total_power__rank,0.07867628984382447,0.45139355076483234,0.0057526605509160035,0.5320486170838262,0.3613116449658945,domain_id,False,401,
force_sensor_z__spectral_rms__rank,0.08003353805453961,0.44598492483859475,0.005278363550286531,0.5312891094519886,0.36080562647728665,domain_id,False,402,
torque_axis_x__abs_mean__rel,0.0834949934281819,0.11420059235003865,0.26352880726449734,2.9039627609507375,0.36034122025555015,domain_id,False,403,
force_sensor_y__spectral_kurtosis__rel,0.072257484862019,0.40111984967899517,0.035144979794414846,0.42735881663224734,0.3575665923803331,domain_id,False,404,
torque_axis_x__zero_crossing_rate__rel,0.0679984066785444,0.173200300019281,0.23445195677881256,2.2651347275587,0.35751307951196,domain_id,False,405,
position_control_deviation_axis_y__band4_energy_ratio__rank,0.11105638980182464,0.29040745512164623,0.18901326376776417,4.565382376359247,0.3573014417323821,domain_id,False,406,
position_control_deviation_axis_y__shape_factor__rank,0.14540536755281708,0.2020435645154075,0.24255516727743448,6.426201340458715,0.3550952227435344,domain_id,False,407,
force_sensor_z__skewness__rel,0.06243733142632135,0.3833523928214362,0.04269170752310554,0.026359157028278214,0.3540665803447957,domain_id,False,408,
torque_axis_x__band0_energy_ratio__rel,0.08273450455471432,0.289807540388352,0.051975646280802444,0.15319360152307035,0.3507410278989428,domain_id,False,409,
force_sensor_y__spectral_kurtosis__rank,0.07840604419579589,0.255093063084578,0.0894528234461666,0.6014824352823371,0.34362093393187154,domain_id,False,410,
torque_axis_z__band2_energy_ratio__rank,0.1071746672123628,0.6529467964504381,0.05671295416520566,5.910410441597569,0.34172458371111314,domain_id,False,411,
torque_axis_y__band0_energy_ratio__rank,0.048554492260142856,0.42867977394771595,0.139291485599978,2.6045421427555655,0.33778545525268516,domain_id,False,412,
torque_axis_x__variance__rank,0.11789389087978175,0.23112499279576992,0.057855211995392765,1.5400230058732822,0.33721073036466603,domain_id,False,413,
force_sensor_y__variance__slope,0.10858917546518865,0.14714212108451052,0.04591906182985251,0.00582636729087913,0.32989990755045917,domain_id,False,414,
force_sensor_z__crest_factor__rel,0.08422421717352035,0.295100034800746,0.04848096572683828,0.704480293796209,0.32956911579640824,domain_id,False,415,
torque_axis_x__std__rank,0.11301712003827791,0.23398949992605056,0.057855211995392765,1.5400230058732822,0.32917240326883684,domain_id,False,416,
torque_axis_x__variance__rel,0.12194943634690891,0.3027426362626313,0.180266003752077,5.693572414196343,0.3283576377636642,domain_id,False,417,
torque_axis_z__clearance_factor__rank,0.08308753747168529,0.4544976784887176,0.050502055550408334,2.6260417717325417,0.3280135397896874,domain_id,False,418,
torque_axis_x__p2p__rank,0.123484509645861,0.20292658539082575,0.04637702249569102,1.4268742400511076,0.3272802265183703,domain_id,False,419,
torque_axis_y__spectral_centroid__rel,0.08033617487195865,0.4093308958343602,0.06170242581838295,2.28657589767472,0.3256288292296392,domain_id,False,420,
torque_axis_x__p2p__rel,0.1393184103059677,0.26133755582031837,0.18583926969423675,6.2132521833232115,0.3251122139731798,domain_id,False,421,
position_control_deviation_axis_x__std__rank,0.14007259383881698,0.19363719875401397,0.02329286084225721,1.6183978722186747,0.3237011653550923,domain_id,False,422,
torque_axis_x__total_power__rel,0.11638637260460194,0.24686629456739206,0.18936574201025297,5.140199261166688,0.3220761079441533,domain_id,False,423,
force_sensor_z__rms__slope,0.046922263918472096,0.08417090013180761,0.18788296865994078,0.0008247037957000962,0.32093774753140275,domain_id,False,424,
torque_axis_x__std__rel,0.134663449990029,0.3070000573619591,0.17260437934959266,6.340617048515883,0.3202611740758439,domain_id,False,425,
torque_axis_y__spectral_variance__rank,0.10455523081772355,0.40573543602795414,0.007554723146966023,2.2237142051081733,0.3193516075820796,domain_id,False,426,
torque_axis_z__p2p__rank,0.07098429459941347,0.45095609068341513,0.08296470127611157,3.014951792728691,0.318838743034448,domain_id,False,427,
torque_axis_x__band2_energy_ratio__rel,0.07053748040073948,0.31151912829867134,0.022253956718755387,0.02472557670073153,0.31358210847265816,domain_id,False,428,
position_control_deviation_axis_y__spectral_entropy__rel,0.0733945935882272,0.1252186896417764,0.11490547651807763,0.2587191892550311,0.3089753396282183,domain_id,False,429,
force_sensor_y__spectral_skewness__rel,0.05684646716649522,0.3417352432736793,0.05348809366040954,0.6046295463646252,0.30889846178367536,domain_id,False,430,
torque_axis_z__band3_energy_ratio__rel,0.08213757310012193,0.18207338599180023,0.22399319580662408,3.937079298715865,0.30853942147377517,domain_id,False,431,
position_control_deviation_axis_y__spectral_skewness__rel,0.058790660084492075,0.3835235350424533,0.03670061082323427,0.8207062489542991,0.30763823667161033,domain_id,False,432,
torque_axis_x__band2_energy_ratio__rank,0.08865149323559929,0.36337468330164713,0.09168114434567669,3.302682137708907,0.3060414530074689,domain_id,False,433,
torque_axis_x__spectral_rms__rank,0.1182007717346214,0.19431556621269985,0.037654766010674606,1.448446777063502,0.3030956937814924,domain_id,False,434,
torque_axis_z__peak__rank,0.0640478413533887,0.3829976946117566,0.12088451543640397,3.1880119675308576,0.30209890127977346,domain_id,False,435,
torque_axis_x__mean__rel,0.05502908749739466,0.1080320543339135,0.2624712145074172,2.8816986454414852,0.30188072092191676,domain_id,False,436,
position_control_deviation_axis_x__kurtosis__rel,0.0425111545278718,0.09673680258460182,0.24654845799591305,1.834111682441938,0.3001253851299488,domain_id,False,437,
position_control_deviation_axis_y__band3_energy_ratio__rel,0.0199119298553172,0.07798708802401988,0.24534479336816442,0.5628074007339415,0.2992172069717427,domain_id,False,438,
position_control_deviation_axis_x__energy__rank,0.12572003999450043,0.19849149429405655,0.023104581860977202,1.6176568715968294,0.29810266655258516,domain_id,False,439,
position_control_deviation_axis_y__mean__rel,0.053248063620195074,0.23486114175622852,0.11717876492615661,0.9833740702358635,0.29633345986930143,domain_id,False,440,
torque_axis_z__zero_crossing_rate__rank,0.08681526210575918,0.388054471952191,0.032069173652122245,2.3610449565237555,0.2948228027231273,domain_id,False,441,
torque_axis_y__spectral_spread__rank,0.08881239421651999,0.4155538756114514,0.007554723146966023,2.2237142051081733,0.29368798494633264,domain_id,False,442,
torque_axis_x__spectral_rms__rel,0.11313404649642411,0.2602064238243691,0.1802968430260359,5.6196862163646255,0.29316217568808206,domain_id,False,443,
torque_axis_z__impulse_factor__rank,0.0641818790112556,0.4513838594881303,0.05122259194727691,2.634181816227888,0.2901351039520869,domain_id,False,444,
torque_spindle__dominant_amp__rank,0.04781153086299339,0.3159709892631515,0.04712940998423073,0.21498601294055264,0.28854936181193325,domain_id,False,445,
torque_spindle__dominant_amp__rel,0.04257494778027149,0.34364083957939506,0.04293111508860894,0.22734401545801838,0.28747040542421143,domain_id,False,446,
force_sensor_y__spectral_skewness__rank,0.06865064422973499,0.2925700450955411,0.039408004871346665,0.7438932177575469,0.28734061754275114,domain_id,False,447,
force_sensor_z__band3_energy_ratio__rank,0.07719294799443555,0.1986292821183211,0.04681674935225638,0.20774823051560642,0.2870343076515233,domain_id,False,448,
torque_axis_x__spectral_variance__rel,0.07812505255687285,0.17680540007485046,0.05972182983131606,0.30502086443140985,0.2867647229727553,domain_id,False,449,
torque_axis_x__spectral_centroid__slope,0.10947230070671554,0.12221617349481306,0.012543268809828218,0.0004946733141199954,0.28602639412682335,domain_id,False,450,
torque_axis_x__spectral_skewness__rel,0.03946465155392764,0.16379836777905377,0.1912503026125952,1.529521749442537,0.285196519785249,domain_id,False,451,
torque_axis_x__spectral_entropy__rel,0.035069710995570214,0.14610059376105555,0.2242566282867829,1.9045572828145128,0.28505096430946086,domain_id,False,452,
position_control_deviation_axis_x__rms__rank,0.1187105458480695,0.19771237248205997,0.023236010730021094,1.6185318794724766,0.28420058359328415,domain_id,False,453,
force_sensor_x__spectral_spread__slope,0.08753324063300272,0.15221403849177761,0.03828507202676479,0.01570273908607339,0.28350361313365885,domain_id,False,454,
position_control_deviation_axis_y__zero_crossing_rate__rel,0.07327720306851271,0.22644355436723762,0.05329958778809474,0.6159056495101028,0.28260904285170163,domain_id,False,455,
position_control_deviation_axis_x__variance__rank,0.11811342363257116,0.19323367540012315,0.02329286084225721,1.6183978722186747,0.2808692284367177,domain_id,False,456,
position_control_deviation_axis_y__spectral_centroid__rel,0.05340095935695244,0.27873099298914994,0.06433236681969105,0.6247737109598347,0.28077007603648374,domain_id,False,457,
position_control_deviation_axis_y__band0_energy_ratio__rank,0.04416834693179994,0.3656525376257478,0.14895956618209125,3.2634110407487595,0.2797520730817457,domain_id,False,458,
torque_axis_y__energy__rank,0.1088995583599679,0.22184282569306335,0.006844094262455908,1.1714686535723875,0.27962377804808863,domain_id,False,459,
torque_axis_z__crest_factor__rank,0.056692794883801634,0.4562788999125811,0.05258883531951062,2.6520265034166752,0.27865342188079756,domain_id,False,460,
position_control_deviation_axis_x__band2_energy_ratio__rel,0.02267409479493465,0.14987756077860137,0.17527014988529419,0.5101141988372684,0.27259269855463036,domain_id,False,461,
force_sensor_y__total_power__slope,0.09730568534220652,0.11690220555647901,0.0245802496229882,0.005044501623014534,0.271600696950523,domain_id,False,462,
torque_axis_x__band0_energy_ratio__rank,0.06061961465578114,0.3161048283495913,0.12920646822950246,3.260752714016922,0.26732715099377113,domain_id,False,463,
torque_axis_x__band3_energy_ratio__rank,0.08871122211793381,0.14602382981132989,0.22943625197307907,4.929040821926611,0.2669945745199862,domain_id,False,464,
position_control_deviation_axis_x__shape_factor__rel,0.03212325389425086,0.09771375994674125,0.23768986257585906,1.9516563415157069,0.2666388096465672,domain_id,False,465,
torque_axis_x__total_power__rank,0.09868762553833332,0.19132383537972864,0.03761692483632339,1.4481546761196051,0.2636954499641129,domain_id,False,466,
position_control_deviation_axis_x__band4_energy_ratio__rel,0.0245887897089081,0.10710352679015545,0.216426762630152,1.2941004336653201,0.2631176298742691,domain_id,False,467,
force_sensor_z__abs_mean__slope,0.021900450648344227,0.08957669374655186,0.17439985232858266,0.00041976766930671317,0.2615925817284713,domain_id,False,468,
position_control_deviation_axis_x__spectral_kurtosis__rel,0.0359761139586916,0.10471643882702031,0.1946054492303331,1.3599734508383627,0.25943881331116775,domain_id,False,469,
position_control_deviation_axis_y__spectral_variance__rank,0.07524834177035045,0.4695249167232669,0.056733300948868484,4.2217464113407885,0.25934241605611474,domain_id,False,470,
torque_axis_x__spectral_spread__rel,0.06476419539850897,0.17062417100193583,0.06013946995550928,0.33548153703403355,0.25687763648126366,domain_id,False,471,
position_control_deviation_axis_x__zero_crossing_rate__rel,0.046178934029561525,0.07021465402036942,0.1728323397827148,1.005809635722409,0.25516936552140107,domain_id,False,472,
force_sensor_z__spectral_kurtosis__slope,0.08061520960958068,0.17706894425472086,0.010938577323364436,0.022649439743341458,0.25483548882385215,domain_id,False,473,
position_control_deviation_axis_x__crest_factor__rel,0.03877151342442042,0.07203802609497867,0.2160539033170706,1.7231531056633005,0.2547190555464661,domain_id,False,474,
position_control_deviation_axis_y__spectral_skewness__rank,0.04708341622205103,0.37182034215379556,0.100134838807402,2.9085384390297175,0.25460456930330966,domain_id,False,475,
position_control_deviation_axis_y__spectral_entropy__rank,0.07352262900364437,0.12922313105308003,0.15275899243726976,2.5630889102403978,0.2520581619206947,domain_id,False,476,
force_sensor_z__variance__slope,0.03447159787110876,0.1104312388673403,0.12937768335355493,0.003414747020107846,0.2512546636870523,domain_id,False,477,
force_sensor_x__spectral_rolloff95__slope,0.0929898489369696,0.10989988639006087,0.013492597390470632,0.0027367767681655327,0.24873785579209054,domain_id,False,478,
force_sensor_x__spectral_rms__slope,0.01650534992067465,0.05655411887130368,0.18868075741721888,0.06003931605918459,0.24641318073373314,domain_id,False,479,
position_control_deviation_axis_x__impulse_factor__rel,0.03279025882002862,0.06088066797875724,0.2290875677397089,1.8346164120366546,0.2458813041784207,domain_id,False,480,
torque_axis_z__shape_factor__rank,0.0797543324366854,0.2770435420232129,0.009335044290045249,1.4617185323860298,0.24085556070515646,domain_id,False,481,
position_control_deviation_axis_y__spectral_spread__rank,0.06663754873428895,0.46550551255449824,0.056733300948868484,4.2217464113407885,0.2406203298579971,domain_id,False,482,
position_control_deviation_axis_x__clearance_factor__rel,0.02897680702425154,0.0684781680229265,0.22967588905146635,1.8916347467194328,0.2404565265774249,domain_id,False,483,
torque_axis_y__rms__rank,0.09186802543086281,0.20785673786898196,0.006988723207464832,1.1700416332174732,0.23978591535497187,domain_id,False,484,
torque_axis_z__std__rank,0.08283620685859372,0.2444688615532109,0.013473219635221677,1.384302868362346,0.23798312180625356,domain_id,False,485,
position_control_deviation_axis_x__peak__rel,0.05593903060459238,0.14150554681596228,0.2211586592948608,3.858045240299073,0.23793050908985786,domain_id,False,486,
force_sensor_y__rms__slope,0.039648834564562696,0.07848148664781895,0.12078745382069547,0.01657890769229741,0.23621993189765972,domain_id,False,487,
torque_axis_z__dominant_amp__slope,0.049065986465348654,0.07114093919943132,0.10935442740515539,0.09344768970560095,0.23617015662115423,domain_id,False,488,
torque_axis_x__spectral_kurtosis__rel,0.02108675755307332,0.20439511648385755,0.13812163136182257,1.0912234311148603,0.23509827633319244,domain_id,False,489,
torque_axis_y__abs_mean__rank,0.08763513253907163,0.20669031576206676,0.007306907286993423,1.177868077306086,0.23097505691127365,domain_id,False,490,
position_control_deviation_axis_y__p2p__rel,0.015366966809134519,0.1772944842544426,0.14835810226108329,0.8759697945543674,0.22977137272661902,domain_id,False,491,
torque_axis_x__zero_crossing_rate__slope,0.09105303188444913,0.08662348935666042,0.007941488664379139,0.005726228388530821,0.22768721175333942,domain_id,False,492,
position_control_deviation_axis_x__spectral_centroid__rel,0.0245542660133391,0.07356410630994459,0.1963999310046964,1.2808182679660716,0.22684867794452893,domain_id,False,493,
force_sensor_y__spectral_centroid__slope,0.03808960615708945,0.09819065261688209,0.10434352553779266,0.018879358886295456,0.226485903310119,domain_id,False,494,
position_control_deviation_axis_x__spectral_skewness__rel,0.032419409929292264,0.08068610451723712,0.19909036112161319,1.8042719164057293,0.22632349923268646,domain_id,False,495,
force_sensor_z__std__slope,0.03705201298145244,0.05786666333010615,0.12187475165541885,0.0012142334523379404,0.22262710094770627,domain_id,False,496,
force_sensor_x__mean__slope,0.03214592494446755,0.12107078067188226,0.09936873983128783,0.00014244246210799434,0.22217706258937311,domain_id,False,497,
torque_spindle__spectral_entropy__rank,0.030482695309533625,0.24468625993368676,0.05190408937122927,0.3194777842586731,0.21971622838251595,domain_id,False,498,
force_sensor_x__dominant_amp__slope,0.02334705227060363,0.03392197527207408,0.15986837571222481,0.06824064802995083,0.21924552767128508,domain_id,False,499,
position_control_deviation_axis_x__p2p__rel,0.05539622050566839,0.13228325190087142,0.2171874031825788,4.0842585895846915,0.21878015064240688,domain_id,False,500,
torque_spindle__spectral_entropy__rel,0.012701331607563926,0.24163034922511262,0.08575915432783962,0.2955681524023894,0.21853320928442505,domain_id,False,501,
torque_axis_x__spectral_centroid__rel,0.03844906252828739,0.1838521808867175,0.12272577504263568,1.737022971825299,0.21597000515561632,domain_id,False,502,
torque_axis_x__dominant_amp__rank,0.0957922126984665,0.15869147853776644,0.017086303467638817,1.636795329001849,0.21332003516992515,domain_id,False,503,
position_control_deviation_axis_x__abs_mean__rank,0.0929231152297525,0.16774113732531992,0.0224673090172755,1.7728507088947494,0.2119182450338043,domain_id,False,504,
force_sensor_z__total_power__slope,0.04334114985408477,0.0797201811040047,0.08726988158264548,0.0031985328030817873,0.21105183602345598,domain_id,False,505,
torque_spindle__band4_energy_ratio__rank,0.05683804852699925,0.28487208352097415,0.006921216771584339,1.1846524402922665,0.2095239136654415,domain_id,False,506,
force_sensor_y__abs_mean__slope,0.03660601681875253,0.07068594661314709,0.10345289890123026,0.014127073838783085,0.20919186679581864,domain_id,False,507,
torque_axis_z__variance__rank,0.06692894151030226,0.24632582161955652,0.013473219635221677,1.384302868362346,0.2080279510398965,domain_id,False,508,
force_sensor_z__mean__slope,0.0629747051415841,0.07493401959022483,0.04747366187682785,0.0019988603004865127,0.20703384844476241,domain_id,False,509,
position_control_deviation_axis_x__p2p__rank,0.1052214286626445,0.11193707234972283,0.017178017787353332,1.68036431645187,0.20655507827877734,domain_id,False,510,
torque_axis_y__p2p__rank,0.07519588379879871,0.09595672181659154,0.17855031786545322,3.951406012491163,0.20604966691422213,domain_id,False,511,
torque_axis_x__clearance_factor__slope,0.08677609857023838,0.0555698746126283,0.009181999810066154,0.00385485924727265,0.2052094358465551,domain_id,False,512,
torque_axis_y__skewness__rel,0.10857600278635449,0.3320438179837337,0.17141962678951164,8.19204811014557,0.20297890907979776,domain_id,False,513,
position_control_deviation_axis_y__band1_energy_ratio__rank,0.05031593479629137,0.09905352867016992,0.2042194479595448,3.5269509205758864,0.2028332172578331,domain_id,False,514,
torque_axis_y__band4_energy_ratio__rank,0.08541399935123661,0.21741384046496792,0.015632447998828704,2.0958982650663853,0.2016886442338734,domain_id,False,515,
force_sensor_x__zero_crossing_rate__slope,0.057745929817056396,0.12468301687060634,0.026187663269863416,0.014472496017842864,0.1998937375217445,domain_id,False,516,
torque_axis_y__variance__slope,0.0324217135267697,0.03909671330989806,0.12351619790903098,0.14888922171779836,0.19969699729057244,domain_id,False,517,
torque_axis_x__spectral_entropy__slope,0.07245639525664949,0.09959652238346095,0.006949229141137839,0.003170176716070774,0.1971726624735737,domain_id,False,518,
torque_axis_x__skewness__slope,0.05982500825266657,0.08654547209437302,0.03788949116439764,0.013423936898108974,0.19664744340956103,domain_id,False,519,
torque_axis_z__band1_energy_ratio__slope,0.06989824068063277,0.11244827499969601,0.004470440934611971,0.04217364601238046,0.19449778587392844,domain_id,False,520,
force_sensor_y__peak__slope,0.06783932154973393,0.0385451874384346,0.04365985236172186,0.0039691386318179405,0.19442505462226917,domain_id,False,521,
force_sensor_x__peak__slope,0.03709379640784216,0.07915475784687231,0.08445813256300715,0.047923522344757545,0.193946639718752,domain_id,False,522,
force_sensor_z__p2p__slope,0.05853111560332702,0.08123394792852068,0.04000952921340691,0.010609396018790495,0.19372391576790707,domain_id,False,523,
force_sensor_z__skewness__slope,0.03499965179743314,0.06298454822768385,0.0952733126856725,0.023334628841530446,0.19366353330572886,domain_id,False,524,
force_sensor_x__kurtosis__slope,0.0650835330423245,0.08919482818343383,0.023179374856446014,0.01620879928663486,0.1933506378962906,domain_id,False,525,
torque_axis_y__energy__slope,0.03713042507868858,0.035311149579383194,0.11348024958834856,0.24762127895679412,0.19275679686292535,domain_id,False,526,
force_sensor_z__peak__slope,0.06236046635613368,0.07637052750189177,0.03322126314763584,0.007010508387197966,0.19209473220419931,domain_id,False,527,
torque_axis_y__std__slope,0.03028024826789477,0.03698040047317086,0.11954598325465945,0.1441892733056778,0.1907113855896383,domain_id,False,528,
force_sensor_y__shape_factor__slope,0.025943279045931744,0.10796142127971242,0.08632848904912976,0.014170297065686049,0.18996382820043736,domain_id,False,529,
torque_axis_x__spectral_variance__rank,0.09181108879370958,0.2103546495720603,0.0599258293547041,3.6452069455076916,0.18965081914601242,domain_id,False,530,
position_control_deviation_axis_x__spectral_variance__rel,0.038184637643393415,0.08118009071303867,0.1070890704248441,0.8177944191443894,0.18729315666483118,domain_id,False,531,
position_control_deviation_axis_x__peak__rank,0.08911059597881565,0.13753674189737808,0.01768645128220434,1.7139649121237364,0.18714479559854347,domain_id,False,532,
force_sensor_z__spectral_centroid__slope,0.050229308759008884,0.073276743154429,0.05282956414843066,0.007602474131919512,0.18658357055095834,domain_id,False,533,
position_control_deviation_axis_x__spectral_spread__rel,0.038448821808253486,0.08093526103116266,0.10646782504426675,0.8321122114268353,0.1864598314353322,domain_id,False,534,
force_sensor_x__p2p__slope,0.03827154270195088,0.048632160657677836,0.08952796198668884,0.06111451145429943,0.1855184669698703,domain_id,False,535,
force_sensor_y__zero_crossing_rate__slope,0.04946697200855654,0.11142374205640637,0.03057672814548975,0.01307850529455941,0.18165343719277618,domain_id,False,536,
torque_axis_x__band4_energy_ratio__rel,0.040057723520416255,0.10893063145156612,0.07702144302531025,0.6566086891249785,0.18149397584745594,domain_id,False,537,
position_control_deviation_axis_y__band2_energy_ratio__rank,0.0407961981671896,0.45908528144400584,0.028378510919849644,3.69429160244054,0.18110150088318913,domain_id,False,538,
torque_axis_x__skewness__rel,0.02662103390795245,0.12515814757223742,0.1256691779636466,1.4014768438355636,0.18079290431320827,domain_id,False,539,
force_sensor_y__band3_energy_ratio__slope,0.04200709556225868,0.1865915028334273,0.0067477372550969646,0.02289917801416854,0.18043320422813944,domain_id,False,540,
torque_axis_x__shape_factor__slope,0.07209272313276172,0.07835439856114412,0.0011089046414123442,0.003991045481267445,0.17999312849847074,domain_id,False,541,
torque_axis_y__spectral_centroid__rank,0.10259902903402307,0.38137954390919226,0.10933427781815859,7.586590879483875,0.17939649771293903,domain_id,False,542,
position_control_deviation_axis_x__spectral_rms__rank,0.09202528463154391,0.1314983455150105,0.020926049891530508,2.097882533396627,0.17686654605235796,domain_id,False,543,
force_sensor_y__spectral_kurtosis__slope,0.029774529715953957,0.12289817628983934,0.05772972388935918,0.0312749247514869,0.17553536694568309,domain_id,False,544,
force_sensor_z__spectral_rms__slope,0.02317433325102769,0.09476366906031242,0.0828685682249359,0.003922422492294857,0.17497490316903805,domain_id,False,545,
force_sensor_x__spectral_entropy__slope,0.05213337036542853,0.08267654895694143,0.031524561462489505,0.027322962583113484,0.17283474915266117,domain_id,False,546,
force_sensor_x__shape_factor__slope,0.06092774869461559,0.10269881622680188,0.0031526533441906066,0.006804139630352014,0.1723897375496336,domain_id,False,547,
torque_axis_y__mean__slope,0.032613047780685855,0.03127421691997245,0.10333857943182978,0.25834060001059406,0.17137977971543186,domain_id,False,548,
force_sensor_y__band1_energy_ratio__slope,0.04007420300623332,0.15181609047311317,0.016016895919667092,0.039491260768155616,0.16790039056295739,domain_id,False,549,
force_sensor_y__skewness__slope,0.019092188216000228,0.07589241913730005,0.09370391441105752,0.02037501773006166,0.1677769699013558,domain_id,False,550,
force_sensor_y__band0_energy_ratio__slope,0.04382678972868215,0.14041458193422018,0.012088040154849758,0.04005112740870861,0.16554436097737424,domain_id,False,551,
torque_axis_x__energy__rank,0.09262448434990289,0.10892458051285381,0.0019519631130344255,1.7025882971655268,0.16443512414981443,domain_id,False,552,
torque_axis_x__peak__rank,0.0906179919552299,0.10671586504088237,0.0017992369296923195,1.6212887054649847,0.16270788188465737,domain_id,False,553,
position_control_deviation_axis_y__peak__rel,0.02171089302204421,0.07645477795348032,0.12512094146816433,1.0289160223584313,0.16209741170240397,domain_id,False,554,
force_sensor_z__zero_crossing_rate__slope,0.04594097584154477,0.05961413293589768,0.042450016895744805,0.003934249488310254,0.16121639461063902,domain_id,False,555,
torque_axis_y__peak__rank,0.07082839780125183,0.09471102212654747,0.09994795346785404,2.9419833640001425,0.1608450477406435,domain_id,False,556,
torque_axis_y__abs_mean__slope,0.025170320611678232,0.03803209048227396,0.10357064885563448,0.25853864959726053,0.16052631729516284,domain_id,False,557,
position_control_deviation_axis_y__band3_energy_ratio__rank,0.04471116440955303,0.07829311918148107,0.18878888066458321,3.6802017903241975,0.15971142299139593,domain_id,False,558,
force_sensor_z__band3_energy_ratio__slope,0.02733055013854835,0.13832133891083132,0.03633580566619028,0.008267203701270131,0.15806076411438347,domain_id,False,559,
force_sensor_x__spectral_centroid__slope,0.04396252838686965,0.07237194890418852,0.0353816945271758,0.002954382070946305,0.1567138889664972,domain_id,False,560,
position_control_deviation_axis_x__skewness__rel,0.019771792442109914,0.04337024489610197,0.10548859905895239,0.2371905863490276,0.15552601843136432,domain_id,False,561,
torque_axis_y__skewness__rank,0.061197200330117774,0.14794088751838563,0.014837353770962352,1.2428268082010268,0.15513248852206396,domain_id,False,562,
position_control_deviation_axis_x__total_power__rank,0.07848080762465792,0.13495692866110787,0.02092931617751524,2.0973771873265035,0.1523220547631478,domain_id,False,563,
torque_spindle__band4_energy_ratio__rel,0.023162723148778097,0.2769895553034649,0.01505323634161636,1.1182480969035242,0.15114286198226382,domain_id,False,564,
torque_axis_y__peak__rel,0.05830661288026562,0.06981306616867844,0.018875178354672922,0.38194568651135086,0.15082155650369686,domain_id,False,565,
force_sensor_y__p2p__slope,0.06313643293715443,0.03985810705748438,0.0077135397666672325,0.006686020822545174,0.14988944248578132,domain_id,False,566,
torque_axis_y__dominant_freq__slope,0.057344235020451606,0.07285343887585438,0.0016321653770062958,0.01782547507478451,0.1485571796695911,domain_id,False,567,
torque_axis_x__rms__rank,0.08369376924742111,0.10643416613006851,0.0019501593964148325,1.7024723829544506,0.14585791167731466,domain_id,False,568,
force_sensor_z__spectral_entropy__slope,0.03401463362418533,0.07693018320605294,0.04084937141552505,0.0010237312414756877,0.14522473225241952,domain_id,False,569,
torque_spindle__energy__slope,0.027172542783509,0.07133966820979065,0.057814002407426394,0.030094851817822496,0.14489312838765042,domain_id,False,570,
torque_axis_x__clearance_factor__rel,0.018831451930381826,0.044077318711201574,0.08719301293579647,0.02096149567599598,0.1448612382370198,domain_id,False,571,
force_sensor_z__kurtosis__slope,0.04064051860797546,0.11202061967089882,0.01016982695560226,0.017371454947396316,0.14422830313119037,domain_id,False,572,
torque_axis_y__rms__slope,0.022480324957962594,0.014072557667628605,0.10390600065161776,0.25701902285326245,0.14374893686320525,domain_id,False,573,
position_control_deviation_axis_y__skewness__rel,0.024643977824752694,0.10350097942207936,0.061284961384428134,0.4288706902032202,0.1427129037622226,domain_id,False,574,
torque_axis_x__abs_mean__rank,0.07719143460657185,0.12000011788524523,0.0032159318350365265,1.7306590659065628,0.1400822794486285,domain_id,False,575,
torque_axis_y__zero_crossing_rate__rank,0.05366264380349772,0.3331958699317523,0.05351731921997817,4.393967329093218,0.13894955820958646,domain_id,False,576,
force_sensor_y__kurtosis__slope,0.01550715266001168,0.07670677623933608,0.06974836183887233,0.015206824694524225,0.13748548836336258,domain_id,False,577,
force_sensor_y__spectral_skewness__slope,0.025126053217912503,0.09625281516446105,0.0416295107364456,0.026227692869816466,0.13732874899572942,domain_id,False,578,
torque_axis_x__kurtosis__rel,0.01871829899117805,0.08322665762328096,0.09843143410311836,0.9268519006848404,0.13727404352938066,domain_id,False,579,
torque_axis_x__energy__slope,0.05319661019039623,0.02024807026265485,0.02522155885618572,0.03472667549426305,0.1371358479941239,domain_id,False,580,
torque_axis_y__shape_factor__rank,0.14667168036651024,0.3540715881491838,0.009449517122578669,7.934160237802288,0.1368142040568644,domain_id,False,581,
position_control_deviation_axis_x__band0_energy_ratio__rel,0.017588311506022247,0.07965501533400854,0.07567529455374039,0.3034353325127411,0.13678887017943647,domain_id,False,582,
force_sensor_z__dominant_freq__slope,0.05261246675165676,0.036968105821612696,0.016394457723658936,0.007391303391387994,0.13666793658232324,domain_id,False,583,
force_sensor_z__spectral_variance__slope,0.02589533562804025,0.12449242926092996,0.023460606473087457,0.010969493321490498,0.13538567740779248,domain_id,False,584,
torque_axis_x__spectral_spread__rank,0.0645518216721217,0.20496473758958889,0.0599258293547041,3.6452069455076916,0.13404156982831242,domain_id,False,585,
torque_axis_x__spectral_rolloff95__slope,0.053456714323413035,0.054878810552367874,0.00042543049124886,6.137467849937126e-05,0.13158293644649657,domain_id,False,586,
position_control_deviation_axis_y__skewness__rank,0.02976216985869029,0.11014931069480394,0.13820281445455815,2.9235923655922065,0.12785280625826131,domain_id,False,587,
torque_spindle__spectral_kurtosis__slope,0.038446207996614135,0.08906403961682852,0.008406068272129206,0.00458236526446381,0.1272889919264268,domain_id,False,588,
torque_axis_x__variance__slope,0.050478637843036855,0.06323479971009238,0.0020188941102377983,0.11609057491646907,0.12667906548625238,domain_id,False,589,
force_sensor_z__band4_energy_ratio__slope,0.025837365221785813,0.1440500910910938,0.00463333416183691,0.0017442207031305491,0.1265924406780866,domain_id,False,590,
torque_axis_z__band3_energy_ratio__slope,0.047834698339676684,0.06172569943244177,0.0026900679319600555,0.04183092667643837,0.12459088767073488,domain_id,False,591,
force_sensor_z__shape_factor__slope,0.03464714514365497,0.037858226027105424,0.03809748340404635,0.01073654066754969,0.12379713010727518,domain_id,False,592,
force_sensor_z__band3_energy_ratio__rel,0.013885056155843678,0.19204663748309336,0.013280978294510314,0.29596532382568497,0.12359684454202337,domain_id,False,593,
torque_axis_z__band3_energy_ratio__rank,0.09920386604257536,0.16537521057587945,0.22110662262052277,8.861634534943711,0.12312237744123566,domain_id,False,594,
torque_spindle__dominant_amp__slope,0.033846394247778466,0.04885095358016045,0.0320048871209062,0.004090221482077002,0.12191456594223204,domain_id,False,595,
torque_axis_y__spectral_rms__slope,0.0360062409522115,0.038740895101939454,0.03488209377869003,0.05880024611303112,0.12163708345543221,domain_id,False,596,
force_sensor_y__spectral_rolloff95__slope,0.04381498187855737,0.06433589699696363,0.004052303845057843,0.023629522378050435,0.12021806429780789,domain_id,False,597,
force_sensor_y__band2_energy_ratio__slope,0.01822357468508473,0.12402061164850409,0.02403652989965418,0.026427436282094093,0.12018175761553748,domain_id,False,598,
position_control_deviation_axis_x__total_power__slope,0.04160083784156221,0.05558252345854475,0.01168537854308788,0.019202667536337256,0.11937162662525726,domain_id,False,599,
torque_spindle__peak__slope,0.052697899388110425,0.01902524539063677,0.007828511431503064,0.021217073672925003,0.1187332768223022,domain_id,False,600,
torque_axis_y__dominant_amp__slope,0.03741946828222753,0.0714972099279012,0.010294108214649298,0.024436756496712057,0.11758299897192513,domain_id,False,601,
torque_axis_x__band1_energy_ratio__rank,0.06682196939376261,0.12534690182503017,0.22649211372413308,7.154730601020959,0.1175342279375074,domain_id,False,602,
torque_axis_z__band2_energy_ratio__slope,0.03715659958187101,0.07436519951286247,0.00977683340464425,0.035821719711005486,0.1175070452959154,domain_id,False,603,
torque_axis_x__kurtosis__slope,0.029921930258075546,0.05715741126024154,0.029821531412017013,0.011591156672444003,0.11594108024961236,domain_id,False,604,
position_control_deviation_axis_x__dominant_amp__rank,0.07219699370439492,0.08887680885854721,0.014465081665193719,1.9721530702514392,0.11593940091745647,domain_id,False,605,
force_sensor_z__spectral_skewness__slope,0.027982984588382998,0.065586935499927,0.029077582937729593,0.01721871253710049,0.11540187808510173,domain_id,False,606,
torque_axis_z__total_power__slope,0.026159969699644403,0.015621959039784361,0.06009250992777732,0.10497638766254272,0.1142532285426889,domain_id,False,607,
force_sensor_y__std__slope,0.02386444701019297,0.052681320973881895,0.042223623136467534,0.019090853025426995,0.11403436432309763,domain_id,False,608,
torque_axis_x__band4_energy_ratio__slope,0.009497888238940266,0.032142553187348266,0.07826632815316313,0.007616476126012387,0.11242183255629505,domain_id,False,609,
torque_axis_y__spectral_kurtosis__slope,0.04041265260494309,0.052824634346556376,0.007637280030226261,0.012168769576888568,0.11193694036579782,domain_id,False,610,
torque_axis_y__shape_factor__slope,0.011805879023492949,0.04951945719360884,0.06664128793272527,0.056561937556145594,0.1118868575783146,domain_id,False,611,
torque_axis_x__spectral_skewness__slope,0.03055357795440483,0.058047395908542576,0.023441239406173316,0.0006490682889685107,0.11169177237105724,domain_id,False,612,
torque_spindle__variance__slope,0.0321527298240285,0.025000001424746898,0.0379137866834337,0.028219475627454256,0.11161928970110652,domain_id,False,613,
torque_axis_x__mean__rank,0.06547879433184467,0.11122565783423166,0.0019372427763268583,1.73516739474992,0.11149739548301438,domain_id,False,614,
force_sensor_y__spectral_rms__slope,0.034171660300883255,0.05935967411825427,0.016214584429804495,0.01846342488352883,0.11139385260966081,domain_id,False,615,
torque_axis_z__spectral_entropy__slope,0.028475823933261202,0.07252870293701008,0.019212174310641206,0.007992886700311933,0.11034522108771315,domain_id,False,616,
position_control_deviation_axis_x__mean__rel,0.01396639586469739,0.014959660021586885,0.07663499214627274,0.0281424899452045,0.11002799026973024,domain_id,False,617,
torque_axis_x__band2_energy_ratio__slope,0.004210309258799061,0.0533551405321977,0.07558287021410282,0.008861202633696384,0.11000478342292445,domain_id,False,618,
torque_axis_z__variance__slope,0.019890068938286376,0.016985184272548803,0.0670124312125423,0.1190268552266724,0.10908965898384054,domain_id,False,619,
position_control_deviation_axis_y__mean__rank,0.08125538655672249,0.25198686118193026,0.018465536325377802,4.607378168461699,0.1079615001345959,domain_id,False,620,
torque_axis_z__kurtosis__slope,0.040396533675745916,0.03670392216566443,0.013504419839787335,0.08992700288210607,0.10645572111948803,domain_id,False,621,
position_control_deviation_axis_x__peak__slope,0.042971654660428404,0.04553688185026106,0.0016020760390463196,0.03805085036924566,0.10614382088682281,domain_id,False,622,
force_sensor_z__dominant_amp__slope,0.02409968528569384,0.07200692483194437,0.02264768773682266,0.0023068279496732636,0.10526413769400868,domain_id,False,623,
torque_axis_x__band1_energy_ratio__slope,0.03298680714669455,0.07087050459597277,0.003716461578924487,0.012101183352978044,0.10260662636703621,domain_id,False,624,
torque_axis_y__spectral_spread__slope,0.029656119816262816,0.03309482655035634,0.028309956018435008,0.015691294315365294,0.10173496572041185,domain_id,False,625,
position_control_deviation_axis_x__band4_energy_ratio__slope,0.04381348897075488,0.027877835645363724,0.0005126739806069813,0.0009339939751300335,0.09944051607288272,domain_id,False,626,
force_sensor_x__skewness__slope,0.02754492012805021,0.04097969585289718,0.026154041838316586,0.017107984379744,0.09935492229601829,domain_id,False,627,
torque_axis_x__spectral_spread__slope,0.030382456810981173,0.05861711705698758,0.01128467608530028,0.006214308980734115,0.09925295615929602,domain_id,False,628,
torque_axis_x__crest_factor__rel,0.0026296174361237767,0.046474620103198916,0.11893399355527774,1.1468141339100788,0.09894478397470041,domain_id,False,629,
force_sensor_x__spectral_kurtosis__slope,0.028606268783217148,0.08489060572727736,0.0005395719491786525,0.02101071100913083,0.09754568818694792,domain_id,False,630,
position_control_deviation_axis_y__dominant_freq__slope,0.03459691229915096,0.05089025841892281,0.004914760892819418,0.010446766888930046,0.09703134308983893,domain_id,False,631,
torque_spindle__abs_mean__slope,0.007246022716737244,0.08327231305077021,0.04117735173794147,0.023507786398222052,0.09580302456671914,domain_id,False,632,
torque_axis_x__spectral_variance__slope,0.03112705636684132,0.0494525058968569,0.010875159520713018,0.007190546515057677,0.09567524403041472,domain_id,False,633,
position_control_deviation_axis_x__spectral_rms__slope,0.027486480536473623,0.061146396912080014,0.01126354722021287,0.01877322493559571,0.0943429228042908,domain_id,False,634,
position_control_deviation_axis_x__dominant_freq__slope,0.03605685371703471,0.04388818074179146,0.002419298847573267,2.9579333228531304e-06,0.09431620334494949,domain_id,False,635,
torque_axis_x__spectral_kurtosis__slope,0.02332255525468363,0.052331054853299364,0.02257914243867132,5.3022379868796204e-05,0.09396463454837607,domain_id,False,636,
position_control_deviation_axis_x__zero_crossing_rate__slope,0.035243887124068785,0.03976360723009975,0.004545771840108186,0.005891796819260393,0.09255855741038846,domain_id,False,637,
torque_axis_y__spectral_variance__slope,0.024558345672524684,0.03283467140950247,0.02897083833817107,0.017271340489091534,0.09230292054772024,domain_id,False,638,
force_sensor_y__spectral_entropy__slope,0.014450478820581925,0.044876315189297245,0.043232017089640896,0.046463956882340694,0.09172017169352986,domain_id,False,639,
position_control_deviation_axis_y__p2p__rank,0.021472408825765177,0.15445754254672828,0.14925342555974938,4.198657069149149,0.09123531662824802,domain_id,False,640,
torque_axis_x__crest_factor__slope,0.03310316560111248,0.03381853962694237,0.009841056642458858,0.01077702151627086,0.09052600502319659,domain_id,False,641,
torque_axis_y__total_power__slope,0.014139005106347469,0.05477570084019856,0.03779705742956017,0.06828855024327654,0.08970092365041188,domain_id,False,642,
torque_axis_z__std__slope,0.014368148696049854,0.01144827100647472,0.060304727763922955,0.11866128334450617,0.0889147148247431,domain_id,False,643,
position_control_deviation_axis_x__p2p__slope,0.03189878064413754,0.04785417467360942,0.003917560391558467,0.04171014921724642,0.0879650352975594,domain_id,False,644,
force_sensor_y__spectral_spread__slope,0.0182749126057693,0.07616462328847629,0.014579443802479277,0.045478426915755696,0.08614480045743962,domain_id,False,645,
force_sensor_z__spectral_spread__slope,0.016191766323720547,0.1006519655153797,0.004863266079490565,0.010041808914356968,0.08609423767419837,domain_id,False,646,
force_sensor_y__dominant_amp__slope,0.02472444186869205,0.06939024446181286,0.004902173189263451,0.04012029136580291,0.08583392118116602,domain_id,False,647,
torque_spindle__mean__slope,0.0,0.09071693423769656,0.04081318625496919,0.02350159466378343,0.08508644843522613,domain_id,False,648,
torque_spindle__zero_crossing_rate__slope,0.03853590996664469,0.0,0.0082206249565916,0.011424081274800702,0.08255167018833685,domain_id,False,649,
torque_axis_z__band0_energy_ratio__slope,0.033378560872591834,0.034081887931818766,0.0022632656088103545,0.037813945059848086,0.08247595776122615,domain_id,False,650,
torque_axis_x__band4_energy_ratio__rank,0.034427620736799724,0.11840673480235253,0.05828607872837705,2.420335286773391,0.08230121191514678,domain_id,False,651,
torque_axis_z__spectral_kurtosis__slope,0.019202530350958202,0.07410225147008953,0.0062839634908817285,0.02639867000846299,0.07942443460257136,domain_id,False,652,
position_control_deviation_axis_y__zero_crossing_rate__rank,0.04954157558699279,0.20944872425877747,0.05658817061541272,4.245849843772805,0.0785129930404525,domain_id,False,653,
torque_axis_y__band4_energy_ratio__slope,0.015265691218318889,0.013218009878209536,0.04301367171801077,0.02589041875147042,0.07815489607624795,domain_id,False,654,
torque_axis_z__p2p__slope,0.02724199023630902,0.03764686055352229,0.006992825489404301,0.012221636289388688,0.07814843445581553,domain_id,False,655,
torque_spindle__spectral_spread__slope,0.014949194438953484,0.03875065688156276,0.030431862521726544,0.031971697239676584,0.0774419862481331,domain_id,False,656,
position_control_deviation_axis_y__spectral_centroid__slope,0.032554838659416996,0.005547927714439016,0.01096352936182753,0.007858756750039468,0.07660138750698,domain_id,False,657,
torque_axis_y__band2_energy_ratio__slope,0.031502472916016266,0.031314348319998686,0.0011011225973232776,0.043007529372919406,0.07607215236461691,domain_id,False,658,
force_sensor_z__clearance_factor__slope,0.025546739607475333,0.04544179452463126,0.0016164813786892275,0.005740033634759585,0.07364312363130655,domain_id,False,659,
torque_axis_x__impulse_factor__slope,0.02582918567029968,0.0428963004180134,0.0019299995472080716,0.007987050228491948,0.07314030876627546,domain_id,False,660,
torque_spindle__rms__slope,0.006350514375579319,0.041679362689301946,0.04085391976178561,0.024588504907048926,0.07294303421431993,domain_id,False,661,
position_control_deviation_axis_x__spectral_variance__slope,0.025445410456925943,0.006089345200933405,0.01978750581899706,0.0001414578242144638,0.07221846803424044,domain_id,False,662,
torque_axis_z__spectral_rolloff95__slope,0.02424675600174031,0.03510854126101859,0.007472588831527743,0.004407288908128946,0.07187589289451565,domain_id,False,663,
torque_spindle__total_power__slope,0.020618682213173756,0.03913278450262059,0.012732567730653626,0.02121877493191055,0.07139256813696604,domain_id,False,664,
torque_axis_x__impulse_factor__rel,0.012388519765703432,0.03863817502424194,0.056743720102301505,0.6951034345683677,0.07080774553668873,domain_id,False,665,
torque_axis_x__spectral_kurtosis__rank,0.014681100896933419,0.16298150647444887,0.07591434243277673,2.7350312891361357,0.07058558855915457,domain_id,False,666,
torque_axis_z__shape_factor__slope,0.005270356327970127,0.0003744740460711604,0.06479010753615876,0.11297349011933959,0.07045228517894023,domain_id,False,667,
force_sensor_x__clearance_factor__slope,0.021229445663729196,0.05059064044286821,0.004482857132957261,0.019805073070248685,0.0701049161342214,domain_id,False,668,
position_control_deviation_axis_y__band4_energy_ratio__slope,0.021889392210235004,0.051841229749538975,0.0014858597918964017,0.004647446717925647,0.06965124282470099,domain_id,False,669,
force_sensor_y__spectral_variance__slope,0.014002436360073478,0.0751070627907433,0.00644859724193742,0.04461116207892498,0.06922839931876869,domain_id,False,670,
force_sensor_z__spectral_rolloff95__slope,0.0190470614858127,0.0646661026793911,0.000967716905318763,0.025985349279713604,0.06911565809668128,domain_id,False,671,
torque_axis_z__band4_energy_ratio__slope,0.019574390249942564,0.03514175959946719,0.012864300442102019,0.011438437686742624,0.06791742459171159,domain_id,False,672,
position_control_deviation_axis_x__std__slope,0.020770421810136996,0.04605350564975419,0.005737021927867097,0.045253461088356324,0.067132761519476,domain_id,False,673,
position_control_deviation_axis_x__spectral_centroid__slope,0.021855826103270193,0.04932494514598007,4.9236484671209885e-05,0.0013689875422419314,0.06703199817712176,domain_id,False,674,
force_sensor_y__clearance_factor__slope,0.011758449119807057,0.03781779062953916,0.024851716632827377,0.0173145306416286,0.06581910227354701,domain_id,False,675,
position_control_deviation_axis_x__zero_crossing_rate__rank,0.03172392512096156,0.0856719439960556,0.15498338323561064,4.604853395992374,0.0654455212234892,domain_id,False,676,
torque_axis_y__p2p__slope,0.02106567999116038,0.0380385213473291,0.005512447014544314,0.0010614492249709606,0.06534290594149425,domain_id,False,677,
torque_axis_x__spectral_skewness__rank,0.02374324455898047,0.13383450873965774,0.06552734914459202,2.7240401526853186,0.06371147677532467,domain_id,False,678,
position_control_deviation_axis_x__band0_energy_ratio__slope,0.020286568094899593,0.0,0.02432461133412139,0.0028128843828464723,0.06358970222094572,domain_id,False,679,
position_control_deviation_axis_x__spectral_spread__slope,0.020778823291129234,0.0073693896989652785,0.01940441325416895,0.0004323998799176229,0.06340228270540392,domain_id,False,680,
torque_spindle__band4_energy_ratio__slope,0.0026579477738088997,0.03710106949870928,0.04118688517758172,0.034824210475316725,0.06339215739311195,domain_id,False,681,
torque_axis_z__crest_factor__slope,0.02018417085848645,0.039372248031167345,0.005240791895910229,0.023237409822761946,0.06309174190106752,domain_id,False,682,
position_control_deviation_axis_x__band3_energy_ratio__rel,0.021259560607226557,0.058470686281993256,0.012701172995268923,0.5066161532005067,0.06181795807385152,domain_id,False,683,
position_control_deviation_axis_y__spectral_centroid__rank,0.024631217182658594,0.2885630016310228,0.05119140632004405,4.30826341161552,0.06160221671372551,domain_id,False,684,
position_control_deviation_axis_x__dominant_amp__slope,0.022854803145583524,0.02353753269537595,0.006435096555744153,0.02683228933349674,0.06141871161714163,domain_id,False,685,
torque_axis_z__spectral_centroid__slope,0.020925181327506204,0.0365403563804807,0.0025330553509912233,0.01704699531152853,0.06067024131393345,domain_id,False,686,
torque_spindle__p2p__slope,0.025090991900529325,0.01255372196815685,0.005354860948085475,0.0153067770317578,0.059684651040744316,domain_id,False,687,
torque_axis_z__peak__slope,0.017427853092060186,0.03733482975873814,0.007281507487645798,0.0064084782330498516,0.059473423325416,domain_id,False,688,
torque_axis_x__band3_energy_ratio__slope,0.01983890566415525,0.024020377776716728,0.009417855499436334,0.011726229888706028,0.05942343447729205,domain_id,False,689,
torque_axis_x__dominant_amp__slope,0.022542457717634745,0.027844745019899975,0.0017589951647667748,0.03973035269947624,0.05774226734558702,domain_id,False,690,
torque_spindle__spectral_variance__slope,0.0,0.03260363409312195,0.04316442010572993,0.04029820139299454,0.0577352336638079,domain_id,False,691,
torque_axis_x__total_power__slope,0.015394532866840338,0.04367976462331624,0.009602106643996884,0.08838818858583042,0.057560925998409763,domain_id,False,692,
torque_spindle__spectral_rolloff95__slope,0.010967924128862272,0.061228702142488656,0.007062146615973219,0.03200810854646882,0.05755695591189255,domain_id,False,693,
torque_axis_y__kurtosis__slope,0.0,0.020588886091855052,0.05136689275803124,0.10419736872458202,0.05725277284271774,domain_id,False,694,
position_control_deviation_axis_x__abs_mean__slope,0.01591061965454066,0.034190550293241806,0.010647173250791111,0.03299120478876594,0.057205606154398805,domain_id,False,695,
torque_axis_z__spectral_spread__slope,0.02188815842415992,0.01675970637758173,0.00764692138437838,0.03227082119624494,0.05714320708598044,domain_id,False,696,
torque_axis_x__shape_factor__rank,0.06409828737455903,0.06810567279838464,0.011650846483764419,2.687744212574269,0.056911638683648666,domain_id,False,697,
torque_axis_z__abs_mean__slope,0.01970176382839184,0.006677440610443952,0.01688848206430164,0.04467848730232986,0.05658732674417424,domain_id,False,698,
torque_axis_z__energy__slope,0.018596904193005637,0.012021466837246031,0.015592399203795423,0.04332717770292069,0.055869578617923805,domain_id,False,699,
position_control_deviation_axis_y__spectral_variance__slope,0.020180002939238273,0.021302216170252297,0.00641401513641631,0.021518366398032444,0.055313312328688,domain_id,False,700,
force_sensor_x__crest_factor__slope,0.010888231528208614,0.04125007447361018,0.01458397670818513,0.024679905904682962,0.055264383779206394,domain_id,False,701,
torque_axis_x__p2p__slope,0.01690866100205346,0.029144975903548698,0.0117728992759922,0.11361569603632454,0.054357021837429825,domain_id,False,702,
force_sensor_z__crest_factor__slope,0.021516871837384155,0.01798190401491251,0.0038046095914476036,0.004724746440511347,0.05434963254738947,domain_id,False,703,
torque_axis_z__mean__slope,0.01664262838459729,0.013860265460206023,0.01688848206430164,0.04467848730232986,0.05423227898516003,domain_id,False,704,
force_sensor_x__spectral_skewness__slope,0.0,0.0715056453400118,0.01876920567886888,0.005829697370424319,0.054201120893814486,domain_id,False,705,
torque_axis_z__zero_crossing_rate__slope,0.010578070101135761,0.039557256081152126,0.013158503061561324,0.0026866148030536044,0.05331810306025404,domain_id,False,706,
torque_axis_x__std__slope,0.022299245879651153,0.02176826265899079,0.004631818995221012,0.1323305616425221,0.053212504349443995,domain_id,False,707,
torque_axis_z__dominant_freq__slope,0.018290978065608643,0.02582173159834289,0.004645112529395088,0.005079583686097635,0.052824218660034825,domain_id,False,708,
torque_axis_y__spectral_entropy__slope,0.01819833387331471,0.0299418654091248,0.0032322193522983504,0.03305232480329926,0.05210949412933486,domain_id,False,709,
position_control_deviation_axis_x__kurtosis__slope,0.015289236338074108,0.03567686267548131,0.004954153271962938,0.012227139971848404,0.05192204245943817,domain_id,False,710,
position_control_deviation_axis_y__spectral_rms__slope,0.013613846317572342,0.029736854984262262,0.011798890408933222,0.02829726647907911,0.05187394155274509,domain_id,False,711,
torque_spindle__shape_factor__slope,0.012516040641935788,0.010763644677842521,0.02129099192659204,0.015200980171593367,0.05031961090930205,domain_id,False,712,
position_control_deviation_axis_x__spectral_rolloff95__slope,0.017451178300759373,0.024978336761700692,0.003955652322114328,0.000649884160560832,0.05027009661516033,domain_id,False,713,
torque_axis_y__band1_energy_ratio__slope,0.00974675767259292,0.052850257505900444,0.005597338793140308,0.01868596685823834,0.0501019330716362,domain_id,False,714,
position_control_deviation_axis_x__band2_energy_ratio__slope,0.0,0.0065985568298390085,0.04598818731329809,0.0044101785070285796,0.04909485820702419,domain_id,False,715,
torque_spindle__std__slope,0.007354539208731303,0.01848562134881515,0.026756212443265353,0.029251047417364468,0.04902581830121073,domain_id,False,716,
position_control_deviation_axis_x__rms__slope,0.012066095912752317,0.043309065399245394,0.0057395652084839145,0.04525500212867789,0.04886770870309733,domain_id,False,717,
force_sensor_x__impulse_factor__slope,0.009689993581761591,0.040811569999762654,0.010619824717604876,0.022220184945848282,0.04885879202191628,domain_id,False,718,
position_control_deviation_axis_x__band1_energy_ratio__rank,0.02725927761899216,0.0546184220065804,0.09291438289850969,2.954189383995773,0.04871037921668722,domain_id,False,719,
torque_axis_z__spectral_skewness__slope,0.01632545139636643,0.029375505885639974,0.002542565642104537,0.02868328114750495,0.04768526707039393,domain_id,False,720,
position_control_deviation_axis_y__band3_energy_ratio__slope,0.011521383795018547,0.020381944865993873,0.01518190976625703,0.00608050262042206,0.04746252326513865,domain_id,False,721,
torque_axis_x__band0_energy_ratio__slope,0.0038431007256778393,0.023594774122505324,0.028042076790156727,0.009454914984169413,0.046877351917506686,domain_id,False,722,
position_control_deviation_axis_x__spectral_variance__rank,0.03705649179252202,0.06310498301624534,0.05092233046657136,2.556613818033593,0.04671103992895989,domain_id,False,723,
position_control_deviation_axis_x__spectral_skewness__rank,0.046738177764344524,0.10449466165926058,0.15650364919781734,6.013945436583589,0.04618052134121825,domain_id,False,724,
position_control_deviation_axis_x__shape_factor__rank,0.03203100615411003,0.10606050251565957,0.018900685403963453,2.0878937702801728,0.04609931462362757,domain_id,False,725,
torque_axis_y__impulse_factor__slope,0.018666220810449108,0.0,0.016511417459738578,0.1587370394641103,0.04606620578914264,domain_id,False,726,
position_control_deviation_axis_x__band1_energy_ratio__rel,0.0,0.08057986788936278,0.020307628314096153,0.34527153852831366,0.045976088074862344,domain_id,False,727,
position_control_deviation_axis_y__spectral_spread__slope,0.015203719348823252,0.021193534640623568,0.006627494278150449,0.019813530573597707,0.04588359565870308,domain_id,False,728,
torque_axis_z__spectral_rms__slope,0.0,0.0008947467732425274,0.049209438239456414,0.10062588023047526,0.04541940869517091,domain_id,False,729,
torque_axis_z__band1_energy_ratio__rank,0.07564017257368727,0.20271888284937178,0.1872037577392714,9.269357881819495,0.044940628531456805,domain_id,False,730,
torque_spindle__band2_energy_ratio__slope,0.006120914749426554,0.015027899610541517,0.026897160002933112,0.04165541970712142,0.04452440811064109,domain_id,False,731,
torque_axis_x__mean__slope,0.016785975556969923,0.0,0.01246143333025415,0.0321686425798467,0.04369470314541591,domain_id,False,732,
torque_axis_x__kurtosis__rank,0.027779130659855378,0.06973807747803162,0.06787662964899989,2.744494177454955,0.04105417628426972,domain_id,False,733,
position_control_deviation_axis_x__spectral_skewness__slope,0.012384097798403992,0.010179176147144808,0.011798235563499189,0.0013530316627484034,0.040862107552716145,domain_id,False,734,
torque_spindle__band3_energy_ratio__slope,0.0023197945655635266,0.0467919980019742,0.012997401037028181,0.002556184125112882,0.040739958331375684,domain_id,False,735,
position_control_deviation_axis_y__peak__slope,0.010409778908600398,0.034470618512169704,0.0028622115790216934,0.00818818846028268,0.03992552636404456,domain_id,False,736,
position_control_deviation_axis_y__spectral_rolloff95__slope,0.0,0.05499964840080018,0.01234109708229773,0.01272367853597057,0.0392471962766265,domain_id,False,737,
position_control_deviation_axis_x__clearance_factor__slope,0.016273431507429548,0.010511455904946843,0.0024975889410745,0.010513822661159631,0.03889215503877776,domain_id,False,738,
position_control_deviation_axis_x__spectral_entropy__rel,0.0025294656307988106,0.05313762656939103,0.04537339549554192,0.9046078037032851,0.03871145473188955,domain_id,False,739,
position_control_deviation_axis_x__band3_energy_ratio__rank,0.01739845823685826,0.05025324125848396,0.10039384152093189,2.8742627410351944,0.0382335058984634,domain_id,False,740,
torque_axis_z__skewness__slope,0.003260525422124516,0.03475311931615277,0.018835464844634907,0.10506873046338709,0.03808166550108115,domain_id,False,741,
position_control_deviation_axis_x__spectral_kurtosis__rank,0.028931074611088237,0.1083191469111986,0.15680804954812075,5.454993174713825,0.037355858098462535,domain_id,False,742,
position_control_deviation_axis_x__band0_energy_ratio__rank,0.021650558718574908,0.07962207560495971,0.12115758043642631,3.938476225338573,0.03710059456723053,domain_id,False,743,
torque_axis_x__skewness__rank,0.028586079297661326,0.13489833274053664,0.1431500922892977,5.457509335700704,0.03618373524952906,domain_id,False,744,
position_control_deviation_axis_x__spectral_kurtosis__slope,0.005412642310575588,0.010960092298051283,0.019499239006904614,0.0015004956924016925,0.035412448156956065,domain_id,False,745,
torque_axis_y__skewness__slope,0.016376507125639872,0.019662837665998634,0.0011397955889707735,0.1743551065686722,0.03540254465259246,domain_id,False,746,
position_control_deviation_axis_x__band1_energy_ratio__slope,0.011319772808380701,0.02600701054254273,0.0003503967993661364,0.0017049178433701973,0.03523042290092839,domain_id,False,747,
force_sensor_y__impulse_factor__slope,0.0,0.024209731949583535,0.023526146333951583,0.016870457488616004,0.03489521343963546,domain_id,False,748,
force_sensor_x__dominant_freq__slope,0.015725236482664107,0.00848087952831067,5.819193014199379e-06,8.259163542642837e-07,0.034765610792470814,domain_id,False,749,
torque_spindle__spectral_skewness__slope,0.012502532731789362,0.0,0.012006657402529805,0.045018528126797366,0.03438323457026157,domain_id,False,750,
position_control_deviation_axis_y__p2p__slope,0.0076542667739119,0.011517093527106503,0.013306173239656372,0.00570724162821724,0.033671979484942716,domain_id,False,751,
position_control_deviation_axis_y__skewness__slope,0.003918065714919372,0.00827827658019853,0.022087210710675275,0.003809699939204368,0.03366361538499629,domain_id,False,752,
position_control_deviation_axis_x__spectral_spread__rank,0.02930990429186897,0.06415562299549071,0.05092233046657136,2.556613818033593,0.032196354243717085,domain_id,False,753,
torque_spindle__impulse_factor__slope,0.016309361655362675,0.0,0.0008389585700549436,0.00954462083887566,0.032099453929010244,domain_id,False,754,
position_control_deviation_axis_y__total_power__slope,0.0,0.04217444391421887,0.012258372525705045,0.02870088078304237,0.03209274878387779,domain_id,False,755,
torque_axis_x__abs_mean__slope,0.010889879137871539,0.0,0.010972804303182988,0.03296367130696321,0.03072617085528742,domain_id,False,756,
torque_axis_y__band0_energy_ratio__slope,0.006257905964373478,0.02603038003700142,0.007143013595051496,0.038075668768710796,0.03067654581316437,domain_id,False,757,
torque_axis_y__zero_crossing_rate__slope,0.008717865794087842,0.022709840915109414,0.0033110185710128336,0.023208614987858374,0.030589373210771566,domain_id,False,758,
torque_spindle__skewness__slope,0.00664925364376856,0.0,0.017141447401332638,0.0018824342391027444,0.02997080791097284,domain_id,False,759,
position_control_deviation_axis_x__energy__slope,0.00860104834817843,0.015158259601629975,0.00753176160046806,0.04739294517019567,0.029797320196560634,domain_id,False,760,
force_sensor_y__dominant_freq__slope,0.009171048294210227,0.004038442609715975,0.009720314692361414,0.02137310253477829,0.02863975249813449,domain_id,False,761,
torque_spindle__band0_energy_ratio__slope,0.006795137753211833,0.02037881382920048,0.004720073904325833,0.00011132720985325789,0.02807510244624333,domain_id,False,762,
position_control_deviation_axis_y__spectral_skewness__slope,0.0073126021987559575,0.02205421887211978,0.003661921503901618,0.019708830079073928,0.02803238421278483,domain_id,False,763,
position_control_deviation_axis_y__crest_factor__slope,0.004741805281457179,0.02243951863138971,0.00886183112690449,0.03347787140729832,0.027854004556609753,domain_id,False,764,
torque_axis_x__rms__slope,0.008246064661344032,0.0,0.012978963219936869,0.03515240959601221,0.027507591521983617,domain_id,False,765,
torque_axis_z__rms__slope,0.003169761831339546,0.011416023145507825,0.016392968416338242,0.04336652421063298,0.02641680911742425,domain_id,False,766,
torque_axis_z__impulse_factor__slope,0.0,0.04105660540034739,0.005346666403745184,0.02393243539529981,0.024824062088873947,domain_id,False,767,
position_control_deviation_axis_y__dominant_amp__slope,0.0020826756718879125,0.022885118776608593,0.010569034782383344,0.03463765764946247,0.0245723877178911,domain_id,False,768,
position_control_deviation_axis_y__kurtosis__slope,0.0,0.025090351383231457,0.012805208862480637,0.03979168596960611,0.023648639451246494,domain_id,False,769,
position_control_deviation_axis_y__peak__rank,0.011231267698251113,0.09925459361464739,0.13786620790717596,4.407821625414193,0.023617071263393602,domain_id,False,770,
position_control_deviation_axis_x__mean__rank,0.009571983336073231,0.014594139044572518,0.13992866497509335,3.3848465358364215,0.023286139574787534,domain_id,False,771,
torque_axis_z__clearance_factor__slope,0.0009057857204872732,0.03443592624822145,0.005334839726092984,0.024257278547538366,0.023253664295434285,domain_id,False,772,
torque_axis_y__spectral_rolloff95__slope,0.0,0.0368061431780784,0.004565281429553859,1.0570243378846131e-05,0.022929078723946325,domain_id,False,773,
torque_axis_y__band3_energy_ratio__slope,0.004717245845235585,0.016855604504325772,0.0046281412442145346,0.012833094539749734,0.021655749605114336,domain_id,False,774,
position_control_deviation_axis_y__band2_energy_ratio__slope,0.0005019467686944168,0.027406621294606026,0.007303668695027127,0.01579125990521065,0.021287698755120946,domain_id,False,775,
position_control_deviation_axis_x__kurtosis__rank,0.03060391568336107,0.07950664453853662,0.014067577441677831,2.189550571095602,0.020966927163060978,domain_id,False,776,
torque_axis_z__spectral_variance__slope,0.0018728034560417939,0.023311752741929315,0.006776160163515361,0.029770997446781387,0.02078983590723385,domain_id,False,777,
position_control_deviation_axis_x__spectral_entropy__slope,0.004429987971324323,0.012596375691843686,0.00569620636087913,0.0027526106360583453,0.020465430172675478,domain_id,False,778,
position_control_deviation_axis_x__spectral_entropy__rank,0.0,0.05311510030099065,0.0960741858474344,2.4256648410854784,0.020451740008183422,domain_id,False,779,
torque_spindle__spectral_centroid__slope,0.0,9.181604062646898e-05,0.02100553797997388,0.014336653147330925,0.020447790298535086,domain_id,False,780,
torque_spindle__spectral_rms__slope,0.0,0.021321007659691027,0.010254977644431573,0.024318859170521484,0.019869144520237896,domain_id,False,781,
torque_axis_y__spectral_skewness__slope,0.0,0.01687464700940522,0.012589598889405923,0.030444592395377924,0.0197273783084867,domain_id,False,782,
torque_spindle__spectral_entropy__slope,0.0,0.01021723842115918,0.01480785460491407,0.011868945756784035,0.019406020556881894,domain_id,False,783,
position_control_deviation_axis_x__skewness__slope,0.00456878040291242,0.014157494079308997,0.003541577448678554,0.0027750547432731556,0.019358212859653622,domain_id,False,784,
position_control_deviation_axis_y__spectral_entropy__slope,0.0,0.01845253848732087,0.010499269316139257,0.010665370322369737,0.01925706179048581,domain_id,False,785,
position_control_deviation_axis_y__band0_energy_ratio__slope,0.0,0.0213824893618364,0.009226076450944398,0.016617718787213697,0.019195148241279856,domain_id,False,786,
torque_spindle__dominant_freq__slope,0.0,0.029259492123549835,0.004688905366588722,0.00981231481979987,0.018874678320187667,domain_id,False,787,
position_control_deviation_axis_y__spectral_kurtosis__slope,0.004318148118630294,0.012210338120127062,0.004566194463339179,0.014007392592540406,0.018451843610033505,domain_id,False,788,
position_control_deviation_axis_y__clearance_factor__slope,0.0,0.01579273143615678,0.010941108186991899,0.034215118896020004,0.017380327689056743,domain_id,False,789,
force_sensor_y__crest_factor__slope,0.0,0.0,0.017757086140421943,0.014953887846729026,0.017127540928039586,domain_id,False,790,
force_sensor_z__impulse_factor__slope,0.0,0.031120751969250904,0.0016417037453968488,0.005378692367053216,0.016942803117708446,domain_id,False,791,
torque_axis_y__spectral_centroid__slope,0.0,0.014939263487451004,0.011235064262392493,0.04863776847515654,0.016641236880404194,domain_id,False,792,
torque_axis_y__peak__slope,0.0,0.0013954819255199702,0.015208838898614928,0.0008178949367135614,0.015870706585486175,domain_id,False,793,
position_control_deviation_axis_x__band3_energy_ratio__slope,0.0,0.023153332493357937,0.003936323819480444,8.442522413544103e-05,0.015485022536872327,domain_id,False,794,
position_control_deviation_axis_x__band2_energy_ratio__rank,0.025308562731339412,0.13419189700129763,0.0214462825442425,2.9135170706829454,0.014870321005467119,domain_id,False,795,
position_control_deviation_axis_x__shape_factor__slope,0.00353368428145151,0.002712029049094955,0.007197143099838106,0.014624618007433383,0.014794756209950142,domain_id,False,796,
position_control_deviation_axis_y__shape_factor__slope,0.0,0.012999886138828742,0.00828630889599037,0.026991297654514117,0.013636187914740576,domain_id,False,797,
torque_spindle__band1_energy_ratio__slope,0.0,0.02393120257882675,0.0027446119809378974,0.03234052199723821,0.013323396746169088,domain_id,False,798,
torque_axis_y__crest_factor__slope,0.0,0.002708145785538907,0.01850277987614733,0.15784040881378675,0.013208721875829405,domain_id,False,799,
torque_axis_x__spectral_entropy__rank,0.04597382291567009,0.11228189711159997,0.14565982409945388,6.598917495497717,0.013110048114130302,domain_id,False,800,
position_control_deviation_axis_y__impulse_factor__slope,0.0,0.013022171042746056,0.007960320356241753,0.036433656954715656,0.01292378151604907,domain_id,False,801,
position_control_deviation_axis_x__clearance_factor__rank,0.03102646110173568,0.05463366819401205,0.018707737435065798,2.2402688021042136,0.011881864614076684,domain_id,False,802,
torque_axis_y__clearance_factor__slope,0.0,0.003951033393624126,0.01649994404160316,0.15839976031384492,0.011802467970395287,domain_id,False,803,
position_control_deviation_axis_x__impulse_factor__slope,0.0005549990184903209,0.017239183556879478,0.001988211736117468,0.009531114717324957,0.011265813264499299,domain_id,False,804,
torque_spindle__crest_factor__slope,0.00518245142778051,0.0,0.0011053496078209702,0.008833231171209675,0.010794484076376527,domain_id,False,805,
position_control_deviation_axis_y__energy__slope,0.0,0.0,0.012346940135777753,0.0397161774265158,0.010674867250791182,domain_id,False,806,
position_control_deviation_axis_y__band1_energy_ratio__slope,0.0,0.006814083085668887,0.0066107257253432946,0.006698946781597883,0.009728571764850898,domain_id,False,807,
position_control_deviation_axis_x__crest_factor__slope,0.0,0.015799596844658925,0.0007907296196725067,0.007829390164641351,0.008344251350683231,domain_id,False,808,
torque_axis_x__peak__slope,0.0,0.0,0.00942722092324369,0.03711536703863495,0.007864645861219969,domain_id,False,809,
torque_spindle__kurtosis__slope,0.0007114765970013259,0.0,0.006077968342761108,0.007058159493310241,0.007162075021862573,domain_id,False,810,
torque_axis_x__dominant_freq__slope,0.0012080075783251765,0.0,0.004432153726945745,0.009421287555406,0.006380713527337745,domain_id,False,811,
torque_axis_x__spectral_rms__slope,0.0,0.008087218293416853,0.005681311680694895,0.09502921682193387,0.005715550783846225,domain_id,False,812,
position_control_deviation_axis_x__crest_factor__rank,0.021207107728773655,0.06437142550875219,0.031695948241138694,2.4104782099926942,0.0034997372671826538,domain_id,False,813,
torque_spindle__clearance_factor__slope,0.0013789059899136369,0.0,0.00050813409745986,0.00986006834335068,0.0027699955266654165,domain_id,False,814,
torque_axis_y__impulse_factor__rank,0.16344134415625522,0.27497873495867076,0.23145784713758996,16.249842308977012,0.0018134729429059027,domain_id,False,815,
position_control_deviation_axis_y__zero_crossing_rate__slope,0.0,0.0,0.000410305651555734,0.009403011108878603,1.4460258722693545e-05,domain_id,False,816,
position_control_deviation_axis_x__band4_energy_ratio__rank,0.01785453172749718,0.1012457329385339,0.1542867350299436,5.745238186194257,-0.002417953412720386,domain_id,False,817,
torque_axis_y__clearance_factor__rank,0.16492010053951978,0.2686184536046299,0.23088568196545073,16.337801454737924,-0.0027645274702576828,domain_id,False,818,
position_control_deviation_axis_x__impulse_factor__rank,0.025079771152563657,0.04650478823312776,0.021475428538890017,2.296823957265978,-0.0033320050470404122,domain_id,False,819,
position_control_deviation_axis_x__spectral_centroid__rank,0.02858795798507252,0.07548352593202612,0.14041347302848206,5.730908669902872,-0.007704404919051805,domain_id,False,820,
torque_axis_y__crest_factor__rank,0.1519163622419475,0.2816341960768316,0.23155795659353515,16.038955308224338,-0.008261182311016912,domain_id,False,821,
torque_axis_x__zero_crossing_rate__rank,0.01193685883245088,0.12379105943909297,0.17397925305250675,6.513939575454943,-0.015328320827400266,domain_id,False,822,
torque_axis_x__spectral_centroid__rank,0.01659272112325061,0.17125239950898008,0.10571949278150637,5.993556053932212,-0.028959944852563924,domain_id,False,823,
torque_axis_x__impulse_factor__rank,0.008619457445591117,0.04851164830643473,0.10728113187000904,4.3419699938278224,-0.034583907440184136,domain_id,False,824,
torque_axis_x__crest_factor__rank,0.0017411574576811084,0.07548108198543746,0.1284985142877171,4.887140572096504,-0.0362159833879549,domain_id,False,825,
torque_axis_x__clearance_factor__rank,0.017335882223050048,0.03344598044754665,0.06489908416601571,3.5987275767906213,-0.03626961909572976,domain_id,False,826,
position_control_deviation_axis_x__skewness__rank,0.016903894589953117,0.04529204647695684,0.04554240790897291,3.5929375801244237,-0.05031064609290051,domain_id,False,827,
torque_axis_y__mean__rank,0.22582736357042976,0.378152655634413,0.21442921313454016,23.752166097395452,-0.15848209299519078,domain_id,False,828,
