eta,fine_weight,temperature,mid_floor,late_tau,early_tau,order_blend,val_Acc,val_Macro_F1,val_E_F1,val_M_F1,val_L_F1,val_M_Pre,val_M_Rec,val_M_to_E,val_M_to_L,val_n_middle_true,val_Rev,val_Jump,val_Smooth,val_q_MAE,val_q_RMSE,val_q_R2,val_Spearman,val_Pearson,val_q_Smooth,val_score
0.65,0.2,1.0,0.08,0.72,0.38,0.5,0.5657142857142857,0.4532337404400068,0.706959706959707,0.6527415143603134,0.0,0.4844961240310077,1.0,0.0,0.0,500,3,0,0.018358879318959152,0.1732924818026552,0.21148532584928248,-0.01602839500920128,-0.03124248117212235,-0.11118001856934534,0.0017583934576513333,1.0127747727230998
0.65,0.2,1.0,0.12,0.72,0.38,0.5,0.5657142857142857,0.4532337404400068,0.706959706959707,0.6527415143603134,0.0,0.4844961240310077,1.0,0.0,0.0,500,3,0,0.018358879318959152,0.1732924818026552,0.21148532584928248,-0.01602839500920128,-0.03124248117212235,-0.11118001856934534,0.0017583934576513333,1.0127747727230998
0.65,0.1,1.0,0.12,0.66,0.42,0.5,0.5657142857142857,0.4532337404400068,0.706959706959707,0.6527415143603134,0.0,0.4844961240310077,1.0,0.0,0.0,500,3,0,0.018419293418908106,0.1732924818026552,0.21148532584928248,-0.01602839500920128,-0.03124248117212235,-0.11118001856934534,0.0017583934576513333,1.0127747727230998
0.65,0.1,1.0,0.04,0.66,0.42,0.5,0.5657142857142857,0.4532337404400068,0.706959706959707,0.6527415143603134,0.0,0.4844961240310077,1.0,0.0,0.0,500,3,0,0.018419293418908106,0.1732924818026552,0.21148532584928248,-0.01602839500920128,-0.03124248117212235,-0.11118001856934534,0.0017583934576513333,1.0127747727230998
0.65,0.1,1.0,0.08,0.66,0.42,0.5,0.5657142857142857,0.4532337404400068,0.706959706959707,0.6527415143603134,0.0,0.4844961240310077,1.0,0.0,0.0,500,3,0,0.018419293418908106,0.1732924818026552,0.21148532584928248,-0.01602839500920128,-0.03124248117212235,-0.11118001856934534,0.0017583934576513333,1.0127747727230998
0.65,0.2,1.0,0.04,0.72,0.38,0.5,0.5657142857142857,0.4532337404400068,0.706959706959707,0.6527415143603134,0.0,0.4844961240310077,1.0,0.0,0.0,500,3,0,0.018358879318959152,0.1732924818026552,0.21148532584928248,-0.01602839500920128,-0.03124248117212235,-0.11118001856934534,0.0017583934576513333,1.0127747727230998
0.65,0.1,1.0,0.12,0.72,0.42,0.5,0.563265306122449,0.4504272119943291,0.6998158379373849,0.6514657980456026,0.0,0.4830917874396135,1.0,0.0,0.0,500,3,0,0.018313448179975822,0.1732924818026552,0.21148532584928248,-0.01602839500920128,-0.03124248117212235,-0.11118001856934534,0.0017583934576513333,1.0180302807606143
0.65,0.1,1.0,0.08,0.72,0.42,0.5,0.563265306122449,0.4504272119943291,0.6998158379373849,0.6514657980456026,0.0,0.4830917874396135,1.0,0.0,0.0,500,3,0,0.018313448179975822,0.1732924818026552,0.21148532584928248,-0.01602839500920128,-0.03124248117212235,-0.11118001856934534,0.0017583934576513333,1.0180302807606143
0.65,0.1,1.0,0.04,0.72,0.42,0.5,0.563265306122449,0.4504272119943291,0.6998158379373849,0.6514657980456026,0.0,0.4830917874396135,1.0,0.0,0.0,500,3,0,0.018313448179975822,0.1732924818026552,0.21148532584928248,-0.01602839500920128,-0.03124248117212235,-0.11118001856934534,0.0017583934576513333,1.0180302807606143
0.65,0.1,1.0,0.12,0.6,0.38,0.5,0.563265306122449,0.4504272119943291,0.6998158379373849,0.6514657980456026,0.0,0.4830917874396135,1.0,0.0,0.0,500,3,0,0.018299289075632705,0.1732924818026552,0.21148532584928248,-0.01602839500920128,-0.03124248117212235,-0.11118001856934534,0.0017583934576513333,1.0180302807606143
0.65,0.1,1.0,0.04,0.6,0.38,0.5,0.563265306122449,0.4504272119943291,0.6998158379373849,0.6514657980456026,0.0,0.4830917874396135,1.0,0.0,0.0,500,3,0,0.018299289075632705,0.1732924818026552,0.21148532584928248,-0.01602839500920128,-0.03124248117212235,-0.11118001856934534,0.0017583934576513333,1.0180302807606143
0.65,0.1,1.0,0.08,0.6,0.38,0.5,0.563265306122449,0.4504272119943291,0.6998158379373849,0.6514657980456026,0.0,0.4830917874396135,1.0,0.0,0.0,500,3,0,0.018299289075632705,0.1732924818026552,0.21148532584928248,-0.01602839500920128,-0.03124248117212235,-0.11118001856934534,0.0017583934576513333,1.0180302807606143
0.65,0.2,1.0,0.08,0.66,0.34,0.5,0.563265306122449,0.4504272119943291,0.6998158379373849,0.6514657980456026,0.0,0.4830917874396135,1.0,0.0,0.0,500,3,0,0.018258626644921498,0.1732924818026552,0.21148532584928248,-0.01602839500920128,-0.03124248117212235,-0.11118001856934534,0.0017583934576513333,1.0180302807606143
0.65,0.2,1.0,0.12,0.66,0.34,0.5,0.563265306122449,0.4504272119943291,0.6998158379373849,0.6514657980456026,0.0,0.4830917874396135,1.0,0.0,0.0,500,3,0,0.018258626644921498,0.1732924818026552,0.21148532584928248,-0.01602839500920128,-0.03124248117212235,-0.11118001856934534,0.0017583934576513333,1.0180302807606143
0.65,0.2,1.0,0.04,0.66,0.34,0.5,0.563265306122449,0.4504272119943291,0.6998158379373849,0.6514657980456026,0.0,0.4830917874396135,1.0,0.0,0.0,500,3,0,0.018258626644921498,0.1732924818026552,0.21148532584928248,-0.01602839500920128,-0.03124248117212235,-0.11118001856934534,0.0017583934576513333,1.0180302807606143
0.65,0.1,1.0,0.08,0.66,0.38,0.25,0.5624489795918367,0.4494862136121361,0.6974169741697417,0.6510416666666666,0.0,0.4826254826254826,1.0,0.0,0.0,500,3,0,0.020857131161411566,0.1732924818026552,0.21148532584928248,-0.01602839500920128,-0.03124248117212235,-0.11118001856934534,0.0017583934576513333,1.0197876056734196
0.65,0.1,1.0,0.12,0.66,0.38,0.25,0.5624489795918367,0.4494862136121361,0.6974169741697417,0.6510416666666666,0.0,0.4826254826254826,1.0,0.0,0.0,500,3,0,0.020857131161411566,0.1732924818026552,0.21148532584928248,-0.01602839500920128,-0.03124248117212235,-0.11118001856934534,0.0017583934576513333,1.0197876056734196
0.65,0.1,1.0,0.04,0.66,0.38,0.25,0.5624489795918367,0.4494862136121361,0.6974169741697417,0.6510416666666666,0.0,0.4826254826254826,1.0,0.0,0.0,500,3,0,0.020857131161411566,0.1732924818026552,0.21148532584928248,-0.01602839500920128,-0.03124248117212235,-0.11118001856934534,0.0017583934576513333,1.0197876056734196
0.65,0.2,1.0,0.12,0.72,0.34,0.25,0.5640816326530612,0.451577578209432,0.7032967032967034,0.6514360313315927,0.0,0.48352713178294576,0.998,0.002,0.0,500,4,0,0.020873664830885152,0.1732924818026552,0.21148532584928248,-0.01602839500920128,-0.03124248117212235,-0.11118001856934534,0.0017583934576513333,1.0202635880148991
0.65,0.2,1.0,0.08,0.72,0.34,0.25,0.5640816326530612,0.451577578209432,0.7032967032967034,0.6514360313315927,0.0,0.48352713178294576,0.998,0.002,0.0,500,4,0,0.020873664830885152,0.1732924818026552,0.21148532584928248,-0.01602839500920128,-0.03124248117212235,-0.11118001856934534,0.0017583934576513333,1.0202635880148991
0.65,0.2,1.0,0.04,0.72,0.34,0.25,0.5640816326530612,0.451577578209432,0.7032967032967034,0.6514360313315927,0.0,0.48352713178294576,0.998,0.002,0.0,500,4,0,0.020873664830885152,0.1732924818026552,0.21148532584928248,-0.01602839500920128,-0.03124248117212235,-0.11118001856934534,0.0017583934576513333,1.0202635880148991
0.65,0.1,1.0,0.08,0.6,0.34,0.25,0.5616326530612245,0.4485424431090004,0.6950092421441775,0.6506180871828237,0.0,0.4821600771456123,1.0,0.0,0.0,500,3,0,0.020913148889971502,0.1732924818026552,0.21148532584928248,-0.01602839500920128,-0.03124248117212235,-0.11118001856934534,0.0017583934576513333,1.0215477027071675
0.65,0.1,1.0,0.04,0.6,0.34,0.25,0.5616326530612245,0.4485424431090004,0.6950092421441775,0.6506180871828237,0.0,0.4821600771456123,1.0,0.0,0.0,500,3,0,0.020913148889971502,0.1732924818026552,0.21148532584928248,-0.01602839500920128,-0.03124248117212235,-0.11118001856934534,0.0017583934576513333,1.0215477027071675
0.65,0.1,1.0,0.12,0.6,0.34,0.25,0.5616326530612245,0.4485424431090004,0.6950092421441775,0.6506180871828237,0.0,0.4821600771456123,1.0,0.0,0.0,500,3,0,0.020913148889971502,0.1732924818026552,0.21148532584928248,-0.01602839500920128,-0.03124248117212235,-0.11118001856934534,0.0017583934576513333,1.0215477027071675
0.65,0.1,1.0,0.08,0.72,0.38,0.25,0.5608163265306122,0.4475958837033826,0.6925925925925925,0.6501950585175552,0.0,0.4816955684007707,1.0,0.0,0.0,500,3,0,0.02080668995754616,0.1732924818026552,0.21148532584928248,-0.01602839500920128,-0.03124248117212235,-0.11118001856934534,0.0017583934576513333,1.0233105886433975
0.65,0.2,1.0,0.08,0.72,0.34,0.5,0.5608163265306122,0.4475958837033826,0.6925925925925925,0.6501950585175552,0.0,0.4816955684007707,1.0,0.0,0.0,500,3,0,0.018157087960082096,0.1732924818026552,0.21148532584928248,-0.01602839500920128,-0.03124248117212235,-0.11118001856934534,0.0017583934576513333,1.0233105886433975
0.65,0.2,1.0,0.12,0.72,0.34,0.5,0.5608163265306122,0.4475958837033826,0.6925925925925925,0.6501950585175552,0.0,0.4816955684007707,1.0,0.0,0.0,500,3,0,0.018157087960082096,0.1732924818026552,0.21148532584928248,-0.01602839500920128,-0.03124248117212235,-0.11118001856934534,0.0017583934576513333,1.0233105886433975
0.65,0.1,1.0,0.12,0.72,0.38,0.25,0.5608163265306122,0.4475958837033826,0.6925925925925925,0.6501950585175552,0.0,0.4816955684007707,1.0,0.0,0.0,500,3,0,0.02080668995754616,0.1732924818026552,0.21148532584928248,-0.01602839500920128,-0.03124248117212235,-0.11118001856934534,0.0017583934576513333,1.0233105886433975
0.65,0.2,1.0,0.04,0.72,0.34,0.5,0.5608163265306122,0.4475958837033826,0.6925925925925925,0.6501950585175552,0.0,0.4816955684007707,1.0,0.0,0.0,500,3,0,0.018157087960082096,0.1732924818026552,0.21148532584928248,-0.01602839500920128,-0.03124248117212235,-0.11118001856934534,0.0017583934576513333,1.0233105886433975
0.65,0.1,1.0,0.04,0.72,0.38,0.25,0.5608163265306122,0.4475958837033826,0.6925925925925925,0.6501950585175552,0.0,0.4816955684007707,1.0,0.0,0.0,500,3,0,0.02080668995754616,0.1732924818026552,0.21148532584928248,-0.01602839500920128,-0.03124248117212235,-0.11118001856934534,0.0017583934576513333,1.0233105886433975
0.65,0.1,1.0,0.04,0.66,0.34,0.25,0.5591836734693878,0.44569433045269474,0.6877323420074349,0.6493506493506493,0.0,0.4807692307692308,1.0,0.0,0.0,500,3,0,0.02077879961585071,0.1732924818026552,0.21148532584928248,-0.01602839500920128,-0.03124248117212235,-0.11118001856934534,0.0017583934576513333,1.0268447949553097
0.65,0.1,1.0,0.12,0.66,0.34,0.25,0.5591836734693878,0.44569433045269474,0.6877323420074349,0.6493506493506493,0.0,0.4807692307692308,1.0,0.0,0.0,500,3,0,0.02077879961585071,0.1732924818026552,0.21148532584928248,-0.01602839500920128,-0.03124248117212235,-0.11118001856934534,0.0017583934576513333,1.0268447949553097
0.65,0.1,1.0,0.08,0.66,0.34,0.25,0.5591836734693878,0.44569433045269474,0.6877323420074349,0.6493506493506493,0.0,0.4807692307692308,1.0,0.0,0.0,500,3,0,0.02077879961585071,0.1732924818026552,0.21148532584928248,-0.01602839500920128,-0.03124248117212235,-0.11118001856934534,0.0017583934576513333,1.0268447949553097
0.65,0.1,1.0,0.04,0.6,0.34,0.5,0.5575510204081633,0.44378141716837344,0.6828358208955224,0.648508430609598,0.0,0.4798464491362764,1.0,0.0,0.0,500,3,0,0.018078137710549287,0.1732924818026552,0.21148532584928248,-0.01602839500920128,-0.03124248117212235,-0.11118001856934534,0.0017583934576513333,1.0303903613008556
0.65,0.1,1.0,0.12,0.6,0.34,0.5,0.5575510204081633,0.44378141716837344,0.6828358208955224,0.648508430609598,0.0,0.4798464491362764,1.0,0.0,0.0,500,3,0,0.018078137710549287,0.1732924818026552,0.21148532584928248,-0.01602839500920128,-0.03124248117212235,-0.11118001856934534,0.0017583934576513333,1.0303903613008556
0.65,0.1,1.0,0.08,0.66,0.38,0.5,0.5575510204081633,0.44378141716837344,0.6828358208955224,0.648508430609598,0.0,0.4798464491362764,1.0,0.0,0.0,500,3,0,0.018019973587244543,0.1732924818026552,0.21148532584928248,-0.01602839500920128,-0.03124248117212235,-0.11118001856934534,0.0017583934576513333,1.0303903613008556
0.65,0.1,1.0,0.04,0.66,0.38,0.5,0.5575510204081633,0.44378141716837344,0.6828358208955224,0.648508430609598,0.0,0.4798464491362764,1.0,0.0,0.0,500,3,0,0.018019973587244543,0.1732924818026552,0.21148532584928248,-0.01602839500920128,-0.03124248117212235,-0.11118001856934534,0.0017583934576513333,1.0303903613008556
0.65,0.1,1.0,0.08,0.6,0.34,0.5,0.5575510204081633,0.44378141716837344,0.6828358208955224,0.648508430609598,0.0,0.4798464491362764,1.0,0.0,0.0,500,3,0,0.018078137710549287,0.1732924818026552,0.21148532584928248,-0.01602839500920128,-0.03124248117212235,-0.11118001856934534,0.0017583934576513333,1.0303903613008556
0.65,0.1,1.0,0.12,0.66,0.38,0.5,0.5575510204081633,0.44378141716837344,0.6828358208955224,0.648508430609598,0.0,0.4798464491362764,1.0,0.0,0.0,500,3,0,0.018019973587244543,0.1732924818026552,0.21148532584928248,-0.01602839500920128,-0.03124248117212235,-0.11118001856934534,0.0017583934576513333,1.0303903613008556
0.65,0.2,1.0,0.08,0.66,0.38,0.5,0.5648979591836735,0.4531175209241198,0.7088607594936709,0.6504918032786885,0.0,0.48390243902439023,0.992,0.008,0.0,500,4,0,0.018456344698039175,0.1732924818026552,0.21148532584928248,-0.01602839500920128,-0.03124248117212235,-0.11118001856934534,0.0017583934576513333,1.030507318769599
0.65,0.2,1.0,0.12,0.66,0.38,0.5,0.5648979591836735,0.4531175209241198,0.7088607594936709,0.6504918032786885,0.0,0.48390243902439023,0.992,0.008,0.0,500,4,0,0.018456344698039175,0.1732924818026552,0.21148532584928248,-0.01602839500920128,-0.03124248117212235,-0.11118001856934534,0.0017583934576513333,1.030507318769599
0.65,0.2,1.0,0.04,0.66,0.38,0.5,0.5648979591836735,0.4531175209241198,0.7088607594936709,0.6504918032786885,0.0,0.48390243902439023,0.992,0.008,0.0,500,4,0,0.018456344698039175,0.1732924818026552,0.21148532584928248,-0.01602839500920128,-0.03124248117212235,-0.11118001856934534,0.0017583934576513333,1.030507318769599
0.65,0.1,1.0,0.08,0.72,0.34,0.25,0.556734693877551,0.4428206572542464,0.680373831775701,0.6480881399870383,0.0,0.4793863854266539,1.0,0.0,0.0,500,3,0,0.020729770502070324,0.1732924818026552,0.21148532584928248,-0.01602839500920128,-0.03124248117212235,-0.11118001856934534,0.0017583934576513333,1.0321674477455949
0.65,0.1,1.0,0.12,0.72,0.34,0.25,0.556734693877551,0.4428206572542464,0.680373831775701,0.6480881399870383,0.0,0.4793863854266539,1.0,0.0,0.0,500,3,0,0.020729770502070324,0.1732924818026552,0.21148532584928248,-0.01602839500920128,-0.03124248117212235,-0.11118001856934534,0.0017583934576513333,1.0321674477455949
0.65,0.1,1.0,0.04,0.72,0.34,0.25,0.556734693877551,0.4428206572542464,0.680373831775701,0.6480881399870383,0.0,0.4793863854266539,1.0,0.0,0.0,500,3,0,0.020729770502070324,0.1732924818026552,0.21148532584928248,-0.01602839500920128,-0.03124248117212235,-0.11118001856934534,0.0017583934576513333,1.0321674477455949
0.65,0.1,1.0,0.12,0.72,0.38,0.5,0.5559183673469388,0.4418570051684099,0.6779026217228464,0.6476683937823834,0.0,0.4789272030651341,1.0,0.0,0.0,500,3,0,0.017911929131667673,0.1732924818026552,0.21148532584928248,-0.01602839500920128,-0.03124248117212235,-0.11118001856934534,0.0017583934576513333,1.0339474263620436
0.65,0.1,1.0,0.08,0.72,0.38,0.5,0.5559183673469388,0.4418570051684099,0.6779026217228464,0.6476683937823834,0.0,0.4789272030651341,1.0,0.0,0.0,500,3,0,0.017911929131667673,0.1732924818026552,0.21148532584928248,-0.01602839500920128,-0.03124248117212235,-0.11118001856934534,0.0017583934576513333,1.0339474263620436
0.65,0.1,1.0,0.04,0.72,0.38,0.5,0.5559183673469388,0.4418570051684099,0.6779026217228464,0.6476683937823834,0.0,0.4789272030651341,1.0,0.0,0.0,500,3,0,0.017911929131667673,0.1732924818026552,0.21148532584928248,-0.01602839500920128,-0.03124248117212235,-0.11118001856934534,0.0017583934576513333,1.0339474263620436
0.65,0.1,1.0,0.12,0.66,0.42,0.25,0.566530612244898,0.45533047312063496,0.7155635062611807,0.6504279131007241,0.0,0.4847890088321884,0.988,0.012,0.0,500,6,0,0.021006531055175044,0.1732924818026552,0.21148532584928248,-0.01602839500920128,-0.03124248117212235,-0.11118001856934534,0.0017583934576513333,1.0350617135118594
0.65,0.1,1.0,0.08,0.66,0.42,0.25,0.566530612244898,0.45533047312063496,0.7155635062611807,0.6504279131007241,0.0,0.4847890088321884,0.988,0.012,0.0,500,6,0,0.021006531055175044,0.1732924818026552,0.21148532584928248,-0.01602839500920128,-0.03124248117212235,-0.11118001856934534,0.0017583934576513333,1.0350617135118594
0.65,0.1,1.0,0.04,0.66,0.42,0.25,0.566530612244898,0.45533047312063496,0.7155635062611807,0.6504279131007241,0.0,0.4847890088321884,0.988,0.012,0.0,500,6,0,0.021006531055175044,0.1732924818026552,0.21148532584928248,-0.01602839500920128,-0.03124248117212235,-0.11118001856934534,0.0017583934576513333,1.0350617135118594
0.65,0.2,1.0,0.04,0.72,0.38,0.25,0.5657142857142857,0.45442054958183986,0.7132616487455197,0.65,0.0,0.4843137254901961,0.988,0.012,0.0,500,6,0,0.020947104589245723,0.1732924818026552,0.21148532584928248,-0.01602839500920128,-0.03124248117212235,-0.11118001856934534,0.0017583934576513333,1.0367879635812667
0.65,0.2,1.0,0.08,0.72,0.38,0.25,0.5657142857142857,0.45442054958183986,0.7132616487455197,0.65,0.0,0.4843137254901961,0.988,0.012,0.0,500,6,0,0.020947104589245723,0.1732924818026552,0.21148532584928248,-0.01602839500920128,-0.03124248117212235,-0.11118001856934534,0.0017583934576513333,1.0367879635812667
0.65,0.2,1.0,0.12,0.72,0.38,0.25,0.5657142857142857,0.45442054958183986,0.7132616487455197,0.65,0.0,0.4843137254901961,0.988,0.012,0.0,500,6,0,0.020947104589245723,0.1732924818026552,0.21148532584928248,-0.01602839500920128,-0.03124248117212235,-0.11118001856934534,0.0017583934576513333,1.0367879635812667
0.65,0.1,1.0,0.12,0.72,0.42,0.25,0.5616326530612245,0.44941453692485656,0.6994535519125683,0.6487900588620014,0.0,0.48202137998056366,0.992,0.008,0.0,500,4,0,0.020957801572955122,0.1732924818026552,0.21148532584928248,-0.01602839500920128,-0.03124248117212235,-0.11118001856934534,0.0017583934576513333,1.0374756088913113
0.65,0.1,1.0,0.04,0.72,0.42,0.25,0.5616326530612245,0.44941453692485656,0.6994535519125683,0.6487900588620014,0.0,0.48202137998056366,0.992,0.008,0.0,500,4,0,0.020957801572955122,0.1732924818026552,0.21148532584928248,-0.01602839500920128,-0.03124248117212235,-0.11118001856934534,0.0017583934576513333,1.0374756088913113
0.65,0.1,1.0,0.08,0.72,0.42,0.25,0.5616326530612245,0.44941453692485656,0.6994535519125683,0.6487900588620014,0.0,0.48202137998056366,0.992,0.008,0.0,500,4,0,0.020957801572955122,0.1732924818026552,0.21148532584928248,-0.01602839500920128,-0.03124248117212235,-0.11118001856934534,0.0017583934576513333,1.0374756088913113
0.65,0.1,1.0,0.04,0.66,0.34,0.5,0.5526530612244898,0.43797312011441014,0.6679245283018868,0.6459948320413437,0.0,0.4770992366412214,1.0,0.0,0.0,500,3,0,0.017795537882133075,0.1732924818026552,0.21148532584928248,-0.01602839500920128,-0.03124248117212235,-0.11118001856934534,0.0017583934576513333,1.0410966175384924
0.65,0.1,1.0,0.12,0.66,0.34,0.5,0.5526530612244898,0.43797312011441014,0.6679245283018868,0.6459948320413437,0.0,0.4770992366412214,1.0,0.0,0.0,500,3,0,0.017795537882133075,0.1732924818026552,0.21148532584928248,-0.01602839500920128,-0.03124248117212235,-0.11118001856934534,0.0017583934576513333,1.0410966175384924
0.65,0.1,1.0,0.08,0.66,0.34,0.5,0.5526530612244898,0.43797312011441014,0.6679245283018868,0.6459948320413437,0.0,0.4770992366412214,1.0,0.0,0.0,500,3,0,0.017795537882133075,0.1732924818026552,0.21148532584928248,-0.01602839500920128,-0.03124248117212235,-0.11118001856934534,0.0017583934576513333,1.0410966175384924
0.65,0.1,1.0,0.12,0.72,0.34,0.5,0.5518367346938775,0.4369947397817076,0.665406427221172,0.6455777921239509,0.0,0.47664442326024786,1.0,0.0,0.0,500,3,0,0.017688018004073578,0.1732924818026552,0.21148532584928248,-0.01602839500920128,-0.03124248117212235,-0.11118001856934534,0.0017583934576513333,1.0428913244018072
0.65,0.1,1.0,0.04,0.72,0.34,0.5,0.5518367346938775,0.4369947397817076,0.665406427221172,0.6455777921239509,0.0,0.47664442326024786,1.0,0.0,0.0,500,3,0,0.017688018004073578,0.1732924818026552,0.21148532584928248,-0.01602839500920128,-0.03124248117212235,-0.11118001856934534,0.0017583934576513333,1.0428913244018072
0.65,0.1,1.0,0.08,0.72,0.34,0.5,0.5518367346938775,0.4369947397817076,0.665406427221172,0.6455777921239509,0.0,0.47664442326024786,1.0,0.0,0.0,500,3,0,0.017688018004073578,0.1732924818026552,0.21148532584928248,-0.01602839500920128,-0.03124248117212235,-0.11118001856934534,0.0017583934576513333,1.0428913244018072
0.65,0.2,1.0,0.08,0.66,0.38,0.25,0.566530612244898,0.45569643998147596,0.7175843694493783,0.6495049504950495,0.0,0.48472906403940885,0.984,0.016,0.0,500,5,0,0.02099365472119455,0.1732924818026552,0.21148532584928248,-0.01602839500920128,-0.03124248117212235,-0.11118001856934534,0.0017583934576513333,1.0430957466510185
0.65,0.2,1.0,0.12,0.66,0.38,0.25,0.566530612244898,0.45569643998147596,0.7175843694493783,0.6495049504950495,0.0,0.48472906403940885,0.984,0.016,0.0,500,5,0,0.02099365472119455,0.1732924818026552,0.21148532584928248,-0.01602839500920128,-0.03124248117212235,-0.11118001856934534,0.0017583934576513333,1.0430957466510185
0.65,0.2,1.0,0.04,0.66,0.38,0.25,0.566530612244898,0.45569643998147596,0.7175843694493783,0.6495049504950495,0.0,0.48472906403940885,0.984,0.016,0.0,500,5,0,0.02099365472119455,0.1732924818026552,0.21148532584928248,-0.01602839500920128,-0.03124248117212235,-0.11118001856934534,0.0017583934576513333,1.0430957466510185
0.65,0.2,1.0,0.04,0.66,0.34,0.25,0.5608163265306122,0.4486958591147073,0.6981818181818182,0.6479057591623036,0.0,0.48151750972762647,0.99,0.01,0.0,500,4,0,0.020922813125096074,0.1732924818026552,0.21148532584928248,-0.01602839500920128,-0.03124248117212235,-0.11118001856934534,0.0017583934576513333,1.0432106132320726
0.65,0.1,1.0,0.12,0.6,0.38,0.25,0.5608163265306122,0.4486958591147073,0.6981818181818182,0.6479057591623036,0.0,0.48151750972762647,0.99,0.01,0.0,500,4,0,0.02099149710402087,0.1732924818026552,0.21148532584928248,-0.01602839500920128,-0.03124248117212235,-0.11118001856934534,0.0017583934576513333,1.0432106132320726
0.65,0.2,1.0,0.12,0.66,0.34,0.25,0.5608163265306122,0.4486958591147073,0.6981818181818182,0.6479057591623036,0.0,0.48151750972762647,0.99,0.01,0.0,500,4,0,0.020922813125096074,0.1732924818026552,0.21148532584928248,-0.01602839500920128,-0.03124248117212235,-0.11118001856934534,0.0017583934576513333,1.0432106132320726
0.65,0.2,1.0,0.08,0.66,0.34,0.25,0.5608163265306122,0.4486958591147073,0.6981818181818182,0.6479057591623036,0.0,0.48151750972762647,0.99,0.01,0.0,500,4,0,0.020922813125096074,0.1732924818026552,0.21148532584928248,-0.01602839500920128,-0.03124248117212235,-0.11118001856934534,0.0017583934576513333,1.0432106132320726
0.65,0.1,1.0,0.04,0.6,0.38,0.25,0.5608163265306122,0.4486958591147073,0.6981818181818182,0.6479057591623036,0.0,0.48151750972762647,0.99,0.01,0.0,500,4,0,0.02099149710402087,0.1732924818026552,0.21148532584928248,-0.01602839500920128,-0.03124248117212235,-0.11118001856934534,0.0017583934576513333,1.0432106132320726
0.65,0.1,1.0,0.08,0.6,0.38,0.25,0.5608163265306122,0.4486958591147073,0.6981818181818182,0.6479057591623036,0.0,0.48151750972762647,0.99,0.01,0.0,500,4,0,0.02099149710402087,0.1732924818026552,0.21148532584928248,-0.01602839500920128,-0.03124248117212235,-0.11118001856934534,0.0017583934576513333,1.0432106132320726
0.65,0.2,1.0,0.12,0.6,0.34,0.5,0.5624489795918367,0.4509559238286112,0.7050359712230215,0.6478318002628121,0.0,0.48238747553816047,0.986,0.014,0.0,500,4,0,0.01850774045391017,0.1732924818026552,0.21148532584928248,-0.01602839500920128,-0.03124248117212235,-0.11118001856934534,0.0017583934576513333,1.0477178954569444
0.65,0.2,1.0,0.08,0.6,0.34,0.5,0.5624489795918367,0.4509559238286112,0.7050359712230215,0.6478318002628121,0.0,0.48238747553816047,0.986,0.014,0.0,500,4,0,0.01850774045391017,0.1732924818026552,0.21148532584928248,-0.01602839500920128,-0.03124248117212235,-0.11118001856934534,0.0017583934576513333,1.0477178954569444
0.65,0.2,1.0,0.04,0.6,0.34,0.5,0.5624489795918367,0.4509559238286112,0.7050359712230215,0.6478318002628121,0.0,0.48238747553816047,0.986,0.014,0.0,500,4,0,0.01850774045391017,0.1732924818026552,0.21148532584928248,-0.01602839500920128,-0.03124248117212235,-0.11118001856934534,0.0017583934576513333,1.0477178954569444
0.65,0.2,1.0,0.08,0.72,0.42,0.5,0.566530612244898,0.45605127361138836,0.7195767195767195,0.6485771012574454,0.0,0.4846686449060336,0.98,0.02,0.0,500,5,0,0.018702660151183062,0.1732924818026552,0.21148532584928248,-0.01602839500920128,-0.03124248117212235,-0.11118001856934534,0.0017583934576513333,1.0511409130211058
0.65,0.2,1.0,0.04,0.72,0.42,0.5,0.566530612244898,0.45605127361138836,0.7195767195767195,0.6485771012574454,0.0,0.4846686449060336,0.98,0.02,0.0,500,5,0,0.018702660151183062,0.1732924818026552,0.21148532584928248,-0.01602839500920128,-0.03124248117212235,-0.11118001856934534,0.0017583934576513333,1.0511409130211058
0.65,0.2,1.0,0.12,0.72,0.42,0.5,0.566530612244898,0.45605127361138836,0.7195767195767195,0.6485771012574454,0.0,0.4846686449060336,0.98,0.02,0.0,500,5,0,0.018702660151183062,0.1732924818026552,0.21148532584928248,-0.01602839500920128,-0.03124248117212235,-0.11118001856934534,0.0017583934576513333,1.0511409130211058
0.65,0.2,1.0,0.12,0.6,0.34,0.25,0.566530612244898,0.4562245740553748,0.7205623901581723,0.6481113320079522,0.0,0.4846382556987116,0.978,0.022,0.0,500,5,0,0.02104586734784154,0.1732924818026552,0.21148532584928248,-0.01602839500920128,-0.03124248117212235,-0.11118001856934534,0.0017583934576513333,1.0551676125771197
0.65,0.2,1.0,0.08,0.6,0.34,0.25,0.566530612244898,0.4562245740553748,0.7205623901581723,0.6481113320079522,0.0,0.4846382556987116,0.978,0.022,0.0,500,5,0,0.02104586734784154,0.1732924818026552,0.21148532584928248,-0.01602839500920128,-0.03124248117212235,-0.11118001856934534,0.0017583934576513333,1.0551676125771197
0.65,0.2,1.0,0.04,0.6,0.34,0.25,0.566530612244898,0.4562245740553748,0.7205623901581723,0.6481113320079522,0.0,0.4846382556987116,0.978,0.022,0.0,500,5,0,0.02104586734784154,0.1732924818026552,0.21148532584928248,-0.01602839500920128,-0.03124248117212235,-0.11118001856934534,0.0017583934576513333,1.0551676125771197
0.65,0.3,1.0,0.08,0.72,0.34,0.25,0.5706122448979591,0.4595925813317117,0.7272727272727273,0.651505016722408,0.0,0.4894472361809045,0.974,0.026,0.0,500,6,0,0.021025324561039567,0.1732924818026552,0.21148532584928248,-0.01602839500920128,-0.03124248117212235,-0.11118001856934534,0.0017583934576513333,1.0561179726477214
0.65,0.3,1.0,0.04,0.72,0.34,0.25,0.5706122448979591,0.4595925813317117,0.7272727272727273,0.651505016722408,0.0,0.4894472361809045,0.974,0.026,0.0,500,6,0,0.021025324561039567,0.1732924818026552,0.21148532584928248,-0.01602839500920128,-0.03124248117212235,-0.11118001856934534,0.0017583934576513333,1.0561179726477214
0.65,0.3,1.0,0.12,0.72,0.34,0.25,0.5706122448979591,0.4595925813317117,0.7272727272727273,0.651505016722408,0.0,0.4894472361809045,0.974,0.026,0.0,500,6,0,0.021025324561039567,0.1732924818026552,0.21148532584928248,-0.01602839500920128,-0.03124248117212235,-0.11118001856934534,0.0017583934576513333,1.0561179726477214
0.65,0.2,1.0,0.08,0.6,0.38,0.5,0.5657142857142857,0.4553306594534092,0.7183098591549296,0.6476821192052981,0.0,0.48415841584158414,0.978,0.022,0.0,500,5,0,0.01869195156180421,0.1732924818026552,0.21148532584928248,-0.01602839500920128,-0.03124248117212235,-0.11118001856934534,0.0017583934576513333,1.0568778537096974
0.65,0.2,1.0,0.04,0.6,0.38,0.5,0.5657142857142857,0.4553306594534092,0.7183098591549296,0.6476821192052981,0.0,0.48415841584158414,0.978,0.022,0.0,500,5,0,0.01869195156180421,0.1732924818026552,0.21148532584928248,-0.01602839500920128,-0.03124248117212235,-0.11118001856934534,0.0017583934576513333,1.0568778537096974
0.65,0.3,1.0,0.12,0.72,0.34,0.5,0.5657142857142857,0.4553306594534092,0.7183098591549296,0.6476821192052981,0.0,0.48415841584158414,0.978,0.022,0.0,500,5,0,0.018621270572206625,0.1732924818026552,0.21148532584928248,-0.01602839500920128,-0.03124248117212235,-0.11118001856934534,0.0017583934576513333,1.0568778537096974
0.65,0.3,1.0,0.08,0.72,0.34,0.5,0.5657142857142857,0.4553306594534092,0.7183098591549296,0.6476821192052981,0.0,0.48415841584158414,0.978,0.022,0.0,500,5,0,0.018621270572206625,0.1732924818026552,0.21148532584928248,-0.01602839500920128,-0.03124248117212235,-0.11118001856934534,0.0017583934576513333,1.0568778537096974
0.65,0.3,1.0,0.04,0.72,0.34,0.5,0.5657142857142857,0.4553306594534092,0.7183098591549296,0.6476821192052981,0.0,0.48415841584158414,0.978,0.022,0.0,500,5,0,0.018621270572206625,0.1732924818026552,0.21148532584928248,-0.01602839500920128,-0.03124248117212235,-0.11118001856934534,0.0017583934576513333,1.0568778537096974
0.65,0.2,1.0,0.12,0.6,0.38,0.5,0.5657142857142857,0.4553306594534092,0.7183098591549296,0.6476821192052981,0.0,0.48415841584158414,0.978,0.022,0.0,500,5,0,0.01869195156180421,0.1732924818026552,0.21148532584928248,-0.01602839500920128,-0.03124248117212235,-0.11118001856934534,0.0017583934576513333,1.0568778537096974
0.65,0.2,1.0,0.04,0.72,0.42,0.25,0.5697959183673469,0.458989503198403,0.7263339070567987,0.6506346025384101,0.0,0.4884653961885657,0.974,0.026,0.0,500,6,0,0.02107750672629908,0.1732924818026552,0.21148532584928248,-0.01602839500920128,-0.03124248117212235,-0.11118001856934534,0.0017583934576513333,1.0575373773116423
0.65,0.2,1.0,0.12,0.72,0.42,0.25,0.5697959183673469,0.458989503198403,0.7263339070567987,0.6506346025384101,0.0,0.4884653961885657,0.974,0.026,0.0,500,6,0,0.02107750672629908,0.1732924818026552,0.21148532584928248,-0.01602839500920128,-0.03124248117212235,-0.11118001856934534,0.0017583934576513333,1.0575373773116423
0.65,0.2,1.0,0.08,0.72,0.42,0.25,0.5697959183673469,0.458989503198403,0.7263339070567987,0.6506346025384101,0.0,0.4884653961885657,0.974,0.026,0.0,500,6,0,0.02107750672629908,0.1732924818026552,0.21148532584928248,-0.01602839500920128,-0.03124248117212235,-0.11118001856934534,0.0017583934576513333,1.0575373773116423
0.65,0.1,1.0,0.08,0.6,0.42,0.25,0.5673469387755102,0.4567301752044876,0.7212543554006968,0.648936170212766,0.0,0.4860557768924303,0.976,0.024,0.0,500,6,0,0.021131574817463552,0.1732924818026552,0.21148532584928248,-0.01602839500920128,-0.03124248117212235,-0.11118001856934534,0.0017583934576513333,1.0580456848973943
0.65,0.1,1.0,0.04,0.6,0.42,0.25,0.5673469387755102,0.4567301752044876,0.7212543554006968,0.648936170212766,0.0,0.4860557768924303,0.976,0.024,0.0,500,6,0,0.021131574817463552,0.1732924818026552,0.21148532584928248,-0.01602839500920128,-0.03124248117212235,-0.11118001856934534,0.0017583934576513333,1.0580456848973943
0.65,0.1,1.0,0.12,0.6,0.42,0.25,0.5673469387755102,0.4567301752044876,0.7212543554006968,0.648936170212766,0.0,0.4860557768924303,0.976,0.024,0.0,500,6,0,0.021131574817463552,0.1732924818026552,0.21148532584928248,-0.01602839500920128,-0.03124248117212235,-0.11118001856934534,0.0017583934576513333,1.0580456848973943
0.65,0.1,1.0,0.12,0.6,0.42,0.5,0.5608163265306122,0.4495205307174747,0.7025089605734767,0.6460526315789473,0.0,0.48137254901960785,0.982,0.018,0.0,500,4,0,0.018680243774951248,0.1732924818026552,0.21148532584928248,-0.01602839500920128,-0.03124248117212235,-0.11118001856934534,0.0017583934576513333,1.0591859416293052
0.65,0.1,1.0,0.04,0.6,0.42,0.5,0.5608163265306122,0.4495205307174747,0.7025089605734767,0.6460526315789473,0.0,0.48137254901960785,0.982,0.018,0.0,500,4,0,0.018680243774951248,0.1732924818026552,0.21148532584928248,-0.01602839500920128,-0.03124248117212235,-0.11118001856934534,0.0017583934576513333,1.0591859416293052
0.65,0.1,1.0,0.08,0.6,0.42,0.5,0.5608163265306122,0.4495205307174747,0.7025089605734767,0.6460526315789473,0.0,0.48137254901960785,0.982,0.018,0.0,500,4,0,0.018680243774951248,0.1732924818026552,0.21148532584928248,-0.01602839500920128,-0.03124248117212235,-0.11118001856934534,0.0017583934576513333,1.0591859416293052
0.65,0.2,1.0,0.08,0.66,0.42,0.5,0.566530612244898,0.456563056246485,0.7225130890052356,0.6471760797342193,0.0,0.4845771144278607,0.974,0.026,0.0,500,5,0,0.018787895268088144,0.1732924818026552,0.21148532584928248,-0.01602839500920128,-0.03124248117212235,-0.11118001856934534,0.0017583934576513333,1.0632291303860093
0.65,0.2,1.0,0.12,0.66,0.42,0.5,0.566530612244898,0.456563056246485,0.7225130890052356,0.6471760797342193,0.0,0.4845771144278607,0.974,0.026,0.0,500,5,0,0.018787895268088144,0.1732924818026552,0.21148532584928248,-0.01602839500920128,-0.03124248117212235,-0.11118001856934534,0.0017583934576513333,1.0632291303860093
0.65,0.2,1.0,0.04,0.66,0.42,0.5,0.566530612244898,0.456563056246485,0.7225130890052356,0.6471760797342193,0.0,0.4845771144278607,0.974,0.026,0.0,500,5,0,0.018787895268088144,0.1732924818026552,0.21148532584928248,-0.01602839500920128,-0.03124248117212235,-0.11118001856934534,0.0017583934576513333,1.0632291303860093
0.65,0.3,1.0,0.04,0.72,0.38,0.5,0.5689795918367347,0.45827284365792553,0.7250859106529209,0.6497326203208557,0.0,0.4879518072289157,0.972,0.028,0.0,500,6,0,0.018779375373845615,0.1732924818026552,0.21148532584928248,-0.01602839500920128,-0.03124248117212235,-0.11118001856934534,0.0017583934576513333,1.063270363382732
0.65,0.3,1.0,0.08,0.72,0.38,0.5,0.5689795918367347,0.45827284365792553,0.7250859106529209,0.6497326203208557,0.0,0.4879518072289157,0.972,0.028,0.0,500,6,0,0.018779375373845615,0.1732924818026552,0.21148532584928248,-0.01602839500920128,-0.03124248117212235,-0.11118001856934534,0.0017583934576513333,1.063270363382732
0.65,0.3,1.0,0.12,0.72,0.38,0.5,0.5689795918367347,0.45827284365792553,0.7250859106529209,0.6497326203208557,0.0,0.4879518072289157,0.972,0.028,0.0,500,6,0,0.018779375373845615,0.1732924818026552,0.21148532584928248,-0.01602839500920128,-0.03124248117212235,-0.11118001856934534,0.0017583934576513333,1.063270363382732
0.65,0.3,1.0,0.08,0.66,0.34,0.5,0.566530612244898,0.4562869127931401,0.7212543554006968,0.6476063829787234,0.0,0.4850597609561753,0.974,0.026,0.0,500,6,0,0.01870172388478384,0.1732924818026552,0.21148532584928248,-0.01602839500920128,-0.03124248117212235,-0.11118001856934534,0.0017583934576513333,1.0635052738393542
0.65,0.3,1.0,0.12,0.66,0.34,0.5,0.566530612244898,0.4562869127931401,0.7212543554006968,0.6476063829787234,0.0,0.4850597609561753,0.974,0.026,0.0,500,6,0,0.01870172388478384,0.1732924818026552,0.21148532584928248,-0.01602839500920128,-0.03124248117212235,-0.11118001856934534,0.0017583934576513333,1.0635052738393542
0.65,0.3,1.0,0.04,0.66,0.34,0.5,0.566530612244898,0.4562869127931401,0.7212543554006968,0.6476063829787234,0.0,0.4850597609561753,0.974,0.026,0.0,500,6,0,0.01870172388478384,0.1732924818026552,0.21148532584928248,-0.01602839500920128,-0.03124248117212235,-0.11118001856934534,0.0017583934576513333,1.0635052738393542
0.65,0.2,1.0,0.12,0.6,0.38,0.25,0.5689795918367347,0.45816163940745325,0.7247863247863248,0.6496985934360349,0.0,0.48841893252769386,0.97,0.03,0.0,500,6,0,0.021110343006121413,0.1732924818026552,0.21148532584928248,-0.01602839500920128,-0.03124248117212235,-0.11118001856934534,0.0017583934576513333,1.0675815676332043
0.65,0.2,1.0,0.08,0.6,0.38,0.25,0.5689795918367347,0.45816163940745325,0.7247863247863248,0.6496985934360349,0.0,0.48841893252769386,0.97,0.03,0.0,500,6,0,0.021110343006121413,0.1732924818026552,0.21148532584928248,-0.01602839500920128,-0.03124248117212235,-0.11118001856934534,0.0017583934576513333,1.0675815676332043
0.65,0.2,1.0,0.04,0.6,0.38,0.25,0.5689795918367347,0.45816163940745325,0.7247863247863248,0.6496985934360349,0.0,0.48841893252769386,0.97,0.03,0.0,500,6,0,0.021110343006121413,0.1732924818026552,0.21148532584928248,-0.01602839500920128,-0.03124248117212235,-0.11118001856934534,0.0017583934576513333,1.0675815676332043
0.65,0.2,1.0,0.04,0.66,0.42,0.25,0.5689795918367347,0.4580514084828562,0.7244897959183674,0.6496644295302013,0.0,0.4888888888888889,0.968,0.032,0.0,500,6,0,0.021118909336488887,0.1732924818026552,0.21148532584928248,-0.01602839500920128,-0.03124248117212235,-0.11118001856934534,0.0017583934576513333,1.0718917985578014
0.65,0.2,1.0,0.08,0.66,0.42,0.25,0.5689795918367347,0.4580514084828562,0.7244897959183674,0.6496644295302013,0.0,0.4888888888888889,0.968,0.032,0.0,500,6,0,0.021118909336488887,0.1732924818026552,0.21148532584928248,-0.01602839500920128,-0.03124248117212235,-0.11118001856934534,0.0017583934576513333,1.0718917985578014
0.65,0.2,1.0,0.12,0.66,0.42,0.25,0.5689795918367347,0.4580514084828562,0.7244897959183674,0.6496644295302013,0.0,0.4888888888888889,0.968,0.032,0.0,500,6,0,0.021118909336488887,0.1732924818026552,0.21148532584928248,-0.01602839500920128,-0.03124248117212235,-0.11118001856934534,0.0017583934576513333,1.0718917985578014
0.65,0.3,1.0,0.08,0.66,0.34,0.25,0.5689795918367347,0.45778683368661266,0.7232597623089984,0.6501007387508395,0.0,0.48938321536905965,0.968,0.032,0.0,500,6,0,0.02106576619230975,0.1732924818026552,0.21148532584928248,-0.01602839500920128,-0.03124248117212235,-0.11118001856934534,0.0017583934576513333,1.072156373354045
0.65,0.3,1.0,0.04,0.66,0.34,0.25,0.5689795918367347,0.45778683368661266,0.7232597623089984,0.6501007387508395,0.0,0.48938321536905965,0.968,0.032,0.0,500,6,0,0.02106576619230975,0.1732924818026552,0.21148532584928248,-0.01602839500920128,-0.03124248117212235,-0.11118001856934534,0.0017583934576513333,1.072156373354045
0.65,0.3,1.0,0.12,0.66,0.34,0.25,0.5689795918367347,0.45778683368661266,0.7232597623089984,0.6501007387508395,0.0,0.48938321536905965,0.968,0.032,0.0,500,6,0,0.02106576619230975,0.1732924818026552,0.21148532584928248,-0.01602839500920128,-0.03124248117212235,-0.11118001856934534,0.0017583934576513333,1.072156373354045
0.65,0.3,1.0,0.08,0.72,0.38,0.25,0.5706122448979591,0.45966806911157665,0.7284991568296796,0.6505050505050505,0.0,0.4903553299492386,0.966,0.034,0.0,500,6,0,0.021082346395365412,0.1732924818026552,0.21148532584928248,-0.01602839500920128,-0.03124248117212235,-0.11118001856934534,0.0017583934576513333,1.0728424848678566
0.65,0.3,1.0,0.04,0.72,0.38,0.25,0.5706122448979591,0.45966806911157665,0.7284991568296796,0.6505050505050505,0.0,0.4903553299492386,0.966,0.034,0.0,500,6,0,0.021082346395365412,0.1732924818026552,0.21148532584928248,-0.01602839500920128,-0.03124248117212235,-0.11118001856934534,0.0017583934576513333,1.0728424848678566
0.65,0.3,1.0,0.12,0.72,0.38,0.25,0.5706122448979591,0.45966806911157665,0.7284991568296796,0.6505050505050505,0.0,0.4903553299492386,0.966,0.034,0.0,500,6,0,0.021082346395365412,0.1732924818026552,0.21148532584928248,-0.01602839500920128,-0.03124248117212235,-0.11118001856934534,0.0017583934576513333,1.0728424848678566
0.65,0.3,1.0,0.08,0.66,0.38,0.5,0.5681632653061225,0.45691762163478367,0.7210884353741497,0.6496644295302013,0.0,0.4888888888888889,0.968,0.032,0.0,500,6,0,0.01885331840174819,0.1732924818026552,0.21148532584928248,-0.01602839500920128,-0.03124248117212235,-0.11118001856934534,0.0017583934576513333,1.0738419119364861
0.65,0.3,1.0,0.04,0.66,0.38,0.5,0.5681632653061225,0.45691762163478367,0.7210884353741497,0.6496644295302013,0.0,0.4888888888888889,0.968,0.032,0.0,500,6,0,0.01885331840174819,0.1732924818026552,0.21148532584928248,-0.01602839500920128,-0.03124248117212235,-0.11118001856934534,0.0017583934576513333,1.0738419119364861
0.65,0.3,1.0,0.12,0.66,0.38,0.5,0.5681632653061225,0.45691762163478367,0.7210884353741497,0.6496644295302013,0.0,0.4888888888888889,0.968,0.032,0.0,500,6,0,0.01885331840174819,0.1732924818026552,0.21148532584928248,-0.01602839500920128,-0.03124248117212235,-0.11118001856934534,0.0017583934576513333,1.0738419119364861
0.65,0.3,1.0,0.12,0.66,0.42,0.5,0.5722448979591837,0.46023042733195885,0.7275747508305648,0.6531165311653117,0.0,0.49385245901639346,0.964,0.036,0.0,500,6,0,0.019097197339137863,0.1732924818026552,0.21148532584928248,-0.01602839500920128,-0.03124248117212235,-0.11118001856934534,0.0017583934576513333,1.0748474735862497
0.65,0.3,1.0,0.04,0.66,0.42,0.5,0.5722448979591837,0.46023042733195885,0.7275747508305648,0.6531165311653117,0.0,0.49385245901639346,0.964,0.036,0.0,500,6,0,0.019097197339137863,0.1732924818026552,0.21148532584928248,-0.01602839500920128,-0.03124248117212235,-0.11118001856934534,0.0017583934576513333,1.0748474735862497
0.65,0.3,1.0,0.08,0.66,0.42,0.5,0.5722448979591837,0.46023042733195885,0.7275747508305648,0.6531165311653117,0.0,0.49385245901639346,0.964,0.036,0.0,500,6,0,0.019097197339137863,0.1732924818026552,0.21148532584928248,-0.01602839500920128,-0.03124248117212235,-0.11118001856934534,0.0017583934576513333,1.0748474735862497
0.65,0.3,1.2,0.12,0.6,0.42,0.25,0.5363265306122449,0.4178137921835401,0.615686274509804,0.6377551020408163,0.0,0.4681647940074906,1.0,0.0,0.0,500,2,0,0.017300958059967318,0.1732924818026552,0.21148532584928248,-0.01602839500920128,-0.03124248117212235,-0.11118001856934534,0.0017583934576513333,1.0775824760816073
0.65,0.3,1.2,0.04,0.6,0.42,0.25,0.5363265306122449,0.4178137921835401,0.615686274509804,0.6377551020408163,0.0,0.4681647940074906,1.0,0.0,0.0,500,2,0,0.017300958059967318,0.1732924818026552,0.21148532584928248,-0.01602839500920128,-0.03124248117212235,-0.11118001856934534,0.0017583934576513333,1.0775824760816073
0.65,0.3,1.2,0.08,0.6,0.42,0.25,0.5363265306122449,0.4178137921835401,0.615686274509804,0.6377551020408163,0.0,0.4681647940074906,1.0,0.0,0.0,500,2,0,0.017300958059967318,0.1732924818026552,0.21148532584928248,-0.01602839500920128,-0.03124248117212235,-0.11118001856934534,0.0017583934576513333,1.0775824760816073
0.65,0.2,1.0,0.04,0.6,0.42,0.5,0.5681632653061225,0.4570758155640606,0.7220338983050848,0.6491935483870968,0.0,0.4888663967611336,0.966,0.034,0.0,500,6,0,0.018990953658986634,0.1732924818026552,0.21148532584928248,-0.01602839500920128,-0.03124248117212235,-0.11118001856934534,0.0017583934576513333,1.0778837180072092
0.65,0.2,1.0,0.08,0.6,0.42,0.5,0.5681632653061225,0.4570758155640606,0.7220338983050848,0.6491935483870968,0.0,0.4888663967611336,0.966,0.034,0.0,500,6,0,0.018990953658986634,0.1732924818026552,0.21148532584928248,-0.01602839500920128,-0.03124248117212235,-0.11118001856934534,0.0017583934576513333,1.0778837180072092
0.65,0.2,1.0,0.12,0.6,0.42,0.5,0.5681632653061225,0.4570758155640606,0.7220338983050848,0.6491935483870968,0.0,0.4888663967611336,0.966,0.034,0.0,500,6,0,0.018990953658986634,0.1732924818026552,0.21148532584928248,-0.01602839500920128,-0.03124248117212235,-0.11118001856934534,0.0017583934576513333,1.0778837180072092
0.65,0.3,1.0,0.08,0.6,0.34,0.5,0.5681632653061225,0.45655396311520136,0.7195945945945946,0.6500672947510094,0.0,0.4898580121703854,0.966,0.034,0.0,500,6,0,0.01889183158377319,0.1732924818026552,0.21148532584928248,-0.01602839500920128,-0.03124248117212235,-0.11118001856934534,0.0017583934576513333,1.0784055704560684
0.65,0.3,1.0,0.04,0.6,0.34,0.5,0.5681632653061225,0.45655396311520136,0.7195945945945946,0.6500672947510094,0.0,0.4898580121703854,0.966,0.034,0.0,500,6,0,0.01889183158377319,0.1732924818026552,0.21148532584928248,-0.01602839500920128,-0.03124248117212235,-0.11118001856934534,0.0017583934576513333,1.0784055704560684
0.65,0.3,1.0,0.12,0.6,0.34,0.5,0.5681632653061225,0.45655396311520136,0.7195945945945946,0.6500672947510094,0.0,0.4898580121703854,0.966,0.034,0.0,500,6,0,0.01889183158377319,0.1732924818026552,0.21148532584928248,-0.01602839500920128,-0.03124248117212235,-0.11118001856934534,0.0017583934576513333,1.0784055704560684
0.65,0.3,1.0,0.12,0.66,0.38,0.25,0.5697959183673469,0.4584348498159872,0.7248322147651006,0.650472334682861,0.0,0.4908350305498982,0.964,0.036,0.0,500,6,0,0.02111984348940279,0.1732924818026552,0.21148532584928248,-0.01602839500920128,-0.03124248117212235,-0.11118001856934534,0.0017583934576513333,1.0790920306940581
0.65,0.3,1.0,0.04,0.66,0.38,0.25,0.5697959183673469,0.4584348498159872,0.7248322147651006,0.650472334682861,0.0,0.4908350305498982,0.964,0.036,0.0,500,6,0,0.02111984348940279,0.1732924818026552,0.21148532584928248,-0.01602839500920128,-0.03124248117212235,-0.11118001856934534,0.0017583934576513333,1.0790920306940581
0.65,0.3,1.0,0.08,0.66,0.38,0.25,0.5697959183673469,0.4584348498159872,0.7248322147651006,0.650472334682861,0.0,0.4908350305498982,0.964,0.036,0.0,500,6,0,0.02111984348940279,0.1732924818026552,0.21148532584928248,-0.01602839500920128,-0.03124248117212235,-0.11118001856934534,0.0017583934576513333,1.0790920306940581
0.65,0.2,1.0,0.08,0.6,0.42,0.25,0.5697959183673469,0.4581765455682645,0.7236180904522613,0.6509115462525321,0.0,0.49133537206931704,0.964,0.036,0.0,500,6,0,0.0212202965979787,0.1732924818026552,0.21148532584928248,-0.01602839500920128,-0.03124248117212235,-0.11118001856934534,0.0017583934576513333,1.0793503349417808
0.65,0.2,1.0,0.04,0.6,0.42,0.25,0.5697959183673469,0.4581765455682645,0.7236180904522613,0.6509115462525321,0.0,0.49133537206931704,0.964,0.036,0.0,500,6,0,0.0212202965979787,0.1732924818026552,0.21148532584928248,-0.01602839500920128,-0.03124248117212235,-0.11118001856934534,0.0017583934576513333,1.0793503349417808
0.65,0.2,1.0,0.12,0.6,0.42,0.25,0.5697959183673469,0.4581765455682645,0.7236180904522613,0.6509115462525321,0.0,0.49133537206931704,0.964,0.036,0.0,500,6,0,0.0212202965979787,0.1732924818026552,0.21148532584928248,-0.01602839500920128,-0.03124248117212235,-0.11118001856934534,0.0017583934576513333,1.0793503349417808
0.65,0.3,1.0,0.08,0.72,0.42,0.5,0.5689795918367347,0.457316281583325,0.7214765100671141,0.650472334682861,0.0,0.4908350305498982,0.964,0.036,0.0,500,6,0,0.019035204211822466,0.1732924818026552,0.21148532584928248,-0.01602839500920128,-0.03124248117212235,-0.11118001856934534,0.0017583934576513333,1.0810269254573326
0.65,0.3,1.0,0.12,0.72,0.42,0.5,0.5689795918367347,0.457316281583325,0.7214765100671141,0.650472334682861,0.0,0.4908350305498982,0.964,0.036,0.0,500,6,0,0.019035204211822466,0.1732924818026552,0.21148532584928248,-0.01602839500920128,-0.03124248117212235,-0.11118001856934534,0.0017583934576513333,1.0810269254573326
0.65,0.3,1.0,0.04,0.72,0.42,0.5,0.5689795918367347,0.457316281583325,0.7214765100671141,0.650472334682861,0.0,0.4908350305498982,0.964,0.036,0.0,500,6,0,0.019035204211822466,0.1732924818026552,0.21148532584928248,-0.01602839500920128,-0.03124248117212235,-0.11118001856934534,0.0017583934576513333,1.0810269254573326
0.65,0.3,1.0,0.08,0.6,0.38,0.5,0.5689795918367347,0.45680496550061767,0.7190635451505016,0.6513513513513514,0.0,0.49183673469387756,0.964,0.036,0.0,500,6,0,0.019026312109159543,0.1732924818026552,0.21148532584928248,-0.01602839500920128,-0.03124248117212235,-0.11118001856934534,0.0017583934576513333,1.0815382415400399
0.65,0.3,1.0,0.04,0.6,0.38,0.5,0.5689795918367347,0.45680496550061767,0.7190635451505016,0.6513513513513514,0.0,0.49183673469387756,0.964,0.036,0.0,500,6,0,0.019026312109159543,0.1732924818026552,0.21148532584928248,-0.01602839500920128,-0.03124248117212235,-0.11118001856934534,0.0017583934576513333,1.0815382415400399
0.65,0.3,1.0,0.12,0.6,0.38,0.5,0.5689795918367347,0.45680496550061767,0.7190635451505016,0.6513513513513514,0.0,0.49183673469387756,0.964,0.036,0.0,500,6,0,0.019026312109159543,0.1732924818026552,0.21148532584928248,-0.01602839500920128,-0.03124248117212235,-0.11118001856934534,0.0017583934576513333,1.0815382415400399
0.65,0.3,1.2,0.08,0.66,0.42,0.25,0.5330612244897959,0.4136251328418603,0.6047430830039525,0.6361323155216285,0.0,0.4664179104477612,1.0,0.0,0.0,500,2,0,0.01725193161827886,0.1732924818026552,0.21148532584928248,-0.01602839500920128,-0.03124248117212235,-0.11118001856934534,0.0017583934576513333,1.085036441545736
0.65,0.3,1.2,0.04,0.66,0.42,0.25,0.5330612244897959,0.4136251328418603,0.6047430830039525,0.6361323155216285,0.0,0.4664179104477612,1.0,0.0,0.0,500,2,0,0.01725193161827886,0.1732924818026552,0.21148532584928248,-0.01602839500920128,-0.03124248117212235,-0.11118001856934534,0.0017583934576513333,1.085036441545736
0.65,0.3,1.2,0.12,0.66,0.42,0.25,0.5330612244897959,0.4136251328418603,0.6047430830039525,0.6361323155216285,0.0,0.4664179104477612,1.0,0.0,0.0,500,2,0,0.01725193161827886,0.1732924818026552,0.21148532584928248,-0.01602839500920128,-0.03124248117212235,-0.11118001856934534,0.0017583934576513333,1.085036441545736
0.65,0.3,1.0,0.04,0.6,0.34,0.25,0.5689795918367347,0.45721382982606046,0.7212020033388982,0.6504394861392833,0.0,0.491317671092952,0.962,0.038,0.0,500,6,0,0.02116417258995918,0.1732924818026552,0.21148532584928248,-0.01602839500920128,-0.03124248117212235,-0.11118001856934534,0.0017583934576513333,1.085329377214597
0.65,0.3,1.0,0.08,0.6,0.34,0.25,0.5689795918367347,0.45721382982606046,0.7212020033388982,0.6504394861392833,0.0,0.491317671092952,0.962,0.038,0.0,500,6,0,0.02116417258995918,0.1732924818026552,0.21148532584928248,-0.01602839500920128,-0.03124248117212235,-0.11118001856934534,0.0017583934576513333,1.085329377214597
0.65,0.3,1.0,0.12,0.6,0.34,0.25,0.5689795918367347,0.45721382982606046,0.7212020033388982,0.6504394861392833,0.0,0.491317671092952,0.962,0.038,0.0,500,6,0,0.02116417258995918,0.1732924818026552,0.21148532584928248,-0.01602839500920128,-0.03124248117212235,-0.11118001856934534,0.0017583934576513333,1.085329377214597
0.65,0.3,1.2,0.08,0.6,0.42,0.5,0.5314285714285715,0.4115101214847085,0.5992063492063492,0.6353240152477764,0.0,0.4655493482309125,1.0,0.0,0.0,500,1,0,0.014579891613813659,0.1732924818026552,0.21148532584928248,-0.01602839500920128,-0.03124248117212235,-0.11118001856934534,0.0017583934576513333,1.0887841059641123
0.65,0.3,1.2,0.12,0.6,0.42,0.5,0.5314285714285715,0.4115101214847085,0.5992063492063492,0.6353240152477764,0.0,0.4655493482309125,1.0,0.0,0.0,500,1,0,0.014579891613813659,0.1732924818026552,0.21148532584928248,-0.01602839500920128,-0.03124248117212235,-0.11118001856934534,0.0017583934576513333,1.0887841059641123
0.65,0.3,1.2,0.12,0.72,0.42,0.25,0.5314285714285715,0.4115101214847085,0.5992063492063492,0.6353240152477764,0.0,0.4655493482309125,1.0,0.0,0.0,500,2,0,0.017235218179957493,0.1732924818026552,0.21148532584928248,-0.01602839500920128,-0.03124248117212235,-0.11118001856934534,0.0017583934576513333,1.0887841059641123
0.65,0.3,1.2,0.04,0.6,0.42,0.5,0.5314285714285715,0.4115101214847085,0.5992063492063492,0.6353240152477764,0.0,0.4655493482309125,1.0,0.0,0.0,500,1,0,0.014579891613813659,0.1732924818026552,0.21148532584928248,-0.01602839500920128,-0.03124248117212235,-0.11118001856934534,0.0017583934576513333,1.0887841059641123
0.65,0.3,1.2,0.08,0.72,0.42,0.25,0.5314285714285715,0.4115101214847085,0.5992063492063492,0.6353240152477764,0.0,0.4655493482309125,1.0,0.0,0.0,500,2,0,0.017235218179957493,0.1732924818026552,0.21148532584928248,-0.01602839500920128,-0.03124248117212235,-0.11118001856934534,0.0017583934576513333,1.0887841059641123
0.65,0.3,1.2,0.04,0.72,0.42,0.25,0.5314285714285715,0.4115101214847085,0.5992063492063492,0.6353240152477764,0.0,0.4655493482309125,1.0,0.0,0.0,500,2,0,0.017235218179957493,0.1732924818026552,0.21148532584928248,-0.01602839500920128,-0.03124248117212235,-0.11118001856934534,0.0017583934576513333,1.0887841059641123
0.65,0.3,1.2,0.12,0.6,0.38,0.25,0.5289795918367347,0.40831125742596397,0.590818363273453,0.6341154090044389,0.0,0.46425255338904364,1.0,0.0,0.0,500,1,0,0.017232327509918408,0.1732924818026552,0.21148532584928248,-0.01602839500920128,-0.03124248117212235,-0.11118001856934534,0.0017583934576513333,1.0944319496146935
0.65,0.3,1.2,0.12,0.66,0.42,0.5,0.5289795918367347,0.40831125742596397,0.590818363273453,0.6341154090044389,0.0,0.46425255338904364,1.0,0.0,0.0,500,1,0,0.014458065095805956,0.1732924818026552,0.21148532584928248,-0.01602839500920128,-0.03124248117212235,-0.11118001856934534,0.0017583934576513333,1.0944319496146935
0.65,0.3,1.2,0.04,0.6,0.38,0.25,0.5289795918367347,0.40831125742596397,0.590818363273453,0.6341154090044389,0.0,0.46425255338904364,1.0,0.0,0.0,500,1,0,0.017232327509918408,0.1732924818026552,0.21148532584928248,-0.01602839500920128,-0.03124248117212235,-0.11118001856934534,0.0017583934576513333,1.0944319496146935
0.65,0.3,1.2,0.08,0.6,0.38,0.25,0.5289795918367347,0.40831125742596397,0.590818363273453,0.6341154090044389,0.0,0.46425255338904364,1.0,0.0,0.0,500,1,0,0.017232327509918408,0.1732924818026552,0.21148532584928248,-0.01602839500920128,-0.03124248117212235,-0.11118001856934534,0.0017583934576513333,1.0944319496146935
0.65,0.3,1.2,0.08,0.66,0.42,0.5,0.5289795918367347,0.40831125742596397,0.590818363273453,0.6341154090044389,0.0,0.46425255338904364,1.0,0.0,0.0,500,1,0,0.014458065095805956,0.1732924818026552,0.21148532584928248,-0.01602839500920128,-0.03124248117212235,-0.11118001856934534,0.0017583934576513333,1.0944319496146935
0.65,0.3,1.2,0.04,0.66,0.42,0.5,0.5289795918367347,0.40831125742596397,0.590818363273453,0.6341154090044389,0.0,0.46425255338904364,1.0,0.0,0.0,500,1,0,0.014458065095805956,0.1732924818026552,0.21148532584928248,-0.01602839500920128,-0.03124248117212235,-0.11118001856934534,0.0017583934576513333,1.0944319496146935
0.65,0.3,1.2,0.04,0.72,0.42,0.5,0.5281632653061225,0.40723785382340516,0.588,0.6337135614702155,0.0,0.46382189239332094,1.0,0.0,0.0,500,1,0,0.01441336454396269,0.1732924818026552,0.21148532584928248,-0.01602839500920128,-0.03124248117212235,-0.11118001856934534,0.0017583934576513333,1.0963216797478645
0.65,0.3,1.2,0.12,0.72,0.42,0.5,0.5281632653061225,0.40723785382340516,0.588,0.6337135614702155,0.0,0.46382189239332094,1.0,0.0,0.0,500,1,0,0.01441336454396269,0.1732924818026552,0.21148532584928248,-0.01602839500920128,-0.03124248117212235,-0.11118001856934534,0.0017583934576513333,1.0963216797478645
0.65,0.3,1.2,0.08,0.72,0.42,0.5,0.5281632653061225,0.40723785382340516,0.588,0.6337135614702155,0.0,0.46382189239332094,1.0,0.0,0.0,500,1,0,0.01441336454396269,0.1732924818026552,0.21148532584928248,-0.01602839500920128,-0.03124248117212235,-0.11118001856934534,0.0017583934576513333,1.0963216797478645
0.65,0.2,1.2,0.12,0.6,0.42,0.25,0.5281632653061225,0.40723785382340516,0.588,0.6337135614702155,0.0,0.46382189239332094,1.0,0.0,0.0,500,1,0,0.017277428215701374,0.1732924818026552,0.21148532584928248,-0.01602839500920128,-0.03124248117212235,-0.11118001856934534,0.0017583934576513333,1.0963216797478645
0.65,0.2,1.2,0.08,0.6,0.42,0.25,0.5281632653061225,0.40723785382340516,0.588,0.6337135614702155,0.0,0.46382189239332094,1.0,0.0,0.0,500,1,0,0.017277428215701374,0.1732924818026552,0.21148532584928248,-0.01602839500920128,-0.03124248117212235,-0.11118001856934534,0.0017583934576513333,1.0963216797478645
0.65,0.2,1.2,0.04,0.6,0.42,0.25,0.5281632653061225,0.40723785382340516,0.588,0.6337135614702155,0.0,0.46382189239332094,1.0,0.0,0.0,500,1,0,0.017277428215701374,0.1732924818026552,0.21148532584928248,-0.01602839500920128,-0.03124248117212235,-0.11118001856934534,0.0017583934576513333,1.0963216797478645
0.65,0.3,1.2,0.12,0.6,0.38,0.5,0.5273469387755102,0.40616085453575507,0.5851703406813628,0.6333122229259025,0.0,0.4633920296570899,1.0,0.0,0.0,500,1,0,0.014349714832324873,0.1732924818026552,0.21148532584928248,-0.01602839500920128,-0.03124248117212235,-0.11118001856934534,0.0017583934576513333,1.098215005566127
0.65,0.3,1.2,0.04,0.6,0.38,0.5,0.5273469387755102,0.40616085453575507,0.5851703406813628,0.6333122229259025,0.0,0.4633920296570899,1.0,0.0,0.0,500,1,0,0.014349714832324873,0.1732924818026552,0.21148532584928248,-0.01602839500920128,-0.03124248117212235,-0.11118001856934534,0.0017583934576513333,1.098215005566127
0.65,0.3,1.2,0.08,0.6,0.38,0.5,0.5273469387755102,0.40616085453575507,0.5851703406813628,0.6333122229259025,0.0,0.4633920296570899,1.0,0.0,0.0,500,1,0,0.014349714832324873,0.1732924818026552,0.21148532584928248,-0.01602839500920128,-0.03124248117212235,-0.11118001856934534,0.0017583934576513333,1.098215005566127
0.65,0.3,1.2,0.08,0.66,0.38,0.25,0.5257142857142857,0.4039959767035695,0.579476861167002,0.6325110689437066,0.0,0.46253469010175763,1.0,0.0,0.0,500,1,0,0.017182457830368175,0.1732924818026552,0.21148532584928248,-0.01602839500920128,-0.03124248117212235,-0.11118001856934534,0.0017583934576513333,1.1020125364595372
0.65,0.3,1.2,0.12,0.6,0.34,0.25,0.5257142857142857,0.4039959767035695,0.579476861167002,0.6325110689437066,0.0,0.46253469010175763,1.0,0.0,0.0,500,1,0,0.017198818313165158,0.1732924818026552,0.21148532584928248,-0.01602839500920128,-0.03124248117212235,-0.11118001856934534,0.0017583934576513333,1.1020125364595372
0.65,0.3,1.2,0.12,0.66,0.38,0.25,0.5257142857142857,0.4039959767035695,0.579476861167002,0.6325110689437066,0.0,0.46253469010175763,1.0,0.0,0.0,500,1,0,0.017182457830368175,0.1732924818026552,0.21148532584928248,-0.01602839500920128,-0.03124248117212235,-0.11118001856934534,0.0017583934576513333,1.1020125364595372
0.65,0.3,1.2,0.04,0.66,0.38,0.25,0.5257142857142857,0.4039959767035695,0.579476861167002,0.6325110689437066,0.0,0.46253469010175763,1.0,0.0,0.0,500,1,0,0.017182457830368175,0.1732924818026552,0.21148532584928248,-0.01602839500920128,-0.03124248117212235,-0.11118001856934534,0.0017583934576513333,1.1020125364595372
0.65,0.3,1.2,0.04,0.6,0.34,0.25,0.5257142857142857,0.4039959767035695,0.579476861167002,0.6325110689437066,0.0,0.46253469010175763,1.0,0.0,0.0,500,1,0,0.017198818313165158,0.1732924818026552,0.21148532584928248,-0.01602839500920128,-0.03124248117212235,-0.11118001856934534,0.0017583934576513333,1.1020125364595372
0.65,0.3,1.2,0.08,0.6,0.34,0.25,0.5257142857142857,0.4039959767035695,0.579476861167002,0.6325110689437066,0.0,0.46253469010175763,1.0,0.0,0.0,500,1,0,0.017198818313165158,0.1732924818026552,0.21148532584928248,-0.01602839500920128,-0.03124248117212235,-0.11118001856934534,0.0017583934576513333,1.1020125364595372
0.65,0.3,1.2,0.12,0.72,0.38,0.25,0.5248979591836734,0.4029080516020282,0.5766129032258065,0.6321112515802781,0.0,0.46210720887245843,1.0,0.0,0.0,500,1,0,0.01716619998884863,0.1732924818026552,0.21148532584928248,-0.01602839500920128,-0.03124248117212235,-0.11118001856934534,0.0017583934576513333,1.1039167880916907
0.65,0.2,1.2,0.12,0.66,0.42,0.25,0.5248979591836734,0.4029080516020282,0.5766129032258065,0.6321112515802781,0.0,0.46210720887245843,1.0,0.0,0.0,500,1,0,0.017230034961290355,0.1732924818026552,0.21148532584928248,-0.01602839500920128,-0.03124248117212235,-0.11118001856934534,0.0017583934576513333,1.1039167880916907
0.65,0.3,1.2,0.04,0.72,0.38,0.25,0.5248979591836734,0.4029080516020282,0.5766129032258065,0.6321112515802781,0.0,0.46210720887245843,1.0,0.0,0.0,500,1,0,0.01716619998884863,0.1732924818026552,0.21148532584928248,-0.01602839500920128,-0.03124248117212235,-0.11118001856934534,0.0017583934576513333,1.1039167880916907
0.65,0.2,1.2,0.04,0.66,0.42,0.25,0.5248979591836734,0.4029080516020282,0.5766129032258065,0.6321112515802781,0.0,0.46210720887245843,1.0,0.0,0.0,500,1,0,0.017230034961290355,0.1732924818026552,0.21148532584928248,-0.01602839500920128,-0.03124248117212235,-0.11118001856934534,0.0017583934576513333,1.1039167880916907
0.65,0.2,1.2,0.08,0.66,0.42,0.25,0.5248979591836734,0.4029080516020282,0.5766129032258065,0.6321112515802781,0.0,0.46210720887245843,1.0,0.0,0.0,500,1,0,0.017230034961290355,0.1732924818026552,0.21148532584928248,-0.01602839500920128,-0.03124248117212235,-0.11118001856934534,0.0017583934576513333,1.1039167880916907
0.65,0.3,1.2,0.08,0.72,0.38,0.25,0.5248979591836734,0.4029080516020282,0.5766129032258065,0.6321112515802781,0.0,0.46210720887245843,1.0,0.0,0.0,500,1,0,0.01716619998884863,0.1732924818026552,0.21148532584928248,-0.01602839500920128,-0.03124248117212235,-0.11118001856934534,0.0017583934576513333,1.1039167880916907
0.65,0.2,1.2,0.12,0.6,0.42,0.5,0.5232653061224489,0.400721111247427,0.5708502024291497,0.6313131313131313,0.0,0.4612546125461255,1.0,0.0,0.0,500,1,0,0.014365423812405628,0.1732924818026552,0.21148532584928248,-0.01602839500920128,-0.03124248117212235,-0.11118001856934534,0.0017583934576513333,1.1077363815075165
0.65,0.2,1.2,0.08,0.6,0.42,0.5,0.5232653061224489,0.400721111247427,0.5708502024291497,0.6313131313131313,0.0,0.4612546125461255,1.0,0.0,0.0,500,1,0,0.014365423812405628,0.1732924818026552,0.21148532584928248,-0.01602839500920128,-0.03124248117212235,-0.11118001856934534,0.0017583934576513333,1.1077363815075165
0.65,0.2,1.2,0.04,0.6,0.42,0.5,0.5232653061224489,0.400721111247427,0.5708502024291497,0.6313131313131313,0.0,0.4612546125461255,1.0,0.0,0.0,500,1,0,0.014365423812405628,0.1732924818026552,0.21148532584928248,-0.01602839500920128,-0.03124248117212235,-0.11118001856934534,0.0017583934576513333,1.1077363815075165
0.65,0.3,1.0,0.12,0.72,0.42,0.25,0.5681632653061225,0.4566042792692187,0.7213114754098361,0.6485013623978202,0.0,0.49173553719008267,0.952,0.048,0.0,500,7,0,0.021181216505355944,0.1732924818026552,0.21148532584928248,-0.01602839500920128,-0.03124248117212235,-0.11118001856934534,0.0017583934576513333,1.1077552543020512
0.65,0.3,1.0,0.08,0.72,0.42,0.25,0.5681632653061225,0.4566042792692187,0.7213114754098361,0.6485013623978202,0.0,0.49173553719008267,0.952,0.048,0.0,500,7,0,0.021181216505355944,0.1732924818026552,0.21148532584928248,-0.01602839500920128,-0.03124248117212235,-0.11118001856934534,0.0017583934576513333,1.1077552543020512
0.65,0.3,1.0,0.04,0.72,0.42,0.25,0.5681632653061225,0.4566042792692187,0.7213114754098361,0.6485013623978202,0.0,0.49173553719008267,0.952,0.048,0.0,500,7,0,0.021181216505355944,0.1732924818026552,0.21148532584928248,-0.01602839500920128,-0.03124248117212235,-0.11118001856934534,0.0017583934576513333,1.1077552543020512
0.65,0.3,1.2,0.04,0.6,0.34,0.5,0.5224489795918368,0.3996220483189468,0.5679513184584178,0.6309148264984227,0.0,0.4608294930875576,1.0,0.0,0.0,500,0,0,0.0142247531274397,0.1732924818026552,0.21148532584928248,-0.01602839500920128,-0.03124248117212235,-0.11118001856934534,0.0017583934576513333,1.1096517709666087
0.65,0.3,1.2,0.12,0.72,0.38,0.5,0.5224489795918368,0.3996220483189468,0.5679513184584178,0.6309148264984227,0.0,0.4608294930875576,1.0,0.0,0.0,500,0,0,0.014191166881501531,0.1732924818026552,0.21148532584928248,-0.01602839500920128,-0.03124248117212235,-0.11118001856934534,0.0017583934576513333,1.1096517709666087
0.65,0.3,1.2,0.12,0.66,0.34,0.5,0.5224489795918368,0.3996220483189468,0.5679513184584178,0.6309148264984227,0.0,0.4608294930875576,1.0,0.0,0.0,500,0,0,0.014111558624961506,0.1732924818026552,0.21148532584928248,-0.01602839500920128,-0.03124248117212235,-0.11118001856934534,0.0017583934576513333,1.1096517709666087
0.65,0.3,1.2,0.08,0.6,0.34,0.5,0.5224489795918368,0.3996220483189468,0.5679513184584178,0.6309148264984227,0.0,0.4608294930875576,1.0,0.0,0.0,500,0,0,0.0142247531274397,0.1732924818026552,0.21148532584928248,-0.01602839500920128,-0.03124248117212235,-0.11118001856934534,0.0017583934576513333,1.1096517709666087
0.65,0.3,1.2,0.12,0.6,0.34,0.5,0.5224489795918368,0.3996220483189468,0.5679513184584178,0.6309148264984227,0.0,0.4608294930875576,1.0,0.0,0.0,500,0,0,0.0142247531274397,0.1732924818026552,0.21148532584928248,-0.01602839500920128,-0.03124248117212235,-0.11118001856934534,0.0017583934576513333,1.1096517709666087
0.65,0.3,1.2,0.04,0.66,0.38,0.5,0.5224489795918368,0.3996220483189468,0.5679513184584178,0.6309148264984227,0.0,0.4608294930875576,1.0,0.0,0.0,500,0,0,0.014233790506670382,0.1732924818026552,0.21148532584928248,-0.01602839500920128,-0.03124248117212235,-0.11118001856934534,0.0017583934576513333,1.1096517709666087
0.65,0.3,1.2,0.04,0.66,0.34,0.5,0.5224489795918368,0.3996220483189468,0.5679513184584178,0.6309148264984227,0.0,0.4608294930875576,1.0,0.0,0.0,500,0,0,0.014111558624961506,0.1732924818026552,0.21148532584928248,-0.01602839500920128,-0.03124248117212235,-0.11118001856934534,0.0017583934576513333,1.1096517709666087
0.65,0.3,1.2,0.08,0.66,0.38,0.5,0.5224489795918368,0.3996220483189468,0.5679513184584178,0.6309148264984227,0.0,0.4608294930875576,1.0,0.0,0.0,500,0,0,0.014233790506670382,0.1732924818026552,0.21148532584928248,-0.01602839500920128,-0.03124248117212235,-0.11118001856934534,0.0017583934576513333,1.1096517709666087
0.65,0.2,1.2,0.12,0.66,0.42,0.5,0.5224489795918368,0.3996220483189468,0.5679513184584178,0.6309148264984227,0.0,0.4608294930875576,1.0,0.0,0.0,500,0,0,0.014246907941468162,0.1732924818026552,0.21148532584928248,-0.01602839500920128,-0.03124248117212235,-0.11118001856934534,0.0017583934576513333,1.1096517709666087
0.65,0.2,1.2,0.04,0.66,0.42,0.5,0.5224489795918368,0.3996220483189468,0.5679513184584178,0.6309148264984227,0.0,0.4608294930875576,1.0,0.0,0.0,500,0,0,0.014246907941468162,0.1732924818026552,0.21148532584928248,-0.01602839500920128,-0.03124248117212235,-0.11118001856934534,0.0017583934576513333,1.1096517709666087
0.65,0.2,1.2,0.08,0.66,0.42,0.5,0.5224489795918368,0.3996220483189468,0.5679513184584178,0.6309148264984227,0.0,0.4608294930875576,1.0,0.0,0.0,500,0,0,0.014246907941468162,0.1732924818026552,0.21148532584928248,-0.01602839500920128,-0.03124248117212235,-0.11118001856934534,0.0017583934576513333,1.1096517709666087
0.65,0.3,1.2,0.12,0.66,0.38,0.5,0.5224489795918368,0.3996220483189468,0.5679513184584178,0.6309148264984227,0.0,0.4608294930875576,1.0,0.0,0.0,500,0,0,0.014233790506670382,0.1732924818026552,0.21148532584928248,-0.01602839500920128,-0.03124248117212235,-0.11118001856934534,0.0017583934576513333,1.1096517709666087
0.65,0.3,1.2,0.04,0.72,0.38,0.5,0.5224489795918368,0.3996220483189468,0.5679513184584178,0.6309148264984227,0.0,0.4608294930875576,1.0,0.0,0.0,500,0,0,0.014191166881501531,0.1732924818026552,0.21148532584928248,-0.01602839500920128,-0.03124248117212235,-0.11118001856934534,0.0017583934576513333,1.1096517709666087
0.65,0.3,1.2,0.08,0.72,0.38,0.5,0.5224489795918368,0.3996220483189468,0.5679513184584178,0.6309148264984227,0.0,0.4608294930875576,1.0,0.0,0.0,500,0,0,0.014191166881501531,0.1732924818026552,0.21148532584928248,-0.01602839500920128,-0.03124248117212235,-0.11118001856934534,0.0017583934576513333,1.1096517709666087
0.65,0.3,1.2,0.08,0.66,0.34,0.5,0.5224489795918368,0.3996220483189468,0.5679513184584178,0.6309148264984227,0.0,0.4608294930875576,1.0,0.0,0.0,500,0,0,0.014111558624961506,0.1732924818026552,0.21148532584928248,-0.01602839500920128,-0.03124248117212235,-0.11118001856934534,0.0017583934576513333,1.1096517709666087
0.65,0.3,1.2,0.08,0.72,0.34,0.5,0.5216326530612245,0.398519224788717,0.5650406504065041,0.6305170239596469,0.0,0.4604051565377532,1.0,0.0,0.0,500,0,0,0.014070417969598525,0.1732924818026552,0.21148532584928248,-0.01602839500920128,-0.03124248117212235,-0.11118001856934534,0.0017583934576513333,1.1115709210274507
0.65,0.3,1.2,0.12,0.66,0.34,0.25,0.5216326530612245,0.398519224788717,0.5650406504065041,0.6305170239596469,0.0,0.4604051565377532,1.0,0.0,0.0,500,0,0,0.017149471160937027,0.1732924818026552,0.21148532584928248,-0.01602839500920128,-0.03124248117212235,-0.11118001856934534,0.0017583934576513333,1.1115709210274507
0.65,0.3,1.2,0.12,0.72,0.34,0.5,0.5216326530612245,0.398519224788717,0.5650406504065041,0.6305170239596469,0.0,0.4604051565377532,1.0,0.0,0.0,500,0,0,0.014070417969598525,0.1732924818026552,0.21148532584928248,-0.01602839500920128,-0.03124248117212235,-0.11118001856934534,0.0017583934576513333,1.1115709210274507
0.65,0.2,1.2,0.08,0.6,0.38,0.5,0.5216326530612245,0.398519224788717,0.5650406504065041,0.6305170239596469,0.0,0.4604051565377532,1.0,0.0,0.0,500,0,0,0.014129129910850921,0.1732924818026552,0.21148532584928248,-0.01602839500920128,-0.03124248117212235,-0.11118001856934534,0.0017583934576513333,1.1115709210274507
0.65,0.2,1.2,0.08,0.72,0.42,0.25,0.5216326530612245,0.398519224788717,0.5650406504065041,0.6305170239596469,0.0,0.4604051565377532,1.0,0.0,0.0,500,1,0,0.01721522916801593,0.1732924818026552,0.21148532584928248,-0.01602839500920128,-0.03124248117212235,-0.11118001856934534,0.0017583934576513333,1.1115709210274507
0.65,0.2,1.2,0.08,0.66,0.38,0.5,0.5216326530612245,0.398519224788717,0.5650406504065041,0.6305170239596469,0.0,0.4604051565377532,1.0,0.0,0.0,500,0,0,0.014018938597844558,0.1732924818026552,0.21148532584928248,-0.01602839500920128,-0.03124248117212235,-0.11118001856934534,0.0017583934576513333,1.1115709210274507
0.65,0.2,1.2,0.12,0.6,0.34,0.5,0.5216326530612245,0.398519224788717,0.5650406504065041,0.6305170239596469,0.0,0.4604051565377532,1.0,0.0,0.0,500,0,0,0.014003947161035708,0.1732924818026552,0.21148532584928248,-0.01602839500920128,-0.03124248117212235,-0.11118001856934534,0.0017583934576513333,1.1115709210274507
0.65,0.2,1.2,0.12,0.72,0.42,0.25,0.5216326530612245,0.398519224788717,0.5650406504065041,0.6305170239596469,0.0,0.4604051565377532,1.0,0.0,0.0,500,1,0,0.01721522916801593,0.1732924818026552,0.21148532584928248,-0.01602839500920128,-0.03124248117212235,-0.11118001856934534,0.0017583934576513333,1.1115709210274507
0.65,0.2,1.2,0.12,0.72,0.42,0.5,0.5216326530612245,0.398519224788717,0.5650406504065041,0.6305170239596469,0.0,0.4604051565377532,1.0,0.0,0.0,500,0,0,0.014204483818381358,0.1732924818026552,0.21148532584928248,-0.01602839500920128,-0.03124248117212235,-0.11118001856934534,0.0017583934576513333,1.1115709210274507
0.65,0.3,1.2,0.08,0.66,0.34,0.25,0.5216326530612245,0.398519224788717,0.5650406504065041,0.6305170239596469,0.0,0.4604051565377532,1.0,0.0,0.0,500,0,0,0.017149471160937027,0.1732924818026552,0.21148532584928248,-0.01602839500920128,-0.03124248117212235,-0.11118001856934534,0.0017583934576513333,1.1115709210274507
0.65,0.3,1.2,0.04,0.66,0.34,0.25,0.5216326530612245,0.398519224788717,0.5650406504065041,0.6305170239596469,0.0,0.4604051565377532,1.0,0.0,0.0,500,0,0,0.017149471160937027,0.1732924818026552,0.21148532584928248,-0.01602839500920128,-0.03124248117212235,-0.11118001856934534,0.0017583934576513333,1.1115709210274507
0.65,0.2,1.2,0.12,0.6,0.38,0.5,0.5216326530612245,0.398519224788717,0.5650406504065041,0.6305170239596469,0.0,0.4604051565377532,1.0,0.0,0.0,500,0,0,0.014129129910850921,0.1732924818026552,0.21148532584928248,-0.01602839500920128,-0.03124248117212235,-0.11118001856934534,0.0017583934576513333,1.1115709210274507
0.65,0.2,1.2,0.12,0.66,0.38,0.5,0.5216326530612245,0.398519224788717,0.5650406504065041,0.6305170239596469,0.0,0.4604051565377532,1.0,0.0,0.0,500,0,0,0.014018938597844558,0.1732924818026552,0.21148532584928248,-0.01602839500920128,-0.03124248117212235,-0.11118001856934534,0.0017583934576513333,1.1115709210274507
0.65,0.2,1.2,0.08,0.72,0.42,0.5,0.5216326530612245,0.398519224788717,0.5650406504065041,0.6305170239596469,0.0,0.4604051565377532,1.0,0.0,0.0,500,0,0,0.014204483818381358,0.1732924818026552,0.21148532584928248,-0.01602839500920128,-0.03124248117212235,-0.11118001856934534,0.0017583934576513333,1.1115709210274507
0.65,0.2,1.2,0.04,0.6,0.38,0.5,0.5216326530612245,0.398519224788717,0.5650406504065041,0.6305170239596469,0.0,0.4604051565377532,1.0,0.0,0.0,500,0,0,0.014129129910850921,0.1732924818026552,0.21148532584928248,-0.01602839500920128,-0.03124248117212235,-0.11118001856934534,0.0017583934576513333,1.1115709210274507
0.65,0.2,1.2,0.04,0.72,0.42,0.25,0.5216326530612245,0.398519224788717,0.5650406504065041,0.6305170239596469,0.0,0.4604051565377532,1.0,0.0,0.0,500,1,0,0.01721522916801593,0.1732924818026552,0.21148532584928248,-0.01602839500920128,-0.03124248117212235,-0.11118001856934534,0.0017583934576513333,1.1115709210274507
0.65,0.2,1.2,0.04,0.72,0.42,0.5,0.5216326530612245,0.398519224788717,0.5650406504065041,0.6305170239596469,0.0,0.4604051565377532,1.0,0.0,0.0,500,0,0,0.014204483818381358,0.1732924818026552,0.21148532584928248,-0.01602839500920128,-0.03124248117212235,-0.11118001856934534,0.0017583934576513333,1.1115709210274507
0.65,0.2,1.2,0.04,0.66,0.38,0.5,0.5216326530612245,0.398519224788717,0.5650406504065041,0.6305170239596469,0.0,0.4604051565377532,1.0,0.0,0.0,500,0,0,0.014018938597844558,0.1732924818026552,0.21148532584928248,-0.01602839500920128,-0.03124248117212235,-0.11118001856934534,0.0017583934576513333,1.1115709210274507
0.65,0.2,1.2,0.08,0.6,0.34,0.5,0.5216326530612245,0.398519224788717,0.5650406504065041,0.6305170239596469,0.0,0.4604051565377532,1.0,0.0,0.0,500,0,0,0.014003947161035708,0.1732924818026552,0.21148532584928248,-0.01602839500920128,-0.03124248117212235,-0.11118001856934534,0.0017583934576513333,1.1115709210274507
0.65,0.3,1.2,0.04,0.72,0.34,0.5,0.5216326530612245,0.398519224788717,0.5650406504065041,0.6305170239596469,0.0,0.4604051565377532,1.0,0.0,0.0,500,0,0,0.014070417969598525,0.1732924818026552,0.21148532584928248,-0.01602839500920128,-0.03124248117212235,-0.11118001856934534,0.0017583934576513333,1.1115709210274507
0.65,0.1,1.2,0.12,0.6,0.42,0.5,0.5216326530612245,0.398519224788717,0.5650406504065041,0.6305170239596469,0.0,0.4604051565377532,1.0,0.0,0.0,500,0,0,0.014190309156016614,0.1732924818026552,0.21148532584928248,-0.01602839500920128,-0.03124248117212235,-0.11118001856934534,0.0017583934576513333,1.1115709210274507
0.65,0.1,1.2,0.12,0.66,0.42,0.5,0.5216326530612245,0.398519224788717,0.5650406504065041,0.6305170239596469,0.0,0.4604051565377532,1.0,0.0,0.0,500,0,0,0.014077868309528294,0.1732924818026552,0.21148532584928248,-0.01602839500920128,-0.03124248117212235,-0.11118001856934534,0.0017583934576513333,1.1115709210274507
0.65,0.1,1.2,0.04,0.66,0.42,0.5,0.5216326530612245,0.398519224788717,0.5650406504065041,0.6305170239596469,0.0,0.4604051565377532,1.0,0.0,0.0,500,0,0,0.014077868309528294,0.1732924818026552,0.21148532584928248,-0.01602839500920128,-0.03124248117212235,-0.11118001856934534,0.0017583934576513333,1.1115709210274507
0.65,0.1,1.2,0.08,0.6,0.42,0.5,0.5216326530612245,0.398519224788717,0.5650406504065041,0.6305170239596469,0.0,0.4604051565377532,1.0,0.0,0.0,500,0,0,0.014190309156016614,0.1732924818026552,0.21148532584928248,-0.01602839500920128,-0.03124248117212235,-0.11118001856934534,0.0017583934576513333,1.1115709210274507
0.65,0.1,1.2,0.04,0.6,0.42,0.5,0.5216326530612245,0.398519224788717,0.5650406504065041,0.6305170239596469,0.0,0.4604051565377532,1.0,0.0,0.0,500,0,0,0.014190309156016614,0.1732924818026552,0.21148532584928248,-0.01602839500920128,-0.03124248117212235,-0.11118001856934534,0.0017583934576513333,1.1115709210274507
0.65,0.1,1.2,0.08,0.66,0.42,0.5,0.5216326530612245,0.398519224788717,0.5650406504065041,0.6305170239596469,0.0,0.4604051565377532,1.0,0.0,0.0,500,0,0,0.014077868309528294,0.1732924818026552,0.21148532584928248,-0.01602839500920128,-0.03124248117212235,-0.11118001856934534,0.0017583934576513333,1.1115709210274507
0.65,0.2,1.2,0.04,0.6,0.34,0.5,0.5216326530612245,0.398519224788717,0.5650406504065041,0.6305170239596469,0.0,0.4604051565377532,1.0,0.0,0.0,500,0,0,0.014003947161035708,0.1732924818026552,0.21148532584928248,-0.01602839500920128,-0.03124248117212235,-0.11118001856934534,0.0017583934576513333,1.1115709210274507
0.65,0.3,1.2,0.04,0.72,0.34,0.25,0.5208163265306123,0.3974126163400782,0.5621181262729125,0.630119722747322,0.0,0.45998160073597055,1.0,0.0,0.0,500,0,0,0.017133404665373296,0.1732924818026552,0.21148532584928248,-0.01602839500920128,-0.03124248117212235,-0.11118001856934534,0.0017583934576513333,1.1134938560067018
0.65,0.1,1.2,0.12,0.72,0.42,0.5,0.5208163265306123,0.3974126163400782,0.5621181262729125,0.630119722747322,0.0,0.45998160073597055,1.0,0.0,0.0,500,0,0,0.014038259725548986,0.1732924818026552,0.21148532584928248,-0.01602839500920128,-0.03124248117212235,-0.11118001856934534,0.0017583934576513333,1.1134938560067018
0.65,0.3,1.2,0.12,0.72,0.34,0.25,0.5208163265306123,0.3974126163400782,0.5621181262729125,0.630119722747322,0.0,0.45998160073597055,1.0,0.0,0.0,500,0,0,0.017133404665373296,0.1732924818026552,0.21148532584928248,-0.01602839500920128,-0.03124248117212235,-0.11118001856934534,0.0017583934576513333,1.1134938560067018
0.65,0.2,1.2,0.04,0.72,0.38,0.5,0.5208163265306123,0.3974126163400782,0.5621181262729125,0.630119722747322,0.0,0.45998160073597055,1.0,0.0,0.0,500,0,0,0.01397948954320545,0.1732924818026552,0.21148532584928248,-0.01602839500920128,-0.03124248117212235,-0.11118001856934534,0.0017583934576513333,1.1134938560067018
0.65,0.1,1.2,0.08,0.72,0.42,0.5,0.5208163265306123,0.3974126163400782,0.5621181262729125,0.630119722747322,0.0,0.45998160073597055,1.0,0.0,0.0,500,0,0,0.014038259725548986,0.1732924818026552,0.21148532584928248,-0.01602839500920128,-0.03124248117212235,-0.11118001856934534,0.0017583934576513333,1.1134938560067018
0.65,0.1,1.2,0.04,0.72,0.42,0.5,0.5208163265306123,0.3974126163400782,0.5621181262729125,0.630119722747322,0.0,0.45998160073597055,1.0,0.0,0.0,500,0,0,0.014038259725548986,0.1732924818026552,0.21148532584928248,-0.01602839500920128,-0.03124248117212235,-0.11118001856934534,0.0017583934576513333,1.1134938560067018
0.65,0.2,1.2,0.12,0.72,0.38,0.5,0.5208163265306123,0.3974126163400782,0.5621181262729125,0.630119722747322,0.0,0.45998160073597055,1.0,0.0,0.0,500,0,0,0.01397948954320545,0.1732924818026552,0.21148532584928248,-0.01602839500920128,-0.03124248117212235,-0.11118001856934534,0.0017583934576513333,1.1134938560067018
0.65,0.2,1.2,0.12,0.6,0.38,0.25,0.5208163265306123,0.3974126163400782,0.5621181262729125,0.630119722747322,0.0,0.45998160073597055,1.0,0.0,0.0,500,0,0,0.017210790740591602,0.1732924818026552,0.21148532584928248,-0.01602839500920128,-0.03124248117212235,-0.11118001856934534,0.0017583934576513333,1.1134938560067018
0.65,0.2,1.2,0.08,0.72,0.38,0.5,0.5208163265306123,0.3974126163400782,0.5621181262729125,0.630119722747322,0.0,0.45998160073597055,1.0,0.0,0.0,500,0,0,0.01397948954320545,0.1732924818026552,0.21148532584928248,-0.01602839500920128,-0.03124248117212235,-0.11118001856934534,0.0017583934576513333,1.1134938560067018
0.65,0.2,1.2,0.08,0.6,0.38,0.25,0.5208163265306123,0.3974126163400782,0.5621181262729125,0.630119722747322,0.0,0.45998160073597055,1.0,0.0,0.0,500,0,0,0.017210790740591602,0.1732924818026552,0.21148532584928248,-0.01602839500920128,-0.03124248117212235,-0.11118001856934534,0.0017583934576513333,1.1134938560067018
0.65,0.3,1.2,0.08,0.72,0.34,0.25,0.5208163265306123,0.3974126163400782,0.5621181262729125,0.630119722747322,0.0,0.45998160073597055,1.0,0.0,0.0,500,0,0,0.017133404665373296,0.1732924818026552,0.21148532584928248,-0.01602839500920128,-0.03124248117212235,-0.11118001856934534,0.0017583934576513333,1.1134938560067018
0.65,0.2,1.2,0.04,0.6,0.38,0.25,0.5208163265306123,0.3974126163400782,0.5621181262729125,0.630119722747322,0.0,0.45998160073597055,1.0,0.0,0.0,500,0,0,0.017210790740591602,0.1732924818026552,0.21148532584928248,-0.01602839500920128,-0.03124248117212235,-0.11118001856934534,0.0017583934576513333,1.1134938560067018
0.65,0.2,1.2,0.04,0.66,0.34,0.25,0.52,0.3963021984612485,0.5591836734693878,0.6297229219143576,0.0,0.45955882352941174,1.0,0.0,0.0,500,0,0,0.017137784666066084,0.1732924818026552,0.21148532584928248,-0.01602839500920128,-0.03124248117212235,-0.11118001856934534,0.0017583934576513333,1.1154206004161438
0.65,0.2,1.2,0.04,0.72,0.38,0.25,0.52,0.3963021984612485,0.5591836734693878,0.6297229219143576,0.0,0.45955882352941174,1.0,0.0,0.0,500,0,0,0.017151875317152867,0.1732924818026552,0.21148532584928248,-0.01602839500920128,-0.03124248117212235,-0.11118001856934534,0.0017583934576513333,1.1154206004161438
0.65,0.2,1.2,0.08,0.6,0.34,0.25,0.52,0.3963021984612485,0.5591836734693878,0.6297229219143576,0.0,0.45955882352941174,1.0,0.0,0.0,500,0,0,0.01718151450913507,0.1732924818026552,0.21148532584928248,-0.01602839500920128,-0.03124248117212235,-0.11118001856934534,0.0017583934576513333,1.1154206004161438
0.65,0.2,1.2,0.12,0.6,0.34,0.25,0.52,0.3963021984612485,0.5591836734693878,0.6297229219143576,0.0,0.45955882352941174,1.0,0.0,0.0,500,0,0,0.01718151450913507,0.1732924818026552,0.21148532584928248,-0.01602839500920128,-0.03124248117212235,-0.11118001856934534,0.0017583934576513333,1.1154206004161438
0.65,0.1,1.2,0.12,0.66,0.42,0.25,0.52,0.3963021984612485,0.5591836734693878,0.6297229219143576,0.0,0.45955882352941174,1.0,0.0,0.0,500,0,0,0.01723003920654448,0.1732924818026552,0.21148532584928248,-0.01602839500920128,-0.03124248117212235,-0.11118001856934534,0.0017583934576513333,1.1154206004161438
0.65,0.1,1.2,0.12,0.72,0.42,0.25,0.52,0.3963021984612485,0.5591836734693878,0.6297229219143576,0.0,0.45955882352941174,1.0,0.0,0.0,500,0,0,0.01721813383087011,0.1732924818026552,0.21148532584928248,-0.01602839500920128,-0.03124248117212235,-0.11118001856934534,0.0017583934576513333,1.1154206004161438
0.65,0.2,1.2,0.08,0.66,0.38,0.25,0.52,0.3963021984612485,0.5591836734693878,0.6297229219143576,0.0,0.45955882352941174,1.0,0.0,0.0,500,0,0,0.017165851358491087,0.1732924818026552,0.21148532584928248,-0.01602839500920128,-0.03124248117212235,-0.11118001856934534,0.0017583934576513333,1.1154206004161438
0.65,0.2,1.2,0.04,0.66,0.34,0.5,0.52,0.3963021984612485,0.5591836734693878,0.6297229219143576,0.0,0.45955882352941174,1.0,0.0,0.0,500,1,0,0.013895762852413757,0.1732924818026552,0.21148532584928248,-0.01602839500920128,-0.03124248117212235,-0.11118001856934534,0.0017583934576513333,1.1154206004161438
0.65,0.2,1.2,0.12,0.66,0.34,0.5,0.52,0.3963021984612485,0.5591836734693878,0.6297229219143576,0.0,0.45955882352941174,1.0,0.0,0.0,500,1,0,0.013895762852413757,0.1732924818026552,0.21148532584928248,-0.01602839500920128,-0.03124248117212235,-0.11118001856934534,0.0017583934576513333,1.1154206004161438
0.65,0.2,1.2,0.12,0.66,0.38,0.25,0.52,0.3963021984612485,0.5591836734693878,0.6297229219143576,0.0,0.45955882352941174,1.0,0.0,0.0,500,0,0,0.017165851358491087,0.1732924818026552,0.21148532584928248,-0.01602839500920128,-0.03124248117212235,-0.11118001856934534,0.0017583934576513333,1.1154206004161438
0.65,0.2,1.2,0.12,0.72,0.38,0.25,0.52,0.3963021984612485,0.5591836734693878,0.6297229219143576,0.0,0.45955882352941174,1.0,0.0,0.0,500,0,0,0.017151875317152867,0.1732924818026552,0.21148532584928248,-0.01602839500920128,-0.03124248117212235,-0.11118001856934534,0.0017583934576513333,1.1154206004161438
0.65,0.2,1.2,0.08,0.66,0.34,0.25,0.52,0.3963021984612485,0.5591836734693878,0.6297229219143576,0.0,0.45955882352941174,1.0,0.0,0.0,500,0,0,0.017137784666066084,0.1732924818026552,0.21148532584928248,-0.01602839500920128,-0.03124248117212235,-0.11118001856934534,0.0017583934576513333,1.1154206004161438
0.65,0.2,1.2,0.08,0.72,0.38,0.25,0.52,0.3963021984612485,0.5591836734693878,0.6297229219143576,0.0,0.45955882352941174,1.0,0.0,0.0,500,0,0,0.017151875317152867,0.1732924818026552,0.21148532584928248,-0.01602839500920128,-0.03124248117212235,-0.11118001856934534,0.0017583934576513333,1.1154206004161438
0.65,0.2,1.2,0.08,0.66,0.34,0.5,0.52,0.3963021984612485,0.5591836734693878,0.6297229219143576,0.0,0.45955882352941174,1.0,0.0,0.0,500,1,0,0.013895762852413757,0.1732924818026552,0.21148532584928248,-0.01602839500920128,-0.03124248117212235,-0.11118001856934534,0.0017583934576513333,1.1154206004161438
0.65,0.2,1.2,0.04,0.66,0.38,0.25,0.52,0.3963021984612485,0.5591836734693878,0.6297229219143576,0.0,0.45955882352941174,1.0,0.0,0.0,500,0,0,0.017165851358491087,0.1732924818026552,0.21148532584928248,-0.01602839500920128,-0.03124248117212235,-0.11118001856934534,0.0017583934576513333,1.1154206004161438
0.65,0.1,1.2,0.04,0.6,0.38,0.5,0.52,0.3963021984612485,0.5591836734693878,0.6297229219143576,0.0,0.45955882352941174,1.0,0.0,0.0,500,1,0,0.013954473345663063,0.1732924818026552,0.21148532584928248,-0.01602839500920128,-0.03124248117212235,-0.11118001856934534,0.0017583934576513333,1.1154206004161438
0.65,0.1,1.2,0.04,0.6,0.42,0.25,0.52,0.3963021984612485,0.5591836734693878,0.6297229219143576,0.0,0.45955882352941174,1.0,0.0,0.0,500,0,0,0.01727295703268288,0.1732924818026552,0.21148532584928248,-0.01602839500920128,-0.03124248117212235,-0.11118001856934534,0.0017583934576513333,1.1154206004161438
0.65,0.2,1.2,0.04,0.6,0.34,0.25,0.52,0.3963021984612485,0.5591836734693878,0.6297229219143576,0.0,0.45955882352941174,1.0,0.0,0.0,500,0,0,0.01718151450913507,0.1732924818026552,0.21148532584928248,-0.01602839500920128,-0.03124248117212235,-0.11118001856934534,0.0017583934576513333,1.1154206004161438
0.65,0.1,1.2,0.04,0.72,0.42,0.25,0.52,0.3963021984612485,0.5591836734693878,0.6297229219143576,0.0,0.45955882352941174,1.0,0.0,0.0,500,0,0,0.01721813383087011,0.1732924818026552,0.21148532584928248,-0.01602839500920128,-0.03124248117212235,-0.11118001856934534,0.0017583934576513333,1.1154206004161438
0.65,0.1,1.2,0.12,0.6,0.38,0.5,0.52,0.3963021984612485,0.5591836734693878,0.6297229219143576,0.0,0.45955882352941174,1.0,0.0,0.0,500,1,0,0.013954473345663063,0.1732924818026552,0.21148532584928248,-0.01602839500920128,-0.03124248117212235,-0.11118001856934534,0.0017583934576513333,1.1154206004161438
0.65,0.1,1.2,0.12,0.6,0.42,0.25,0.52,0.3963021984612485,0.5591836734693878,0.6297229219143576,0.0,0.45955882352941174,1.0,0.0,0.0,500,0,0,0.01727295703268288,0.1732924818026552,0.21148532584928248,-0.01602839500920128,-0.03124248117212235,-0.11118001856934534,0.0017583934576513333,1.1154206004161438
0.65,0.1,1.2,0.04,0.66,0.42,0.25,0.52,0.3963021984612485,0.5591836734693878,0.6297229219143576,0.0,0.45955882352941174,1.0,0.0,0.0,500,0,0,0.01723003920654448,0.1732924818026552,0.21148532584928248,-0.01602839500920128,-0.03124248117212235,-0.11118001856934534,0.0017583934576513333,1.1154206004161438
0.65,0.1,1.2,0.08,0.6,0.38,0.5,0.52,0.3963021984612485,0.5591836734693878,0.6297229219143576,0.0,0.45955882352941174,1.0,0.0,0.0,500,1,0,0.013954473345663063,0.1732924818026552,0.21148532584928248,-0.01602839500920128,-0.03124248117212235,-0.11118001856934534,0.0017583934576513333,1.1154206004161438
0.65,0.2,1.2,0.12,0.66,0.34,0.25,0.52,0.3963021984612485,0.5591836734693878,0.6297229219143576,0.0,0.45955882352941174,1.0,0.0,0.0,500,0,0,0.017137784666066084,0.1732924818026552,0.21148532584928248,-0.01602839500920128,-0.03124248117212235,-0.11118001856934534,0.0017583934576513333,1.1154206004161438
0.65,0.1,1.2,0.08,0.6,0.42,0.25,0.52,0.3963021984612485,0.5591836734693878,0.6297229219143576,0.0,0.45955882352941174,1.0,0.0,0.0,500,0,0,0.01727295703268288,0.1732924818026552,0.21148532584928248,-0.01602839500920128,-0.03124248117212235,-0.11118001856934534,0.0017583934576513333,1.1154206004161438
0.65,0.1,1.2,0.08,0.66,0.42,0.25,0.52,0.3963021984612485,0.5591836734693878,0.6297229219143576,0.0,0.45955882352941174,1.0,0.0,0.0,500,0,0,0.01723003920654448,0.1732924818026552,0.21148532584928248,-0.01602839500920128,-0.03124248117212235,-0.11118001856934534,0.0017583934576513333,1.1154206004161438
0.65,0.1,1.2,0.08,0.72,0.42,0.25,0.52,0.3963021984612485,0.5591836734693878,0.6297229219143576,0.0,0.45955882352941174,1.0,0.0,0.0,500,0,0,0.01721813383087011,0.1732924818026552,0.21148532584928248,-0.01602839500920128,-0.03124248117212235,-0.11118001856934534,0.0017583934576513333,1.1154206004161438
0.65,0.3,1.0,0.04,0.66,0.42,0.25,0.5681632653061225,0.45664493828807046,0.7219512195121951,0.6479835953520164,0.0,0.49221183800623053,0.948,0.052,0.0,500,7,0,0.02121228120041456,0.1732924818026552,0.21148532584928248,-0.01602839500920128,-0.03124248117212235,-0.11118001856934534,0.0017583934576513333,1.1161145952831995
0.65,0.3,1.0,0.12,0.66,0.42,0.25,0.5681632653061225,0.45664493828807046,0.7219512195121951,0.6479835953520164,0.0,0.49221183800623053,0.948,0.052,0.0,500,7,0,0.02121228120041456,0.1732924818026552,0.21148532584928248,-0.01602839500920128,-0.03124248117212235,-0.11118001856934534,0.0017583934576513333,1.1161145952831995
0.65,0.3,1.0,0.08,0.66,0.42,0.25,0.5681632653061225,0.45664493828807046,0.7219512195121951,0.6479835953520164,0.0,0.49221183800623053,0.948,0.052,0.0,500,7,0,0.02121228120041456,0.1732924818026552,0.21148532584928248,-0.01602839500920128,-0.03124248117212235,-0.11118001856934534,0.0017583934576513333,1.1161145952831995
0.65,0.1,1.2,0.04,0.6,0.38,0.25,0.5191836734693878,0.3951879464433179,0.556237218813906,0.6293266205160478,0.0,0.4591368227731864,1.0,0.0,0.0,500,1,0,0.017213749308018396,0.1732924818026552,0.21148532584928248,-0.01602839500920128,-0.03124248117212235,-0.11118001856934534,0.0017583934576513333,1.1173511789646866
0.65,0.1,1.2,0.08,0.6,0.38,0.25,0.5191836734693878,0.3951879464433179,0.556237218813906,0.6293266205160478,0.0,0.4591368227731864,1.0,0.0,0.0,500,1,0,0.017213749308018396,0.1732924818026552,0.21148532584928248,-0.01602839500920128,-0.03124248117212235,-0.11118001856934534,0.0017583934576513333,1.1173511789646866
0.65,0.1,1.2,0.12,0.6,0.38,0.25,0.5191836734693878,0.3951879464433179,0.556237218813906,0.6293266205160478,0.0,0.4591368227731864,1.0,0.0,0.0,500,1,0,0.017213749308018396,0.1732924818026552,0.21148532584928248,-0.01602839500920128,-0.03124248117212235,-0.11118001856934534,0.0017583934576513333,1.1173511789646866
0.65,0.3,1.0,0.04,0.6,0.42,0.5,0.566530612244898,0.4544769166078537,0.7154471544715447,0.6479835953520164,0.0,0.49221183800623053,0.948,0.052,0.0,500,7,0,0.01924136763373245,0.1732924818026552,0.21148532584928248,-0.01602839500920128,-0.03124248117212235,-0.11118001856934534,0.0017583934576513333,1.1199152700246406
0.65,0.3,1.0,0.08,0.6,0.42,0.5,0.566530612244898,0.4544769166078537,0.7154471544715447,0.6479835953520164,0.0,0.49221183800623053,0.948,0.052,0.0,500,7,0,0.01924136763373245,0.1732924818026552,0.21148532584928248,-0.01602839500920128,-0.03124248117212235,-0.11118001856934534,0.0017583934576513333,1.1199152700246406
0.65,0.3,1.0,0.12,0.6,0.42,0.5,0.566530612244898,0.4544769166078537,0.7154471544715447,0.6479835953520164,0.0,0.49221183800623053,0.948,0.052,0.0,500,7,0,0.01924136763373245,0.1732924818026552,0.21148532584928248,-0.01602839500920128,-0.03124248117212235,-0.11118001856934534,0.0017583934576513333,1.1199152700246406
0.65,0.3,1.0,0.08,0.6,0.38,0.25,0.5657142857142857,0.45411461537775644,0.7156862745098039,0.6466575716234653,0.0,0.4906832298136646,0.948,0.052,0.0,500,7,0,0.02121017549559081,0.1732924818026552,0.21148532584928248,-0.01602839500920128,-0.03124248117212235,-0.11118001856934534,0.0017583934576513333,1.1210938977853502
0.65,0.3,1.0,0.04,0.6,0.38,0.25,0.5657142857142857,0.45411461537775644,0.7156862745098039,0.6466575716234653,0.0,0.4906832298136646,0.948,0.052,0.0,500,7,0,0.02121017549559081,0.1732924818026552,0.21148532584928248,-0.01602839500920128,-0.03124248117212235,-0.11118001856934534,0.0017583934576513333,1.1210938977853502
0.65,0.3,1.0,0.12,0.6,0.38,0.25,0.5657142857142857,0.45411461537775644,0.7156862745098039,0.6466575716234653,0.0,0.4906832298136646,0.948,0.052,0.0,500,7,0,0.02121017549559081,0.1732924818026552,0.21148532584928248,-0.01602839500920128,-0.03124248117212235,-0.11118001856934534,0.0017583934576513333,1.1210938977853502
0.65,0.2,1.2,0.08,0.72,0.34,0.5,0.5175510204081633,0.3929478401566649,0.5503080082135524,0.6285355122564424,0.0,0.458295142071494,1.0,0.0,0.0,500,1,0,0.013857287588099558,0.1732924818026552,0.21148532584928248,-0.01602839500920128,-0.03124248117212235,-0.11118001856934534,0.0017583934576513333,1.1212239383125642
0.65,0.2,1.2,0.12,0.72,0.34,0.5,0.5175510204081633,0.3929478401566649,0.5503080082135524,0.6285355122564424,0.0,0.458295142071494,1.0,0.0,0.0,500,1,0,0.013857287588099558,0.1732924818026552,0.21148532584928248,-0.01602839500920128,-0.03124248117212235,-0.11118001856934534,0.0017583934576513333,1.1212239383125642
0.65,0.2,1.2,0.04,0.72,0.34,0.5,0.5175510204081633,0.3929478401566649,0.5503080082135524,0.6285355122564424,0.0,0.458295142071494,1.0,0.0,0.0,500,1,0,0.013857287588099558,0.1732924818026552,0.21148532584928248,-0.01602839500920128,-0.03124248117212235,-0.11118001856934534,0.0017583934576513333,1.1212239383125642
0.65,0.1,1.2,0.12,0.6,0.34,0.25,0.5151020408163265,0.38955829539837755,0.5413223140495868,0.6273525721455459,0.0,0.4570383912248629,1.0,0.0,0.0,500,1,0,0.0171888148606322,0.1732924818026552,0.21148532584928248,-0.01602839500920128,-0.03124248117212235,-0.11118001856934534,0.0017583934576513333,1.1270624626626882
0.65,0.1,1.2,0.08,0.6,0.34,0.25,0.5151020408163265,0.38955829539837755,0.5413223140495868,0.6273525721455459,0.0,0.4570383912248629,1.0,0.0,0.0,500,1,0,0.0171888148606322,0.1732924818026552,0.21148532584928248,-0.01602839500920128,-0.03124248117212235,-0.11118001856934534,0.0017583934576513333,1.1270624626626882
0.65,0.2,1.2,0.04,0.72,0.34,0.25,0.5151020408163265,0.38955829539837755,0.5413223140495868,0.6273525721455459,0.0,0.4570383912248629,1.0,0.0,0.0,500,1,0,0.01712344333709395,0.1732924818026552,0.21148532584928248,-0.01602839500920128,-0.03124248117212235,-0.11118001856934534,0.0017583934576513333,1.1270624626626882
0.65,0.2,1.2,0.08,0.72,0.34,0.25,0.5151020408163265,0.38955829539837755,0.5413223140495868,0.6273525721455459,0.0,0.4570383912248629,1.0,0.0,0.0,500,1,0,0.01712344333709395,0.1732924818026552,0.21148532584928248,-0.01602839500920128,-0.03124248117212235,-0.11118001856934534,0.0017583934576513333,1.1270624626626882
0.65,0.2,1.2,0.12,0.72,0.34,0.25,0.5151020408163265,0.38955829539837755,0.5413223140495868,0.6273525721455459,0.0,0.4570383912248629,1.0,0.0,0.0,500,1,0,0.01712344333709395,0.1732924818026552,0.21148532584928248,-0.01602839500920128,-0.03124248117212235,-0.11118001856934534,0.0017583934576513333,1.1270624626626882
0.65,0.1,1.2,0.04,0.6,0.34,0.25,0.5151020408163265,0.38955829539837755,0.5413223140495868,0.6273525721455459,0.0,0.4570383912248629,1.0,0.0,0.0,500,1,0,0.0171888148606322,0.1732924818026552,0.21148532584928248,-0.01602839500920128,-0.03124248117212235,-0.11118001856934534,0.0017583934576513333,1.1270624626626882
0.65,0.1,1.2,0.08,0.6,0.34,0.5,0.5142857142857142,0.3884205083605384,0.5383022774327122,0.6269592476489029,0.0,0.45662100456621,1.0,0.0,0.0,500,1,0,0.01382974999568215,0.1732924818026552,0.21148532584928248,-0.01602839500920128,-0.03124248117212235,-0.11118001856934534,0.0017583934576513333,1.1290165762311397
0.65,0.1,1.2,0.08,0.66,0.38,0.25,0.5142857142857142,0.3884205083605384,0.5383022774327122,0.6269592476489029,0.0,0.45662100456621,1.0,0.0,0.0,500,1,0,0.01717200692731645,0.1732924818026552,0.21148532584928248,-0.01602839500920128,-0.03124248117212235,-0.11118001856934534,0.0017583934576513333,1.1290165762311397
0.65,0.1,1.2,0.08,0.72,0.38,0.25,0.5142857142857142,0.3884205083605384,0.5383022774327122,0.6269592476489029,0.0,0.45662100456621,1.0,0.0,0.0,500,1,0,0.017159169617597562,0.1732924818026552,0.21148532584928248,-0.01602839500920128,-0.03124248117212235,-0.11118001856934534,0.0017583934576513333,1.1290165762311397
0.65,0.1,1.2,0.04,0.72,0.38,0.25,0.5142857142857142,0.3884205083605384,0.5383022774327122,0.6269592476489029,0.0,0.45662100456621,1.0,0.0,0.0,500,1,0,0.017159169617597562,0.1732924818026552,0.21148532584928248,-0.01602839500920128,-0.03124248117212235,-0.11118001856934534,0.0017583934576513333,1.1290165762311397
0.65,0.1,1.2,0.12,0.66,0.38,0.25,0.5142857142857142,0.3884205083605384,0.5383022774327122,0.6269592476489029,0.0,0.45662100456621,1.0,0.0,0.0,500,1,0,0.01717200692731645,0.1732924818026552,0.21148532584928248,-0.01602839500920128,-0.03124248117212235,-0.11118001856934534,0.0017583934576513333,1.1290165762311397
0.65,0.1,1.2,0.04,0.66,0.38,0.25,0.5142857142857142,0.3884205083605384,0.5383022774327122,0.6269592476489029,0.0,0.45662100456621,1.0,0.0,0.0,500,1,0,0.01717200692731645,0.1732924818026552,0.21148532584928248,-0.01602839500920128,-0.03124248117212235,-0.11118001856934534,0.0017583934576513333,1.1290165762311397
0.65,0.1,1.2,0.12,0.72,0.38,0.25,0.5142857142857142,0.3884205083605384,0.5383022774327122,0.6269592476489029,0.0,0.45662100456621,1.0,0.0,0.0,500,1,0,0.017159169617597562,0.1732924818026552,0.21148532584928248,-0.01602839500920128,-0.03124248117212235,-0.11118001856934534,0.0017583934576513333,1.1290165762311397
0.65,0.1,1.2,0.12,0.6,0.34,0.5,0.5142857142857142,0.3884205083605384,0.5383022774327122,0.6269592476489029,0.0,0.45662100456621,1.0,0.0,0.0,500,1,0,0.01382974999568215,0.1732924818026552,0.21148532584928248,-0.01602839500920128,-0.03124248117212235,-0.11118001856934534,0.0017583934576513333,1.1290165762311397
0.65,0.1,1.2,0.04,0.6,0.34,0.5,0.5142857142857142,0.3884205083605384,0.5383022774327122,0.6269592476489029,0.0,0.45662100456621,1.0,0.0,0.0,500,1,0,0.01382974999568215,0.1732924818026552,0.21148532584928248,-0.01602839500920128,-0.03124248117212235,-0.11118001856934534,0.0017583934576513333,1.1290165762311397
0.65,0.1,1.2,0.08,0.66,0.38,0.5,0.5134693877551021,0.38727870852788954,0.5352697095435685,0.6265664160401002,0.0,0.4562043795620438,1.0,0.0,0.0,500,1,0,0.013846826793332701,0.1732924818026552,0.21148532584928248,-0.01602839500920128,-0.03124248117212235,-0.11118001856934534,0.0017583934576513333,1.1309747025944008
0.65,0.1,1.2,0.12,0.72,0.38,0.5,0.5134693877551021,0.38727870852788954,0.5352697095435685,0.6265664160401002,0.0,0.4562043795620438,1.0,0.0,0.0,500,1,0,0.013809333557940178,0.1732924818026552,0.21148532584928248,-0.01602839500920128,-0.03124248117212235,-0.11118001856934534,0.0017583934576513333,1.1309747025944008
0.65,0.1,1.2,0.12,0.66,0.38,0.5,0.5134693877551021,0.38727870852788954,0.5352697095435685,0.6265664160401002,0.0,0.4562043795620438,1.0,0.0,0.0,500,1,0,0.013846826793332701,0.1732924818026552,0.21148532584928248,-0.01602839500920128,-0.03124248117212235,-0.11118001856934534,0.0017583934576513333,1.1309747025944008
0.65,0.1,1.2,0.04,0.66,0.38,0.5,0.5134693877551021,0.38727870852788954,0.5352697095435685,0.6265664160401002,0.0,0.4562043795620438,1.0,0.0,0.0,500,1,0,0.013846826793332701,0.1732924818026552,0.21148532584928248,-0.01602839500920128,-0.03124248117212235,-0.11118001856934534,0.0017583934576513333,1.1309747025944008
0.65,0.1,1.2,0.08,0.72,0.38,0.5,0.5134693877551021,0.38727870852788954,0.5352697095435685,0.6265664160401002,0.0,0.4562043795620438,1.0,0.0,0.0,500,1,0,0.013809333557940178,0.1732924818026552,0.21148532584928248,-0.01602839500920128,-0.03124248117212235,-0.11118001856934534,0.0017583934576513333,1.1309747025944008
0.65,0.1,1.2,0.04,0.72,0.38,0.5,0.5134693877551021,0.38727870852788954,0.5352697095435685,0.6265664160401002,0.0,0.4562043795620438,1.0,0.0,0.0,500,1,0,0.013809333557940178,0.1732924818026552,0.21148532584928248,-0.01602839500920128,-0.03124248117212235,-0.11118001856934534,0.0017583934576513333,1.1309747025944008
0.65,0.1,1.2,0.12,0.66,0.34,0.25,0.5126530612244898,0.3861328695392565,0.5322245322245323,0.6261740763932373,0.0,0.45578851412944393,1.0,0.0,0.0,500,1,0,0.017148314450571682,0.1732924818026552,0.21148532584928248,-0.01602839500920128,-0.03124248117212235,-0.11118001856934534,0.0017583934576513333,1.132936868113646
0.65,0.1,1.2,0.04,0.66,0.34,0.25,0.5126530612244898,0.3861328695392565,0.5322245322245323,0.6261740763932373,0.0,0.45578851412944393,1.0,0.0,0.0,500,1,0,0.017148314450571682,0.1732924818026552,0.21148532584928248,-0.01602839500920128,-0.03124248117212235,-0.11118001856934534,0.0017583934576513333,1.132936868113646
0.65,0.1,1.2,0.08,0.66,0.34,0.25,0.5126530612244898,0.3861328695392565,0.5322245322245323,0.6261740763932373,0.0,0.45578851412944393,1.0,0.0,0.0,500,1,0,0.017148314450571682,0.1732924818026552,0.21148532584928248,-0.01602839500920128,-0.03124248117212235,-0.11118001856934534,0.0017583934576513333,1.132936868113646
0.65,0.1,1.2,0.12,0.66,0.34,0.5,0.5118367346938776,0.3849829648171325,0.5291666666666667,0.6257822277847309,0.0,0.4553734061930783,1.0,0.0,0.0,500,1,0,0.013723526968054879,0.1732924818026552,0.21148532584928248,-0.01602839500920128,-0.03124248117212235,-0.11118001856934534,0.0017583934576513333,1.134903099366382
0.65,0.1,1.2,0.08,0.66,0.34,0.5,0.5118367346938776,0.3849829648171325,0.5291666666666667,0.6257822277847309,0.0,0.4553734061930783,1.0,0.0,0.0,500,1,0,0.013723526968054879,0.1732924818026552,0.21148532584928248,-0.01602839500920128,-0.03124248117212235,-0.11118001856934534,0.0017583934576513333,1.134903099366382
0.65,0.1,1.2,0.04,0.66,0.34,0.5,0.5118367346938776,0.3849829648171325,0.5291666666666667,0.6257822277847309,0.0,0.4553734061930783,1.0,0.0,0.0,500,1,0,0.013723526968054879,0.1732924818026552,0.21148532584928248,-0.01602839500920128,-0.03124248117212235,-0.11118001856934534,0.0017583934576513333,1.134903099366382
0.65,0.3,1.0,0.08,0.6,0.42,0.25,0.566530612244898,0.4545791236522138,0.7168,0.6469373709566414,0.0,0.4931794333683106,0.94,0.06,0.0,500,7,0,0.02128759759607768,0.1732924818026552,0.21148532584928248,-0.01602839500920128,-0.03124248117212235,-0.11118001856934534,0.0017583934576513333,1.1366130629802806
0.65,0.3,1.0,0.12,0.6,0.42,0.25,0.566530612244898,0.4545791236522138,0.7168,0.6469373709566414,0.0,0.4931794333683106,0.94,0.06,0.0,500,7,0,0.02128759759607768,0.1732924818026552,0.21148532584928248,-0.01602839500920128,-0.03124248117212235,-0.11118001856934534,0.0017583934576513333,1.1366130629802806
0.65,0.3,1.0,0.04,0.6,0.42,0.25,0.566530612244898,0.4545791236522138,0.7168,0.6469373709566414,0.0,0.4931794333683106,0.94,0.06,0.0,500,7,0,0.02128759759607768,0.1732924818026552,0.21148532584928248,-0.01602839500920128,-0.03124248117212235,-0.11118001856934534,0.0017583934576513333,1.1366130629802806
0.65,0.1,1.2,0.08,0.72,0.34,0.25,0.5110204081632653,0.38382896756541035,0.5260960334029228,0.6253908692933083,0.0,0.4549590536851683,1.0,0.0,0.0,500,1,0,0.017135245694359605,0.1732924818026552,0.21148532584928248,-0.01602839500920128,-0.03124248117212235,-0.11118001856934534,0.0017583934576513333,1.1368734231487168
0.65,0.1,1.2,0.04,0.72,0.34,0.25,0.5110204081632653,0.38382896756541035,0.5260960334029228,0.6253908692933083,0.0,0.4549590536851683,1.0,0.0,0.0,500,1,0,0.017135245694359605,0.1732924818026552,0.21148532584928248,-0.01602839500920128,-0.03124248117212235,-0.11118001856934534,0.0017583934576513333,1.1368734231487168
0.65,0.1,1.2,0.12,0.72,0.34,0.25,0.5110204081632653,0.38382896756541035,0.5260960334029228,0.6253908692933083,0.0,0.4549590536851683,1.0,0.0,0.0,500,1,0,0.017135245694359605,0.1732924818026552,0.21148532584928248,-0.01602839500920128,-0.03124248117212235,-0.11118001856934534,0.0017583934576513333,1.1368734231487168
0.65,0.1,1.2,0.08,0.72,0.34,0.5,0.5102040816326531,0.38267085076708507,0.5230125523012552,0.625,0.0,0.45454545454545453,1.0,0.0,0.0,500,1,0,0.013686945359897834,0.1732924818026552,0.21148532584928248,-0.01602839500920128,-0.03124248117212235,-0.11118001856934534,0.0017583934576513333,1.138847866477654
0.65,0.1,1.2,0.04,0.72,0.34,0.5,0.5102040816326531,0.38267085076708507,0.5230125523012552,0.625,0.0,0.45454545454545453,1.0,0.0,0.0,500,1,0,0.013686945359897834,0.1732924818026552,0.21148532584928248,-0.01602839500920128,-0.03124248117212235,-0.11118001856934534,0.0017583934576513333,1.138847866477654
0.65,0.1,1.2,0.12,0.72,0.34,0.5,0.5102040816326531,0.38267085076708507,0.5230125523012552,0.625,0.0,0.45454545454545453,1.0,0.0,0.0,500,1,0,0.013686945359897834,0.1732924818026552,0.21148532584928248,-0.01602839500920128,-0.03124248117212235,-0.11118001856934534,0.0017583934576513333,1.138847866477654
0.75,0.1,1.2,0.04,0.66,0.34,0.5,0.5542857142857143,0.4445197250806418,0.7075606276747504,0.625998547567175,0.0,0.49144811858608894,0.862,0.138,0.0,500,3,0,0.020975885277369672,0.1732924818026552,0.21148532584928248,-0.01602839500920128,-0.03124248117212235,-0.11118001856934534,0.0017583934576513333,1.3227173595110362
0.75,0.1,1.2,0.04,0.72,0.34,0.5,0.5542857142857143,0.4445197250806418,0.7075606276747504,0.625998547567175,0.0,0.49144811858608894,0.862,0.138,0.0,500,3,0,0.02092772255567227,0.1732924818026552,0.21148532584928248,-0.01602839500920128,-0.03124248117212235,-0.11118001856934534,0.0017583934576513333,1.3227173595110362
0.75,0.1,1.2,0.12,0.66,0.34,0.5,0.5542857142857143,0.4445197250806418,0.7075606276747504,0.625998547567175,0.0,0.49144811858608894,0.862,0.138,0.0,500,3,0,0.020975885277369672,0.1732924818026552,0.21148532584928248,-0.01602839500920128,-0.03124248117212235,-0.11118001856934534,0.0017583934576513333,1.3227173595110362
0.75,0.1,1.2,0.08,0.66,0.34,0.5,0.5542857142857143,0.4445197250806418,0.7075606276747504,0.625998547567175,0.0,0.49144811858608894,0.862,0.138,0.0,500,3,0,0.020975885277369672,0.1732924818026552,0.21148532584928248,-0.01602839500920128,-0.03124248117212235,-0.11118001856934534,0.0017583934576513333,1.3227173595110362
0.75,0.1,1.2,0.08,0.72,0.34,0.5,0.5542857142857143,0.4445197250806418,0.7075606276747504,0.625998547567175,0.0,0.49144811858608894,0.862,0.138,0.0,500,3,0,0.02092772255567227,0.1732924818026552,0.21148532584928248,-0.01602839500920128,-0.03124248117212235,-0.11118001856934534,0.0017583934576513333,1.3227173595110362
0.75,0.1,1.2,0.12,0.72,0.34,0.5,0.5542857142857143,0.4445197250806418,0.7075606276747504,0.625998547567175,0.0,0.49144811858608894,0.862,0.138,0.0,500,3,0,0.02092772255567227,0.1732924818026552,0.21148532584928248,-0.01602839500920128,-0.03124248117212235,-0.11118001856934534,0.0017583934576513333,1.3227173595110362
0.75,0.1,1.2,0.04,0.66,0.38,0.25,0.5559183673469388,0.4463259781218296,0.7130681818181818,0.6259097525473072,0.0,0.4919908466819222,0.86,0.14,0.0,500,3,0,0.02220986304598484,0.1732924818026552,0.21148532584928248,-0.01602839500920128,-0.03124248117212235,-0.11118001856934534,0.0017583934576513333,1.323478453408624
0.75,0.1,1.2,0.08,0.72,0.38,0.25,0.5559183673469388,0.4463259781218296,0.7130681818181818,0.6259097525473072,0.0,0.4919908466819222,0.86,0.14,0.0,500,3,0,0.022191179351599484,0.1732924818026552,0.21148532584928248,-0.01602839500920128,-0.03124248117212235,-0.11118001856934534,0.0017583934576513333,1.323478453408624
0.75,0.1,1.2,0.08,0.66,0.38,0.25,0.5559183673469388,0.4463259781218296,0.7130681818181818,0.6259097525473072,0.0,0.4919908466819222,0.86,0.14,0.0,500,3,0,0.02220986304598484,0.1732924818026552,0.21148532584928248,-0.01602839500920128,-0.03124248117212235,-0.11118001856934534,0.0017583934576513333,1.323478453408624
0.75,0.1,1.2,0.12,0.72,0.38,0.25,0.5559183673469388,0.4463259781218296,0.7130681818181818,0.6259097525473072,0.0,0.4919908466819222,0.86,0.14,0.0,500,3,0,0.022191179351599484,0.1732924818026552,0.21148532584928248,-0.01602839500920128,-0.03124248117212235,-0.11118001856934534,0.0017583934576513333,1.323478453408624
0.75,0.1,1.2,0.04,0.72,0.38,0.25,0.5559183673469388,0.4463259781218296,0.7130681818181818,0.6259097525473072,0.0,0.4919908466819222,0.86,0.14,0.0,500,3,0,0.022191179351599484,0.1732924818026552,0.21148532584928248,-0.01602839500920128,-0.03124248117212235,-0.11118001856934534,0.0017583934576513333,1.323478453408624
0.75,0.1,1.2,0.12,0.66,0.38,0.25,0.5559183673469388,0.4463259781218296,0.7130681818181818,0.6259097525473072,0.0,0.4919908466819222,0.86,0.14,0.0,500,3,0,0.02220986304598484,0.1732924818026552,0.21148532584928248,-0.01602839500920128,-0.03124248117212235,-0.11118001856934534,0.0017583934576513333,1.323478453408624
0.75,0.1,1.2,0.04,0.72,0.42,0.5,0.5559183673469388,0.44614078677087154,0.7120567375886525,0.6263656227239621,0.0,0.4925544100801833,0.86,0.14,0.0,500,3,0,0.021194752608662482,0.1732924818026552,0.21148532584928248,-0.01602839500920128,-0.03124248117212235,-0.11118001856934534,0.0017583934576513333,1.323663644759582
0.75,0.1,1.2,0.04,0.66,0.42,0.5,0.5559183673469388,0.44614078677087154,0.7120567375886525,0.6263656227239621,0.0,0.4925544100801833,0.86,0.14,0.0,500,3,0,0.021251007181035793,0.1732924818026552,0.21148532584928248,-0.01602839500920128,-0.03124248117212235,-0.11118001856934534,0.0017583934576513333,1.323663644759582
0.75,0.1,1.2,0.08,0.6,0.38,0.5,0.5559183673469388,0.44614078677087154,0.7120567375886525,0.6263656227239621,0.0,0.4925544100801833,0.86,0.14,0.0,500,3,0,0.021207752084024752,0.1732924818026552,0.21148532584928248,-0.01602839500920128,-0.03124248117212235,-0.11118001856934534,0.0017583934576513333,1.323663644759582
0.75,0.1,1.2,0.04,0.6,0.38,0.5,0.5559183673469388,0.44614078677087154,0.7120567375886525,0.6263656227239621,0.0,0.4925544100801833,0.86,0.14,0.0,500,3,0,0.021207752084024752,0.1732924818026552,0.21148532584928248,-0.01602839500920128,-0.03124248117212235,-0.11118001856934534,0.0017583934576513333,1.323663644759582
0.75,0.1,1.2,0.12,0.66,0.42,0.5,0.5559183673469388,0.44614078677087154,0.7120567375886525,0.6263656227239621,0.0,0.4925544100801833,0.86,0.14,0.0,500,3,0,0.021251007181035793,0.1732924818026552,0.21148532584928248,-0.01602839500920128,-0.03124248117212235,-0.11118001856934534,0.0017583934576513333,1.323663644759582
0.75,0.1,1.2,0.12,0.72,0.42,0.5,0.5559183673469388,0.44614078677087154,0.7120567375886525,0.6263656227239621,0.0,0.4925544100801833,0.86,0.14,0.0,500,3,0,0.021194752608662482,0.1732924818026552,0.21148532584928248,-0.01602839500920128,-0.03124248117212235,-0.11118001856934534,0.0017583934576513333,1.323663644759582
0.75,0.1,1.2,0.08,0.66,0.42,0.5,0.5559183673469388,0.44614078677087154,0.7120567375886525,0.6263656227239621,0.0,0.4925544100801833,0.86,0.14,0.0,500,3,0,0.021251007181035793,0.1732924818026552,0.21148532584928248,-0.01602839500920128,-0.03124248117212235,-0.11118001856934534,0.0017583934576513333,1.323663644759582
0.75,0.1,1.2,0.08,0.72,0.42,0.5,0.5559183673469388,0.44614078677087154,0.7120567375886525,0.6263656227239621,0.0,0.4925544100801833,0.86,0.14,0.0,500,3,0,0.021194752608662482,0.1732924818026552,0.21148532584928248,-0.01602839500920128,-0.03124248117212235,-0.11118001856934534,0.0017583934576513333,1.323663644759582
0.75,0.2,1.2,0.04,0.66,0.34,0.5,0.5559183673469388,0.44614078677087154,0.7120567375886525,0.6263656227239621,0.0,0.4925544100801833,0.86,0.14,0.0,500,3,0,0.021198849879919927,0.1732924818026552,0.21148532584928248,-0.01602839500920128,-0.03124248117212235,-0.11118001856934534,0.0017583934576513333,1.323663644759582
0.75,0.1,1.2,0.12,0.6,0.38,0.5,0.5559183673469388,0.44614078677087154,0.7120567375886525,0.6263656227239621,0.0,0.4925544100801833,0.86,0.14,0.0,500,3,0,0.021207752084024752,0.1732924818026552,0.21148532584928248,-0.01602839500920128,-0.03124248117212235,-0.11118001856934534,0.0017583934576513333,1.323663644759582
0.75,0.2,1.2,0.12,0.66,0.34,0.5,0.5559183673469388,0.44614078677087154,0.7120567375886525,0.6263656227239621,0.0,0.4925544100801833,0.86,0.14,0.0,500,3,0,0.021198849879919927,0.1732924818026552,0.21148532584928248,-0.01602839500920128,-0.03124248117212235,-0.11118001856934534,0.0017583934576513333,1.323663644759582
0.75,0.2,1.2,0.08,0.72,0.38,0.5,0.5559183673469388,0.44614078677087154,0.7120567375886525,0.6263656227239621,0.0,0.4925544100801833,0.86,0.14,0.0,500,3,0,0.021243354049133675,0.1732924818026552,0.21148532584928248,-0.01602839500920128,-0.03124248117212235,-0.11118001856934534,0.0017583934576513333,1.323663644759582
0.75,0.2,1.2,0.08,0.72,0.34,0.5,0.5559183673469388,0.44614078677087154,0.7120567375886525,0.6263656227239621,0.0,0.4925544100801833,0.86,0.14,0.0,500,3,0,0.02114459291938882,0.1732924818026552,0.21148532584928248,-0.01602839500920128,-0.03124248117212235,-0.11118001856934534,0.0017583934576513333,1.323663644759582
0.75,0.2,1.2,0.04,0.72,0.38,0.5,0.5559183673469388,0.44614078677087154,0.7120567375886525,0.6263656227239621,0.0,0.4925544100801833,0.86,0.14,0.0,500,3,0,0.021243354049133675,0.1732924818026552,0.21148532584928248,-0.01602839500920128,-0.03124248117212235,-0.11118001856934534,0.0017583934576513333,1.323663644759582
0.75,0.2,1.2,0.04,0.72,0.34,0.5,0.5559183673469388,0.44614078677087154,0.7120567375886525,0.6263656227239621,0.0,0.4925544100801833,0.86,0.14,0.0,500,3,0,0.02114459291938882,0.1732924818026552,0.21148532584928248,-0.01602839500920128,-0.03124248117212235,-0.11118001856934534,0.0017583934576513333,1.323663644759582
0.75,0.2,1.2,0.08,0.66,0.34,0.5,0.5559183673469388,0.44614078677087154,0.7120567375886525,0.6263656227239621,0.0,0.4925544100801833,0.86,0.14,0.0,500,3,0,0.021198849879919927,0.1732924818026552,0.21148532584928248,-0.01602839500920128,-0.03124248117212235,-0.11118001856934534,0.0017583934576513333,1.323663644759582
0.75,0.2,1.2,0.12,0.72,0.38,0.5,0.5559183673469388,0.44614078677087154,0.7120567375886525,0.6263656227239621,0.0,0.4925544100801833,0.86,0.14,0.0,500,3,0,0.021243354049133675,0.1732924818026552,0.21148532584928248,-0.01602839500920128,-0.03124248117212235,-0.11118001856934534,0.0017583934576513333,1.323663644759582
0.75,0.2,1.2,0.12,0.72,0.34,0.5,0.5559183673469388,0.44614078677087154,0.7120567375886525,0.6263656227239621,0.0,0.4925544100801833,0.86,0.14,0.0,500,3,0,0.02114459291938882,0.1732924818026552,0.21148532584928248,-0.01602839500920128,-0.03124248117212235,-0.11118001856934534,0.0017583934576513333,1.323663644759582
0.75,0.3,1.2,0.08,0.66,0.38,0.5,0.5575510204081633,0.4475619800675397,0.7154929577464789,0.6271929824561403,0.0,0.4942396313364055,0.858,0.142,0.0,500,3,0,0.021602205936298392,0.1732924818026552,0.21148532584928248,-0.01602839500920128,-0.03124248117212235,-0.11118001856934534,0.0017583934576513333,1.3248097984016893
0.75,0.3,1.2,0.04,0.66,0.38,0.5,0.5575510204081633,0.4475619800675397,0.7154929577464789,0.6271929824561403,0.0,0.4942396313364055,0.858,0.142,0.0,500,3,0,0.021602205936298392,0.1732924818026552,0.21148532584928248,-0.01602839500920128,-0.03124248117212235,-0.11118001856934534,0.0017583934576513333,1.3248097984016893
0.75,0.3,1.2,0.12,0.66,0.38,0.5,0.5575510204081633,0.4475619800675397,0.7154929577464789,0.6271929824561403,0.0,0.4942396313364055,0.858,0.142,0.0,500,3,0,0.021602205936298392,0.1732924818026552,0.21148532584928248,-0.01602839500920128,-0.03124248117212235,-0.11118001856934534,0.0017583934576513333,1.3248097984016893
0.75,0.1,1.2,0.04,0.66,0.34,0.25,0.5551020408163265,0.445564032932454,0.7112375533428165,0.6254545454545455,0.0,0.49142857142857144,0.86,0.14,0.0,500,3,0,0.0221903531804004,0.1732924818026552,0.21148532584928248,-0.01602839500920128,-0.03124248117212235,-0.11118001856934534,0.0017583934576513333,1.3250567251286118
0.75,0.1,1.2,0.08,0.66,0.34,0.25,0.5551020408163265,0.445564032932454,0.7112375533428165,0.6254545454545455,0.0,0.49142857142857144,0.86,0.14,0.0,500,3,0,0.0221903531804004,0.1732924818026552,0.21148532584928248,-0.01602839500920128,-0.03124248117212235,-0.11118001856934534,0.0017583934576513333,1.3250567251286118
0.75,0.1,1.2,0.12,0.66,0.34,0.25,0.5551020408163265,0.445564032932454,0.7112375533428165,0.6254545454545455,0.0,0.49142857142857144,0.86,0.14,0.0,500,3,0,0.0221903531804004,0.1732924818026552,0.21148532584928248,-0.01602839500920128,-0.03124248117212235,-0.11118001856934534,0.0017583934576513333,1.3250567251286118
0.75,0.1,1.2,0.12,0.66,0.38,0.5,0.5551020408163265,0.44537900842485995,0.7102272727272727,0.6259097525473072,0.0,0.4919908466819222,0.86,0.14,0.0,500,3,0,0.021067770367935952,0.1732924818026552,0.21148532584928248,-0.01602839500920128,-0.03124248117212235,-0.11118001856934534,0.0017583934576513333,1.325241749636206
0.75,0.1,1.2,0.12,0.6,0.34,0.5,0.5551020408163265,0.44537900842485995,0.7102272727272727,0.6259097525473072,0.0,0.4919908466819222,0.86,0.14,0.0,500,3,0,0.021108581239925456,0.1732924818026552,0.21148532584928248,-0.01602839500920128,-0.03124248117212235,-0.11118001856934534,0.0017583934576513333,1.325241749636206
0.75,0.1,1.2,0.04,0.66,0.38,0.5,0.5551020408163265,0.44537900842485995,0.7102272727272727,0.6259097525473072,0.0,0.4919908466819222,0.86,0.14,0.0,500,3,0,0.021067770367935952,0.1732924818026552,0.21148532584928248,-0.01602839500920128,-0.03124248117212235,-0.11118001856934534,0.0017583934576513333,1.325241749636206
0.75,0.1,1.2,0.08,0.66,0.38,0.5,0.5551020408163265,0.44537900842485995,0.7102272727272727,0.6259097525473072,0.0,0.4919908466819222,0.86,0.14,0.0,500,3,0,0.021067770367935952,0.1732924818026552,0.21148532584928248,-0.01602839500920128,-0.03124248117212235,-0.11118001856934534,0.0017583934576513333,1.325241749636206
0.75,0.1,1.2,0.08,0.6,0.34,0.5,0.5551020408163265,0.44537900842485995,0.7102272727272727,0.6259097525473072,0.0,0.4919908466819222,0.86,0.14,0.0,500,3,0,0.021108581239925456,0.1732924818026552,0.21148532584928248,-0.01602839500920128,-0.03124248117212235,-0.11118001856934534,0.0017583934576513333,1.325241749636206
0.75,0.1,1.2,0.04,0.6,0.34,0.5,0.5551020408163265,0.44537900842485995,0.7102272727272727,0.6259097525473072,0.0,0.4919908466819222,0.86,0.14,0.0,500,3,0,0.021108581239925456,0.1732924818026552,0.21148532584928248,-0.01602839500920128,-0.03124248117212235,-0.11118001856934534,0.0017583934576513333,1.325241749636206
0.75,0.1,1.2,0.08,0.6,0.42,0.5,0.556734693877551,0.4468053613786089,0.7136812411847673,0.6267348429510592,0.0,0.4936708860759494,0.858,0.142,0.0,500,3,0,0.02140586784350692,0.1732924818026552,0.21148532584928248,-0.01602839500920128,-0.03124248117212235,-0.11118001856934534,0.0017583934576513333,1.3263827436212323
0.75,0.2,1.2,0.04,0.6,0.38,0.5,0.556734693877551,0.4468053613786089,0.7136812411847673,0.6267348429510592,0.0,0.4936708860759494,0.858,0.142,0.0,500,3,0,0.021452876105879922,0.1732924818026552,0.21148532584928248,-0.01602839500920128,-0.03124248117212235,-0.11118001856934534,0.0017583934576513333,1.3263827436212323
0.75,0.2,1.2,0.04,0.6,0.34,0.5,0.556734693877551,0.4468053613786089,0.7136812411847673,0.6267348429510592,0.0,0.4936708860759494,0.858,0.142,0.0,500,3,0,0.02134587652435597,0.1732924818026552,0.21148532584928248,-0.01602839500920128,-0.03124248117212235,-0.11118001856934534,0.0017583934576513333,1.3263827436212323
0.75,0.2,1.2,0.04,0.72,0.42,0.5,0.556734693877551,0.4468053613786089,0.7136812411847673,0.6267348429510592,0.0,0.4936708860759494,0.858,0.142,0.0,500,3,0,0.021436344481757543,0.1732924818026552,0.21148532584928248,-0.01602839500920128,-0.03124248117212235,-0.11118001856934534,0.0017583934576513333,1.3263827436212323
0.75,0.2,1.2,0.08,0.6,0.34,0.5,0.556734693877551,0.4468053613786089,0.7136812411847673,0.6267348429510592,0.0,0.4936708860759494,0.858,0.142,0.0,500,3,0,0.02134587652435597,0.1732924818026552,0.21148532584928248,-0.01602839500920128,-0.03124248117212235,-0.11118001856934534,0.0017583934576513333,1.3263827436212323
0.75,0.2,1.2,0.04,0.66,0.42,0.5,0.556734693877551,0.4468053613786089,0.7136812411847673,0.6267348429510592,0.0,0.4936708860759494,0.858,0.142,0.0,500,3,0,0.021498859057463196,0.1732924818026552,0.21148532584928248,-0.01602839500920128,-0.03124248117212235,-0.11118001856934534,0.0017583934576513333,1.3263827436212323
0.75,0.2,1.2,0.08,0.72,0.42,0.5,0.556734693877551,0.4468053613786089,0.7136812411847673,0.6267348429510592,0.0,0.4936708860759494,0.858,0.142,0.0,500,3,0,0.021436344481757543,0.1732924818026552,0.21148532584928248,-0.01602839500920128,-0.03124248117212235,-0.11118001856934534,0.0017583934576513333,1.3263827436212323
0.75,0.2,1.2,0.12,0.66,0.42,0.5,0.556734693877551,0.4468053613786089,0.7136812411847673,0.6267348429510592,0.0,0.4936708860759494,0.858,0.142,0.0,500,3,0,0.021498859057463196,0.1732924818026552,0.21148532584928248,-0.01602839500920128,-0.03124248117212235,-0.11118001856934534,0.0017583934576513333,1.3263827436212323
0.75,0.2,1.2,0.12,0.72,0.42,0.5,0.556734693877551,0.4468053613786089,0.7136812411847673,0.6267348429510592,0.0,0.4936708860759494,0.858,0.142,0.0,500,3,0,0.021436344481757543,0.1732924818026552,0.21148532584928248,-0.01602839500920128,-0.03124248117212235,-0.11118001856934534,0.0017583934576513333,1.3263827436212323
0.75,0.2,1.2,0.08,0.6,0.38,0.5,0.556734693877551,0.4468053613786089,0.7136812411847673,0.6267348429510592,0.0,0.4936708860759494,0.858,0.142,0.0,500,3,0,0.021452876105879922,0.1732924818026552,0.21148532584928248,-0.01602839500920128,-0.03124248117212235,-0.11118001856934534,0.0017583934576513333,1.3263827436212323
0.75,0.2,1.2,0.12,0.66,0.38,0.5,0.556734693877551,0.4468053613786089,0.7136812411847673,0.6267348429510592,0.0,0.4936708860759494,0.858,0.142,0.0,500,3,0,0.021300099844358853,0.1732924818026552,0.21148532584928248,-0.01602839500920128,-0.03124248117212235,-0.11118001856934534,0.0017583934576513333,1.3263827436212323
0.75,0.3,1.2,0.08,0.72,0.34,0.5,0.556734693877551,0.4468053613786089,0.7136812411847673,0.6267348429510592,0.0,0.4936708860759494,0.858,0.142,0.0,500,3,0,0.021433752179003857,0.1732924818026552,0.21148532584928248,-0.01602839500920128,-0.03124248117212235,-0.11118001856934534,0.0017583934576513333,1.3263827436212323
0.75,0.3,1.2,0.08,0.72,0.38,0.5,0.556734693877551,0.4468053613786089,0.7136812411847673,0.6267348429510592,0.0,0.4936708860759494,0.858,0.142,0.0,500,3,0,0.021540514508240873,0.1732924818026552,0.21148532584928248,-0.01602839500920128,-0.03124248117212235,-0.11118001856934534,0.0017583934576513333,1.3263827436212323
0.75,0.3,1.2,0.12,0.66,0.34,0.5,0.556734693877551,0.4468053613786089,0.7136812411847673,0.6267348429510592,0.0,0.4936708860759494,0.858,0.142,0.0,500,3,0,0.021493200101408812,0.1732924818026552,0.21148532584928248,-0.01602839500920128,-0.03124248117212235,-0.11118001856934534,0.0017583934576513333,1.3263827436212323
0.75,0.3,1.2,0.12,0.72,0.38,0.5,0.556734693877551,0.4468053613786089,0.7136812411847673,0.6267348429510592,0.0,0.4936708860759494,0.858,0.142,0.0,500,3,0,0.021540514508240873,0.1732924818026552,0.21148532584928248,-0.01602839500920128,-0.03124248117212235,-0.11118001856934534,0.0017583934576513333,1.3263827436212323
0.75,0.2,1.2,0.08,0.66,0.38,0.5,0.556734693877551,0.4468053613786089,0.7136812411847673,0.6267348429510592,0.0,0.4936708860759494,0.858,0.142,0.0,500,3,0,0.021300099844358853,0.1732924818026552,0.21148532584928248,-0.01602839500920128,-0.03124248117212235,-0.11118001856934534,0.0017583934576513333,1.3263827436212323
0.75,0.3,1.2,0.04,0.66,0.34,0.5,0.556734693877551,0.4468053613786089,0.7136812411847673,0.6267348429510592,0.0,0.4936708860759494,0.858,0.142,0.0,500,3,0,0.021493200101408812,0.1732924818026552,0.21148532584928248,-0.01602839500920128,-0.03124248117212235,-0.11118001856934534,0.0017583934576513333,1.3263827436212323
0.75,0.3,1.2,0.04,0.72,0.34,0.5,0.556734693877551,0.4468053613786089,0.7136812411847673,0.6267348429510592,0.0,0.4936708860759494,0.858,0.142,0.0,500,3,0,0.021433752179003857,0.1732924818026552,0.21148532584928248,-0.01602839500920128,-0.03124248117212235,-0.11118001856934534,0.0017583934576513333,1.3263827436212323
0.75,0.3,1.2,0.12,0.72,0.34,0.5,0.556734693877551,0.4468053613786089,0.7136812411847673,0.6267348429510592,0.0,0.4936708860759494,0.858,0.142,0.0,500,3,0,0.021433752179003857,0.1732924818026552,0.21148532584928248,-0.01602839500920128,-0.03124248117212235,-0.11118001856934534,0.0017583934576513333,1.3263827436212323
0.75,0.1,1.2,0.04,0.6,0.42,0.5,0.556734693877551,0.4468053613786089,0.7136812411847673,0.6267348429510592,0.0,0.4936708860759494,0.858,0.142,0.0,500,3,0,0.02140586784350692,0.1732924818026552,0.21148532584928248,-0.01602839500920128,-0.03124248117212235,-0.11118001856934534,0.0017583934576513333,1.3263827436212323
0.75,0.3,1.2,0.04,0.72,0.38,0.5,0.556734693877551,0.4468053613786089,0.7136812411847673,0.6267348429510592,0.0,0.4936708860759494,0.858,0.142,0.0,500,3,0,0.021540514508240873,0.1732924818026552,0.21148532584928248,-0.01602839500920128,-0.03124248117212235,-0.11118001856934534,0.0017583934576513333,1.3263827436212323
0.75,0.2,1.2,0.12,0.6,0.38,0.5,0.556734693877551,0.4468053613786089,0.7136812411847673,0.6267348429510592,0.0,0.4936708860759494,0.858,0.142,0.0,500,3,0,0.021452876105879922,0.1732924818026552,0.21148532584928248,-0.01602839500920128,-0.03124248117212235,-0.11118001856934534,0.0017583934576513333,1.3263827436212323
0.75,0.2,1.2,0.12,0.6,0.34,0.5,0.556734693877551,0.4468053613786089,0.7136812411847673,0.6267348429510592,0.0,0.4936708860759494,0.858,0.142,0.0,500,3,0,0.02134587652435597,0.1732924818026552,0.21148532584928248,-0.01602839500920128,-0.03124248117212235,-0.11118001856934534,0.0017583934576513333,1.3263827436212323
0.75,0.2,1.2,0.08,0.66,0.42,0.5,0.556734693877551,0.4468053613786089,0.7136812411847673,0.6267348429510592,0.0,0.4936708860759494,0.858,0.142,0.0,500,3,0,0.021498859057463196,0.1732924818026552,0.21148532584928248,-0.01602839500920128,-0.03124248117212235,-0.11118001856934534,0.0017583934576513333,1.3263827436212323
0.75,0.2,1.2,0.04,0.66,0.38,0.5,0.556734693877551,0.4468053613786089,0.7136812411847673,0.6267348429510592,0.0,0.4936708860759494,0.858,0.142,0.0,500,3,0,0.021300099844358853,0.1732924818026552,0.21148532584928248,-0.01602839500920128,-0.03124248117212235,-0.11118001856934534,0.0017583934576513333,1.3263827436212323
0.75,0.1,1.2,0.12,0.6,0.42,0.5,0.556734693877551,0.4468053613786089,0.7136812411847673,0.6267348429510592,0.0,0.4936708860759494,0.858,0.142,0.0,500,3,0,0.02140586784350692,0.1732924818026552,0.21148532584928248,-0.01602839500920128,-0.03124248117212235,-0.11118001856934534,0.0017583934576513333,1.3263827436212323
0.75,0.3,1.2,0.08,0.66,0.34,0.5,0.556734693877551,0.4468053613786089,0.7136812411847673,0.6267348429510592,0.0,0.4936708860759494,0.858,0.142,0.0,500,3,0,0.021493200101408812,0.1732924818026552,0.21148532584928248,-0.01602839500920128,-0.03124248117212235,-0.11118001856934534,0.0017583934576513333,1.3263827436212323
0.75,0.1,1.2,0.04,0.72,0.34,0.25,0.5542857142857143,0.44480056980056987,0.7094017094017094,0.625,0.0,0.4908675799086758,0.86,0.14,0.0,500,4,0,0.022172459791643843,0.1732924818026552,0.21148532584928248,-0.01602839500920128,-0.03124248117212235,-0.11118001856934534,0.0017583934576513333,1.3266365147911081
0.75,0.1,1.2,0.08,0.72,0.34,0.25,0.5542857142857143,0.44480056980056987,0.7094017094017094,0.625,0.0,0.4908675799086758,0.86,0.14,0.0,500,4,0,0.022172459791643843,0.1732924818026552,0.21148532584928248,-0.01602839500920128,-0.03124248117212235,-0.11118001856934534,0.0017583934576513333,1.3266365147911081
0.75,0.1,1.2,0.12,0.72,0.34,0.25,0.5542857142857143,0.44480056980056987,0.7094017094017094,0.625,0.0,0.4908675799086758,0.86,0.14,0.0,500,4,0,0.022172459791643843,0.1732924818026552,0.21148532584928248,-0.01602839500920128,-0.03124248117212235,-0.11118001856934534,0.0017583934576513333,1.3266365147911081
0.75,0.1,1.2,0.08,0.72,0.38,0.5,0.5542857142857143,0.44461571619466356,0.7083926031294452,0.6254545454545455,0.0,0.49142857142857144,0.86,0.14,0.0,500,3,0,0.0210176057557918,0.1732924818026552,0.21148532584928248,-0.01602839500920128,-0.03124248117212235,-0.11118001856934534,0.0017583934576513333,1.3268213683970145
0.75,0.1,1.2,0.12,0.72,0.38,0.5,0.5542857142857143,0.44461571619466356,0.7083926031294452,0.6254545454545455,0.0,0.49142857142857144,0.86,0.14,0.0,500,3,0,0.0210176057557918,0.1732924818026552,0.21148532584928248,-0.01602839500920128,-0.03124248117212235,-0.11118001856934534,0.0017583934576513333,1.3268213683970145
0.75,0.1,1.2,0.04,0.72,0.38,0.5,0.5542857142857143,0.44461571619466356,0.7083926031294452,0.6254545454545455,0.0,0.49142857142857144,0.86,0.14,0.0,500,3,0,0.0210176057557918,0.1732924818026552,0.21148532584928248,-0.01602839500920128,-0.03124248117212235,-0.11118001856934534,0.0017583934576513333,1.3268213683970145
0.75,0.1,1.2,0.04,0.72,0.42,0.25,0.5551020408163265,0.4456552320245739,0.7120567375886525,0.6249089584850692,0.0,0.49140893470790376,0.858,0.142,0.0,500,3,0,0.022239736778715116,0.1732924818026552,0.21148532584928248,-0.01602839500920128,-0.03124248117212235,-0.11118001856934534,0.0017583934576513333,1.3291655260364919
0.75,0.1,1.2,0.04,0.6,0.34,0.25,0.5551020408163265,0.4456552320245739,0.7120567375886525,0.6249089584850692,0.0,0.49140893470790376,0.858,0.142,0.0,500,3,0,0.02224037417680299,0.1732924818026552,0.21148532584928248,-0.01602839500920128,-0.03124248117212235,-0.11118001856934534,0.0017583934576513333,1.3291655260364919
0.75,0.1,1.2,0.12,0.72,0.42,0.25,0.5551020408163265,0.4456552320245739,0.7120567375886525,0.6249089584850692,0.0,0.49140893470790376,0.858,0.142,0.0,500,3,0,0.022239736778715116,0.1732924818026552,0.21148532584928248,-0.01602839500920128,-0.03124248117212235,-0.11118001856934534,0.0017583934576513333,1.3291655260364919
0.75,0.1,1.2,0.08,0.72,0.42,0.25,0.5551020408163265,0.4456552320245739,0.7120567375886525,0.6249089584850692,0.0,0.49140893470790376,0.858,0.142,0.0,500,3,0,0.022239736778715116,0.1732924818026552,0.21148532584928248,-0.01602839500920128,-0.03124248117212235,-0.11118001856934534,0.0017583934576513333,1.3291655260364919
0.75,0.1,1.2,0.12,0.6,0.34,0.25,0.5551020408163265,0.4456552320245739,0.7120567375886525,0.6249089584850692,0.0,0.49140893470790376,0.858,0.142,0.0,500,3,0,0.02224037417680299,0.1732924818026552,0.21148532584928248,-0.01602839500920128,-0.03124248117212235,-0.11118001856934534,0.0017583934576513333,1.3291655260364919
0.75,0.1,1.2,0.08,0.6,0.34,0.25,0.5551020408163265,0.4456552320245739,0.7120567375886525,0.6249089584850692,0.0,0.49140893470790376,0.858,0.142,0.0,500,3,0,0.02224037417680299,0.1732924818026552,0.21148532584928248,-0.01602839500920128,-0.03124248117212235,-0.11118001856934534,0.0017583934576513333,1.3291655260364919
0.75,0.2,1.2,0.12,0.72,0.34,0.25,0.5551020408163265,0.44547086337570235,0.7110481586402266,0.6253644314868805,0.0,0.4919724770642202,0.858,0.142,0.0,500,3,0,0.02220198414711011,0.1732924818026552,0.21148532584928248,-0.01602839500920128,-0.03124248117212235,-0.11118001856934534,0.0017583934576513333,1.3293498946853635
0.75,0.2,1.2,0.04,0.72,0.34,0.25,0.5551020408163265,0.44547086337570235,0.7110481586402266,0.6253644314868805,0.0,0.4919724770642202,0.858,0.142,0.0,500,3,0,0.02220198414711011,0.1732924818026552,0.21148532584928248,-0.01602839500920128,-0.03124248117212235,-0.11118001856934534,0.0017583934576513333,1.3293498946853635
0.75,0.2,1.2,0.08,0.72,0.34,0.25,0.5551020408163265,0.44547086337570235,0.7110481586402266,0.6253644314868805,0.0,0.4919724770642202,0.858,0.142,0.0,500,3,0,0.02220198414711011,0.1732924818026552,0.21148532584928248,-0.01602839500920128,-0.03124248117212235,-0.11118001856934534,0.0017583934576513333,1.3293498946853635
0.75,0.3,1.2,0.12,0.6,0.34,0.5,0.556734693877551,0.4468917909974275,0.7144866385372715,0.626188734455011,0.0,0.4936562860438293,0.856,0.144,0.0,500,3,0,0.021651412178931167,0.1732924818026552,0.21148532584928248,-0.01602839500920128,-0.03124248117212235,-0.11118001856934534,0.0017583934576513333,1.3304963140024137
0.75,0.2,1.2,0.08,0.6,0.42,0.5,0.556734693877551,0.4468917909974275,0.7144866385372715,0.626188734455011,0.0,0.4936562860438293,0.856,0.144,0.0,500,3,0,0.021664490256126014,0.1732924818026552,0.21148532584928248,-0.01602839500920128,-0.03124248117212235,-0.11118001856934534,0.0017583934576513333,1.3304963140024137
0.75,0.2,1.2,0.12,0.6,0.42,0.5,0.556734693877551,0.4468917909974275,0.7144866385372715,0.626188734455011,0.0,0.4936562860438293,0.856,0.144,0.0,500,3,0,0.021664490256126014,0.1732924818026552,0.21148532584928248,-0.01602839500920128,-0.03124248117212235,-0.11118001856934534,0.0017583934576513333,1.3304963140024137
0.75,0.3,1.2,0.08,0.6,0.34,0.5,0.556734693877551,0.4468917909974275,0.7144866385372715,0.626188734455011,0.0,0.4936562860438293,0.856,0.144,0.0,500,3,0,0.021651412178931167,0.1732924818026552,0.21148532584928248,-0.01602839500920128,-0.03124248117212235,-0.11118001856934534,0.0017583934576513333,1.3304963140024137
0.75,0.3,1.2,0.04,0.6,0.34,0.5,0.556734693877551,0.4468917909974275,0.7144866385372715,0.626188734455011,0.0,0.4936562860438293,0.856,0.144,0.0,500,3,0,0.021651412178931167,0.1732924818026552,0.21148532584928248,-0.01602839500920128,-0.03124248117212235,-0.11118001856934534,0.0017583934576513333,1.3304963140024137
0.75,0.2,1.2,0.04,0.6,0.42,0.5,0.556734693877551,0.4468917909974275,0.7144866385372715,0.626188734455011,0.0,0.4936562860438293,0.856,0.144,0.0,500,3,0,0.021664490256126014,0.1732924818026552,0.21148532584928248,-0.01602839500920128,-0.03124248117212235,-0.11118001856934534,0.0017583934576513333,1.3304963140024137
0.75,0.3,1.2,0.12,0.72,0.42,0.5,0.5559183673469388,0.4460411646947411,0.7124824684431977,0.6256410256410256,0.0,0.4936416184971098,0.854,0.146,0.0,500,4,0,0.02174803330374508,0.1732924818026552,0.21148532584928248,-0.01602839500920128,-0.03124248117212235,-0.11118001856934534,0.0017583934576513333,1.3363632668357126
0.75,0.3,1.2,0.12,0.6,0.38,0.5,0.5559183673469388,0.4460411646947411,0.7124824684431977,0.6256410256410256,0.0,0.4936416184971098,0.854,0.146,0.0,500,4,0,0.02176644236846643,0.1732924818026552,0.21148532584928248,-0.01602839500920128,-0.03124248117212235,-0.11118001856934534,0.0017583934576513333,1.3363632668357126
0.75,0.3,1.2,0.04,0.6,0.38,0.5,0.5559183673469388,0.4460411646947411,0.7124824684431977,0.6256410256410256,0.0,0.4936416184971098,0.854,0.146,0.0,500,4,0,0.02176644236846643,0.1732924818026552,0.21148532584928248,-0.01602839500920128,-0.03124248117212235,-0.11118001856934534,0.0017583934576513333,1.3363632668357126
0.75,0.3,1.2,0.08,0.72,0.42,0.5,0.5559183673469388,0.4460411646947411,0.7124824684431977,0.6256410256410256,0.0,0.4936416184971098,0.854,0.146,0.0,500,4,0,0.02174803330374508,0.1732924818026552,0.21148532584928248,-0.01602839500920128,-0.03124248117212235,-0.11118001856934534,0.0017583934576513333,1.3363632668357126
0.75,0.3,1.2,0.08,0.6,0.38,0.5,0.5559183673469388,0.4460411646947411,0.7124824684431977,0.6256410256410256,0.0,0.4936416184971098,0.854,0.146,0.0,500,4,0,0.02176644236846643,0.1732924818026552,0.21148532584928248,-0.01602839500920128,-0.03124248117212235,-0.11118001856934534,0.0017583934576513333,1.3363632668357126
0.75,0.3,1.2,0.04,0.72,0.42,0.5,0.5559183673469388,0.4460411646947411,0.7124824684431977,0.6256410256410256,0.0,0.4936416184971098,0.854,0.146,0.0,500,4,0,0.02174803330374508,0.1732924818026552,0.21148532584928248,-0.01602839500920128,-0.03124248117212235,-0.11118001856934534,0.0017583934576513333,1.3363632668357126
0.75,0.1,1.2,0.04,0.6,0.42,0.25,0.5542857142857143,0.4448911229683539,0.7108603667136812,0.6238130021913806,0.0,0.49136939010356734,0.854,0.146,0.0,500,4,0,0.022321289465451748,0.1732924818026552,0.21148532584928248,-0.01602839500920128,-0.03124248117212235,-0.11118001856934534,0.0017583934576513333,1.3391459616233243
0.75,0.1,1.2,0.08,0.6,0.42,0.25,0.5542857142857143,0.4448911229683539,0.7108603667136812,0.6238130021913806,0.0,0.49136939010356734,0.854,0.146,0.0,500,4,0,0.022321289465451748,0.1732924818026552,0.21148532584928248,-0.01602839500920128,-0.03124248117212235,-0.11118001856934534,0.0017583934576513333,1.3391459616233243
0.75,0.2,1.2,0.12,0.66,0.38,0.25,0.5542857142857143,0.4448911229683539,0.7108603667136812,0.6238130021913806,0.0,0.49136939010356734,0.854,0.146,0.0,500,4,0,0.02225121693924941,0.1732924818026552,0.21148532584928248,-0.01602839500920128,-0.03124248117212235,-0.11118001856934534,0.0017583934576513333,1.3391459616233243
0.75,0.2,1.2,0.12,0.6,0.34,0.25,0.5542857142857143,0.4448911229683539,0.7108603667136812,0.6238130021913806,0.0,0.49136939010356734,0.854,0.146,0.0,500,4,0,0.022281288573725837,0.1732924818026552,0.21148532584928248,-0.01602839500920128,-0.03124248117212235,-0.11118001856934534,0.0017583934576513333,1.3391459616233243
0.75,0.2,1.2,0.08,0.6,0.34,0.25,0.5542857142857143,0.4448911229683539,0.7108603667136812,0.6238130021913806,0.0,0.49136939010356734,0.854,0.146,0.0,500,4,0,0.022281288573725837,0.1732924818026552,0.21148532584928248,-0.01602839500920128,-0.03124248117212235,-0.11118001856934534,0.0017583934576513333,1.3391459616233243
0.75,0.2,1.2,0.04,0.6,0.34,0.25,0.5542857142857143,0.4448911229683539,0.7108603667136812,0.6238130021913806,0.0,0.49136939010356734,0.854,0.146,0.0,500,4,0,0.022281288573725837,0.1732924818026552,0.21148532584928248,-0.01602839500920128,-0.03124248117212235,-0.11118001856934534,0.0017583934576513333,1.3391459616233243
0.75,0.2,1.2,0.08,0.66,0.38,0.25,0.5542857142857143,0.4448911229683539,0.7108603667136812,0.6238130021913806,0.0,0.49136939010356734,0.854,0.146,0.0,500,4,0,0.02225121693924941,0.1732924818026552,0.21148532584928248,-0.01602839500920128,-0.03124248117212235,-0.11118001856934534,0.0017583934576513333,1.3391459616233243
0.75,0.2,1.2,0.04,0.66,0.38,0.25,0.5542857142857143,0.4448911229683539,0.7108603667136812,0.6238130021913806,0.0,0.49136939010356734,0.854,0.146,0.0,500,4,0,0.02225121693924941,0.1732924818026552,0.21148532584928248,-0.01602839500920128,-0.03124248117212235,-0.11118001856934534,0.0017583934576513333,1.3391459616233243
0.75,0.1,1.2,0.12,0.6,0.42,0.25,0.5542857142857143,0.4448911229683539,0.7108603667136812,0.6238130021913806,0.0,0.49136939010356734,0.854,0.146,0.0,500,4,0,0.022321289465451748,0.1732924818026552,0.21148532584928248,-0.01602839500920128,-0.03124248117212235,-0.11118001856934534,0.0017583934576513333,1.3391459616233243
0.75,0.1,1.2,0.12,0.6,0.38,0.25,0.553469387755102,0.44413240408539184,0.7090395480225988,0.6233576642335766,0.0,0.4908045977011494,0.854,0.146,0.0,500,4,0,0.02226382318267183,0.1732924818026552,0.21148532584928248,-0.01602839500920128,-0.03124248117212235,-0.11118001856934534,0.0017583934576513333,1.3407210070368984
0.75,0.1,1.2,0.04,0.66,0.42,0.25,0.553469387755102,0.44413240408539184,0.7090395480225988,0.6233576642335766,0.0,0.4908045977011494,0.854,0.146,0.0,500,4,0,0.02226134869530472,0.1732924818026552,0.21148532584928248,-0.01602839500920128,-0.03124248117212235,-0.11118001856934534,0.0017583934576513333,1.3407210070368984
0.75,0.1,1.2,0.08,0.66,0.42,0.25,0.553469387755102,0.44413240408539184,0.7090395480225988,0.6233576642335766,0.0,0.4908045977011494,0.854,0.146,0.0,500,4,0,0.02226134869530472,0.1732924818026552,0.21148532584928248,-0.01602839500920128,-0.03124248117212235,-0.11118001856934534,0.0017583934576513333,1.3407210070368984
0.75,0.1,1.2,0.04,0.6,0.38,0.25,0.553469387755102,0.44413240408539184,0.7090395480225988,0.6233576642335766,0.0,0.4908045977011494,0.854,0.146,0.0,500,4,0,0.02226382318267183,0.1732924818026552,0.21148532584928248,-0.01602839500920128,-0.03124248117212235,-0.11118001856934534,0.0017583934576513333,1.3407210070368984
0.75,0.1,1.2,0.08,0.6,0.38,0.25,0.553469387755102,0.44413240408539184,0.7090395480225988,0.6233576642335766,0.0,0.4908045977011494,0.854,0.146,0.0,500,4,0,0.02226382318267183,0.1732924818026552,0.21148532584928248,-0.01602839500920128,-0.03124248117212235,-0.11118001856934534,0.0017583934576513333,1.3407210070368984
0.75,0.1,1.2,0.12,0.66,0.42,0.25,0.553469387755102,0.44413240408539184,0.7090395480225988,0.6233576642335766,0.0,0.4908045977011494,0.854,0.146,0.0,500,4,0,0.02226134869530472,0.1732924818026552,0.21148532584928248,-0.01602839500920128,-0.03124248117212235,-0.11118001856934534,0.0017583934576513333,1.3407210070368984
0.75,0.2,1.2,0.08,0.66,0.34,0.25,0.553469387755102,0.44413240408539184,0.7090395480225988,0.6233576642335766,0.0,0.4908045977011494,0.854,0.146,0.0,500,4,0,0.022222935033088077,0.1732924818026552,0.21148532584928248,-0.01602839500920128,-0.03124248117212235,-0.11118001856934534,0.0017583934576513333,1.3407210070368984
0.75,0.2,1.2,0.04,0.72,0.38,0.25,0.553469387755102,0.44413240408539184,0.7090395480225988,0.6233576642335766,0.0,0.4908045977011494,0.854,0.146,0.0,500,4,0,0.02222914625031873,0.1732924818026552,0.21148532584928248,-0.01602839500920128,-0.03124248117212235,-0.11118001856934534,0.0017583934576513333,1.3407210070368984
0.75,0.2,1.2,0.12,0.72,0.38,0.25,0.553469387755102,0.44413240408539184,0.7090395480225988,0.6233576642335766,0.0,0.4908045977011494,0.854,0.146,0.0,500,4,0,0.02222914625031873,0.1732924818026552,0.21148532584928248,-0.01602839500920128,-0.03124248117212235,-0.11118001856934534,0.0017583934576513333,1.3407210070368984
0.75,0.2,1.2,0.12,0.66,0.34,0.25,0.553469387755102,0.44413240408539184,0.7090395480225988,0.6233576642335766,0.0,0.4908045977011494,0.854,0.146,0.0,500,4,0,0.022222935033088077,0.1732924818026552,0.21148532584928248,-0.01602839500920128,-0.03124248117212235,-0.11118001856934534,0.0017583934576513333,1.3407210070368984
0.75,0.2,1.2,0.04,0.66,0.34,0.25,0.553469387755102,0.44413240408539184,0.7090395480225988,0.6233576642335766,0.0,0.4908045977011494,0.854,0.146,0.0,500,4,0,0.022222935033088077,0.1732924818026552,0.21148532584928248,-0.01602839500920128,-0.03124248117212235,-0.11118001856934534,0.0017583934576513333,1.3407210070368984
0.75,0.2,1.2,0.08,0.72,0.38,0.25,0.553469387755102,0.44413240408539184,0.7090395480225988,0.6233576642335766,0.0,0.4908045977011494,0.854,0.146,0.0,500,4,0,0.02222914625031873,0.1732924818026552,0.21148532584928248,-0.01602839500920128,-0.03124248117212235,-0.11118001856934534,0.0017583934576513333,1.3407210070368984
0.75,0.3,1.2,0.04,0.66,0.42,0.5,0.5551020408163265,0.44537267497419303,0.711484593837535,0.624633431085044,0.0,0.4930555555555556,0.852,0.148,0.0,500,4,0,0.02181392016619482,0.1732924818026552,0.21148532584928248,-0.01602839500920128,-0.03124248117212235,-0.11118001856934534,0.0017583934576513333,1.3420480830868726
0.75,0.3,1.2,0.08,0.66,0.42,0.5,0.5551020408163265,0.44537267497419303,0.711484593837535,0.624633431085044,0.0,0.4930555555555556,0.852,0.148,0.0,500,4,0,0.02181392016619482,0.1732924818026552,0.21148532584928248,-0.01602839500920128,-0.03124248117212235,-0.11118001856934534,0.0017583934576513333,1.3420480830868726
0.75,0.3,1.2,0.12,0.66,0.42,0.5,0.5551020408163265,0.44537267497419303,0.711484593837535,0.624633431085044,0.0,0.4930555555555556,0.852,0.148,0.0,500,4,0,0.02181392016619482,0.1732924818026552,0.21148532584928248,-0.01602839500920128,-0.03124248117212235,-0.11118001856934534,0.0017583934576513333,1.3420480830868726
0.75,0.3,1.2,0.08,0.6,0.42,0.5,0.5559183673469388,0.44603064066852366,0.713091922005571,0.625,0.0,0.4941860465116279,0.85,0.15,0.0,500,4,0,0.02198465712491351,0.1732924818026552,0.21148532584928248,-0.01602839500920128,-0.03124248117212235,-0.11118001856934534,0.0017583934576513333,1.3447737908619297
0.75,0.3,1.2,0.12,0.6,0.42,0.5,0.5559183673469388,0.44603064066852366,0.713091922005571,0.625,0.0,0.4941860465116279,0.85,0.15,0.0,500,4,0,0.02198465712491351,0.1732924818026552,0.21148532584928248,-0.01602839500920128,-0.03124248117212235,-0.11118001856934534,0.0017583934576513333,1.3447737908619297
0.75,0.3,1.2,0.04,0.6,0.42,0.5,0.5559183673469388,0.44603064066852366,0.713091922005571,0.625,0.0,0.4941860465116279,0.85,0.15,0.0,500,4,0,0.02198465712491351,0.1732924818026552,0.21148532584928248,-0.01602839500920128,-0.03124248117212235,-0.11118001856934534,0.0017583934576513333,1.3447737908619297
0.75,0.2,1.2,0.12,0.72,0.42,0.25,0.553469387755102,0.44422205749114574,0.7098591549295775,0.6228070175438597,0.0,0.49078341013824883,0.852,0.148,0.0,500,4,0,0.022288173543926256,0.1732924818026552,0.21148532584928248,-0.01602839500920128,-0.03124248117212235,-0.11118001856934534,0.0017583934576513333,1.3448313536311445
0.75,0.2,1.2,0.08,0.72,0.42,0.25,0.553469387755102,0.44422205749114574,0.7098591549295775,0.6228070175438597,0.0,0.49078341013824883,0.852,0.148,0.0,500,4,0,0.022288173543926256,0.1732924818026552,0.21148532584928248,-0.01602839500920128,-0.03124248117212235,-0.11118001856934534,0.0017583934576513333,1.3448313536311445
0.75,0.2,1.2,0.04,0.72,0.42,0.25,0.553469387755102,0.44422205749114574,0.7098591549295775,0.6228070175438597,0.0,0.49078341013824883,0.852,0.148,0.0,500,4,0,0.022288173543926256,0.1732924818026552,0.21148532584928248,-0.01602839500920128,-0.03124248117212235,-0.11118001856934534,0.0017583934576513333,1.3448313536311445
0.75,0.3,1.2,0.12,0.72,0.34,0.25,0.5526530612244898,0.44355344019211124,0.7088607594936709,0.6217995610826628,0.0,0.49019607843137253,0.85,0.15,0.0,500,4,0,0.022265880707302992,0.1732924818026552,0.21148532584928248,-0.01602839500920128,-0.03124248117212235,-0.11118001856934534,0.0017583934576513333,1.3505162974607912
0.75,0.3,1.2,0.08,0.72,0.34,0.25,0.5526530612244898,0.44355344019211124,0.7088607594936709,0.6217995610826628,0.0,0.49019607843137253,0.85,0.15,0.0,500,4,0,0.022265880707302992,0.1732924818026552,0.21148532584928248,-0.01602839500920128,-0.03124248117212235,-0.11118001856934534,0.0017583934576513333,1.3505162974607912
0.75,0.3,1.2,0.04,0.72,0.34,0.25,0.5526530612244898,0.44355344019211124,0.7088607594936709,0.6217995610826628,0.0,0.49019607843137253,0.85,0.15,0.0,500,4,0,0.022265880707302992,0.1732924818026552,0.21148532584928248,-0.01602839500920128,-0.03124248117212235,-0.11118001856934534,0.0017583934576513333,1.3505162974607912
0.75,0.2,1.2,0.12,0.6,0.38,0.25,0.5526530612244898,0.44355344019211124,0.7088607594936709,0.6217995610826628,0.0,0.49019607843137253,0.85,0.15,0.0,500,4,0,0.022311167396119512,0.1732924818026552,0.21148532584928248,-0.01602839500920128,-0.03124248117212235,-0.11118001856934534,0.0017583934576513333,1.3505162974607912
0.75,0.2,1.2,0.04,0.6,0.38,0.25,0.5526530612244898,0.44355344019211124,0.7088607594936709,0.6217995610826628,0.0,0.49019607843137253,0.85,0.15,0.0,500,4,0,0.022311167396119512,0.1732924818026552,0.21148532584928248,-0.01602839500920128,-0.03124248117212235,-0.11118001856934534,0.0017583934576513333,1.3505162974607912
0.75,0.2,1.2,0.08,0.6,0.38,0.25,0.5526530612244898,0.44355344019211124,0.7088607594936709,0.6217995610826628,0.0,0.49019607843137253,0.85,0.15,0.0,500,4,0,0.022311167396119512,0.1732924818026552,0.21148532584928248,-0.01602839500920128,-0.03124248117212235,-0.11118001856934534,0.0017583934576513333,1.3505162974607912
0.75,0.2,1.2,0.04,0.66,0.42,0.25,0.5518367346938775,0.4428852660382428,0.7078651685393258,0.6207906295754027,0.0,0.4896073903002309,0.848,0.152,0.0,500,5,0,0.022311788670847342,0.1732924818026552,0.21148532584928248,-0.01602839500920128,-0.03124248117212235,-0.11118001856934534,0.0017583934576513333,1.3562007981452722
0.75,0.2,1.2,0.08,0.66,0.42,0.25,0.5518367346938775,0.4428852660382428,0.7078651685393258,0.6207906295754027,0.0,0.4896073903002309,0.848,0.152,0.0,500,5,0,0.022311788670847342,0.1732924818026552,0.21148532584928248,-0.01602839500920128,-0.03124248117212235,-0.11118001856934534,0.0017583934576513333,1.3562007981452722
0.75,0.2,1.2,0.12,0.66,0.42,0.25,0.5518367346938775,0.4428852660382428,0.7078651685393258,0.6207906295754027,0.0,0.4896073903002309,0.848,0.152,0.0,500,5,0,0.022311788670847342,0.1732924818026552,0.21148532584928248,-0.01602839500920128,-0.03124248117212235,-0.11118001856934534,0.0017583934576513333,1.3562007981452722
0.75,0.3,1.2,0.04,0.72,0.38,0.25,0.5518367346938775,0.4430580507906819,0.7094972067039106,0.6196769456681351,0.0,0.4895591647331787,0.844,0.156,0.0,500,5,0,0.022297168249037894,0.1732924818026552,0.21148532584928248,-0.01602839500920128,-0.03124248117212235,-0.11118001856934534,0.0017583934576513333,1.364428013392833
0.75,0.3,1.2,0.12,0.72,0.38,0.25,0.5518367346938775,0.4430580507906819,0.7094972067039106,0.6196769456681351,0.0,0.4895591647331787,0.844,0.156,0.0,500,5,0,0.022297168249037894,0.1732924818026552,0.21148532584928248,-0.01602839500920128,-0.03124248117212235,-0.11118001856934534,0.0017583934576513333,1.364428013392833
0.75,0.3,1.2,0.08,0.72,0.38,0.25,0.5518367346938775,0.4430580507906819,0.7094972067039106,0.6196769456681351,0.0,0.4895591647331787,0.844,0.156,0.0,500,5,0,0.022297168249037894,0.1732924818026552,0.21148532584928248,-0.01602839500920128,-0.03124248117212235,-0.11118001856934534,0.0017583934576513333,1.364428013392833
0.75,0.3,1.2,0.08,0.66,0.38,0.25,0.5518367346938775,0.4428799755150365,0.708507670850767,0.6201322556943424,0.0,0.4901277584204414,0.844,0.156,0.0,500,5,0,0.022319979258529396,0.1732924818026552,0.21148532584928248,-0.01602839500920128,-0.03124248117212235,-0.11118001856934534,0.0017583934576513333,1.3646060886684783
0.75,0.3,1.2,0.04,0.66,0.38,0.25,0.5518367346938775,0.4428799755150365,0.708507670850767,0.6201322556943424,0.0,0.4901277584204414,0.844,0.156,0.0,500,5,0,0.022319979258529396,0.1732924818026552,0.21148532584928248,-0.01602839500920128,-0.03124248117212235,-0.11118001856934534,0.0017583934576513333,1.3646060886684783
0.75,0.2,1.2,0.12,0.6,0.42,0.25,0.5518367346938775,0.4428799755150365,0.708507670850767,0.6201322556943424,0.0,0.4901277584204414,0.844,0.156,0.0,500,5,0,0.022374910944972442,0.1732924818026552,0.21148532584928248,-0.01602839500920128,-0.03124248117212235,-0.11118001856934534,0.0017583934576513333,1.3646060886684783
0.75,0.3,1.2,0.08,0.6,0.34,0.25,0.5518367346938775,0.4428799755150365,0.708507670850767,0.6201322556943424,0.0,0.4901277584204414,0.844,0.156,0.0,500,5,0,0.02234813147667817,0.1732924818026552,0.21148532584928248,-0.01602839500920128,-0.03124248117212235,-0.11118001856934534,0.0017583934576513333,1.3646060886684783
0.75,0.3,1.2,0.04,0.6,0.34,0.25,0.5518367346938775,0.4428799755150365,0.708507670850767,0.6201322556943424,0.0,0.4901277584204414,0.844,0.156,0.0,500,5,0,0.02234813147667817,0.1732924818026552,0.21148532584928248,-0.01602839500920128,-0.03124248117212235,-0.11118001856934534,0.0017583934576513333,1.3646060886684783
0.75,0.3,1.2,0.12,0.6,0.34,0.25,0.5518367346938775,0.4428799755150365,0.708507670850767,0.6201322556943424,0.0,0.4901277584204414,0.844,0.156,0.0,500,5,0,0.02234813147667817,0.1732924818026552,0.21148532584928248,-0.01602839500920128,-0.03124248117212235,-0.11118001856934534,0.0017583934576513333,1.3646060886684783
0.75,0.2,1.2,0.04,0.6,0.42,0.25,0.5518367346938775,0.4428799755150365,0.708507670850767,0.6201322556943424,0.0,0.4901277584204414,0.844,0.156,0.0,500,5,0,0.022374910944972442,0.1732924818026552,0.21148532584928248,-0.01602839500920128,-0.03124248117212235,-0.11118001856934534,0.0017583934576513333,1.3646060886684783
0.75,0.2,1.2,0.08,0.6,0.42,0.25,0.5518367346938775,0.4428799755150365,0.708507670850767,0.6201322556943424,0.0,0.4901277584204414,0.844,0.156,0.0,500,5,0,0.022374910944972442,0.1732924818026552,0.21148532584928248,-0.01602839500920128,-0.03124248117212235,-0.11118001856934534,0.0017583934576513333,1.3646060886684783
0.75,0.3,1.2,0.12,0.66,0.38,0.25,0.5518367346938775,0.4428799755150365,0.708507670850767,0.6201322556943424,0.0,0.4901277584204414,0.844,0.156,0.0,500,5,0,0.022319979258529396,0.1732924818026552,0.21148532584928248,-0.01602839500920128,-0.03124248117212235,-0.11118001856934534,0.0017583934576513333,1.3646060886684783
0.75,0.3,1.2,0.08,0.66,0.34,0.25,0.5502040816326531,0.4415502271289748,0.7058823529411765,0.6187683284457478,0.0,0.48842592592592593,0.844,0.156,0.0,500,5,0,0.02228842278498133,0.1732924818026552,0.21148532584928248,-0.01602839500920128,-0.03124248117212235,-0.11118001856934534,0.0017583934576513333,1.367568490115764
0.75,0.3,1.2,0.04,0.66,0.34,0.25,0.5502040816326531,0.4415502271289748,0.7058823529411765,0.6187683284457478,0.0,0.48842592592592593,0.844,0.156,0.0,500,5,0,0.02228842278498133,0.1732924818026552,0.21148532584928248,-0.01602839500920128,-0.03124248117212235,-0.11118001856934534,0.0017583934576513333,1.367568490115764
0.75,0.3,1.2,0.12,0.66,0.34,0.25,0.5502040816326531,0.4415502271289748,0.7058823529411765,0.6187683284457478,0.0,0.48842592592592593,0.844,0.156,0.0,500,5,0,0.02228842278498133,0.1732924818026552,0.21148532584928248,-0.01602839500920128,-0.03124248117212235,-0.11118001856934534,0.0017583934576513333,1.367568490115764
0.75,0.3,1.2,0.04,0.72,0.42,0.25,0.5518367346938775,0.44278759613811164,0.7083333333333334,0.6200294550810015,0.0,0.49067599067599066,0.842,0.158,0.0,500,6,0,0.02236060196688977,0.1732924818026552,0.21148532584928248,-0.01602839500920128,-0.03124248117212235,-0.11118001856934534,0.0017583934576513333,1.3688984680454033
0.75,0.3,1.2,0.12,0.72,0.42,0.25,0.5518367346938775,0.44278759613811164,0.7083333333333334,0.6200294550810015,0.0,0.49067599067599066,0.842,0.158,0.0,500,6,0,0.02236060196688977,0.1732924818026552,0.21148532584928248,-0.01602839500920128,-0.03124248117212235,-0.11118001856934534,0.0017583934576513333,1.3688984680454033
0.75,0.3,1.2,0.08,0.72,0.42,0.25,0.5518367346938775,0.44278759613811164,0.7083333333333334,0.6200294550810015,0.0,0.49067599067599066,0.842,0.158,0.0,500,6,0,0.02236060196688977,0.1732924818026552,0.21148532584928248,-0.01602839500920128,-0.03124248117212235,-0.11118001856934534,0.0017583934576513333,1.3688984680454033
0.75,0.3,1.2,0.04,0.6,0.38,0.25,0.5510204081632653,0.44212114305338224,0.7073509015256588,0.6190125276344879,0.0,0.49008168028004667,0.84,0.16,0.0,500,6,0,0.022380729459516364,0.1732924818026552,0.21148532584928248,-0.01602839500920128,-0.03124248117212235,-0.11118001856934534,0.0017583934576513333,1.3745812476607446
0.75,0.3,1.2,0.08,0.6,0.38,0.25,0.5510204081632653,0.44212114305338224,0.7073509015256588,0.6190125276344879,0.0,0.49008168028004667,0.84,0.16,0.0,500,6,0,0.022380729459516364,0.1732924818026552,0.21148532584928248,-0.01602839500920128,-0.03124248117212235,-0.11118001856934534,0.0017583934576513333,1.3745812476607446
0.75,0.3,1.2,0.12,0.6,0.38,0.25,0.5510204081632653,0.44212114305338224,0.7073509015256588,0.6190125276344879,0.0,0.49008168028004667,0.84,0.16,0.0,500,6,0,0.022380729459516364,0.1732924818026552,0.21148532584928248,-0.01602839500920128,-0.03124248117212235,-0.11118001856934534,0.0017583934576513333,1.3745812476607446
0.75,0.3,1.2,0.12,0.66,0.42,0.25,0.5493877551020409,0.4407894535376889,0.7053941908713693,0.6169741697416974,0.0,0.4888888888888889,0.836,0.164,0.0,500,6,0,0.022384364304472965,0.1732924818026552,0.21148532584928248,-0.01602839500920128,-0.03124248117212235,-0.11118001856934534,0.0017583934576513333,1.3859455902376627
0.75,0.3,1.2,0.08,0.66,0.42,0.25,0.5493877551020409,0.4407894535376889,0.7053941908713693,0.6169741697416974,0.0,0.4888888888888889,0.836,0.164,0.0,500,6,0,0.022384364304472965,0.1732924818026552,0.21148532584928248,-0.01602839500920128,-0.03124248117212235,-0.11118001856934534,0.0017583934576513333,1.3859455902376627
0.75,0.3,1.2,0.04,0.66,0.42,0.25,0.5493877551020409,0.4407894535376889,0.7053941908713693,0.6169741697416974,0.0,0.4888888888888889,0.836,0.164,0.0,500,6,0,0.022384364304472965,0.1732924818026552,0.21148532584928248,-0.01602839500920128,-0.03124248117212235,-0.11118001856934534,0.0017583934576513333,1.3859455902376627
0.55,0.3,1.0,0.08,0.66,0.42,0.5,0.4179591836734694,0.21650819545404865,0.06575342465753424,0.5837711617046117,0.0,0.41220115416323166,1.0,0.0,0.0,500,0,0,0.012099277441600382,0.1732924818026552,0.21148532584928248,-0.01602839500920128,-0.03124248117212235,-0.11118001856934534,0.0017583934576513333,1.397255419749874
0.55,0.3,1.0,0.08,0.6,0.42,0.5,0.4179591836734694,0.21650819545404865,0.06575342465753424,0.5837711617046117,0.0,0.41220115416323166,1.0,0.0,0.0,500,0,0,0.012119562323963452,0.1732924818026552,0.21148532584928248,-0.01602839500920128,-0.03124248117212235,-0.11118001856934534,0.0017583934576513333,1.397255419749874
0.55,0.3,1.0,0.04,0.6,0.42,0.5,0.4179591836734694,0.21650819545404865,0.06575342465753424,0.5837711617046117,0.0,0.41220115416323166,1.0,0.0,0.0,500,0,0,0.012119562323963452,0.1732924818026552,0.21148532584928248,-0.01602839500920128,-0.03124248117212235,-0.11118001856934534,0.0017583934576513333,1.397255419749874
0.55,0.3,1.0,0.04,0.66,0.42,0.5,0.4179591836734694,0.21650819545404865,0.06575342465753424,0.5837711617046117,0.0,0.41220115416323166,1.0,0.0,0.0,500,0,0,0.012099277441600382,0.1732924818026552,0.21148532584928248,-0.01602839500920128,-0.03124248117212235,-0.11118001856934534,0.0017583934576513333,1.397255419749874
0.55,0.3,1.0,0.12,0.6,0.42,0.5,0.4179591836734694,0.21650819545404865,0.06575342465753424,0.5837711617046117,0.0,0.41220115416323166,1.0,0.0,0.0,500,0,0,0.012119562323963452,0.1732924818026552,0.21148532584928248,-0.01602839500920128,-0.03124248117212235,-0.11118001856934534,0.0017583934576513333,1.397255419749874
0.55,0.3,1.0,0.12,0.66,0.42,0.5,0.4179591836734694,0.21650819545404865,0.06575342465753424,0.5837711617046117,0.0,0.41220115416323166,1.0,0.0,0.0,500,0,0,0.012099277441600382,0.1732924818026552,0.21148532584928248,-0.01602839500920128,-0.03124248117212235,-0.11118001856934534,0.0017583934576513333,1.397255419749874
0.75,0.3,1.2,0.04,0.6,0.42,0.25,0.5477551020408163,0.43911772861035575,0.7015130674002751,0.615840118430792,0.0,0.4888366627497062,0.832,0.168,0.0,500,6,0,0.022447736286060838,0.1732924818026552,0.21148532584928248,-0.01602839500920128,-0.03124248117212235,-0.11118001856934534,0.0017583934576513333,1.39764996822622
0.75,0.3,1.2,0.08,0.6,0.42,0.25,0.5477551020408163,0.43911772861035575,0.7015130674002751,0.615840118430792,0.0,0.4888366627497062,0.832,0.168,0.0,500,6,0,0.022447736286060838,0.1732924818026552,0.21148532584928248,-0.01602839500920128,-0.03124248117212235,-0.11118001856934534,0.0017583934576513333,1.39764996822622
0.75,0.3,1.2,0.12,0.6,0.42,0.25,0.5477551020408163,0.43911772861035575,0.7015130674002751,0.615840118430792,0.0,0.4888366627497062,0.832,0.168,0.0,500,6,0,0.022447736286060838,0.1732924818026552,0.21148532584928248,-0.01602839500920128,-0.03124248117212235,-0.11118001856934534,0.0017583934576513333,1.39764996822622
0.55,0.3,1.0,0.04,0.6,0.34,0.5,0.41714285714285715,0.21462337740050694,0.06043956043956044,0.5834305717619603,0.0,0.41186161449752884,1.0,0.0,0.0,500,0,0,0.012082207874066051,0.1732924818026552,0.21148532584928248,-0.01602839500920128,-0.03124248117212235,-0.11118001856934534,0.0017583934576513333,1.3999565643340282
0.55,0.3,1.0,0.08,0.6,0.34,0.5,0.41714285714285715,0.21462337740050694,0.06043956043956044,0.5834305717619603,0.0,0.41186161449752884,1.0,0.0,0.0,500,0,0,0.012082207874066051,0.1732924818026552,0.21148532584928248,-0.01602839500920128,-0.03124248117212235,-0.11118001856934534,0.0017583934576513333,1.3999565643340282
0.55,0.2,1.0,0.08,0.6,0.42,0.5,0.41714285714285715,0.21462337740050694,0.06043956043956044,0.5834305717619603,0.0,0.41186161449752884,1.0,0.0,0.0,500,0,0,0.012127606911330463,0.1732924818026552,0.21148532584928248,-0.01602839500920128,-0.03124248117212235,-0.11118001856934534,0.0017583934576513333,1.3999565643340282
0.55,0.2,1.0,0.04,0.6,0.42,0.5,0.41714285714285715,0.21462337740050694,0.06043956043956044,0.5834305717619603,0.0,0.41186161449752884,1.0,0.0,0.0,500,0,0,0.012127606911330463,0.1732924818026552,0.21148532584928248,-0.01602839500920128,-0.03124248117212235,-0.11118001856934534,0.0017583934576513333,1.3999565643340282
0.55,0.2,1.0,0.12,0.6,0.42,0.5,0.41714285714285715,0.21462337740050694,0.06043956043956044,0.5834305717619603,0.0,0.41186161449752884,1.0,0.0,0.0,500,0,0,0.012127606911330463,0.1732924818026552,0.21148532584928248,-0.01602839500920128,-0.03124248117212235,-0.11118001856934534,0.0017583934576513333,1.3999565643340282
0.55,0.3,1.0,0.04,0.72,0.42,0.5,0.41714285714285715,0.21462337740050694,0.06043956043956044,0.5834305717619603,0.0,0.41186161449752884,1.0,0.0,0.0,500,0,0,0.012095348864031632,0.1732924818026552,0.21148532584928248,-0.01602839500920128,-0.03124248117212235,-0.11118001856934534,0.0017583934576513333,1.3999565643340282
0.55,0.3,1.0,0.08,0.72,0.42,0.5,0.41714285714285715,0.21462337740050694,0.06043956043956044,0.5834305717619603,0.0,0.41186161449752884,1.0,0.0,0.0,500,0,0,0.012095348864031632,0.1732924818026552,0.21148532584928248,-0.01602839500920128,-0.03124248117212235,-0.11118001856934534,0.0017583934576513333,1.3999565643340282
0.55,0.3,1.0,0.12,0.66,0.38,0.5,0.41714285714285715,0.21462337740050694,0.06043956043956044,0.5834305717619603,0.0,0.41186161449752884,1.0,0.0,0.0,500,0,0,0.012062290790135953,0.1732924818026552,0.21148532584928248,-0.01602839500920128,-0.03124248117212235,-0.11118001856934534,0.0017583934576513333,1.3999565643340282
0.55,0.3,1.0,0.12,0.6,0.38,0.5,0.41714285714285715,0.21462337740050694,0.06043956043956044,0.5834305717619603,0.0,0.41186161449752884,1.0,0.0,0.0,500,0,0,0.012078902876845416,0.1732924818026552,0.21148532584928248,-0.01602839500920128,-0.03124248117212235,-0.11118001856934534,0.0017583934576513333,1.3999565643340282
0.55,0.3,1.0,0.08,0.66,0.38,0.5,0.41714285714285715,0.21462337740050694,0.06043956043956044,0.5834305717619603,0.0,0.41186161449752884,1.0,0.0,0.0,500,0,0,0.012062290790135953,0.1732924818026552,0.21148532584928248,-0.01602839500920128,-0.03124248117212235,-0.11118001856934534,0.0017583934576513333,1.3999565643340282
0.55,0.3,1.0,0.12,0.6,0.34,0.5,0.41714285714285715,0.21462337740050694,0.06043956043956044,0.5834305717619603,0.0,0.41186161449752884,1.0,0.0,0.0,500,0,0,0.012082207874066051,0.1732924818026552,0.21148532584928248,-0.01602839500920128,-0.03124248117212235,-0.11118001856934534,0.0017583934576513333,1.3999565643340282
0.55,0.3,1.0,0.04,0.66,0.38,0.5,0.41714285714285715,0.21462337740050694,0.06043956043956044,0.5834305717619603,0.0,0.41186161449752884,1.0,0.0,0.0,500,0,0,0.012062290790135953,0.1732924818026552,0.21148532584928248,-0.01602839500920128,-0.03124248117212235,-0.11118001856934534,0.0017583934576513333,1.3999565643340282
0.55,0.3,1.0,0.04,0.6,0.38,0.5,0.41714285714285715,0.21462337740050694,0.06043956043956044,0.5834305717619603,0.0,0.41186161449752884,1.0,0.0,0.0,500,0,0,0.012078902876845416,0.1732924818026552,0.21148532584928248,-0.01602839500920128,-0.03124248117212235,-0.11118001856934534,0.0017583934576513333,1.3999565643340282
0.55,0.3,1.0,0.08,0.6,0.38,0.5,0.41714285714285715,0.21462337740050694,0.06043956043956044,0.5834305717619603,0.0,0.41186161449752884,1.0,0.0,0.0,500,0,0,0.012078902876845416,0.1732924818026552,0.21148532584928248,-0.01602839500920128,-0.03124248117212235,-0.11118001856934534,0.0017583934576513333,1.3999565643340282
0.55,0.3,1.0,0.12,0.72,0.42,0.5,0.41714285714285715,0.21462337740050694,0.06043956043956044,0.5834305717619603,0.0,0.41186161449752884,1.0,0.0,0.0,500,0,0,0.012095348864031632,0.1732924818026552,0.21148532584928248,-0.01602839500920128,-0.03124248117212235,-0.11118001856934534,0.0017583934576513333,1.3999565643340282
0.55,0.1,1.0,0.12,0.6,0.38,0.5,0.4163265306122449,0.2127289325805096,0.05509641873278237,0.5830903790087464,0.0,0.411522633744856,1.0,0.0,0.0,500,0,0,0.012162231474805382,0.1732924818026552,0.21148532584928248,-0.01602839500920128,-0.03124248117212235,-0.11118001856934534,0.0017583934576513333,1.4026673356846378
0.55,0.1,1.0,0.04,0.6,0.42,0.5,0.4163265306122449,0.2127289325805096,0.05509641873278237,0.5830903790087464,0.0,0.411522633744856,1.0,0.0,0.0,500,0,0,0.012156896442214064,0.1732924818026552,0.21148532584928248,-0.01602839500920128,-0.03124248117212235,-0.11118001856934534,0.0017583934576513333,1.4026673356846378
0.55,0.1,1.0,0.04,0.66,0.38,0.5,0.4163265306122449,0.2127289325805096,0.05509641873278237,0.5830903790087464,0.0,0.411522633744856,1.0,0.0,0.0,500,0,0,0.012147562633498664,0.1732924818026552,0.21148532584928248,-0.01602839500920128,-0.03124248117212235,-0.11118001856934534,0.0017583934576513333,1.4026673356846378
0.55,0.3,1.0,0.12,0.72,0.34,0.5,0.4163265306122449,0.2127289325805096,0.05509641873278237,0.5830903790087464,0.0,0.411522633744856,1.0,0.0,0.0,500,0,0,0.012063935154625277,0.1732924818026552,0.21148532584928248,-0.01602839500920128,-0.03124248117212235,-0.11118001856934534,0.0017583934576513333,1.4026673356846378
0.55,0.3,1.0,0.08,0.72,0.34,0.5,0.4163265306122449,0.2127289325805096,0.05509641873278237,0.5830903790087464,0.0,0.411522633744856,1.0,0.0,0.0,500,0,0,0.012063935154625277,0.1732924818026552,0.21148532584928248,-0.01602839500920128,-0.03124248117212235,-0.11118001856934534,0.0017583934576513333,1.4026673356846378
0.55,0.1,1.0,0.12,0.66,0.42,0.5,0.4163265306122449,0.2127289325805096,0.05509641873278237,0.5830903790087464,0.0,0.411522633744856,1.0,0.0,0.0,500,0,0,0.012142647676342336,0.1732924818026552,0.21148532584928248,-0.01602839500920128,-0.03124248117212235,-0.11118001856934534,0.0017583934576513333,1.4026673356846378
0.55,0.3,1.0,0.12,0.66,0.34,0.5,0.4163265306122449,0.2127289325805096,0.05509641873278237,0.5830903790087464,0.0,0.411522633744856,1.0,0.0,0.0,500,0,0,0.012067426711105438,0.1732924818026552,0.21148532584928248,-0.01602839500920128,-0.03124248117212235,-0.11118001856934534,0.0017583934576513333,1.4026673356846378
0.55,0.3,1.0,0.12,0.6,0.42,0.25,0.4163265306122449,0.2127289325805096,0.05509641873278237,0.5830903790087464,0.0,0.411522633744856,1.0,0.0,0.0,500,0,0,0.016069631590565885,0.1732924818026552,0.21148532584928248,-0.01602839500920128,-0.03124248117212235,-0.11118001856934534,0.0017583934576513333,1.4026673356846378
0.55,0.3,1.0,0.04,0.72,0.34,0.5,0.4163265306122449,0.2127289325805096,0.05509641873278237,0.5830903790087464,0.0,0.411522633744856,1.0,0.0,0.0,500,0,0,0.012063935154625277,0.1732924818026552,0.21148532584928248,-0.01602839500920128,-0.03124248117212235,-0.11118001856934534,0.0017583934576513333,1.4026673356846378
0.55,0.3,1.0,0.04,0.66,0.34,0.5,0.4163265306122449,0.2127289325805096,0.05509641873278237,0.5830903790087464,0.0,0.411522633744856,1.0,0.0,0.0,500,0,0,0.012067426711105438,0.1732924818026552,0.21148532584928248,-0.01602839500920128,-0.03124248117212235,-0.11118001856934534,0.0017583934576513333,1.4026673356846378
0.55,0.1,1.0,0.12,0.72,0.42,0.5,0.4163265306122449,0.2127289325805096,0.05509641873278237,0.5830903790087464,0.0,0.411522633744856,1.0,0.0,0.0,500,0,0,0.012141781470898148,0.1732924818026552,0.21148532584928248,-0.01602839500920128,-0.03124248117212235,-0.11118001856934534,0.0017583934576513333,1.4026673356846378
0.55,0.3,1.0,0.04,0.6,0.42,0.25,0.4163265306122449,0.2127289325805096,0.05509641873278237,0.5830903790087464,0.0,0.411522633744856,1.0,0.0,0.0,500,0,0,0.016069631590565885,0.1732924818026552,0.21148532584928248,-0.01602839500920128,-0.03124248117212235,-0.11118001856934534,0.0017583934576513333,1.4026673356846378
0.55,0.3,1.0,0.04,0.72,0.38,0.5,0.4163265306122449,0.2127289325805096,0.05509641873278237,0.5830903790087464,0.0,0.411522633744856,1.0,0.0,0.0,500,0,0,0.012059696487223251,0.1732924818026552,0.21148532584928248,-0.01602839500920128,-0.03124248117212235,-0.11118001856934534,0.0017583934576513333,1.4026673356846378
0.55,0.3,1.0,0.08,0.66,0.34,0.5,0.4163265306122449,0.2127289325805096,0.05509641873278237,0.5830903790087464,0.0,0.411522633744856,1.0,0.0,0.0,500,0,0,0.012067426711105438,0.1732924818026552,0.21148532584928248,-0.01602839500920128,-0.03124248117212235,-0.11118001856934534,0.0017583934576513333,1.4026673356846378
0.55,0.3,1.0,0.08,0.72,0.38,0.5,0.4163265306122449,0.2127289325805096,0.05509641873278237,0.5830903790087464,0.0,0.411522633744856,1.0,0.0,0.0,500,0,0,0.012059696487223251,0.1732924818026552,0.21148532584928248,-0.01602839500920128,-0.03124248117212235,-0.11118001856934534,0.0017583934576513333,1.4026673356846378
0.55,0.3,1.0,0.08,0.6,0.42,0.25,0.4163265306122449,0.2127289325805096,0.05509641873278237,0.5830903790087464,0.0,0.411522633744856,1.0,0.0,0.0,500,0,0,0.016069631590565885,0.1732924818026552,0.21148532584928248,-0.01602839500920128,-0.03124248117212235,-0.11118001856934534,0.0017583934576513333,1.4026673356846378
0.55,0.2,1.0,0.04,0.66,0.42,0.5,0.4163265306122449,0.2127289325805096,0.05509641873278237,0.5830903790087464,0.0,0.411522633744856,1.0,0.0,0.0,500,0,0,0.012108367189424363,0.1732924818026552,0.21148532584928248,-0.01602839500920128,-0.03124248117212235,-0.11118001856934534,0.0017583934576513333,1.4026673356846378
0.55,0.2,1.0,0.12,0.72,0.38,0.5,0.4163265306122449,0.2127289325805096,0.05509641873278237,0.5830903790087464,0.0,0.411522633744856,1.0,0.0,0.0,500,0,0,0.012095440984452829,0.1732924818026552,0.21148532584928248,-0.01602839500920128,-0.03124248117212235,-0.11118001856934534,0.0017583934576513333,1.4026673356846378
0.55,0.2,1.0,0.12,0.66,0.42,0.5,0.4163265306122449,0.2127289325805096,0.05509641873278237,0.5830903790087464,0.0,0.411522633744856,1.0,0.0,0.0,500,0,0,0.012108367189424363,0.1732924818026552,0.21148532584928248,-0.01602839500920128,-0.03124248117212235,-0.11118001856934534,0.0017583934576513333,1.4026673356846378
0.55,0.2,1.0,0.12,0.72,0.42,0.5,0.4163265306122449,0.2127289325805096,0.05509641873278237,0.5830903790087464,0.0,0.411522633744856,1.0,0.0,0.0,500,0,0,0.012105288899764957,0.1732924818026552,0.21148532584928248,-0.01602839500920128,-0.03124248117212235,-0.11118001856934534,0.0017583934576513333,1.4026673356846378
0.55,0.2,1.0,0.08,0.6,0.34,0.5,0.4163265306122449,0.2127289325805096,0.05509641873278237,0.5830903790087464,0.0,0.411522633744856,1.0,0.0,0.0,500,0,0,0.012126408727129188,0.1732924818026552,0.21148532584928248,-0.01602839500920128,-0.03124248117212235,-0.11118001856934534,0.0017583934576513333,1.4026673356846378
0.55,0.2,1.0,0.04,0.72,0.42,0.5,0.4163265306122449,0.2127289325805096,0.05509641873278237,0.5830903790087464,0.0,0.411522633744856,1.0,0.0,0.0,500,0,0,0.012105288899764957,0.1732924818026552,0.21148532584928248,-0.01602839500920128,-0.03124248117212235,-0.11118001856934534,0.0017583934576513333,1.4026673356846378
0.55,0.2,1.0,0.04,0.72,0.38,0.5,0.4163265306122449,0.2127289325805096,0.05509641873278237,0.5830903790087464,0.0,0.411522633744856,1.0,0.0,0.0,500,0,0,0.012095440984452829,0.1732924818026552,0.21148532584928248,-0.01602839500920128,-0.03124248117212235,-0.11118001856934534,0.0017583934576513333,1.4026673356846378
0.55,0.2,1.0,0.12,0.72,0.34,0.5,0.4163265306122449,0.2127289325805096,0.05509641873278237,0.5830903790087464,0.0,0.411522633744856,1.0,0.0,0.0,500,0,0,0.012109196687964362,0.1732924818026552,0.21148532584928248,-0.01602839500920128,-0.03124248117212235,-0.11118001856934534,0.0017583934576513333,1.4026673356846378
0.55,0.2,1.0,0.04,0.72,0.34,0.5,0.4163265306122449,0.2127289325805096,0.05509641873278237,0.5830903790087464,0.0,0.411522633744856,1.0,0.0,0.0,500,0,0,0.012109196687964362,0.1732924818026552,0.21148532584928248,-0.01602839500920128,-0.03124248117212235,-0.11118001856934534,0.0017583934576513333,1.4026673356846378
0.55,0.2,1.0,0.04,0.66,0.34,0.5,0.4163265306122449,0.2127289325805096,0.05509641873278237,0.5830903790087464,0.0,0.411522633744856,1.0,0.0,0.0,500,0,0,0.012111946097508205,0.1732924818026552,0.21148532584928248,-0.01602839500920128,-0.03124248117212235,-0.11118001856934534,0.0017583934576513333,1.4026673356846378
0.55,0.2,1.0,0.12,0.66,0.34,0.5,0.4163265306122449,0.2127289325805096,0.05509641873278237,0.5830903790087464,0.0,0.411522633744856,1.0,0.0,0.0,500,0,0,0.012111946097508205,0.1732924818026552,0.21148532584928248,-0.01602839500920128,-0.03124248117212235,-0.11118001856934534,0.0017583934576513333,1.4026673356846378
0.55,0.2,1.0,0.08,0.6,0.38,0.5,0.4163265306122449,0.2127289325805096,0.05509641873278237,0.5830903790087464,0.0,0.411522633744856,1.0,0.0,0.0,500,0,0,0.012111617876736204,0.1732924818026552,0.21148532584928248,-0.01602839500920128,-0.03124248117212235,-0.11118001856934534,0.0017583934576513333,1.4026673356846378
0.55,0.2,1.0,0.08,0.66,0.38,0.5,0.4163265306122449,0.2127289325805096,0.05509641873278237,0.5830903790087464,0.0,0.411522633744856,1.0,0.0,0.0,500,0,0,0.012097980866250295,0.1732924818026552,0.21148532584928248,-0.01602839500920128,-0.03124248117212235,-0.11118001856934534,0.0017583934576513333,1.4026673356846378
0.55,0.2,1.0,0.08,0.66,0.34,0.5,0.4163265306122449,0.2127289325805096,0.05509641873278237,0.5830903790087464,0.0,0.411522633744856,1.0,0.0,0.0,500,0,0,0.012111946097508205,0.1732924818026552,0.21148532584928248,-0.01602839500920128,-0.03124248117212235,-0.11118001856934534,0.0017583934576513333,1.4026673356846378
0.55,0.2,1.0,0.08,0.72,0.34,0.5,0.4163265306122449,0.2127289325805096,0.05509641873278237,0.5830903790087464,0.0,0.411522633744856,1.0,0.0,0.0,500,0,0,0.012109196687964362,0.1732924818026552,0.21148532584928248,-0.01602839500920128,-0.03124248117212235,-0.11118001856934534,0.0017583934576513333,1.4026673356846378
0.55,0.2,1.0,0.04,0.66,0.38,0.5,0.4163265306122449,0.2127289325805096,0.05509641873278237,0.5830903790087464,0.0,0.411522633744856,1.0,0.0,0.0,500,0,0,0.012097980866250295,0.1732924818026552,0.21148532584928248,-0.01602839500920128,-0.03124248117212235,-0.11118001856934534,0.0017583934576513333,1.4026673356846378
0.55,0.2,1.0,0.04,0.6,0.38,0.5,0.4163265306122449,0.2127289325805096,0.05509641873278237,0.5830903790087464,0.0,0.411522633744856,1.0,0.0,0.0,500,0,0,0.012111617876736204,0.1732924818026552,0.21148532584928248,-0.01602839500920128,-0.03124248117212235,-0.11118001856934534,0.0017583934576513333,1.4026673356846378
0.55,0.2,1.0,0.04,0.6,0.34,0.5,0.4163265306122449,0.2127289325805096,0.05509641873278237,0.5830903790087464,0.0,0.411522633744856,1.0,0.0,0.0,500,0,0,0.012126408727129188,0.1732924818026552,0.21148532584928248,-0.01602839500920128,-0.03124248117212235,-0.11118001856934534,0.0017583934576513333,1.4026673356846378
0.55,0.2,1.0,0.12,0.6,0.38,0.5,0.4163265306122449,0.2127289325805096,0.05509641873278237,0.5830903790087464,0.0,0.411522633744856,1.0,0.0,0.0,500,0,0,0.012111617876736204,0.1732924818026552,0.21148532584928248,-0.01602839500920128,-0.03124248117212235,-0.11118001856934534,0.0017583934576513333,1.4026673356846378
0.55,0.2,1.0,0.12,0.6,0.34,0.5,0.4163265306122449,0.2127289325805096,0.05509641873278237,0.5830903790087464,0.0,0.411522633744856,1.0,0.0,0.0,500,0,0,0.012126408727129188,0.1732924818026552,0.21148532584928248,-0.01602839500920128,-0.03124248117212235,-0.11118001856934534,0.0017583934576513333,1.4026673356846378
0.55,0.1,1.0,0.08,0.66,0.42,0.5,0.4163265306122449,0.2127289325805096,0.05509641873278237,0.5830903790087464,0.0,0.411522633744856,1.0,0.0,0.0,500,0,0,0.012142647676342336,0.1732924818026552,0.21148532584928248,-0.01602839500920128,-0.03124248117212235,-0.11118001856934534,0.0017583934576513333,1.4026673356846378
0.55,0.1,1.0,0.08,0.6,0.34,0.5,0.4163265306122449,0.2127289325805096,0.05509641873278237,0.5830903790087464,0.0,0.411522633744856,1.0,0.0,0.0,500,0,0,0.012183514899211408,0.1732924818026552,0.21148532584928248,-0.01602839500920128,-0.03124248117212235,-0.11118001856934534,0.0017583934576513333,1.4026673356846378
0.55,0.1,1.0,0.04,0.72,0.42,0.5,0.4163265306122449,0.2127289325805096,0.05509641873278237,0.5830903790087464,0.0,0.411522633744856,1.0,0.0,0.0,500,0,0,0.012141781470898148,0.1732924818026552,0.21148532584928248,-0.01602839500920128,-0.03124248117212235,-0.11118001856934534,0.0017583934576513333,1.4026673356846378
0.55,0.1,1.0,0.04,0.6,0.34,0.5,0.4163265306122449,0.2127289325805096,0.05509641873278237,0.5830903790087464,0.0,0.411522633744856,1.0,0.0,0.0,500,0,0,0.012183514899211408,0.1732924818026552,0.21148532584928248,-0.01602839500920128,-0.03124248117212235,-0.11118001856934534,0.0017583934576513333,1.4026673356846378
0.55,0.1,1.0,0.08,0.66,0.38,0.5,0.4163265306122449,0.2127289325805096,0.05509641873278237,0.5830903790087464,0.0,0.411522633744856,1.0,0.0,0.0,500,0,0,0.012147562633498664,0.1732924818026552,0.21148532584928248,-0.01602839500920128,-0.03124248117212235,-0.11118001856934534,0.0017583934576513333,1.4026673356846378
0.55,0.1,1.0,0.08,0.6,0.42,0.5,0.4163265306122449,0.2127289325805096,0.05509641873278237,0.5830903790087464,0.0,0.411522633744856,1.0,0.0,0.0,500,0,0,0.012156896442214064,0.1732924818026552,0.21148532584928248,-0.01602839500920128,-0.03124248117212235,-0.11118001856934534,0.0017583934576513333,1.4026673356846378
0.55,0.1,1.0,0.08,0.6,0.38,0.5,0.4163265306122449,0.2127289325805096,0.05509641873278237,0.5830903790087464,0.0,0.411522633744856,1.0,0.0,0.0,500,0,0,0.012162231474805382,0.1732924818026552,0.21148532584928248,-0.01602839500920128,-0.03124248117212235,-0.11118001856934534,0.0017583934576513333,1.4026673356846378
0.55,0.1,1.0,0.04,0.6,0.38,0.5,0.4163265306122449,0.2127289325805096,0.05509641873278237,0.5830903790087464,0.0,0.411522633744856,1.0,0.0,0.0,500,0,0,0.012162231474805382,0.1732924818026552,0.21148532584928248,-0.01602839500920128,-0.03124248117212235,-0.11118001856934534,0.0017583934576513333,1.4026673356846378
0.55,0.2,1.0,0.08,0.72,0.38,0.5,0.4163265306122449,0.2127289325805096,0.05509641873278237,0.5830903790087464,0.0,0.411522633744856,1.0,0.0,0.0,500,0,0,0.012095440984452829,0.1732924818026552,0.21148532584928248,-0.01602839500920128,-0.03124248117212235,-0.11118001856934534,0.0017583934576513333,1.4026673356846378
0.55,0.1,1.0,0.04,0.72,0.38,0.5,0.4163265306122449,0.2127289325805096,0.05509641873278237,0.5830903790087464,0.0,0.411522633744856,1.0,0.0,0.0,500,0,0,0.012145596521926651,0.1732924818026552,0.21148532584928248,-0.01602839500920128,-0.03124248117212235,-0.11118001856934534,0.0017583934576513333,1.4026673356846378
0.55,0.2,1.0,0.08,0.66,0.42,0.5,0.4163265306122449,0.2127289325805096,0.05509641873278237,0.5830903790087464,0.0,0.411522633744856,1.0,0.0,0.0,500,0,0,0.012108367189424363,0.1732924818026552,0.21148532584928248,-0.01602839500920128,-0.03124248117212235,-0.11118001856934534,0.0017583934576513333,1.4026673356846378
0.55,0.2,1.0,0.08,0.72,0.42,0.5,0.4163265306122449,0.2127289325805096,0.05509641873278237,0.5830903790087464,0.0,0.411522633744856,1.0,0.0,0.0,500,0,0,0.012105288899764957,0.1732924818026552,0.21148532584928248,-0.01602839500920128,-0.03124248117212235,-0.11118001856934534,0.0017583934576513333,1.4026673356846378
0.55,0.1,1.0,0.08,0.72,0.42,0.5,0.4163265306122449,0.2127289325805096,0.05509641873278237,0.5830903790087464,0.0,0.411522633744856,1.0,0.0,0.0,500,0,0,0.012141781470898148,0.1732924818026552,0.21148532584928248,-0.01602839500920128,-0.03124248117212235,-0.11118001856934534,0.0017583934576513333,1.4026673356846378
0.55,0.1,1.0,0.04,0.66,0.42,0.5,0.4163265306122449,0.2127289325805096,0.05509641873278237,0.5830903790087464,0.0,0.411522633744856,1.0,0.0,0.0,500,0,0,0.012142647676342336,0.1732924818026552,0.21148532584928248,-0.01602839500920128,-0.03124248117212235,-0.11118001856934534,0.0017583934576513333,1.4026673356846378
0.55,0.2,1.0,0.12,0.66,0.38,0.5,0.4163265306122449,0.2127289325805096,0.05509641873278237,0.5830903790087464,0.0,0.411522633744856,1.0,0.0,0.0,500,0,0,0.012097980866250295,0.1732924818026552,0.21148532584928248,-0.01602839500920128,-0.03124248117212235,-0.11118001856934534,0.0017583934576513333,1.4026673356846378
0.55,0.1,1.0,0.12,0.72,0.38,0.5,0.4163265306122449,0.2127289325805096,0.05509641873278237,0.5830903790087464,0.0,0.411522633744856,1.0,0.0,0.0,500,0,0,0.012145596521926651,0.1732924818026552,0.21148532584928248,-0.01602839500920128,-0.03124248117212235,-0.11118001856934534,0.0017583934576513333,1.4026673356846378
0.55,0.1,1.0,0.12,0.66,0.38,0.5,0.4163265306122449,0.2127289325805096,0.05509641873278237,0.5830903790087464,0.0,0.411522633744856,1.0,0.0,0.0,500,0,0,0.012147562633498664,0.1732924818026552,0.21148532584928248,-0.01602839500920128,-0.03124248117212235,-0.11118001856934534,0.0017583934576513333,1.4026673356846378
0.55,0.3,1.0,0.12,0.72,0.38,0.5,0.4163265306122449,0.2127289325805096,0.05509641873278237,0.5830903790087464,0.0,0.411522633744856,1.0,0.0,0.0,500,0,0,0.012059696487223251,0.1732924818026552,0.21148532584928248,-0.01602839500920128,-0.03124248117212235,-0.11118001856934534,0.0017583934576513333,1.4026673356846378
0.55,0.1,1.0,0.12,0.6,0.34,0.5,0.4163265306122449,0.2127289325805096,0.05509641873278237,0.5830903790087464,0.0,0.411522633744856,1.0,0.0,0.0,500,0,0,0.012183514899211408,0.1732924818026552,0.21148532584928248,-0.01602839500920128,-0.03124248117212235,-0.11118001856934534,0.0017583934576513333,1.4026673356846378
0.55,0.1,1.0,0.12,0.6,0.42,0.5,0.4163265306122449,0.2127289325805096,0.05509641873278237,0.5830903790087464,0.0,0.411522633744856,1.0,0.0,0.0,500,0,0,0.012156896442214064,0.1732924818026552,0.21148532584928248,-0.01602839500920128,-0.03124248117212235,-0.11118001856934534,0.0017583934576513333,1.4026673356846378
0.55,0.1,1.0,0.08,0.72,0.38,0.5,0.4163265306122449,0.2127289325805096,0.05509641873278237,0.5830903790087464,0.0,0.411522633744856,1.0,0.0,0.0,500,0,0,0.012145596521926651,0.1732924818026552,0.21148532584928248,-0.01602839500920128,-0.03124248117212235,-0.11118001856934534,0.0017583934576513333,1.4026673356846378
0.55,0.3,1.0,0.08,0.72,0.42,0.25,0.41551020408163264,0.21082477988555337,0.049723756906077346,0.5827505827505828,0.0,0.41118421052631576,1.0,0.0,0.0,500,0,0,0.016070108641078093,0.1732924818026552,0.21148532584928248,-0.01602839500920128,-0.03124248117212235,-0.11118001856934534,0.0017583934576513333,1.4053878149102064
0.55,0.3,1.0,0.08,0.66,0.42,0.25,0.41551020408163264,0.21082477988555337,0.049723756906077346,0.5827505827505828,0.0,0.41118421052631576,1.0,0.0,0.0,500,0,0,0.016066627253873405,0.1732924818026552,0.21148532584928248,-0.01602839500920128,-0.03124248117212235,-0.11118001856934534,0.0017583934576513333,1.4053878149102064
0.55,0.3,1.0,0.12,0.72,0.42,0.25,0.41551020408163264,0.21082477988555337,0.049723756906077346,0.5827505827505828,0.0,0.41118421052631576,1.0,0.0,0.0,500,0,0,0.016070108641078093,0.1732924818026552,0.21148532584928248,-0.01602839500920128,-0.03124248117212235,-0.11118001856934534,0.0017583934576513333,1.4053878149102064
0.55,0.3,1.0,0.12,0.6,0.38,0.25,0.41551020408163264,0.21082477988555337,0.049723756906077346,0.5827505827505828,0.0,0.41118421052631576,1.0,0.0,0.0,500,0,0,0.01609665296917584,0.1732924818026552,0.21148532584928248,-0.01602839500920128,-0.03124248117212235,-0.11118001856934534,0.0017583934576513333,1.4053878149102064
0.55,0.3,1.0,0.12,0.66,0.42,0.25,0.41551020408163264,0.21082477988555337,0.049723756906077346,0.5827505827505828,0.0,0.41118421052631576,1.0,0.0,0.0,500,0,0,0.016066627253873405,0.1732924818026552,0.21148532584928248,-0.01602839500920128,-0.03124248117212235,-0.11118001856934534,0.0017583934576513333,1.4053878149102064
0.55,0.3,1.0,0.08,0.6,0.38,0.25,0.41551020408163264,0.21082477988555337,0.049723756906077346,0.5827505827505828,0.0,0.41118421052631576,1.0,0.0,0.0,500,0,0,0.01609665296917584,0.1732924818026552,0.21148532584928248,-0.01602839500920128,-0.03124248117212235,-0.11118001856934534,0.0017583934576513333,1.4053878149102064
0.55,0.3,1.0,0.04,0.6,0.38,0.25,0.41551020408163264,0.21082477988555337,0.049723756906077346,0.5827505827505828,0.0,0.41118421052631576,1.0,0.0,0.0,500,0,0,0.01609665296917584,0.1732924818026552,0.21148532584928248,-0.01602839500920128,-0.03124248117212235,-0.11118001856934534,0.0017583934576513333,1.4053878149102064
0.55,0.3,1.0,0.04,0.66,0.42,0.25,0.41551020408163264,0.21082477988555337,0.049723756906077346,0.5827505827505828,0.0,0.41118421052631576,1.0,0.0,0.0,500,0,0,0.016066627253873405,0.1732924818026552,0.21148532584928248,-0.01602839500920128,-0.03124248117212235,-0.11118001856934534,0.0017583934576513333,1.4053878149102064
0.55,0.3,1.0,0.04,0.72,0.42,0.25,0.41551020408163264,0.21082477988555337,0.049723756906077346,0.5827505827505828,0.0,0.41118421052631576,1.0,0.0,0.0,500,0,0,0.016070108641078093,0.1732924818026552,0.21148532584928248,-0.01602839500920128,-0.03124248117212235,-0.11118001856934534,0.0017583934576513333,1.4053878149102064
0.55,0.1,1.0,0.12,0.6,0.42,0.25,0.4146938775510204,0.20891083731152973,0.0443213296398892,0.5824111822947,0.0,0.4108463434675431,1.0,0.0,0.0,500,0,0,0.01626408201120908,0.1732924818026552,0.21148532584928248,-0.01602839500920128,-0.03124248117212235,-0.11118001856934534,0.0017583934576513333,1.4081180840148422
0.55,0.1,1.0,0.12,0.66,0.34,0.5,0.4146938775510204,0.20891083731152973,0.0443213296398892,0.5824111822947,0.0,0.4108463434675431,1.0,0.0,0.0,500,0,0,0.012166007859042337,0.1732924818026552,0.21148532584928248,-0.01602839500920128,-0.03124248117212235,-0.11118001856934534,0.0017583934576513333,1.4081180840148422
0.55,0.3,1.2,0.12,0.72,0.42,0.5,0.4146938775510204,0.20891083731152973,0.0443213296398892,0.5824111822947,0.0,0.4108463434675431,1.0,0.0,0.0,500,0,0,0.01040796664565978,0.1732924818026552,0.21148532584928248,-0.01602839500920128,-0.03124248117212235,-0.11118001856934534,0.0017583934576513333,1.4081180840148422
0.55,0.1,1.0,0.04,0.66,0.34,0.5,0.4146938775510204,0.20891083731152973,0.0443213296398892,0.5824111822947,0.0,0.4108463434675431,1.0,0.0,0.0,500,0,0,0.012166007859042337,0.1732924818026552,0.21148532584928248,-0.01602839500920128,-0.03124248117212235,-0.11118001856934534,0.0017583934576513333,1.4081180840148422
0.55,0.3,1.2,0.12,0.72,0.34,0.5,0.4146938775510204,0.20891083731152973,0.0443213296398892,0.5824111822947,0.0,0.4108463434675431,1.0,0.0,0.0,500,0,0,0.010424607998801783,0.1732924818026552,0.21148532584928248,-0.01602839500920128,-0.03124248117212235,-0.11118001856934534,0.0017583934576513333,1.4081180840148422
0.55,0.3,1.2,0.04,0.6,0.38,0.5,0.4146938775510204,0.20891083731152973,0.0443213296398892,0.5824111822947,0.0,0.4108463434675431,1.0,0.0,0.0,500,0,0,0.010419768015756142,0.1732924818026552,0.21148532584928248,-0.01602839500920128,-0.03124248117212235,-0.11118001856934534,0.0017583934576513333,1.4081180840148422
0.55,0.3,1.2,0.04,0.72,0.38,0.5,0.4146938775510204,0.20891083731152973,0.0443213296398892,0.5824111822947,0.0,0.4108463434675431,1.0,0.0,0.0,500,0,0,0.010415692056233253,0.1732924818026552,0.21148532584928248,-0.01602839500920128,-0.03124248117212235,-0.11118001856934534,0.0017583934576513333,1.4081180840148422
0.55,0.3,1.2,0.04,0.72,0.42,0.5,0.4146938775510204,0.20891083731152973,0.0443213296398892,0.5824111822947,0.0,0.4108463434675431,1.0,0.0,0.0,500,0,0,0.01040796664565978,0.1732924818026552,0.21148532584928248,-0.01602839500920128,-0.03124248117212235,-0.11118001856934534,0.0017583934576513333,1.4081180840148422
0.55,0.3,1.2,0.08,0.6,0.34,0.5,0.4146938775510204,0.20891083731152973,0.0443213296398892,0.5824111822947,0.0,0.4108463434675431,1.0,0.0,0.0,500,0,0,0.010434043234882453,0.1732924818026552,0.21148532584928248,-0.01602839500920128,-0.03124248117212235,-0.11118001856934534,0.0017583934576513333,1.4081180840148422
0.55,0.3,1.2,0.08,0.6,0.38,0.5,0.4146938775510204,0.20891083731152973,0.0443213296398892,0.5824111822947,0.0,0.4108463434675431,1.0,0.0,0.0,500,0,0,0.010419768015756142,0.1732924818026552,0.21148532584928248,-0.01602839500920128,-0.03124248117212235,-0.11118001856934534,0.0017583934576513333,1.4081180840148422
0.55,0.3,1.2,0.08,0.66,0.34,0.5,0.4146938775510204,0.20891083731152973,0.0443213296398892,0.5824111822947,0.0,0.4108463434675431,1.0,0.0,0.0,500,0,0,0.010424586822944337,0.1732924818026552,0.21148532584928248,-0.01602839500920128,-0.03124248117212235,-0.11118001856934534,0.0017583934576513333,1.4081180840148422
0.55,0.3,1.2,0.08,0.66,0.38,0.5,0.4146938775510204,0.20891083731152973,0.0443213296398892,0.5824111822947,0.0,0.4108463434675431,1.0,0.0,0.0,500,0,0,0.010414355986197447,0.1732924818026552,0.21148532584928248,-0.01602839500920128,-0.03124248117212235,-0.11118001856934534,0.0017583934576513333,1.4081180840148422
0.55,0.3,1.2,0.08,0.6,0.42,0.5,0.4146938775510204,0.20891083731152973,0.0443213296398892,0.5824111822947,0.0,0.4108463434675431,1.0,0.0,0.0,500,0,0,0.010404831422675101,0.1732924818026552,0.21148532584928248,-0.01602839500920128,-0.03124248117212235,-0.11118001856934534,0.0017583934576513333,1.4081180840148422
0.55,0.3,1.2,0.04,0.6,0.34,0.5,0.4146938775510204,0.20891083731152973,0.0443213296398892,0.5824111822947,0.0,0.4108463434675431,1.0,0.0,0.0,500,0,0,0.010434043234882453,0.1732924818026552,0.21148532584928248,-0.01602839500920128,-0.03124248117212235,-0.11118001856934534,0.0017583934576513333,1.4081180840148422
0.55,0.2,1.0,0.08,0.72,0.38,0.25,0.4146938775510204,0.20891083731152973,0.0443213296398892,0.5824111822947,0.0,0.4108463434675431,1.0,0.0,0.0,500,0,0,0.016196421576807087,0.1732924818026552,0.21148532584928248,-0.01602839500920128,-0.03124248117212235,-0.11118001856934534,0.0017583934576513333,1.4081180840148422
0.55,0.1,1.0,0.08,0.66,0.34,0.5,0.4146938775510204,0.20891083731152973,0.0443213296398892,0.5824111822947,0.0,0.4108463434675431,1.0,0.0,0.0,500,0,0,0.012166007859042337,0.1732924818026552,0.21148532584928248,-0.01602839500920128,-0.03124248117212235,-0.11118001856934534,0.0017583934576513333,1.4081180840148422
0.55,0.2,1.0,0.12,0.6,0.42,0.25,0.4146938775510204,0.20891083731152973,0.0443213296398892,0.5824111822947,0.0,0.4108463434675431,1.0,0.0,0.0,500,0,0,0.01616218612973057,0.1732924818026552,0.21148532584928248,-0.01602839500920128,-0.03124248117212235,-0.11118001856934534,0.0017583934576513333,1.4081180840148422
0.55,0.2,1.0,0.08,0.6,0.42,0.25,0.4146938775510204,0.20891083731152973,0.0443213296398892,0.5824111822947,0.0,0.4108463434675431,1.0,0.0,0.0,500,0,0,0.01616218612973057,0.1732924818026552,0.21148532584928248,-0.01602839500920128,-0.03124248117212235,-0.11118001856934534,0.0017583934576513333,1.4081180840148422
0.55,0.2,1.0,0.08,0.66,0.38,0.25,0.4146938775510204,0.20891083731152973,0.0443213296398892,0.5824111822947,0.0,0.4108463434675431,1.0,0.0,0.0,500,0,0,0.016195562383256916,0.1732924818026552,0.21148532584928248,-0.01602839500920128,-0.03124248117212235,-0.11118001856934534,0.0017583934576513333,1.4081180840148422
0.55,0.2,1.0,0.08,0.66,0.42,0.25,0.4146938775510204,0.20891083731152973,0.0443213296398892,0.5824111822947,0.0,0.4108463434675431,1.0,0.0,0.0,500,0,0,0.016159896281738948,0.1732924818026552,0.21148532584928248,-0.01602839500920128,-0.03124248117212235,-0.11118001856934534,0.0017583934576513333,1.4081180840148422
0.55,0.2,1.0,0.08,0.66,0.34,0.25,0.4146938775510204,0.20891083731152973,0.0443213296398892,0.5824111822947,0.0,0.4108463434675431,1.0,0.0,0.0,500,0,0,0.016230142810293138,0.1732924818026552,0.21148532584928248,-0.01602839500920128,-0.03124248117212235,-0.11118001856934534,0.0017583934576513333,1.4081180840148422
0.55,0.2,1.0,0.12,0.6,0.38,0.25,0.4146938775510204,0.20891083731152973,0.0443213296398892,0.5824111822947,0.0,0.4108463434675431,1.0,0.0,0.0,500,0,0,0.01620186297632847,0.1732924818026552,0.21148532584928248,-0.01602839500920128,-0.03124248117212235,-0.11118001856934534,0.0017583934576513333,1.4081180840148422
0.55,0.3,1.0,0.04,0.6,0.34,0.25,0.4146938775510204,0.20891083731152973,0.0443213296398892,0.5824111822947,0.0,0.4108463434675431,1.0,0.0,0.0,500,0,0,0.016124861836289132,0.1732924818026552,0.21148532584928248,-0.01602839500920128,-0.03124248117212235,-0.11118001856934534,0.0017583934576513333,1.4081180840148422
0.55,0.3,1.0,0.04,0.72,0.34,0.25,0.4146938775510204,0.20891083731152973,0.0443213296398892,0.5824111822947,0.0,0.4108463434675431,1.0,0.0,0.0,500,0,0,0.016118206397651397,0.1732924818026552,0.21148532584928248,-0.01602839500920128,-0.03124248117212235,-0.11118001856934534,0.0017583934576513333,1.4081180840148422
0.55,0.3,1.0,0.04,0.66,0.38,0.25,0.4146938775510204,0.20891083731152973,0.0443213296398892,0.5824111822947,0.0,0.4108463434675431,1.0,0.0,0.0,500,0,0,0.016092022670041083,0.1732924818026552,0.21148532584928248,-0.01602839500920128,-0.03124248117212235,-0.11118001856934534,0.0017583934576513333,1.4081180840148422
0.55,0.3,1.0,0.08,0.6,0.34,0.25,0.4146938775510204,0.20891083731152973,0.0443213296398892,0.5824111822947,0.0,0.4108463434675431,1.0,0.0,0.0,500,0,0,0.016124861836289132,0.1732924818026552,0.21148532584928248,-0.01602839500920128,-0.03124248117212235,-0.11118001856934534,0.0017583934576513333,1.4081180840148422
0.55,0.3,1.0,0.04,0.72,0.38,0.25,0.4146938775510204,0.20891083731152973,0.0443213296398892,0.5824111822947,0.0,0.4108463434675431,1.0,0.0,0.0,500,0,0,0.016092908781393658,0.1732924818026552,0.21148532584928248,-0.01602839500920128,-0.03124248117212235,-0.11118001856934534,0.0017583934576513333,1.4081180840148422
0.55,0.2,1.2,0.12,0.72,0.42,0.5,0.4146938775510204,0.20891083731152973,0.0443213296398892,0.5824111822947,0.0,0.4108463434675431,1.0,0.0,0.0,500,0,0,0.01044980495015661,0.1732924818026552,0.21148532584928248,-0.01602839500920128,-0.03124248117212235,-0.11118001856934534,0.0017583934576513333,1.4081180840148422
0.55,0.2,1.2,0.12,0.66,0.42,0.5,0.4146938775510204,0.20891083731152973,0.0443213296398892,0.5824111822947,0.0,0.4108463434675431,1.0,0.0,0.0,500,0,0,0.010446685758594016,0.1732924818026552,0.21148532584928248,-0.01602839500920128,-0.03124248117212235,-0.11118001856934534,0.0017583934576513333,1.4081180840148422
0.55,0.2,1.2,0.12,0.6,0.42,0.5,0.4146938775510204,0.20891083731152973,0.0443213296398892,0.5824111822947,0.0,0.4108463434675431,1.0,0.0,0.0,500,0,0,0.01044937171347873,0.1732924818026552,0.21148532584928248,-0.01602839500920128,-0.03124248117212235,-0.11118001856934534,0.0017583934576513333,1.4081180840148422
0.55,0.3,1.0,0.12,0.66,0.38,0.25,0.4146938775510204,0.20891083731152973,0.0443213296398892,0.5824111822947,0.0,0.4108463434675431,1.0,0.0,0.0,500,0,0,0.016092022670041083,0.1732924818026552,0.21148532584928248,-0.01602839500920128,-0.03124248117212235,-0.11118001856934534,0.0017583934576513333,1.4081180840148422
0.55,0.3,1.0,0.12,0.66,0.34,0.25,0.4146938775510204,0.20891083731152973,0.0443213296398892,0.5824111822947,0.0,0.4108463434675431,1.0,0.0,0.0,500,0,0,0.01611775166297726,0.1732924818026552,0.21148532584928248,-0.01602839500920128,-0.03124248117212235,-0.11118001856934534,0.0017583934576513333,1.4081180840148422
0.55,0.3,1.0,0.12,0.72,0.38,0.25,0.4146938775510204,0.20891083731152973,0.0443213296398892,0.5824111822947,0.0,0.4108463434675431,1.0,0.0,0.0,500,0,0,0.016092908781393658,0.1732924818026552,0.21148532584928248,-0.01602839500920128,-0.03124248117212235,-0.11118001856934534,0.0017583934576513333,1.4081180840148422
0.55,0.3,1.0,0.12,0.6,0.34,0.25,0.4146938775510204,0.20891083731152973,0.0443213296398892,0.5824111822947,0.0,0.4108463434675431,1.0,0.0,0.0,500,0,0,0.016124861836289132,0.1732924818026552,0.21148532584928248,-0.01602839500920128,-0.03124248117212235,-0.11118001856934534,0.0017583934576513333,1.4081180840148422
0.55,0.3,1.0,0.08,0.72,0.34,0.25,0.4146938775510204,0.20891083731152973,0.0443213296398892,0.5824111822947,0.0,0.4108463434675431,1.0,0.0,0.0,500,0,0,0.016118206397651397,0.1732924818026552,0.21148532584928248,-0.01602839500920128,-0.03124248117212235,-0.11118001856934534,0.0017583934576513333,1.4081180840148422
0.55,0.3,1.0,0.08,0.72,0.38,0.25,0.4146938775510204,0.20891083731152973,0.0443213296398892,0.5824111822947,0.0,0.4108463434675431,1.0,0.0,0.0,500,0,0,0.016092908781393658,0.1732924818026552,0.21148532584928248,-0.01602839500920128,-0.03124248117212235,-0.11118001856934534,0.0017583934576513333,1.4081180840148422
0.55,0.1,1.0,0.12,0.72,0.34,0.5,0.4146938775510204,0.20891083731152973,0.0443213296398892,0.5824111822947,0.0,0.4108463434675431,1.0,0.0,0.0,500,0,0,0.012162097135673344,0.1732924818026552,0.21148532584928248,-0.01602839500920128,-0.03124248117212235,-0.11118001856934534,0.0017583934576513333,1.4081180840148422
0.55,0.3,1.0,0.12,0.72,0.34,0.25,0.4146938775510204,0.20891083731152973,0.0443213296398892,0.5824111822947,0.0,0.4108463434675431,1.0,0.0,0.0,500,0,0,0.016118206397651397,0.1732924818026552,0.21148532584928248,-0.01602839500920128,-0.03124248117212235,-0.11118001856934534,0.0017583934576513333,1.4081180840148422
0.55,0.3,1.2,0.04,0.6,0.42,0.5,0.4146938775510204,0.20891083731152973,0.0443213296398892,0.5824111822947,0.0,0.4108463434675431,1.0,0.0,0.0,500,0,0,0.010404831422675101,0.1732924818026552,0.21148532584928248,-0.01602839500920128,-0.03124248117212235,-0.11118001856934534,0.0017583934576513333,1.4081180840148422
0.55,0.3,1.2,0.04,0.66,0.38,0.5,0.4146938775510204,0.20891083731152973,0.0443213296398892,0.5824111822947,0.0,0.4108463434675431,1.0,0.0,0.0,500,0,0,0.010414355986197447,0.1732924818026552,0.21148532584928248,-0.01602839500920128,-0.03124248117212235,-0.11118001856934534,0.0017583934576513333,1.4081180840148422
0.55,0.3,1.2,0.04,0.66,0.42,0.5,0.4146938775510204,0.20891083731152973,0.0443213296398892,0.5824111822947,0.0,0.4108463434675431,1.0,0.0,0.0,500,0,0,0.010404779508137028,0.1732924818026552,0.21148532584928248,-0.01602839500920128,-0.03124248117212235,-0.11118001856934534,0.0017583934576513333,1.4081180840148422
0.55,0.3,1.2,0.04,0.72,0.34,0.5,0.4146938775510204,0.20891083731152973,0.0443213296398892,0.5824111822947,0.0,0.4108463434675431,1.0,0.0,0.0,500,0,0,0.010424607998801783,0.1732924818026552,0.21148532584928248,-0.01602839500920128,-0.03124248117212235,-0.11118001856934534,0.0017583934576513333,1.4081180840148422
0.55,0.3,1.2,0.12,0.66,0.42,0.5,0.4146938775510204,0.20891083731152973,0.0443213296398892,0.5824111822947,0.0,0.4108463434675431,1.0,0.0,0.0,500,0,0,0.010404779508137028,0.1732924818026552,0.21148532584928248,-0.01602839500920128,-0.03124248117212235,-0.11118001856934534,0.0017583934576513333,1.4081180840148422
0.55,0.3,1.0,0.04,0.66,0.34,0.25,0.4146938775510204,0.20891083731152973,0.0443213296398892,0.5824111822947,0.0,0.4108463434675431,1.0,0.0,0.0,500,0,0,0.01611775166297726,0.1732924818026552,0.21148532584928248,-0.01602839500920128,-0.03124248117212235,-0.11118001856934534,0.0017583934576513333,1.4081180840148422
0.55,0.3,1.0,0.08,0.66,0.38,0.25,0.4146938775510204,0.20891083731152973,0.0443213296398892,0.5824111822947,0.0,0.4108463434675431,1.0,0.0,0.0,500,0,0,0.016092022670041083,0.1732924818026552,0.21148532584928248,-0.01602839500920128,-0.03124248117212235,-0.11118001856934534,0.0017583934576513333,1.4081180840148422
0.55,0.3,1.0,0.08,0.66,0.34,0.25,0.4146938775510204,0.20891083731152973,0.0443213296398892,0.5824111822947,0.0,0.4108463434675431,1.0,0.0,0.0,500,0,0,0.01611775166297726,0.1732924818026552,0.21148532584928248,-0.01602839500920128,-0.03124248117212235,-0.11118001856934534,0.0017583934576513333,1.4081180840148422
0.55,0.3,1.2,0.04,0.66,0.34,0.5,0.4146938775510204,0.20891083731152973,0.0443213296398892,0.5824111822947,0.0,0.4108463434675431,1.0,0.0,0.0,500,0,0,0.010424586822944337,0.1732924818026552,0.21148532584928248,-0.01602839500920128,-0.03124248117212235,-0.11118001856934534,0.0017583934576513333,1.4081180840148422
0.55,0.1,1.0,0.12,0.66,0.42,0.25,0.4146938775510204,0.20891083731152973,0.0443213296398892,0.5824111822947,0.0,0.4108463434675431,1.0,0.0,0.0,500,0,0,0.0162614561754623,0.1732924818026552,0.21148532584928248,-0.01602839500920128,-0.03124248117212235,-0.11118001856934534,0.0017583934576513333,1.4081180840148422
0.55,0.3,1.2,0.08,0.72,0.34,0.5,0.4146938775510204,0.20891083731152973,0.0443213296398892,0.5824111822947,0.0,0.4108463434675431,1.0,0.0,0.0,500,0,0,0.010424607998801783,0.1732924818026552,0.21148532584928248,-0.01602839500920128,-0.03124248117212235,-0.11118001856934534,0.0017583934576513333,1.4081180840148422
0.55,0.3,1.2,0.08,0.66,0.42,0.5,0.4146938775510204,0.20891083731152973,0.0443213296398892,0.5824111822947,0.0,0.4108463434675431,1.0,0.0,0.0,500,0,0,0.010404779508137028,0.1732924818026552,0.21148532584928248,-0.01602839500920128,-0.03124248117212235,-0.11118001856934534,0.0017583934576513333,1.4081180840148422
0.55,0.3,1.2,0.08,0.72,0.42,0.5,0.4146938775510204,0.20891083731152973,0.0443213296398892,0.5824111822947,0.0,0.4108463434675431,1.0,0.0,0.0,500,0,0,0.01040796664565978,0.1732924818026552,0.21148532584928248,-0.01602839500920128,-0.03124248117212235,-0.11118001856934534,0.0017583934576513333,1.4081180840148422
0.55,0.3,1.2,0.12,0.6,0.34,0.5,0.4146938775510204,0.20891083731152973,0.0443213296398892,0.5824111822947,0.0,0.4108463434675431,1.0,0.0,0.0,500,0,0,0.010434043234882453,0.1732924818026552,0.21148532584928248,-0.01602839500920128,-0.03124248117212235,-0.11118001856934534,0.0017583934576513333,1.4081180840148422
0.55,0.3,1.2,0.12,0.6,0.38,0.5,0.4146938775510204,0.20891083731152973,0.0443213296398892,0.5824111822947,0.0,0.4108463434675431,1.0,0.0,0.0,500,0,0,0.010419768015756142,0.1732924818026552,0.21148532584928248,-0.01602839500920128,-0.03124248117212235,-0.11118001856934534,0.0017583934576513333,1.4081180840148422
0.55,0.3,1.2,0.08,0.72,0.38,0.5,0.4146938775510204,0.20891083731152973,0.0443213296398892,0.5824111822947,0.0,0.4108463434675431,1.0,0.0,0.0,500,0,0,0.010415692056233253,0.1732924818026552,0.21148532584928248,-0.01602839500920128,-0.03124248117212235,-0.11118001856934534,0.0017583934576513333,1.4081180840148422
0.55,0.3,1.2,0.12,0.6,0.42,0.5,0.4146938775510204,0.20891083731152973,0.0443213296398892,0.5824111822947,0.0,0.4108463434675431,1.0,0.0,0.0,500,0,0,0.010404831422675101,0.1732924818026552,0.21148532584928248,-0.01602839500920128,-0.03124248117212235,-0.11118001856934534,0.0017583934576513333,1.4081180840148422
0.55,0.3,1.2,0.12,0.66,0.34,0.5,0.4146938775510204,0.20891083731152973,0.0443213296398892,0.5824111822947,0.0,0.4108463434675431,1.0,0.0,0.0,500,0,0,0.010424586822944337,0.1732924818026552,0.21148532584928248,-0.01602839500920128,-0.03124248117212235,-0.11118001856934534,0.0017583934576513333,1.4081180840148422
0.55,0.1,1.0,0.08,0.72,0.34,0.5,0.4146938775510204,0.20891083731152973,0.0443213296398892,0.5824111822947,0.0,0.4108463434675431,1.0,0.0,0.0,500,0,0,0.012162097135673344,0.1732924818026552,0.21148532584928248,-0.01602839500920128,-0.03124248117212235,-0.11118001856934534,0.0017583934576513333,1.4081180840148422
0.55,0.1,1.0,0.04,0.66,0.42,0.25,0.4146938775510204,0.20891083731152973,0.0443213296398892,0.5824111822947,0.0,0.4108463434675431,1.0,0.0,0.0,500,0,0,0.0162614561754623,0.1732924818026552,0.21148532584928248,-0.01602839500920128,-0.03124248117212235,-0.11118001856934534,0.0017583934576513333,1.4081180840148422
0.55,0.3,1.2,0.12,0.72,0.38,0.5,0.4146938775510204,0.20891083731152973,0.0443213296398892,0.5824111822947,0.0,0.4108463434675431,1.0,0.0,0.0,500,0,0,0.010415692056233253,0.1732924818026552,0.21148532584928248,-0.01602839500920128,-0.03124248117212235,-0.11118001856934534,0.0017583934576513333,1.4081180840148422
0.55,0.3,1.2,0.12,0.66,0.38,0.5,0.4146938775510204,0.20891083731152973,0.0443213296398892,0.5824111822947,0.0,0.4108463434675431,1.0,0.0,0.0,500,0,0,0.010414355986197447,0.1732924818026552,0.21148532584928248,-0.01602839500920128,-0.03124248117212235,-0.11118001856934534,0.0017583934576513333,1.4081180840148422
0.55,0.2,1.0,0.04,0.72,0.42,0.25,0.4146938775510204,0.20891083731152973,0.0443213296398892,0.5824111822947,0.0,0.4108463434675431,1.0,0.0,0.0,500,0,0,0.01616323987132329,0.1732924818026552,0.21148532584928248,-0.01602839500920128,-0.03124248117212235,-0.11118001856934534,0.0017583934576513333,1.4081180840148422
0.55,0.2,1.0,0.04,0.66,0.42,0.25,0.4146938775510204,0.20891083731152973,0.0443213296398892,0.5824111822947,0.0,0.4108463434675431,1.0,0.0,0.0,500,0,0,0.016159896281738948,0.1732924818026552,0.21148532584928248,-0.01602839500920128,-0.03124248117212235,-0.11118001856934534,0.0017583934576513333,1.4081180840148422
0.55,0.2,1.0,0.04,0.66,0.34,0.25,0.4146938775510204,0.20891083731152973,0.0443213296398892,0.5824111822947,0.0,0.4108463434675431,1.0,0.0,0.0,500,0,0,0.016230142810293138,0.1732924818026552,0.21148532584928248,-0.01602839500920128,-0.03124248117212235,-0.11118001856934534,0.0017583934576513333,1.4081180840148422
0.55,0.2,1.2,0.04,0.6,0.38,0.5,0.4146938775510204,0.20891083731152973,0.0443213296398892,0.5824111822947,0.0,0.4108463434675431,1.0,0.0,0.0,500,0,0,0.01046835348270123,0.1732924818026552,0.21148532584928248,-0.01602839500920128,-0.03124248117212235,-0.11118001856934534,0.0017583934576513333,1.4081180840148422
0.55,0.2,1.2,0.04,0.6,0.42,0.5,0.4146938775510204,0.20891083731152973,0.0443213296398892,0.5824111822947,0.0,0.4108463434675431,1.0,0.0,0.0,500,0,0,0.01044937171347873,0.1732924818026552,0.21148532584928248,-0.01602839500920128,-0.03124248117212235,-0.11118001856934534,0.0017583934576513333,1.4081180840148422
0.55,0.1,1.2,0.04,0.6,0.42,0.5,0.4146938775510204,0.20891083731152973,0.0443213296398892,0.5824111822947,0.0,0.4108463434675431,1.0,0.0,0.0,500,0,0,0.010503207655626182,0.1732924818026552,0.21148532584928248,-0.01602839500920128,-0.03124248117212235,-0.11118001856934534,0.0017583934576513333,1.4081180840148422
0.55,0.1,1.2,0.08,0.6,0.42,0.5,0.4146938775510204,0.20891083731152973,0.0443213296398892,0.5824111822947,0.0,0.4108463434675431,1.0,0.0,0.0,500,0,0,0.010503207655626182,0.1732924818026552,0.21148532584928248,-0.01602839500920128,-0.03124248117212235,-0.11118001856934534,0.0017583934576513333,1.4081180840148422
0.55,0.2,1.2,0.12,0.6,0.38,0.5,0.4146938775510204,0.20891083731152973,0.0443213296398892,0.5824111822947,0.0,0.4108463434675431,1.0,0.0,0.0,500,0,0,0.01046835348270123,0.1732924818026552,0.21148532584928248,-0.01602839500920128,-0.03124248117212235,-0.11118001856934534,0.0017583934576513333,1.4081180840148422
0.55,0.2,1.2,0.08,0.72,0.42,0.5,0.4146938775510204,0.20891083731152973,0.0443213296398892,0.5824111822947,0.0,0.4108463434675431,1.0,0.0,0.0,500,0,0,0.01044980495015661,0.1732924818026552,0.21148532584928248,-0.01602839500920128,-0.03124248117212235,-0.11118001856934534,0.0017583934576513333,1.4081180840148422
0.55,0.2,1.2,0.08,0.66,0.42,0.5,0.4146938775510204,0.20891083731152973,0.0443213296398892,0.5824111822947,0.0,0.4108463434675431,1.0,0.0,0.0,500,0,0,0.010446685758594016,0.1732924818026552,0.21148532584928248,-0.01602839500920128,-0.03124248117212235,-0.11118001856934534,0.0017583934576513333,1.4081180840148422
0.55,0.2,1.2,0.04,0.72,0.42,0.5,0.4146938775510204,0.20891083731152973,0.0443213296398892,0.5824111822947,0.0,0.4108463434675431,1.0,0.0,0.0,500,0,0,0.01044980495015661,0.1732924818026552,0.21148532584928248,-0.01602839500920128,-0.03124248117212235,-0.11118001856934534,0.0017583934576513333,1.4081180840148422
0.55,0.2,1.2,0.08,0.6,0.38,0.5,0.4146938775510204,0.20891083731152973,0.0443213296398892,0.5824111822947,0.0,0.4108463434675431,1.0,0.0,0.0,500,0,0,0.01046835348270123,0.1732924818026552,0.21148532584928248,-0.01602839500920128,-0.03124248117212235,-0.11118001856934534,0.0017583934576513333,1.4081180840148422
0.55,0.2,1.0,0.04,0.6,0.42,0.25,0.4146938775510204,0.20891083731152973,0.0443213296398892,0.5824111822947,0.0,0.4108463434675431,1.0,0.0,0.0,500,0,0,0.01616218612973057,0.1732924818026552,0.21148532584928248,-0.01602839500920128,-0.03124248117212235,-0.11118001856934534,0.0017583934576513333,1.4081180840148422
0.55,0.2,1.2,0.04,0.66,0.42,0.5,0.4146938775510204,0.20891083731152973,0.0443213296398892,0.5824111822947,0.0,0.4108463434675431,1.0,0.0,0.0,500,0,0,0.010446685758594016,0.1732924818026552,0.21148532584928248,-0.01602839500920128,-0.03124248117212235,-0.11118001856934534,0.0017583934576513333,1.4081180840148422
0.55,0.2,1.2,0.08,0.6,0.42,0.5,0.4146938775510204,0.20891083731152973,0.0443213296398892,0.5824111822947,0.0,0.4108463434675431,1.0,0.0,0.0,500,0,0,0.01044937171347873,0.1732924818026552,0.21148532584928248,-0.01602839500920128,-0.03124248117212235,-0.11118001856934534,0.0017583934576513333,1.4081180840148422
0.55,0.1,1.2,0.12,0.6,0.42,0.5,0.4146938775510204,0.20891083731152973,0.0443213296398892,0.5824111822947,0.0,0.4108463434675431,1.0,0.0,0.0,500,0,0,0.010503207655626182,0.1732924818026552,0.21148532584928248,-0.01602839500920128,-0.03124248117212235,-0.11118001856934534,0.0017583934576513333,1.4081180840148422
0.55,0.2,1.0,0.04,0.6,0.38,0.25,0.4146938775510204,0.20891083731152973,0.0443213296398892,0.5824111822947,0.0,0.4108463434675431,1.0,0.0,0.0,500,0,0,0.01620186297632847,0.1732924818026552,0.21148532584928248,-0.01602839500920128,-0.03124248117212235,-0.11118001856934534,0.0017583934576513333,1.4081180840148422
0.55,0.2,1.0,0.04,0.6,0.34,0.25,0.4146938775510204,0.20891083731152973,0.0443213296398892,0.5824111822947,0.0,0.4108463434675431,1.0,0.0,0.0,500,0,0,0.016237995915546203,0.1732924818026552,0.21148532584928248,-0.01602839500920128,-0.03124248117212235,-0.11118001856934534,0.0017583934576513333,1.4081180840148422
0.55,0.2,1.0,0.08,0.6,0.38,0.25,0.4146938775510204,0.20891083731152973,0.0443213296398892,0.5824111822947,0.0,0.4108463434675431,1.0,0.0,0.0,500,0,0,0.01620186297632847,0.1732924818026552,0.21148532584928248,-0.01602839500920128,-0.03124248117212235,-0.11118001856934534,0.0017583934576513333,1.4081180840148422
0.55,0.2,1.0,0.12,0.72,0.38,0.25,0.4146938775510204,0.20891083731152973,0.0443213296398892,0.5824111822947,0.0,0.4108463434675431,1.0,0.0,0.0,500,0,0,0.016196421576807087,0.1732924818026552,0.21148532584928248,-0.01602839500920128,-0.03124248117212235,-0.11118001856934534,0.0017583934576513333,1.4081180840148422
0.55,0.2,1.0,0.08,0.6,0.34,0.25,0.4146938775510204,0.20891083731152973,0.0443213296398892,0.5824111822947,0.0,0.4108463434675431,1.0,0.0,0.0,500,0,0,0.016237995915546203,0.1732924818026552,0.21148532584928248,-0.01602839500920128,-0.03124248117212235,-0.11118001856934534,0.0017583934576513333,1.4081180840148422
0.55,0.2,1.0,0.12,0.72,0.42,0.25,0.4146938775510204,0.20891083731152973,0.0443213296398892,0.5824111822947,0.0,0.4108463434675431,1.0,0.0,0.0,500,0,0,0.01616323987132329,0.1732924818026552,0.21148532584928248,-0.01602839500920128,-0.03124248117212235,-0.11118001856934534,0.0017583934576513333,1.4081180840148422
0.55,0.2,1.0,0.04,0.66,0.38,0.25,0.4146938775510204,0.20891083731152973,0.0443213296398892,0.5824111822947,0.0,0.4108463434675431,1.0,0.0,0.0,500,0,0,0.016195562383256916,0.1732924818026552,0.21148532584928248,-0.01602839500920128,-0.03124248117212235,-0.11118001856934534,0.0017583934576513333,1.4081180840148422
0.55,0.2,1.0,0.12,0.66,0.38,0.25,0.4146938775510204,0.20891083731152973,0.0443213296398892,0.5824111822947,0.0,0.4108463434675431,1.0,0.0,0.0,500,0,0,0.016195562383256916,0.1732924818026552,0.21148532584928248,-0.01602839500920128,-0.03124248117212235,-0.11118001856934534,0.0017583934576513333,1.4081180840148422
0.55,0.2,1.0,0.12,0.66,0.42,0.25,0.4146938775510204,0.20891083731152973,0.0443213296398892,0.5824111822947,0.0,0.4108463434675431,1.0,0.0,0.0,500,0,0,0.016159896281738948,0.1732924818026552,0.21148532584928248,-0.01602839500920128,-0.03124248117212235,-0.11118001856934534,0.0017583934576513333,1.4081180840148422
0.55,0.2,1.0,0.12,0.66,0.34,0.25,0.4146938775510204,0.20891083731152973,0.0443213296398892,0.5824111822947,0.0,0.4108463434675431,1.0,0.0,0.0,500,0,0,0.016230142810293138,0.1732924818026552,0.21148532584928248,-0.01602839500920128,-0.03124248117212235,-0.11118001856934534,0.0017583934576513333,1.4081180840148422
0.55,0.1,1.0,0.04,0.6,0.42,0.25,0.4146938775510204,0.20891083731152973,0.0443213296398892,0.5824111822947,0.0,0.4108463434675431,1.0,0.0,0.0,500,0,0,0.01626408201120908,0.1732924818026552,0.21148532584928248,-0.01602839500920128,-0.03124248117212235,-0.11118001856934534,0.0017583934576513333,1.4081180840148422
0.55,0.1,1.0,0.08,0.6,0.42,0.25,0.4146938775510204,0.20891083731152973,0.0443213296398892,0.5824111822947,0.0,0.4108463434675431,1.0,0.0,0.0,500,0,0,0.01626408201120908,0.1732924818026552,0.21148532584928248,-0.01602839500920128,-0.03124248117212235,-0.11118001856934534,0.0017583934576513333,1.4081180840148422
0.55,0.1,1.0,0.04,0.72,0.34,0.5,0.4146938775510204,0.20891083731152973,0.0443213296398892,0.5824111822947,0.0,0.4108463434675431,1.0,0.0,0.0,500,0,0,0.012162097135673344,0.1732924818026552,0.21148532584928248,-0.01602839500920128,-0.03124248117212235,-0.11118001856934534,0.0017583934576513333,1.4081180840148422
0.55,0.1,1.0,0.08,0.66,0.42,0.25,0.4146938775510204,0.20891083731152973,0.0443213296398892,0.5824111822947,0.0,0.4108463434675431,1.0,0.0,0.0,500,0,0,0.0162614561754623,0.1732924818026552,0.21148532584928248,-0.01602839500920128,-0.03124248117212235,-0.11118001856934534,0.0017583934576513333,1.4081180840148422
0.55,0.2,1.0,0.04,0.72,0.38,0.25,0.4146938775510204,0.20891083731152973,0.0443213296398892,0.5824111822947,0.0,0.4108463434675431,1.0,0.0,0.0,500,0,0,0.016196421576807087,0.1732924818026552,0.21148532584928248,-0.01602839500920128,-0.03124248117212235,-0.11118001856934534,0.0017583934576513333,1.4081180840148422
0.55,0.2,1.0,0.12,0.6,0.34,0.25,0.4146938775510204,0.20891083731152973,0.0443213296398892,0.5824111822947,0.0,0.4108463434675431,1.0,0.0,0.0,500,0,0,0.016237995915546203,0.1732924818026552,0.21148532584928248,-0.01602839500920128,-0.03124248117212235,-0.11118001856934534,0.0017583934576513333,1.4081180840148422
0.55,0.2,1.0,0.08,0.72,0.42,0.25,0.4146938775510204,0.20891083731152973,0.0443213296398892,0.5824111822947,0.0,0.4108463434675431,1.0,0.0,0.0,500,0,0,0.01616323987132329,0.1732924818026552,0.21148532584928248,-0.01602839500920128,-0.03124248117212235,-0.11118001856934534,0.0017583934576513333,1.4081180840148422
0.55,0.1,1.0,0.12,0.72,0.42,0.25,0.4138775510204082,0.2069870219462769,0.03888888888888889,0.5820721769499418,0.0,0.41050903119868637,1.0,0.0,0.0,500,0,0,0.016265372295003327,0.1732924818026552,0.21148532584928248,-0.01602839500920128,-0.03124248117212235,-0.11118001856934534,0.0017583934576513333,1.410858225910707
0.55,0.1,1.2,0.04,0.72,0.42,0.5,0.4138775510204082,0.2069870219462769,0.03888888888888889,0.5820721769499418,0.0,0.41050903119868637,1.0,0.0,0.0,500,0,0,0.010502186769908614,0.1732924818026552,0.21148532584928248,-0.01602839500920128,-0.03124248117212235,-0.11118001856934534,0.0017583934576513333,1.410858225910707
0.55,0.2,1.2,0.12,0.66,0.34,0.5,0.4138775510204082,0.2069870219462769,0.03888888888888889,0.5820721769499418,0.0,0.41050903119868637,1.0,0.0,0.0,500,0,0,0.010474400540013546,0.1732924818026552,0.21148532584928248,-0.01602839500920128,-0.03124248117212235,-0.11118001856934534,0.0017583934576513333,1.410858225910707
0.55,0.2,1.2,0.12,0.66,0.38,0.5,0.4138775510204082,0.2069870219462769,0.03888888888888889,0.5820721769499418,0.0,0.41050903119868637,1.0,0.0,0.0,500,0,0,0.010460583523234084,0.1732924818026552,0.21148532584928248,-0.01602839500920128,-0.03124248117212235,-0.11118001856934534,0.0017583934576513333,1.410858225910707
0.55,0.2,1.2,0.12,0.72,0.34,0.5,0.4138775510204082,0.2069870219462769,0.03888888888888889,0.5820721769499418,0.0,0.41050903119868637,1.0,0.0,0.0,500,0,0,0.010473716904302226,0.1732924818026552,0.21148532584928248,-0.01602839500920128,-0.03124248117212235,-0.11118001856934534,0.0017583934576513333,1.410858225910707
0.55,0.2,1.2,0.12,0.72,0.38,0.5,0.4138775510204082,0.2069870219462769,0.03888888888888889,0.5820721769499418,0.0,0.41050903119868637,1.0,0.0,0.0,500,0,0,0.010460776599966864,0.1732924818026552,0.21148532584928248,-0.01602839500920128,-0.03124248117212235,-0.11118001856934534,0.0017583934576513333,1.410858225910707
0.55,0.1,1.0,0.08,0.72,0.42,0.25,0.4138775510204082,0.2069870219462769,0.03888888888888889,0.5820721769499418,0.0,0.41050903119868637,1.0,0.0,0.0,500,0,0,0.016265372295003327,0.1732924818026552,0.21148532584928248,-0.01602839500920128,-0.03124248117212235,-0.11118001856934534,0.0017583934576513333,1.410858225910707
0.55,0.1,1.0,0.12,0.6,0.38,0.25,0.4138775510204082,0.2069870219462769,0.03888888888888889,0.5820721769499418,0.0,0.41050903119868637,1.0,0.0,0.0,500,0,0,0.01631405565009036,0.1732924818026552,0.21148532584928248,-0.01602839500920128,-0.03124248117212235,-0.11118001856934534,0.0017583934576513333,1.410858225910707
0.55,0.2,1.2,0.08,0.66,0.38,0.5,0.4138775510204082,0.2069870219462769,0.03888888888888889,0.5820721769499418,0.0,0.41050903119868637,1.0,0.0,0.0,500,0,0,0.010460583523234084,0.1732924818026552,0.21148532584928248,-0.01602839500920128,-0.03124248117212235,-0.11118001856934534,0.0017583934576513333,1.410858225910707
0.55,0.1,1.2,0.12,0.6,0.38,0.5,0.4138775510204082,0.2069870219462769,0.03888888888888889,0.5820721769499418,0.0,0.41050903119868637,1.0,0.0,0.0,500,0,0,0.01052578240686809,0.1732924818026552,0.21148532584928248,-0.01602839500920128,-0.03124248117212235,-0.11118001856934534,0.0017583934576513333,1.410858225910707
0.55,0.1,1.2,0.08,0.6,0.38,0.5,0.4138775510204082,0.2069870219462769,0.03888888888888889,0.5820721769499418,0.0,0.41050903119868637,1.0,0.0,0.0,500,0,0,0.01052578240686809,0.1732924818026552,0.21148532584928248,-0.01602839500920128,-0.03124248117212235,-0.11118001856934534,0.0017583934576513333,1.410858225910707
0.55,0.2,1.2,0.08,0.66,0.34,0.5,0.4138775510204082,0.2069870219462769,0.03888888888888889,0.5820721769499418,0.0,0.41050903119868637,1.0,0.0,0.0,500,0,0,0.010474400540013546,0.1732924818026552,0.21148532584928248,-0.01602839500920128,-0.03124248117212235,-0.11118001856934534,0.0017583934576513333,1.410858225910707
0.55,0.1,1.2,0.08,0.66,0.42,0.5,0.4138775510204082,0.2069870219462769,0.03888888888888889,0.5820721769499418,0.0,0.41050903119868637,1.0,0.0,0.0,500,0,0,0.010498724126120233,0.1732924818026552,0.21148532584928248,-0.01602839500920128,-0.03124248117212235,-0.11118001856934534,0.0017583934576513333,1.410858225910707
0.55,0.2,1.2,0.04,0.72,0.34,0.5,0.4138775510204082,0.2069870219462769,0.03888888888888889,0.5820721769499418,0.0,0.41050903119868637,1.0,0.0,0.0,500,0,0,0.010473716904302226,0.1732924818026552,0.21148532584928248,-0.01602839500920128,-0.03124248117212235,-0.11118001856934534,0.0017583934576513333,1.410858225910707
0.55,0.2,1.2,0.04,0.72,0.38,0.5,0.4138775510204082,0.2069870219462769,0.03888888888888889,0.5820721769499418,0.0,0.41050903119868637,1.0,0.0,0.0,500,0,0,0.010460776599966864,0.1732924818026552,0.21148532584928248,-0.01602839500920128,-0.03124248117212235,-0.11118001856934534,0.0017583934576513333,1.410858225910707
0.55,0.2,1.2,0.04,0.66,0.38,0.5,0.4138775510204082,0.2069870219462769,0.03888888888888889,0.5820721769499418,0.0,0.41050903119868637,1.0,0.0,0.0,500,0,0,0.010460583523234084,0.1732924818026552,0.21148532584928248,-0.01602839500920128,-0.03124248117212235,-0.11118001856934534,0.0017583934576513333,1.410858225910707
0.55,0.1,1.2,0.12,0.72,0.42,0.5,0.4138775510204082,0.2069870219462769,0.03888888888888889,0.5820721769499418,0.0,0.41050903119868637,1.0,0.0,0.0,500,0,0,0.010502186769908614,0.1732924818026552,0.21148532584928248,-0.01602839500920128,-0.03124248117212235,-0.11118001856934534,0.0017583934576513333,1.410858225910707
0.55,0.2,1.0,0.04,0.72,0.34,0.25,0.4138775510204082,0.2069870219462769,0.03888888888888889,0.5820721769499418,0.0,0.41050903119868637,1.0,0.0,0.0,500,0,0,0.01622986670291331,0.1732924818026552,0.21148532584928248,-0.01602839500920128,-0.03124248117212235,-0.11118001856934534,0.0017583934576513333,1.410858225910707
0.55,0.1,1.2,0.12,0.66,0.42,0.5,0.4138775510204082,0.2069870219462769,0.03888888888888889,0.5820721769499418,0.0,0.41050903119868637,1.0,0.0,0.0,500,0,0,0.010498724126120233,0.1732924818026552,0.21148532584928248,-0.01602839500920128,-0.03124248117212235,-0.11118001856934534,0.0017583934576513333,1.410858225910707
0.55,0.2,1.2,0.04,0.66,0.34,0.5,0.4138775510204082,0.2069870219462769,0.03888888888888889,0.5820721769499418,0.0,0.41050903119868637,1.0,0.0,0.0,500,0,0,0.010474400540013546,0.1732924818026552,0.21148532584928248,-0.01602839500920128,-0.03124248117212235,-0.11118001856934534,0.0017583934576513333,1.410858225910707
0.55,0.2,1.0,0.12,0.72,0.34,0.25,0.4138775510204082,0.2069870219462769,0.03888888888888889,0.5820721769499418,0.0,0.41050903119868637,1.0,0.0,0.0,500,0,0,0.01622986670291331,0.1732924818026552,0.21148532584928248,-0.01602839500920128,-0.03124248117212235,-0.11118001856934534,0.0017583934576513333,1.410858225910707
0.55,0.2,1.2,0.04,0.6,0.34,0.5,0.4138775510204082,0.2069870219462769,0.03888888888888889,0.5820721769499418,0.0,0.41050903119868637,1.0,0.0,0.0,500,0,0,0.010485264695012172,0.1732924818026552,0.21148532584928248,-0.01602839500920128,-0.03124248117212235,-0.11118001856934534,0.0017583934576513333,1.410858225910707
0.55,0.2,1.2,0.12,0.6,0.34,0.5,0.4138775510204082,0.2069870219462769,0.03888888888888889,0.5820721769499418,0.0,0.41050903119868637,1.0,0.0,0.0,500,0,0,0.010485264695012172,0.1732924818026552,0.21148532584928248,-0.01602839500920128,-0.03124248117212235,-0.11118001856934534,0.0017583934576513333,1.410858225910707
0.55,0.2,1.2,0.08,0.72,0.38,0.5,0.4138775510204082,0.2069870219462769,0.03888888888888889,0.5820721769499418,0.0,0.41050903119868637,1.0,0.0,0.0,500,0,0,0.010460776599966864,0.1732924818026552,0.21148532584928248,-0.01602839500920128,-0.03124248117212235,-0.11118001856934534,0.0017583934576513333,1.410858225910707
0.55,0.2,1.2,0.08,0.72,0.34,0.5,0.4138775510204082,0.2069870219462769,0.03888888888888889,0.5820721769499418,0.0,0.41050903119868637,1.0,0.0,0.0,500,0,0,0.010473716904302226,0.1732924818026552,0.21148532584928248,-0.01602839500920128,-0.03124248117212235,-0.11118001856934534,0.0017583934576513333,1.410858225910707
0.55,0.1,1.2,0.04,0.66,0.42,0.5,0.4138775510204082,0.2069870219462769,0.03888888888888889,0.5820721769499418,0.0,0.41050903119868637,1.0,0.0,0.0,500,0,0,0.010498724126120233,0.1732924818026552,0.21148532584928248,-0.01602839500920128,-0.03124248117212235,-0.11118001856934534,0.0017583934576513333,1.410858225910707
0.55,0.1,1.2,0.04,0.6,0.38,0.5,0.4138775510204082,0.2069870219462769,0.03888888888888889,0.5820721769499418,0.0,0.41050903119868637,1.0,0.0,0.0,500,0,0,0.01052578240686809,0.1732924818026552,0.21148532584928248,-0.01602839500920128,-0.03124248117212235,-0.11118001856934534,0.0017583934576513333,1.410858225910707
0.55,0.2,1.2,0.08,0.6,0.34,0.5,0.4138775510204082,0.2069870219462769,0.03888888888888889,0.5820721769499418,0.0,0.41050903119868637,1.0,0.0,0.0,500,0,0,0.010485264695012172,0.1732924818026552,0.21148532584928248,-0.01602839500920128,-0.03124248117212235,-0.11118001856934534,0.0017583934576513333,1.410858225910707
0.55,0.1,1.2,0.08,0.72,0.42,0.5,0.4138775510204082,0.2069870219462769,0.03888888888888889,0.5820721769499418,0.0,0.41050903119868637,1.0,0.0,0.0,500,0,0,0.010502186769908614,0.1732924818026552,0.21148532584928248,-0.01602839500920128,-0.03124248117212235,-0.11118001856934534,0.0017583934576513333,1.410858225910707
0.55,0.1,1.0,0.08,0.6,0.38,0.25,0.4138775510204082,0.2069870219462769,0.03888888888888889,0.5820721769499418,0.0,0.41050903119868637,1.0,0.0,0.0,500,0,0,0.01631405565009036,0.1732924818026552,0.21148532584928248,-0.01602839500920128,-0.03124248117212235,-0.11118001856934534,0.0017583934576513333,1.410858225910707
0.55,0.2,1.0,0.08,0.72,0.34,0.25,0.4138775510204082,0.2069870219462769,0.03888888888888889,0.5820721769499418,0.0,0.41050903119868637,1.0,0.0,0.0,500,0,0,0.01622986670291331,0.1732924818026552,0.21148532584928248,-0.01602839500920128,-0.03124248117212235,-0.11118001856934534,0.0017583934576513333,1.410858225910707
0.55,0.1,1.0,0.04,0.72,0.42,0.25,0.4138775510204082,0.2069870219462769,0.03888888888888889,0.5820721769499418,0.0,0.41050903119868637,1.0,0.0,0.0,500,0,0,0.016265372295003327,0.1732924818026552,0.21148532584928248,-0.01602839500920128,-0.03124248117212235,-0.11118001856934534,0.0017583934576513333,1.410858225910707
0.55,0.1,1.0,0.04,0.6,0.38,0.25,0.4138775510204082,0.2069870219462769,0.03888888888888889,0.5820721769499418,0.0,0.41050903119868637,1.0,0.0,0.0,500,0,0,0.01631405565009036,0.1732924818026552,0.21148532584928248,-0.01602839500920128,-0.03124248117212235,-0.11118001856934534,0.0017583934576513333,1.410858225910707
0.55,0.1,1.0,0.04,0.6,0.34,0.25,0.41306122448979593,0.20505324995692364,0.033426183844011144,0.5817335660267597,0.0,0.41017227235438886,1.0,0.0,0.0,500,0,0,0.016357148486682908,0.1732924818026552,0.21148532584928248,-0.01602839500920128,-0.03124248117212235,-0.11118001856934534,0.0017583934576513333,1.4136083244306727
0.55,0.3,1.2,0.08,0.6,0.42,0.25,0.41306122448979593,0.20505324995692364,0.033426183844011144,0.5817335660267597,0.0,0.41017227235438886,1.0,0.0,0.0,500,0,0,0.01374678518229147,0.1732924818026552,0.21148532584928248,-0.01602839500920128,-0.03124248117212235,-0.11118001856934534,0.0017583934576513333,1.4136083244306727
0.55,0.1,1.0,0.12,0.66,0.38,0.25,0.41306122448979593,0.20505324995692364,0.033426183844011144,0.5817335660267597,0.0,0.41017227235438886,1.0,0.0,0.0,500,0,0,0.01630781580705693,0.1732924818026552,0.21148532584928248,-0.01602839500920128,-0.03124248117212235,-0.11118001856934534,0.0017583934576513333,1.4136083244306727
0.55,0.1,1.0,0.12,0.66,0.34,0.25,0.41306122448979593,0.20505324995692364,0.033426183844011144,0.5817335660267597,0.0,0.41017227235438886,1.0,0.0,0.0,500,0,0,0.016347620379152022,0.1732924818026552,0.21148532584928248,-0.01602839500920128,-0.03124248117212235,-0.11118001856934534,0.0017583934576513333,1.4136083244306727
0.55,0.1,1.0,0.12,0.72,0.34,0.25,0.41306122448979593,0.20505324995692364,0.033426183844011144,0.5817335660267597,0.0,0.41017227235438886,1.0,0.0,0.0,500,0,0,0.016346932217905653,0.1732924818026552,0.21148532584928248,-0.01602839500920128,-0.03124248117212235,-0.11118001856934534,0.0017583934576513333,1.4136083244306727
0.55,0.1,1.2,0.12,0.66,0.38,0.5,0.41306122448979593,0.20505324995692364,0.033426183844011144,0.5817335660267597,0.0,0.41017227235438886,1.0,0.0,0.0,500,0,0,0.010514995114377128,0.1732924818026552,0.21148532584928248,-0.01602839500920128,-0.03124248117212235,-0.11118001856934534,0.0017583934576513333,1.4136083244306727
0.55,0.1,1.2,0.12,0.72,0.38,0.5,0.41306122448979593,0.20505324995692364,0.033426183844011144,0.5817335660267597,0.0,0.41017227235438886,1.0,0.0,0.0,500,0,0,0.010514995245306451,0.1732924818026552,0.21148532584928248,-0.01602839500920128,-0.03124248117212235,-0.11118001856934534,0.0017583934576513333,1.4136083244306727
0.55,0.1,1.2,0.12,0.72,0.34,0.5,0.41306122448979593,0.20505324995692364,0.033426183844011144,0.5817335660267597,0.0,0.41017227235438886,1.0,0.0,0.0,500,0,0,0.010530777961428407,0.1732924818026552,0.21148532584928248,-0.01602839500920128,-0.03124248117212235,-0.11118001856934534,0.0017583934576513333,1.4136083244306727
0.55,0.3,1.2,0.04,0.6,0.42,0.25,0.41306122448979593,0.20505324995692364,0.033426183844011144,0.5817335660267597,0.0,0.41017227235438886,1.0,0.0,0.0,500,0,0,0.01374678518229147,0.1732924818026552,0.21148532584928248,-0.01602839500920128,-0.03124248117212235,-0.11118001856934534,0.0017583934576513333,1.4136083244306727
0.55,0.1,1.2,0.08,0.72,0.34,0.5,0.41306122448979593,0.20505324995692364,0.033426183844011144,0.5817335660267597,0.0,0.41017227235438886,1.0,0.0,0.0,500,0,0,0.010530777961428407,0.1732924818026552,0.21148532584928248,-0.01602839500920128,-0.03124248117212235,-0.11118001856934534,0.0017583934576513333,1.4136083244306727
0.55,0.1,1.0,0.12,0.72,0.38,0.25,0.41306122448979593,0.20505324995692364,0.033426183844011144,0.5817335660267597,0.0,0.41017227235438886,1.0,0.0,0.0,500,0,0,0.01630898001094937,0.1732924818026552,0.21148532584928248,-0.01602839500920128,-0.03124248117212235,-0.11118001856934534,0.0017583934576513333,1.4136083244306727
0.55,0.1,1.2,0.08,0.72,0.38,0.5,0.41306122448979593,0.20505324995692364,0.033426183844011144,0.5817335660267597,0.0,0.41017227235438886,1.0,0.0,0.0,500,0,0,0.010514995245306451,0.1732924818026552,0.21148532584928248,-0.01602839500920128,-0.03124248117212235,-0.11118001856934534,0.0017583934576513333,1.4136083244306727
0.55,0.1,1.0,0.04,0.66,0.34,0.25,0.41306122448979593,0.20505324995692364,0.033426183844011144,0.5817335660267597,0.0,0.41017227235438886,1.0,0.0,0.0,500,0,0,0.016347620379152022,0.1732924818026552,0.21148532584928248,-0.01602839500920128,-0.03124248117212235,-0.11118001856934534,0.0017583934576513333,1.4136083244306727
0.55,0.1,1.0,0.08,0.72,0.34,0.25,0.41306122448979593,0.20505324995692364,0.033426183844011144,0.5817335660267597,0.0,0.41017227235438886,1.0,0.0,0.0,500,0,0,0.016346932217905653,0.1732924818026552,0.21148532584928248,-0.01602839500920128,-0.03124248117212235,-0.11118001856934534,0.0017583934576513333,1.4136083244306727
0.55,0.1,1.0,0.08,0.72,0.38,0.25,0.41306122448979593,0.20505324995692364,0.033426183844011144,0.5817335660267597,0.0,0.41017227235438886,1.0,0.0,0.0,500,0,0,0.01630898001094937,0.1732924818026552,0.21148532584928248,-0.01602839500920128,-0.03124248117212235,-0.11118001856934534,0.0017583934576513333,1.4136083244306727
0.55,0.1,1.0,0.04,0.66,0.38,0.25,0.41306122448979593,0.20505324995692364,0.033426183844011144,0.5817335660267597,0.0,0.41017227235438886,1.0,0.0,0.0,500,0,0,0.01630781580705693,0.1732924818026552,0.21148532584928248,-0.01602839500920128,-0.03124248117212235,-0.11118001856934534,0.0017583934576513333,1.4136083244306727
0.55,0.3,1.2,0.12,0.6,0.42,0.25,0.41306122448979593,0.20505324995692364,0.033426183844011144,0.5817335660267597,0.0,0.41017227235438886,1.0,0.0,0.0,500,0,0,0.01374678518229147,0.1732924818026552,0.21148532584928248,-0.01602839500920128,-0.03124248117212235,-0.11118001856934534,0.0017583934576513333,1.4136083244306727
0.55,0.1,1.2,0.04,0.72,0.38,0.5,0.41306122448979593,0.20505324995692364,0.033426183844011144,0.5817335660267597,0.0,0.41017227235438886,1.0,0.0,0.0,500,0,0,0.010514995245306451,0.1732924818026552,0.21148532584928248,-0.01602839500920128,-0.03124248117212235,-0.11118001856934534,0.0017583934576513333,1.4136083244306727
0.55,0.1,1.2,0.04,0.6,0.34,0.5,0.41306122448979593,0.20505324995692364,0.033426183844011144,0.5817335660267597,0.0,0.41017227235438886,1.0,0.0,0.0,500,0,0,0.010547246175117372,0.1732924818026552,0.21148532584928248,-0.01602839500920128,-0.03124248117212235,-0.11118001856934534,0.0017583934576513333,1.4136083244306727
0.55,0.1,1.0,0.08,0.66,0.34,0.25,0.41306122448979593,0.20505324995692364,0.033426183844011144,0.5817335660267597,0.0,0.41017227235438886,1.0,0.0,0.0,500,0,0,0.016347620379152022,0.1732924818026552,0.21148532584928248,-0.01602839500920128,-0.03124248117212235,-0.11118001856934534,0.0017583934576513333,1.4136083244306727
0.55,0.1,1.0,0.08,0.6,0.34,0.25,0.41306122448979593,0.20505324995692364,0.033426183844011144,0.5817335660267597,0.0,0.41017227235438886,1.0,0.0,0.0,500,0,0,0.016357148486682908,0.1732924818026552,0.21148532584928248,-0.01602839500920128,-0.03124248117212235,-0.11118001856934534,0.0017583934576513333,1.4136083244306727
0.55,0.1,1.0,0.04,0.72,0.38,0.25,0.41306122448979593,0.20505324995692364,0.033426183844011144,0.5817335660267597,0.0,0.41017227235438886,1.0,0.0,0.0,500,0,0,0.01630898001094937,0.1732924818026552,0.21148532584928248,-0.01602839500920128,-0.03124248117212235,-0.11118001856934534,0.0017583934576513333,1.4136083244306727
0.55,0.1,1.0,0.04,0.72,0.34,0.25,0.41306122448979593,0.20505324995692364,0.033426183844011144,0.5817335660267597,0.0,0.41017227235438886,1.0,0.0,0.0,500,0,0,0.016346932217905653,0.1732924818026552,0.21148532584928248,-0.01602839500920128,-0.03124248117212235,-0.11118001856934534,0.0017583934576513333,1.4136083244306727
0.55,0.1,1.0,0.08,0.66,0.38,0.25,0.41306122448979593,0.20505324995692364,0.033426183844011144,0.5817335660267597,0.0,0.41017227235438886,1.0,0.0,0.0,500,0,0,0.01630781580705693,0.1732924818026552,0.21148532584928248,-0.01602839500920128,-0.03124248117212235,-0.11118001856934534,0.0017583934576513333,1.4136083244306727
0.55,0.1,1.2,0.04,0.72,0.34,0.5,0.41306122448979593,0.20505324995692364,0.033426183844011144,0.5817335660267597,0.0,0.41017227235438886,1.0,0.0,0.0,500,0,0,0.010530777961428407,0.1732924818026552,0.21148532584928248,-0.01602839500920128,-0.03124248117212235,-0.11118001856934534,0.0017583934576513333,1.4136083244306727
0.55,0.1,1.2,0.04,0.66,0.38,0.5,0.41306122448979593,0.20505324995692364,0.033426183844011144,0.5817335660267597,0.0,0.41017227235438886,1.0,0.0,0.0,500,0,0,0.010514995114377128,0.1732924818026552,0.21148532584928248,-0.01602839500920128,-0.03124248117212235,-0.11118001856934534,0.0017583934576513333,1.4136083244306727
0.55,0.1,1.2,0.04,0.66,0.34,0.5,0.41306122448979593,0.20505324995692364,0.033426183844011144,0.5817335660267597,0.0,0.41017227235438886,1.0,0.0,0.0,500,0,0,0.010532594269301252,0.1732924818026552,0.21148532584928248,-0.01602839500920128,-0.03124248117212235,-0.11118001856934534,0.0017583934576513333,1.4136083244306727
0.55,0.1,1.2,0.08,0.66,0.38,0.5,0.41306122448979593,0.20505324995692364,0.033426183844011144,0.5817335660267597,0.0,0.41017227235438886,1.0,0.0,0.0,500,0,0,0.010514995114377128,0.1732924818026552,0.21148532584928248,-0.01602839500920128,-0.03124248117212235,-0.11118001856934534,0.0017583934576513333,1.4136083244306727
0.55,0.1,1.2,0.08,0.66,0.34,0.5,0.41306122448979593,0.20505324995692364,0.033426183844011144,0.5817335660267597,0.0,0.41017227235438886,1.0,0.0,0.0,500,0,0,0.010532594269301252,0.1732924818026552,0.21148532584928248,-0.01602839500920128,-0.03124248117212235,-0.11118001856934534,0.0017583934576513333,1.4136083244306727
0.55,0.1,1.2,0.08,0.6,0.34,0.5,0.41306122448979593,0.20505324995692364,0.033426183844011144,0.5817335660267597,0.0,0.41017227235438886,1.0,0.0,0.0,500,0,0,0.010547246175117372,0.1732924818026552,0.21148532584928248,-0.01602839500920128,-0.03124248117212235,-0.11118001856934534,0.0017583934576513333,1.4136083244306727
0.55,0.1,1.2,0.12,0.66,0.34,0.5,0.41306122448979593,0.20505324995692364,0.033426183844011144,0.5817335660267597,0.0,0.41017227235438886,1.0,0.0,0.0,500,0,0,0.010532594269301252,0.1732924818026552,0.21148532584928248,-0.01602839500920128,-0.03124248117212235,-0.11118001856934534,0.0017583934576513333,1.4136083244306727
0.55,0.1,1.2,0.12,0.6,0.34,0.5,0.41306122448979593,0.20505324995692364,0.033426183844011144,0.5817335660267597,0.0,0.41017227235438886,1.0,0.0,0.0,500,0,0,0.010547246175117372,0.1732924818026552,0.21148532584928248,-0.01602839500920128,-0.03124248117212235,-0.11118001856934534,0.0017583934576513333,1.4136083244306727
0.55,0.1,1.0,0.12,0.6,0.34,0.25,0.41306122448979593,0.20505324995692364,0.033426183844011144,0.5817335660267597,0.0,0.41017227235438886,1.0,0.0,0.0,500,0,0,0.016357148486682908,0.1732924818026552,0.21148532584928248,-0.01602839500920128,-0.03124248117212235,-0.11118001856934534,0.0017583934576513333,1.4136083244306727
0.55,0.3,1.2,0.04,0.6,0.34,0.25,0.4122448979591837,0.20310943657702138,0.027932960893854747,0.5813953488372093,0.0,0.4098360655737705,1.0,0.0,0.0,500,0,0,0.013826175284806614,0.1732924818026552,0.21148532584928248,-0.01602839500920128,-0.03124248117212235,-0.11118001856934534,0.0017583934576513333,1.4163684643411871
0.55,0.2,1.2,0.08,0.66,0.42,0.25,0.4122448979591837,0.20310943657702138,0.027932960893854747,0.5813953488372093,0.0,0.4098360655737705,1.0,0.0,0.0,500,0,0,0.013851458903880629,0.1732924818026552,0.21148532584928248,-0.01602839500920128,-0.03124248117212235,-0.11118001856934534,0.0017583934576513333,1.4163684643411871
0.55,0.2,1.2,0.12,0.72,0.42,0.25,0.4122448979591837,0.20310943657702138,0.027932960893854747,0.5813953488372093,0.0,0.4098360655737705,1.0,0.0,0.0,500,0,0,0.013857886797493345,0.1732924818026552,0.21148532584928248,-0.01602839500920128,-0.03124248117212235,-0.11118001856934534,0.0017583934576513333,1.4163684643411871
0.55,0.2,1.2,0.12,0.6,0.42,0.25,0.4122448979591837,0.20310943657702138,0.027932960893854747,0.5813953488372093,0.0,0.4098360655737705,1.0,0.0,0.0,500,0,0,0.013848492385273099,0.1732924818026552,0.21148532584928248,-0.01602839500920128,-0.03124248117212235,-0.11118001856934534,0.0017583934576513333,1.4163684643411871
0.55,0.2,1.2,0.12,0.6,0.38,0.25,0.4122448979591837,0.20310943657702138,0.027932960893854747,0.5813953488372093,0.0,0.4098360655737705,1.0,0.0,0.0,500,0,0,0.013901507268917828,0.1732924818026552,0.21148532584928248,-0.01602839500920128,-0.03124248117212235,-0.11118001856934534,0.0017583934576513333,1.4163684643411871
0.55,0.3,1.2,0.08,0.72,0.42,0.25,0.4122448979591837,0.20310943657702138,0.027932960893854747,0.5813953488372093,0.0,0.4098360655737705,1.0,0.0,0.0,500,0,0,0.013758997391249165,0.1732924818026552,0.21148532584928248,-0.01602839500920128,-0.03124248117212235,-0.11118001856934534,0.0017583934576513333,1.4163684643411871
0.55,0.3,1.2,0.12,0.6,0.38,0.25,0.4122448979591837,0.20310943657702138,0.027932960893854747,0.5813953488372093,0.0,0.4098360655737705,1.0,0.0,0.0,500,0,0,0.013792180316668503,0.1732924818026552,0.21148532584928248,-0.01602839500920128,-0.03124248117212235,-0.11118001856934534,0.0017583934576513333,1.4163684643411871
0.55,0.3,1.2,0.12,0.66,0.38,0.25,0.4122448979591837,0.20310943657702138,0.027932960893854747,0.5813953488372093,0.0,0.4098360655737705,1.0,0.0,0.0,500,0,0,0.01379070685829383,0.1732924818026552,0.21148532584928248,-0.01602839500920128,-0.03124248117212235,-0.11118001856934534,0.0017583934576513333,1.4163684643411871
0.55,0.2,1.2,0.08,0.72,0.42,0.25,0.4122448979591837,0.20310943657702138,0.027932960893854747,0.5813953488372093,0.0,0.4098360655737705,1.0,0.0,0.0,500,0,0,0.013857886797493345,0.1732924818026552,0.21148532584928248,-0.01602839500920128,-0.03124248117212235,-0.11118001856934534,0.0017583934576513333,1.4163684643411871
0.55,0.1,1.2,0.04,0.6,0.42,0.25,0.4122448979591837,0.20310943657702138,0.027932960893854747,0.5813953488372093,0.0,0.4098360655737705,1.0,0.0,0.0,500,0,0,0.013958378692193501,0.1732924818026552,0.21148532584928248,-0.01602839500920128,-0.03124248117212235,-0.11118001856934534,0.0017583934576513333,1.4163684643411871
0.55,0.1,1.2,0.12,0.6,0.42,0.25,0.4122448979591837,0.20310943657702138,0.027932960893854747,0.5813953488372093,0.0,0.4098360655737705,1.0,0.0,0.0,500,0,0,0.013958378692193501,0.1732924818026552,0.21148532584928248,-0.01602839500920128,-0.03124248117212235,-0.11118001856934534,0.0017583934576513333,1.4163684643411871
0.55,0.3,1.2,0.08,0.66,0.34,0.25,0.4122448979591837,0.20310943657702138,0.027932960893854747,0.5813953488372093,0.0,0.4098360655737705,1.0,0.0,0.0,500,0,0,0.013821263769688815,0.1732924818026552,0.21148532584928248,-0.01602839500920128,-0.03124248117212235,-0.11118001856934534,0.0017583934576513333,1.4163684643411871
0.55,0.3,1.2,0.08,0.72,0.34,0.25,0.4122448979591837,0.20310943657702138,0.027932960893854747,0.5813953488372093,0.0,0.4098360655737705,1.0,0.0,0.0,500,0,0,0.01382232282777025,0.1732924818026552,0.21148532584928248,-0.01602839500920128,-0.03124248117212235,-0.11118001856934534,0.0017583934576513333,1.4163684643411871
0.55,0.3,1.2,0.08,0.66,0.38,0.25,0.4122448979591837,0.20310943657702138,0.027932960893854747,0.5813953488372093,0.0,0.4098360655737705,1.0,0.0,0.0,500,0,0,0.01379070685829383,0.1732924818026552,0.21148532584928248,-0.01602839500920128,-0.03124248117212235,-0.11118001856934534,0.0017583934576513333,1.4163684643411871
0.55,0.3,1.2,0.08,0.66,0.42,0.25,0.4122448979591837,0.20310943657702138,0.027932960893854747,0.5813953488372093,0.0,0.4098360655737705,1.0,0.0,0.0,500,0,0,0.013752442752534691,0.1732924818026552,0.21148532584928248,-0.01602839500920128,-0.03124248117212235,-0.11118001856934534,0.0017583934576513333,1.4163684643411871
0.55,0.3,1.2,0.08,0.72,0.38,0.25,0.4122448979591837,0.20310943657702138,0.027932960893854747,0.5813953488372093,0.0,0.4098360655737705,1.0,0.0,0.0,500,0,0,0.013793701807851479,0.1732924818026552,0.21148532584928248,-0.01602839500920128,-0.03124248117212235,-0.11118001856934534,0.0017583934576513333,1.4163684643411871
0.55,0.2,1.2,0.04,0.6,0.42,0.25,0.4122448979591837,0.20310943657702138,0.027932960893854747,0.5813953488372093,0.0,0.4098360655737705,1.0,0.0,0.0,500,0,0,0.013848492385273099,0.1732924818026552,0.21148532584928248,-0.01602839500920128,-0.03124248117212235,-0.11118001856934534,0.0017583934576513333,1.4163684643411871
0.55,0.2,1.2,0.04,0.6,0.38,0.25,0.4122448979591837,0.20310943657702138,0.027932960893854747,0.5813953488372093,0.0,0.4098360655737705,1.0,0.0,0.0,500,0,0,0.013901507268917828,0.1732924818026552,0.21148532584928248,-0.01602839500920128,-0.03124248117212235,-0.11118001856934534,0.0017583934576513333,1.4163684643411871
0.55,0.2,1.2,0.04,0.66,0.42,0.25,0.4122448979591837,0.20310943657702138,0.027932960893854747,0.5813953488372093,0.0,0.4098360655737705,1.0,0.0,0.0,500,0,0,0.013851458903880629,0.1732924818026552,0.21148532584928248,-0.01602839500920128,-0.03124248117212235,-0.11118001856934534,0.0017583934576513333,1.4163684643411871
0.55,0.3,1.2,0.04,0.6,0.38,0.25,0.4122448979591837,0.20310943657702138,0.027932960893854747,0.5813953488372093,0.0,0.4098360655737705,1.0,0.0,0.0,500,0,0,0.013792180316668503,0.1732924818026552,0.21148532584928248,-0.01602839500920128,-0.03124248117212235,-0.11118001856934534,0.0017583934576513333,1.4163684643411871
0.55,0.2,1.2,0.04,0.72,0.42,0.25,0.4122448979591837,0.20310943657702138,0.027932960893854747,0.5813953488372093,0.0,0.4098360655737705,1.0,0.0,0.0,500,0,0,0.013857886797493345,0.1732924818026552,0.21148532584928248,-0.01602839500920128,-0.03124248117212235,-0.11118001856934534,0.0017583934576513333,1.4163684643411871
0.55,0.2,1.2,0.08,0.6,0.42,0.25,0.4122448979591837,0.20310943657702138,0.027932960893854747,0.5813953488372093,0.0,0.4098360655737705,1.0,0.0,0.0,500,0,0,0.013848492385273099,0.1732924818026552,0.21148532584928248,-0.01602839500920128,-0.03124248117212235,-0.11118001856934534,0.0017583934576513333,1.4163684643411871
0.55,0.2,1.2,0.08,0.6,0.38,0.25,0.4122448979591837,0.20310943657702138,0.027932960893854747,0.5813953488372093,0.0,0.4098360655737705,1.0,0.0,0.0,500,0,0,0.013901507268917828,0.1732924818026552,0.21148532584928248,-0.01602839500920128,-0.03124248117212235,-0.11118001856934534,0.0017583934576513333,1.4163684643411871
0.55,0.3,1.2,0.04,0.72,0.34,0.25,0.4122448979591837,0.20310943657702138,0.027932960893854747,0.5813953488372093,0.0,0.4098360655737705,1.0,0.0,0.0,500,0,0,0.01382232282777025,0.1732924818026552,0.21148532584928248,-0.01602839500920128,-0.03124248117212235,-0.11118001856934534,0.0017583934576513333,1.4163684643411871
0.55,0.3,1.2,0.04,0.66,0.42,0.25,0.4122448979591837,0.20310943657702138,0.027932960893854747,0.5813953488372093,0.0,0.4098360655737705,1.0,0.0,0.0,500,0,0,0.013752442752534691,0.1732924818026552,0.21148532584928248,-0.01602839500920128,-0.03124248117212235,-0.11118001856934534,0.0017583934576513333,1.4163684643411871
0.55,0.3,1.2,0.04,0.66,0.38,0.25,0.4122448979591837,0.20310943657702138,0.027932960893854747,0.5813953488372093,0.0,0.4098360655737705,1.0,0.0,0.0,500,0,0,0.01379070685829383,0.1732924818026552,0.21148532584928248,-0.01602839500920128,-0.03124248117212235,-0.11118001856934534,0.0017583934576513333,1.4163684643411871
0.55,0.3,1.2,0.04,0.72,0.38,0.25,0.4122448979591837,0.20310943657702138,0.027932960893854747,0.5813953488372093,0.0,0.4098360655737705,1.0,0.0,0.0,500,0,0,0.013793701807851479,0.1732924818026552,0.21148532584928248,-0.01602839500920128,-0.03124248117212235,-0.11118001856934534,0.0017583934576513333,1.4163684643411871
0.55,0.3,1.2,0.04,0.66,0.34,0.25,0.4122448979591837,0.20310943657702138,0.027932960893854747,0.5813953488372093,0.0,0.4098360655737705,1.0,0.0,0.0,500,0,0,0.013821263769688815,0.1732924818026552,0.21148532584928248,-0.01602839500920128,-0.03124248117212235,-0.11118001856934534,0.0017583934576513333,1.4163684643411871
0.55,0.3,1.2,0.04,0.72,0.42,0.25,0.4122448979591837,0.20310943657702138,0.027932960893854747,0.5813953488372093,0.0,0.4098360655737705,1.0,0.0,0.0,500,0,0,0.013758997391249165,0.1732924818026552,0.21148532584928248,-0.01602839500920128,-0.03124248117212235,-0.11118001856934534,0.0017583934576513333,1.4163684643411871
0.55,0.3,1.2,0.08,0.6,0.34,0.25,0.4122448979591837,0.20310943657702138,0.027932960893854747,0.5813953488372093,0.0,0.4098360655737705,1.0,0.0,0.0,500,0,0,0.013826175284806614,0.1732924818026552,0.21148532584928248,-0.01602839500920128,-0.03124248117212235,-0.11118001856934534,0.0017583934576513333,1.4163684643411871
0.55,0.3,1.2,0.08,0.6,0.38,0.25,0.4122448979591837,0.20310943657702138,0.027932960893854747,0.5813953488372093,0.0,0.4098360655737705,1.0,0.0,0.0,500,0,0,0.013792180316668503,0.1732924818026552,0.21148532584928248,-0.01602839500920128,-0.03124248117212235,-0.11118001856934534,0.0017583934576513333,1.4163684643411871
0.55,0.1,1.2,0.08,0.6,0.42,0.25,0.4122448979591837,0.20310943657702138,0.027932960893854747,0.5813953488372093,0.0,0.4098360655737705,1.0,0.0,0.0,500,0,0,0.013958378692193501,0.1732924818026552,0.21148532584928248,-0.01602839500920128,-0.03124248117212235,-0.11118001856934534,0.0017583934576513333,1.4163684643411871
0.55,0.2,1.2,0.12,0.66,0.42,0.25,0.4122448979591837,0.20310943657702138,0.027932960893854747,0.5813953488372093,0.0,0.4098360655737705,1.0,0.0,0.0,500,0,0,0.013851458903880629,0.1732924818026552,0.21148532584928248,-0.01602839500920128,-0.03124248117212235,-0.11118001856934534,0.0017583934576513333,1.4163684643411871
0.55,0.3,1.2,0.12,0.72,0.34,0.25,0.4122448979591837,0.20310943657702138,0.027932960893854747,0.5813953488372093,0.0,0.4098360655737705,1.0,0.0,0.0,500,0,0,0.01382232282777025,0.1732924818026552,0.21148532584928248,-0.01602839500920128,-0.03124248117212235,-0.11118001856934534,0.0017583934576513333,1.4163684643411871
0.55,0.3,1.2,0.12,0.66,0.42,0.25,0.4122448979591837,0.20310943657702138,0.027932960893854747,0.5813953488372093,0.0,0.4098360655737705,1.0,0.0,0.0,500,0,0,0.013752442752534691,0.1732924818026552,0.21148532584928248,-0.01602839500920128,-0.03124248117212235,-0.11118001856934534,0.0017583934576513333,1.4163684643411871
0.55,0.3,1.2,0.12,0.66,0.34,0.25,0.4122448979591837,0.20310943657702138,0.027932960893854747,0.5813953488372093,0.0,0.4098360655737705,1.0,0.0,0.0,500,0,0,0.013821263769688815,0.1732924818026552,0.21148532584928248,-0.01602839500920128,-0.03124248117212235,-0.11118001856934534,0.0017583934576513333,1.4163684643411871
0.55,0.3,1.2,0.12,0.72,0.42,0.25,0.4122448979591837,0.20310943657702138,0.027932960893854747,0.5813953488372093,0.0,0.4098360655737705,1.0,0.0,0.0,500,0,0,0.013758997391249165,0.1732924818026552,0.21148532584928248,-0.01602839500920128,-0.03124248117212235,-0.11118001856934534,0.0017583934576513333,1.4163684643411871
0.55,0.3,1.2,0.12,0.72,0.38,0.25,0.4122448979591837,0.20310943657702138,0.027932960893854747,0.5813953488372093,0.0,0.4098360655737705,1.0,0.0,0.0,500,0,0,0.013793701807851479,0.1732924818026552,0.21148532584928248,-0.01602839500920128,-0.03124248117212235,-0.11118001856934534,0.0017583934576513333,1.4163684643411871
0.55,0.3,1.2,0.12,0.6,0.34,0.25,0.4122448979591837,0.20310943657702138,0.027932960893854747,0.5813953488372093,0.0,0.4098360655737705,1.0,0.0,0.0,500,0,0,0.013826175284806614,0.1732924818026552,0.21148532584928248,-0.01602839500920128,-0.03124248117212235,-0.11118001856934534,0.0017583934576513333,1.4163684643411871
0.55,0.1,1.2,0.08,0.6,0.34,0.25,0.4114285714285714,0.20115549609345965,0.022408963585434174,0.5810575246949448,0.0,0.4095004095004095,1.0,0.0,0.0,500,0,0,0.01406240947868836,0.1732924818026552,0.21148532584928248,-0.01602839500920128,-0.03124248117212235,-0.11118001856934534,0.0017583934576513333,1.4191387313553612
0.55,0.1,1.2,0.04,0.66,0.34,0.25,0.4114285714285714,0.20115549609345965,0.022408963585434174,0.5810575246949448,0.0,0.4095004095004095,1.0,0.0,0.0,500,0,0,0.014054103229802103,0.1732924818026552,0.21148532584928248,-0.01602839500920128,-0.03124248117212235,-0.11118001856934534,0.0017583934576513333,1.4191387313553612
0.55,0.1,1.2,0.12,0.6,0.38,0.25,0.4114285714285714,0.20115549609345965,0.022408963585434174,0.5810575246949448,0.0,0.4095004095004095,1.0,0.0,0.0,500,0,0,0.014017937892723797,0.1732924818026552,0.21148532584928248,-0.01602839500920128,-0.03124248117212235,-0.11118001856934534,0.0017583934576513333,1.4191387313553612
0.55,0.1,1.2,0.08,0.6,0.38,0.25,0.4114285714285714,0.20115549609345965,0.022408963585434174,0.5810575246949448,0.0,0.4095004095004095,1.0,0.0,0.0,500,0,0,0.014017937892723797,0.1732924818026552,0.21148532584928248,-0.01602839500920128,-0.03124248117212235,-0.11118001856934534,0.0017583934576513333,1.4191387313553612
0.55,0.1,1.2,0.08,0.66,0.38,0.25,0.4114285714285714,0.20115549609345965,0.022408963585434174,0.5810575246949448,0.0,0.4095004095004095,1.0,0.0,0.0,500,0,0,0.01401300019971932,0.1732924818026552,0.21148532584928248,-0.01602839500920128,-0.03124248117212235,-0.11118001856934534,0.0017583934576513333,1.4191387313553612
0.55,0.1,1.2,0.08,0.66,0.42,0.25,0.4114285714285714,0.20115549609345965,0.022408963585434174,0.5810575246949448,0.0,0.4095004095004095,1.0,0.0,0.0,500,0,0,0.013961365942649951,0.1732924818026552,0.21148532584928248,-0.01602839500920128,-0.03124248117212235,-0.11118001856934534,0.0017583934576513333,1.4191387313553612
0.55,0.1,1.2,0.08,0.72,0.34,0.25,0.4114285714285714,0.20115549609345965,0.022408963585434174,0.5810575246949448,0.0,0.4095004095004095,1.0,0.0,0.0,500,0,0,0.014054100000269475,0.1732924818026552,0.21148532584928248,-0.01602839500920128,-0.03124248117212235,-0.11118001856934534,0.0017583934576513333,1.4191387313553612
0.55,0.1,1.2,0.08,0.66,0.34,0.25,0.4114285714285714,0.20115549609345965,0.022408963585434174,0.5810575246949448,0.0,0.4095004095004095,1.0,0.0,0.0,500,0,0,0.014054103229802103,0.1732924818026552,0.21148532584928248,-0.01602839500920128,-0.03124248117212235,-0.11118001856934534,0.0017583934576513333,1.4191387313553612
0.55,0.1,1.2,0.12,0.66,0.34,0.25,0.4114285714285714,0.20115549609345965,0.022408963585434174,0.5810575246949448,0.0,0.4095004095004095,1.0,0.0,0.0,500,0,0,0.014054103229802103,0.1732924818026552,0.21148532584928248,-0.01602839500920128,-0.03124248117212235,-0.11118001856934534,0.0017583934576513333,1.4191387313553612
0.55,0.1,1.2,0.04,0.72,0.38,0.25,0.4114285714285714,0.20115549609345965,0.022408963585434174,0.5810575246949448,0.0,0.4095004095004095,1.0,0.0,0.0,500,0,0,0.01401548137246675,0.1732924818026552,0.21148532584928248,-0.01602839500920128,-0.03124248117212235,-0.11118001856934534,0.0017583934576513333,1.4191387313553612
0.55,0.1,1.2,0.04,0.6,0.38,0.25,0.4114285714285714,0.20115549609345965,0.022408963585434174,0.5810575246949448,0.0,0.4095004095004095,1.0,0.0,0.0,500,0,0,0.014017937892723797,0.1732924818026552,0.21148532584928248,-0.01602839500920128,-0.03124248117212235,-0.11118001856934534,0.0017583934576513333,1.4191387313553612
0.55,0.1,1.2,0.04,0.72,0.42,0.25,0.4114285714285714,0.20115549609345965,0.022408963585434174,0.5810575246949448,0.0,0.4095004095004095,1.0,0.0,0.0,500,0,0,0.013967218628967028,0.1732924818026552,0.21148532584928248,-0.01602839500920128,-0.03124248117212235,-0.11118001856934534,0.0017583934576513333,1.4191387313553612
0.55,0.1,1.2,0.04,0.72,0.34,0.25,0.4114285714285714,0.20115549609345965,0.022408963585434174,0.5810575246949448,0.0,0.4095004095004095,1.0,0.0,0.0,500,0,0,0.014054100000269475,0.1732924818026552,0.21148532584928248,-0.01602839500920128,-0.03124248117212235,-0.11118001856934534,0.0017583934576513333,1.4191387313553612
0.55,0.1,1.2,0.04,0.6,0.34,0.25,0.4114285714285714,0.20115549609345965,0.022408963585434174,0.5810575246949448,0.0,0.4095004095004095,1.0,0.0,0.0,500,0,0,0.01406240947868836,0.1732924818026552,0.21148532584928248,-0.01602839500920128,-0.03124248117212235,-0.11118001856934534,0.0017583934576513333,1.4191387313553612
0.55,0.2,1.2,0.12,0.66,0.38,0.25,0.4114285714285714,0.20115549609345965,0.022408963585434174,0.5810575246949448,0.0,0.4095004095004095,1.0,0.0,0.0,500,0,0,0.013898171968313345,0.1732924818026552,0.21148532584928248,-0.01602839500920128,-0.03124248117212235,-0.11118001856934534,0.0017583934576513333,1.4191387313553612
0.55,0.2,1.2,0.08,0.72,0.34,0.25,0.4114285714285714,0.20115549609345965,0.022408963585434174,0.5810575246949448,0.0,0.4095004095004095,1.0,0.0,0.0,500,0,0,0.013934652539616916,0.1732924818026552,0.21148532584928248,-0.01602839500920128,-0.03124248117212235,-0.11118001856934534,0.0017583934576513333,1.4191387313553612
0.55,0.1,1.2,0.04,0.66,0.38,0.25,0.4114285714285714,0.20115549609345965,0.022408963585434174,0.5810575246949448,0.0,0.4095004095004095,1.0,0.0,0.0,500,0,0,0.01401300019971932,0.1732924818026552,0.21148532584928248,-0.01602839500920128,-0.03124248117212235,-0.11118001856934534,0.0017583934576513333,1.4191387313553612
0.55,0.2,1.2,0.12,0.72,0.34,0.25,0.4114285714285714,0.20115549609345965,0.022408963585434174,0.5810575246949448,0.0,0.4095004095004095,1.0,0.0,0.0,500,0,0,0.013934652539616916,0.1732924818026552,0.21148532584928248,-0.01602839500920128,-0.03124248117212235,-0.11118001856934534,0.0017583934576513333,1.4191387313553612
0.55,0.2,1.2,0.12,0.6,0.34,0.25,0.4114285714285714,0.20115549609345965,0.022408963585434174,0.5810575246949448,0.0,0.4095004095004095,1.0,0.0,0.0,500,0,0,0.013940627641692694,0.1732924818026552,0.21148532584928248,-0.01602839500920128,-0.03124248117212235,-0.11118001856934534,0.0017583934576513333,1.4191387313553612
0.55,0.2,1.2,0.08,0.72,0.38,0.25,0.4114285714285714,0.20115549609345965,0.022408963585434174,0.5810575246949448,0.0,0.4095004095004095,1.0,0.0,0.0,500,0,0,0.013900615776854502,0.1732924818026552,0.21148532584928248,-0.01602839500920128,-0.03124248117212235,-0.11118001856934534,0.0017583934576513333,1.4191387313553612
0.55,0.1,1.2,0.04,0.66,0.42,0.25,0.4114285714285714,0.20115549609345965,0.022408963585434174,0.5810575246949448,0.0,0.4095004095004095,1.0,0.0,0.0,500,0,0,0.013961365942649951,0.1732924818026552,0.21148532584928248,-0.01602839500920128,-0.03124248117212235,-0.11118001856934534,0.0017583934576513333,1.4191387313553612
0.55,0.2,1.2,0.12,0.66,0.34,0.25,0.4114285714285714,0.20115549609345965,0.022408963585434174,0.5810575246949448,0.0,0.4095004095004095,1.0,0.0,0.0,500,0,0,0.013933599841856147,0.1732924818026552,0.21148532584928248,-0.01602839500920128,-0.03124248117212235,-0.11118001856934534,0.0017583934576513333,1.4191387313553612
0.55,0.2,1.2,0.12,0.72,0.38,0.25,0.4114285714285714,0.20115549609345965,0.022408963585434174,0.5810575246949448,0.0,0.4095004095004095,1.0,0.0,0.0,500,0,0,0.013900615776854502,0.1732924818026552,0.21148532584928248,-0.01602839500920128,-0.03124248117212235,-0.11118001856934534,0.0017583934576513333,1.4191387313553612
0.55,0.2,1.2,0.08,0.66,0.38,0.25,0.4114285714285714,0.20115549609345965,0.022408963585434174,0.5810575246949448,0.0,0.4095004095004095,1.0,0.0,0.0,500,0,0,0.013898171968313345,0.1732924818026552,0.21148532584928248,-0.01602839500920128,-0.03124248117212235,-0.11118001856934534,0.0017583934576513333,1.4191387313553612
0.55,0.2,1.2,0.04,0.66,0.38,0.25,0.4114285714285714,0.20115549609345965,0.022408963585434174,0.5810575246949448,0.0,0.4095004095004095,1.0,0.0,0.0,500,0,0,0.013898171968313345,0.1732924818026552,0.21148532584928248,-0.01602839500920128,-0.03124248117212235,-0.11118001856934534,0.0017583934576513333,1.4191387313553612
0.55,0.1,1.2,0.12,0.66,0.38,0.25,0.4114285714285714,0.20115549609345965,0.022408963585434174,0.5810575246949448,0.0,0.4095004095004095,1.0,0.0,0.0,500,0,0,0.01401300019971932,0.1732924818026552,0.21148532584928248,-0.01602839500920128,-0.03124248117212235,-0.11118001856934534,0.0017583934576513333,1.4191387313553612
0.55,0.1,1.2,0.12,0.72,0.34,0.25,0.4114285714285714,0.20115549609345965,0.022408963585434174,0.5810575246949448,0.0,0.4095004095004095,1.0,0.0,0.0,500,0,0,0.014054100000269475,0.1732924818026552,0.21148532584928248,-0.01602839500920128,-0.03124248117212235,-0.11118001856934534,0.0017583934576513333,1.4191387313553612
0.55,0.2,1.2,0.04,0.6,0.34,0.25,0.4114285714285714,0.20115549609345965,0.022408963585434174,0.5810575246949448,0.0,0.4095004095004095,1.0,0.0,0.0,500,0,0,0.013940627641692694,0.1732924818026552,0.21148532584928248,-0.01602839500920128,-0.03124248117212235,-0.11118001856934534,0.0017583934576513333,1.4191387313553612
0.55,0.2,1.2,0.04,0.66,0.34,0.25,0.4114285714285714,0.20115549609345965,0.022408963585434174,0.5810575246949448,0.0,0.4095004095004095,1.0,0.0,0.0,500,0,0,0.013933599841856147,0.1732924818026552,0.21148532584928248,-0.01602839500920128,-0.03124248117212235,-0.11118001856934534,0.0017583934576513333,1.4191387313553612
0.55,0.1,1.2,0.12,0.6,0.34,0.25,0.4114285714285714,0.20115549609345965,0.022408963585434174,0.5810575246949448,0.0,0.4095004095004095,1.0,0.0,0.0,500,0,0,0.01406240947868836,0.1732924818026552,0.21148532584928248,-0.01602839500920128,-0.03124248117212235,-0.11118001856934534,0.0017583934576513333,1.4191387313553612
0.55,0.2,1.2,0.08,0.66,0.34,0.25,0.4114285714285714,0.20115549609345965,0.022408963585434174,0.5810575246949448,0.0,0.4095004095004095,1.0,0.0,0.0,500,0,0,0.013933599841856147,0.1732924818026552,0.21148532584928248,-0.01602839500920128,-0.03124248117212235,-0.11118001856934534,0.0017583934576513333,1.4191387313553612
0.55,0.1,1.2,0.08,0.72,0.38,0.25,0.4114285714285714,0.20115549609345965,0.022408963585434174,0.5810575246949448,0.0,0.4095004095004095,1.0,0.0,0.0,500,0,0,0.01401548137246675,0.1732924818026552,0.21148532584928248,-0.01602839500920128,-0.03124248117212235,-0.11118001856934534,0.0017583934576513333,1.4191387313553612
0.55,0.1,1.2,0.12,0.72,0.38,0.25,0.4114285714285714,0.20115549609345965,0.022408963585434174,0.5810575246949448,0.0,0.4095004095004095,1.0,0.0,0.0,500,0,0,0.01401548137246675,0.1732924818026552,0.21148532584928248,-0.01602839500920128,-0.03124248117212235,-0.11118001856934534,0.0017583934576513333,1.4191387313553612
0.55,0.2,1.2,0.08,0.6,0.34,0.25,0.4114285714285714,0.20115549609345965,0.022408963585434174,0.5810575246949448,0.0,0.4095004095004095,1.0,0.0,0.0,500,0,0,0.013940627641692694,0.1732924818026552,0.21148532584928248,-0.01602839500920128,-0.03124248117212235,-0.11118001856934534,0.0017583934576513333,1.4191387313553612
0.55,0.1,1.2,0.12,0.66,0.42,0.25,0.4114285714285714,0.20115549609345965,0.022408963585434174,0.5810575246949448,0.0,0.4095004095004095,1.0,0.0,0.0,500,0,0,0.013961365942649951,0.1732924818026552,0.21148532584928248,-0.01602839500920128,-0.03124248117212235,-0.11118001856934534,0.0017583934576513333,1.4191387313553612
0.55,0.1,1.2,0.12,0.72,0.42,0.25,0.4114285714285714,0.20115549609345965,0.022408963585434174,0.5810575246949448,0.0,0.4095004095004095,1.0,0.0,0.0,500,0,0,0.013967218628967028,0.1732924818026552,0.21148532584928248,-0.01602839500920128,-0.03124248117212235,-0.11118001856934534,0.0017583934576513333,1.4191387313553612
0.55,0.2,1.2,0.04,0.72,0.38,0.25,0.4114285714285714,0.20115549609345965,0.022408963585434174,0.5810575246949448,0.0,0.4095004095004095,1.0,0.0,0.0,500,0,0,0.013900615776854502,0.1732924818026552,0.21148532584928248,-0.01602839500920128,-0.03124248117212235,-0.11118001856934534,0.0017583934576513333,1.4191387313553612
0.55,0.1,1.2,0.08,0.72,0.42,0.25,0.4114285714285714,0.20115549609345965,0.022408963585434174,0.5810575246949448,0.0,0.4095004095004095,1.0,0.0,0.0,500,0,0,0.013967218628967028,0.1732924818026552,0.21148532584928248,-0.01602839500920128,-0.03124248117212235,-0.11118001856934534,0.0017583934576513333,1.4191387313553612
0.55,0.2,1.2,0.04,0.72,0.34,0.25,0.4114285714285714,0.20115549609345965,0.022408963585434174,0.5810575246949448,0.0,0.4095004095004095,1.0,0.0,0.0,500,0,0,0.013934652539616916,0.1732924818026552,0.21148532584928248,-0.01602839500920128,-0.03124248117212235,-0.11118001856934534,0.0017583934576513333,1.4191387313553612
0.75,0.1,1.0,0.12,0.72,0.34,0.5,0.5412244897959184,0.43324882238432627,0.6938239159001314,0.6059225512528473,0.0,0.4883720930232558,0.798,0.202,0.0,500,7,0,0.026308183178906396,0.1732924818026552,0.21148532584928248,-0.01602839500920128,-0.03124248117212235,-0.11118001856934534,0.0017583934576513333,1.4814494866971475
0.75,0.1,1.0,0.08,0.72,0.34,0.5,0.5412244897959184,0.43324882238432627,0.6938239159001314,0.6059225512528473,0.0,0.4883720930232558,0.798,0.202,0.0,500,7,0,0.026308183178906396,0.1732924818026552,0.21148532584928248,-0.01602839500920128,-0.03124248117212235,-0.11118001856934534,0.0017583934576513333,1.4814494866971475
0.75,0.1,1.0,0.04,0.72,0.34,0.5,0.5412244897959184,0.43324882238432627,0.6938239159001314,0.6059225512528473,0.0,0.4883720930232558,0.798,0.202,0.0,500,7,0,0.026308183178906396,0.1732924818026552,0.21148532584928248,-0.01602839500920128,-0.03124248117212235,-0.11118001856934534,0.0017583934576513333,1.4814494866971475
0.75,0.1,1.0,0.12,0.66,0.34,0.5,0.5412244897959184,0.4330185658083154,0.6928104575163399,0.6062452399086062,0.0,0.48954489544895446,0.796,0.204,0.0,500,7,0,0.026428746403944724,0.1732924818026552,0.21148532584928248,-0.01602839500920128,-0.03124248117212235,-0.11118001856934534,0.0017583934576513333,1.4858797432731583
0.75,0.1,1.0,0.08,0.66,0.34,0.5,0.5412244897959184,0.4330185658083154,0.6928104575163399,0.6062452399086062,0.0,0.48954489544895446,0.796,0.204,0.0,500,7,0,0.026428746403944724,0.1732924818026552,0.21148532584928248,-0.01602839500920128,-0.03124248117212235,-0.11118001856934534,0.0017583934576513333,1.4858797432731583
0.75,0.1,1.0,0.04,0.66,0.34,0.5,0.5412244897959184,0.4330185658083154,0.6928104575163399,0.6062452399086062,0.0,0.48954489544895446,0.796,0.204,0.0,500,7,0,0.026428746403944724,0.1732924818026552,0.21148532584928248,-0.01602839500920128,-0.03124248117212235,-0.11118001856934534,0.0017583934576513333,1.4858797432731583
0.75,0.1,1.0,0.04,0.6,0.34,0.5,0.5420408163265306,0.4338064567430025,0.6953125,0.6061068702290077,0.0,0.4901234567901235,0.794,0.206,0.0,500,7,0,0.026722620362298787,0.1732924818026552,0.21148532584928248,-0.01602839500920128,-0.03124248117212235,-0.11118001856934534,0.0017583934576513333,1.488475525807859
0.75,0.1,1.0,0.12,0.6,0.34,0.5,0.5420408163265306,0.4338064567430025,0.6953125,0.6061068702290077,0.0,0.4901234567901235,0.794,0.206,0.0,500,7,0,0.026722620362298787,0.1732924818026552,0.21148532584928248,-0.01602839500920128,-0.03124248117212235,-0.11118001856934534,0.0017583934576513333,1.488475525807859
0.75,0.1,1.0,0.08,0.6,0.34,0.5,0.5420408163265306,0.4338064567430025,0.6953125,0.6061068702290077,0.0,0.4901234567901235,0.794,0.206,0.0,500,7,0,0.026722620362298787,0.1732924818026552,0.21148532584928248,-0.01602839500920128,-0.03124248117212235,-0.11118001856934534,0.0017583934576513333,1.488475525807859
0.75,0.1,1.0,0.12,0.66,0.38,0.5,0.5412244897959184,0.433085339806823,0.6936114732724902,0.6056445461479787,0.0,0.48951911220715166,0.794,0.206,0.0,500,7,0,0.026615013484370852,0.1732924818026552,0.21148532584928248,-0.01602839500920128,-0.03124248117212235,-0.11118001856934534,0.0017583934576513333,1.4900129692746507
0.75,0.1,1.0,0.04,0.66,0.38,0.5,0.5412244897959184,0.433085339806823,0.6936114732724902,0.6056445461479787,0.0,0.48951911220715166,0.794,0.206,0.0,500,7,0,0.026615013484370852,0.1732924818026552,0.21148532584928248,-0.01602839500920128,-0.03124248117212235,-0.11118001856934534,0.0017583934576513333,1.4900129692746507
0.75,0.1,1.0,0.08,0.66,0.38,0.5,0.5412244897959184,0.433085339806823,0.6936114732724902,0.6056445461479787,0.0,0.48951911220715166,0.794,0.206,0.0,500,7,0,0.026615013484370852,0.1732924818026552,0.21148532584928248,-0.01602839500920128,-0.03124248117212235,-0.11118001856934534,0.0017583934576513333,1.4900129692746507
0.75,0.1,1.0,0.08,0.72,0.38,0.5,0.5404081632653062,0.43236297735040014,0.6919060052219321,0.6051829268292683,0.0,0.48891625615763545,0.794,0.206,0.0,500,7,0,0.026498860709660402,0.1732924818026552,0.21148532584928248,-0.01602839500920128,-0.03124248117212235,-0.11118001856934534,0.0017583934576513333,1.4915516582616861
0.75,0.1,1.0,0.04,0.72,0.38,0.5,0.5404081632653062,0.43236297735040014,0.6919060052219321,0.6051829268292683,0.0,0.48891625615763545,0.794,0.206,0.0,500,7,0,0.026498860709660402,0.1732924818026552,0.21148532584928248,-0.01602839500920128,-0.03124248117212235,-0.11118001856934534,0.0017583934576513333,1.4915516582616861
0.75,0.1,1.0,0.12,0.72,0.38,0.5,0.5404081632653062,0.43236297735040014,0.6919060052219321,0.6051829268292683,0.0,0.48891625615763545,0.794,0.206,0.0,500,7,0,0.026498860709660402,0.1732924818026552,0.21148532584928248,-0.01602839500920128,-0.03124248117212235,-0.11118001856934534,0.0017583934576513333,1.4915516582616861
0.75,0.1,1.0,0.08,0.72,0.42,0.5,0.5412244897959184,0.4320014103333228,0.6879795396419437,0.6080246913580247,0.0,0.4949748743718593,0.788,0.212,0.0,500,9,0,0.02682496601291706,0.1732924818026552,0.21148532584928248,-0.01602839500920128,-0.03124248117212235,-0.11118001856934534,0.0017583934576513333,1.503696898748151
0.75,0.1,1.0,0.04,0.72,0.42,0.5,0.5412244897959184,0.4320014103333228,0.6879795396419437,0.6080246913580247,0.0,0.4949748743718593,0.788,0.212,0.0,500,9,0,0.02682496601291706,0.1732924818026552,0.21148532584928248,-0.01602839500920128,-0.03124248117212235,-0.11118001856934534,0.0017583934576513333,1.503696898748151
0.75,0.1,1.0,0.12,0.72,0.42,0.5,0.5412244897959184,0.4320014103333228,0.6879795396419437,0.6080246913580247,0.0,0.4949748743718593,0.788,0.212,0.0,500,9,0,0.02682496601291706,0.1732924818026552,0.21148532584928248,-0.01602839500920128,-0.03124248117212235,-0.11118001856934534,0.0017583934576513333,1.503696898748151
0.75,0.1,1.0,0.12,0.6,0.38,0.5,0.5404081632653062,0.43184020739747103,0.6898326898326899,0.6056879323597233,0.0,0.4918851435705368,0.788,0.212,0.0,500,9,0,0.026898491361498193,0.1732924818026552,0.21148532584928248,-0.01602839500920128,-0.03124248117212235,-0.11118001856934534,0.0017583934576513333,1.5046744282146152
0.75,0.1,1.0,0.08,0.6,0.38,0.5,0.5404081632653062,0.43184020739747103,0.6898326898326899,0.6056879323597233,0.0,0.4918851435705368,0.788,0.212,0.0,500,9,0,0.026898491361498193,0.1732924818026552,0.21148532584928248,-0.01602839500920128,-0.03124248117212235,-0.11118001856934534,0.0017583934576513333,1.5046744282146152
0.75,0.1,1.0,0.04,0.6,0.38,0.5,0.5404081632653062,0.43184020739747103,0.6898326898326899,0.6056879323597233,0.0,0.4918851435705368,0.788,0.212,0.0,500,9,0,0.026898491361498193,0.1732924818026552,0.21148532584928248,-0.01602839500920128,-0.03124248117212235,-0.11118001856934534,0.0017583934576513333,1.5046744282146152
0.75,0.2,1.0,0.04,0.72,0.34,0.5,0.5404081632653062,0.4316999538593369,0.6889460154241646,0.6061538461538462,0.0,0.4925,0.788,0.212,0.0,500,9,0,0.026804762990380145,0.1732924818026552,0.21148532584928248,-0.01602839500920128,-0.03124248117212235,-0.11118001856934534,0.0017583934576513333,1.5048146817527492
0.75,0.2,1.0,0.08,0.72,0.34,0.5,0.5404081632653062,0.4316999538593369,0.6889460154241646,0.6061538461538462,0.0,0.4925,0.788,0.212,0.0,500,9,0,0.026804762990380145,0.1732924818026552,0.21148532584928248,-0.01602839500920128,-0.03124248117212235,-0.11118001856934534,0.0017583934576513333,1.5048146817527492
0.75,0.2,1.0,0.12,0.72,0.34,0.5,0.5404081632653062,0.4316999538593369,0.6889460154241646,0.6061538461538462,0.0,0.4925,0.788,0.212,0.0,500,9,0,0.026804762990380145,0.1732924818026552,0.21148532584928248,-0.01602839500920128,-0.03124248117212235,-0.11118001856934534,0.0017583934576513333,1.5048146817527492
0.75,0.2,1.0,0.12,0.72,0.38,0.5,0.5404081632653062,0.4306162536251032,0.6826801517067004,0.6091686091686092,0.0,0.49809402795425667,0.784,0.216,0.0,500,9,0,0.0269621874577948,0.1732924818026552,0.21148532584928248,-0.01602839500920128,-0.03124248117212235,-0.11118001856934534,0.0017583934576513333,1.5142983819869829
0.75,0.2,1.0,0.08,0.72,0.38,0.5,0.5404081632653062,0.4306162536251032,0.6826801517067004,0.6091686091686092,0.0,0.49809402795425667,0.784,0.216,0.0,500,9,0,0.0269621874577948,0.1732924818026552,0.21148532584928248,-0.01602839500920128,-0.03124248117212235,-0.11118001856934534,0.0017583934576513333,1.5142983819869829
0.75,0.2,1.0,0.04,0.72,0.38,0.5,0.5404081632653062,0.4306162536251032,0.6826801517067004,0.6091686091686092,0.0,0.49809402795425667,0.784,0.216,0.0,500,9,0,0.0269621874577948,0.1732924818026552,0.21148532584928248,-0.01602839500920128,-0.03124248117212235,-0.11118001856934534,0.0017583934576513333,1.5142983819869829
0.75,0.2,1.0,0.08,0.66,0.34,0.5,0.5395918367346939,0.43069925033382744,0.6862244897959183,0.6058732612055642,0.0,0.49370277078085645,0.784,0.216,0.0,500,10,0,0.026907923936799923,0.1732924818026552,0.21148532584928248,-0.01602839500920128,-0.03124248117212235,-0.11118001856934534,0.0017583934576513333,1.515031711808871
0.75,0.2,1.0,0.04,0.66,0.34,0.5,0.5395918367346939,0.43069925033382744,0.6862244897959183,0.6058732612055642,0.0,0.49370277078085645,0.784,0.216,0.0,500,10,0,0.026907923936799923,0.1732924818026552,0.21148532584928248,-0.01602839500920128,-0.03124248117212235,-0.11118001856934534,0.0017583934576513333,1.515031711808871
0.75,0.2,1.0,0.12,0.66,0.34,0.5,0.5395918367346939,0.43069925033382744,0.6862244897959183,0.6058732612055642,0.0,0.49370277078085645,0.784,0.216,0.0,500,10,0,0.026907923936799923,0.1732924818026552,0.21148532584928248,-0.01602839500920128,-0.03124248117212235,-0.11118001856934534,0.0017583934576513333,1.515031711808871
0.75,0.1,1.0,0.08,0.66,0.42,0.5,0.5395918367346939,0.43042983900403603,0.6844783715012722,0.6068111455108359,0.0,0.494949494949495,0.784,0.216,0.0,500,11,0,0.026934258473628528,0.1732924818026552,0.21148532584928248,-0.01602839500920128,-0.03124248117212235,-0.11118001856934534,0.0017583934576513333,1.5153011231386624
0.75,0.1,1.0,0.04,0.66,0.42,0.5,0.5395918367346939,0.43042983900403603,0.6844783715012722,0.6068111455108359,0.0,0.494949494949495,0.784,0.216,0.0,500,11,0,0.026934258473628528,0.1732924818026552,0.21148532584928248,-0.01602839500920128,-0.03124248117212235,-0.11118001856934534,0.0017583934576513333,1.5153011231386624
0.75,0.1,1.0,0.12,0.66,0.42,0.5,0.5395918367346939,0.43042983900403603,0.6844783715012722,0.6068111455108359,0.0,0.494949494949495,0.784,0.216,0.0,500,11,0,0.026934258473628528,0.1732924818026552,0.21148532584928248,-0.01602839500920128,-0.03124248117212235,-0.11118001856934534,0.0017583934576513333,1.5153011231386624
0.75,0.2,1.0,0.12,0.66,0.38,0.5,0.5395918367346939,0.42908665803586254,0.6758448060075094,0.6114151681000782,0.0,0.5019255455712451,0.782,0.218,0.0,500,10,0,0.02706188014233628,0.1732924818026552,0.21148532584928248,-0.01602839500920128,-0.03124248117212235,-0.11118001856934534,0.0017583934576513333,1.5208443041068358
0.75,0.2,1.0,0.04,0.66,0.38,0.5,0.5395918367346939,0.42908665803586254,0.6758448060075094,0.6114151681000782,0.0,0.5019255455712451,0.782,0.218,0.0,500,10,0,0.02706188014233628,0.1732924818026552,0.21148532584928248,-0.01602839500920128,-0.03124248117212235,-0.11118001856934534,0.0017583934576513333,1.5208443041068358
0.75,0.2,1.0,0.08,0.66,0.38,0.5,0.5395918367346939,0.42908665803586254,0.6758448060075094,0.6114151681000782,0.0,0.5019255455712451,0.782,0.218,0.0,500,10,0,0.02706188014233628,0.1732924818026552,0.21148532584928248,-0.01602839500920128,-0.03124248117212235,-0.11118001856934534,0.0017583934576513333,1.5208443041068358
0.75,0.1,1.0,0.04,0.72,0.34,0.25,0.5355102040816326,0.4286577608142494,0.6875,0.5984732824427481,0.0,0.4839506172839506,0.784,0.216,0.0,500,8,0,0.026565973191296288,0.1732924818026552,0.21148532584928248,-0.01602839500920128,-0.03124248117212235,-0.11118001856934534,0.0017583934576513333,1.5211548339815102
0.75,0.1,1.0,0.08,0.72,0.34,0.25,0.5355102040816326,0.4286577608142494,0.6875,0.5984732824427481,0.0,0.4839506172839506,0.784,0.216,0.0,500,8,0,0.026565973191296288,0.1732924818026552,0.21148532584928248,-0.01602839500920128,-0.03124248117212235,-0.11118001856934534,0.0017583934576513333,1.5211548339815102
0.75,0.1,1.0,0.12,0.72,0.34,0.25,0.5355102040816326,0.4286577608142494,0.6875,0.5984732824427481,0.0,0.4839506172839506,0.784,0.216,0.0,500,8,0,0.026565973191296288,0.1732924818026552,0.21148532584928248,-0.01602839500920128,-0.03124248117212235,-0.11118001856934534,0.0017583934576513333,1.5211548339815102
0.75,0.2,1.0,0.04,0.6,0.34,0.5,0.5379591836734694,0.42792123109024516,0.675,0.6087636932707355,0.0,0.5,0.778,0.222,0.0,500,11,0,0.027159461780398235,0.1732924818026552,0.21148532584928248,-0.01602839500920128,-0.03124248117212235,-0.11118001856934534,0.0017583934576513333,1.5320423841136777
0.75,0.2,1.0,0.08,0.6,0.34,0.5,0.5379591836734694,0.42792123109024516,0.675,0.6087636932707355,0.0,0.5,0.778,0.222,0.0,500,11,0,0.027159461780398235,0.1732924818026552,0.21148532584928248,-0.01602839500920128,-0.03124248117212235,-0.11118001856934534,0.0017583934576513333,1.5320423841136777
0.75,0.2,1.0,0.12,0.6,0.34,0.5,0.5379591836734694,0.42792123109024516,0.675,0.6087636932707355,0.0,0.5,0.778,0.222,0.0,500,11,0,0.027159461780398235,0.1732924818026552,0.21148532584928248,-0.01602839500920128,-0.03124248117212235,-0.11118001856934534,0.0017583934576513333,1.5320423841136777
0.75,0.1,1.0,0.12,0.6,0.42,0.5,0.5379591836734694,0.4276781921893282,0.6733167082294265,0.609717868338558,0.0,0.5012886597938144,0.778,0.222,0.0,500,11,0,0.0272001642431669,0.1732924818026552,0.21148532584928248,-0.01602839500920128,-0.03124248117212235,-0.11118001856934534,0.0017583934576513333,1.5322854230145946
0.75,0.1,1.0,0.08,0.6,0.42,0.5,0.5379591836734694,0.4276781921893282,0.6733167082294265,0.609717868338558,0.0,0.5012886597938144,0.778,0.222,0.0,500,11,0,0.0272001642431669,0.1732924818026552,0.21148532584928248,-0.01602839500920128,-0.03124248117212235,-0.11118001856934534,0.0017583934576513333,1.5322854230145946
0.75,0.1,1.0,0.04,0.6,0.42,0.5,0.5379591836734694,0.4276781921893282,0.6733167082294265,0.609717868338558,0.0,0.5012886597938144,0.778,0.222,0.0,500,11,0,0.0272001642431669,0.1732924818026552,0.21148532584928248,-0.01602839500920128,-0.03124248117212235,-0.11118001856934534,0.0017583934576513333,1.5322854230145946
0.75,0.2,1.0,0.04,0.6,0.38,0.5,0.5371428571428571,0.42679703802009894,0.6708074534161491,0.6095836606441477,0.0,0.5019404915912031,0.776,0.224,0.0,500,11,0,0.02730307449859929,0.1732924818026552,0.21148532584928248,-0.01602839500920128,-0.03124248117212235,-0.11118001856934534,0.0017583934576513333,1.5381829037144361
0.75,0.2,1.0,0.12,0.6,0.38,0.5,0.5371428571428571,0.42679703802009894,0.6708074534161491,0.6095836606441477,0.0,0.5019404915912031,0.776,0.224,0.0,500,11,0,0.02730307449859929,0.1732924818026552,0.21148532584928248,-0.01602839500920128,-0.03124248117212235,-0.11118001856934534,0.0017583934576513333,1.5381829037144361
0.75,0.2,1.0,0.08,0.6,0.38,0.5,0.5371428571428571,0.42679703802009894,0.6708074534161491,0.6095836606441477,0.0,0.5019404915912031,0.776,0.224,0.0,500,11,0,0.02730307449859929,0.1732924818026552,0.21148532584928248,-0.01602839500920128,-0.03124248117212235,-0.11118001856934534,0.0017583934576513333,1.5381829037144361
0.75,0.2,1.0,0.12,0.72,0.42,0.5,0.5371428571428571,0.4266793597286598,0.6699751861042184,0.610062893081761,0.0,0.5025906735751295,0.776,0.224,0.0,500,11,0,0.027232272600985846,0.1732924818026552,0.21148532584928248,-0.01602839500920128,-0.03124248117212235,-0.11118001856934534,0.0017583934576513333,1.5383005820058753
0.75,0.2,1.0,0.08,0.72,0.42,0.5,0.5371428571428571,0.4266793597286598,0.6699751861042184,0.610062893081761,0.0,0.5025906735751295,0.776,0.224,0.0,500,11,0,0.027232272600985846,0.1732924818026552,0.21148532584928248,-0.01602839500920128,-0.03124248117212235,-0.11118001856934534,0.0017583934576513333,1.5383005820058753
0.75,0.2,1.0,0.04,0.72,0.42,0.5,0.5371428571428571,0.4266793597286598,0.6699751861042184,0.610062893081761,0.0,0.5025906735751295,0.776,0.224,0.0,500,11,0,0.027232272600985846,0.1732924818026552,0.21148532584928248,-0.01602839500920128,-0.03124248117212235,-0.11118001856934534,0.0017583934576513333,1.5383005820058753
0.75,0.3,1.0,0.04,0.72,0.34,0.5,0.5371428571428571,0.42656262034499476,0.6691449814126395,0.6105428796223447,0.0,0.503242542153048,0.776,0.224,0.0,500,11,0,0.027271789158148242,0.1732924818026552,0.21148532584928248,-0.01602839500920128,-0.03124248117212235,-0.11118001856934534,0.0017583934576513333,1.5384173213895402
0.75,0.3,1.0,0.12,0.72,0.34,0.5,0.5371428571428571,0.42656262034499476,0.6691449814126395,0.6105428796223447,0.0,0.503242542153048,0.776,0.224,0.0,500,11,0,0.027271789158148242,0.1732924818026552,0.21148532584928248,-0.01602839500920128,-0.03124248117212235,-0.11118001856934534,0.0017583934576513333,1.5384173213895402
0.75,0.3,1.0,0.08,0.72,0.34,0.5,0.5371428571428571,0.42656262034499476,0.6691449814126395,0.6105428796223447,0.0,0.503242542153048,0.776,0.224,0.0,500,11,0,0.027271789158148242,0.1732924818026552,0.21148532584928248,-0.01602839500920128,-0.03124248117212235,-0.11118001856934534,0.0017583934576513333,1.5384173213895402
0.75,0.1,1.0,0.04,0.66,0.34,0.25,0.5330612244897959,0.42661551550123383,0.6847545219638242,0.5950920245398773,0.0,0.48258706467661694,0.776,0.224,0.0,500,10,0,0.0266110794292679,0.1732924818026552,0.21148532584928248,-0.01602839500920128,-0.03124248117212235,-0.11118001856934534,0.0017583934576513333,1.5424460588863624
0.75,0.1,1.0,0.12,0.66,0.34,0.25,0.5330612244897959,0.42661551550123383,0.6847545219638242,0.5950920245398773,0.0,0.48258706467661694,0.776,0.224,0.0,500,10,0,0.0266110794292679,0.1732924818026552,0.21148532584928248,-0.01602839500920128,-0.03124248117212235,-0.11118001856934534,0.0017583934576513333,1.5424460588863624
0.75,0.1,1.0,0.08,0.66,0.34,0.25,0.5330612244897959,0.42661551550123383,0.6847545219638242,0.5950920245398773,0.0,0.48258706467661694,0.776,0.224,0.0,500,10,0,0.0266110794292679,0.1732924818026552,0.21148532584928248,-0.01602839500920128,-0.03124248117212235,-0.11118001856934534,0.0017583934576513333,1.5424460588863624
0.75,0.2,1.0,0.12,0.66,0.42,0.5,0.5363265306122449,0.42557883560397336,0.6658446362515413,0.6108918705603789,0.0,0.5045632333767927,0.774,0.226,0.0,500,11,0,0.02732502807081886,0.1732924818026552,0.21148532584928248,-0.01602839500920128,-0.03124248117212235,-0.11118001856934534,0.0017583934576513333,1.544417432661174
0.75,0.2,1.0,0.04,0.66,0.42,0.5,0.5363265306122449,0.42557883560397336,0.6658446362515413,0.6108918705603789,0.0,0.5045632333767927,0.774,0.226,0.0,500,11,0,0.02732502807081886,0.1732924818026552,0.21148532584928248,-0.01602839500920128,-0.03124248117212235,-0.11118001856934534,0.0017583934576513333,1.544417432661174
0.75,0.2,1.0,0.08,0.66,0.42,0.5,0.5363265306122449,0.42557883560397336,0.6658446362515413,0.6108918705603789,0.0,0.5045632333767927,0.774,0.226,0.0,500,11,0,0.02732502807081886,0.1732924818026552,0.21148532584928248,-0.01602839500920128,-0.03124248117212235,-0.11118001856934534,0.0017583934576513333,1.544417432661174
0.75,0.3,1.0,0.08,0.66,0.34,0.5,0.5346938775510204,0.42430076474677786,0.6642066420664207,0.6086956521739131,0.0,0.5032679738562091,0.77,0.23,0.0,500,11,0,0.027358233032534415,0.1732924818026552,0.21148532584928248,-0.01602839500920128,-0.03124248117212235,-0.11118001856934534,0.0017583934576513333,1.5557281565795942
0.75,0.3,1.0,0.04,0.66,0.34,0.5,0.5346938775510204,0.42430076474677786,0.6642066420664207,0.6086956521739131,0.0,0.5032679738562091,0.77,0.23,0.0,500,11,0,0.027358233032534415,0.1732924818026552,0.21148532584928248,-0.01602839500920128,-0.03124248117212235,-0.11118001856934534,0.0017583934576513333,1.5557281565795942
0.75,0.3,1.0,0.12,0.66,0.34,0.5,0.5346938775510204,0.42430076474677786,0.6642066420664207,0.6086956521739131,0.0,0.5032679738562091,0.77,0.23,0.0,500,11,0,0.027358233032534415,0.1732924818026552,0.21148532584928248,-0.01602839500920128,-0.03124248117212235,-0.11118001856934534,0.0017583934576513333,1.5557281565795942
0.75,0.1,1.0,0.08,0.72,0.38,0.25,0.5306122448979592,0.42437436651016563,0.6803594351732991,0.5927636643571979,0.0,0.4818523153942428,0.77,0.23,0.0,500,13,0,0.02662624386665396,0.1732924818026552,0.21148532584928248,-0.01602839500920128,-0.03124248117212235,-0.11118001856934534,0.0017583934576513333,1.5597361874692675
0.75,0.1,1.0,0.12,0.72,0.38,0.25,0.5306122448979592,0.42437436651016563,0.6803594351732991,0.5927636643571979,0.0,0.4818523153942428,0.77,0.23,0.0,500,13,0,0.02662624386665396,0.1732924818026552,0.21148532584928248,-0.01602839500920128,-0.03124248117212235,-0.11118001856934534,0.0017583934576513333,1.5597361874692675
0.75,0.1,1.0,0.04,0.72,0.38,0.25,0.5306122448979592,0.42437436651016563,0.6803594351732991,0.5927636643571979,0.0,0.4818523153942428,0.77,0.23,0.0,500,13,0,0.02662624386665396,0.1732924818026552,0.21148532584928248,-0.01602839500920128,-0.03124248117212235,-0.11118001856934534,0.0017583934576513333,1.5597361874692675
0.75,0.1,1.0,0.08,0.66,0.38,0.25,0.529795918367347,0.4232413468936523,0.6768447837150128,0.5928792569659442,0.0,0.48358585858585856,0.766,0.234,0.0,500,12,0,0.026670163024342584,0.1732924818026552,0.21148532584928248,-0.01602839500920128,-0.03124248117212235,-0.11118001856934534,0.0017583934576513333,1.570085533616393
0.75,0.1,1.0,0.04,0.66,0.38,0.25,0.529795918367347,0.4232413468936523,0.6768447837150128,0.5928792569659442,0.0,0.48358585858585856,0.766,0.234,0.0,500,12,0,0.026670163024342584,0.1732924818026552,0.21148532584928248,-0.01602839500920128,-0.03124248117212235,-0.11118001856934534,0.0017583934576513333,1.570085533616393
0.75,0.1,1.0,0.12,0.66,0.38,0.25,0.529795918367347,0.4232413468936523,0.6768447837150128,0.5928792569659442,0.0,0.48358585858585856,0.766,0.234,0.0,500,12,0,0.026670163024342584,0.1732924818026552,0.21148532584928248,-0.01602839500920128,-0.03124248117212235,-0.11118001856934534,0.0017583934576513333,1.570085533616393
0.75,0.1,1.0,0.08,0.72,0.42,0.25,0.5306122448979592,0.4227267404558017,0.6708385481852316,0.5973416731821736,0.0,0.49037227214377405,0.764,0.236,0.0,500,14,0,0.02673704125569048,0.1732924818026552,0.21148532584928248,-0.01602839500920128,-0.03124248117212235,-0.11118001856934534,0.0017583934576513333,1.5739838135236315
0.75,0.1,1.0,0.04,0.72,0.42,0.25,0.5306122448979592,0.4227267404558017,0.6708385481852316,0.5973416731821736,0.0,0.49037227214377405,0.764,0.236,0.0,500,14,0,0.02673704125569048,0.1732924818026552,0.21148532584928248,-0.01602839500920128,-0.03124248117212235,-0.11118001856934534,0.0017583934576513333,1.5739838135236315
0.75,0.1,1.0,0.12,0.72,0.42,0.25,0.5306122448979592,0.4227267404558017,0.6708385481852316,0.5973416731821736,0.0,0.49037227214377405,0.764,0.236,0.0,500,14,0,0.02673704125569048,0.1732924818026552,0.21148532584928248,-0.01602839500920128,-0.03124248117212235,-0.11118001856934534,0.0017583934576513333,1.5739838135236315
0.75,0.2,1.0,0.04,0.72,0.34,0.25,0.5306122448979592,0.42260302556077206,0.67,0.5978090766823161,0.0,0.4910025706940874,0.764,0.236,0.0,500,13,0,0.026713909809771706,0.1732924818026552,0.21148532584928248,-0.01602839500920128,-0.03124248117212235,-0.11118001856934534,0.0017583934576513333,1.5741075284186612
0.75,0.2,1.0,0.08,0.72,0.34,0.25,0.5306122448979592,0.42260302556077206,0.67,0.5978090766823161,0.0,0.4910025706940874,0.764,0.236,0.0,500,13,0,0.026713909809771706,0.1732924818026552,0.21148532584928248,-0.01602839500920128,-0.03124248117212235,-0.11118001856934534,0.0017583934576513333,1.5741075284186612
0.75,0.2,1.0,0.12,0.72,0.34,0.25,0.5306122448979592,0.42260302556077206,0.67,0.5978090766823161,0.0,0.4910025706940874,0.764,0.236,0.0,500,13,0,0.026713909809771706,0.1732924818026552,0.21148532584928248,-0.01602839500920128,-0.03124248117212235,-0.11118001856934534,0.0017583934576513333,1.5741075284186612
0.75,0.1,1.0,0.12,0.6,0.34,0.25,0.529795918367347,0.42330434554493107,0.6776649746192893,0.5922480620155038,0.0,0.4835443037974684,0.764,0.236,0.0,500,12,0,0.02672652250519972,0.1732924818026552,0.21148532584928248,-0.01602839500920128,-0.03124248117212235,-0.11118001856934534,0.0017583934576513333,1.5742225349651144
0.75,0.1,1.0,0.08,0.6,0.34,0.25,0.529795918367347,0.42330434554493107,0.6776649746192893,0.5922480620155038,0.0,0.4835443037974684,0.764,0.236,0.0,500,12,0,0.02672652250519972,0.1732924818026552,0.21148532584928248,-0.01602839500920128,-0.03124248117212235,-0.11118001856934534,0.0017583934576513333,1.5742225349651144
0.75,0.1,1.0,0.04,0.6,0.34,0.25,0.529795918367347,0.42330434554493107,0.6776649746192893,0.5922480620155038,0.0,0.4835443037974684,0.764,0.236,0.0,500,12,0,0.02672652250519972,0.1732924818026552,0.21148532584928248,-0.01602839500920128,-0.03124248117212235,-0.11118001856934534,0.0017583934576513333,1.5742225349651144
0.75,0.3,1.0,0.12,0.66,0.38,0.5,0.5330612244897959,0.4226165590498754,0.6601941747572816,0.6076555023923444,0.0,0.5053050397877984,0.762,0.238,0.0,500,10,0,0.02748257131534737,0.1732924818026552,0.21148532584928248,-0.01602839500920128,-0.03124248117212235,-0.11118001856934534,0.0017583934576513333,1.5758450153377208
0.75,0.3,1.0,0.08,0.66,0.38,0.5,0.5330612244897959,0.4226165590498754,0.6601941747572816,0.6076555023923444,0.0,0.5053050397877984,0.762,0.238,0.0,500,10,0,0.02748257131534737,0.1732924818026552,0.21148532584928248,-0.01602839500920128,-0.03124248117212235,-0.11118001856934534,0.0017583934576513333,1.5758450153377208
0.75,0.3,1.0,0.04,0.66,0.38,0.5,0.5330612244897959,0.4226165590498754,0.6601941747572816,0.6076555023923444,0.0,0.5053050397877984,0.762,0.238,0.0,500,10,0,0.02748257131534737,0.1732924818026552,0.21148532584928248,-0.01602839500920128,-0.03124248117212235,-0.11118001856934534,0.0017583934576513333,1.5758450153377208
0.75,0.2,1.0,0.04,0.72,0.38,0.25,0.5322448979591837,0.4230127360562143,0.6666666666666666,0.6023715415019762,0.0,0.4980392156862745,0.762,0.238,0.0,500,11,0,0.026766371713569128,0.1732924818026552,0.21148532584928248,-0.01602839500920128,-0.03124248117212235,-0.11118001856934534,0.0017583934576513333,1.5762651648619943
0.75,0.2,1.0,0.12,0.72,0.38,0.25,0.5322448979591837,0.4230127360562143,0.6666666666666666,0.6023715415019762,0.0,0.4980392156862745,0.762,0.238,0.0,500,11,0,0.026766371713569128,0.1732924818026552,0.21148532584928248,-0.01602839500920128,-0.03124248117212235,-0.11118001856934534,0.0017583934576513333,1.5762651648619943
0.75,0.2,1.0,0.08,0.72,0.38,0.25,0.5322448979591837,0.4230127360562143,0.6666666666666666,0.6023715415019762,0.0,0.4980392156862745,0.762,0.238,0.0,500,11,0,0.026766371713569128,0.1732924818026552,0.21148532584928248,-0.01602839500920128,-0.03124248117212235,-0.11118001856934534,0.0017583934576513333,1.5762651648619943
0.75,0.3,1.0,0.04,0.72,0.38,0.5,0.5322448979591837,0.4220184315609486,0.6593673965936739,0.606687898089172,0.0,0.503968253968254,0.762,0.238,0.0,500,10,0,0.027398907251820967,0.1732924818026552,0.21148532584928248,-0.01602839500920128,-0.03124248117212235,-0.11118001856934534,0.0017583934576513333,1.5772594693572601
0.75,0.3,1.0,0.12,0.72,0.38,0.5,0.5322448979591837,0.4220184315609486,0.6593673965936739,0.606687898089172,0.0,0.503968253968254,0.762,0.238,0.0,500,10,0,0.027398907251820967,0.1732924818026552,0.21148532584928248,-0.01602839500920128,-0.03124248117212235,-0.11118001856934534,0.0017583934576513333,1.5772594693572601
0.75,0.3,1.0,0.08,0.72,0.38,0.5,0.5322448979591837,0.4220184315609486,0.6593673965936739,0.606687898089172,0.0,0.503968253968254,0.762,0.238,0.0,500,10,0,0.027398907251820967,0.1732924818026552,0.21148532584928248,-0.01602839500920128,-0.03124248117212235,-0.11118001856934534,0.0017583934576513333,1.5772594693572601
0.75,0.2,1.0,0.12,0.66,0.34,0.25,0.5306122448979592,0.4220648658099484,0.6666666666666666,0.5995279307631786,0.0,0.49416342412451364,0.762,0.238,0.0,500,11,0,0.026755575247235014,0.1732924818026552,0.21148532584928248,-0.01602839500920128,-0.03124248117212235,-0.11118001856934534,0.0017583934576513333,1.5788456881694846
0.75,0.2,1.0,0.08,0.66,0.34,0.25,0.5306122448979592,0.4220648658099484,0.6666666666666666,0.5995279307631786,0.0,0.49416342412451364,0.762,0.238,0.0,500,11,0,0.026755575247235014,0.1732924818026552,0.21148532584928248,-0.01602839500920128,-0.03124248117212235,-0.11118001856934534,0.0017583934576513333,1.5788456881694846
0.75,0.2,1.0,0.04,0.66,0.34,0.25,0.5306122448979592,0.4220648658099484,0.6666666666666666,0.5995279307631786,0.0,0.49416342412451364,0.762,0.238,0.0,500,11,0,0.026755575247235014,0.1732924818026552,0.21148532584928248,-0.01602839500920128,-0.03124248117212235,-0.11118001856934534,0.0017583934576513333,1.5788456881694846
0.75,0.1,1.0,0.12,0.66,0.42,0.25,0.5306122448979592,0.4218304515493059,0.6650185414091471,0.6004728132387707,0.0,0.49544863459037713,0.762,0.238,0.0,500,11,0,0.026780193840144156,0.1732924818026552,0.21148532584928248,-0.01602839500920128,-0.03124248117212235,-0.11118001856934534,0.0017583934576513333,1.579080102430127
0.75,0.1,1.0,0.04,0.66,0.42,0.25,0.5306122448979592,0.4218304515493059,0.6650185414091471,0.6004728132387707,0.0,0.49544863459037713,0.762,0.238,0.0,500,11,0,0.026780193840144156,0.1732924818026552,0.21148532584928248,-0.01602839500920128,-0.03124248117212235,-0.11118001856934534,0.0017583934576513333,1.579080102430127
0.75,0.1,1.0,0.08,0.66,0.42,0.25,0.5306122448979592,0.4218304515493059,0.6650185414091471,0.6004728132387707,0.0,0.49544863459037713,0.762,0.238,0.0,500,11,0,0.026780193840144156,0.1732924818026552,0.21148532584928248,-0.01602839500920128,-0.03124248117212235,-0.11118001856934534,0.0017583934576513333,1.579080102430127
0.75,0.1,1.0,0.04,0.6,0.38,0.25,0.529795918367347,0.4217146484994994,0.6674968866749689,0.5976470588235294,0.0,0.4916129032258065,0.762,0.238,0.0,500,13,0,0.026784521348309408,0.1732924818026552,0.21148532584928248,-0.01602839500920128,-0.03124248117212235,-0.11118001856934534,0.0017583934576513333,1.580012232010546
0.75,0.1,1.0,0.12,0.6,0.38,0.25,0.529795918367347,0.4217146484994994,0.6674968866749689,0.5976470588235294,0.0,0.4916129032258065,0.762,0.238,0.0,500,13,0,0.026784521348309408,0.1732924818026552,0.21148532584928248,-0.01602839500920128,-0.03124248117212235,-0.11118001856934534,0.0017583934576513333,1.580012232010546
0.75,0.1,1.0,0.08,0.6,0.38,0.25,0.529795918367347,0.4217146484994994,0.6674968866749689,0.5976470588235294,0.0,0.4916129032258065,0.762,0.238,0.0,500,13,0,0.026784521348309408,0.1732924818026552,0.21148532584928248,-0.01602839500920128,-0.03124248117212235,-0.11118001856934534,0.0017583934576513333,1.580012232010546
0.75,0.2,1.0,0.12,0.6,0.42,0.5,0.5322448979591837,0.42197941102969033,0.6593939393939394,0.6065442936951316,0.0,0.5046480743691899,0.76,0.24,0.0,500,10,0,0.0275511595106411,0.1732924818026552,0.21148532584928248,-0.01602839500920128,-0.03124248117212235,-0.11118001856934534,0.0017583934576513333,1.581498489888518
0.75,0.2,1.0,0.08,0.6,0.42,0.5,0.5322448979591837,0.42197941102969033,0.6593939393939394,0.6065442936951316,0.0,0.5046480743691899,0.76,0.24,0.0,500,10,0,0.0275511595106411,0.1732924818026552,0.21148532584928248,-0.01602839500920128,-0.03124248117212235,-0.11118001856934534,0.0017583934576513333,1.581498489888518
0.75,0.2,1.0,0.04,0.6,0.42,0.5,0.5322448979591837,0.42197941102969033,0.6593939393939394,0.6065442936951316,0.0,0.5046480743691899,0.76,0.24,0.0,500,10,0,0.0275511595106411,0.1732924818026552,0.21148532584928248,-0.01602839500920128,-0.03124248117212235,-0.11118001856934534,0.0017583934576513333,1.581498489888518
0.75,0.3,1.0,0.04,0.6,0.34,0.5,0.5322448979591837,0.42187479854669974,0.6585956416464891,0.6070287539936102,0.0,0.5053191489361702,0.76,0.24,0.0,500,10,0,0.02756864162702481,0.1732924818026552,0.21148532584928248,-0.01602839500920128,-0.03124248117212235,-0.11118001856934534,0.0017583934576513333,1.5816031023715085
0.75,0.3,1.0,0.12,0.6,0.34,0.5,0.5322448979591837,0.42187479854669974,0.6585956416464891,0.6070287539936102,0.0,0.5053191489361702,0.76,0.24,0.0,500,10,0,0.02756864162702481,0.1732924818026552,0.21148532584928248,-0.01602839500920128,-0.03124248117212235,-0.11118001856934534,0.0017583934576513333,1.5816031023715085
0.75,0.3,1.0,0.08,0.6,0.34,0.5,0.5322448979591837,0.42187479854669974,0.6585956416464891,0.6070287539936102,0.0,0.5053191489361702,0.76,0.24,0.0,500,10,0,0.02756864162702481,0.1732924818026552,0.21148532584928248,-0.01602839500920128,-0.03124248117212235,-0.11118001856934534,0.0017583934576513333,1.5816031023715085
0.75,0.2,1.0,0.12,0.66,0.38,0.25,0.5306122448979592,0.42161653356535433,0.6642156862745098,0.6006339144215531,0.0,0.4973753280839895,0.758,0.242,0.0,500,11,0,0.02680603468408485,0.1732924818026552,0.21148532584928248,-0.01602839500920128,-0.03124248117212235,-0.11118001856934534,0.0017583934576513333,1.5876940204140786
0.75,0.2,1.0,0.04,0.66,0.38,0.25,0.5306122448979592,0.42161653356535433,0.6642156862745098,0.6006339144215531,0.0,0.4973753280839895,0.758,0.242,0.0,500,11,0,0.02680603468408485,0.1732924818026552,0.21148532584928248,-0.01602839500920128,-0.03124248117212235,-0.11118001856934534,0.0017583934576513333,1.5876940204140786
0.75,0.2,1.0,0.08,0.66,0.38,0.25,0.5306122448979592,0.42161653356535433,0.6642156862745098,0.6006339144215531,0.0,0.4973753280839895,0.758,0.242,0.0,500,11,0,0.02680603468408485,0.1732924818026552,0.21148532584928248,-0.01602839500920128,-0.03124248117212235,-0.11118001856934534,0.0017583934576513333,1.5876940204140786
0.75,0.3,1.0,0.04,0.72,0.42,0.5,0.5314285714285715,0.42120018535681186,0.6578313253012048,0.6057692307692307,0.0,0.5053475935828877,0.756,0.244,0.0,500,10,0,0.027619151646073717,0.1732924818026552,0.21148532584928248,-0.01602839500920128,-0.03124248117212235,-0.11118001856934534,0.0017583934576513333,1.5914940420920087
0.75,0.3,1.0,0.08,0.72,0.42,0.5,0.5314285714285715,0.42120018535681186,0.6578313253012048,0.6057692307692307,0.0,0.5053475935828877,0.756,0.244,0.0,500,10,0,0.027619151646073717,0.1732924818026552,0.21148532584928248,-0.01602839500920128,-0.03124248117212235,-0.11118001856934534,0.0017583934576513333,1.5914940420920087
0.75,0.3,1.0,0.12,0.72,0.42,0.5,0.5314285714285715,0.42120018535681186,0.6578313253012048,0.6057692307692307,0.0,0.5053475935828877,0.756,0.244,0.0,500,10,0,0.027619151646073717,0.1732924818026552,0.21148532584928248,-0.01602839500920128,-0.03124248117212235,-0.11118001856934534,0.0017583934576513333,1.5914940420920087
0.75,0.2,1.0,0.08,0.6,0.34,0.25,0.529795918367347,0.42108827154739337,0.6642156862745098,0.5990491283676703,0.0,0.49606299212598426,0.756,0.244,0.0,500,11,0,0.026859650156554414,0.1732924818026552,0.21148532584928248,-0.01602839500920128,-0.03124248117212235,-0.11118001856934534,0.0017583934576513333,1.593238608962652
0.75,0.2,1.0,0.04,0.6,0.34,0.25,0.529795918367347,0.42108827154739337,0.6642156862745098,0.5990491283676703,0.0,0.49606299212598426,0.756,0.244,0.0,500,11,0,0.026859650156554414,0.1732924818026552,0.21148532584928248,-0.01602839500920128,-0.03124248117212235,-0.11118001856934534,0.0017583934576513333,1.593238608962652
0.75,0.2,1.0,0.12,0.6,0.34,0.25,0.529795918367347,0.42108827154739337,0.6642156862745098,0.5990491283676703,0.0,0.49606299212598426,0.756,0.244,0.0,500,11,0,0.026859650156554414,0.1732924818026552,0.21148532584928248,-0.01602839500920128,-0.03124248117212235,-0.11118001856934534,0.0017583934576513333,1.593238608962652
0.75,0.1,1.0,0.04,0.6,0.42,0.25,0.529795918367347,0.42086389568052157,0.6625916870415648,0.6,0.0,0.49736842105263157,0.756,0.244,0.0,500,11,0,0.02688690459783456,0.1732924818026552,0.21148532584928248,-0.01602839500920128,-0.03124248117212235,-0.11118001856934534,0.0017583934576513333,1.5934629848295236
0.75,0.1,1.0,0.12,0.6,0.42,0.25,0.529795918367347,0.42086389568052157,0.6625916870415648,0.6,0.0,0.49736842105263157,0.756,0.244,0.0,500,11,0,0.02688690459783456,0.1732924818026552,0.21148532584928248,-0.01602839500920128,-0.03124248117212235,-0.11118001856934534,0.0017583934576513333,1.5934629848295236
0.75,0.1,1.0,0.08,0.6,0.42,0.25,0.529795918367347,0.42086389568052157,0.6625916870415648,0.6,0.0,0.49736842105263157,0.756,0.244,0.0,500,11,0,0.02688690459783456,0.1732924818026552,0.21148532584928248,-0.01602839500920128,-0.03124248117212235,-0.11118001856934534,0.0017583934576513333,1.5934629848295236
0.75,0.3,1.0,0.04,0.6,0.38,0.5,0.5306122448979592,0.42066599732262383,0.6578313253012048,0.6041666666666666,0.0,0.5040106951871658,0.754,0.246,0.0,500,10,0,0.027684956265074466,0.1732924818026552,0.21148532584928248,-0.01602839500920128,-0.03124248117212235,-0.11118001856934534,0.0017583934576513333,1.5970445566568092
0.75,0.3,1.0,0.08,0.6,0.38,0.5,0.5306122448979592,0.42066599732262383,0.6578313253012048,0.6041666666666666,0.0,0.5040106951871658,0.754,0.246,0.0,500,10,0,0.027684956265074466,0.1732924818026552,0.21148532584928248,-0.01602839500920128,-0.03124248117212235,-0.11118001856934534,0.0017583934576513333,1.5970445566568092
0.75,0.3,1.0,0.12,0.6,0.38,0.5,0.5306122448979592,0.42066599732262383,0.6578313253012048,0.6041666666666666,0.0,0.5040106951871658,0.754,0.246,0.0,500,10,0,0.027684956265074466,0.1732924818026552,0.21148532584928248,-0.01602839500920128,-0.03124248117212235,-0.11118001856934534,0.0017583934576513333,1.5970445566568092
0.75,0.3,1.0,0.08,0.66,0.42,0.5,0.5306122448979592,0.4205636246606778,0.6570397111913358,0.6046511627906976,0.0,0.5046854082998661,0.754,0.246,0.0,500,10,0,0.027696281764789433,0.1732924818026552,0.21148532584928248,-0.01602839500920128,-0.03124248117212235,-0.11118001856934534,0.0017583934576513333,1.597146929318755
0.75,0.3,1.0,0.12,0.66,0.42,0.5,0.5306122448979592,0.4205636246606778,0.6570397111913358,0.6046511627906976,0.0,0.5046854082998661,0.754,0.246,0.0,500,10,0,0.027696281764789433,0.1732924818026552,0.21148532584928248,-0.01602839500920128,-0.03124248117212235,-0.11118001856934534,0.0017583934576513333,1.597146929318755
0.75,0.3,1.0,0.04,0.66,0.42,0.5,0.5306122448979592,0.4205636246606778,0.6570397111913358,0.6046511627906976,0.0,0.5046854082998661,0.754,0.246,0.0,500,10,0,0.027696281764789433,0.1732924818026552,0.21148532584928248,-0.01602839500920128,-0.03124248117212235,-0.11118001856934534,0.0017583934576513333,1.597146929318755
0.75,0.2,1.0,0.08,0.72,0.42,0.25,0.5281632653061225,0.4190431046296968,0.656969696969697,0.6001596169193935,0.0,0.49933598937583,0.752,0.248,0.0,500,12,0,0.026857041237863588,0.1732924818026552,0.21148532584928248,-0.01602839500920128,-0.03124248117212235,-0.11118001856934534,0.0017583934576513333,1.605316428941573
0.75,0.2,1.0,0.12,0.72,0.42,0.25,0.5281632653061225,0.4190431046296968,0.656969696969697,0.6001596169193935,0.0,0.49933598937583,0.752,0.248,0.0,500,12,0,0.026857041237863588,0.1732924818026552,0.21148532584928248,-0.01602839500920128,-0.03124248117212235,-0.11118001856934534,0.0017583934576513333,1.605316428941573
0.75,0.2,1.0,0.04,0.72,0.42,0.25,0.5281632653061225,0.4190431046296968,0.656969696969697,0.6001596169193935,0.0,0.49933598937583,0.752,0.248,0.0,500,12,0,0.026857041237863588,0.1732924818026552,0.21148532584928248,-0.01602839500920128,-0.03124248117212235,-0.11118001856934534,0.0017583934576513333,1.605316428941573
0.75,0.3,1.0,0.08,0.6,0.42,0.5,0.5289795918367347,0.4190545846485488,0.6539379474940334,0.603225806451613,0.0,0.5054054054054054,0.748,0.252,0.0,500,11,0,0.02788245478141783,0.1732924818026552,0.21148532584928248,-0.01602839500920128,-0.03124248117212235,-0.11118001856934534,0.0017583934576513333,1.6128886223921086
0.75,0.3,1.0,0.12,0.6,0.42,0.5,0.5289795918367347,0.4190545846485488,0.6539379474940334,0.603225806451613,0.0,0.5054054054054054,0.748,0.252,0.0,500,11,0,0.02788245478141783,0.1732924818026552,0.21148532584928248,-0.01602839500920128,-0.03124248117212235,-0.11118001856934534,0.0017583934576513333,1.6128886223921086
0.75,0.3,1.0,0.04,0.6,0.42,0.5,0.5289795918367347,0.4190545846485488,0.6539379474940334,0.603225806451613,0.0,0.5054054054054054,0.748,0.252,0.0,500,11,0,0.02788245478141783,0.1732924818026552,0.21148532584928248,-0.01602839500920128,-0.03124248117212235,-0.11118001856934534,0.0017583934576513333,1.6128886223921086
0.75,0.3,1.0,0.04,0.72,0.34,0.25,0.5265306122448979,0.41797899183374043,0.656969696969697,0.5969672785315243,0.0,0.49667994687915007,0.748,0.252,0.0,500,11,0,0.026855549903779297,0.1732924818026552,0.21148532584928248,-0.01602839500920128,-0.03124248117212235,-0.11118001856934534,0.0017583934576513333,1.616413194798754
0.75,0.3,1.0,0.08,0.72,0.34,0.25,0.5265306122448979,0.41797899183374043,0.656969696969697,0.5969672785315243,0.0,0.49667994687915007,0.748,0.252,0.0,500,11,0,0.026855549903779297,0.1732924818026552,0.21148532584928248,-0.01602839500920128,-0.03124248117212235,-0.11118001856934534,0.0017583934576513333,1.616413194798754
0.75,0.3,1.0,0.12,0.72,0.34,0.25,0.5265306122448979,0.41797899183374043,0.656969696969697,0.5969672785315243,0.0,0.49667994687915007,0.748,0.252,0.0,500,11,0,0.026855549903779297,0.1732924818026552,0.21148532584928248,-0.01602839500920128,-0.03124248117212235,-0.11118001856934534,0.0017583934576513333,1.616413194798754
0.75,0.2,1.0,0.04,0.6,0.38,0.25,0.5257142857142857,0.41734032650261604,0.6561743341404358,0.5958466453674122,0.0,0.49601063829787234,0.746,0.254,0.0,500,11,0,0.026904940486968898,0.1732924818026552,0.21148532584928248,-0.01602839500920128,-0.03124248117212235,-0.11118001856934534,0.0017583934576513333,1.6220681866604905
0.75,0.2,1.0,0.08,0.6,0.38,0.25,0.5257142857142857,0.41734032650261604,0.6561743341404358,0.5958466453674122,0.0,0.49601063829787234,0.746,0.254,0.0,500,11,0,0.026904940486968898,0.1732924818026552,0.21148532584928248,-0.01602839500920128,-0.03124248117212235,-0.11118001856934534,0.0017583934576513333,1.6220681866604905
0.75,0.2,1.0,0.12,0.6,0.38,0.25,0.5257142857142857,0.41734032650261604,0.6561743341404358,0.5958466453674122,0.0,0.49601063829787234,0.746,0.254,0.0,500,11,0,0.026904940486968898,0.1732924818026552,0.21148532584928248,-0.01602839500920128,-0.03124248117212235,-0.11118001856934534,0.0017583934576513333,1.6220681866604905
0.75,0.2,1.0,0.08,0.66,0.42,0.25,0.5248979591836734,0.41638863144887245,0.653012048192771,0.5961538461538461,0.0,0.49732620320855614,0.744,0.256,0.0,500,11,0,0.02689317268273752,0.1732924818026552,0.21148532584928248,-0.01602839500920128,-0.03124248117212235,-0.11118001856934534,0.0017583934576513333,1.6280362082448465
0.75,0.2,1.0,0.04,0.66,0.42,0.25,0.5248979591836734,0.41638863144887245,0.653012048192771,0.5961538461538461,0.0,0.49732620320855614,0.744,0.256,0.0,500,11,0,0.02689317268273752,0.1732924818026552,0.21148532584928248,-0.01602839500920128,-0.03124248117212235,-0.11118001856934534,0.0017583934576513333,1.6280362082448465
0.75,0.2,1.0,0.12,0.66,0.42,0.25,0.5248979591836734,0.41638863144887245,0.653012048192771,0.5961538461538461,0.0,0.49732620320855614,0.744,0.256,0.0,500,11,0,0.02689317268273752,0.1732924818026552,0.21148532584928248,-0.01602839500920128,-0.03124248117212235,-0.11118001856934534,0.0017583934576513333,1.6280362082448465
0.75,0.3,1.0,0.04,0.66,0.34,0.25,0.5240816326530612,0.41575143360511274,0.6522262334536703,0.595028067361668,0.0,0.4966532797858099,0.742,0.258,0.0,500,11,0,0.026889893453828376,0.1732924818026552,0.21148532584928248,-0.01602839500920128,-0.03124248117212235,-0.11118001856934534,0.0017583934576513333,1.6336897326192183
0.75,0.3,1.0,0.08,0.66,0.34,0.25,0.5240816326530612,0.41575143360511274,0.6522262334536703,0.595028067361668,0.0,0.4966532797858099,0.742,0.258,0.0,500,11,0,0.026889893453828376,0.1732924818026552,0.21148532584928248,-0.01602839500920128,-0.03124248117212235,-0.11118001856934534,0.0017583934576513333,1.6336897326192183
0.75,0.3,1.0,0.12,0.66,0.34,0.25,0.5240816326530612,0.41575143360511274,0.6522262334536703,0.595028067361668,0.0,0.4966532797858099,0.742,0.258,0.0,500,11,0,0.026889893453828376,0.1732924818026552,0.21148532584928248,-0.01602839500920128,-0.03124248117212235,-0.11118001856934534,0.0017583934576513333,1.6336897326192183
0.75,0.2,1.0,0.12,0.6,0.42,0.25,0.5240816326530612,0.4156102918860589,0.651497005988024,0.5953338696701529,0.0,0.4979811574697174,0.74,0.26,0.0,500,10,0,0.02698254041458899,0.1732924818026552,0.21148532584928248,-0.01602839500920128,-0.03124248117212235,-0.11118001856934534,0.0017583934576513333,1.6380308743382719
0.75,0.2,1.0,0.04,0.6,0.42,0.25,0.5240816326530612,0.4156102918860589,0.651497005988024,0.5953338696701529,0.0,0.4979811574697174,0.74,0.26,0.0,500,10,0,0.02698254041458899,0.1732924818026552,0.21148532584928248,-0.01602839500920128,-0.03124248117212235,-0.11118001856934534,0.0017583934576513333,1.6380308743382719
0.75,0.2,1.0,0.08,0.6,0.42,0.25,0.5240816326530612,0.4156102918860589,0.651497005988024,0.5953338696701529,0.0,0.4979811574697174,0.74,0.26,0.0,500,10,0,0.02698254041458899,0.1732924818026552,0.21148532584928248,-0.01602839500920128,-0.03124248117212235,-0.11118001856934534,0.0017583934576513333,1.6380308743382719
0.75,0.3,1.0,0.12,0.66,0.38,0.25,0.5240816326530612,0.4155103026193796,0.6507177033492823,0.5958132045088567,0.0,0.49865229110512127,0.74,0.26,0.0,500,10,0,0.026926511011006713,0.1732924818026552,0.21148532584928248,-0.01602839500920128,-0.03124248117212235,-0.11118001856934534,0.0017583934576513333,1.6381308636049512
0.75,0.3,1.0,0.08,0.66,0.38,0.25,0.5240816326530612,0.4155103026193796,0.6507177033492823,0.5958132045088567,0.0,0.49865229110512127,0.74,0.26,0.0,500,10,0,0.026926511011006713,0.1732924818026552,0.21148532584928248,-0.01602839500920128,-0.03124248117212235,-0.11118001856934534,0.0017583934576513333,1.6381308636049512
0.75,0.3,1.0,0.04,0.66,0.38,0.25,0.5240816326530612,0.4155103026193796,0.6507177033492823,0.5958132045088567,0.0,0.49865229110512127,0.74,0.26,0.0,500,10,0,0.026926511011006713,0.1732924818026552,0.21148532584928248,-0.01602839500920128,-0.03124248117212235,-0.11118001856934534,0.0017583934576513333,1.6381308636049512
0.75,0.3,1.0,0.04,0.6,0.34,0.25,0.5240816326530612,0.4154111915629249,0.6499402628434886,0.5962933118452861,0.0,0.4993252361673414,0.74,0.26,0.0,500,11,0,0.026973813401620843,0.1732924818026552,0.21148532584928248,-0.01602839500920128,-0.03124248117212235,-0.11118001856934534,0.0017583934576513333,1.638229974661406
0.75,0.3,1.0,0.08,0.6,0.34,0.25,0.5240816326530612,0.4154111915629249,0.6499402628434886,0.5962933118452861,0.0,0.4993252361673414,0.74,0.26,0.0,500,11,0,0.026973813401620843,0.1732924818026552,0.21148532584928248,-0.01602839500920128,-0.03124248117212235,-0.11118001856934534,0.0017583934576513333,1.638229974661406
0.75,0.3,1.0,0.12,0.6,0.34,0.25,0.5240816326530612,0.4154111915629249,0.6499402628434886,0.5962933118452861,0.0,0.4993252361673414,0.74,0.26,0.0,500,11,0,0.026973813401620843,0.1732924818026552,0.21148532584928248,-0.01602839500920128,-0.03124248117212235,-0.11118001856934534,0.0017583934576513333,1.638229974661406
0.75,0.3,1.0,0.12,0.72,0.42,0.25,0.5240816326530612,0.4152155976967597,0.6483909415971395,0.5972558514931396,0.0,0.5006765899864682,0.74,0.26,0.0,500,11,0,0.02696110605247508,0.1732924818026552,0.21148532584928248,-0.01602839500920128,-0.03124248117212235,-0.11118001856934534,0.0017583934576513333,1.6384255685275713
0.75,0.3,1.0,0.08,0.72,0.42,0.25,0.5240816326530612,0.4152155976967597,0.6483909415971395,0.5972558514931396,0.0,0.5006765899864682,0.74,0.26,0.0,500,11,0,0.02696110605247508,0.1732924818026552,0.21148532584928248,-0.01602839500920128,-0.03124248117212235,-0.11118001856934534,0.0017583934576513333,1.6384255685275713
0.75,0.3,1.0,0.04,0.72,0.42,0.25,0.5240816326530612,0.4152155976967597,0.6483909415971395,0.5972558514931396,0.0,0.5006765899864682,0.74,0.26,0.0,500,11,0,0.02696110605247508,0.1732924818026552,0.21148532584928248,-0.01602839500920128,-0.03124248117212235,-0.11118001856934534,0.0017583934576513333,1.6384255685275713
0.75,0.3,1.0,0.12,0.72,0.38,0.25,0.5232653061224489,0.41491180046316645,0.6498800959232613,0.594855305466238,0.0,0.49731182795698925,0.74,0.26,0.0,500,10,0,0.026893905124165743,0.1732924818026552,0.21148532584928248,-0.01602839500920128,-0.03124248117212235,-0.11118001856934534,0.0017583934576513333,1.6395456922917766
0.75,0.3,1.0,0.04,0.72,0.38,0.25,0.5232653061224489,0.41491180046316645,0.6498800959232613,0.594855305466238,0.0,0.49731182795698925,0.74,0.26,0.0,500,10,0,0.026893905124165743,0.1732924818026552,0.21148532584928248,-0.01602839500920128,-0.03124248117212235,-0.11118001856934534,0.0017583934576513333,1.6395456922917766
0.75,0.3,1.0,0.08,0.72,0.38,0.25,0.5232653061224489,0.41491180046316645,0.6498800959232613,0.594855305466238,0.0,0.49731182795698925,0.74,0.26,0.0,500,10,0,0.026893905124165743,0.1732924818026552,0.21148532584928248,-0.01602839500920128,-0.03124248117212235,-0.11118001856934534,0.0017583934576513333,1.6395456922917766
0.75,0.3,1.0,0.12,0.66,0.42,0.25,0.5232653061224489,0.41458060876477676,0.6476190476190476,0.5961227786752827,0.0,0.5,0.738,0.262,0.0,500,11,0,0.02699150826605963,0.1732924818026552,0.21148532584928248,-0.01602839500920128,-0.03124248117212235,-0.11118001856934534,0.0017583934576513333,1.6440768839901665
0.75,0.3,1.0,0.04,0.66,0.42,0.25,0.5232653061224489,0.41458060876477676,0.6476190476190476,0.5961227786752827,0.0,0.5,0.738,0.262,0.0,500,11,0,0.02699150826605963,0.1732924818026552,0.21148532584928248,-0.01602839500920128,-0.03124248117212235,-0.11118001856934534,0.0017583934576513333,1.6440768839901665
0.75,0.3,1.0,0.08,0.66,0.42,0.25,0.5232653061224489,0.41458060876477676,0.6476190476190476,0.5961227786752827,0.0,0.5,0.738,0.262,0.0,500,11,0,0.02699150826605963,0.1732924818026552,0.21148532584928248,-0.01602839500920128,-0.03124248117212235,-0.11118001856934534,0.0017583934576513333,1.6440768839901665
0.75,0.3,1.0,0.12,0.6,0.38,0.25,0.5232653061224489,0.4144845593538637,0.6468489892984542,0.5966046887631367,0.0,0.5006784260515604,0.738,0.262,0.0,500,11,0,0.027006919906010108,0.1732924818026552,0.21148532584928248,-0.01602839500920128,-0.03124248117212235,-0.11118001856934534,0.0017583934576513333,1.6441729334010797
0.75,0.3,1.0,0.08,0.6,0.38,0.25,0.5232653061224489,0.4144845593538637,0.6468489892984542,0.5966046887631367,0.0,0.5006784260515604,0.738,0.262,0.0,500,11,0,0.027006919906010108,0.1732924818026552,0.21148532584928248,-0.01602839500920128,-0.03124248117212235,-0.11118001856934534,0.0017583934576513333,1.6441729334010797
0.75,0.3,1.0,0.04,0.6,0.38,0.25,0.5232653061224489,0.4144845593538637,0.6468489892984542,0.5966046887631367,0.0,0.5006784260515604,0.738,0.262,0.0,500,11,0,0.027006919906010108,0.1732924818026552,0.21148532584928248,-0.01602839500920128,-0.03124248117212235,-0.11118001856934534,0.0017583934576513333,1.6441729334010797
0.75,0.3,1.0,0.04,0.6,0.42,0.25,0.5208163265306123,0.4119164970177507,0.639344262295082,0.5964052287581699,0.0,0.5041436464088398,0.73,0.27,0.0,500,11,0,0.027066403106679994,0.1732924818026552,0.21148532584928248,-0.01602839500920128,-0.03124248117212235,-0.11118001856934534,0.0017583934576513333,1.6659899753290295
0.75,0.3,1.0,0.08,0.6,0.42,0.25,0.5208163265306123,0.4119164970177507,0.639344262295082,0.5964052287581699,0.0,0.5041436464088398,0.73,0.27,0.0,500,11,0,0.027066403106679994,0.1732924818026552,0.21148532584928248,-0.01602839500920128,-0.03124248117212235,-0.11118001856934534,0.0017583934576513333,1.6659899753290295
0.75,0.3,1.0,0.12,0.6,0.42,0.25,0.5208163265306123,0.4119164970177507,0.639344262295082,0.5964052287581699,0.0,0.5041436464088398,0.73,0.27,0.0,500,11,0,0.027066403106679994,0.1732924818026552,0.21148532584928248,-0.01602839500920128,-0.03124248117212235,-0.11118001856934534,0.0017583934576513333,1.6659899753290295
