eta,fine_weight,temperature,mid_floor,late_tau,early_tau,order_blend,val_Acc,val_Macro_F1,val_E_F1,val_M_F1,val_L_F1,val_M_Pre,val_M_Rec,val_M_to_E,val_M_to_L,val_n_middle_true,val_Rev,val_Jump,val_Smooth,val_q_MAE,val_q_RMSE,val_q_R2,val_Spearman,val_Pearson,val_q_Smooth,val_score
0.55,0.1,1.0,0.04,0.6,0.38,0.25,0.6976897689768977,0.6625858710591096,0.8704402515723271,0.7220873786407767,0.39522998296422485,0.5682903533906399,0.9900166389351082,0.009983361064891847,0.0,601,3,0,0.0139177153661494,0.1031536237584374,0.1476720704294282,0.4816512456118054,0.8513087847072269,0.8032819626482017,0.0029826478420781994,0.6828402287646799
0.55,0.1,1.0,0.08,0.6,0.38,0.25,0.6976897689768977,0.6625858710591096,0.8704402515723271,0.7220873786407767,0.39522998296422485,0.5682903533906399,0.9900166389351082,0.009983361064891847,0.0,601,3,0,0.0139177153661494,0.1031536237584374,0.1476720704294282,0.4816512456118054,0.8513087847072269,0.8032819626482017,0.0029826478420781994,0.6828402287646799
0.55,0.1,1.0,0.12,0.6,0.38,0.25,0.6976897689768977,0.6625858710591096,0.8704402515723271,0.7220873786407767,0.39522998296422485,0.5682903533906399,0.9900166389351082,0.009983361064891847,0.0,601,3,0,0.0139177153661494,0.1031536237584374,0.1476720704294282,0.4816512456118054,0.8513087847072269,0.8032819626482017,0.0029826478420781994,0.6828402287646799
0.55,0.1,1.0,0.08,0.6,0.38,0.5,0.693069306930693,0.6577828778232787,0.8611464968152867,0.7197106690777577,0.3924914675767918,0.5642722117202268,0.9933444259567388,0.0066555740432612314,0.0,601,2,0,0.012747931731431409,0.1031536237584374,0.1476720704294282,0.4816512456118054,0.8513087847072269,0.8032819626482017,0.0029826478420781994,0.685275331301291
0.55,0.1,1.0,0.04,0.6,0.38,0.5,0.693069306930693,0.6577828778232787,0.8611464968152867,0.7197106690777577,0.3924914675767918,0.5642722117202268,0.9933444259567388,0.0066555740432612314,0.0,601,2,0,0.012747931731431409,0.1031536237584374,0.1476720704294282,0.4816512456118054,0.8513087847072269,0.8032819626482017,0.0029826478420781994,0.685275331301291
0.55,0.1,1.0,0.12,0.6,0.38,0.5,0.693069306930693,0.6577828778232787,0.8611464968152867,0.7197106690777577,0.3924914675767918,0.5642722117202268,0.9933444259567388,0.0066555740432612314,0.0,601,2,0,0.012747931731431409,0.1031536237584374,0.1476720704294282,0.4816512456118054,0.8513087847072269,0.8032819626482017,0.0029826478420781994,0.685275331301291
0.55,0.2,1.0,0.08,0.6,0.38,0.5,0.695049504950495,0.659216294828246,0.8685857321652065,0.7193195625759417,0.38974358974358975,0.5665071770334928,0.9850249584026622,0.014975041597337771,0.0,601,3,0,0.012583131816321168,0.1031536237584374,0.1476720704294282,0.4816512456118054,0.8513087847072269,0.8032819626482017,0.0029826478420781994,0.6993325981400825
0.55,0.2,1.0,0.04,0.6,0.38,0.5,0.695049504950495,0.659216294828246,0.8685857321652065,0.7193195625759417,0.38974358974358975,0.5665071770334928,0.9850249584026622,0.014975041597337771,0.0,601,3,0,0.012583131816321168,0.1031536237584374,0.1476720704294282,0.4816512456118054,0.8513087847072269,0.8032819626482017,0.0029826478420781994,0.6993325981400825
0.55,0.2,1.0,0.12,0.6,0.38,0.5,0.695049504950495,0.659216294828246,0.8685857321652065,0.7193195625759417,0.38974358974358975,0.5665071770334928,0.9850249584026622,0.014975041597337771,0.0,601,3,0,0.012583131816321168,0.1031536237584374,0.1476720704294282,0.4816512456118054,0.8513087847072269,0.8032819626482017,0.0029826478420781994,0.6993325981400825
0.55,0.1,1.2,0.12,0.6,0.42,0.25,0.6838283828382838,0.643588515188957,0.8575096277278562,0.714370900417412,0.3588850174216028,0.5566914498141264,0.9966722129783694,0.0033277870216306157,0.0,601,5,0,0.01314247815601792,0.1031536237584374,0.1476720704294282,0.4816512456118054,0.8513087847072269,0.8032819626482017,0.0029826478420781994,0.7017222652825977
0.55,0.1,1.2,0.08,0.6,0.42,0.25,0.6838283828382838,0.643588515188957,0.8575096277278562,0.714370900417412,0.3588850174216028,0.5566914498141264,0.9966722129783694,0.0033277870216306157,0.0,601,5,0,0.01314247815601792,0.1031536237584374,0.1476720704294282,0.4816512456118054,0.8513087847072269,0.8032819626482017,0.0029826478420781994,0.7017222652825977
0.55,0.1,1.2,0.04,0.6,0.42,0.25,0.6838283828382838,0.643588515188957,0.8575096277278562,0.714370900417412,0.3588850174216028,0.5566914498141264,0.9966722129783694,0.0033277870216306157,0.0,601,5,0,0.01314247815601792,0.1031536237584374,0.1476720704294282,0.4816512456118054,0.8513087847072269,0.8032819626482017,0.0029826478420781994,0.7017222652825977
0.55,0.2,1.2,0.04,0.6,0.42,0.25,0.6778877887788779,0.6355311412739678,0.851228978007762,0.7109004739336493,0.3444639718804921,0.5519779208831647,0.9983361064891847,0.0016638935108153079,0.0,601,5,0,0.012804668490051968,0.1031536237584374,0.1476720704294282,0.4816512456118054,0.8513087847072269,0.8032819626482017,0.0029826478420781994,0.7122260568842808
0.55,0.2,1.2,0.08,0.6,0.42,0.25,0.6778877887788779,0.6355311412739678,0.851228978007762,0.7109004739336493,0.3444639718804921,0.5519779208831647,0.9983361064891847,0.0016638935108153079,0.0,601,5,0,0.012804668490051968,0.1031536237584374,0.1476720704294282,0.4816512456118054,0.8513087847072269,0.8032819626482017,0.0029826478420781994,0.7122260568842808
0.55,0.2,1.2,0.12,0.6,0.42,0.25,0.6778877887788779,0.6355311412739678,0.851228978007762,0.7109004739336493,0.3444639718804921,0.5519779208831647,0.9983361064891847,0.0016638935108153079,0.0,601,5,0,0.012804668490051968,0.1031536237584374,0.1476720704294282,0.4816512456118054,0.8513087847072269,0.8032819626482017,0.0029826478420781994,0.7122260568842808
0.55,0.1,1.2,0.04,0.6,0.42,0.5,0.671947194719472,0.6319834971595104,0.8295904887714664,0.707474985285462,0.3588850174216028,0.5473588342440802,1.0,0.0,0.0,601,4,0,0.01222214605112248,0.1031536237584374,0.1476720704294282,0.4816512456118054,0.8513087847072269,0.8032819626482017,0.0029826478420781994,0.7182201186854319
0.55,0.1,1.2,0.12,0.6,0.42,0.5,0.671947194719472,0.6319834971595104,0.8295904887714664,0.707474985285462,0.3588850174216028,0.5473588342440802,1.0,0.0,0.0,601,4,0,0.01222214605112248,0.1031536237584374,0.1476720704294282,0.4816512456118054,0.8513087847072269,0.8032819626482017,0.0029826478420781994,0.7182201186854319
0.55,0.1,1.2,0.08,0.6,0.42,0.5,0.671947194719472,0.6319834971595104,0.8295904887714664,0.707474985285462,0.3588850174216028,0.5473588342440802,1.0,0.0,0.0,601,4,0,0.01222214605112248,0.1031536237584374,0.1476720704294282,0.4816512456118054,0.8513087847072269,0.8032819626482017,0.0029826478420781994,0.7182201186854319
0.55,0.2,1.0,0.12,0.6,0.38,0.25,0.6983498349834983,0.6626465250082998,0.8766788766788767,0.7187692307692307,0.3924914675767918,0.5703125,0.9717138103161398,0.028286189683860232,0.0,601,3,0,0.013657463287491517,0.1031536237584374,0.1476720704294282,0.4816512456118054,0.8513087847072269,0.8032819626482017,0.0029826478420781994,0.7205554489087226
0.55,0.2,1.0,0.04,0.6,0.38,0.25,0.6983498349834983,0.6626465250082998,0.8766788766788767,0.7187692307692307,0.3924914675767918,0.5703125,0.9717138103161398,0.028286189683860232,0.0,601,3,0,0.013657463287491517,0.1031536237584374,0.1476720704294282,0.4816512456118054,0.8513087847072269,0.8032819626482017,0.0029826478420781994,0.7205554489087226
0.55,0.2,1.0,0.08,0.6,0.38,0.25,0.6983498349834983,0.6626465250082998,0.8766788766788767,0.7187692307692307,0.3924914675767918,0.5703125,0.9717138103161398,0.028286189683860232,0.0,601,3,0,0.013657463287491517,0.1031536237584374,0.1476720704294282,0.4816512456118054,0.8513087847072269,0.8032819626482017,0.0029826478420781994,0.7205554489087226
0.55,0.3,1.2,0.04,0.6,0.42,0.25,0.6673267326732674,0.6233300110376107,0.8326745718050066,0.7045720984759671,0.3327433628318584,0.5438914027149321,1.0,0.0,0.0,601,8,0,0.012471753062053635,0.1031536237584374,0.1476720704294282,0.4816512456118054,0.8513087847072269,0.8032819626482017,0.0029826478420781994,0.7314940668535362
0.55,0.3,1.2,0.08,0.6,0.42,0.25,0.6673267326732674,0.6233300110376107,0.8326745718050066,0.7045720984759671,0.3327433628318584,0.5438914027149321,1.0,0.0,0.0,601,8,0,0.012471753062053635,0.1031536237584374,0.1476720704294282,0.4816512456118054,0.8513087847072269,0.8032819626482017,0.0029826478420781994,0.7314940668535362
0.55,0.3,1.2,0.12,0.6,0.42,0.25,0.6673267326732674,0.6233300110376107,0.8326745718050066,0.7045720984759671,0.3327433628318584,0.5438914027149321,1.0,0.0,0.0,601,8,0,0.012471753062053635,0.1031536237584374,0.1476720704294282,0.4816512456118054,0.8513087847072269,0.8032819626482017,0.0029826478420781994,0.7314940668535362
0.55,0.2,1.2,0.08,0.6,0.42,0.5,0.6633663366336634,0.6216597487271079,0.8155080213903744,0.7021028037383178,0.3473684210526316,0.540954095409541,1.0,0.0,0.0,601,6,0,0.011959771169780501,0.1031536237584374,0.1476720704294282,0.4816512456118054,0.8513087847072269,0.8032819626482017,0.0029826478420781994,0.7371247252036429
0.55,0.2,1.2,0.12,0.6,0.42,0.5,0.6633663366336634,0.6216597487271079,0.8155080213903744,0.7021028037383178,0.3473684210526316,0.540954095409541,1.0,0.0,0.0,601,6,0,0.011959771169780501,0.1031536237584374,0.1476720704294282,0.4816512456118054,0.8513087847072269,0.8032819626482017,0.0029826478420781994,0.7371247252036429
0.55,0.2,1.2,0.04,0.6,0.42,0.5,0.6633663366336634,0.6216597487271079,0.8155080213903744,0.7021028037383178,0.3473684210526316,0.540954095409541,1.0,0.0,0.0,601,6,0,0.011959771169780501,0.1031536237584374,0.1476720704294282,0.4816512456118054,0.8513087847072269,0.8032819626482017,0.0029826478420781994,0.7371247252036429
0.55,0.3,1.0,0.08,0.6,0.38,0.5,0.6937293729372938,0.65743941478868,0.8710462287104623,0.7142857142857143,0.386986301369863,0.5669599217986315,0.9650582362728786,0.03494176372712146,0.0,601,3,0,0.012415385043946878,0.1031536237584374,0.1476720704294282,0.4816512456118054,0.8513087847072269,0.8032819626482017,0.0029826478420781994,0.7443597266653956
0.55,0.3,1.0,0.12,0.6,0.38,0.5,0.6937293729372938,0.65743941478868,0.8710462287104623,0.7142857142857143,0.386986301369863,0.5669599217986315,0.9650582362728786,0.03494176372712146,0.0,601,3,0,0.012415385043946878,0.1031536237584374,0.1476720704294282,0.4816512456118054,0.8513087847072269,0.8032819626482017,0.0029826478420781994,0.7443597266653956
0.55,0.3,1.0,0.04,0.6,0.38,0.5,0.6937293729372938,0.65743941478868,0.8710462287104623,0.7142857142857143,0.386986301369863,0.5669599217986315,0.9650582362728786,0.03494176372712146,0.0,601,3,0,0.012415385043946878,0.1031536237584374,0.1476720704294282,0.4816512456118054,0.8513087847072269,0.8032819626482017,0.0029826478420781994,0.7443597266653956
0.55,0.3,1.0,0.08,0.6,0.38,0.25,0.6924092409240924,0.6566175511621273,0.8688327316486161,0.711276332094176,0.38974358974358975,0.5666337611056268,0.9550748752079867,0.04492512479201331,0.0,601,3,0,0.013405328211964176,0.1031536237584374,0.1476720704294282,0.4816512456118054,0.8513087847072269,0.8032819626482017,0.0029826478420781994,0.7674667805414225
0.55,0.3,1.0,0.12,0.6,0.38,0.25,0.6924092409240924,0.6566175511621273,0.8688327316486161,0.711276332094176,0.38974358974358975,0.5666337611056268,0.9550748752079867,0.04492512479201331,0.0,601,3,0,0.013405328211964176,0.1031536237584374,0.1476720704294282,0.4816512456118054,0.8513087847072269,0.8032819626482017,0.0029826478420781994,0.7674667805414225
0.55,0.3,1.0,0.04,0.6,0.38,0.25,0.6924092409240924,0.6566175511621273,0.8688327316486161,0.711276332094176,0.38974358974358975,0.5666337611056268,0.9550748752079867,0.04492512479201331,0.0,601,3,0,0.013405328211964176,0.1031536237584374,0.1476720704294282,0.4816512456118054,0.8513087847072269,0.8032819626482017,0.0029826478420781994,0.7674667805414225
0.55,0.3,1.2,0.12,0.6,0.42,0.5,0.6475247524752475,0.6032587215120352,0.7846364883401921,0.6923963133640553,0.3327433628318584,0.5295154185022026,1.0,0.0,0.0,601,5,0,0.011699176968701838,0.1031536237584374,0.1476720704294282,0.4816512456118054,0.8513087847072269,0.8032819626482017,0.0029826478420781994,0.7713673365771315
0.55,0.3,1.2,0.08,0.6,0.42,0.5,0.6475247524752475,0.6032587215120352,0.7846364883401921,0.6923963133640553,0.3327433628318584,0.5295154185022026,1.0,0.0,0.0,601,5,0,0.011699176968701838,0.1031536237584374,0.1476720704294282,0.4816512456118054,0.8513087847072269,0.8032819626482017,0.0029826478420781994,0.7713673365771315
0.55,0.3,1.2,0.04,0.6,0.42,0.5,0.6475247524752475,0.6032587215120352,0.7846364883401921,0.6923963133640553,0.3327433628318584,0.5295154185022026,1.0,0.0,0.0,601,5,0,0.011699176968701838,0.1031536237584374,0.1476720704294282,0.4816512456118054,0.8513087847072269,0.8032819626482017,0.0029826478420781994,0.7713673365771315
0.55,0.1,1.0,0.04,0.66,0.38,0.25,0.6495049504950495,0.5756986043144204,0.871536523929471,0.6918165989553106,0.16374269005847952,0.5311942959001783,0.9916805324459235,0.008319467554076539,0.0,601,5,0,0.013365321257821194,0.1031536237584374,0.1476720704294282,0.4816512456118054,0.8513087847072269,0.8032819626482017,0.0029826478420781994,0.814418137618505
0.55,0.1,1.0,0.12,0.66,0.38,0.25,0.6495049504950495,0.5756986043144204,0.871536523929471,0.6918165989553106,0.16374269005847952,0.5311942959001783,0.9916805324459235,0.008319467554076539,0.0,601,5,0,0.013365321257821194,0.1031536237584374,0.1476720704294282,0.4816512456118054,0.8513087847072269,0.8032819626482017,0.0029826478420781994,0.814418137618505
0.55,0.1,1.0,0.08,0.66,0.38,0.25,0.6495049504950495,0.5756986043144204,0.871536523929471,0.6918165989553106,0.16374269005847952,0.5311942959001783,0.9916805324459235,0.008319467554076539,0.0,601,5,0,0.013365321257821194,0.1031536237584374,0.1476720704294282,0.4816512456118054,0.8513087847072269,0.8032819626482017,0.0029826478420781994,0.814418137618505
0.55,0.1,1.0,0.12,0.66,0.38,0.5,0.6462046204620462,0.5747619642022692,0.8596938775510204,0.6901734104046243,0.1744186046511628,0.5287865367581931,0.9933444259567388,0.0066555740432612314,0.0,601,4,0,0.012373995867915162,0.1031536237584374,0.1476720704294282,0.4816512456118054,0.8513087847072269,0.8032819626482017,0.0029826478420781994,0.8151609313909474
0.55,0.1,1.0,0.08,0.66,0.38,0.5,0.6462046204620462,0.5747619642022692,0.8596938775510204,0.6901734104046243,0.1744186046511628,0.5287865367581931,0.9933444259567388,0.0066555740432612314,0.0,601,4,0,0.012373995867915162,0.1031536237584374,0.1476720704294282,0.4816512456118054,0.8513087847072269,0.8032819626482017,0.0029826478420781994,0.8151609313909474
0.55,0.1,1.0,0.04,0.66,0.38,0.5,0.6462046204620462,0.5747619642022692,0.8596938775510204,0.6901734104046243,0.1744186046511628,0.5287865367581931,0.9933444259567388,0.0066555740432612314,0.0,601,4,0,0.012373995867915162,0.1031536237584374,0.1476720704294282,0.4816512456118054,0.8513087847072269,0.8032819626482017,0.0029826478420781994,0.8151609313909474
0.55,0.2,1.0,0.04,0.66,0.38,0.5,0.6508250825082508,0.5797230282775453,0.8696741854636592,0.6915451895043732,0.17794970986460348,0.5323159784560144,0.9866888519134775,0.013311148086522463,0.0,601,5,0,0.012238887906353335,0.1031536237584374,0.1476720704294282,0.4816512456118054,0.8513087847072269,0.8032819626482017,0.0029826478420781994,0.8195561107603153
0.55,0.2,1.0,0.08,0.66,0.38,0.5,0.6508250825082508,0.5797230282775453,0.8696741854636592,0.6915451895043732,0.17794970986460348,0.5323159784560144,0.9866888519134775,0.013311148086522463,0.0,601,5,0,0.012238887906353335,0.1031536237584374,0.1476720704294282,0.4816512456118054,0.8513087847072269,0.8032819626482017,0.0029826478420781994,0.8195561107603153
0.55,0.2,1.0,0.12,0.66,0.38,0.5,0.6508250825082508,0.5797230282775453,0.8696741854636592,0.6915451895043732,0.17794970986460348,0.5323159784560144,0.9866888519134775,0.013311148086522463,0.0,601,5,0,0.012238887906353335,0.1031536237584374,0.1476720704294282,0.4816512456118054,0.8513087847072269,0.8032819626482017,0.0029826478420781994,0.8195561107603153
0.55,0.2,1.0,0.04,0.66,0.38,0.25,0.6488448844884488,0.575641006078177,0.8725490196078431,0.6870588235294117,0.16731517509727625,0.5313921747042766,0.9717138103161398,0.028286189683860232,0.0,601,6,0,0.01316821612935072,0.1031536237584374,0.1476720704294282,0.4816512456118054,0.8513087847072269,0.8032819626482017,0.0029826478420781994,0.8570659183338949
0.55,0.2,1.0,0.08,0.66,0.38,0.25,0.6488448844884488,0.575641006078177,0.8725490196078431,0.6870588235294117,0.16731517509727625,0.5313921747042766,0.9717138103161398,0.028286189683860232,0.0,601,6,0,0.01316821612935072,0.1031536237584374,0.1476720704294282,0.4816512456118054,0.8513087847072269,0.8032819626482017,0.0029826478420781994,0.8570659183338949
0.55,0.2,1.0,0.12,0.66,0.38,0.25,0.6488448844884488,0.575641006078177,0.8725490196078431,0.6870588235294117,0.16731517509727625,0.5313921747042766,0.9717138103161398,0.028286189683860232,0.0,601,6,0,0.01316821612935072,0.1031536237584374,0.1476720704294282,0.4816512456118054,0.8513087847072269,0.8032819626482017,0.0029826478420781994,0.8570659183338949
0.55,0.3,1.0,0.08,0.66,0.38,0.5,0.6495049504950495,0.5783268543525402,0.8710462287104623,0.6859846244825547,0.17794970986460348,0.5321100917431193,0.9650582362728786,0.03494176372712146,0.0,601,5,0,0.012098785396053736,0.1031536237584374,0.1476720704294282,0.4816512456118054,0.8513087847072269,0.8032819626482017,0.0029826478420781994,0.8676967095437796
0.55,0.3,1.0,0.12,0.66,0.38,0.5,0.6495049504950495,0.5783268543525402,0.8710462287104623,0.6859846244825547,0.17794970986460348,0.5321100917431193,0.9650582362728786,0.03494176372712146,0.0,601,5,0,0.012098785396053736,0.1031536237584374,0.1476720704294282,0.4816512456118054,0.8513087847072269,0.8032819626482017,0.0029826478420781994,0.8676967095437796
0.55,0.3,1.0,0.04,0.66,0.38,0.5,0.6495049504950495,0.5783268543525402,0.8710462287104623,0.6859846244825547,0.17794970986460348,0.5321100917431193,0.9650582362728786,0.03494176372712146,0.0,601,5,0,0.012098785396053736,0.1031536237584374,0.1476720704294282,0.4816512456118054,0.8513087847072269,0.8032819626482017,0.0029826478420781994,0.8676967095437796
0.55,0.3,1.0,0.04,0.66,0.38,0.25,0.6462046204620462,0.5738055772777017,0.8688327316486161,0.6817102137767221,0.170873786407767,0.5300092336103417,0.9550748752079867,0.04492512479201331,0.0,601,5,0,0.012976521112030428,0.1031536237584374,0.1476720704294282,0.4816512456118054,0.8513087847072269,0.8032819626482017,0.0029826478420781994,0.8964833748878943
0.55,0.3,1.0,0.08,0.66,0.38,0.25,0.6462046204620462,0.5738055772777017,0.8688327316486161,0.6817102137767221,0.170873786407767,0.5300092336103417,0.9550748752079867,0.04492512479201331,0.0,601,5,0,0.012976521112030428,0.1031536237584374,0.1476720704294282,0.4816512456118054,0.8513087847072269,0.8032819626482017,0.0029826478420781994,0.8964833748878943
0.55,0.3,1.0,0.12,0.66,0.38,0.25,0.6462046204620462,0.5738055772777017,0.8688327316486161,0.6817102137767221,0.170873786407767,0.5300092336103417,0.9550748752079867,0.04492512479201331,0.0,601,5,0,0.012976521112030428,0.1031536237584374,0.1476720704294282,0.4816512456118054,0.8513087847072269,0.8032819626482017,0.0029826478420781994,0.8964833748878943
0.55,0.1,1.0,0.12,0.72,0.38,0.25,0.6217821782178218,0.5156302105260654,0.871536523929471,0.6753541076487252,0.0,0.5120274914089347,0.9916805324459235,0.008319467554076539,0.0,601,3,0,0.012314277748922858,0.1031536237584374,0.1476720704294282,0.4816512456118054,0.8513087847072269,0.8032819626482017,0.0029826478420781994,0.9022093036840878
0.55,0.1,1.0,0.08,0.72,0.38,0.25,0.6217821782178218,0.5156302105260654,0.871536523929471,0.6753541076487252,0.0,0.5120274914089347,0.9916805324459235,0.008319467554076539,0.0,601,3,0,0.012314277748922858,0.1031536237584374,0.1476720704294282,0.4816512456118054,0.8513087847072269,0.8032819626482017,0.0029826478420781994,0.9022093036840878
0.55,0.1,1.0,0.04,0.72,0.38,0.25,0.6217821782178218,0.5156302105260654,0.871536523929471,0.6753541076487252,0.0,0.5120274914089347,0.9916805324459235,0.008319467554076539,0.0,601,3,0,0.012314277748922858,0.1031536237584374,0.1476720704294282,0.4816512456118054,0.8513087847072269,0.8032819626482017,0.0029826478420781994,0.9022093036840878
0.55,0.1,1.2,0.04,0.66,0.42,0.25,0.6151815181518152,0.509565647482447,0.8560411311053985,0.6726558113419427,0.0,0.5076271186440678,0.9966722129783694,0.0033277870216306157,0.0,601,4,0,0.012428106507707556,0.1031536237584374,0.1476720704294282,0.4816512456118054,0.8513087847072269,0.8032819626482017,0.0029826478420781994,0.9043919976755763
0.55,0.1,1.2,0.12,0.66,0.42,0.25,0.6151815181518152,0.509565647482447,0.8560411311053985,0.6726558113419427,0.0,0.5076271186440678,0.9966722129783694,0.0033277870216306157,0.0,601,4,0,0.012428106507707556,0.1031536237584374,0.1476720704294282,0.4816512456118054,0.8513087847072269,0.8032819626482017,0.0029826478420781994,0.9043919976755763
0.55,0.1,1.2,0.08,0.72,0.42,0.25,0.6151815181518152,0.509565647482447,0.8560411311053985,0.6726558113419427,0.0,0.5076271186440678,0.9966722129783694,0.0033277870216306157,0.0,601,4,0,0.011461329933532185,0.1031536237584374,0.1476720704294282,0.4816512456118054,0.8513087847072269,0.8032819626482017,0.0029826478420781994,0.9043919976755763
0.55,0.1,1.2,0.04,0.72,0.42,0.25,0.6151815181518152,0.509565647482447,0.8560411311053985,0.6726558113419427,0.0,0.5076271186440678,0.9966722129783694,0.0033277870216306157,0.0,601,4,0,0.011461329933532185,0.1031536237584374,0.1476720704294282,0.4816512456118054,0.8513087847072269,0.8032819626482017,0.0029826478420781994,0.9043919976755763
0.55,0.1,1.2,0.12,0.72,0.42,0.25,0.6151815181518152,0.509565647482447,0.8560411311053985,0.6726558113419427,0.0,0.5076271186440678,0.9966722129783694,0.0033277870216306157,0.0,601,4,0,0.011461329933532185,0.1031536237584374,0.1476720704294282,0.4816512456118054,0.8513087847072269,0.8032819626482017,0.0029826478420781994,0.9043919976755763
0.55,0.1,1.2,0.08,0.66,0.42,0.25,0.6151815181518152,0.509565647482447,0.8560411311053985,0.6726558113419427,0.0,0.5076271186440678,0.9966722129783694,0.0033277870216306157,0.0,601,4,0,0.012428106507707556,0.1031536237584374,0.1476720704294282,0.4816512456118054,0.8513087847072269,0.8032819626482017,0.0029826478420781994,0.9043919976755763
0.55,0.2,1.2,0.04,0.66,0.42,0.25,0.6132013201320132,0.5077071584027366,0.851228978007762,0.671892497200448,0.0,0.5063291139240507,0.9983361064891847,0.0016638935108153079,0.0,601,4,0,0.012148608180984516,0.1031536237584374,0.1476720704294282,0.4816512456118054,0.8513087847072269,0.8032819626482017,0.0029826478420781994,0.9047365084023766
0.55,0.2,1.2,0.12,0.72,0.42,0.25,0.6132013201320132,0.5077071584027366,0.851228978007762,0.671892497200448,0.0,0.5063291139240507,0.9983361064891847,0.0016638935108153079,0.0,601,4,0,0.01128163155194291,0.1031536237584374,0.1476720704294282,0.4816512456118054,0.8513087847072269,0.8032819626482017,0.0029826478420781994,0.9047365084023766
0.55,0.2,1.2,0.12,0.66,0.42,0.25,0.6132013201320132,0.5077071584027366,0.851228978007762,0.671892497200448,0.0,0.5063291139240507,0.9983361064891847,0.0016638935108153079,0.0,601,4,0,0.012148608180984516,0.1031536237584374,0.1476720704294282,0.4816512456118054,0.8513087847072269,0.8032819626482017,0.0029826478420781994,0.9047365084023766
0.55,0.2,1.2,0.08,0.66,0.42,0.25,0.6132013201320132,0.5077071584027366,0.851228978007762,0.671892497200448,0.0,0.5063291139240507,0.9983361064891847,0.0016638935108153079,0.0,601,4,0,0.012148608180984516,0.1031536237584374,0.1476720704294282,0.4816512456118054,0.8513087847072269,0.8032819626482017,0.0029826478420781994,0.9047365084023766
0.55,0.2,1.2,0.08,0.72,0.42,0.25,0.6132013201320132,0.5077071584027366,0.851228978007762,0.671892497200448,0.0,0.5063291139240507,0.9983361064891847,0.0016638935108153079,0.0,601,4,0,0.01128163155194291,0.1031536237584374,0.1476720704294282,0.4816512456118054,0.8513087847072269,0.8032819626482017,0.0029826478420781994,0.9047365084023766
0.55,0.2,1.2,0.04,0.72,0.42,0.25,0.6132013201320132,0.5077071584027366,0.851228978007762,0.671892497200448,0.0,0.5063291139240507,0.9983361064891847,0.0016638935108153079,0.0,601,4,0,0.01128163155194291,0.1031536237584374,0.1476720704294282,0.4816512456118054,0.8513087847072269,0.8032819626482017,0.0029826478420781994,0.9047365084023766
0.55,0.1,1.0,0.04,0.72,0.38,0.5,0.6165016501650165,0.5107899779630162,0.8596938775510204,0.6726760563380282,0.0,0.5085178875638842,0.9933444259567388,0.0066555740432612314,0.0,601,2,0,0.010851429504175267,0.1031536237584374,0.1476720704294282,0.4816512456118054,0.8513087847072269,0.8032819626482017,0.0029826478420781994,0.9088358879272301
0.55,0.1,1.0,0.08,0.72,0.38,0.5,0.6165016501650165,0.5107899779630162,0.8596938775510204,0.6726760563380282,0.0,0.5085178875638842,0.9933444259567388,0.0066555740432612314,0.0,601,2,0,0.010851429504175267,0.1031536237584374,0.1476720704294282,0.4816512456118054,0.8513087847072269,0.8032819626482017,0.0029826478420781994,0.9088358879272301
0.55,0.1,1.0,0.12,0.72,0.38,0.5,0.6165016501650165,0.5107899779630162,0.8596938775510204,0.6726760563380282,0.0,0.5085178875638842,0.9933444259567388,0.0066555740432612314,0.0,601,2,0,0.010851429504175267,0.1031536237584374,0.1476720704294282,0.4816512456118054,0.8513087847072269,0.8032819626482017,0.0029826478420781994,0.9088358879272301
0.55,0.2,1.0,0.08,0.72,0.38,0.5,0.6204620462046204,0.5143850540604777,0.8696741854636592,0.673480976717774,0.0,0.5112068965517241,0.9866888519134775,0.013311148086522463,0.0,601,3,0,0.01085797085492666,0.1031536237584374,0.1476720704294282,0.4816512456118054,0.8513087847072269,0.8032819626482017,0.0029826478420781994,0.9152571212810132
0.55,0.2,1.0,0.12,0.72,0.38,0.5,0.6204620462046204,0.5143850540604777,0.8696741854636592,0.673480976717774,0.0,0.5112068965517241,0.9866888519134775,0.013311148086522463,0.0,601,3,0,0.01085797085492666,0.1031536237584374,0.1476720704294282,0.4816512456118054,0.8513087847072269,0.8032819626482017,0.0029826478420781994,0.9152571212810132
0.55,0.2,1.0,0.04,0.72,0.38,0.5,0.6204620462046204,0.5143850540604777,0.8696741854636592,0.673480976717774,0.0,0.5112068965517241,0.9866888519134775,0.013311148086522463,0.0,601,3,0,0.01085797085492666,0.1031536237584374,0.1476720704294282,0.4816512456118054,0.8513087847072269,0.8032819626482017,0.0029826478420781994,0.9152571212810132
0.55,0.3,1.2,0.12,0.66,0.42,0.25,0.6052805280528053,0.5001507831942614,0.8326745718050066,0.6677777777777778,0.0,0.5012510425354462,1.0,0.0,0.0,601,7,0,0.011876883172345037,0.1031536237584374,0.1476720704294282,0.4816512456118054,0.8513087847072269,0.8032819626482017,0.0029826478420781994,0.9167194993173475
0.55,0.3,1.2,0.04,0.66,0.42,0.25,0.6052805280528053,0.5001507831942614,0.8326745718050066,0.6677777777777778,0.0,0.5012510425354462,1.0,0.0,0.0,601,7,0,0.011876883172345037,0.1031536237584374,0.1476720704294282,0.4816512456118054,0.8513087847072269,0.8032819626482017,0.0029826478420781994,0.9167194993173475
0.55,0.3,1.2,0.08,0.66,0.42,0.25,0.6052805280528053,0.5001507831942614,0.8326745718050066,0.6677777777777778,0.0,0.5012510425354462,1.0,0.0,0.0,601,7,0,0.011876883172345037,0.1031536237584374,0.1476720704294282,0.4816512456118054,0.8513087847072269,0.8032819626482017,0.0029826478420781994,0.9167194993173475
0.55,0.3,1.2,0.12,0.72,0.42,0.25,0.6046204620462046,0.49951385358568995,0.8311345646437994,0.6674069961132704,0.0,0.5008333333333334,1.0,0.0,0.0,601,8,0,0.011111244212258344,0.1031536237584374,0.1476720704294282,0.4816512456118054,0.8513087847072269,0.8032819626482017,0.0029826478420781994,0.9180164949325197
0.55,0.3,1.2,0.04,0.72,0.42,0.25,0.6046204620462046,0.49951385358568995,0.8311345646437994,0.6674069961132704,0.0,0.5008333333333334,1.0,0.0,0.0,601,8,0,0.011111244212258344,0.1031536237584374,0.1476720704294282,0.4816512456118054,0.8513087847072269,0.8032819626482017,0.0029826478420781994,0.9180164949325197
0.55,0.3,1.2,0.08,0.72,0.42,0.25,0.6046204620462046,0.49951385358568995,0.8311345646437994,0.6674069961132704,0.0,0.5008333333333334,1.0,0.0,0.0,601,8,0,0.011111244212258344,0.1031536237584374,0.1476720704294282,0.4816512456118054,0.8513087847072269,0.8032819626482017,0.0029826478420781994,0.9180164949325197
0.55,0.1,1.2,0.04,0.66,0.42,0.5,0.6039603960396039,0.4988757049142032,0.8295904887714664,0.6670366259711432,0.0,0.5004163197335554,1.0,0.0,0.0,601,3,0,0.011371552029083304,0.1031536237584374,0.1476720704294282,0.4816512456118054,0.8513087847072269,0.8032819626482017,0.0029826478420781994,0.9193147096106071
0.55,0.1,1.2,0.08,0.66,0.42,0.5,0.6039603960396039,0.4988757049142032,0.8295904887714664,0.6670366259711432,0.0,0.5004163197335554,1.0,0.0,0.0,601,3,0,0.011371552029083304,0.1031536237584374,0.1476720704294282,0.4816512456118054,0.8513087847072269,0.8032819626482017,0.0029826478420781994,0.9193147096106071
0.55,0.1,1.2,0.12,0.66,0.42,0.5,0.6039603960396039,0.4988757049142032,0.8295904887714664,0.6670366259711432,0.0,0.5004163197335554,1.0,0.0,0.0,601,3,0,0.011371552029083304,0.1031536237584374,0.1476720704294282,0.4816512456118054,0.8513087847072269,0.8032819626482017,0.0029826478420781994,0.9193147096106071
0.55,0.1,1.2,0.08,0.72,0.42,0.5,0.6033003300330033,0.4982363315696649,0.828042328042328,0.6666666666666666,0.0,0.5,1.0,0.0,0.0,601,3,0,0.010083975812289142,0.1031536237584374,0.1476720704294282,0.4816512456118054,0.8513087847072269,0.8032819626482017,0.0029826478420781994,0.920614148961746
0.55,0.1,1.2,0.04,0.72,0.42,0.5,0.6033003300330033,0.4982363315696649,0.828042328042328,0.6666666666666666,0.0,0.5,1.0,0.0,0.0,601,3,0,0.010083975812289142,0.1031536237584374,0.1476720704294282,0.4816512456118054,0.8513087847072269,0.8032819626482017,0.0029826478420781994,0.920614148961746
0.55,0.1,1.2,0.12,0.72,0.42,0.5,0.6033003300330033,0.4982363315696649,0.828042328042328,0.6666666666666666,0.0,0.5,1.0,0.0,0.0,601,3,0,0.010083975812289142,0.1031536237584374,0.1476720704294282,0.4816512456118054,0.8513087847072269,0.8032819626482017,0.0029826478420781994,0.920614148961746
0.65,0.1,1.2,0.08,0.6,0.34,0.5,0.6851485148514852,0.6599870717517776,0.8371040723981901,0.6896551724137931,0.45320197044334976,0.5662393162393162,0.8818635607321131,0.11813643926788686,0.0,601,3,0,0.012588405184612707,0.1031536237584374,0.1476720704294282,0.4816512456118054,0.8513087847072269,0.8032819626482017,0.0029826478420781994,0.9251017464237138
0.65,0.1,1.2,0.12,0.6,0.34,0.5,0.6851485148514852,0.6599870717517776,0.8371040723981901,0.6896551724137931,0.45320197044334976,0.5662393162393162,0.8818635607321131,0.11813643926788686,0.0,601,3,0,0.012588405184612707,0.1031536237584374,0.1476720704294282,0.4816512456118054,0.8513087847072269,0.8032819626482017,0.0029826478420781994,0.9251017464237138
0.65,0.1,1.2,0.04,0.6,0.34,0.5,0.6851485148514852,0.6599870717517776,0.8371040723981901,0.6896551724137931,0.45320197044334976,0.5662393162393162,0.8818635607321131,0.11813643926788686,0.0,601,3,0,0.012588405184612707,0.1031536237584374,0.1476720704294282,0.4816512456118054,0.8513087847072269,0.8032819626482017,0.0029826478420781994,0.9251017464237138
0.55,0.3,1.0,0.08,0.6,0.34,0.25,0.574917491749175,0.5205830993552313,0.5208681135225376,0.6511375947995667,0.38974358974358975,0.4827309236947791,1.0,0.0,0.0,601,3,0,0.012800976996342615,0.1031536237584374,0.1476720704294282,0.4816512456118054,0.8513087847072269,0.8032819626482017,0.0029826478420781994,0.926650219460008
0.55,0.3,1.0,0.12,0.6,0.34,0.25,0.574917491749175,0.5205830993552313,0.5208681135225376,0.6511375947995667,0.38974358974358975,0.4827309236947791,1.0,0.0,0.0,601,3,0,0.012800976996342615,0.1031536237584374,0.1476720704294282,0.4816512456118054,0.8513087847072269,0.8032819626482017,0.0029826478420781994,0.926650219460008
0.55,0.3,1.0,0.04,0.6,0.34,0.25,0.574917491749175,0.5205830993552313,0.5208681135225376,0.6511375947995667,0.38974358974358975,0.4827309236947791,1.0,0.0,0.0,601,3,0,0.012800976996342615,0.1031536237584374,0.1476720704294282,0.4816512456118054,0.8513087847072269,0.8032819626482017,0.0029826478420781994,0.926650219460008
0.65,0.1,1.2,0.04,0.6,0.34,0.25,0.6838283828382838,0.6579770520361499,0.837471783295711,0.6883539362394274,0.44810543657331137,0.5651709401709402,0.8801996672212978,0.11980033277870217,0.0,601,3,0,0.013501323084291987,0.1031536237584374,0.1476720704294282,0.4816512456118054,0.8513087847072269,0.8032819626482017,0.0029826478420781994,0.931926074525255
0.65,0.1,1.2,0.08,0.6,0.34,0.25,0.6838283828382838,0.6579770520361499,0.837471783295711,0.6883539362394274,0.44810543657331137,0.5651709401709402,0.8801996672212978,0.11980033277870217,0.0,601,3,0,0.013501323084291987,0.1031536237584374,0.1476720704294282,0.4816512456118054,0.8513087847072269,0.8032819626482017,0.0029826478420781994,0.931926074525255
0.65,0.1,1.2,0.12,0.6,0.34,0.25,0.6838283828382838,0.6579770520361499,0.837471783295711,0.6883539362394274,0.44810543657331137,0.5651709401709402,0.8801996672212978,0.11980033277870217,0.0,601,3,0,0.013501323084291987,0.1031536237584374,0.1476720704294282,0.4816512456118054,0.8513087847072269,0.8032819626482017,0.0029826478420781994,0.931926074525255
0.55,0.2,1.2,0.12,0.66,0.42,0.5,0.5966996699669967,0.4917739866035538,0.8123324396782842,0.6629895201323773,0.0,0.49587458745874585,1.0,0.0,0.0,601,5,0,0.011139282393062827,0.1031536237584374,0.1476720704294282,0.4816512456118054,0.8513087847072269,0.8032819626482017,0.0029826478420781994,0.9336771539938638
0.55,0.2,1.2,0.08,0.66,0.42,0.5,0.5966996699669967,0.4917739866035538,0.8123324396782842,0.6629895201323773,0.0,0.49587458745874585,1.0,0.0,0.0,601,5,0,0.011139282393062827,0.1031536237584374,0.1476720704294282,0.4816512456118054,0.8513087847072269,0.8032819626482017,0.0029826478420781994,0.9336771539938638
0.55,0.2,1.2,0.04,0.66,0.42,0.5,0.5966996699669967,0.4917739866035538,0.8123324396782842,0.6629895201323773,0.0,0.49587458745874585,1.0,0.0,0.0,601,5,0,0.011139282393062827,0.1031536237584374,0.1476720704294282,0.4816512456118054,0.8513087847072269,0.8032819626482017,0.0029826478420781994,0.9336771539938638
0.55,0.2,1.2,0.04,0.72,0.42,0.5,0.596039603960396,0.4911207634382346,0.810738255033557,0.6626240352811467,0.0,0.49546578730420443,1.0,0.0,0.0,601,5,0,0.009965151347493352,0.1031536237584374,0.1476720704294282,0.4816512456118054,0.8513087847072269,0.8032819626482017,0.0029826478420781994,0.9349904431657836
0.55,0.2,1.2,0.08,0.72,0.42,0.5,0.596039603960396,0.4911207634382346,0.810738255033557,0.6626240352811467,0.0,0.49546578730420443,1.0,0.0,0.0,601,5,0,0.009965151347493352,0.1031536237584374,0.1476720704294282,0.4816512456118054,0.8513087847072269,0.8032819626482017,0.0029826478420781994,0.9349904431657836
0.55,0.2,1.2,0.12,0.72,0.42,0.5,0.596039603960396,0.4911207634382346,0.810738255033557,0.6626240352811467,0.0,0.49546578730420443,1.0,0.0,0.0,601,5,0,0.009965151347493352,0.1031536237584374,0.1476720704294282,0.4816512456118054,0.8513087847072269,0.8032819626482017,0.0029826478420781994,0.9349904431657836
0.65,0.2,1.2,0.04,0.6,0.34,0.5,0.6831683168316832,0.6573503378695106,0.8372615039281706,0.6866840731070496,0.44810543657331137,0.564983888292159,0.8752079866888519,0.12479201331114809,0.0,601,3,0,0.012412099501883567,0.1031536237584374,0.1476720704294282,0.4816512456118054,0.8513087847072269,0.8032819626482017,0.0029826478420781994,0.9436953838166314
0.65,0.2,1.2,0.08,0.6,0.34,0.5,0.6831683168316832,0.6573503378695106,0.8372615039281706,0.6866840731070496,0.44810543657331137,0.564983888292159,0.8752079866888519,0.12479201331114809,0.0,601,3,0,0.012412099501883567,0.1031536237584374,0.1476720704294282,0.4816512456118054,0.8513087847072269,0.8032819626482017,0.0029826478420781994,0.9436953838166314
0.65,0.2,1.2,0.12,0.6,0.34,0.5,0.6831683168316832,0.6573503378695106,0.8372615039281706,0.6866840731070496,0.44810543657331137,0.564983888292159,0.8752079866888519,0.12479201331114809,0.0,601,3,0,0.012412099501883567,0.1031536237584374,0.1476720704294282,0.4816512456118054,0.8513087847072269,0.8032819626482017,0.0029826478420781994,0.9436953838166314
0.55,0.2,1.0,0.08,0.72,0.38,0.25,0.6204620462046204,0.5142193423554161,0.8725490196078431,0.6701090074584051,0.0,0.51138353765324,0.9717138103161398,0.028286189683860232,0.0,601,4,0,0.012226293773666035,0.1031536237584374,0.1476720704294282,0.4816512456118054,0.8513087847072269,0.8032819626482017,0.0029826478420781994,0.9468704203404842
0.55,0.2,1.0,0.12,0.72,0.38,0.25,0.6204620462046204,0.5142193423554161,0.8725490196078431,0.6701090074584051,0.0,0.51138353765324,0.9717138103161398,0.028286189683860232,0.0,601,4,0,0.012226293773666035,0.1031536237584374,0.1476720704294282,0.4816512456118054,0.8513087847072269,0.8032819626482017,0.0029826478420781994,0.9468704203404842
0.55,0.2,1.0,0.04,0.72,0.38,0.25,0.6204620462046204,0.5142193423554161,0.8725490196078431,0.6701090074584051,0.0,0.51138353765324,0.9717138103161398,0.028286189683860232,0.0,601,4,0,0.012226293773666035,0.1031536237584374,0.1476720704294282,0.4816512456118054,0.8513087847072269,0.8032819626482017,0.0029826478420781994,0.9468704203404842
0.65,0.2,1.2,0.08,0.6,0.34,0.25,0.6811881188118812,0.6547280554209155,0.8366890380313199,0.6845199216198563,0.44297520661157025,0.5634408602150538,0.8718801996672213,0.1281198003327787,0.0,601,3,0,0.01332094238295782,0.1031536237584374,0.1476720704294282,0.4816512456118054,0.8513087847072269,0.8032819626482017,0.0029826478420781994,0.9552862170304527
0.65,0.2,1.2,0.04,0.6,0.34,0.25,0.6811881188118812,0.6547280554209155,0.8366890380313199,0.6845199216198563,0.44297520661157025,0.5634408602150538,0.8718801996672213,0.1281198003327787,0.0,601,3,0,0.01332094238295782,0.1031536237584374,0.1476720704294282,0.4816512456118054,0.8513087847072269,0.8032819626482017,0.0029826478420781994,0.9552862170304527
0.65,0.2,1.2,0.12,0.6,0.34,0.25,0.6811881188118812,0.6547280554209155,0.8366890380313199,0.6845199216198563,0.44297520661157025,0.5634408602150538,0.8718801996672213,0.1281198003327787,0.0,601,3,0,0.01332094238295782,0.1031536237584374,0.1476720704294282,0.4816512456118054,0.8513087847072269,0.8032819626482017,0.0029826478420781994,0.9552862170304527
0.55,0.3,1.2,0.12,0.72,0.42,0.5,0.5854785478547855,0.4804890298110294,0.7846364883401921,0.6568306010928961,0.0,0.4890154597233523,1.0,0.0,0.0,601,4,0,0.009861103900214803,0.1031536237584374,0.1476720704294282,0.4816512456118054,0.8513087847072269,0.8032819626482017,0.0029826478420781994,0.9561832328985994
0.55,0.3,1.2,0.04,0.66,0.42,0.5,0.5854785478547855,0.4804890298110294,0.7846364883401921,0.6568306010928961,0.0,0.4890154597233523,1.0,0.0,0.0,601,4,0,0.010915682811620291,0.1031536237584374,0.1476720704294282,0.4816512456118054,0.8513087847072269,0.8032819626482017,0.0029826478420781994,0.9561832328985994
0.55,0.3,1.2,0.08,0.72,0.42,0.5,0.5854785478547855,0.4804890298110294,0.7846364883401921,0.6568306010928961,0.0,0.4890154597233523,1.0,0.0,0.0,601,4,0,0.009861103900214803,0.1031536237584374,0.1476720704294282,0.4816512456118054,0.8513087847072269,0.8032819626482017,0.0029826478420781994,0.9561832328985994
0.55,0.3,1.2,0.08,0.66,0.42,0.5,0.5854785478547855,0.4804890298110294,0.7846364883401921,0.6568306010928961,0.0,0.4890154597233523,1.0,0.0,0.0,601,4,0,0.010915682811620291,0.1031536237584374,0.1476720704294282,0.4816512456118054,0.8513087847072269,0.8032819626482017,0.0029826478420781994,0.9561832328985994
0.55,0.3,1.2,0.12,0.66,0.42,0.5,0.5854785478547855,0.4804890298110294,0.7846364883401921,0.6568306010928961,0.0,0.4890154597233523,1.0,0.0,0.0,601,4,0,0.010915682811620291,0.1031536237584374,0.1476720704294282,0.4816512456118054,0.8513087847072269,0.8032819626482017,0.0029826478420781994,0.9561832328985994
0.55,0.3,1.2,0.04,0.72,0.42,0.5,0.5854785478547855,0.4804890298110294,0.7846364883401921,0.6568306010928961,0.0,0.4890154597233523,1.0,0.0,0.0,601,4,0,0.009861103900214803,0.1031536237584374,0.1476720704294282,0.4816512456118054,0.8513087847072269,0.8032819626482017,0.0029826478420781994,0.9561832328985994
0.65,0.3,1.2,0.12,0.6,0.34,0.25,0.6818481848184819,0.6544133167266926,0.8412874583795783,0.6841415465268676,0.43781094527363185,0.5643243243243243,0.8685524126455907,0.1314475873544093,0.0,601,3,0,0.013137055006710426,0.1031536237584374,0.1476720704294282,0.4816512456118054,0.8513087847072269,0.8032819626482017,0.0029826478420781994,0.9619292424634994
0.65,0.3,1.2,0.04,0.6,0.34,0.25,0.6818481848184819,0.6544133167266926,0.8412874583795783,0.6841415465268676,0.43781094527363185,0.5643243243243243,0.8685524126455907,0.1314475873544093,0.0,601,3,0,0.013137055006710426,0.1031536237584374,0.1476720704294282,0.4816512456118054,0.8513087847072269,0.8032819626482017,0.0029826478420781994,0.9619292424634994
0.65,0.3,1.2,0.08,0.6,0.34,0.25,0.6818481848184819,0.6544133167266926,0.8412874583795783,0.6841415465268676,0.43781094527363185,0.5643243243243243,0.8685524126455907,0.1314475873544093,0.0,601,3,0,0.013137055006710426,0.1031536237584374,0.1476720704294282,0.4816512456118054,0.8513087847072269,0.8032819626482017,0.0029826478420781994,0.9619292424634994
0.55,0.3,1.0,0.08,0.72,0.38,0.5,0.6191419141914192,0.5129547686183215,0.8710462287104623,0.667818077144502,0.0,0.5105633802816901,0.9650582362728786,0.03494176372712146,0.0,601,3,0,0.010870569353533355,0.1031536237584374,0.1476720704294282,0.4816512456118054,0.8513087847072269,0.8032819626482017,0.0029826478420781994,0.9634318315816287
0.55,0.3,1.0,0.04,0.72,0.38,0.5,0.6191419141914192,0.5129547686183215,0.8710462287104623,0.667818077144502,0.0,0.5105633802816901,0.9650582362728786,0.03494176372712146,0.0,601,3,0,0.010870569353533355,0.1031536237584374,0.1476720704294282,0.4816512456118054,0.8513087847072269,0.8032819626482017,0.0029826478420781994,0.9634318315816287
0.55,0.3,1.0,0.12,0.72,0.38,0.5,0.6191419141914192,0.5129547686183215,0.8710462287104623,0.667818077144502,0.0,0.5105633802816901,0.9650582362728786,0.03494176372712146,0.0,601,3,0,0.010870569353533355,0.1031536237584374,0.1476720704294282,0.4816512456118054,0.8513087847072269,0.8032819626482017,0.0029826478420781994,0.9634318315816287
0.55,0.3,1.0,0.04,0.6,0.34,0.5,0.5590759075907591,0.4971908685295068,0.4618055555555556,0.6427807486631016,0.386986301369863,0.4736012608353034,1.0,0.0,0.0,601,2,0,0.011610320412245752,0.1031536237584374,0.1476720704294282,0.4816512456118054,0.8513087847072269,0.8032819626482017,0.0029826478420781994,0.9658840344441484
0.55,0.3,1.0,0.08,0.6,0.34,0.5,0.5590759075907591,0.4971908685295068,0.4618055555555556,0.6427807486631016,0.386986301369863,0.4736012608353034,1.0,0.0,0.0,601,2,0,0.011610320412245752,0.1031536237584374,0.1476720704294282,0.4816512456118054,0.8513087847072269,0.8032819626482017,0.0029826478420781994,0.9658840344441484
0.55,0.3,1.0,0.12,0.6,0.34,0.5,0.5590759075907591,0.4971908685295068,0.4618055555555556,0.6427807486631016,0.386986301369863,0.4736012608353034,1.0,0.0,0.0,601,2,0,0.011610320412245752,0.1031536237584374,0.1476720704294282,0.4816512456118054,0.8513087847072269,0.8032819626482017,0.0029826478420781994,0.9658840344441484
0.65,0.3,1.2,0.08,0.6,0.34,0.5,0.6811881188118812,0.6542479140235623,0.8390677025527192,0.6832786885245902,0.44039735099337746,0.5638528138528138,0.8668885191347754,0.13311148086522462,0.0,601,3,0,0.01223198734808908,0.1031536237584374,0.1476720704294282,0.4816512456118054,0.8513087847072269,0.8032819626482017,0.0029826478420781994,0.9662488875459424
0.65,0.3,1.2,0.12,0.6,0.34,0.5,0.6811881188118812,0.6542479140235623,0.8390677025527192,0.6832786885245902,0.44039735099337746,0.5638528138528138,0.8668885191347754,0.13311148086522462,0.0,601,3,0,0.01223198734808908,0.1031536237584374,0.1476720704294282,0.4816512456118054,0.8513087847072269,0.8032819626482017,0.0029826478420781994,0.9662488875459424
0.65,0.3,1.2,0.04,0.6,0.34,0.5,0.6811881188118812,0.6542479140235623,0.8390677025527192,0.6832786885245902,0.44039735099337746,0.5638528138528138,0.8668885191347754,0.13311148086522462,0.0,601,3,0,0.01223198734808908,0.1031536237584374,0.1476720704294282,0.4816512456118054,0.8513087847072269,0.8032819626482017,0.0029826478420781994,0.9662488875459424
0.65,0.1,1.0,0.12,0.6,0.34,0.25,0.6904290429042904,0.66990502409313,0.8358862144420132,0.6858673811118553,0.48796147672552165,0.5739910313901345,0.8519134775374376,0.1480865224625624,0.0,601,2,0,0.014721302042006666,0.1031536237584374,0.1476720704294282,0.4816512456118054,0.8513087847072269,0.8032819626482017,0.0029826478420781994,0.9727984407383748
0.65,0.1,1.0,0.08,0.6,0.34,0.25,0.6904290429042904,0.66990502409313,0.8358862144420132,0.6858673811118553,0.48796147672552165,0.5739910313901345,0.8519134775374376,0.1480865224625624,0.0,601,2,0,0.014721302042006666,0.1031536237584374,0.1476720704294282,0.4816512456118054,0.8513087847072269,0.8032819626482017,0.0029826478420781994,0.9727984407383748
0.65,0.1,1.0,0.04,0.6,0.34,0.25,0.6904290429042904,0.66990502409313,0.8358862144420132,0.6858673811118553,0.48796147672552165,0.5739910313901345,0.8519134775374376,0.1480865224625624,0.0,601,2,0,0.014721302042006666,0.1031536237584374,0.1476720704294282,0.4816512456118054,0.8513087847072269,0.8032819626482017,0.0029826478420781994,0.9727984407383748
0.55,0.1,1.0,0.12,0.6,0.42,0.5,0.6739273927392739,0.6397366492383204,0.8466666666666667,0.6800518134715026,0.3924914675767918,0.5567338282078473,0.8735440931780366,0.1264559068219634,0.0,601,1,0,0.013050609533063535,0.1031536237584374,0.1476720704294282,0.4816512456118054,0.8513087847072269,0.8032819626482017,0.0029826478420781994,0.9740441729129431
0.55,0.1,1.0,0.04,0.6,0.42,0.5,0.6739273927392739,0.6397366492383204,0.8466666666666667,0.6800518134715026,0.3924914675767918,0.5567338282078473,0.8735440931780366,0.1264559068219634,0.0,601,1,0,0.013050609533063535,0.1031536237584374,0.1476720704294282,0.4816512456118054,0.8513087847072269,0.8032819626482017,0.0029826478420781994,0.9740441729129431
0.55,0.1,1.0,0.08,0.6,0.42,0.5,0.6739273927392739,0.6397366492383204,0.8466666666666667,0.6800518134715026,0.3924914675767918,0.5567338282078473,0.8735440931780366,0.1264559068219634,0.0,601,1,0,0.013050609533063535,0.1031536237584374,0.1476720704294282,0.4816512456118054,0.8513087847072269,0.8032819626482017,0.0029826478420781994,0.9740441729129431
0.55,0.2,1.0,0.04,0.6,0.42,0.5,0.6732673267326733,0.6386739689652311,0.8466666666666667,0.6796116504854369,0.38974358974358975,0.5561440677966102,0.8735440931780366,0.1264559068219634,0.0,601,1,0,0.012809044413854376,0.1031536237584374,0.1476720704294282,0.4816512456118054,0.8513087847072269,0.8032819626482017,0.0029826478420781994,0.9757669191926329
0.55,0.2,1.0,0.12,0.6,0.42,0.5,0.6732673267326733,0.6386739689652311,0.8466666666666667,0.6796116504854369,0.38974358974358975,0.5561440677966102,0.8735440931780366,0.1264559068219634,0.0,601,1,0,0.012809044413854376,0.1031536237584374,0.1476720704294282,0.4816512456118054,0.8513087847072269,0.8032819626482017,0.0029826478420781994,0.9757669191926329
0.55,0.2,1.0,0.08,0.6,0.42,0.5,0.6732673267326733,0.6386739689652311,0.8466666666666667,0.6796116504854369,0.38974358974358975,0.5561440677966102,0.8735440931780366,0.1264559068219634,0.0,601,1,0,0.012809044413854376,0.1031536237584374,0.1476720704294282,0.4816512456118054,0.8513087847072269,0.8032819626482017,0.0029826478420781994,0.9757669191926329
0.55,0.1,1.0,0.12,0.6,0.42,0.25,0.6739273927392739,0.6401979294254599,0.8457269700332963,0.6796368352788587,0.39522998296422485,0.5568544102019128,0.8718801996672213,0.1281198003327787,0.0,601,1,0,0.014366451321772899,0.1031536237584374,0.1476720704294282,0.4816512456118054,0.8513087847072269,0.8032819626482017,0.0029826478420781994,0.9770770690985157
0.55,0.1,1.0,0.04,0.6,0.42,0.25,0.6739273927392739,0.6401979294254599,0.8457269700332963,0.6796368352788587,0.39522998296422485,0.5568544102019128,0.8718801996672213,0.1281198003327787,0.0,601,1,0,0.014366451321772899,0.1031536237584374,0.1476720704294282,0.4816512456118054,0.8513087847072269,0.8032819626482017,0.0029826478420781994,0.9770770690985157
0.55,0.1,1.0,0.08,0.6,0.42,0.25,0.6739273927392739,0.6401979294254599,0.8457269700332963,0.6796368352788587,0.39522998296422485,0.5568544102019128,0.8718801996672213,0.1281198003327787,0.0,601,1,0,0.014366451321772899,0.1031536237584374,0.1476720704294282,0.4816512456118054,0.8513087847072269,0.8032819626482017,0.0029826478420781994,0.9770770690985157
0.55,0.3,1.0,0.12,0.6,0.42,0.5,0.6726072607260726,0.6376083416525388,0.8466666666666667,0.6791720569210866,0.386986301369863,0.5555555555555556,0.8735440931780366,0.1264559068219634,0.0,601,1,0,0.012573125042458838,0.1031536237584374,0.1476720704294282,0.4816512456118054,0.8513087847072269,0.8032819626482017,0.0029826478420781994,0.977492612511926
0.55,0.3,1.0,0.08,0.6,0.42,0.5,0.6726072607260726,0.6376083416525388,0.8466666666666667,0.6791720569210866,0.386986301369863,0.5555555555555556,0.8735440931780366,0.1264559068219634,0.0,601,1,0,0.012573125042458838,0.1031536237584374,0.1476720704294282,0.4816512456118054,0.8513087847072269,0.8032819626482017,0.0029826478420781994,0.977492612511926
0.55,0.3,1.0,0.04,0.6,0.42,0.5,0.6726072607260726,0.6376083416525388,0.8466666666666667,0.6791720569210866,0.386986301369863,0.5555555555555556,0.8735440931780366,0.1264559068219634,0.0,601,1,0,0.012573125042458838,0.1031536237584374,0.1476720704294282,0.4816512456118054,0.8513087847072269,0.8032819626482017,0.0029826478420781994,0.977492612511926
0.65,0.2,1.0,0.08,0.6,0.34,0.25,0.6884488448844884,0.6666136928678154,0.8371584699453551,0.6844919786096256,0.4781906300484653,0.5720670391061452,0.8519134775374376,0.1480865224625624,0.0,601,1,0,0.01457072675807854,0.1031536237584374,0.1476720704294282,0.4816512456118054,0.8513087847072269,0.8032819626482017,0.0029826478420781994,0.9780699699834915
0.65,0.2,1.0,0.04,0.6,0.34,0.25,0.6884488448844884,0.6666136928678154,0.8371584699453551,0.6844919786096256,0.4781906300484653,0.5720670391061452,0.8519134775374376,0.1480865224625624,0.0,601,1,0,0.01457072675807854,0.1031536237584374,0.1476720704294282,0.4816512456118054,0.8513087847072269,0.8032819626482017,0.0029826478420781994,0.9780699699834915
0.65,0.2,1.0,0.12,0.6,0.34,0.25,0.6884488448844884,0.6666136928678154,0.8371584699453551,0.6844919786096256,0.4781906300484653,0.5720670391061452,0.8519134775374376,0.1480865224625624,0.0,601,1,0,0.01457072675807854,0.1031536237584374,0.1476720704294282,0.4816512456118054,0.8513087847072269,0.8032819626482017,0.0029826478420781994,0.9780699699834915
0.65,0.3,1.0,0.08,0.6,0.34,0.25,0.6884488448844884,0.6662160271825616,0.8384279475982532,0.6844919786096256,0.47572815533980584,0.5720670391061452,0.8519134775374376,0.1480865224625624,0.0,601,1,0,0.01444073611630076,0.1031536237584374,0.1476720704294282,0.4816512456118054,0.8513087847072269,0.8032819626482017,0.0029826478420781994,0.9784676356687453
0.65,0.3,1.0,0.04,0.6,0.34,0.25,0.6884488448844884,0.6662160271825616,0.8384279475982532,0.6844919786096256,0.47572815533980584,0.5720670391061452,0.8519134775374376,0.1480865224625624,0.0,601,1,0,0.01444073611630076,0.1031536237584374,0.1476720704294282,0.4816512456118054,0.8513087847072269,0.8032819626482017,0.0029826478420781994,0.9784676356687453
0.65,0.3,1.0,0.12,0.6,0.34,0.25,0.6884488448844884,0.6662160271825616,0.8384279475982532,0.6844919786096256,0.47572815533980584,0.5720670391061452,0.8519134775374376,0.1480865224625624,0.0,601,1,0,0.01444073611630076,0.1031536237584374,0.1476720704294282,0.4816512456118054,0.8513087847072269,0.8032819626482017,0.0029826478420781994,0.9784676356687453
0.55,0.2,1.0,0.04,0.6,0.42,0.25,0.6726072607260726,0.6385641295683914,0.8444444444444444,0.6787564766839378,0.3924914675767918,0.5556733828207847,0.8718801996672213,0.1281198003327787,0.0,601,1,0,0.014039387363074175,0.1031536237584374,0.1476720704294282,0.4816512456118054,0.8513087847072269,0.8032819626482017,0.0029826478420781994,0.9800310009687855
0.55,0.2,1.0,0.08,0.6,0.42,0.25,0.6726072607260726,0.6385641295683914,0.8444444444444444,0.6787564766839378,0.3924914675767918,0.5556733828207847,0.8718801996672213,0.1281198003327787,0.0,601,1,0,0.014039387363074175,0.1031536237584374,0.1476720704294282,0.4816512456118054,0.8513087847072269,0.8032819626482017,0.0029826478420781994,0.9800310009687855
0.55,0.2,1.0,0.12,0.6,0.42,0.25,0.6726072607260726,0.6385641295683914,0.8444444444444444,0.6787564766839378,0.3924914675767918,0.5556733828207847,0.8718801996672213,0.1281198003327787,0.0,601,1,0,0.014039387363074175,0.1031536237584374,0.1476720704294282,0.4816512456118054,0.8513087847072269,0.8032819626482017,0.0029826478420781994,0.9800310009687855
0.65,0.1,1.0,0.04,0.6,0.34,0.5,0.6884488448844884,0.6669864381851646,0.8362445414847162,0.6840696117804551,0.4806451612903226,0.5722284434490481,0.8502495840266223,0.1497504159733777,0.0,601,1,0,0.013224053701429175,0.1031536237584374,0.1476720704294282,0.4816512456118054,0.8513087847072269,0.8032819626482017,0.0029826478420781994,0.9811914010388544
0.65,0.1,1.0,0.12,0.6,0.34,0.5,0.6884488448844884,0.6669864381851646,0.8362445414847162,0.6840696117804551,0.4806451612903226,0.5722284434490481,0.8502495840266223,0.1497504159733777,0.0,601,1,0,0.013224053701429175,0.1031536237584374,0.1476720704294282,0.4816512456118054,0.8513087847072269,0.8032819626482017,0.0029826478420781994,0.9811914010388544
0.65,0.1,1.0,0.08,0.6,0.34,0.5,0.6884488448844884,0.6669864381851646,0.8362445414847162,0.6840696117804551,0.4806451612903226,0.5722284434490481,0.8502495840266223,0.1497504159733777,0.0,601,1,0,0.013224053701429175,0.1031536237584374,0.1476720704294282,0.4816512456118054,0.8513087847072269,0.8032819626482017,0.0029826478420781994,0.9811914010388544
0.65,0.2,1.0,0.08,0.6,0.34,0.5,0.6884488448844884,0.6665912910785605,0.8375136314067612,0.6840696117804551,0.4781906300484653,0.5722284434490481,0.8502495840266223,0.1497504159733777,0.0,601,1,0,0.01312902838219266,0.1031536237584374,0.1476720704294282,0.4816512456118054,0.8513087847072269,0.8032819626482017,0.0029826478420781994,0.9815865481454584
0.65,0.2,1.0,0.04,0.6,0.34,0.5,0.6884488448844884,0.6665912910785605,0.8375136314067612,0.6840696117804551,0.4781906300484653,0.5722284434490481,0.8502495840266223,0.1497504159733777,0.0,601,1,0,0.01312902838219266,0.1031536237584374,0.1476720704294282,0.4816512456118054,0.8513087847072269,0.8032819626482017,0.0029826478420781994,0.9815865481454584
0.65,0.2,1.0,0.12,0.6,0.34,0.5,0.6884488448844884,0.6665912910785605,0.8375136314067612,0.6840696117804551,0.4781906300484653,0.5722284434490481,0.8502495840266223,0.1497504159733777,0.0,601,1,0,0.01312902838219266,0.1031536237584374,0.1476720704294282,0.4816512456118054,0.8513087847072269,0.8032819626482017,0.0029826478420781994,0.9815865481454584
0.55,0.3,1.0,0.12,0.6,0.42,0.25,0.671947194719472,0.6375017287638647,0.8444444444444444,0.6783171521035599,0.38974358974358975,0.5550847457627118,0.8718801996672213,0.1281198003327787,0.0,601,1,0,0.013721613361850371,0.1031536237584374,0.1476720704294282,0.4816512456118054,0.8513087847072269,0.8032819626482017,0.0029826478420781994,0.9817534677799128
0.55,0.3,1.0,0.04,0.6,0.42,0.25,0.671947194719472,0.6375017287638647,0.8444444444444444,0.6783171521035599,0.38974358974358975,0.5550847457627118,0.8718801996672213,0.1281198003327787,0.0,601,1,0,0.013721613361850371,0.1031536237584374,0.1476720704294282,0.4816512456118054,0.8513087847072269,0.8032819626482017,0.0029826478420781994,0.9817534677799128
0.55,0.3,1.0,0.08,0.6,0.42,0.25,0.671947194719472,0.6375017287638647,0.8444444444444444,0.6783171521035599,0.38974358974358975,0.5550847457627118,0.8718801996672213,0.1281198003327787,0.0,601,1,0,0.013721613361850371,0.1031536237584374,0.1476720704294282,0.4816512456118054,0.8513087847072269,0.8032819626482017,0.0029826478420781994,0.9817534677799128
0.65,0.1,1.0,0.08,0.6,0.38,0.5,0.6897689768976898,0.6681131181540643,0.8391304347826087,0.6845637583892618,0.4806451612903226,0.5736782902137233,0.848585690515807,0.15141430948419302,0.0,601,1,0,0.013607503452048359,0.1031536237584374,0.1476720704294282,0.4816512456118054,0.8513087847072269,0.8032819626482017,0.0029826478420781994,0.9822387654294655
0.65,0.1,1.0,0.04,0.6,0.38,0.5,0.6897689768976898,0.6681131181540643,0.8391304347826087,0.6845637583892618,0.4806451612903226,0.5736782902137233,0.848585690515807,0.15141430948419302,0.0,601,1,0,0.013607503452048359,0.1031536237584374,0.1476720704294282,0.4816512456118054,0.8513087847072269,0.8032819626482017,0.0029826478420781994,0.9822387654294655
0.65,0.1,1.0,0.12,0.6,0.38,0.5,0.6897689768976898,0.6681131181540643,0.8391304347826087,0.6845637583892618,0.4806451612903226,0.5736782902137233,0.848585690515807,0.15141430948419302,0.0,601,1,0,0.013607503452048359,0.1031536237584374,0.1476720704294282,0.4816512456118054,0.8513087847072269,0.8032819626482017,0.0029826478420781994,0.9822387654294655
0.65,0.1,1.2,0.12,0.66,0.34,0.5,0.6613861386138614,0.622332199256353,0.8371040723981901,0.673871582962492,0.35602094240837695,0.5452674897119342,0.8818635607321131,0.11813643926788686,0.0,601,3,0,0.012306935326328232,0.1031536237584374,0.1476720704294282,0.4816512456118054,0.8513087847072269,0.8032819626482017,0.0029826478420781994,0.9865189951567622
0.65,0.1,1.2,0.04,0.66,0.34,0.5,0.6613861386138614,0.622332199256353,0.8371040723981901,0.673871582962492,0.35602094240837695,0.5452674897119342,0.8818635607321131,0.11813643926788686,0.0,601,3,0,0.012306935326328232,0.1031536237584374,0.1476720704294282,0.4816512456118054,0.8513087847072269,0.8032819626482017,0.0029826478420781994,0.9865189951567622
0.65,0.1,1.2,0.08,0.66,0.34,0.5,0.6613861386138614,0.622332199256353,0.8371040723981901,0.673871582962492,0.35602094240837695,0.5452674897119342,0.8818635607321131,0.11813643926788686,0.0,601,3,0,0.012306935326328232,0.1031536237584374,0.1476720704294282,0.4816512456118054,0.8513087847072269,0.8032819626482017,0.0029826478420781994,0.9865189951567622
0.65,0.1,1.0,0.04,0.6,0.38,0.25,0.6897689768976898,0.6692413070465885,0.8360477741585234,0.6837146702557201,0.48796147672552165,0.5740112994350283,0.8452579034941764,0.15474209650582363,0.0,601,3,0,0.015072571395601865,0.1031536237584374,0.1476720704294282,0.4816512456118054,0.8513087847072269,0.8032819626482017,0.0029826478420781994,0.9880989292823655
0.65,0.1,1.0,0.12,0.6,0.38,0.25,0.6897689768976898,0.6692413070465885,0.8360477741585234,0.6837146702557201,0.48796147672552165,0.5740112994350283,0.8452579034941764,0.15474209650582363,0.0,601,3,0,0.015072571395601865,0.1031536237584374,0.1476720704294282,0.4816512456118054,0.8513087847072269,0.8032819626482017,0.0029826478420781994,0.9880989292823655
0.65,0.1,1.0,0.08,0.6,0.38,0.25,0.6897689768976898,0.6692413070465885,0.8360477741585234,0.6837146702557201,0.48796147672552165,0.5740112994350283,0.8452579034941764,0.15474209650582363,0.0,601,3,0,0.015072571395601865,0.1031536237584374,0.1476720704294282,0.4816512456118054,0.8513087847072269,0.8032819626482017,0.0029826478420781994,0.9880989292823655
0.65,0.3,1.0,0.12,0.6,0.34,0.5,0.6858085808580858,0.6626831016625987,0.8375136314067612,0.6822429906542056,0.4682926829268293,0.5696767001114827,0.8502495840266223,0.1497504159733777,0.0,601,1,0,0.013084715646138244,0.1031536237584374,0.1476720704294282,0.4816512456118054,0.8513087847072269,0.8032819626482017,0.0029826478420781994,0.9881350015878229
0.65,0.3,1.0,0.04,0.6,0.34,0.5,0.6858085808580858,0.6626831016625987,0.8375136314067612,0.6822429906542056,0.4682926829268293,0.5696767001114827,0.8502495840266223,0.1497504159733777,0.0,601,1,0,0.013084715646138244,0.1031536237584374,0.1476720704294282,0.4816512456118054,0.8513087847072269,0.8032819626482017,0.0029826478420781994,0.9881350015878229
0.65,0.3,1.0,0.08,0.6,0.34,0.5,0.6858085808580858,0.6626831016625987,0.8375136314067612,0.6822429906542056,0.4682926829268293,0.5696767001114827,0.8502495840266223,0.1497504159733777,0.0,601,1,0,0.013084715646138244,0.1031536237584374,0.1476720704294282,0.4816512456118054,0.8513087847072269,0.8032819626482017,0.0029826478420781994,0.9881350015878229
0.55,0.3,1.0,0.08,0.72,0.38,0.25,0.6171617161716172,0.5110615278334892,0.8688327316486161,0.6643518518518519,0.0,0.5093167701863354,0.9550748752079867,0.04492512479201331,0.0,601,3,0,0.012144944014509215,0.1031536237584374,0.1476720704294282,0.4816512456118054,0.8513087847072269,0.8032819626482017,0.0029826478420781994,0.9882703286225357
0.55,0.3,1.0,0.12,0.72,0.38,0.25,0.6171617161716172,0.5110615278334892,0.8688327316486161,0.6643518518518519,0.0,0.5093167701863354,0.9550748752079867,0.04492512479201331,0.0,601,3,0,0.012144944014509215,0.1031536237584374,0.1476720704294282,0.4816512456118054,0.8513087847072269,0.8032819626482017,0.0029826478420781994,0.9882703286225357
0.55,0.3,1.0,0.04,0.72,0.38,0.25,0.6171617161716172,0.5110615278334892,0.8688327316486161,0.6643518518518519,0.0,0.5093167701863354,0.9550748752079867,0.04492512479201331,0.0,601,3,0,0.012144944014509215,0.1031536237584374,0.1476720704294282,0.4816512456118054,0.8513087847072269,0.8032819626482017,0.0029826478420781994,0.9882703286225357
0.65,0.1,1.2,0.08,0.6,0.38,0.25,0.6811881188118812,0.6553896259235378,0.8377192982456141,0.6803441429516877,0.44810543657331137,0.5648351648351648,0.8552412645590682,0.1447587354409318,0.0,601,2,0,0.013714898301741317,0.1031536237584374,0.1476720704294282,0.4816512456118054,0.8513087847072269,0.8032819626482017,0.0029826478420781994,0.9895664102549518
0.65,0.1,1.2,0.04,0.6,0.38,0.25,0.6811881188118812,0.6553896259235378,0.8377192982456141,0.6803441429516877,0.44810543657331137,0.5648351648351648,0.8552412645590682,0.1447587354409318,0.0,601,2,0,0.013714898301741317,0.1031536237584374,0.1476720704294282,0.4816512456118054,0.8513087847072269,0.8032819626482017,0.0029826478420781994,0.9895664102549518
0.65,0.1,1.2,0.12,0.6,0.38,0.25,0.6811881188118812,0.6553896259235378,0.8377192982456141,0.6803441429516877,0.44810543657331137,0.5648351648351648,0.8552412645590682,0.1447587354409318,0.0,601,2,0,0.013714898301741317,0.1031536237584374,0.1476720704294282,0.4816512456118054,0.8513087847072269,0.8032819626482017,0.0029826478420781994,0.9895664102549518
0.65,0.1,1.2,0.12,0.66,0.34,0.25,0.6613861386138614,0.6223163743011081,0.837471783295711,0.6734563971992361,0.35602094240837695,0.545360824742268,0.8801996672212978,0.11980033277870217,0.0,601,3,0,0.013031602995105163,0.1031536237584374,0.1476720704294282,0.4816512456118054,0.8513087847072269,0.8032819626482017,0.0029826478420781994,0.9900289964847192
0.65,0.1,1.2,0.04,0.66,0.34,0.25,0.6613861386138614,0.6223163743011081,0.837471783295711,0.6734563971992361,0.35602094240837695,0.545360824742268,0.8801996672212978,0.11980033277870217,0.0,601,3,0,0.013031602995105163,0.1031536237584374,0.1476720704294282,0.4816512456118054,0.8513087847072269,0.8032819626482017,0.0029826478420781994,0.9900289964847192
0.65,0.1,1.2,0.08,0.66,0.34,0.25,0.6613861386138614,0.6223163743011081,0.837471783295711,0.6734563971992361,0.35602094240837695,0.545360824742268,0.8801996672212978,0.11980033277870217,0.0,601,3,0,0.013031602995105163,0.1031536237584374,0.1476720704294282,0.4816512456118054,0.8513087847072269,0.8032819626482017,0.0029826478420781994,0.9900289964847192
0.65,0.1,1.2,0.08,0.6,0.38,0.5,0.6818481848184819,0.6567691065129236,0.8371584699453551,0.6799468791500664,0.45320197044334976,0.5657458563535912,0.8519134775374376,0.1480865224625624,0.0,601,1,0,0.012537560812170705,0.1031536237584374,0.1476720704294282,0.4816512456118054,0.8513087847072269,0.8032819626482017,0.0029826478420781994,0.9945152164043898
0.65,0.1,1.2,0.12,0.6,0.38,0.5,0.6818481848184819,0.6567691065129236,0.8371584699453551,0.6799468791500664,0.45320197044334976,0.5657458563535912,0.8519134775374376,0.1480865224625624,0.0,601,1,0,0.012537560812170705,0.1031536237584374,0.1476720704294282,0.4816512456118054,0.8513087847072269,0.8032819626482017,0.0029826478420781994,0.9945152164043898
0.65,0.1,1.2,0.04,0.6,0.38,0.5,0.6818481848184819,0.6567691065129236,0.8371584699453551,0.6799468791500664,0.45320197044334976,0.5657458563535912,0.8519134775374376,0.1480865224625624,0.0,601,1,0,0.012537560812170705,0.1031536237584374,0.1476720704294282,0.4816512456118054,0.8513087847072269,0.8032819626482017,0.0029826478420781994,0.9945152164043898
0.65,0.1,1.2,0.08,0.6,0.42,0.5,0.6831683168316832,0.6578905315166365,0.8400435255712732,0.6804260985352862,0.45320197044334976,0.5671476137624861,0.8502495840266223,0.1497504159733777,0.0,601,1,0,0.012660490768937476,0.1031536237584374,0.1476720704294282,0.4816512456118054,0.8513087847072269,0.8032819626482017,0.0029826478420781994,0.9955678357601877
0.65,0.1,1.2,0.12,0.6,0.42,0.5,0.6831683168316832,0.6578905315166365,0.8400435255712732,0.6804260985352862,0.45320197044334976,0.5671476137624861,0.8502495840266223,0.1497504159733777,0.0,601,1,0,0.012660490768937476,0.1031536237584374,0.1476720704294282,0.4816512456118054,0.8513087847072269,0.8032819626482017,0.0029826478420781994,0.9955678357601877
0.65,0.1,1.2,0.04,0.6,0.42,0.5,0.6831683168316832,0.6578905315166365,0.8400435255712732,0.6804260985352862,0.45320197044334976,0.5671476137624861,0.8502495840266223,0.1497504159733777,0.0,601,1,0,0.012660490768937476,0.1031536237584374,0.1476720704294282,0.4816512456118054,0.8513087847072269,0.8032819626482017,0.0029826478420781994,0.9955678357601877
0.65,0.2,1.2,0.12,0.6,0.38,0.25,0.6792079207920793,0.6527827958824672,0.836801752464403,0.6785714285714286,0.44297520661157025,0.5631174533479693,0.8535773710482529,0.1464226289517471,0.0,601,1,0,0.01350054345168108,0.1031536237584374,0.1476720704294282,0.4816512456118054,0.8513087847072269,0.8032819626482017,0.0029826478420781994,0.9976476146885366
0.65,0.2,1.2,0.04,0.6,0.38,0.25,0.6792079207920793,0.6527827958824672,0.836801752464403,0.6785714285714286,0.44297520661157025,0.5631174533479693,0.8535773710482529,0.1464226289517471,0.0,601,1,0,0.01350054345168108,0.1031536237584374,0.1476720704294282,0.4816512456118054,0.8513087847072269,0.8032819626482017,0.0029826478420781994,0.9976476146885366
0.65,0.2,1.2,0.08,0.6,0.38,0.25,0.6792079207920793,0.6527827958824672,0.836801752464403,0.6785714285714286,0.44297520661157025,0.5631174533479693,0.8535773710482529,0.1464226289517471,0.0,601,1,0,0.01350054345168108,0.1031536237584374,0.1476720704294282,0.4816512456118054,0.8513087847072269,0.8032819626482017,0.0029826478420781994,0.9976476146885366
0.65,0.2,1.2,0.12,0.6,0.38,0.5,0.6805280528052805,0.6547696664522875,0.8371584699453551,0.6790450928381963,0.44810543657331137,0.5644983461962514,0.8519134775374376,0.1480865224625624,0.0,601,1,0,0.012364522258099246,0.1031536237584374,0.1476720704294282,0.4816512456118054,0.8513087847072269,0.8032819626482017,0.0029826478420781994,0.9978347884782273
0.65,0.2,1.2,0.04,0.6,0.38,0.5,0.6805280528052805,0.6547696664522875,0.8371584699453551,0.6790450928381963,0.44810543657331137,0.5644983461962514,0.8519134775374376,0.1480865224625624,0.0,601,1,0,0.012364522258099246,0.1031536237584374,0.1476720704294282,0.4816512456118054,0.8513087847072269,0.8032819626482017,0.0029826478420781994,0.9978347884782273
0.65,0.2,1.2,0.08,0.6,0.38,0.5,0.6805280528052805,0.6547696664522875,0.8371584699453551,0.6790450928381963,0.44810543657331137,0.5644983461962514,0.8519134775374376,0.1480865224625624,0.0,601,1,0,0.012364522258099246,0.1031536237584374,0.1476720704294282,0.4816512456118054,0.8513087847072269,0.8032819626482017,0.0029826478420781994,0.9978347884782273
0.65,0.2,1.0,0.04,0.6,0.38,0.5,0.6871287128712872,0.6653484255126078,0.8364030335861322,0.6814516129032258,0.4781906300484653,0.5715896279594137,0.8435940099833611,0.15640599001663893,0.0,601,2,0,0.01359310806646566,0.1031536237584374,0.1476720704294282,0.4816512456118054,0.8513087847072269,0.8032819626482017,0.0029826478420781994,0.9981262512154611
0.65,0.2,1.0,0.08,0.6,0.38,0.5,0.6871287128712872,0.6653484255126078,0.8364030335861322,0.6814516129032258,0.4781906300484653,0.5715896279594137,0.8435940099833611,0.15640599001663893,0.0,601,2,0,0.01359310806646566,0.1031536237584374,0.1476720704294282,0.4816512456118054,0.8513087847072269,0.8032819626482017,0.0029826478420781994,0.9981262512154611
0.65,0.2,1.0,0.12,0.6,0.38,0.5,0.6871287128712872,0.6653484255126078,0.8364030335861322,0.6814516129032258,0.4781906300484653,0.5715896279594137,0.8435940099833611,0.15640599001663893,0.0,601,2,0,0.01359310806646566,0.1031536237584374,0.1476720704294282,0.4816512456118054,0.8513087847072269,0.8032819626482017,0.0029826478420781994,0.9981262512154611
0.65,0.2,1.2,0.04,0.6,0.42,0.5,0.6818481848184819,0.6558900795801098,0.8400435255712732,0.6795212765957447,0.44810543657331137,0.5658914728682171,0.8502495840266223,0.1497504159733777,0.0,601,1,0,0.012524401498588326,0.1031536237584374,0.1476720704294282,0.4816512456118054,0.8513087847072269,0.8032819626482017,0.0029826478420781994,0.9988884197099157
0.65,0.2,1.2,0.12,0.6,0.42,0.5,0.6818481848184819,0.6558900795801098,0.8400435255712732,0.6795212765957447,0.44810543657331137,0.5658914728682171,0.8502495840266223,0.1497504159733777,0.0,601,1,0,0.012524401498588326,0.1031536237584374,0.1476720704294282,0.4816512456118054,0.8513087847072269,0.8032819626482017,0.0029826478420781994,0.9988884197099157
0.65,0.2,1.2,0.08,0.6,0.42,0.5,0.6818481848184819,0.6558900795801098,0.8400435255712732,0.6795212765957447,0.44810543657331137,0.5658914728682171,0.8502495840266223,0.1497504159733777,0.0,601,1,0,0.012524401498588326,0.1031536237584374,0.1476720704294282,0.4816512456118054,0.8513087847072269,0.8032819626482017,0.0029826478420781994,0.9988884197099157
0.65,0.2,1.2,0.04,0.66,0.34,0.5,0.6613861386138614,0.6227836647310746,0.8372615039281706,0.6722044728434505,0.3588850174216028,0.5456431535269709,0.8752079866888519,0.12479201331114809,0.0,601,3,0,0.012151548499320488,0.1031536237584374,0.1476720704294282,0.4816512456118054,0.8513087847072269,0.8032819626482017,0.0029826478420781994,1.000044235172889
0.65,0.2,1.2,0.08,0.66,0.34,0.5,0.6613861386138614,0.6227836647310746,0.8372615039281706,0.6722044728434505,0.3588850174216028,0.5456431535269709,0.8752079866888519,0.12479201331114809,0.0,601,3,0,0.012151548499320488,0.1031536237584374,0.1476720704294282,0.4816512456118054,0.8513087847072269,0.8032819626482017,0.0029826478420781994,1.000044235172889
0.65,0.2,1.2,0.12,0.66,0.34,0.5,0.6613861386138614,0.6227836647310746,0.8372615039281706,0.6722044728434505,0.3588850174216028,0.5456431535269709,0.8752079866888519,0.12479201331114809,0.0,601,3,0,0.012151548499320488,0.1031536237584374,0.1476720704294282,0.4816512456118054,0.8513087847072269,0.8032819626482017,0.0029826478420781994,1.000044235172889
0.65,0.1,1.2,0.08,0.6,0.42,0.25,0.6811881188118812,0.6553183868140624,0.8387799564270153,0.6790697674418604,0.44810543657331137,0.5652654867256637,0.8502495840266223,0.1497504159733777,0.0,601,1,0,0.013938188200927579,0.1031536237584374,0.1476720704294282,0.4816512456118054,0.8513087847072269,0.8032819626482017,0.0029826478420781994,1.0001201784825637
0.65,0.1,1.2,0.04,0.6,0.42,0.25,0.6811881188118812,0.6553183868140624,0.8387799564270153,0.6790697674418604,0.44810543657331137,0.5652654867256637,0.8502495840266223,0.1497504159733777,0.0,601,1,0,0.013938188200927579,0.1031536237584374,0.1476720704294282,0.4816512456118054,0.8513087847072269,0.8032819626482017,0.0029826478420781994,1.0001201784825637
0.65,0.1,1.2,0.12,0.6,0.42,0.25,0.6811881188118812,0.6553183868140624,0.8387799564270153,0.6790697674418604,0.44810543657331137,0.5652654867256637,0.8502495840266223,0.1497504159733777,0.0,601,1,0,0.013938188200927579,0.1031536237584374,0.1476720704294282,0.4816512456118054,0.8513087847072269,0.8032819626482017,0.0029826478420781994,1.0001201784825637
0.65,0.3,1.2,0.04,0.6,0.38,0.5,0.6785478547854785,0.6517509034719667,0.8371584699453551,0.6776968894771674,0.44039735099337746,0.5626373626373626,0.8519134775374376,0.1480865224625624,0.0,601,1,0,0.012201365895512307,0.1031536237584374,0.1476720704294282,0.4816512456118054,0.8513087847072269,0.8032819626482017,0.0029826478420781994,1.00283374947835
0.65,0.3,1.2,0.12,0.6,0.38,0.5,0.6785478547854785,0.6517509034719667,0.8371584699453551,0.6776968894771674,0.44039735099337746,0.5626373626373626,0.8519134775374376,0.1480865224625624,0.0,601,1,0,0.012201365895512307,0.1031536237584374,0.1476720704294282,0.4816512456118054,0.8513087847072269,0.8032819626482017,0.0029826478420781994,1.00283374947835
0.65,0.3,1.2,0.08,0.6,0.38,0.5,0.6785478547854785,0.6517509034719667,0.8371584699453551,0.6776968894771674,0.44039735099337746,0.5626373626373626,0.8519134775374376,0.1480865224625624,0.0,601,1,0,0.012201365895512307,0.1031536237584374,0.1476720704294282,0.4816512456118054,0.8513087847072269,0.8032819626482017,0.0029826478420781994,1.00283374947835
0.65,0.2,1.2,0.12,0.6,0.42,0.25,0.6798679867986799,0.6533079032734236,0.8387799564270153,0.6781685467816855,0.44297520661157025,0.5640176600441501,0.8502495840266223,0.1497504159733777,0.0,601,1,0,0.013720778487865341,0.1031536237584374,0.1476720704294282,0.4816512456118054,0.8513087847072269,0.8032819626482017,0.0029826478420781994,1.003450794036404
0.65,0.2,1.2,0.08,0.6,0.42,0.25,0.6798679867986799,0.6533079032734236,0.8387799564270153,0.6781685467816855,0.44297520661157025,0.5640176600441501,0.8502495840266223,0.1497504159733777,0.0,601,1,0,0.013720778487865341,0.1031536237584374,0.1476720704294282,0.4816512456118054,0.8513087847072269,0.8032819626482017,0.0029826478420781994,1.003450794036404
0.65,0.2,1.2,0.04,0.6,0.42,0.25,0.6798679867986799,0.6533079032734236,0.8387799564270153,0.6781685467816855,0.44297520661157025,0.5640176600441501,0.8502495840266223,0.1497504159733777,0.0,601,1,0,0.013720778487865341,0.1031536237584374,0.1476720704294282,0.4816512456118054,0.8513087847072269,0.8032819626482017,0.0029826478420781994,1.003450794036404
0.65,0.2,1.2,0.04,0.66,0.34,0.25,0.6613861386138614,0.6227653420185383,0.8376259798432251,0.6717850287907869,0.3588850174216028,0.5457380457380457,0.8735440931780366,0.1264559068219634,0.0,601,3,0,0.012896451203568542,0.1031536237584374,0.1476720704294282,0.4816512456118054,0.8513087847072269,0.8032819626482017,0.0029826478420781994,1.0035567342581375
0.65,0.2,1.2,0.08,0.66,0.34,0.25,0.6613861386138614,0.6227653420185383,0.8376259798432251,0.6717850287907869,0.3588850174216028,0.5457380457380457,0.8735440931780366,0.1264559068219634,0.0,601,3,0,0.012896451203568542,0.1031536237584374,0.1476720704294282,0.4816512456118054,0.8513087847072269,0.8032819626482017,0.0029826478420781994,1.0035567342581375
0.65,0.2,1.2,0.12,0.66,0.34,0.25,0.6613861386138614,0.6227653420185383,0.8376259798432251,0.6717850287907869,0.3588850174216028,0.5457380457380457,0.8735440931780366,0.1264559068219634,0.0,601,3,0,0.012896451203568542,0.1031536237584374,0.1476720704294282,0.4816512456118054,0.8513087847072269,0.8032819626482017,0.0029826478420781994,1.0035567342581375
0.65,0.3,1.2,0.04,0.6,0.42,0.5,0.6798679867986799,0.652869807782112,0.8400435255712732,0.6781685467816855,0.44039735099337746,0.5640176600441501,0.8502495840266223,0.1497504159733777,0.0,601,1,0,0.012393683618562218,0.1031536237584374,0.1476720704294282,0.4816512456118054,0.8513087847072269,0.8032819626482017,0.0029826478420781994,1.0038888895277154
0.65,0.3,1.2,0.12,0.6,0.42,0.5,0.6798679867986799,0.652869807782112,0.8400435255712732,0.6781685467816855,0.44039735099337746,0.5640176600441501,0.8502495840266223,0.1497504159733777,0.0,601,1,0,0.012393683618562218,0.1031536237584374,0.1476720704294282,0.4816512456118054,0.8513087847072269,0.8032819626482017,0.0029826478420781994,1.0038888895277154
0.65,0.3,1.2,0.08,0.6,0.42,0.5,0.6798679867986799,0.652869807782112,0.8400435255712732,0.6781685467816855,0.44039735099337746,0.5640176600441501,0.8502495840266223,0.1497504159733777,0.0,601,1,0,0.012393683618562218,0.1031536237584374,0.1476720704294282,0.4816512456118054,0.8513087847072269,0.8032819626482017,0.0029826478420781994,1.0038888895277154
0.55,0.2,1.0,0.12,0.6,0.34,0.25,0.5438943894389439,0.4731589774073551,0.39201451905626133,0.6349709455890121,0.3924914675767918,0.4651702786377709,1.0,0.0,0.0,601,1,0,0.01294231518740659,0.1031536237584374,0.1476720704294282,0.4816512456118054,0.8513087847072269,0.8032819626482017,0.0029826478420781994,1.0050974437181153
0.55,0.2,1.0,0.04,0.6,0.34,0.25,0.5438943894389439,0.4731589774073551,0.39201451905626133,0.6349709455890121,0.3924914675767918,0.4651702786377709,1.0,0.0,0.0,601,1,0,0.01294231518740659,0.1031536237584374,0.1476720704294282,0.4816512456118054,0.8513087847072269,0.8032819626482017,0.0029826478420781994,1.0050974437181153
0.55,0.2,1.0,0.08,0.6,0.34,0.25,0.5438943894389439,0.4731589774073551,0.39201451905626133,0.6349709455890121,0.3924914675767918,0.4651702786377709,1.0,0.0,0.0,601,1,0,0.01294231518740659,0.1031536237584374,0.1476720704294282,0.4816512456118054,0.8513087847072269,0.8032819626482017,0.0029826478420781994,1.0050974437181153
0.65,0.3,1.2,0.08,0.6,0.38,0.25,0.6772277227722773,0.6501660724057657,0.8358862144420132,0.6768010575016523,0.43781094527363185,0.5614035087719298,0.8519134775374376,0.1480865224625624,0.0,601,1,0,0.013293310262552727,0.1031536237584374,0.1476720704294282,0.4816512456118054,0.8513087847072269,0.8032819626482017,0.0029826478420781994,1.0057387125577522
0.65,0.3,1.2,0.12,0.6,0.38,0.25,0.6772277227722773,0.6501660724057657,0.8358862144420132,0.6768010575016523,0.43781094527363185,0.5614035087719298,0.8519134775374376,0.1480865224625624,0.0,601,1,0,0.013293310262552727,0.1031536237584374,0.1476720704294282,0.4816512456118054,0.8513087847072269,0.8032819626482017,0.0029826478420781994,1.0057387125577522
0.65,0.3,1.2,0.04,0.6,0.38,0.25,0.6772277227722773,0.6501660724057657,0.8358862144420132,0.6768010575016523,0.43781094527363185,0.5614035087719298,0.8519134775374376,0.1480865224625624,0.0,601,1,0,0.013293310262552727,0.1031536237584374,0.1476720704294282,0.4816512456118054,0.8513087847072269,0.8032819626482017,0.0029826478420781994,1.0057387125577522
0.65,0.3,1.2,0.04,0.6,0.42,0.25,0.6785478547854785,0.6512868722479074,0.8387799564270153,0.6772697150430749,0.43781094527363185,0.5627753303964758,0.8502495840266223,0.1497504159733777,0.0,601,1,0,0.013507052463834322,0.1031536237584374,0.1476720704294282,0.4816512456118054,0.8513087847072269,0.8032819626482017,0.0029826478420781994,1.0067919570751214
0.65,0.3,1.2,0.12,0.6,0.42,0.25,0.6785478547854785,0.6512868722479074,0.8387799564270153,0.6772697150430749,0.43781094527363185,0.5627753303964758,0.8502495840266223,0.1497504159733777,0.0,601,1,0,0.013507052463834322,0.1031536237584374,0.1476720704294282,0.4816512456118054,0.8513087847072269,0.8032819626482017,0.0029826478420781994,1.0067919570751214
0.65,0.3,1.2,0.08,0.6,0.42,0.25,0.6785478547854785,0.6512868722479074,0.8387799564270153,0.6772697150430749,0.43781094527363185,0.5627753303964758,0.8502495840266223,0.1497504159733777,0.0,601,1,0,0.013507052463834322,0.1031536237584374,0.1476720704294282,0.4816512456118054,0.8513087847072269,0.8032819626482017,0.0029826478420781994,1.0067919570751214
0.65,0.2,1.0,0.08,0.6,0.38,0.25,0.6858085808580858,0.6641540699460716,0.8345945945945946,0.6796769851951547,0.4781906300484653,0.5706214689265536,0.8402662229617305,0.15973377703826955,0.0,601,2,0,0.014927483910816412,0.1031536237584374,0.1476720704294282,0.4816512456118054,0.8513087847072269,0.8032819626482017,0.0029826478420781994,1.0076290915406227
0.65,0.2,1.0,0.12,0.6,0.38,0.25,0.6858085808580858,0.6641540699460716,0.8345945945945946,0.6796769851951547,0.4781906300484653,0.5706214689265536,0.8402662229617305,0.15973377703826955,0.0,601,2,0,0.014927483910816412,0.1031536237584374,0.1476720704294282,0.4816512456118054,0.8513087847072269,0.8032819626482017,0.0029826478420781994,1.0076290915406227
0.65,0.2,1.0,0.04,0.6,0.38,0.25,0.6858085808580858,0.6641540699460716,0.8345945945945946,0.6796769851951547,0.4781906300484653,0.5706214689265536,0.8402662229617305,0.15973377703826955,0.0,601,2,0,0.014927483910816412,0.1031536237584374,0.1476720704294282,0.4816512456118054,0.8513087847072269,0.8032819626482017,0.0029826478420781994,1.0076290915406227
0.65,0.3,1.2,0.12,0.66,0.34,0.25,0.662046204620462,0.6232787247446473,0.84,0.6709511568123393,0.3588850174216028,0.5465968586387434,0.8685524126455907,0.1314475873544093,0.0,601,3,0,0.012759588392680859,0.1031536237584374,0.1476720704294282,0.4816512456118054,0.8513087847072269,0.8032819626482017,0.0029826478420781994,1.0128658146435645
0.65,0.3,1.2,0.08,0.66,0.34,0.25,0.662046204620462,0.6232787247446473,0.84,0.6709511568123393,0.3588850174216028,0.5465968586387434,0.8685524126455907,0.1314475873544093,0.0,601,3,0,0.012759588392680859,0.1031536237584374,0.1476720704294282,0.4816512456118054,0.8513087847072269,0.8032819626482017,0.0029826478420781994,1.0128658146435645
0.65,0.3,1.2,0.04,0.66,0.34,0.25,0.662046204620462,0.6232787247446473,0.84,0.6709511568123393,0.3588850174216028,0.5465968586387434,0.8685524126455907,0.1314475873544093,0.0,601,3,0,0.012759588392680859,0.1031536237584374,0.1476720704294282,0.4816512456118054,0.8513087847072269,0.8032819626482017,0.0029826478420781994,1.0128658146435645
0.65,0.3,1.2,0.12,0.66,0.34,0.5,0.662046204620462,0.6237781678383908,0.8390677025527192,0.6705276705276705,0.3617391304347826,0.546694648478489,0.8668885191347754,0.13311148086522462,0.0,601,3,0,0.01199544591971537,0.1031536237584374,0.1476720704294282,0.4816512456118054,0.8513087847072269,0.8032819626482017,0.0029826478420781994,1.015860547922533
0.65,0.3,1.2,0.04,0.66,0.34,0.5,0.662046204620462,0.6237781678383908,0.8390677025527192,0.6705276705276705,0.3617391304347826,0.546694648478489,0.8668885191347754,0.13311148086522462,0.0,601,3,0,0.01199544591971537,0.1031536237584374,0.1476720704294282,0.4816512456118054,0.8513087847072269,0.8032819626482017,0.0029826478420781994,1.015860547922533
0.65,0.3,1.2,0.08,0.66,0.34,0.5,0.662046204620462,0.6237781678383908,0.8390677025527192,0.6705276705276705,0.3617391304347826,0.546694648478489,0.8668885191347754,0.13311148086522462,0.0,601,3,0,0.01199544591971537,0.1031536237584374,0.1476720704294282,0.4816512456118054,0.8513087847072269,0.8032819626482017,0.0029826478420781994,1.015860547922533
0.65,0.3,1.0,0.12,0.6,0.38,0.5,0.6831683168316832,0.6602211646920728,0.8349514563106796,0.6774193548387096,0.4682926829268293,0.5682074408117249,0.8386023294509152,0.16139767054908485,0.0,601,2,0,0.013593815678327332,0.1031536237584374,0.1476720704294282,0.4816512456118054,0.8513087847072269,0.8032819626482017,0.0029826478420781994,1.0176964371937363
0.65,0.3,1.0,0.04,0.6,0.38,0.5,0.6831683168316832,0.6602211646920728,0.8349514563106796,0.6774193548387096,0.4682926829268293,0.5682074408117249,0.8386023294509152,0.16139767054908485,0.0,601,2,0,0.013593815678327332,0.1031536237584374,0.1476720704294282,0.4816512456118054,0.8513087847072269,0.8032819626482017,0.0029826478420781994,1.0176964371937363
0.65,0.3,1.0,0.08,0.6,0.38,0.5,0.6831683168316832,0.6602211646920728,0.8349514563106796,0.6774193548387096,0.4682926829268293,0.5682074408117249,0.8386023294509152,0.16139767054908485,0.0,601,2,0,0.013593815678327332,0.1031536237584374,0.1476720704294282,0.4816512456118054,0.8513087847072269,0.8032819626482017,0.0029826478420781994,1.0176964371937363
0.65,0.3,1.0,0.12,0.6,0.38,0.25,0.6831683168316832,0.6613915240976848,0.8318965517241379,0.6765498652291105,0.47572815533980584,0.5685164212910532,0.8352745424292846,0.16472545757071547,0.0,601,3,0,0.014793897832619153,0.1031536237584374,0.1476720704294282,0.4816512456118054,0.8513087847072269,0.8032819626482017,0.0029826478420781994,1.0235144305335486
0.65,0.3,1.0,0.04,0.6,0.38,0.25,0.6831683168316832,0.6613915240976848,0.8318965517241379,0.6765498652291105,0.47572815533980584,0.5685164212910532,0.8352745424292846,0.16472545757071547,0.0,601,3,0,0.014793897832619153,0.1031536237584374,0.1476720704294282,0.4816512456118054,0.8513087847072269,0.8032819626482017,0.0029826478420781994,1.0235144305335486
0.65,0.3,1.0,0.08,0.6,0.38,0.25,0.6831683168316832,0.6613915240976848,0.8318965517241379,0.6765498652291105,0.47572815533980584,0.5685164212910532,0.8352745424292846,0.16472545757071547,0.0,601,3,0,0.014793897832619153,0.1031536237584374,0.1476720704294282,0.4816512456118054,0.8513087847072269,0.8032819626482017,0.0029826478420781994,1.0235144305335486
0.65,0.3,1.0,0.08,0.66,0.34,0.25,0.6686468646864686,0.6358075059678132,0.8384279475982532,0.6710353866317169,0.3979591836734694,0.5535135135135135,0.8519134775374376,0.1480865224625624,0.0,601,0,0,0.014077055884626955,0.1031536237584374,0.1476720704294282,0.4816512456118054,0.8513087847072269,0.8032819626482017,0.0029826478420781994,1.0286781370815135
0.65,0.3,1.0,0.04,0.66,0.34,0.25,0.6686468646864686,0.6358075059678132,0.8384279475982532,0.6710353866317169,0.3979591836734694,0.5535135135135135,0.8519134775374376,0.1480865224625624,0.0,601,0,0,0.014077055884626955,0.1031536237584374,0.1476720704294282,0.4816512456118054,0.8513087847072269,0.8032819626482017,0.0029826478420781994,1.0286781370815135
0.65,0.3,1.0,0.12,0.66,0.34,0.25,0.6686468646864686,0.6358075059678132,0.8384279475982532,0.6710353866317169,0.3979591836734694,0.5535135135135135,0.8519134775374376,0.1480865224625624,0.0,601,0,0,0.014077055884626955,0.1031536237584374,0.1476720704294282,0.4816512456118054,0.8513087847072269,0.8032819626482017,0.0029826478420781994,1.0286781370815135
0.65,0.2,1.0,0.04,0.66,0.34,0.25,0.6673267326732674,0.6341818403241358,0.8371584699453551,0.6701570680628273,0.39522998296422485,0.552319309600863,0.8519134775374376,0.1480865224625624,0.0,601,0,0,0.014156795465790881,0.1031536237584374,0.1476720704294282,0.4816512456118054,0.8513087847072269,0.8032819626482017,0.0029826478420781994,1.031623934738392
0.65,0.2,1.0,0.12,0.66,0.34,0.25,0.6673267326732674,0.6341818403241358,0.8371584699453551,0.6701570680628273,0.39522998296422485,0.552319309600863,0.8519134775374376,0.1480865224625624,0.0,601,0,0,0.014156795465790881,0.1031536237584374,0.1476720704294282,0.4816512456118054,0.8513087847072269,0.8032819626482017,0.0029826478420781994,1.031623934738392
0.65,0.2,1.0,0.08,0.66,0.34,0.25,0.6673267326732674,0.6341818403241358,0.8371584699453551,0.6701570680628273,0.39522998296422485,0.552319309600863,0.8519134775374376,0.1480865224625624,0.0,601,0,0,0.014156795465790881,0.1031536237584374,0.1476720704294282,0.4816512456118054,0.8513087847072269,0.8032819626482017,0.0029826478420781994,1.031623934738392
0.65,0.1,1.0,0.04,0.66,0.34,0.25,0.6666666666666666,0.6336116559481443,0.8358862144420132,0.6697187704381949,0.39522998296422485,0.5517241379310345,0.8519134775374376,0.1480865224625624,0.0,601,0,0,0.014258380057778103,0.1031536237584374,0.1476720704294282,0.4816512456118054,0.8513087847072269,0.8032819626482017,0.0029826478420781994,1.0328541851209843
0.65,0.1,1.0,0.12,0.66,0.34,0.25,0.6666666666666666,0.6336116559481443,0.8358862144420132,0.6697187704381949,0.39522998296422485,0.5517241379310345,0.8519134775374376,0.1480865224625624,0.0,601,0,0,0.014258380057778103,0.1031536237584374,0.1476720704294282,0.4816512456118054,0.8513087847072269,0.8032819626482017,0.0029826478420781994,1.0328541851209843
0.65,0.1,1.0,0.08,0.66,0.34,0.25,0.6666666666666666,0.6336116559481443,0.8358862144420132,0.6697187704381949,0.39522998296422485,0.5517241379310345,0.8519134775374376,0.1480865224625624,0.0,601,0,0,0.014258380057778103,0.1031536237584374,0.1476720704294282,0.4816512456118054,0.8513087847072269,0.8032819626482017,0.0029826478420781994,1.0328541851209843
0.65,0.3,1.0,0.08,0.66,0.34,0.5,0.6673267326732674,0.6341561283377293,0.8375136314067612,0.6697247706422018,0.39522998296422485,0.5524324324324325,0.8502495840266223,0.1497504159733777,0.0,601,0,0,0.012771594934124818,0.1031536237584374,0.1476720704294282,0.4816512456118054,0.8513087847072269,0.8032819626482017,0.0029826478420781994,1.0351438230975105
0.65,0.3,1.0,0.04,0.66,0.34,0.5,0.6673267326732674,0.6341561283377293,0.8375136314067612,0.6697247706422018,0.39522998296422485,0.5524324324324325,0.8502495840266223,0.1497504159733777,0.0,601,0,0,0.012771594934124818,0.1031536237584374,0.1476720704294282,0.4816512456118054,0.8513087847072269,0.8032819626482017,0.0029826478420781994,1.0351438230975105
0.65,0.3,1.0,0.12,0.66,0.34,0.5,0.6673267326732674,0.6341561283377293,0.8375136314067612,0.6697247706422018,0.39522998296422485,0.5524324324324325,0.8502495840266223,0.1497504159733777,0.0,601,0,0,0.012771594934124818,0.1031536237584374,0.1476720704294282,0.4816512456118054,0.8513087847072269,0.8032819626482017,0.0029826478420781994,1.0351438230975105
0.65,0.2,1.0,0.12,0.66,0.34,0.5,0.6666666666666666,0.6330970936799576,0.8375136314067612,0.6692861820563196,0.3924914675767918,0.5518358531317494,0.8502495840266223,0.1497504159733777,0.0,601,0,0,0.012787967502956299,0.1031536237584374,0.1476720704294282,0.4816512456118054,0.8513087847072269,0.8032819626482017,0.0029826478420781994,1.036862923761883
0.65,0.2,1.0,0.08,0.66,0.34,0.5,0.6666666666666666,0.6330970936799576,0.8375136314067612,0.6692861820563196,0.3924914675767918,0.5518358531317494,0.8502495840266223,0.1497504159733777,0.0,601,0,0,0.012787967502956299,0.1031536237584374,0.1476720704294282,0.4816512456118054,0.8513087847072269,0.8032819626482017,0.0029826478420781994,1.036862923761883
0.65,0.2,1.0,0.04,0.66,0.34,0.5,0.6666666666666666,0.6330970936799576,0.8375136314067612,0.6692861820563196,0.3924914675767918,0.5518358531317494,0.8502495840266223,0.1497504159733777,0.0,601,0,0,0.012787967502956299,0.1031536237584374,0.1476720704294282,0.4816512456118054,0.8513087847072269,0.8032819626482017,0.0029826478420781994,1.036862923761883
0.65,0.1,1.0,0.04,0.66,0.34,0.5,0.666006600660066,0.632528058866925,0.8362445414847162,0.668848167539267,0.3924914675767918,0.5512405609492989,0.8502495840266223,0.1497504159733777,0.0,601,0,0,0.01285676588708671,0.1031536237584374,0.1476720704294282,0.4816512456118054,0.8513087847072269,0.8032819626482017,0.0029826478420781994,1.0380920245815162
0.65,0.1,1.0,0.12,0.66,0.34,0.5,0.666006600660066,0.632528058866925,0.8362445414847162,0.668848167539267,0.3924914675767918,0.5512405609492989,0.8502495840266223,0.1497504159733777,0.0,601,0,0,0.01285676588708671,0.1031536237584374,0.1476720704294282,0.4816512456118054,0.8513087847072269,0.8032819626482017,0.0029826478420781994,1.0380920245815162
0.65,0.1,1.0,0.08,0.66,0.34,0.5,0.666006600660066,0.632528058866925,0.8362445414847162,0.668848167539267,0.3924914675767918,0.5512405609492989,0.8502495840266223,0.1497504159733777,0.0,601,0,0,0.01285676588708671,0.1031536237584374,0.1476720704294282,0.4816512456118054,0.8513087847072269,0.8032819626482017,0.0029826478420781994,1.0380920245815162
0.65,0.1,1.0,0.04,0.66,0.38,0.5,0.6673267326732674,0.6336377469806925,0.8391304347826087,0.6692913385826772,0.3924914675767918,0.5525460455037919,0.848585690515807,0.15141430948419302,0.0,601,0,0,0.013237516431527551,0.1031536237584374,0.1476720704294282,0.4816512456118054,0.8513087847072269,0.8032819626482017,0.0029826478420781994,1.0391563808272595
0.65,0.1,1.0,0.12,0.66,0.38,0.5,0.6673267326732674,0.6336377469806925,0.8391304347826087,0.6692913385826772,0.3924914675767918,0.5525460455037919,0.848585690515807,0.15141430948419302,0.0,601,0,0,0.013237516431527551,0.1031536237584374,0.1476720704294282,0.4816512456118054,0.8513087847072269,0.8032819626482017,0.0029826478420781994,1.0391563808272595
0.65,0.1,1.0,0.08,0.66,0.38,0.5,0.6673267326732674,0.6336377469806925,0.8391304347826087,0.6692913385826772,0.3924914675767918,0.5525460455037919,0.848585690515807,0.15141430948419302,0.0,601,0,0,0.013237516431527551,0.1031536237584374,0.1476720704294282,0.4816512456118054,0.8513087847072269,0.8032819626482017,0.0029826478420781994,1.0391563808272595
0.65,0.1,1.2,0.08,0.66,0.38,0.25,0.6587458745874587,0.6197041363129269,0.8377192982456141,0.6653721682847896,0.35602094240837695,0.5444915254237288,0.8552412645590682,0.1447587354409318,0.0,601,2,0,0.013249143681238081,0.1031536237584374,0.1476720704294282,0.4816512456118054,0.8513087847072269,0.8032819626482017,0.0029826478420781994,1.0476941440899852
0.65,0.1,1.2,0.04,0.66,0.38,0.25,0.6587458745874587,0.6197041363129269,0.8377192982456141,0.6653721682847896,0.35602094240837695,0.5444915254237288,0.8552412645590682,0.1447587354409318,0.0,601,2,0,0.013249143681238081,0.1031536237584374,0.1476720704294282,0.4816512456118054,0.8513087847072269,0.8032819626482017,0.0029826478420781994,1.0476941440899852
0.65,0.1,1.2,0.12,0.66,0.38,0.25,0.6587458745874587,0.6197041363129269,0.8377192982456141,0.6653721682847896,0.35602094240837695,0.5444915254237288,0.8552412645590682,0.1447587354409318,0.0,601,2,0,0.013249143681238081,0.1031536237584374,0.1476720704294282,0.4816512456118054,0.8513087847072269,0.8032819626482017,0.0029826478420781994,1.0476941440899852
0.65,0.1,1.0,0.12,0.66,0.38,0.25,0.666006600660066,0.6329401546957562,0.8360477741585234,0.6675427069645203,0.39522998296422485,0.5515743756786102,0.8452579034941764,0.15474209650582363,0.0,601,1,0,0.01460992522248579,0.1031536237584374,0.1476720704294282,0.4816512456118054,0.8513087847072269,0.8032819626482017,0.0029826478420781994,1.0481624578708215
0.65,0.1,1.0,0.08,0.66,0.38,0.25,0.666006600660066,0.6329401546957562,0.8360477741585234,0.6675427069645203,0.39522998296422485,0.5515743756786102,0.8452579034941764,0.15474209650582363,0.0,601,1,0,0.01460992522248579,0.1031536237584374,0.1476720704294282,0.4816512456118054,0.8513087847072269,0.8032819626482017,0.0029826478420781994,1.0481624578708215
0.65,0.1,1.0,0.04,0.66,0.38,0.25,0.666006600660066,0.6329401546957562,0.8360477741585234,0.6675427069645203,0.39522998296422485,0.5515743756786102,0.8452579034941764,0.15474209650582363,0.0,601,1,0,0.01460992522248579,0.1031536237584374,0.1476720704294282,0.4816512456118054,0.8513087847072269,0.8032819626482017,0.0029826478420781994,1.0481624578708215
0.55,0.2,1.0,0.12,0.6,0.34,0.5,0.5273927392739274,0.4450745473003399,0.3187855787476281,0.6266944734098019,0.38974358974358975,0.4563401670463174,1.0,0.0,0.0,601,2,0,0.011564462857658957,0.1031536237584374,0.1476720704294282,0.4816512456118054,0.8513087847072269,0.8032819626482017,0.0029826478420781994,1.0496835239901467
0.55,0.2,1.0,0.04,0.6,0.34,0.5,0.5273927392739274,0.4450745473003399,0.3187855787476281,0.6266944734098019,0.38974358974358975,0.4563401670463174,1.0,0.0,0.0,601,2,0,0.011564462857658957,0.1031536237584374,0.1476720704294282,0.4816512456118054,0.8513087847072269,0.8032819626482017,0.0029826478420781994,1.0496835239901467
0.55,0.2,1.0,0.08,0.6,0.34,0.5,0.5273927392739274,0.4450745473003399,0.3187855787476281,0.6266944734098019,0.38974358974358975,0.4563401670463174,1.0,0.0,0.0,601,2,0,0.011564462857658957,0.1031536237584374,0.1476720704294282,0.4816512456118054,0.8513087847072269,0.8032819626482017,0.0029826478420781994,1.0496835239901467
0.65,0.2,1.2,0.04,0.66,0.38,0.25,0.6587458745874587,0.6202084005042356,0.836801752464403,0.6649384316267012,0.3588850174216028,0.5445859872611465,0.8535773710482529,0.1464226289517471,0.0,601,1,0,0.013079035880071676,0.1031536237584374,0.1476720704294282,0.4816512456118054,0.8513087847072269,0.8032819626482017,0.0029826478420781994,1.0506840562713886
0.65,0.2,1.2,0.08,0.66,0.38,0.25,0.6587458745874587,0.6202084005042356,0.836801752464403,0.6649384316267012,0.3588850174216028,0.5445859872611465,0.8535773710482529,0.1464226289517471,0.0,601,1,0,0.013079035880071676,0.1031536237584374,0.1476720704294282,0.4816512456118054,0.8513087847072269,0.8032819626482017,0.0029826478420781994,1.0506840562713886
0.65,0.2,1.2,0.12,0.66,0.38,0.25,0.6587458745874587,0.6202084005042356,0.836801752464403,0.6649384316267012,0.3588850174216028,0.5445859872611465,0.8535773710482529,0.1464226289517471,0.0,601,1,0,0.013079035880071676,0.1031536237584374,0.1476720704294282,0.4816512456118054,0.8513087847072269,0.8032819626482017,0.0029826478420781994,1.0506840562713886
0.65,0.3,1.2,0.12,0.66,0.38,0.5,0.6594059405940594,0.6212775551050675,0.8371584699453551,0.6649350649350649,0.3617391304347826,0.5452609158679447,0.8519134775374376,0.1480865224625624,0.0,601,1,0,0.011965406402058577,0.1031536237584374,0.1476720704294282,0.4816512456118054,0.8513087847072269,0.8032819626482017,0.0029826478420781994,1.0524490120366683
0.65,0.3,1.2,0.08,0.66,0.38,0.5,0.6594059405940594,0.6212775551050675,0.8371584699453551,0.6649350649350649,0.3617391304347826,0.5452609158679447,0.8519134775374376,0.1480865224625624,0.0,601,1,0,0.011965406402058577,0.1031536237584374,0.1476720704294282,0.4816512456118054,0.8513087847072269,0.8032819626482017,0.0029826478420781994,1.0524490120366683
0.65,0.3,1.2,0.04,0.66,0.38,0.5,0.6594059405940594,0.6212775551050675,0.8371584699453551,0.6649350649350649,0.3617391304347826,0.5452609158679447,0.8519134775374376,0.1480865224625624,0.0,601,1,0,0.011965406402058577,0.1031536237584374,0.1476720704294282,0.4816512456118054,0.8513087847072269,0.8032819626482017,0.0029826478420781994,1.0524490120366683
0.65,0.2,1.0,0.08,0.66,0.38,0.5,0.6653465346534654,0.6318537226098636,0.8364030335861322,0.6666666666666666,0.3924914675767918,0.5510869565217391,0.8435940099833611,0.15640599001663893,0.0,601,1,0,0.013248980587701594,0.1031536237584374,0.1476720704294282,0.4816512456118054,0.8513087847072269,0.8032819626482017,0.0029826478420781994,1.053403132336027
0.65,0.2,1.0,0.12,0.66,0.38,0.5,0.6653465346534654,0.6318537226098636,0.8364030335861322,0.6666666666666666,0.3924914675767918,0.5510869565217391,0.8435940099833611,0.15640599001663893,0.0,601,1,0,0.013248980587701594,0.1031536237584374,0.1476720704294282,0.4816512456118054,0.8513087847072269,0.8032819626482017,0.0029826478420781994,1.053403132336027
0.65,0.2,1.0,0.04,0.66,0.38,0.5,0.6653465346534654,0.6318537226098636,0.8364030335861322,0.6666666666666666,0.3924914675767918,0.5510869565217391,0.8435940099833611,0.15640599001663893,0.0,601,1,0,0.013248980587701594,0.1031536237584374,0.1476720704294282,0.4816512456118054,0.8513087847072269,0.8032819626482017,0.0029826478420781994,1.053403132336027
0.65,0.3,1.2,0.04,0.66,0.42,0.5,0.6607260726072607,0.6223824131131297,0.8400435255712732,0.6653645833333334,0.3617391304347826,0.546524064171123,0.8502495840266223,0.1497504159733777,0.0,601,1,0,0.012157069197884368,0.1031536237584374,0.1476720704294282,0.4816512456118054,0.8513087847072269,0.8032819626482017,0.0029826478420781994,1.0535181983881168
0.65,0.3,1.2,0.12,0.66,0.42,0.5,0.6607260726072607,0.6223824131131297,0.8400435255712732,0.6653645833333334,0.3617391304347826,0.546524064171123,0.8502495840266223,0.1497504159733777,0.0,601,1,0,0.012157069197884368,0.1031536237584374,0.1476720704294282,0.4816512456118054,0.8513087847072269,0.8032819626482017,0.0029826478420781994,1.0535181983881168
0.65,0.3,1.2,0.08,0.66,0.42,0.5,0.6607260726072607,0.6223824131131297,0.8400435255712732,0.6653645833333334,0.3617391304347826,0.546524064171123,0.8502495840266223,0.1497504159733777,0.0,601,1,0,0.012157069197884368,0.1031536237584374,0.1476720704294282,0.4816512456118054,0.8513087847072269,0.8032819626482017,0.0029826478420781994,1.0535181983881168
0.65,0.2,1.2,0.12,0.66,0.38,0.5,0.6587458745874587,0.6201823521593083,0.8371584699453551,0.6645035691109669,0.3588850174216028,0.5446808510638298,0.8519134775374376,0.1480865224625624,0.0,601,1,0,0.012105077425285651,0.1031536237584374,0.1476720704294282,0.4816512456118054,0.8513087847072269,0.8032819626482017,0.0029826478420781994,1.0542042809890282
0.65,0.2,1.2,0.08,0.66,0.38,0.5,0.6587458745874587,0.6201823521593083,0.8371584699453551,0.6645035691109669,0.3588850174216028,0.5446808510638298,0.8519134775374376,0.1480865224625624,0.0,601,1,0,0.012105077425285651,0.1031536237584374,0.1476720704294282,0.4816512456118054,0.8513087847072269,0.8032819626482017,0.0029826478420781994,1.0542042809890282
0.65,0.2,1.2,0.04,0.66,0.38,0.5,0.6587458745874587,0.6201823521593083,0.8371584699453551,0.6645035691109669,0.3588850174216028,0.5446808510638298,0.8519134775374376,0.1480865224625624,0.0,601,1,0,0.012105077425285651,0.1031536237584374,0.1476720704294282,0.4816512456118054,0.8513087847072269,0.8032819626482017,0.0029826478420781994,1.0542042809890282
0.65,0.2,1.2,0.04,0.66,0.42,0.5,0.6600660066006601,0.6212867426979072,0.8400435255712732,0.6649316851008458,0.3588850174216028,0.5459401709401709,0.8502495840266223,0.1497504159733777,0.0,601,1,0,0.012264153210745579,0.1031536237584374,0.1476720704294282,0.4816512456118054,0.8513087847072269,0.8032819626482017,0.0029826478420781994,1.05527393480994
0.65,0.2,1.2,0.08,0.66,0.42,0.5,0.6600660066006601,0.6212867426979072,0.8400435255712732,0.6649316851008458,0.3588850174216028,0.5459401709401709,0.8502495840266223,0.1497504159733777,0.0,601,1,0,0.012264153210745579,0.1031536237584374,0.1476720704294282,0.4816512456118054,0.8513087847072269,0.8032819626482017,0.0029826478420781994,1.05527393480994
0.65,0.2,1.2,0.12,0.66,0.42,0.5,0.6600660066006601,0.6212867426979072,0.8400435255712732,0.6649316851008458,0.3588850174216028,0.5459401709401709,0.8502495840266223,0.1497504159733777,0.0,601,1,0,0.012264153210745579,0.1031536237584374,0.1476720704294282,0.4816512456118054,0.8513087847072269,0.8032819626482017,0.0029826478420781994,1.05527393480994
0.55,0.3,1.0,0.04,0.66,0.34,0.25,0.528052805280528,0.4387632742739887,0.5183946488294314,0.6270213875847679,0.170873786407767,0.4566869300911854,1.0,0.0,0.0,601,5,0,0.012368504672155707,0.1031536237584374,0.1476720704294282,0.4816512456118054,0.8513087847072269,0.8032819626482017,0.0029826478420781994,1.0553347310098975
0.55,0.3,1.0,0.08,0.66,0.34,0.25,0.528052805280528,0.4387632742739887,0.5183946488294314,0.6270213875847679,0.170873786407767,0.4566869300911854,1.0,0.0,0.0,601,5,0,0.012368504672155707,0.1031536237584374,0.1476720704294282,0.4816512456118054,0.8513087847072269,0.8032819626482017,0.0029826478420781994,1.0553347310098975
0.55,0.3,1.0,0.12,0.66,0.34,0.25,0.528052805280528,0.4387632742739887,0.5183946488294314,0.6270213875847679,0.170873786407767,0.4566869300911854,1.0,0.0,0.0,601,5,0,0.012368504672155707,0.1031536237584374,0.1476720704294282,0.4816512456118054,0.8513087847072269,0.8032819626482017,0.0029826478420781994,1.0553347310098975
0.65,0.3,1.2,0.04,0.66,0.38,0.25,0.6580858085808581,0.6196146216026147,0.8358862144420132,0.6640726329442282,0.3588850174216028,0.5441020191285866,0.8519134775374376,0.1480865224625624,0.0,601,1,0,0.012918191306344131,0.1031536237584374,0.1476720704294282,0.4816512456118054,0.8513087847072269,0.8032819626482017,0.0029826478420781994,1.0554320775523225
0.65,0.3,1.2,0.12,0.66,0.38,0.25,0.6580858085808581,0.6196146216026147,0.8358862144420132,0.6640726329442282,0.3588850174216028,0.5441020191285866,0.8519134775374376,0.1480865224625624,0.0,601,1,0,0.012918191306344131,0.1031536237584374,0.1476720704294282,0.4816512456118054,0.8513087847072269,0.8032819626482017,0.0029826478420781994,1.0554320775523225
0.65,0.3,1.2,0.08,0.66,0.38,0.25,0.6580858085808581,0.6196146216026147,0.8358862144420132,0.6640726329442282,0.3588850174216028,0.5441020191285866,0.8519134775374376,0.1480865224625624,0.0,601,1,0,0.012918191306344131,0.1031536237584374,0.1476720704294282,0.4816512456118054,0.8513087847072269,0.8032819626482017,0.0029826478420781994,1.0554320775523225
0.65,0.1,1.2,0.04,0.66,0.38,0.5,0.6580858085808581,0.6190840150993201,0.8371584699453551,0.6640726329442282,0.35602094240837695,0.5441020191285866,0.8519134775374376,0.1480865224625624,0.0,601,1,0,0.01225811099488183,0.1031536237584374,0.1476720704294282,0.4816512456118054,0.8513087847072269,0.8032819626482017,0.0029826478420781994,1.055962684055617
0.65,0.1,1.2,0.12,0.66,0.38,0.5,0.6580858085808581,0.6190840150993201,0.8371584699453551,0.6640726329442282,0.35602094240837695,0.5441020191285866,0.8519134775374376,0.1480865224625624,0.0,601,1,0,0.01225811099488183,0.1031536237584374,0.1476720704294282,0.4816512456118054,0.8513087847072269,0.8032819626482017,0.0029826478420781994,1.055962684055617
0.65,0.1,1.2,0.08,0.66,0.38,0.5,0.6580858085808581,0.6190840150993201,0.8371584699453551,0.6640726329442282,0.35602094240837695,0.5441020191285866,0.8519134775374376,0.1480865224625624,0.0,601,1,0,0.01225811099488183,0.1031536237584374,0.1476720704294282,0.4816512456118054,0.8513087847072269,0.8032819626482017,0.0029826478420781994,1.055962684055617
0.65,0.2,1.0,0.08,0.66,0.38,0.25,0.6653465346534654,0.6323185332990717,0.8354978354978355,0.6662277814351547,0.39522998296422485,0.55119825708061,0.8419301164725458,0.15806988352745424,0.0,601,1,0,0.014513482223622623,0.1031536237584374,0.1476720704294282,0.4816512456118054,0.8513087847072269,0.8032819626482017,0.0029826478420781994,1.0564324980195308
0.65,0.2,1.0,0.04,0.66,0.38,0.25,0.6653465346534654,0.6323185332990717,0.8354978354978355,0.6662277814351547,0.39522998296422485,0.55119825708061,0.8419301164725458,0.15806988352745424,0.0,601,1,0,0.014513482223622623,0.1031536237584374,0.1476720704294282,0.4816512456118054,0.8513087847072269,0.8032819626482017,0.0029826478420781994,1.0564324980195308
0.65,0.2,1.0,0.12,0.66,0.38,0.25,0.6653465346534654,0.6323185332990717,0.8354978354978355,0.6662277814351547,0.39522998296422485,0.55119825708061,0.8419301164725458,0.15806988352745424,0.0,601,1,0,0.014513482223622623,0.1031536237584374,0.1476720704294282,0.4816512456118054,0.8513087847072269,0.8032819626482017,0.0029826478420781994,1.0564324980195308
0.65,0.2,1.2,0.08,0.66,0.42,0.25,0.6594059405940594,0.6207214412178531,0.8387799564270153,0.6644993498049415,0.3588850174216028,0.5453575240128068,0.8502495840266223,0.1497504159733777,0.0,601,1,0,0.013302399833454897,0.1031536237584374,0.1476720704294282,0.4816512456118054,0.8513087847072269,0.8032819626482017,0.0029826478420781994,1.0564993022965947
0.65,0.2,1.2,0.12,0.66,0.42,0.25,0.6594059405940594,0.6207214412178531,0.8387799564270153,0.6644993498049415,0.3588850174216028,0.5453575240128068,0.8502495840266223,0.1497504159733777,0.0,601,1,0,0.013302399833454897,0.1031536237584374,0.1476720704294282,0.4816512456118054,0.8513087847072269,0.8032819626482017,0.0029826478420781994,1.0564993022965947
0.65,0.3,1.2,0.08,0.66,0.42,0.25,0.6594059405940594,0.6207214412178531,0.8387799564270153,0.6644993498049415,0.3588850174216028,0.5453575240128068,0.8502495840266223,0.1497504159733777,0.0,601,1,0,0.013134754920281046,0.1031536237584374,0.1476720704294282,0.4816512456118054,0.8513087847072269,0.8032819626482017,0.0029826478420781994,1.0564993022965947
0.65,0.2,1.2,0.04,0.66,0.42,0.25,0.6594059405940594,0.6207214412178531,0.8387799564270153,0.6644993498049415,0.3588850174216028,0.5453575240128068,0.8502495840266223,0.1497504159733777,0.0,601,1,0,0.013302399833454897,0.1031536237584374,0.1476720704294282,0.4816512456118054,0.8513087847072269,0.8032819626482017,0.0029826478420781994,1.0564993022965947
0.65,0.3,1.2,0.04,0.66,0.42,0.25,0.6594059405940594,0.6207214412178531,0.8387799564270153,0.6644993498049415,0.3588850174216028,0.5453575240128068,0.8502495840266223,0.1497504159733777,0.0,601,1,0,0.013134754920281046,0.1031536237584374,0.1476720704294282,0.4816512456118054,0.8513087847072269,0.8032819626482017,0.0029826478420781994,1.0564993022965947
0.65,0.3,1.2,0.12,0.66,0.42,0.25,0.6594059405940594,0.6207214412178531,0.8387799564270153,0.6644993498049415,0.3588850174216028,0.5453575240128068,0.8502495840266223,0.1497504159733777,0.0,601,1,0,0.013134754920281046,0.1031536237584374,0.1476720704294282,0.4816512456118054,0.8513087847072269,0.8032819626482017,0.0029826478420781994,1.0564993022965947
0.65,0.1,1.2,0.12,0.66,0.42,0.5,0.6594059405940594,0.6201879392615305,0.8400435255712732,0.6644993498049415,0.35602094240837695,0.5453575240128068,0.8502495840266223,0.1497504159733777,0.0,601,1,0,0.012380292408961054,0.1031536237584374,0.1476720704294282,0.4816512456118054,0.8513087847072269,0.8032819626482017,0.0029826478420781994,1.0570328042529173
0.65,0.1,1.2,0.04,0.66,0.42,0.5,0.6594059405940594,0.6201879392615305,0.8400435255712732,0.6644993498049415,0.35602094240837695,0.5453575240128068,0.8502495840266223,0.1497504159733777,0.0,601,1,0,0.012380292408961054,0.1031536237584374,0.1476720704294282,0.4816512456118054,0.8513087847072269,0.8032819626482017,0.0029826478420781994,1.0570328042529173
0.65,0.1,1.2,0.08,0.66,0.42,0.5,0.6594059405940594,0.6201879392615305,0.8400435255712732,0.6644993498049415,0.35602094240837695,0.5453575240128068,0.8502495840266223,0.1497504159733777,0.0,601,1,0,0.012380292408961054,0.1031536237584374,0.1476720704294282,0.4816512456118054,0.8513087847072269,0.8032819626482017,0.0029826478420781994,1.0570328042529173
0.65,0.1,1.2,0.04,0.66,0.42,0.25,0.6587458745874587,0.6196228250612233,0.8387799564270153,0.6640675763482781,0.35602094240837695,0.5447761194029851,0.8502495840266223,0.1497504159733777,0.0,601,1,0,0.013475456008383664,0.1031536237584374,0.1476720704294282,0.4816512456118054,0.8513087847072269,0.8032819626482017,0.0029826478420781994,1.0582579844598252
0.65,0.1,1.2,0.12,0.66,0.42,0.25,0.6587458745874587,0.6196228250612233,0.8387799564270153,0.6640675763482781,0.35602094240837695,0.5447761194029851,0.8502495840266223,0.1497504159733777,0.0,601,1,0,0.013475456008383664,0.1031536237584374,0.1476720704294282,0.4816512456118054,0.8513087847072269,0.8032819626482017,0.0029826478420781994,1.0582579844598252
0.65,0.1,1.2,0.08,0.66,0.42,0.25,0.6587458745874587,0.6196228250612233,0.8387799564270153,0.6640675763482781,0.35602094240837695,0.5447761194029851,0.8502495840266223,0.1497504159733777,0.0,601,1,0,0.013475456008383664,0.1031536237584374,0.1476720704294282,0.4816512456118054,0.8513087847072269,0.8032819626482017,0.0029826478420781994,1.0582579844598252
0.65,0.3,1.0,0.04,0.66,0.38,0.5,0.664026402640264,0.6311308782986796,0.8336933045356372,0.6644693473961767,0.39522998296422485,0.5502183406113537,0.8386023294509152,0.16139767054908485,0.0,601,1,0,0.013278468386783428,0.1031536237584374,0.1476720704294282,0.4816512456118054,0.8513087847072269,0.8032819626482017,0.0029826478420781994,1.0659286377785486
0.65,0.3,1.0,0.12,0.66,0.38,0.5,0.664026402640264,0.6311308782986796,0.8336933045356372,0.6644693473961767,0.39522998296422485,0.5502183406113537,0.8386023294509152,0.16139767054908485,0.0,601,1,0,0.013278468386783428,0.1031536237584374,0.1476720704294282,0.4816512456118054,0.8513087847072269,0.8032819626482017,0.0029826478420781994,1.0659286377785486
0.65,0.3,1.0,0.08,0.66,0.38,0.5,0.664026402640264,0.6311308782986796,0.8336933045356372,0.6644693473961767,0.39522998296422485,0.5502183406113537,0.8386023294509152,0.16139767054908485,0.0,601,1,0,0.013278468386783428,0.1031536237584374,0.1476720704294282,0.4816512456118054,0.8513087847072269,0.8032819626482017,0.0029826478420781994,1.0659286377785486
0.65,0.3,1.0,0.08,0.66,0.38,0.25,0.6633663366336634,0.6309999082765252,0.8318965517241379,0.6631439894319683,0.3979591836734694,0.5498357064622125,0.8352745424292846,0.16472545757071547,0.0,601,2,0,0.014430371214036128,0.1031536237584374,0.1476720704294282,0.4816512456118054,0.8513087847072269,0.8032819626482017,0.0029826478420781994,1.073708026552728
0.65,0.3,1.0,0.04,0.66,0.38,0.25,0.6633663366336634,0.6309999082765252,0.8318965517241379,0.6631439894319683,0.3979591836734694,0.5498357064622125,0.8352745424292846,0.16472545757071547,0.0,601,2,0,0.014430371214036128,0.1031536237584374,0.1476720704294282,0.4816512456118054,0.8513087847072269,0.8032819626482017,0.0029826478420781994,1.073708026552728
0.65,0.3,1.0,0.12,0.66,0.38,0.25,0.6633663366336634,0.6309999082765252,0.8318965517241379,0.6631439894319683,0.3979591836734694,0.5498357064622125,0.8352745424292846,0.16472545757071547,0.0,601,2,0,0.014430371214036128,0.1031536237584374,0.1476720704294282,0.4816512456118054,0.8513087847072269,0.8032819626482017,0.0029826478420781994,1.073708026552728
0.65,0.3,1.0,0.12,0.72,0.34,0.5,0.6501650165016502,0.6056248003397328,0.8375136314067612,0.6585051546391752,0.32085561497326204,0.53732912723449,0.8502495840266223,0.1497504159733777,0.0,601,1,0,0.012534796878587069,0.1031536237584374,0.1476720704294282,0.4816512456118054,0.8513087847072269,0.8032819626482017,0.0029826478420781994,1.0808368672671242
0.65,0.3,1.0,0.08,0.72,0.34,0.5,0.6501650165016502,0.6056248003397328,0.8375136314067612,0.6585051546391752,0.32085561497326204,0.53732912723449,0.8502495840266223,0.1497504159733777,0.0,601,1,0,0.012534796878587069,0.1031536237584374,0.1476720704294282,0.4816512456118054,0.8513087847072269,0.8032819626482017,0.0029826478420781994,1.0808368672671242
0.65,0.3,1.0,0.04,0.72,0.34,0.5,0.6501650165016502,0.6056248003397328,0.8375136314067612,0.6585051546391752,0.32085561497326204,0.53732912723449,0.8502495840266223,0.1497504159733777,0.0,601,1,0,0.012534796878587069,0.1031536237584374,0.1476720704294282,0.4816512456118054,0.8513087847072269,0.8032819626482017,0.0029826478420781994,1.0808368672671242
0.65,0.3,1.0,0.08,0.72,0.34,0.25,0.6468646864686468,0.5993206508058991,0.8384279475982532,0.6568313021167415,0.3027027027027027,0.534446764091858,0.8519134775374376,0.1480865224625624,0.0,601,2,0,0.013674225494409326,0.1031536237584374,0.1476720704294282,0.4816512456118054,0.8513087847072269,0.8032819626482017,0.0029826478420781994,1.0869471704612492
0.65,0.3,1.0,0.12,0.72,0.34,0.25,0.6468646864686468,0.5993206508058991,0.8384279475982532,0.6568313021167415,0.3027027027027027,0.534446764091858,0.8519134775374376,0.1480865224625624,0.0,601,2,0,0.013674225494409326,0.1031536237584374,0.1476720704294282,0.4816512456118054,0.8513087847072269,0.8032819626482017,0.0029826478420781994,1.0869471704612492
0.65,0.3,1.0,0.04,0.72,0.34,0.25,0.6468646864686468,0.5993206508058991,0.8384279475982532,0.6568313021167415,0.3027027027027027,0.534446764091858,0.8519134775374376,0.1480865224625624,0.0,601,2,0,0.013674225494409326,0.1031536237584374,0.1476720704294282,0.4816512456118054,0.8513087847072269,0.8032819626482017,0.0029826478420781994,1.0869471704612492
0.55,0.3,1.0,0.12,0.66,0.34,0.5,0.5141914191419142,0.4191023942769689,0.4591304347826087,0.6202270381836945,0.17794970986460348,0.4495138369483919,1.0,0.0,0.0,601,4,0,0.011288481409781576,0.1031536237584374,0.1476720704294282,0.4816512456118054,0.8513087847072269,0.8032819626482017,0.0029826478420781994,1.0888569971455309
0.55,0.3,1.0,0.04,0.66,0.34,0.5,0.5141914191419142,0.4191023942769689,0.4591304347826087,0.6202270381836945,0.17794970986460348,0.4495138369483919,1.0,0.0,0.0,601,4,0,0.011288481409781576,0.1031536237584374,0.1476720704294282,0.4816512456118054,0.8513087847072269,0.8032819626482017,0.0029826478420781994,1.0888569971455309
0.55,0.3,1.0,0.08,0.66,0.34,0.5,0.5141914191419142,0.4191023942769689,0.4591304347826087,0.6202270381836945,0.17794970986460348,0.4495138369483919,1.0,0.0,0.0,601,4,0,0.011288481409781576,0.1031536237584374,0.1476720704294282,0.4816512456118054,0.8513087847072269,0.8032819626482017,0.0029826478420781994,1.0888569971455309
0.55,0.1,1.0,0.12,0.66,0.42,0.5,0.6283828382838283,0.5578067491144164,0.8476084538375973,0.6513931888544892,0.1744186046511628,0.5187376725838264,0.8752079866888519,0.12479201331114809,0.0,601,3,0,0.012685072722464628,0.1031536237584374,0.1476720704294282,0.4816512456118054,0.8513087847072269,0.8032819626482017,0.0029826478420781994,1.0980244511195802
0.55,0.1,1.0,0.08,0.66,0.42,0.5,0.6283828382838283,0.5578067491144164,0.8476084538375973,0.6513931888544892,0.1744186046511628,0.5187376725838264,0.8752079866888519,0.12479201331114809,0.0,601,3,0,0.012685072722464628,0.1031536237584374,0.1476720704294282,0.4816512456118054,0.8513087847072269,0.8032819626482017,0.0029826478420781994,1.0980244511195802
0.55,0.1,1.0,0.04,0.66,0.42,0.5,0.6283828382838283,0.5578067491144164,0.8476084538375973,0.6513931888544892,0.1744186046511628,0.5187376725838264,0.8752079866888519,0.12479201331114809,0.0,601,3,0,0.012685072722464628,0.1031536237584374,0.1476720704294282,0.4816512456118054,0.8513087847072269,0.8032819626482017,0.0029826478420781994,1.0980244511195802
0.55,0.3,1.0,0.08,0.66,0.42,0.5,0.6283828382838283,0.5585257729582431,0.8466666666666667,0.6509609423434594,0.17794970986460348,0.5187747035573123,0.8735440931780366,0.1264559068219634,0.0,601,3,0,0.012261441577245626,0.1031536237584374,0.1476720704294282,0.4816512456118054,0.8513087847072269,0.8032819626482017,0.0029826478420781994,1.1007996036484657
0.55,0.2,1.0,0.08,0.66,0.42,0.5,0.6283828382838283,0.5585257729582431,0.8466666666666667,0.6509609423434594,0.17794970986460348,0.5187747035573123,0.8735440931780366,0.1264559068219634,0.0,601,3,0,0.012471670774755663,0.1031536237584374,0.1476720704294282,0.4816512456118054,0.8513087847072269,0.8032819626482017,0.0029826478420781994,1.1007996036484657
0.55,0.2,1.0,0.12,0.66,0.42,0.5,0.6283828382838283,0.5585257729582431,0.8466666666666667,0.6509609423434594,0.17794970986460348,0.5187747035573123,0.8735440931780366,0.1264559068219634,0.0,601,3,0,0.012471670774755663,0.1031536237584374,0.1476720704294282,0.4816512456118054,0.8513087847072269,0.8032819626482017,0.0029826478420781994,1.1007996036484657
0.55,0.2,1.0,0.04,0.66,0.42,0.5,0.6283828382838283,0.5585257729582431,0.8466666666666667,0.6509609423434594,0.17794970986460348,0.5187747035573123,0.8735440931780366,0.1264559068219634,0.0,601,3,0,0.012471670774755663,0.1031536237584374,0.1476720704294282,0.4816512456118054,0.8513087847072269,0.8032819626482017,0.0029826478420781994,1.1007996036484657
0.55,0.3,1.0,0.12,0.66,0.42,0.5,0.6283828382838283,0.5585257729582431,0.8466666666666667,0.6509609423434594,0.17794970986460348,0.5187747035573123,0.8735440931780366,0.1264559068219634,0.0,601,3,0,0.012261441577245626,0.1031536237584374,0.1476720704294282,0.4816512456118054,0.8513087847072269,0.8032819626482017,0.0029826478420781994,1.1007996036484657
0.55,0.3,1.0,0.04,0.66,0.42,0.5,0.6283828382838283,0.5585257729582431,0.8466666666666667,0.6509609423434594,0.17794970986460348,0.5187747035573123,0.8735440931780366,0.1264559068219634,0.0,601,3,0,0.012261441577245626,0.1031536237584374,0.1476720704294282,0.4816512456118054,0.8513087847072269,0.8032819626482017,0.0029826478420781994,1.1007996036484657
0.55,0.3,1.0,0.12,0.66,0.42,0.25,0.6257425742574257,0.5547448798403141,0.8444444444444444,0.6489164086687307,0.170873786407767,0.5167652859960552,0.8718801996672213,0.1281198003327787,0.0,601,3,0,0.013297501977742685,0.1031536237584374,0.1476720704294282,0.4816512456118054,0.8513087847072269,0.8032819626482017,0.0029826478420781994,1.1107149371655096
0.55,0.3,1.0,0.04,0.66,0.42,0.25,0.6257425742574257,0.5547448798403141,0.8444444444444444,0.6489164086687307,0.170873786407767,0.5167652859960552,0.8718801996672213,0.1281198003327787,0.0,601,3,0,0.013297501977742685,0.1031536237584374,0.1476720704294282,0.4816512456118054,0.8513087847072269,0.8032819626482017,0.0029826478420781994,1.1107149371655096
0.55,0.3,1.0,0.08,0.66,0.42,0.25,0.6257425742574257,0.5547448798403141,0.8444444444444444,0.6489164086687307,0.170873786407767,0.5167652859960552,0.8718801996672213,0.1281198003327787,0.0,601,3,0,0.013297501977742685,0.1031536237584374,0.1476720704294282,0.4816512456118054,0.8513087847072269,0.8032819626482017,0.0029826478420781994,1.1107149371655096
0.65,0.3,1.0,0.04,0.72,0.38,0.5,0.6468646864686468,0.6026072548719446,0.8336933045356372,0.6532728451069345,0.32085561497326204,0.535031847133758,0.8386023294509152,0.16139767054908485,0.0,601,2,0,0.013040824106416599,0.1031536237584374,0.1476720704294282,0.4816512456118054,0.8513087847072269,0.8032819626482017,0.0029826478420781994,1.111613977376901
0.65,0.3,1.0,0.12,0.72,0.38,0.5,0.6468646864686468,0.6026072548719446,0.8336933045356372,0.6532728451069345,0.32085561497326204,0.535031847133758,0.8386023294509152,0.16139767054908485,0.0,601,2,0,0.013040824106416599,0.1031536237584374,0.1476720704294282,0.4816512456118054,0.8513087847072269,0.8032819626482017,0.0029826478420781994,1.111613977376901
0.65,0.3,1.0,0.08,0.72,0.38,0.5,0.6468646864686468,0.6026072548719446,0.8336933045356372,0.6532728451069345,0.32085561497326204,0.535031847133758,0.8386023294509152,0.16139767054908485,0.0,601,2,0,0.013040824106416599,0.1031536237584374,0.1476720704294282,0.4816512456118054,0.8513087847072269,0.8032819626482017,0.0029826478420781994,1.111613977376901
0.55,0.2,1.0,0.12,0.66,0.42,0.25,0.6250825082508251,0.5534248236756231,0.8444444444444444,0.6485148514851485,0.16731517509727625,0.516256157635468,0.8718801996672213,0.1281198003327787,0.0,601,3,0,0.013556192004278822,0.1031536237584374,0.1476720704294282,0.4816512456118054,0.8513087847072269,0.8032819626482017,0.0029826478420781994,1.1126950593368012
0.55,0.2,1.0,0.04,0.66,0.42,0.25,0.6250825082508251,0.5534248236756231,0.8444444444444444,0.6485148514851485,0.16731517509727625,0.516256157635468,0.8718801996672213,0.1281198003327787,0.0,601,3,0,0.013556192004278822,0.1031536237584374,0.1476720704294282,0.4816512456118054,0.8513087847072269,0.8032819626482017,0.0029826478420781994,1.1126950593368012
0.55,0.2,1.0,0.08,0.66,0.42,0.25,0.6250825082508251,0.5534248236756231,0.8444444444444444,0.6485148514851485,0.16731517509727625,0.516256157635468,0.8718801996672213,0.1281198003327787,0.0,601,3,0,0.013556192004278822,0.1031536237584374,0.1476720704294282,0.4816512456118054,0.8513087847072269,0.8032819626482017,0.0029826478420781994,1.1126950593368012
0.65,0.1,1.0,0.04,0.6,0.42,0.5,0.6726072607260726,0.6525870797187401,0.8168421052631579,0.6602739726027397,0.4806451612903226,0.5611175785797439,0.8019966722129783,0.19800332778702162,0.0,601,3,0,0.014474905606669596,0.1031536237584374,0.1476720704294282,0.4816512456118054,0.8513087847072269,0.8032819626482017,0.0029826478420781994,1.112763458472347
0.65,0.1,1.0,0.08,0.6,0.42,0.5,0.6726072607260726,0.6525870797187401,0.8168421052631579,0.6602739726027397,0.4806451612903226,0.5611175785797439,0.8019966722129783,0.19800332778702162,0.0,601,3,0,0.014474905606669596,0.1031536237584374,0.1476720704294282,0.4816512456118054,0.8513087847072269,0.8032819626482017,0.0029826478420781994,1.112763458472347
0.65,0.1,1.0,0.12,0.6,0.42,0.5,0.6726072607260726,0.6525870797187401,0.8168421052631579,0.6602739726027397,0.4806451612903226,0.5611175785797439,0.8019966722129783,0.19800332778702162,0.0,601,3,0,0.014474905606669596,0.1031536237584374,0.1476720704294282,0.4816512456118054,0.8513087847072269,0.8032819626482017,0.0029826478420781994,1.112763458472347
0.55,0.1,1.0,0.04,0.66,0.42,0.25,0.6250825082508251,0.5526615038589748,0.8457269700332963,0.6485148514851485,0.16374269005847952,0.516256157635468,0.8718801996672213,0.1281198003327787,0.0,601,3,0,0.013821926639212542,0.1031536237584374,0.1476720704294282,0.4816512456118054,0.8513087847072269,0.8032819626482017,0.0029826478420781994,1.1134583791534494
0.55,0.1,1.0,0.08,0.66,0.42,0.25,0.6250825082508251,0.5526615038589748,0.8457269700332963,0.6485148514851485,0.16374269005847952,0.516256157635468,0.8718801996672213,0.1281198003327787,0.0,601,3,0,0.013821926639212542,0.1031536237584374,0.1476720704294282,0.4816512456118054,0.8513087847072269,0.8032819626482017,0.0029826478420781994,1.1134583791534494
0.55,0.1,1.0,0.12,0.66,0.42,0.25,0.6250825082508251,0.5526615038589748,0.8457269700332963,0.6485148514851485,0.16374269005847952,0.516256157635468,0.8718801996672213,0.1281198003327787,0.0,601,3,0,0.013821926639212542,0.1031536237584374,0.1476720704294282,0.4816512456118054,0.8513087847072269,0.8032819626482017,0.0029826478420781994,1.1134583791534494
0.65,0.2,1.0,0.04,0.72,0.34,0.5,0.6376237623762376,0.5833491026615916,0.8375136314067612,0.6505410566518142,0.26199261992619927,0.5268041237113402,0.8502495840266223,0.1497504159733777,0.0,601,1,0,0.012511900217038904,0.1031536237584374,0.1476720704294282,0.4816512456118054,0.8513087847072269,0.8032819626482017,0.0029826478420781994,1.115653819070678
0.65,0.2,1.0,0.12,0.72,0.34,0.5,0.6376237623762376,0.5833491026615916,0.8375136314067612,0.6505410566518142,0.26199261992619927,0.5268041237113402,0.8502495840266223,0.1497504159733777,0.0,601,1,0,0.012511900217038904,0.1031536237584374,0.1476720704294282,0.4816512456118054,0.8513087847072269,0.8032819626482017,0.0029826478420781994,1.115653819070678
0.65,0.2,1.0,0.08,0.72,0.34,0.5,0.6376237623762376,0.5833491026615916,0.8375136314067612,0.6505410566518142,0.26199261992619927,0.5268041237113402,0.8502495840266223,0.1497504159733777,0.0,601,1,0,0.012511900217038904,0.1031536237584374,0.1476720704294282,0.4816512456118054,0.8513087847072269,0.8032819626482017,0.0029826478420781994,1.115653819070678
0.65,0.2,1.0,0.08,0.72,0.34,0.25,0.6363036303630363,0.5809575852198803,0.8371584699453551,0.6501587301587302,0.25555555555555554,0.5256673511293635,0.8519134775374376,0.1480865224625624,0.0,601,1,0,0.013707757999091413,0.1031536237584374,0.1476720704294282,0.4816512456118054,0.8513087847072269,0.8032819626482017,0.0029826478420781994,1.1158712921528786
0.65,0.2,1.0,0.12,0.72,0.34,0.25,0.6363036303630363,0.5809575852198803,0.8371584699453551,0.6501587301587302,0.25555555555555554,0.5256673511293635,0.8519134775374376,0.1480865224625624,0.0,601,1,0,0.013707757999091413,0.1031536237584374,0.1476720704294282,0.4816512456118054,0.8513087847072269,0.8032819626482017,0.0029826478420781994,1.1158712921528786
0.65,0.2,1.0,0.04,0.72,0.34,0.25,0.6363036303630363,0.5809575852198803,0.8371584699453551,0.6501587301587302,0.25555555555555554,0.5256673511293635,0.8519134775374376,0.1480865224625624,0.0,601,1,0,0.013707757999091413,0.1031536237584374,0.1476720704294282,0.4816512456118054,0.8513087847072269,0.8032819626482017,0.0029826478420781994,1.1158712921528786
0.65,0.1,1.0,0.04,0.6,0.42,0.25,0.671947194719472,0.6531092461296737,0.8134171907756813,0.6579490708878183,0.48796147672552165,0.5610328638497653,0.7953410981697171,0.20465890183028287,0.0,601,5,0,0.015595310068965652,0.1031536237584374,0.1476720704294282,0.4816512456118054,0.8513087847072269,0.8032819626482017,0.0029826478420781994,1.1268780635588627
0.65,0.1,1.0,0.12,0.6,0.42,0.25,0.671947194719472,0.6531092461296737,0.8134171907756813,0.6579490708878183,0.48796147672552165,0.5610328638497653,0.7953410981697171,0.20465890183028287,0.0,601,5,0,0.015595310068965652,0.1031536237584374,0.1476720704294282,0.4816512456118054,0.8513087847072269,0.8032819626482017,0.0029826478420781994,1.1268780635588627
0.65,0.1,1.0,0.08,0.6,0.42,0.25,0.671947194719472,0.6531092461296737,0.8134171907756813,0.6579490708878183,0.48796147672552165,0.5610328638497653,0.7953410981697171,0.20465890183028287,0.0,601,5,0,0.015595310068965652,0.1031536237584374,0.1476720704294282,0.4816512456118054,0.8513087847072269,0.8032819626482017,0.0029826478420781994,1.1268780635588627
0.65,0.3,1.0,0.12,0.72,0.38,0.25,0.6422442244224422,0.595122487581282,0.8327939590075513,0.6498708010335917,0.3027027027027027,0.5311510031678986,0.8369384359400999,0.16306156405990016,0.0,601,3,0,0.014029038863395562,0.1031536237584374,0.1476720704294282,0.4816512456118054,0.8513087847072269,0.8032819626482017,0.0029826478420781994,1.1272133830864803
0.65,0.3,1.0,0.08,0.72,0.38,0.25,0.6422442244224422,0.595122487581282,0.8327939590075513,0.6498708010335917,0.3027027027027027,0.5311510031678986,0.8369384359400999,0.16306156405990016,0.0,601,3,0,0.014029038863395562,0.1031536237584374,0.1476720704294282,0.4816512456118054,0.8513087847072269,0.8032819626482017,0.0029826478420781994,1.1272133830864803
0.65,0.3,1.0,0.04,0.72,0.38,0.25,0.6422442244224422,0.595122487581282,0.8327939590075513,0.6498708010335917,0.3027027027027027,0.5311510031678986,0.8369384359400999,0.16306156405990016,0.0,601,3,0,0.014029038863395562,0.1031536237584374,0.1476720704294282,0.4816512456118054,0.8513087847072269,0.8032819626482017,0.0029826478420781994,1.1272133830864803
0.65,0.2,1.0,0.12,0.6,0.42,0.5,0.66996699669967,0.649841941985711,0.8142707240293809,0.6570644718792867,0.4781906300484653,0.558926487747958,0.7970049916805324,0.20299500831946754,0.0,601,3,0,0.01435689726699465,0.1031536237584374,0.1476720704294282,0.4816512456118054,0.8513087847072269,0.8032819626482017,0.0029826478420781994,1.1286313893499151
0.65,0.2,1.0,0.04,0.6,0.42,0.5,0.66996699669967,0.649841941985711,0.8142707240293809,0.6570644718792867,0.4781906300484653,0.558926487747958,0.7970049916805324,0.20299500831946754,0.0,601,3,0,0.01435689726699465,0.1031536237584374,0.1476720704294282,0.4816512456118054,0.8513087847072269,0.8032819626482017,0.0029826478420781994,1.1286313893499151
0.65,0.2,1.0,0.08,0.6,0.42,0.5,0.66996699669967,0.649841941985711,0.8142707240293809,0.6570644718792867,0.4781906300484653,0.558926487747958,0.7970049916805324,0.20299500831946754,0.0,601,3,0,0.01435689726699465,0.1031536237584374,0.1476720704294282,0.4816512456118054,0.8513087847072269,0.8032819626482017,0.0029826478420781994,1.1286313893499151
0.65,0.2,1.0,0.04,0.72,0.38,0.5,0.6363036303630363,0.5821063253986792,0.8364030335861322,0.6479233226837061,0.26199261992619927,0.5259336099585062,0.8435940099833611,0.15640599001663893,0.0,601,2,0,0.012972326848374991,0.1031536237584374,0.1476720704294282,0.4816512456118054,0.8513087847072269,0.8032819626482017,0.0029826478420781994,1.1321934338376403
0.65,0.2,1.0,0.08,0.72,0.38,0.5,0.6363036303630363,0.5821063253986792,0.8364030335861322,0.6479233226837061,0.26199261992619927,0.5259336099585062,0.8435940099833611,0.15640599001663893,0.0,601,2,0,0.012972326848374991,0.1031536237584374,0.1476720704294282,0.4816512456118054,0.8513087847072269,0.8032819626482017,0.0029826478420781994,1.1321934338376403
0.65,0.2,1.0,0.12,0.72,0.38,0.5,0.6363036303630363,0.5821063253986792,0.8364030335861322,0.6479233226837061,0.26199261992619927,0.5259336099585062,0.8435940099833611,0.15640599001663893,0.0,601,2,0,0.012972326848374991,0.1031536237584374,0.1476720704294282,0.4816512456118054,0.8513087847072269,0.8032819626482017,0.0029826478420781994,1.1321934338376403
0.55,0.2,1.0,0.08,0.66,0.34,0.25,0.4957095709570957,0.38926659232179933,0.3890909090909091,0.6113936927772126,0.16731517509727625,0.4402930402930403,1.0,0.0,0.0,601,3,0,0.012448484158760867,0.1031536237584374,0.1476720704294282,0.4816512456118054,0.8513087847072269,0.8032819626482017,0.0029826478420781994,1.137174647285519
0.55,0.2,1.0,0.04,0.66,0.34,0.25,0.4957095709570957,0.38926659232179933,0.3890909090909091,0.6113936927772126,0.16731517509727625,0.4402930402930403,1.0,0.0,0.0,601,3,0,0.012448484158760867,0.1031536237584374,0.1476720704294282,0.4816512456118054,0.8513087847072269,0.8032819626482017,0.0029826478420781994,1.137174647285519
0.55,0.2,1.0,0.12,0.66,0.34,0.25,0.4957095709570957,0.38926659232179933,0.3890909090909091,0.6113936927772126,0.16731517509727625,0.4402930402930403,1.0,0.0,0.0,601,3,0,0.012448484158760867,0.1031536237584374,0.1476720704294282,0.4816512456118054,0.8513087847072269,0.8032819626482017,0.0029826478420781994,1.137174647285519
0.75,0.1,1.2,0.12,0.6,0.34,0.5,0.6765676567656765,0.6621688391004986,0.8074921956295525,0.6578212290502793,0.521193092621664,0.5667870036101083,0.78369384359401,0.21630615640599002,0.0,601,3,0,0.0140890598264024,0.1031536237584374,0.1476720704294282,0.4816512456118054,0.8513087847072269,0.8032819626482017,0.0029826478420781994,1.137657243150818
0.75,0.1,1.2,0.08,0.6,0.34,0.5,0.6765676567656765,0.6621688391004986,0.8074921956295525,0.6578212290502793,0.521193092621664,0.5667870036101083,0.78369384359401,0.21630615640599002,0.0,601,3,0,0.0140890598264024,0.1031536237584374,0.1476720704294282,0.4816512456118054,0.8513087847072269,0.8032819626482017,0.0029826478420781994,1.137657243150818
0.75,0.1,1.2,0.04,0.6,0.34,0.5,0.6765676567656765,0.6621688391004986,0.8074921956295525,0.6578212290502793,0.521193092621664,0.5667870036101083,0.78369384359401,0.21630615640599002,0.0,601,3,0,0.0140890598264024,0.1031536237584374,0.1476720704294282,0.4816512456118054,0.8513087847072269,0.8032819626482017,0.0029826478420781994,1.137657243150818
0.65,0.2,1.0,0.12,0.72,0.38,0.25,0.6343234323432343,0.5790952767964263,0.8354978354978355,0.6462324393358876,0.25555555555555554,0.5243523316062176,0.8419301164725458,0.15806988352745424,0.0,601,2,0,0.014066194948734144,0.1031536237584374,0.1476720704294282,0.4816512456118054,0.8513087847072269,0.8032819626482017,0.0029826478420781994,1.1406788568324073
0.65,0.2,1.0,0.08,0.72,0.38,0.25,0.6343234323432343,0.5790952767964263,0.8354978354978355,0.6462324393358876,0.25555555555555554,0.5243523316062176,0.8419301164725458,0.15806988352745424,0.0,601,2,0,0.014066194948734144,0.1031536237584374,0.1476720704294282,0.4816512456118054,0.8513087847072269,0.8032819626482017,0.0029826478420781994,1.1406788568324073
0.65,0.2,1.0,0.04,0.72,0.38,0.25,0.6343234323432343,0.5790952767964263,0.8354978354978355,0.6462324393358876,0.25555555555555554,0.5243523316062176,0.8419301164725458,0.15806988352745424,0.0,601,2,0,0.014066194948734144,0.1031536237584374,0.1476720704294282,0.4816512456118054,0.8513087847072269,0.8032819626482017,0.0029826478420781994,1.1406788568324073
0.55,0.3,1.0,0.12,0.72,0.34,0.25,0.499009900990099,0.37711574134871917,0.5183946488294314,0.6129525752167262,0.0,0.44191176470588234,1.0,0.0,0.0,601,3,0,0.01153415656068546,0.1031536237584374,0.1476720704294282,0.4816512456118054,0.8513087847072269,0.8032819626482017,0.0029826478420781994,1.146025168225596
0.55,0.3,1.0,0.04,0.72,0.34,0.25,0.499009900990099,0.37711574134871917,0.5183946488294314,0.6129525752167262,0.0,0.44191176470588234,1.0,0.0,0.0,601,3,0,0.01153415656068546,0.1031536237584374,0.1476720704294282,0.4816512456118054,0.8513087847072269,0.8032819626482017,0.0029826478420781994,1.146025168225596
0.55,0.3,1.0,0.08,0.72,0.34,0.25,0.499009900990099,0.37711574134871917,0.5183946488294314,0.6129525752167262,0.0,0.44191176470588234,1.0,0.0,0.0,601,3,0,0.01153415656068546,0.1031536237584374,0.1476720704294282,0.4816512456118054,0.8513087847072269,0.8032819626482017,0.0029826478420781994,1.146025168225596
0.65,0.1,1.0,0.08,0.72,0.34,0.5,0.6264026402640264,0.5629822809887869,0.8362445414847162,0.6435768261964736,0.20912547528517111,0.5177304964539007,0.8502495840266223,0.1497504159733777,0.0,601,2,0,0.012511645994068692,0.1031536237584374,0.1476720704294282,0.4816512456118054,0.8513087847072269,0.8032819626482017,0.0029826478420781994,1.147241762855694
0.65,0.1,1.0,0.12,0.72,0.34,0.5,0.6264026402640264,0.5629822809887869,0.8362445414847162,0.6435768261964736,0.20912547528517111,0.5177304964539007,0.8502495840266223,0.1497504159733777,0.0,601,2,0,0.012511645994068692,0.1031536237584374,0.1476720704294282,0.4816512456118054,0.8513087847072269,0.8032819626482017,0.0029826478420781994,1.147241762855694
0.65,0.1,1.0,0.04,0.72,0.34,0.5,0.6264026402640264,0.5629822809887869,0.8362445414847162,0.6435768261964736,0.20912547528517111,0.5177304964539007,0.8502495840266223,0.1497504159733777,0.0,601,2,0,0.012511645994068692,0.1031536237584374,0.1476720704294282,0.4816512456118054,0.8513087847072269,0.8032819626482017,0.0029826478420781994,1.147241762855694
0.65,0.1,1.0,0.08,0.72,0.38,0.5,0.6277227722772277,0.5640651013357245,0.8391304347826087,0.6439393939393939,0.20912547528517111,0.5188199389623601,0.848585690515807,0.15141430948419302,0.0,601,2,0,0.012891780812318785,0.1031536237584374,0.1476720704294282,0.4816512456118054,0.8513087847072269,0.8032819626482017,0.0029826478420781994,1.1483329868682672
0.65,0.1,1.0,0.04,0.72,0.38,0.5,0.6277227722772277,0.5640651013357245,0.8391304347826087,0.6439393939393939,0.20912547528517111,0.5188199389623601,0.848585690515807,0.15141430948419302,0.0,601,2,0,0.012891780812318785,0.1031536237584374,0.1476720704294282,0.4816512456118054,0.8513087847072269,0.8032819626482017,0.0029826478420781994,1.1483329868682672
0.65,0.1,1.0,0.12,0.72,0.38,0.5,0.6277227722772277,0.5640651013357245,0.8391304347826087,0.6439393939393939,0.20912547528517111,0.5188199389623601,0.848585690515807,0.15141430948419302,0.0,601,2,0,0.012891780812318785,0.1031536237584374,0.1476720704294282,0.4816512456118054,0.8513087847072269,0.8032819626482017,0.0029826478420781994,1.1483329868682672
0.65,0.1,1.0,0.04,0.72,0.34,0.25,0.6244224422442244,0.5591837635792685,0.8358862144420132,0.642812303829253,0.1988527724665392,0.5161290322580645,0.8519134775374376,0.1480865224625624,0.0,601,2,0,0.013751611877871934,0.1031536237584374,0.1476720704294282,0.4816512456118054,0.8513087847072269,0.8032819626482017,0.0029826478420781994,1.1495263019123023
0.65,0.1,1.0,0.12,0.72,0.34,0.25,0.6244224422442244,0.5591837635792685,0.8358862144420132,0.642812303829253,0.1988527724665392,0.5161290322580645,0.8519134775374376,0.1480865224625624,0.0,601,2,0,0.013751611877871934,0.1031536237584374,0.1476720704294282,0.4816512456118054,0.8513087847072269,0.8032819626482017,0.0029826478420781994,1.1495263019123023
0.65,0.1,1.0,0.08,0.72,0.34,0.25,0.6244224422442244,0.5591837635792685,0.8358862144420132,0.642812303829253,0.1988527724665392,0.5161290322580645,0.8519134775374376,0.1480865224625624,0.0,601,2,0,0.013751611877871934,0.1031536237584374,0.1476720704294282,0.4816512456118054,0.8513087847072269,0.8032819626482017,0.0029826478420781994,1.1495263019123023
0.55,0.3,1.2,0.08,0.6,0.38,0.25,0.4910891089108911,0.3803849619575277,0.1991869918699187,0.6092245311708059,0.3327433628318584,0.4380466472303207,1.0,0.0,0.0,601,4,0,0.01187818329946129,0.1031536237584374,0.1476720704294282,0.4816512456118054,0.8513087847072269,0.8032819626482017,0.0029826478420781994,1.1506767396959954
0.55,0.3,1.2,0.12,0.6,0.38,0.25,0.4910891089108911,0.3803849619575277,0.1991869918699187,0.6092245311708059,0.3327433628318584,0.4380466472303207,1.0,0.0,0.0,601,4,0,0.01187818329946129,0.1031536237584374,0.1476720704294282,0.4816512456118054,0.8513087847072269,0.8032819626482017,0.0029826478420781994,1.1506767396959954
0.55,0.3,1.2,0.04,0.6,0.38,0.25,0.4910891089108911,0.3803849619575277,0.1991869918699187,0.6092245311708059,0.3327433628318584,0.4380466472303207,1.0,0.0,0.0,601,4,0,0.01187818329946129,0.1031536237584374,0.1476720704294282,0.4816512456118054,0.8513087847072269,0.8032819626482017,0.0029826478420781994,1.1506767396959954
0.65,0.3,1.0,0.08,0.6,0.42,0.5,0.6646864686468646,0.6435791599940329,0.8108672936259144,0.6515775034293553,0.4682926829268293,0.5542590431738623,0.7903494176372712,0.2096505823627288,0.0,601,4,0,0.01423741179397148,0.1031536237584374,0.1476720704294282,0.4816512456118054,0.8513087847072269,0.8032819626482017,0.0029826478420781994,1.154151404885247
0.65,0.3,1.0,0.04,0.6,0.42,0.5,0.6646864686468646,0.6435791599940329,0.8108672936259144,0.6515775034293553,0.4682926829268293,0.5542590431738623,0.7903494176372712,0.2096505823627288,0.0,601,4,0,0.01423741179397148,0.1031536237584374,0.1476720704294282,0.4816512456118054,0.8513087847072269,0.8032819626482017,0.0029826478420781994,1.154151404885247
0.65,0.3,1.0,0.12,0.6,0.42,0.5,0.6646864686468646,0.6435791599940329,0.8108672936259144,0.6515775034293553,0.4682926829268293,0.5542590431738623,0.7903494176372712,0.2096505823627288,0.0,601,4,0,0.01423741179397148,0.1031536237584374,0.1476720704294282,0.4816512456118054,0.8513087847072269,0.8032819626482017,0.0029826478420781994,1.154151404885247
0.55,0.1,1.0,0.08,0.6,0.34,0.25,0.49174917491749176,0.37455313918459554,0.11889596602972399,0.6095334685598377,0.39522998296422485,0.43836615609044494,1.0,0.0,0.0,601,2,0,0.013101804263206094,0.1031536237584374,0.1476720704294282,0.4816512456118054,0.8513087847072269,0.8032819626482017,0.0029826478420781994,1.1558484964623268
0.55,0.1,1.0,0.12,0.6,0.34,0.25,0.49174917491749176,0.37455313918459554,0.11889596602972399,0.6095334685598377,0.39522998296422485,0.43836615609044494,1.0,0.0,0.0,601,2,0,0.013101804263206094,0.1031536237584374,0.1476720704294282,0.4816512456118054,0.8513087847072269,0.8032819626482017,0.0029826478420781994,1.1558484964623268
0.55,0.1,1.0,0.04,0.6,0.34,0.25,0.49174917491749176,0.37455313918459554,0.11889596602972399,0.6095334685598377,0.39522998296422485,0.43836615609044494,1.0,0.0,0.0,601,2,0,0.013101804263206094,0.1031536237584374,0.1476720704294282,0.4816512456118054,0.8513087847072269,0.8032819626482017,0.0029826478420781994,1.1558484964623268
0.65,0.2,1.0,0.08,0.6,0.42,0.25,0.6653465346534654,0.6457032554254514,0.8083333333333333,0.6505858028945555,0.4781906300484653,0.5552941176470588,0.7853577371048253,0.2146422628951747,0.0,601,4,0,0.015384275486625477,0.1031536237584374,0.1476720704294282,0.4816512456118054,0.8513087847072269,0.8032819626482017,0.0029826478420781994,1.1618497725653643
0.65,0.2,1.0,0.12,0.6,0.42,0.25,0.6653465346534654,0.6457032554254514,0.8083333333333333,0.6505858028945555,0.4781906300484653,0.5552941176470588,0.7853577371048253,0.2146422628951747,0.0,601,4,0,0.015384275486625477,0.1031536237584374,0.1476720704294282,0.4816512456118054,0.8513087847072269,0.8032819626482017,0.0029826478420781994,1.1618497725653643
0.65,0.2,1.0,0.04,0.6,0.42,0.25,0.6653465346534654,0.6457032554254514,0.8083333333333333,0.6505858028945555,0.4781906300484653,0.5552941176470588,0.7853577371048253,0.2146422628951747,0.0,601,4,0,0.015384275486625477,0.1031536237584374,0.1476720704294282,0.4816512456118054,0.8513087847072269,0.8032819626482017,0.0029826478420781994,1.1618497725653643
0.65,0.1,1.0,0.04,0.72,0.38,0.25,0.6237623762376238,0.5585019476560212,0.8360477741585234,0.6406052963430012,0.1988527724665392,0.515736040609137,0.8452579034941764,0.15474209650582363,0.0,601,3,0,0.014105237734768574,0.1031536237584374,0.1476720704294282,0.4816512456118054,0.8513087847072269,0.8032819626482017,0.0029826478420781994,1.1648448893329988
0.65,0.1,1.0,0.08,0.72,0.38,0.25,0.6237623762376238,0.5585019476560212,0.8360477741585234,0.6406052963430012,0.1988527724665392,0.515736040609137,0.8452579034941764,0.15474209650582363,0.0,601,3,0,0.014105237734768574,0.1031536237584374,0.1476720704294282,0.4816512456118054,0.8513087847072269,0.8032819626482017,0.0029826478420781994,1.1648448893329988
0.65,0.1,1.0,0.12,0.72,0.38,0.25,0.6237623762376238,0.5585019476560212,0.8360477741585234,0.6406052963430012,0.1988527724665392,0.515736040609137,0.8452579034941764,0.15474209650582363,0.0,601,3,0,0.014105237734768574,0.1031536237584374,0.1476720704294282,0.4816512456118054,0.8513087847072269,0.8032819626482017,0.0029826478420781994,1.1648448893329988
0.65,0.3,1.2,0.12,0.72,0.34,0.25,0.6079207920792079,0.5209094970070579,0.84,0.6373626373626373,0.08536585365853659,0.5033751205400193,0.8685524126455907,0.1314475873544093,0.0,601,2,0,0.012286378123749704,0.1031536237584374,0.1476720704294282,0.4816512456118054,0.8513087847072269,0.8032819626482017,0.0029826478420781994,1.169360454922408
0.65,0.3,1.2,0.08,0.72,0.34,0.25,0.6079207920792079,0.5209094970070579,0.84,0.6373626373626373,0.08536585365853659,0.5033751205400193,0.8685524126455907,0.1314475873544093,0.0,601,2,0,0.012286378123749704,0.1031536237584374,0.1476720704294282,0.4816512456118054,0.8513087847072269,0.8032819626482017,0.0029826478420781994,1.169360454922408
0.65,0.3,1.2,0.04,0.72,0.34,0.25,0.6079207920792079,0.5209094970070579,0.84,0.6373626373626373,0.08536585365853659,0.5033751205400193,0.8685524126455907,0.1314475873544093,0.0,601,2,0,0.012286378123749704,0.1031536237584374,0.1476720704294282,0.4816512456118054,0.8513087847072269,0.8032819626482017,0.0029826478420781994,1.169360454922408
0.65,0.1,1.0,0.04,0.66,0.42,0.5,0.6501650165016502,0.6181937433786,0.8168421052631579,0.6452476572958501,0.3924914675767918,0.5397536394176932,0.8019966722129783,0.19800332778702162,0.0,601,2,0,0.014106376435452575,0.1031536237584374,0.1476720704294282,0.4816512456118054,0.8513087847072269,0.8032819626482017,0.0029826478420781994,1.1695990390369095
0.65,0.1,1.0,0.08,0.66,0.42,0.5,0.6501650165016502,0.6181937433786,0.8168421052631579,0.6452476572958501,0.3924914675767918,0.5397536394176932,0.8019966722129783,0.19800332778702162,0.0,601,2,0,0.014106376435452575,0.1031536237584374,0.1476720704294282,0.4816512456118054,0.8513087847072269,0.8032819626482017,0.0029826478420781994,1.1695990390369095
0.65,0.1,1.0,0.12,0.66,0.42,0.5,0.6501650165016502,0.6181937433786,0.8168421052631579,0.6452476572958501,0.3924914675767918,0.5397536394176932,0.8019966722129783,0.19800332778702162,0.0,601,2,0,0.014106376435452575,0.1031536237584374,0.1476720704294282,0.4816512456118054,0.8513087847072269,0.8032819626482017,0.0029826478420781994,1.1695990390369095
0.75,0.1,1.2,0.04,0.6,0.34,0.25,0.671947194719472,0.6583842308092097,0.8004136504653567,0.6512280701754386,0.5235109717868338,0.5631067961165048,0.7720465890183028,0.22795341098169716,0.0,601,3,0,0.014751102381659435,0.1031536237584374,0.1476720704294282,0.4816512456118054,0.8513087847072269,0.8032819626482017,0.0029826478420781994,1.1705215480972966
0.75,0.1,1.2,0.08,0.6,0.34,0.25,0.671947194719472,0.6583842308092097,0.8004136504653567,0.6512280701754386,0.5235109717868338,0.5631067961165048,0.7720465890183028,0.22795341098169716,0.0,601,3,0,0.014751102381659435,0.1031536237584374,0.1476720704294282,0.4816512456118054,0.8513087847072269,0.8032819626482017,0.0029826478420781994,1.1705215480972966
0.75,0.1,1.2,0.12,0.6,0.34,0.25,0.671947194719472,0.6583842308092097,0.8004136504653567,0.6512280701754386,0.5235109717868338,0.5631067961165048,0.7720465890183028,0.22795341098169716,0.0,601,3,0,0.014751102381659435,0.1031536237584374,0.1476720704294282,0.4816512456118054,0.8513087847072269,0.8032819626482017,0.0029826478420781994,1.1705215480972966
0.65,0.3,1.2,0.04,0.72,0.34,0.5,0.6079207920792079,0.5217455036189169,0.8390677025527192,0.636919315403423,0.08924949290060852,0.5033816425120773,0.8668885191347754,0.13311148086522462,0.0,601,3,0,0.011450673033985188,0.1031536237584374,0.1476720704294282,0.4816512456118054,0.8513087847072269,0.8032819626482017,0.0029826478420781994,1.172018624683261
0.65,0.3,1.2,0.08,0.72,0.34,0.5,0.6079207920792079,0.5217455036189169,0.8390677025527192,0.636919315403423,0.08924949290060852,0.5033816425120773,0.8668885191347754,0.13311148086522462,0.0,601,3,0,0.011450673033985188,0.1031536237584374,0.1476720704294282,0.4816512456118054,0.8513087847072269,0.8032819626482017,0.0029826478420781994,1.172018624683261
0.65,0.3,1.2,0.12,0.72,0.34,0.5,0.6079207920792079,0.5217455036189169,0.8390677025527192,0.636919315403423,0.08924949290060852,0.5033816425120773,0.8668885191347754,0.13311148086522462,0.0,601,3,0,0.011450673033985188,0.1031536237584374,0.1476720704294282,0.4816512456118054,0.8513087847072269,0.8032819626482017,0.0029826478420781994,1.172018624683261
0.55,0.1,1.0,0.04,0.6,0.34,0.5,0.4858085808580858,0.36188293886807177,0.08639308855291576,0.6067642604745078,0.3924914675767918,0.4355072463768116,1.0,0.0,0.0,601,1,0,0.011530441564416424,0.1031536237584374,0.1476720704294282,0.4816512456118054,0.8513087847072269,0.8032819626482017,0.0029826478420781994,1.1744592908382565
0.55,0.1,1.0,0.12,0.6,0.34,0.5,0.4858085808580858,0.36188293886807177,0.08639308855291576,0.6067642604745078,0.3924914675767918,0.4355072463768116,1.0,0.0,0.0,601,1,0,0.011530441564416424,0.1031536237584374,0.1476720704294282,0.4816512456118054,0.8513087847072269,0.8032819626482017,0.0029826478420781994,1.1744592908382565
0.55,0.1,1.0,0.08,0.6,0.34,0.5,0.4858085808580858,0.36188293886807177,0.08639308855291576,0.6067642604745078,0.3924914675767918,0.4355072463768116,1.0,0.0,0.0,601,1,0,0.011530441564416424,0.1031536237584374,0.1476720704294282,0.4816512456118054,0.8513087847072269,0.8032819626482017,0.0029826478420781994,1.1744592908382565
0.55,0.2,1.0,0.12,0.66,0.34,0.5,0.48118811881188117,0.3649861429483845,0.31238095238095237,0.6046277665995976,0.17794970986460348,0.43330930064888246,1.0,0.0,0.0,601,4,0,0.011214008407437444,0.1031536237584374,0.1476720704294282,0.4816512456118054,0.8513087847072269,0.8032819626482017,0.0029826478420781994,1.1759765488041485
0.55,0.2,1.0,0.04,0.66,0.34,0.5,0.48118811881188117,0.3649861429483845,0.31238095238095237,0.6046277665995976,0.17794970986460348,0.43330930064888246,1.0,0.0,0.0,601,4,0,0.011214008407437444,0.1031536237584374,0.1476720704294282,0.4816512456118054,0.8513087847072269,0.8032819626482017,0.0029826478420781994,1.1759765488041485
0.55,0.2,1.0,0.08,0.66,0.34,0.5,0.48118811881188117,0.3649861429483845,0.31238095238095237,0.6046277665995976,0.17794970986460348,0.43330930064888246,1.0,0.0,0.0,601,4,0,0.011214008407437444,0.1031536237584374,0.1476720704294282,0.4816512456118054,0.8513087847072269,0.8032819626482017,0.0029826478420781994,1.1759765488041485
0.75,0.1,1.2,0.04,0.66,0.34,0.5,0.6607260726072607,0.6392551622585335,0.8074921956295525,0.646978021978022,0.4632952691680261,0.5508771929824562,0.78369384359401,0.21630615640599002,0.0,601,3,0,0.013750022316994355,0.1031536237584374,0.1476720704294282,0.4816512456118054,0.8513087847072269,0.8032819626482017,0.0029826478420781994,1.176412504151199
0.75,0.1,1.2,0.12,0.66,0.34,0.5,0.6607260726072607,0.6392551622585335,0.8074921956295525,0.646978021978022,0.4632952691680261,0.5508771929824562,0.78369384359401,0.21630615640599002,0.0,601,3,0,0.013750022316994355,0.1031536237584374,0.1476720704294282,0.4816512456118054,0.8513087847072269,0.8032819626482017,0.0029826478420781994,1.176412504151199
0.75,0.1,1.2,0.08,0.66,0.34,0.5,0.6607260726072607,0.6392551622585335,0.8074921956295525,0.646978021978022,0.4632952691680261,0.5508771929824562,0.78369384359401,0.21630615640599002,0.0,601,3,0,0.013750022316994355,0.1031536237584374,0.1476720704294282,0.4816512456118054,0.8513087847072269,0.8032819626482017,0.0029826478420781994,1.176412504151199
0.65,0.2,1.0,0.08,0.66,0.42,0.5,0.6488448844884488,0.6170163844619,0.8151260504201681,0.6434316353887399,0.3924914675767918,0.5387205387205387,0.7986688851913477,0.20133111480865223,0.0,601,2,0,0.014015577882155805,0.1031536237584374,0.1476720704294282,0.4816512456118054,0.8513087847072269,0.8032819626482017,0.0029826478420781994,1.179084882712235
0.65,0.2,1.0,0.04,0.66,0.42,0.5,0.6488448844884488,0.6170163844619,0.8151260504201681,0.6434316353887399,0.3924914675767918,0.5387205387205387,0.7986688851913477,0.20133111480865223,0.0,601,2,0,0.014015577882155805,0.1031536237584374,0.1476720704294282,0.4816512456118054,0.8513087847072269,0.8032819626482017,0.0029826478420781994,1.179084882712235
0.65,0.2,1.0,0.12,0.66,0.42,0.5,0.6488448844884488,0.6170163844619,0.8151260504201681,0.6434316353887399,0.3924914675767918,0.5387205387205387,0.7986688851913477,0.20133111480865223,0.0,601,2,0,0.014015577882155805,0.1031536237584374,0.1476720704294282,0.4816512456118054,0.8513087847072269,0.8032819626482017,0.0029826478420781994,1.179084882712235
0.65,0.2,1.2,0.08,0.72,0.34,0.5,0.6,0.5044469807906344,0.8372615039281706,0.6344993968636912,0.04158004158004158,0.49763481551561023,0.8752079866888519,0.12479201331114809,0.0,601,3,0,0.011451115953699102,0.1031536237584374,0.1476720704294282,0.4816512456118054,0.8513087847072269,0.8032819626482017,0.0029826478420781994,1.1797670577271906
0.65,0.2,1.2,0.12,0.72,0.34,0.5,0.6,0.5044469807906344,0.8372615039281706,0.6344993968636912,0.04158004158004158,0.49763481551561023,0.8752079866888519,0.12479201331114809,0.0,601,3,0,0.011451115953699102,0.1031536237584374,0.1476720704294282,0.4816512456118054,0.8513087847072269,0.8032819626482017,0.0029826478420781994,1.1797670577271906
0.65,0.2,1.2,0.04,0.72,0.34,0.5,0.6,0.5044469807906344,0.8372615039281706,0.6344993968636912,0.04158004158004158,0.49763481551561023,0.8752079866888519,0.12479201331114809,0.0,601,3,0,0.011451115953699102,0.1031536237584374,0.1476720704294282,0.4816512456118054,0.8513087847072269,0.8032819626482017,0.0029826478420781994,1.1797670577271906
0.75,0.2,1.2,0.12,0.6,0.34,0.5,0.6706270627062706,0.6568418296558042,0.8,0.6493323963457485,0.521193092621664,0.5620437956204379,0.7687188019966722,0.23128119800332778,0.0,601,3,0,0.014068480702384718,0.1031536237584374,0.1476720704294282,0.4816512456118054,0.8513087847072269,0.8032819626482017,0.0029826478420781994,1.1803724340093278
0.75,0.2,1.2,0.04,0.6,0.34,0.5,0.6706270627062706,0.6568418296558042,0.8,0.6493323963457485,0.521193092621664,0.5620437956204379,0.7687188019966722,0.23128119800332778,0.0,601,3,0,0.014068480702384718,0.1031536237584374,0.1476720704294282,0.4816512456118054,0.8513087847072269,0.8032819626482017,0.0029826478420781994,1.1803724340093278
0.75,0.2,1.2,0.08,0.6,0.34,0.5,0.6706270627062706,0.6568418296558042,0.8,0.6493323963457485,0.521193092621664,0.5620437956204379,0.7687188019966722,0.23128119800332778,0.0,601,3,0,0.014068480702384718,0.1031536237584374,0.1476720704294282,0.4816512456118054,0.8513087847072269,0.8032819626482017,0.0029826478420781994,1.1803724340093278
0.65,0.3,1.0,0.04,0.6,0.42,0.25,0.662046204620462,0.6423720827436149,0.8049792531120332,0.6464088397790055,0.47572815533980584,0.5525383707201889,0.778702163061564,0.22129783693843594,0.0,601,4,0,0.015172864954602336,0.1031536237584374,0.1476720704294282,0.4816512456118054,0.8513087847072269,0.8032819626482017,0.0029826478420781994,1.1824579807710527
0.65,0.3,1.0,0.12,0.6,0.42,0.25,0.662046204620462,0.6423720827436149,0.8049792531120332,0.6464088397790055,0.47572815533980584,0.5525383707201889,0.778702163061564,0.22129783693843594,0.0,601,4,0,0.015172864954602336,0.1031536237584374,0.1476720704294282,0.4816512456118054,0.8513087847072269,0.8032819626482017,0.0029826478420781994,1.1824579807710527
0.65,0.3,1.0,0.08,0.6,0.42,0.25,0.662046204620462,0.6423720827436149,0.8049792531120332,0.6464088397790055,0.47572815533980584,0.5525383707201889,0.778702163061564,0.22129783693843594,0.0,601,4,0,0.015172864954602336,0.1031536237584374,0.1476720704294282,0.4816512456118054,0.8513087847072269,0.8032819626482017,0.0029826478420781994,1.1824579807710527
0.55,0.3,1.0,0.04,0.72,0.34,0.5,0.48316831683168315,0.35399585158140173,0.4564459930313589,0.6055415617128463,0.0,0.4342485549132948,1.0,0.0,0.0,601,2,0,0.010057620463053793,0.1031536237584374,0.1476720704294282,0.4816512456118054,0.8513087847072269,0.8032819626482017,0.0029826478420781994,1.1849866421513293
0.55,0.3,1.0,0.08,0.72,0.34,0.5,0.48316831683168315,0.35399585158140173,0.4564459930313589,0.6055415617128463,0.0,0.4342485549132948,1.0,0.0,0.0,601,2,0,0.010057620463053793,0.1031536237584374,0.1476720704294282,0.4816512456118054,0.8513087847072269,0.8032819626482017,0.0029826478420781994,1.1849866421513293
0.55,0.3,1.0,0.12,0.72,0.34,0.5,0.48316831683168315,0.35399585158140173,0.4564459930313589,0.6055415617128463,0.0,0.4342485549132948,1.0,0.0,0.0,601,2,0,0.010057620463053793,0.1031536237584374,0.1476720704294282,0.4816512456118054,0.8513087847072269,0.8032819626482017,0.0029826478420781994,1.1849866421513293
0.65,0.1,1.2,0.04,0.72,0.34,0.5,0.594059405940594,0.4899799644312375,0.8371040723981901,0.6328358208955224,0.0,0.4934823091247672,0.8818635607321131,0.11813643926788686,0.0,601,2,0,0.011450194671601634,0.1031536237584374,0.1476720704294282,0.4816512456118054,0.8513087847072269,0.8032819626482017,0.0029826478420781994,1.186197962655145
0.65,0.1,1.2,0.08,0.72,0.34,0.5,0.594059405940594,0.4899799644312375,0.8371040723981901,0.6328358208955224,0.0,0.4934823091247672,0.8818635607321131,0.11813643926788686,0.0,601,2,0,0.011450194671601634,0.1031536237584374,0.1476720704294282,0.4816512456118054,0.8513087847072269,0.8032819626482017,0.0029826478420781994,1.186197962655145
0.65,0.1,1.2,0.12,0.72,0.34,0.5,0.594059405940594,0.4899799644312375,0.8371040723981901,0.6328358208955224,0.0,0.4934823091247672,0.8818635607321131,0.11813643926788686,0.0,601,2,0,0.011450194671601634,0.1031536237584374,0.1476720704294282,0.4816512456118054,0.8513087847072269,0.8032819626482017,0.0029826478420781994,1.186197962655145
0.65,0.1,1.0,0.08,0.66,0.42,0.25,0.6481848184818482,0.6168962708078621,0.8134171907756813,0.6420416386836804,0.39522998296422485,0.5382882882882883,0.7953410981697171,0.20465890183028287,0.0,601,3,0,0.015136590972175075,0.1031536237584374,0.1476720704294282,0.4816512456118054,0.8513087847072269,0.8032819626482017,0.0029826478420781994,1.186853415118298
0.65,0.1,1.0,0.12,0.66,0.42,0.25,0.6481848184818482,0.6168962708078621,0.8134171907756813,0.6420416386836804,0.39522998296422485,0.5382882882882883,0.7953410981697171,0.20465890183028287,0.0,601,3,0,0.015136590972175075,0.1031536237584374,0.1476720704294282,0.4816512456118054,0.8513087847072269,0.8032819626482017,0.0029826478420781994,1.186853415118298
0.65,0.1,1.0,0.04,0.66,0.42,0.25,0.6481848184818482,0.6168962708078621,0.8134171907756813,0.6420416386836804,0.39522998296422485,0.5382882882882883,0.7953410981697171,0.20465890183028287,0.0,601,3,0,0.015136590972175075,0.1031536237584374,0.1476720704294282,0.4816512456118054,0.8513087847072269,0.8032819626482017,0.0029826478420781994,1.186853415118298
0.65,0.1,1.2,0.12,0.72,0.34,0.25,0.594059405940594,0.4899562250356096,0.837471783295711,0.6323968918111178,0.0,0.49347014925373134,0.8801996672212978,0.11980033277870217,0.0,601,2,0,0.012355898853607708,0.1031536237584374,0.1476720704294282,0.4816512456118054,0.8513087847072269,0.8032819626482017,0.0029826478420781994,1.1897158784234851
0.65,0.1,1.2,0.08,0.72,0.34,0.25,0.594059405940594,0.4899562250356096,0.837471783295711,0.6323968918111178,0.0,0.49347014925373134,0.8801996672212978,0.11980033277870217,0.0,601,2,0,0.012355898853607708,0.1031536237584374,0.1476720704294282,0.4816512456118054,0.8513087847072269,0.8032819626482017,0.0029826478420781994,1.1897158784234851
0.65,0.1,1.2,0.04,0.72,0.34,0.25,0.594059405940594,0.4899562250356096,0.837471783295711,0.6323968918111178,0.0,0.49347014925373134,0.8801996672212978,0.11980033277870217,0.0,601,2,0,0.012355898853607708,0.1031536237584374,0.1476720704294282,0.4816512456118054,0.8513087847072269,0.8032819626482017,0.0029826478420781994,1.1897158784234851
0.55,0.1,1.0,0.08,0.72,0.42,0.5,0.5986798679867987,0.4937811311988778,0.8476084538375973,0.6337349397590362,0.0,0.4966949952785647,0.8752079866888519,0.12479201331114809,0.0,601,1,0,0.011166651894911915,0.1031536237584374,0.1476720704294282,0.4816512456118054,0.8513087847072269,0.8032819626482017,0.0029826478420781994,1.1917530393321485
0.55,0.1,1.0,0.04,0.72,0.42,0.5,0.5986798679867987,0.4937811311988778,0.8476084538375973,0.6337349397590362,0.0,0.4966949952785647,0.8752079866888519,0.12479201331114809,0.0,601,1,0,0.011166651894911915,0.1031536237584374,0.1476720704294282,0.4816512456118054,0.8513087847072269,0.8032819626482017,0.0029826478420781994,1.1917530393321485
0.55,0.1,1.0,0.12,0.72,0.42,0.5,0.5986798679867987,0.4937811311988778,0.8476084538375973,0.6337349397590362,0.0,0.4966949952785647,0.8752079866888519,0.12479201331114809,0.0,601,1,0,0.011166651894911915,0.1031536237584374,0.1476720704294282,0.4816512456118054,0.8513087847072269,0.8032819626482017,0.0029826478420781994,1.1917530393321485
0.65,0.2,1.2,0.04,0.72,0.34,0.25,0.5973597359735974,0.4984377776765185,0.8376259798432251,0.6325301204819277,0.025157232704402517,0.49575070821529743,0.8735440931780366,0.1264559068219634,0.0,601,3,0,0.012322749581316263,0.1031536237584374,0.1476720704294282,0.4816512456118054,0.8513087847072269,0.8032819626482017,0.0029826478420781994,1.1919107012404215
0.65,0.2,1.2,0.08,0.72,0.34,0.25,0.5973597359735974,0.4984377776765185,0.8376259798432251,0.6325301204819277,0.025157232704402517,0.49575070821529743,0.8735440931780366,0.1264559068219634,0.0,601,3,0,0.012322749581316263,0.1031536237584374,0.1476720704294282,0.4816512456118054,0.8513087847072269,0.8032819626482017,0.0029826478420781994,1.1919107012404215
0.65,0.2,1.2,0.12,0.72,0.34,0.25,0.5973597359735974,0.4984377776765185,0.8376259798432251,0.6325301204819277,0.025157232704402517,0.49575070821529743,0.8735440931780366,0.1264559068219634,0.0,601,3,0,0.012322749581316263,0.1031536237584374,0.1476720704294282,0.4816512456118054,0.8513087847072269,0.8032819626482017,0.0029826478420781994,1.1919107012404215
0.55,0.1,1.2,0.04,0.6,0.38,0.25,0.4778877887788779,0.34946299802763264,0.08639308855291576,0.6031108881083793,0.3588850174216028,0.4317528735632184,1.0,0.0,0.0,601,2,0,0.01239043418780826,0.1031536237584374,0.1476720704294282,0.4816512456118054,0.8513087847072269,0.8032819626482017,0.0029826478420781994,1.1948000237579035
0.55,0.1,1.2,0.08,0.6,0.38,0.25,0.4778877887788779,0.34946299802763264,0.08639308855291576,0.6031108881083793,0.3588850174216028,0.4317528735632184,1.0,0.0,0.0,601,2,0,0.01239043418780826,0.1031536237584374,0.1476720704294282,0.4816512456118054,0.8513087847072269,0.8032819626482017,0.0029826478420781994,1.1948000237579035
0.55,0.1,1.2,0.12,0.6,0.38,0.25,0.4778877887788779,0.34946299802763264,0.08639308855291576,0.6031108881083793,0.3588850174216028,0.4317528735632184,1.0,0.0,0.0,601,2,0,0.01239043418780826,0.1031536237584374,0.1476720704294282,0.4816512456118054,0.8513087847072269,0.8032819626482017,0.0029826478420781994,1.1948000237579035
0.55,0.3,1.0,0.08,0.72,0.42,0.5,0.598019801980198,0.49319268635724334,0.8466666666666667,0.6329113924050633,0.0,0.4962192816635161,0.8735440931780366,0.1264559068219634,0.0,601,1,0,0.01103585957645228,0.1031536237584374,0.1476720704294282,0.4816512456118054,0.8513087847072269,0.8032819626482017,0.0029826478420781994,1.196495726553096
0.55,0.3,1.0,0.12,0.72,0.42,0.5,0.598019801980198,0.49319268635724334,0.8466666666666667,0.6329113924050633,0.0,0.4962192816635161,0.8735440931780366,0.1264559068219634,0.0,601,1,0,0.01103585957645228,0.1031536237584374,0.1476720704294282,0.4816512456118054,0.8513087847072269,0.8032819626482017,0.0029826478420781994,1.196495726553096
0.55,0.2,1.0,0.08,0.72,0.42,0.5,0.598019801980198,0.49319268635724334,0.8466666666666667,0.6329113924050633,0.0,0.4962192816635161,0.8735440931780366,0.1264559068219634,0.0,601,1,0,0.011094233761331299,0.1031536237584374,0.1476720704294282,0.4816512456118054,0.8513087847072269,0.8032819626482017,0.0029826478420781994,1.196495726553096
0.55,0.2,1.0,0.04,0.72,0.42,0.5,0.598019801980198,0.49319268635724334,0.8466666666666667,0.6329113924050633,0.0,0.4962192816635161,0.8735440931780366,0.1264559068219634,0.0,601,1,0,0.011094233761331299,0.1031536237584374,0.1476720704294282,0.4816512456118054,0.8513087847072269,0.8032819626482017,0.0029826478420781994,1.196495726553096
0.55,0.2,1.0,0.12,0.72,0.42,0.5,0.598019801980198,0.49319268635724334,0.8466666666666667,0.6329113924050633,0.0,0.4962192816635161,0.8735440931780366,0.1264559068219634,0.0,601,1,0,0.011094233761331299,0.1031536237584374,0.1476720704294282,0.4816512456118054,0.8513087847072269,0.8032819626482017,0.0029826478420781994,1.196495726553096
0.55,0.3,1.0,0.04,0.72,0.42,0.5,0.598019801980198,0.49319268635724334,0.8466666666666667,0.6329113924050633,0.0,0.4962192816635161,0.8735440931780366,0.1264559068219634,0.0,601,1,0,0.01103585957645228,0.1031536237584374,0.1476720704294282,0.4816512456118054,0.8513087847072269,0.8032819626482017,0.0029826478420781994,1.196495726553096
0.55,0.1,1.2,0.08,0.6,0.38,0.5,0.4765676567656766,0.34649412979214517,0.07809110629067245,0.6025062656641604,0.3588850174216028,0.43113342898134865,1.0,0.0,0.0,601,1,0,0.011024550987583759,0.1031536237584374,0.1476720704294282,0.4816512456118054,0.8513087847072269,0.8032819626482017,0.0029826478420781994,1.1990890240065926
0.55,0.1,1.2,0.04,0.6,0.38,0.5,0.4765676567656766,0.34649412979214517,0.07809110629067245,0.6025062656641604,0.3588850174216028,0.43113342898134865,1.0,0.0,0.0,601,1,0,0.011024550987583759,0.1031536237584374,0.1476720704294282,0.4816512456118054,0.8513087847072269,0.8032819626482017,0.0029826478420781994,1.1990890240065926
0.55,0.1,1.2,0.12,0.6,0.38,0.5,0.4765676567656766,0.34649412979214517,0.07809110629067245,0.6025062656641604,0.3588850174216028,0.43113342898134865,1.0,0.0,0.0,601,1,0,0.011024550987583759,0.1031536237584374,0.1476720704294282,0.4816512456118054,0.8513087847072269,0.8032819626482017,0.0029826478420781994,1.1990890240065926
0.55,0.2,1.2,0.08,0.6,0.38,0.25,0.4759075907590759,0.34709734553736865,0.09462365591397849,0.6022044088176353,0.3444639718804921,0.43082437275985663,1.0,0.0,0.0,601,1,0,0.012131346175218955,0.1031536237584374,0.1476720704294282,0.4816512456118054,0.8513087847072269,0.8032819626482017,0.0029826478420781994,1.1991458742679695
0.55,0.2,1.2,0.12,0.6,0.38,0.25,0.4759075907590759,0.34709734553736865,0.09462365591397849,0.6022044088176353,0.3444639718804921,0.43082437275985663,1.0,0.0,0.0,601,1,0,0.012131346175218955,0.1031536237584374,0.1476720704294282,0.4816512456118054,0.8513087847072269,0.8032819626482017,0.0029826478420781994,1.1991458742679695
0.55,0.2,1.2,0.04,0.6,0.38,0.25,0.4759075907590759,0.34709734553736865,0.09462365591397849,0.6022044088176353,0.3444639718804921,0.43082437275985663,1.0,0.0,0.0,601,1,0,0.012131346175218955,0.1031536237584374,0.1476720704294282,0.4816512456118054,0.8513087847072269,0.8032819626482017,0.0029826478420781994,1.1991458742679695
0.65,0.3,1.0,0.12,0.66,0.42,0.5,0.6462046204620462,0.6151324703932137,0.8108672936259144,0.639300134589502,0.39522998296422485,0.536723163841808,0.7903494176372712,0.2096505823627288,0.0,601,3,0,0.013924973493268517,0.1031536237584374,0.1476720704294282,0.4816512456118054,0.8513087847072269,0.8032819626482017,0.0029826478420781994,1.2010799426708847
0.65,0.3,1.0,0.04,0.66,0.42,0.5,0.6462046204620462,0.6151324703932137,0.8108672936259144,0.639300134589502,0.39522998296422485,0.536723163841808,0.7903494176372712,0.2096505823627288,0.0,601,3,0,0.013924973493268517,0.1031536237584374,0.1476720704294282,0.4816512456118054,0.8513087847072269,0.8032819626482017,0.0029826478420781994,1.2010799426708847
0.65,0.3,1.0,0.08,0.66,0.42,0.5,0.6462046204620462,0.6151324703932137,0.8108672936259144,0.639300134589502,0.39522998296422485,0.536723163841808,0.7903494176372712,0.2096505823627288,0.0,601,3,0,0.013924973493268517,0.1031536237584374,0.1476720704294282,0.4816512456118054,0.8513087847072269,0.8032819626482017,0.0029826478420781994,1.2010799426708847
0.55,0.1,1.0,0.08,0.72,0.42,0.25,0.5973597359735974,0.4926046072205881,0.8457269700332963,0.632086851628468,0.0,0.4957426679280984,0.8718801996672213,0.1281198003327787,0.0,601,1,0,0.012776282211497469,0.1031536237584374,0.1476720704294282,0.4816512456118054,0.8513087847072269,0.8032819626482017,0.0029826478420781994,1.2012380480690639
0.55,0.1,1.0,0.12,0.72,0.42,0.25,0.5973597359735974,0.4926046072205881,0.8457269700332963,0.632086851628468,0.0,0.4957426679280984,0.8718801996672213,0.1281198003327787,0.0,601,1,0,0.012776282211497469,0.1031536237584374,0.1476720704294282,0.4816512456118054,0.8513087847072269,0.8032819626482017,0.0029826478420781994,1.2012380480690639
0.55,0.1,1.0,0.04,0.72,0.42,0.25,0.5973597359735974,0.4926046072205881,0.8457269700332963,0.632086851628468,0.0,0.4957426679280984,0.8718801996672213,0.1281198003327787,0.0,601,1,0,0.012776282211497469,0.1031536237584374,0.1476720704294282,0.4816512456118054,0.8513087847072269,0.8032819626482017,0.0029826478420781994,1.2012380480690639
0.55,0.2,1.2,0.08,0.6,0.38,0.5,0.4752475247524752,0.3452214546289898,0.08639308855291576,0.6019028542814221,0.3473684210526316,0.4305157593123209,1.0,0.0,0.0,601,1,0,0.010886713656343222,0.1031536237584374,0.1476720704294282,0.4816512456118054,0.8513087847072269,0.8032819626482017,0.0029826478420781994,1.2016818311829491
0.55,0.2,1.2,0.12,0.6,0.38,0.5,0.4752475247524752,0.3452214546289898,0.08639308855291576,0.6019028542814221,0.3473684210526316,0.4305157593123209,1.0,0.0,0.0,601,1,0,0.010886713656343222,0.1031536237584374,0.1476720704294282,0.4816512456118054,0.8513087847072269,0.8032819626482017,0.0029826478420781994,1.2016818311829491
0.55,0.2,1.2,0.04,0.6,0.38,0.5,0.4752475247524752,0.3452214546289898,0.08639308855291576,0.6019028542814221,0.3473684210526316,0.4305157593123209,1.0,0.0,0.0,601,1,0,0.010886713656343222,0.1031536237584374,0.1476720704294282,0.4816512456118054,0.8513087847072269,0.8032819626482017,0.0029826478420781994,1.2016818311829491
0.55,0.3,1.2,0.08,0.6,0.38,0.5,0.4745874587458746,0.3457095634478414,0.10278372591006424,0.6016016016016016,0.3327433628318584,0.4302075876879026,1.0,0.0,0.0,601,1,0,0.010752599520399581,0.1031536237584374,0.1476720704294282,0.4816512456118054,0.8513087847072269,0.8032819626482017,0.0029826478420781994,1.2018537883706983
0.55,0.3,1.2,0.12,0.6,0.38,0.5,0.4745874587458746,0.3457095634478414,0.10278372591006424,0.6016016016016016,0.3327433628318584,0.4302075876879026,1.0,0.0,0.0,601,1,0,0.010752599520399581,0.1031536237584374,0.1476720704294282,0.4816512456118054,0.8513087847072269,0.8032819626482017,0.0029826478420781994,1.2018537883706983
0.55,0.3,1.2,0.04,0.6,0.38,0.5,0.4745874587458746,0.3457095634478414,0.10278372591006424,0.6016016016016016,0.3327433628318584,0.4302075876879026,1.0,0.0,0.0,601,1,0,0.010752599520399581,0.1031536237584374,0.1476720704294282,0.4816512456118054,0.8513087847072269,0.8032819626482017,0.0029826478420781994,1.2018537883706983
0.55,0.3,1.0,0.12,0.72,0.42,0.25,0.5966996699669967,0.49205009711338826,0.8444444444444444,0.6317058468957203,0.0,0.4952741020793951,0.8718801996672213,0.1281198003327787,0.0,601,1,0,0.012469874474841883,0.1031536237584374,0.1476720704294282,0.4816512456118054,0.8513087847072269,0.8032819626482017,0.0029826478420781994,1.2024526241828644
0.55,0.2,1.0,0.04,0.72,0.42,0.25,0.5966996699669967,0.49205009711338826,0.8444444444444444,0.6317058468957203,0.0,0.4952741020793951,0.8718801996672213,0.1281198003327787,0.0,601,1,0,0.012619040233655184,0.1031536237584374,0.1476720704294282,0.4816512456118054,0.8513087847072269,0.8032819626482017,0.0029826478420781994,1.2024526241828644
0.55,0.2,1.0,0.08,0.72,0.42,0.25,0.5966996699669967,0.49205009711338826,0.8444444444444444,0.6317058468957203,0.0,0.4952741020793951,0.8718801996672213,0.1281198003327787,0.0,601,1,0,0.012619040233655184,0.1031536237584374,0.1476720704294282,0.4816512456118054,0.8513087847072269,0.8032819626482017,0.0029826478420781994,1.2024526241828644
0.55,0.3,1.0,0.04,0.72,0.42,0.25,0.5966996699669967,0.49205009711338826,0.8444444444444444,0.6317058468957203,0.0,0.4952741020793951,0.8718801996672213,0.1281198003327787,0.0,601,1,0,0.012469874474841883,0.1031536237584374,0.1476720704294282,0.4816512456118054,0.8513087847072269,0.8032819626482017,0.0029826478420781994,1.2024526241828644
0.55,0.2,1.0,0.12,0.72,0.42,0.25,0.5966996699669967,0.49205009711338826,0.8444444444444444,0.6317058468957203,0.0,0.4952741020793951,0.8718801996672213,0.1281198003327787,0.0,601,1,0,0.012619040233655184,0.1031536237584374,0.1476720704294282,0.4816512456118054,0.8513087847072269,0.8032819626482017,0.0029826478420781994,1.2024526241828644
0.55,0.3,1.0,0.08,0.72,0.42,0.25,0.5966996699669967,0.49205009711338826,0.8444444444444444,0.6317058468957203,0.0,0.4952741020793951,0.8718801996672213,0.1281198003327787,0.0,601,1,0,0.012469874474841883,0.1031536237584374,0.1476720704294282,0.4816512456118054,0.8513087847072269,0.8032819626482017,0.0029826478420781994,1.2024526241828644
0.65,0.3,1.2,0.12,0.72,0.38,0.5,0.6052805280528053,0.51924244055408,0.8371584699453551,0.6313193588162762,0.08924949290060852,0.5014691478942214,0.8519134775374376,0.1480865224625624,0.0,601,1,0,0.011421207962836747,0.1031536237584374,0.1476720704294282,0.4816512456118054,0.8513087847072269,0.8032819626482017,0.0029826478420781994,1.2086095391289098
0.65,0.3,1.2,0.08,0.72,0.38,0.5,0.6052805280528053,0.51924244055408,0.8371584699453551,0.6313193588162762,0.08924949290060852,0.5014691478942214,0.8519134775374376,0.1480865224625624,0.0,601,1,0,0.011421207962836747,0.1031536237584374,0.1476720704294282,0.4816512456118054,0.8513087847072269,0.8032819626482017,0.0029826478420781994,1.2086095391289098
0.65,0.3,1.2,0.04,0.72,0.38,0.5,0.6052805280528053,0.51924244055408,0.8371584699453551,0.6313193588162762,0.08924949290060852,0.5014691478942214,0.8519134775374376,0.1480865224625624,0.0,601,1,0,0.011421207962836747,0.1031536237584374,0.1476720704294282,0.4816512456118054,0.8513087847072269,0.8032819626482017,0.0029826478420781994,1.2086095391289098
0.75,0.1,1.2,0.12,0.66,0.34,0.25,0.6561056105610561,0.6355511266626358,0.8004136504653567,0.6404416839199448,0.46579804560260585,0.5471698113207547,0.7720465890183028,0.22795341098169716,0.0,601,3,0,0.014401852294488962,0.1031536237584374,0.1476720704294282,0.4816512456118054,0.8513087847072269,0.8032819626482017,0.0029826478420781994,1.2091962364022864
0.75,0.1,1.2,0.08,0.66,0.34,0.25,0.6561056105610561,0.6355511266626358,0.8004136504653567,0.6404416839199448,0.46579804560260585,0.5471698113207547,0.7720465890183028,0.22795341098169716,0.0,601,3,0,0.014401852294488962,0.1031536237584374,0.1476720704294282,0.4816512456118054,0.8513087847072269,0.8032819626482017,0.0029826478420781994,1.2091962364022864
0.75,0.1,1.2,0.04,0.66,0.34,0.25,0.6561056105610561,0.6355511266626358,0.8004136504653567,0.6404416839199448,0.46579804560260585,0.5471698113207547,0.7720465890183028,0.22795341098169716,0.0,601,3,0,0.014401852294488962,0.1031536237584374,0.1476720704294282,0.4816512456118054,0.8513087847072269,0.8032819626482017,0.0029826478420781994,1.2091962364022864
0.65,0.3,1.2,0.04,0.72,0.42,0.5,0.6066006600660065,0.5203123411387525,0.8400435255712732,0.6316440049443758,0.08924949290060852,0.5024582104228122,0.8502495840266223,0.1497504159733777,0.0,601,1,0,0.01161438703201491,0.1031536237584374,0.1476720704294282,0.4816512456118054,0.8513087847072269,0.8032819626482017,0.0029826478420781994,1.2097136829037483
0.65,0.3,1.2,0.12,0.72,0.42,0.5,0.6066006600660065,0.5203123411387525,0.8400435255712732,0.6316440049443758,0.08924949290060852,0.5024582104228122,0.8502495840266223,0.1497504159733777,0.0,601,1,0,0.01161438703201491,0.1031536237584374,0.1476720704294282,0.4816512456118054,0.8513087847072269,0.8032819626482017,0.0029826478420781994,1.2097136829037483
0.65,0.3,1.2,0.08,0.72,0.42,0.5,0.6066006600660065,0.5203123411387525,0.8400435255712732,0.6316440049443758,0.08924949290060852,0.5024582104228122,0.8502495840266223,0.1497504159733777,0.0,601,1,0,0.01161438703201491,0.1031536237584374,0.1476720704294282,0.4816512456118054,0.8513087847072269,0.8032819626482017,0.0029826478420781994,1.2097136829037483
0.65,0.3,1.2,0.12,0.72,0.38,0.25,0.6039603960396039,0.5172646466739107,0.8358862144420132,0.6305418719211823,0.08536585365853659,0.5004887585532747,0.8519134775374376,0.1480865224625624,0.0,601,0,0,0.012446784581289191,0.1031536237584374,0.1476720704294282,0.4816512456118054,0.8513087847072269,0.8032819626482017,0.0029826478420781994,1.2119074650222805
0.65,0.3,1.2,0.04,0.72,0.38,0.25,0.6039603960396039,0.5172646466739107,0.8358862144420132,0.6305418719211823,0.08536585365853659,0.5004887585532747,0.8519134775374376,0.1480865224625624,0.0,601,0,0,0.012446784581289191,0.1031536237584374,0.1476720704294282,0.4816512456118054,0.8513087847072269,0.8032819626482017,0.0029826478420781994,1.2119074650222805
0.65,0.3,1.2,0.08,0.72,0.38,0.25,0.6039603960396039,0.5172646466739107,0.8358862144420132,0.6305418719211823,0.08536585365853659,0.5004887585532747,0.8519134775374376,0.1480865224625624,0.0,601,0,0,0.012446784581289191,0.1031536237584374,0.1476720704294282,0.4816512456118054,0.8513087847072269,0.8032819626482017,0.0029826478420781994,1.2119074650222805
0.75,0.2,1.2,0.12,0.6,0.34,0.25,0.6653465346534654,0.651441177120735,0.7950819672131147,0.642706131078224,0.5165354330708661,0.5574572127139364,0.7587354409317804,0.24126455906821964,0.0,601,4,0,0.014655540116001894,0.1031536237584374,0.1476720704294282,0.4816512456118054,0.8513087847072269,0.8032819626482017,0.0029826478420781994,1.212018672833475
0.75,0.2,1.2,0.08,0.6,0.34,0.25,0.6653465346534654,0.651441177120735,0.7950819672131147,0.642706131078224,0.5165354330708661,0.5574572127139364,0.7587354409317804,0.24126455906821964,0.0,601,4,0,0.014655540116001894,0.1031536237584374,0.1476720704294282,0.4816512456118054,0.8513087847072269,0.8032819626482017,0.0029826478420781994,1.212018672833475
0.75,0.2,1.2,0.04,0.6,0.34,0.25,0.6653465346534654,0.651441177120735,0.7950819672131147,0.642706131078224,0.5165354330708661,0.5574572127139364,0.7587354409317804,0.24126455906821964,0.0,601,4,0,0.014655540116001894,0.1031536237584374,0.1476720704294282,0.4816512456118054,0.8513087847072269,0.8032819626482017,0.0029826478420781994,1.212018672833475
0.65,0.3,1.2,0.12,0.72,0.42,0.25,0.6052805280528053,0.5183366692054721,0.8387799564270153,0.6308641975308642,0.08536585365853659,0.5014720314033366,0.8502495840266223,0.1497504159733777,0.0,601,0,0,0.012664289689249004,0.1031536237584374,0.1476720704294282,0.4816512456118054,0.8513087847072269,0.8032819626482017,0.0029826478420781994,1.21300948685023
0.65,0.3,1.2,0.04,0.72,0.42,0.25,0.6052805280528053,0.5183366692054721,0.8387799564270153,0.6308641975308642,0.08536585365853659,0.5014720314033366,0.8502495840266223,0.1497504159733777,0.0,601,0,0,0.012664289689249004,0.1031536237584374,0.1476720704294282,0.4816512456118054,0.8513087847072269,0.8032819626482017,0.0029826478420781994,1.21300948685023
0.65,0.3,1.2,0.08,0.72,0.42,0.25,0.6052805280528053,0.5183366692054721,0.8387799564270153,0.6308641975308642,0.08536585365853659,0.5014720314033366,0.8502495840266223,0.1497504159733777,0.0,601,0,0,0.012664289689249004,0.1031536237584374,0.1476720704294282,0.4816512456118054,0.8513087847072269,0.8032819626482017,0.0029826478420781994,1.21300948685023
0.65,0.2,1.0,0.08,0.66,0.42,0.25,0.6442244224422442,0.6133702850234387,0.8083333333333333,0.6365475387727579,0.39522998296422485,0.5351473922902494,0.7853577371048253,0.2146422628951747,0.0,601,3,0,0.014974489359659716,0.1031536237584374,0.1476720704294282,0.4816512456118054,0.8513087847072269,0.8032819626482017,0.0029826478420781994,1.215304855178598
0.65,0.2,1.0,0.04,0.66,0.42,0.25,0.6442244224422442,0.6133702850234387,0.8083333333333333,0.6365475387727579,0.39522998296422485,0.5351473922902494,0.7853577371048253,0.2146422628951747,0.0,601,3,0,0.014974489359659716,0.1031536237584374,0.1476720704294282,0.4816512456118054,0.8513087847072269,0.8032819626482017,0.0029826478420781994,1.215304855178598
0.65,0.2,1.0,0.12,0.66,0.42,0.25,0.6442244224422442,0.6133702850234387,0.8083333333333333,0.6365475387727579,0.39522998296422485,0.5351473922902494,0.7853577371048253,0.2146422628951747,0.0,601,3,0,0.014974489359659716,0.1031536237584374,0.1476720704294282,0.4816512456118054,0.8513087847072269,0.8032819626482017,0.0029826478420781994,1.215304855178598
0.55,0.1,1.2,0.04,0.6,0.34,0.5,0.47128712871287126,0.3343783260071806,0.04415011037527594,0.6000998502246631,0.3588850174216028,0.42867332382310985,1.0,0.0,0.0,601,1,0,0.010318285687964656,0.1031536237584374,0.1476720704294282,0.4816512456118054,0.8513087847072269,0.8032819626482017,0.0029826478420781994,1.2164853558443622
0.55,0.1,1.2,0.08,0.6,0.34,0.5,0.47128712871287126,0.3343783260071806,0.04415011037527594,0.6000998502246631,0.3588850174216028,0.42867332382310985,1.0,0.0,0.0,601,1,0,0.010318285687964656,0.1031536237584374,0.1476720704294282,0.4816512456118054,0.8513087847072269,0.8032819626482017,0.0029826478420781994,1.2164853558443622
0.55,0.1,1.2,0.12,0.6,0.34,0.5,0.47128712871287126,0.3343783260071806,0.04415011037527594,0.6000998502246631,0.3588850174216028,0.42867332382310985,1.0,0.0,0.0,601,1,0,0.010318285687964656,0.1031536237584374,0.1476720704294282,0.4816512456118054,0.8513087847072269,0.8032819626482017,0.0029826478420781994,1.2164853558443622
0.75,0.2,1.2,0.04,0.66,0.34,0.5,0.6547854785478547,0.6339526041202795,0.8,0.6385625431928127,0.4632952691680261,0.5460992907801419,0.7687188019966722,0.23128119800332778,0.0,601,3,0,0.0137620082041168,0.1031536237584374,0.1476720704294282,0.4816512456118054,0.8513087847072269,0.8032819626482017,0.0029826478420781994,1.2191032437032683
0.75,0.2,1.2,0.12,0.66,0.34,0.5,0.6547854785478547,0.6339526041202795,0.8,0.6385625431928127,0.4632952691680261,0.5460992907801419,0.7687188019966722,0.23128119800332778,0.0,601,3,0,0.0137620082041168,0.1031536237584374,0.1476720704294282,0.4816512456118054,0.8513087847072269,0.8032819626482017,0.0029826478420781994,1.2191032437032683
0.75,0.2,1.2,0.08,0.66,0.34,0.5,0.6547854785478547,0.6339526041202795,0.8,0.6385625431928127,0.4632952691680261,0.5460992907801419,0.7687188019966722,0.23128119800332778,0.0,601,3,0,0.0137620082041168,0.1031536237584374,0.1476720704294282,0.4816512456118054,0.8513087847072269,0.8032819626482017,0.0029826478420781994,1.2191032437032683
0.55,0.1,1.2,0.12,0.6,0.34,0.25,0.46996699669966996,0.33128766090264783,0.03547671840354767,0.599501246882793,0.3588850174216028,0.42806267806267806,1.0,0.0,0.0,601,1,0,0.011887486965843646,0.1031536237584374,0.1476720704294282,0.4816512456118054,0.8513087847072269,0.8032819626482017,0.0029826478420781994,1.2208961529620963
0.55,0.1,1.2,0.04,0.6,0.34,0.25,0.46996699669966996,0.33128766090264783,0.03547671840354767,0.599501246882793,0.3588850174216028,0.42806267806267806,1.0,0.0,0.0,601,1,0,0.011887486965843646,0.1031536237584374,0.1476720704294282,0.4816512456118054,0.8513087847072269,0.8032819626482017,0.0029826478420781994,1.2208961529620963
0.55,0.1,1.2,0.08,0.6,0.34,0.25,0.46996699669966996,0.33128766090264783,0.03547671840354767,0.599501246882793,0.3588850174216028,0.42806267806267806,1.0,0.0,0.0,601,1,0,0.011887486965843646,0.1031536237584374,0.1476720704294282,0.4816512456118054,0.8513087847072269,0.8032819626482017,0.0029826478420781994,1.2208961529620963
0.75,0.1,1.2,0.04,0.72,0.34,0.5,0.642904290429043,0.6117275281040703,0.8074921956295525,0.6351989211058665,0.3924914675767918,0.5340136054421769,0.78369384359401,0.21630615640599002,0.0,601,3,0,0.013418537483015637,0.1031536237584374,0.1476720704294282,0.4816512456118054,0.8513087847072269,0.8032819626482017,0.0029826478420781994,1.22176192048388
0.75,0.1,1.2,0.12,0.72,0.34,0.5,0.642904290429043,0.6117275281040703,0.8074921956295525,0.6351989211058665,0.3924914675767918,0.5340136054421769,0.78369384359401,0.21630615640599002,0.0,601,3,0,0.013418537483015637,0.1031536237584374,0.1476720704294282,0.4816512456118054,0.8513087847072269,0.8032819626482017,0.0029826478420781994,1.22176192048388
0.75,0.1,1.2,0.08,0.72,0.34,0.5,0.642904290429043,0.6117275281040703,0.8074921956295525,0.6351989211058665,0.3924914675767918,0.5340136054421769,0.78369384359401,0.21630615640599002,0.0,601,3,0,0.013418537483015637,0.1031536237584374,0.1476720704294282,0.4816512456118054,0.8513087847072269,0.8032819626482017,0.0029826478420781994,1.22176192048388
0.75,0.3,1.2,0.12,0.6,0.34,0.5,0.6653465346534654,0.652086534434123,0.7938775510204081,0.6411889596602972,0.521193092621664,0.5578817733990148,0.7537437603993344,0.24625623960066556,0.0,601,3,0,0.014021888887327152,0.1031536237584374,0.1476720704294282,0.4816512456118054,0.8513087847072269,0.8032819626482017,0.0029826478420781994,1.2218558446382235
0.75,0.3,1.2,0.04,0.6,0.34,0.5,0.6653465346534654,0.652086534434123,0.7938775510204081,0.6411889596602972,0.521193092621664,0.5578817733990148,0.7537437603993344,0.24625623960066556,0.0,601,3,0,0.014021888887327152,0.1031536237584374,0.1476720704294282,0.4816512456118054,0.8513087847072269,0.8032819626482017,0.0029826478420781994,1.2218558446382235
0.75,0.3,1.2,0.08,0.6,0.34,0.5,0.6653465346534654,0.652086534434123,0.7938775510204081,0.6411889596602972,0.521193092621664,0.5578817733990148,0.7537437603993344,0.24625623960066556,0.0,601,3,0,0.014021888887327152,0.1031536237584374,0.1476720704294282,0.4816512456118054,0.8513087847072269,0.8032819626482017,0.0029826478420781994,1.2218558446382235
0.55,0.2,1.2,0.04,0.6,0.34,0.5,0.46864686468646866,0.3301407893333019,0.04415011037527594,0.598903836571998,0.3473684210526316,0.4274537695590327,1.0,0.0,0.0,601,1,0,0.01017581278885135,0.1031536237584374,0.1476720704294282,0.4816512456118054,0.8513087847072269,0.8032819626482017,0.0029826478420781994,1.2233631565446434
0.55,0.2,1.2,0.08,0.6,0.34,0.5,0.46864686468646866,0.3301407893333019,0.04415011037527594,0.598903836571998,0.3473684210526316,0.4274537695590327,1.0,0.0,0.0,601,1,0,0.01017581278885135,0.1031536237584374,0.1476720704294282,0.4816512456118054,0.8513087847072269,0.8032819626482017,0.0029826478420781994,1.2233631565446434
0.55,0.2,1.2,0.12,0.6,0.34,0.5,0.46864686468646866,0.3301407893333019,0.04415011037527594,0.598903836571998,0.3473684210526316,0.4274537695590327,1.0,0.0,0.0,601,1,0,0.01017581278885135,0.1031536237584374,0.1476720704294282,0.4816512456118054,0.8513087847072269,0.8032819626482017,0.0029826478420781994,1.2233631565446434
0.55,0.2,1.0,0.04,0.72,0.34,0.25,0.46732673267326735,0.3291328416067092,0.3890909090909091,0.5983076157292185,0.0,0.4268465909090909,1.0,0.0,0.0,601,1,0,0.011503308308977151,0.1031536237584374,0.1476720704294282,0.4816512456118054,0.8513087847072269,0.8032819626482017,0.0029826478420781994,1.2256912362844377
0.55,0.2,1.0,0.08,0.72,0.34,0.25,0.46732673267326735,0.3291328416067092,0.3890909090909091,0.5983076157292185,0.0,0.4268465909090909,1.0,0.0,0.0,601,1,0,0.011503308308977151,0.1031536237584374,0.1476720704294282,0.4816512456118054,0.8513087847072269,0.8032819626482017,0.0029826478420781994,1.2256912362844377
0.55,0.2,1.0,0.12,0.72,0.34,0.25,0.46732673267326735,0.3291328416067092,0.3890909090909091,0.5983076157292185,0.0,0.4268465909090909,1.0,0.0,0.0,601,1,0,0.011503308308977151,0.1031536237584374,0.1476720704294282,0.4816512456118054,0.8513087847072269,0.8032819626482017,0.0029826478420781994,1.2256912362844377
0.55,0.2,1.2,0.08,0.6,0.34,0.25,0.4666666666666667,0.32598354684426534,0.03547671840354767,0.5980099502487563,0.3444639718804921,0.42654364797728883,1.0,0.0,0.0,601,1,0,0.011656689954811545,0.1031536237584374,0.1476720704294282,0.4816512456118054,0.8513087847072269,0.8032819626482017,0.0029826478420781994,1.229500597053482
0.55,0.2,1.2,0.04,0.6,0.34,0.25,0.4666666666666667,0.32598354684426534,0.03547671840354767,0.5980099502487563,0.3444639718804921,0.42654364797728883,1.0,0.0,0.0,601,1,0,0.011656689954811545,0.1031536237584374,0.1476720704294282,0.4816512456118054,0.8513087847072269,0.8032819626482017,0.0029826478420781994,1.229500597053482
0.55,0.2,1.2,0.12,0.6,0.34,0.25,0.4666666666666667,0.32598354684426534,0.03547671840354767,0.5980099502487563,0.3444639718804921,0.42654364797728883,1.0,0.0,0.0,601,1,0,0.011656689954811545,0.1031536237584374,0.1476720704294282,0.4816512456118054,0.8513087847072269,0.8032819626482017,0.0029826478420781994,1.229500597053482
0.55,0.3,1.2,0.04,0.6,0.34,0.5,0.466006600660066,0.32630469780572113,0.048458149779735685,0.5977125808055693,0.3327433628318584,0.42624113475177305,1.0,0.0,0.0,601,1,0,0.010040722244495618,0.1031536237584374,0.1476720704294282,0.4816512456118054,0.8513087847072269,0.8032819626482017,0.0029826478420781994,1.229839512098627
0.55,0.3,1.2,0.08,0.6,0.34,0.5,0.466006600660066,0.32630469780572113,0.048458149779735685,0.5977125808055693,0.3327433628318584,0.42624113475177305,1.0,0.0,0.0,601,1,0,0.010040722244495618,0.1031536237584374,0.1476720704294282,0.4816512456118054,0.8513087847072269,0.8032819626482017,0.0029826478420781994,1.229839512098627
0.55,0.3,1.2,0.12,0.6,0.34,0.5,0.466006600660066,0.32630469780572113,0.048458149779735685,0.5977125808055693,0.3327433628318584,0.42624113475177305,1.0,0.0,0.0,601,1,0,0.010040722244495618,0.1031536237584374,0.1476720704294282,0.4816512456118054,0.8513087847072269,0.8032819626482017,0.0029826478420781994,1.229839512098627
0.65,0.3,1.0,0.08,0.66,0.42,0.25,0.6422442244224422,0.6120755547065794,0.8049792531120332,0.6332882273342354,0.3979591836734694,0.5336374002280502,0.778702163061564,0.22129783693843594,0.0,601,3,0,0.014813104134469103,0.1031536237584374,0.1476720704294282,0.4816512456118054,0.8513087847072269,0.8032819626482017,0.0029826478420781994,1.232556489006108
0.65,0.3,1.0,0.04,0.66,0.42,0.25,0.6422442244224422,0.6120755547065794,0.8049792531120332,0.6332882273342354,0.3979591836734694,0.5336374002280502,0.778702163061564,0.22129783693843594,0.0,601,3,0,0.014813104134469103,0.1031536237584374,0.1476720704294282,0.4816512456118054,0.8513087847072269,0.8032819626482017,0.0029826478420781994,1.232556489006108
0.65,0.3,1.0,0.12,0.66,0.42,0.25,0.6422442244224422,0.6120755547065794,0.8049792531120332,0.6332882273342354,0.3979591836734694,0.5336374002280502,0.778702163061564,0.22129783693843594,0.0,601,3,0,0.014813104134469103,0.1031536237584374,0.1476720704294282,0.4816512456118054,0.8513087847072269,0.8032819626482017,0.0029826478420781994,1.232556489006108
0.65,0.2,1.2,0.12,0.72,0.38,0.5,0.5973597359735974,0.5018071660205015,0.8371584699453551,0.6266829865361077,0.04158004158004158,0.49564375605033884,0.8519134775374376,0.1480865224625624,0.0,601,1,0,0.011405771282345708,0.1031536237584374,0.1476720704294282,0.4816512456118054,0.8513087847072269,0.8032819626482017,0.0029826478420781994,1.2339656057416963
0.65,0.2,1.2,0.04,0.72,0.38,0.5,0.5973597359735974,0.5018071660205015,0.8371584699453551,0.6266829865361077,0.04158004158004158,0.49564375605033884,0.8519134775374376,0.1480865224625624,0.0,601,1,0,0.011405771282345708,0.1031536237584374,0.1476720704294282,0.4816512456118054,0.8513087847072269,0.8032819626482017,0.0029826478420781994,1.2339656057416963
0.65,0.2,1.2,0.08,0.72,0.38,0.5,0.5973597359735974,0.5018071660205015,0.8371584699453551,0.6266829865361077,0.04158004158004158,0.49564375605033884,0.8519134775374376,0.1480865224625624,0.0,601,1,0,0.011405771282345708,0.1031536237584374,0.1476720704294282,0.4816512456118054,0.8513087847072269,0.8032819626482017,0.0029826478420781994,1.2339656057416963
0.55,0.3,1.2,0.12,0.6,0.34,0.25,0.4646864686468647,0.3232283666492284,0.03982300884955752,0.5971187282662692,0.3327433628318584,0.4256373937677054,1.0,0.0,0.0,601,1,0,0.0114304889298626,0.1031536237584374,0.1476720704294282,0.4816512456118054,0.8513087847072269,0.8032819626482017,0.0029826478420781994,1.2342359752683212
0.55,0.3,1.2,0.08,0.6,0.34,0.25,0.4646864686468647,0.3232283666492284,0.03982300884955752,0.5971187282662692,0.3327433628318584,0.4256373937677054,1.0,0.0,0.0,601,1,0,0.0114304889298626,0.1031536237584374,0.1476720704294282,0.4816512456118054,0.8513087847072269,0.8032819626482017,0.0029826478420781994,1.2342359752683212
0.55,0.3,1.2,0.04,0.6,0.34,0.25,0.4646864686468647,0.3232283666492284,0.03982300884955752,0.5971187282662692,0.3327433628318584,0.4256373937677054,1.0,0.0,0.0,601,1,0,0.0114304889298626,0.1031536237584374,0.1476720704294282,0.4816512456118054,0.8513087847072269,0.8032819626482017,0.0029826478420781994,1.2342359752683212
0.65,0.2,1.2,0.08,0.72,0.42,0.5,0.5986798679867987,0.5028724773939965,0.8400435255712732,0.6269938650306749,0.04158004158004158,0.4965986394557823,0.8502495840266223,0.1497504159733777,0.0,601,1,0,0.01156655957325461,0.1031536237584374,0.1476720704294282,0.4816512456118054,0.8513087847072269,0.8032819626482017,0.0029826478420781994,1.2350743387277119
0.65,0.2,1.2,0.04,0.72,0.42,0.5,0.5986798679867987,0.5028724773939965,0.8400435255712732,0.6269938650306749,0.04158004158004158,0.4965986394557823,0.8502495840266223,0.1497504159733777,0.0,601,1,0,0.01156655957325461,0.1031536237584374,0.1476720704294282,0.4816512456118054,0.8513087847072269,0.8032819626482017,0.0029826478420781994,1.2350743387277119
0.65,0.2,1.2,0.12,0.72,0.42,0.5,0.5986798679867987,0.5028724773939965,0.8400435255712732,0.6269938650306749,0.04158004158004158,0.4965986394557823,0.8502495840266223,0.1497504159733777,0.0,601,1,0,0.01156655957325461,0.1031536237584374,0.1476720704294282,0.4816512456118054,0.8513087847072269,0.8032819626482017,0.0029826478420781994,1.2350743387277119
0.75,0.3,1.2,0.12,0.6,0.34,0.25,0.6607260726072607,0.646627850873835,0.7910295616717635,0.6370056497175142,0.5118483412322274,0.5533742331288344,0.7504159733777038,0.24958402662229617,0.0,601,4,0,0.014552346410906,0.1031536237584374,0.1476720704294282,0.4816512456118054,0.8513087847072269,0.8032819626482017,0.0029826478420781994,1.2389233429901405
0.75,0.3,1.2,0.08,0.6,0.34,0.25,0.6607260726072607,0.646627850873835,0.7910295616717635,0.6370056497175142,0.5118483412322274,0.5533742331288344,0.7504159733777038,0.24958402662229617,0.0,601,4,0,0.014552346410906,0.1031536237584374,0.1476720704294282,0.4816512456118054,0.8513087847072269,0.8032819626482017,0.0029826478420781994,1.2389233429901405
0.75,0.3,1.2,0.04,0.6,0.34,0.25,0.6607260726072607,0.646627850873835,0.7910295616717635,0.6370056497175142,0.5118483412322274,0.5533742331288344,0.7504159733777038,0.24958402662229617,0.0,601,4,0,0.014552346410906,0.1031536237584374,0.1476720704294282,0.4816512456118054,0.8513087847072269,0.8032819626482017,0.0029826478420781994,1.2389233429901405
0.65,0.2,1.2,0.04,0.72,0.38,0.25,0.5947194719471948,0.49585624708878884,0.836801752464403,0.625609756097561,0.025157232704402517,0.4937439846005775,0.8535773710482529,0.1464226289517471,0.0,601,1,0,0.012507674278274558,0.1031536237584374,0.1476720704294282,0.4816512456118054,0.8513087847072269,0.8032819626482017,0.0029826478420781994,1.2390626123270994
0.65,0.2,1.2,0.12,0.72,0.38,0.25,0.5947194719471948,0.49585624708878884,0.836801752464403,0.625609756097561,0.025157232704402517,0.4937439846005775,0.8535773710482529,0.1464226289517471,0.0,601,1,0,0.012507674278274558,0.1031536237584374,0.1476720704294282,0.4816512456118054,0.8513087847072269,0.8032819626482017,0.0029826478420781994,1.2390626123270994
0.65,0.2,1.2,0.08,0.72,0.38,0.25,0.5947194719471948,0.49585624708878884,0.836801752464403,0.625609756097561,0.025157232704402517,0.4937439846005775,0.8535773710482529,0.1464226289517471,0.0,601,1,0,0.012507674278274558,0.1031536237584374,0.1476720704294282,0.4816512456118054,0.8513087847072269,0.8032819626482017,0.0029826478420781994,1.2390626123270994
0.75,0.1,1.2,0.04,0.6,0.38,0.5,0.6633663366336634,0.6502851187065292,0.7918781725888325,0.6377840909090909,0.521193092621664,0.5563816604708798,0.7470881863560732,0.2529118136439268,0.0,601,3,0,0.014378263369814655,0.1031536237584374,0.1476720704294282,0.4816512456118054,0.8513087847072269,0.8032819626482017,0.0029826478420781994,1.239614163876468
0.75,0.1,1.2,0.12,0.6,0.38,0.5,0.6633663366336634,0.6502851187065292,0.7918781725888325,0.6377840909090909,0.521193092621664,0.5563816604708798,0.7470881863560732,0.2529118136439268,0.0,601,3,0,0.014378263369814655,0.1031536237584374,0.1476720704294282,0.4816512456118054,0.8513087847072269,0.8032819626482017,0.0029826478420781994,1.239614163876468
0.75,0.1,1.2,0.08,0.6,0.38,0.5,0.6633663366336634,0.6502851187065292,0.7918781725888325,0.6377840909090909,0.521193092621664,0.5563816604708798,0.7470881863560732,0.2529118136439268,0.0,601,3,0,0.014378263369814655,0.1031536237584374,0.1476720704294282,0.4816512456118054,0.8513087847072269,0.8032819626482017,0.0029826478420781994,1.239614163876468
0.75,0.2,1.2,0.12,0.66,0.34,0.25,0.6521452145214521,0.6319924100952025,0.7958974358974359,0.6342817487855655,0.46579804560260585,0.544047619047619,0.7603993344425957,0.23960066555740434,0.0,601,3,0,0.01434499513087928,0.1031536237584374,0.1476720704294282,0.4816512456118054,0.8513087847072269,0.8032819626482017,0.0029826478420781994,1.2411745836183086
0.75,0.2,1.2,0.08,0.66,0.34,0.25,0.6521452145214521,0.6319924100952025,0.7958974358974359,0.6342817487855655,0.46579804560260585,0.544047619047619,0.7603993344425957,0.23960066555740434,0.0,601,3,0,0.01434499513087928,0.1031536237584374,0.1476720704294282,0.4816512456118054,0.8513087847072269,0.8032819626482017,0.0029826478420781994,1.2411745836183086
0.75,0.2,1.2,0.04,0.66,0.34,0.25,0.6521452145214521,0.6319924100952025,0.7958974358974359,0.6342817487855655,0.46579804560260585,0.544047619047619,0.7603993344425957,0.23960066555740434,0.0,601,3,0,0.01434499513087928,0.1031536237584374,0.1476720704294282,0.4816512456118054,0.8513087847072269,0.8032819626482017,0.0029826478420781994,1.2411745836183086
0.65,0.2,1.2,0.04,0.72,0.42,0.25,0.5953795379537954,0.4963378805769354,0.8387799564270153,0.6250764525993884,0.025157232704402517,0.4941972920696325,0.8502495840266223,0.1497504159733777,0.0,601,1,0,0.012732442300910418,0.1031536237584374,0.1476720704294282,0.4816512456118054,0.8513087847072269,0.8032819626482017,0.0029826478420781994,1.2449092655777765
0.65,0.2,1.2,0.12,0.72,0.42,0.25,0.5953795379537954,0.4963378805769354,0.8387799564270153,0.6250764525993884,0.025157232704402517,0.4941972920696325,0.8502495840266223,0.1497504159733777,0.0,601,1,0,0.012732442300910418,0.1031536237584374,0.1476720704294282,0.4816512456118054,0.8513087847072269,0.8032819626482017,0.0029826478420781994,1.2449092655777765
0.65,0.2,1.2,0.08,0.72,0.42,0.25,0.5953795379537954,0.4963378805769354,0.8387799564270153,0.6250764525993884,0.025157232704402517,0.4941972920696325,0.8502495840266223,0.1497504159733777,0.0,601,1,0,0.012732442300910418,0.1031536237584374,0.1476720704294282,0.4816512456118054,0.8513087847072269,0.8032819626482017,0.0029826478420781994,1.2449092655777765
0.65,0.3,1.0,0.12,0.72,0.42,0.5,0.6290429042904291,0.5866765956353516,0.8108672936259144,0.6283068783068783,0.32085561497326204,0.5214050493962679,0.7903494176372712,0.2096505823627288,0.0,601,4,0,0.013688765837033058,0.1031536237584374,0.1476720704294282,0.4816512456118054,0.8513087847072269,0.8032819626482017,0.0029826478420781994,1.2466975336003638
0.65,0.3,1.0,0.04,0.72,0.42,0.5,0.6290429042904291,0.5866765956353516,0.8108672936259144,0.6283068783068783,0.32085561497326204,0.5214050493962679,0.7903494176372712,0.2096505823627288,0.0,601,4,0,0.013688765837033058,0.1031536237584374,0.1476720704294282,0.4816512456118054,0.8513087847072269,0.8032819626482017,0.0029826478420781994,1.2466975336003638
0.65,0.3,1.0,0.08,0.72,0.42,0.5,0.6290429042904291,0.5866765956353516,0.8108672936259144,0.6283068783068783,0.32085561497326204,0.5214050493962679,0.7903494176372712,0.2096505823627288,0.0,601,4,0,0.013688765837033058,0.1031536237584374,0.1476720704294282,0.4816512456118054,0.8513087847072269,0.8032819626482017,0.0029826478420781994,1.2466975336003638
0.65,0.1,1.2,0.08,0.72,0.38,0.25,0.5914191419141914,0.48729481566697563,0.8377192982456141,0.6241651487553127,0.0,0.491395793499044,0.8552412645590682,0.1447587354409318,0.0,601,1,0,0.01257643301025624,0.1031536237584374,0.1476720704294282,0.4816512456118054,0.8513087847072269,0.8032819626482017,0.0029826478420781994,1.2474301974092037
0.65,0.1,1.2,0.12,0.72,0.38,0.25,0.5914191419141914,0.48729481566697563,0.8377192982456141,0.6241651487553127,0.0,0.491395793499044,0.8552412645590682,0.1447587354409318,0.0,601,1,0,0.01257643301025624,0.1031536237584374,0.1476720704294282,0.4816512456118054,0.8513087847072269,0.8032819626482017,0.0029826478420781994,1.2474301974092037
0.65,0.1,1.2,0.04,0.72,0.38,0.25,0.5914191419141914,0.48729481566697563,0.8377192982456141,0.6241651487553127,0.0,0.491395793499044,0.8552412645590682,0.1447587354409318,0.0,601,1,0,0.01257643301025624,0.1031536237584374,0.1476720704294282,0.4816512456118054,0.8513087847072269,0.8032819626482017,0.0029826478420781994,1.2474301974092037
0.75,0.1,1.2,0.04,0.6,0.38,0.25,0.664026402640264,0.6511124319758372,0.79313824419778,0.6366880799428979,0.5235109717868338,0.5575,0.7420965058236273,0.2579034941763727,0.0,601,4,0,0.01499412185935812,0.1031536237584374,0.1476720704294282,0.4816512456118054,0.8513087847072269,0.8032819626482017,0.0029826478420781994,1.2486093137186955
0.75,0.1,1.2,0.12,0.6,0.38,0.25,0.664026402640264,0.6511124319758372,0.79313824419778,0.6366880799428979,0.5235109717868338,0.5575,0.7420965058236273,0.2579034941763727,0.0,601,4,0,0.01499412185935812,0.1031536237584374,0.1476720704294282,0.4816512456118054,0.8513087847072269,0.8032819626482017,0.0029826478420781994,1.2486093137186955
0.75,0.1,1.2,0.08,0.6,0.38,0.25,0.664026402640264,0.6511124319758372,0.79313824419778,0.6366880799428979,0.5235109717868338,0.5575,0.7420965058236273,0.2579034941763727,0.0,601,4,0,0.01499412185935812,0.1031536237584374,0.1476720704294282,0.4816512456118054,0.8513087847072269,0.8032819626482017,0.0029826478420781994,1.2486093137186955
0.75,0.3,1.2,0.12,0.66,0.34,0.5,0.6521452145214521,0.6327400972098148,0.7946884576098059,0.6327526132404181,0.4707792207792208,0.5443645083932853,0.7554076539101497,0.24459234608985025,0.0,601,4,0,0.01374863984211366,0.1031536237584374,0.1476720704294282,0.4816512456118054,0.8513087847072269,0.8032819626482017,0.0029826478420781994,1.250909425621833
0.75,0.3,1.2,0.04,0.66,0.34,0.5,0.6521452145214521,0.6327400972098148,0.7946884576098059,0.6327526132404181,0.4707792207792208,0.5443645083932853,0.7554076539101497,0.24459234608985025,0.0,601,4,0,0.01374863984211366,0.1031536237584374,0.1476720704294282,0.4816512456118054,0.8513087847072269,0.8032819626482017,0.0029826478420781994,1.250909425621833
0.75,0.3,1.2,0.08,0.66,0.34,0.5,0.6521452145214521,0.6327400972098148,0.7946884576098059,0.6327526132404181,0.4707792207792208,0.5443645083932853,0.7554076539101497,0.24459234608985025,0.0,601,4,0,0.01374863984211366,0.1031536237584374,0.1476720704294282,0.4816512456118054,0.8513087847072269,0.8032819626482017,0.0029826478420781994,1.250909425621833
0.65,0.1,1.2,0.08,0.72,0.38,0.5,0.5907590759075908,0.48667650539135526,0.8371584699453551,0.6228710462287105,0.0,0.49089165867689355,0.8519134775374376,0.1480865224625624,0.0,601,0,0,0.011403152859236642,0.1031536237584374,0.1476720704294282,0.4816512456118054,0.8513087847072269,0.8032819626482017,0.0029826478420781994,1.255696926436849
0.65,0.1,1.2,0.12,0.72,0.38,0.5,0.5907590759075908,0.48667650539135526,0.8371584699453551,0.6228710462287105,0.0,0.49089165867689355,0.8519134775374376,0.1480865224625624,0.0,601,0,0,0.011403152859236642,0.1031536237584374,0.1476720704294282,0.4816512456118054,0.8513087847072269,0.8032819626482017,0.0029826478420781994,1.255696926436849
0.65,0.1,1.2,0.04,0.72,0.38,0.5,0.5907590759075908,0.48667650539135526,0.8371584699453551,0.6228710462287105,0.0,0.49089165867689355,0.8519134775374376,0.1480865224625624,0.0,601,0,0,0.011403152859236642,0.1031536237584374,0.1476720704294282,0.4816512456118054,0.8513087847072269,0.8032819626482017,0.0029826478420781994,1.255696926436849
0.75,0.1,1.2,0.08,0.72,0.34,0.25,0.6376237623762376,0.6070685757951374,0.8004136504653567,0.6283006093432634,0.3924914675767918,0.5296803652968036,0.7720465890183028,0.22795341098169716,0.0,601,3,0,0.014004886578977088,0.1031536237584374,0.1476720704294282,0.4816512456118054,0.8513087847072269,0.8032819626482017,0.0029826478420781994,1.256160635454603
0.75,0.1,1.2,0.12,0.72,0.34,0.25,0.6376237623762376,0.6070685757951374,0.8004136504653567,0.6283006093432634,0.3924914675767918,0.5296803652968036,0.7720465890183028,0.22795341098169716,0.0,601,3,0,0.014004886578977088,0.1031536237584374,0.1476720704294282,0.4816512456118054,0.8513087847072269,0.8032819626482017,0.0029826478420781994,1.256160635454603
0.75,0.1,1.2,0.04,0.72,0.34,0.25,0.6376237623762376,0.6070685757951374,0.8004136504653567,0.6283006093432634,0.3924914675767918,0.5296803652968036,0.7720465890183028,0.22795341098169716,0.0,601,3,0,0.014004886578977088,0.1031536237584374,0.1476720704294282,0.4816512456118054,0.8513087847072269,0.8032819626482017,0.0029826478420781994,1.256160635454603
0.65,0.1,1.2,0.04,0.72,0.42,0.5,0.592079207920792,0.4877380857595301,0.8400435255712732,0.6231707317073171,0.0,0.4918190567853705,0.8502495840266223,0.1497504159733777,0.0,601,0,0,0.011527135878544252,0.1031536237584374,0.1476720704294282,0.4816512456118054,0.8513087847072269,0.8032819626482017,0.0029826478420781994,1.256809390428185
0.65,0.1,1.2,0.12,0.72,0.42,0.5,0.592079207920792,0.4877380857595301,0.8400435255712732,0.6231707317073171,0.0,0.4918190567853705,0.8502495840266223,0.1497504159733777,0.0,601,0,0,0.011527135878544252,0.1031536237584374,0.1476720704294282,0.4816512456118054,0.8513087847072269,0.8032819626482017,0.0029826478420781994,1.256809390428185
0.65,0.1,1.2,0.08,0.72,0.42,0.5,0.592079207920792,0.4877380857595301,0.8400435255712732,0.6231707317073171,0.0,0.4918190567853705,0.8502495840266223,0.1497504159733777,0.0,601,0,0,0.011527135878544252,0.1031536237584374,0.1476720704294282,0.4816512456118054,0.8513087847072269,0.8032819626482017,0.0029826478420781994,1.256809390428185
0.65,0.2,1.0,0.12,0.72,0.42,0.5,0.6198019801980198,0.5673728901154558,0.8151260504201681,0.625,0.26199261992619927,0.5133689839572193,0.7986688851913477,0.20133111480865223,0.0,601,3,0,0.013740044522088588,0.1031536237584374,0.1476720704294282,0.4816512456118054,0.8513087847072269,0.8032819626482017,0.0029826478420781994,1.2577712813491082
0.65,0.2,1.0,0.08,0.72,0.42,0.5,0.6198019801980198,0.5673728901154558,0.8151260504201681,0.625,0.26199261992619927,0.5133689839572193,0.7986688851913477,0.20133111480865223,0.0,601,3,0,0.013740044522088588,0.1031536237584374,0.1476720704294282,0.4816512456118054,0.8513087847072269,0.8032819626482017,0.0029826478420781994,1.2577712813491082
0.65,0.2,1.0,0.04,0.72,0.42,0.5,0.6198019801980198,0.5673728901154558,0.8151260504201681,0.625,0.26199261992619927,0.5133689839572193,0.7986688851913477,0.20133111480865223,0.0,601,3,0,0.013740044522088588,0.1031536237584374,0.1476720704294282,0.4816512456118054,0.8513087847072269,0.8032819626482017,0.0029826478420781994,1.2577712813491082
0.65,0.1,1.2,0.04,0.72,0.42,0.25,0.5914191419141914,0.48719031251203165,0.8387799564270153,0.6227909811090798,0.0,0.4913461538461538,0.8502495840266223,0.1497504159733777,0.0,601,0,0,0.01280491820369084,0.1031536237584374,0.1476720704294282,0.4816512456118054,0.8513087847072269,0.8032819626482017,0.0029826478420781994,1.2580172296822842
0.65,0.1,1.2,0.12,0.72,0.42,0.25,0.5914191419141914,0.48719031251203165,0.8387799564270153,0.6227909811090798,0.0,0.4913461538461538,0.8502495840266223,0.1497504159733777,0.0,601,0,0,0.01280491820369084,0.1031536237584374,0.1476720704294282,0.4816512456118054,0.8513087847072269,0.8032819626482017,0.0029826478420781994,1.2580172296822842
0.65,0.1,1.2,0.08,0.72,0.42,0.25,0.5914191419141914,0.48719031251203165,0.8387799564270153,0.6227909811090798,0.0,0.4913461538461538,0.8502495840266223,0.1497504159733777,0.0,601,0,0,0.01280491820369084,0.1031536237584374,0.1476720704294282,0.4816512456118054,0.8513087847072269,0.8032819626482017,0.0029826478420781994,1.2580172296822842
0.75,0.2,1.2,0.08,0.6,0.38,0.5,0.6607260726072607,0.647923885417265,0.788675429726997,0.6339031339031339,0.521193092621664,0.5541718555417185,0.740432612312812,0.259567387687188,0.0,601,3,0,0.01427968932702522,0.1031536237584374,0.1476720704294282,0.4816512456118054,0.8513087847072269,0.8032819626482017,0.0029826478420781994,1.2585923666829832
0.75,0.2,1.2,0.04,0.6,0.38,0.5,0.6607260726072607,0.647923885417265,0.788675429726997,0.6339031339031339,0.521193092621664,0.5541718555417185,0.740432612312812,0.259567387687188,0.0,601,3,0,0.01427968932702522,0.1031536237584374,0.1476720704294282,0.4816512456118054,0.8513087847072269,0.8032819626482017,0.0029826478420781994,1.2585923666829832
0.75,0.2,1.2,0.12,0.6,0.38,0.5,0.6607260726072607,0.647923885417265,0.788675429726997,0.6339031339031339,0.521193092621664,0.5541718555417185,0.740432612312812,0.259567387687188,0.0,601,3,0,0.01427968932702522,0.1031536237584374,0.1476720704294282,0.4816512456118054,0.8513087847072269,0.8032819626482017,0.0029826478420781994,1.2585923666829832
0.75,0.2,1.2,0.04,0.72,0.34,0.5,0.6376237623762376,0.6075070751089168,0.8,0.6272912423625254,0.39522998296422485,0.5298165137614679,0.7687188019966722,0.23128119800332778,0.0,601,3,0,0.013457320292093282,0.1031536237584374,0.1476720704294282,0.4816512456118054,0.8513087847072269,0.8032819626482017,0.0029826478420781994,1.2627104888862482
0.75,0.2,1.2,0.12,0.72,0.34,0.5,0.6376237623762376,0.6075070751089168,0.8,0.6272912423625254,0.39522998296422485,0.5298165137614679,0.7687188019966722,0.23128119800332778,0.0,601,3,0,0.013457320292093282,0.1031536237584374,0.1476720704294282,0.4816512456118054,0.8513087847072269,0.8032819626482017,0.0029826478420781994,1.2627104888862482
0.75,0.2,1.2,0.08,0.72,0.34,0.5,0.6376237623762376,0.6075070751089168,0.8,0.6272912423625254,0.39522998296422485,0.5298165137614679,0.7687188019966722,0.23128119800332778,0.0,601,3,0,0.013457320292093282,0.1031536237584374,0.1476720704294282,0.4816512456118054,0.8513087847072269,0.8032819626482017,0.0029826478420781994,1.2627104888862482
0.75,0.2,1.2,0.08,0.6,0.38,0.25,0.6607260726072607,0.64715236767338,0.7915407854984894,0.6333808844507846,0.5165354330708661,0.5543071161048689,0.7387687188019967,0.2612312811980033,0.0,601,5,0,0.014859795503044037,0.1031536237584374,0.1476720704294282,0.4816512456118054,0.8513087847072269,0.8032819626482017,0.0029826478420781994,1.2628580607995805
0.75,0.2,1.2,0.12,0.6,0.38,0.25,0.6607260726072607,0.64715236767338,0.7915407854984894,0.6333808844507846,0.5165354330708661,0.5543071161048689,0.7387687188019967,0.2612312811980033,0.0,601,5,0,0.014859795503044037,0.1031536237584374,0.1476720704294282,0.4816512456118054,0.8513087847072269,0.8032819626482017,0.0029826478420781994,1.2628580607995805
0.75,0.2,1.2,0.04,0.6,0.38,0.25,0.6607260726072607,0.64715236767338,0.7915407854984894,0.6333808844507846,0.5165354330708661,0.5543071161048689,0.7387687188019967,0.2612312811980033,0.0,601,5,0,0.014859795503044037,0.1031536237584374,0.1476720704294282,0.4816512456118054,0.8513087847072269,0.8032819626482017,0.0029826478420781994,1.2628580607995805
0.75,0.3,1.2,0.04,0.66,0.34,0.25,0.6488448844884488,0.6294440024998563,0.7910295616717635,0.6290097629009763,0.4682926829268293,0.5414165666266506,0.7504159733777038,0.24958402662229617,0.0,601,4,0,0.014280439998224292,0.1031536237584374,0.1476720704294282,0.4816512456118054,0.8513087847072269,0.8032819626482017,0.0029826478420781994,1.267988379482931
0.75,0.3,1.2,0.12,0.66,0.34,0.25,0.6488448844884488,0.6294440024998563,0.7910295616717635,0.6290097629009763,0.4682926829268293,0.5414165666266506,0.7504159733777038,0.24958402662229617,0.0,601,4,0,0.014280439998224292,0.1031536237584374,0.1476720704294282,0.4816512456118054,0.8513087847072269,0.8032819626482017,0.0029826478420781994,1.267988379482931
0.75,0.3,1.2,0.08,0.66,0.34,0.25,0.6488448844884488,0.6294440024998563,0.7910295616717635,0.6290097629009763,0.4682926829268293,0.5414165666266506,0.7504159733777038,0.24958402662229617,0.0,601,4,0,0.014280439998224292,0.1031536237584374,0.1476720704294282,0.4816512456118054,0.8513087847072269,0.8032819626482017,0.0029826478420781994,1.267988379482931
0.55,0.2,1.0,0.08,0.72,0.34,0.5,0.4495049504950495,0.29876687439974653,0.30592734225621415,0.5903732809430255,0.0,0.418815331010453,1.0,0.0,0.0,601,2,0,0.009830253951896507,0.1031536237584374,0.1476720704294282,0.4816512456118054,0.8513087847072269,0.8032819626482017,0.0029826478420781994,1.2738789856696182
0.55,0.2,1.0,0.12,0.72,0.34,0.5,0.4495049504950495,0.29876687439974653,0.30592734225621415,0.5903732809430255,0.0,0.418815331010453,1.0,0.0,0.0,601,2,0,0.009830253951896507,0.1031536237584374,0.1476720704294282,0.4816512456118054,0.8513087847072269,0.8032819626482017,0.0029826478420781994,1.2738789856696182
0.55,0.2,1.0,0.04,0.72,0.34,0.5,0.4495049504950495,0.29876687439974653,0.30592734225621415,0.5903732809430255,0.0,0.418815331010453,1.0,0.0,0.0,601,2,0,0.009830253951896507,0.1031536237584374,0.1476720704294282,0.4816512456118054,0.8513087847072269,0.8032819626482017,0.0029826478420781994,1.2738789856696182
0.75,0.3,1.2,0.08,0.6,0.38,0.5,0.6594059405940594,0.6466780262225914,0.7879396984924623,0.630901287553648,0.521193092621664,0.5533249686323714,0.7337770382695508,0.26622296173044924,0.0,601,4,0,0.014180604382470706,0.1031536237584374,0.1476720704294282,0.4816512456118054,0.8513087847072269,0.8032819626482017,0.0029826478420781994,1.2751350633817067
0.75,0.3,1.2,0.04,0.6,0.38,0.5,0.6594059405940594,0.6466780262225914,0.7879396984924623,0.630901287553648,0.521193092621664,0.5533249686323714,0.7337770382695508,0.26622296173044924,0.0,601,4,0,0.014180604382470706,0.1031536237584374,0.1476720704294282,0.4816512456118054,0.8513087847072269,0.8032819626482017,0.0029826478420781994,1.2751350633817067
0.75,0.3,1.2,0.12,0.6,0.38,0.5,0.6594059405940594,0.6466780262225914,0.7879396984924623,0.630901287553648,0.521193092621664,0.5533249686323714,0.7337770382695508,0.26622296173044924,0.0,601,4,0,0.014180604382470706,0.1031536237584374,0.1476720704294282,0.4816512456118054,0.8513087847072269,0.8032819626482017,0.0029826478420781994,1.2751350633817067
0.75,0.1,1.2,0.04,0.66,0.38,0.5,0.6475247524752475,0.6274228046079658,0.7918781725888325,0.6270949720670391,0.4632952691680261,0.5403128760529483,0.7470881863560732,0.2529118136439268,0.0,601,3,0,0.01404217175751398,0.1031536237584374,0.1476720704294282,0.4816512456118054,0.8513087847072269,0.8032819626482017,0.0029826478420781994,1.278318062133447
0.75,0.1,1.2,0.12,0.66,0.38,0.5,0.6475247524752475,0.6274228046079658,0.7918781725888325,0.6270949720670391,0.4632952691680261,0.5403128760529483,0.7470881863560732,0.2529118136439268,0.0,601,3,0,0.01404217175751398,0.1031536237584374,0.1476720704294282,0.4816512456118054,0.8513087847072269,0.8032819626482017,0.0029826478420781994,1.278318062133447
0.75,0.1,1.2,0.08,0.66,0.38,0.5,0.6475247524752475,0.6274228046079658,0.7918781725888325,0.6270949720670391,0.4632952691680261,0.5403128760529483,0.7470881863560732,0.2529118136439268,0.0,601,3,0,0.01404217175751398,0.1031536237584374,0.1476720704294282,0.4816512456118054,0.8513087847072269,0.8032819626482017,0.0029826478420781994,1.278318062133447
0.65,0.1,1.0,0.04,0.72,0.42,0.5,0.6105610561056105,0.5487674002943165,0.8168421052631579,0.6203346203346203,0.20912547528517111,0.5057712486883525,0.8019966722129783,0.19800332778702162,0.0,601,4,0,0.013761792877599129,0.1031536237584374,0.1476720704294282,0.4816512456118054,0.8513087847072269,0.8032819626482017,0.0029826478420781994,1.2786293425172326
0.65,0.1,1.0,0.08,0.72,0.42,0.5,0.6105610561056105,0.5487674002943165,0.8168421052631579,0.6203346203346203,0.20912547528517111,0.5057712486883525,0.8019966722129783,0.19800332778702162,0.0,601,4,0,0.013761792877599129,0.1031536237584374,0.1476720704294282,0.4816512456118054,0.8513087847072269,0.8032819626482017,0.0029826478420781994,1.2786293425172326
0.65,0.1,1.0,0.12,0.72,0.42,0.5,0.6105610561056105,0.5487674002943165,0.8168421052631579,0.6203346203346203,0.20912547528517111,0.5057712486883525,0.8019966722129783,0.19800332778702162,0.0,601,4,0,0.013761792877599129,0.1031536237584374,0.1476720704294282,0.4816512456118054,0.8513087847072269,0.8032819626482017,0.0029826478420781994,1.2786293425172326
0.75,0.3,1.2,0.12,0.6,0.38,0.25,0.6587458745874587,0.6445898670249157,0.792,0.6299212598425197,0.5118483412322274,0.5527638190954773,0.7321131447587355,0.26788685524126454,0.0,601,5,0,0.01472520282560191,0.1031536237584374,0.1476720704294282,0.4816512456118054,0.8513087847072269,0.8032819626482017,0.0029826478420781994,1.2813774649586953
0.75,0.3,1.2,0.04,0.6,0.38,0.25,0.6587458745874587,0.6445898670249157,0.792,0.6299212598425197,0.5118483412322274,0.5527638190954773,0.7321131447587355,0.26788685524126454,0.0,601,5,0,0.01472520282560191,0.1031536237584374,0.1476720704294282,0.4816512456118054,0.8513087847072269,0.8032819626482017,0.0029826478420781994,1.2813774649586953
0.75,0.3,1.2,0.08,0.6,0.38,0.25,0.6587458745874587,0.6445898670249157,0.792,0.6299212598425197,0.5118483412322274,0.5527638190954773,0.7321131447587355,0.26788685524126454,0.0,601,5,0,0.01472520282560191,0.1031536237584374,0.1476720704294282,0.4816512456118054,0.8513087847072269,0.8032819626482017,0.0029826478420781994,1.2813774649586953
0.75,0.2,1.2,0.08,0.72,0.34,0.25,0.634983498349835,0.6056322792343827,0.7958974358974359,0.6230402181322426,0.3979591836734694,0.5277136258660509,0.7603993344425957,0.23960066555740434,0.0,601,3,0,0.013997095759516595,0.1031536237584374,0.1476720704294282,0.4816512456118054,0.8513087847072269,0.8032819626482017,0.0029826478420781994,1.2846964306507456
0.75,0.2,1.2,0.04,0.72,0.34,0.25,0.634983498349835,0.6056322792343827,0.7958974358974359,0.6230402181322426,0.3979591836734694,0.5277136258660509,0.7603993344425957,0.23960066555740434,0.0,601,3,0,0.013997095759516595,0.1031536237584374,0.1476720704294282,0.4816512456118054,0.8513087847072269,0.8032819626482017,0.0029826478420781994,1.2846964306507456
0.75,0.2,1.2,0.12,0.72,0.34,0.25,0.634983498349835,0.6056322792343827,0.7958974358974359,0.6230402181322426,0.3979591836734694,0.5277136258660509,0.7603993344425957,0.23960066555740434,0.0,601,3,0,0.013997095759516595,0.1031536237584374,0.1476720704294282,0.4816512456118054,0.8513087847072269,0.8032819626482017,0.0029826478420781994,1.2846964306507456
0.75,0.3,1.2,0.12,0.72,0.34,0.5,0.636963696369637,0.6091908258371826,0.7955010224948875,0.6232876712328768,0.40878378378378377,0.529685681024447,0.757071547420965,0.24292845257903495,0.0,601,4,0,0.013477010249533067,0.1031536237584374,0.1476720704294282,0.4816512456118054,0.8513087847072269,0.8032819626482017,0.0029826478420781994,1.2861460387735677
0.75,0.3,1.2,0.04,0.72,0.34,0.5,0.636963696369637,0.6091908258371826,0.7955010224948875,0.6232876712328768,0.40878378378378377,0.529685681024447,0.757071547420965,0.24292845257903495,0.0,601,4,0,0.013477010249533067,0.1031536237584374,0.1476720704294282,0.4816512456118054,0.8513087847072269,0.8032819626482017,0.0029826478420781994,1.2861460387735677
0.75,0.3,1.2,0.08,0.72,0.34,0.5,0.636963696369637,0.6091908258371826,0.7955010224948875,0.6232876712328768,0.40878378378378377,0.529685681024447,0.757071547420965,0.24292845257903495,0.0,601,4,0,0.013477010249533067,0.1031536237584374,0.1476720704294282,0.4816512456118054,0.8513087847072269,0.8032819626482017,0.0029826478420781994,1.2861460387735677
0.75,0.1,1.2,0.08,0.66,0.38,0.25,0.6475247524752475,0.6277477280752884,0.7919191919191919,0.6255259467040674,0.46579804560260585,0.5406060606060606,0.7420965058236273,0.2579034941763727,0.0,601,4,0,0.0146471229819901,0.1031536237584374,0.1476720704294282,0.4816512456118054,0.8513087847072269,0.8032819626482017,0.0029826478420781994,1.2884756677842608
0.75,0.1,1.2,0.12,0.66,0.38,0.25,0.6475247524752475,0.6277477280752884,0.7919191919191919,0.6255259467040674,0.46579804560260585,0.5406060606060606,0.7420965058236273,0.2579034941763727,0.0,601,4,0,0.0146471229819901,0.1031536237584374,0.1476720704294282,0.4816512456118054,0.8513087847072269,0.8032819626482017,0.0029826478420781994,1.2884756677842608
0.75,0.1,1.2,0.04,0.66,0.38,0.25,0.6475247524752475,0.6277477280752884,0.7919191919191919,0.6255259467040674,0.46579804560260585,0.5406060606060606,0.7420965058236273,0.2579034941763727,0.0,601,4,0,0.0146471229819901,0.1031536237584374,0.1476720704294282,0.4816512456118054,0.8513087847072269,0.8032819626482017,0.0029826478420781994,1.2884756677842608
0.65,0.3,1.0,0.04,0.72,0.42,0.25,0.6204620462046204,0.5757130896174864,0.8049792531120332,0.6194573130377233,0.3027027027027027,0.5142857142857142,0.778702163061564,0.22129783693843594,0.0,601,5,0,0.014414077289078684,0.1031536237584374,0.1476720704294282,0.4816512456118054,0.8513087847072269,0.8032819626482017,0.0029826478420781994,1.2907011323130229
0.65,0.3,1.0,0.08,0.72,0.42,0.25,0.6204620462046204,0.5757130896174864,0.8049792531120332,0.6194573130377233,0.3027027027027027,0.5142857142857142,0.778702163061564,0.22129783693843594,0.0,601,5,0,0.014414077289078684,0.1031536237584374,0.1476720704294282,0.4816512456118054,0.8513087847072269,0.8032819626482017,0.0029826478420781994,1.2907011323130229
0.65,0.3,1.0,0.12,0.72,0.42,0.25,0.6204620462046204,0.5757130896174864,0.8049792531120332,0.6194573130377233,0.3027027027027027,0.5142857142857142,0.778702163061564,0.22129783693843594,0.0,601,5,0,0.014414077289078684,0.1031536237584374,0.1476720704294282,0.4816512456118054,0.8513087847072269,0.8032819626482017,0.0029826478420781994,1.2907011323130229
0.75,0.2,1.2,0.04,0.66,0.38,0.5,0.6455445544554456,0.6256605631858996,0.7894736842105263,0.6242127361791463,0.4632952691680261,0.538647342995169,0.7420965058236273,0.2579034941763727,0.0,601,3,0,0.013975162223267338,0.1031536237584374,0.1476720704294282,0.4816512456118054,0.8513087847072269,0.8032819626482017,0.0029826478420781994,1.2925430306934518
0.75,0.2,1.2,0.08,0.66,0.38,0.5,0.6455445544554456,0.6256605631858996,0.7894736842105263,0.6242127361791463,0.4632952691680261,0.538647342995169,0.7420965058236273,0.2579034941763727,0.0,601,3,0,0.013975162223267338,0.1031536237584374,0.1476720704294282,0.4816512456118054,0.8513087847072269,0.8032819626482017,0.0029826478420781994,1.2925430306934518
0.75,0.2,1.2,0.12,0.66,0.38,0.5,0.6455445544554456,0.6256605631858996,0.7894736842105263,0.6242127361791463,0.4632952691680261,0.538647342995169,0.7420965058236273,0.2579034941763727,0.0,601,3,0,0.013975162223267338,0.1031536237584374,0.1476720704294282,0.4816512456118054,0.8513087847072269,0.8032819626482017,0.0029826478420781994,1.2925430306934518
0.55,0.1,1.0,0.08,0.66,0.34,0.25,0.4415841584158416,0.28717698432830624,0.11087420042643924,0.5869140625,0.16374269005847952,0.41534208707671044,1.0,0.0,0.0,601,4,0,0.012544220647154266,0.1031536237584374,0.1476720704294282,0.4816512456118054,0.8513087847072269,0.8032819626482017,0.0029826478420781994,1.2933896678202663
0.55,0.1,1.0,0.04,0.66,0.34,0.25,0.4415841584158416,0.28717698432830624,0.11087420042643924,0.5869140625,0.16374269005847952,0.41534208707671044,1.0,0.0,0.0,601,4,0,0.012544220647154266,0.1031536237584374,0.1476720704294282,0.4816512456118054,0.8513087847072269,0.8032819626482017,0.0029826478420781994,1.2933896678202663
0.55,0.1,1.0,0.12,0.66,0.34,0.25,0.4415841584158416,0.28717698432830624,0.11087420042643924,0.5869140625,0.16374269005847952,0.41534208707671044,1.0,0.0,0.0,601,4,0,0.012544220647154266,0.1031536237584374,0.1476720704294282,0.4816512456118054,0.8513087847072269,0.8032819626482017,0.0029826478420781994,1.2933896678202663
0.75,0.2,1.2,0.12,0.66,0.38,0.25,0.6468646864686468,0.6271241875513841,0.7915407854984894,0.624033731553057,0.46579804560260585,0.5401459854014599,0.7387687188019967,0.2612312811980033,0.0,601,4,0,0.014550866563722632,0.1031536237584374,0.1476720704294282,0.4816512456118054,0.8513087847072269,0.8032819626482017,0.0029826478420781994,1.2967476270601903
0.75,0.2,1.2,0.04,0.66,0.38,0.25,0.6468646864686468,0.6271241875513841,0.7915407854984894,0.624033731553057,0.46579804560260585,0.5401459854014599,0.7387687188019967,0.2612312811980033,0.0,601,4,0,0.014550866563722632,0.1031536237584374,0.1476720704294282,0.4816512456118054,0.8513087847072269,0.8032819626482017,0.0029826478420781994,1.2967476270601903
0.75,0.2,1.2,0.08,0.66,0.38,0.25,0.6468646864686468,0.6271241875513841,0.7915407854984894,0.624033731553057,0.46579804560260585,0.5401459854014599,0.7387687188019967,0.2612312811980033,0.0,601,4,0,0.014550866563722632,0.1031536237584374,0.1476720704294282,0.4816512456118054,0.8513087847072269,0.8032819626482017,0.0029826478420781994,1.2967476270601903
0.65,0.1,1.0,0.08,0.72,0.42,0.25,0.6066006600660065,0.5431990376565122,0.8142707240293809,0.6164736164736164,0.1988527724665392,0.5026232948583421,0.7970049916805324,0.20299500831946754,0.0,601,5,0,0.014634725936860759,0.1031536237584374,0.1476720704294282,0.4816512456118054,0.8513087847072269,0.8032819626482017,0.0029826478420781994,1.298640630312777
0.65,0.1,1.0,0.12,0.72,0.42,0.25,0.6066006600660065,0.5431990376565122,0.8142707240293809,0.6164736164736164,0.1988527724665392,0.5026232948583421,0.7970049916805324,0.20299500831946754,0.0,601,5,0,0.014634725936860759,0.1031536237584374,0.1476720704294282,0.4816512456118054,0.8513087847072269,0.8032819626482017,0.0029826478420781994,1.298640630312777
0.65,0.1,1.0,0.04,0.72,0.42,0.25,0.6066006600660065,0.5431990376565122,0.8142707240293809,0.6164736164736164,0.1988527724665392,0.5026232948583421,0.7970049916805324,0.20299500831946754,0.0,601,5,0,0.014634725936860759,0.1031536237584374,0.1476720704294282,0.4816512456118054,0.8513087847072269,0.8032819626482017,0.0029826478420781994,1.298640630312777
0.65,0.2,1.0,0.12,0.72,0.42,0.25,0.6132013201320132,0.5602941176470588,0.8083333333333333,0.6169934640522876,0.25555555555555554,0.5080731969860065,0.7853577371048253,0.2146422628951747,0.0,601,4,0,0.01452986495473338,0.1031536237584374,0.1476720704294282,0.4816512456118054,0.8513087847072269,0.8032819626482017,0.0029826478420781994,1.2994041248652088
0.65,0.2,1.0,0.08,0.72,0.42,0.25,0.6132013201320132,0.5602941176470588,0.8083333333333333,0.6169934640522876,0.25555555555555554,0.5080731969860065,0.7853577371048253,0.2146422628951747,0.0,601,4,0,0.01452986495473338,0.1031536237584374,0.1476720704294282,0.4816512456118054,0.8513087847072269,0.8032819626482017,0.0029826478420781994,1.2994041248652088
0.65,0.2,1.0,0.04,0.72,0.42,0.25,0.6132013201320132,0.5602941176470588,0.8083333333333333,0.6169934640522876,0.25555555555555554,0.5080731969860065,0.7853577371048253,0.2146422628951747,0.0,601,4,0,0.01452986495473338,0.1031536237584374,0.1476720704294282,0.4816512456118054,0.8513087847072269,0.8032819626482017,0.0029826478420781994,1.2994041248652088
0.55,0.1,1.0,0.12,0.66,0.34,0.5,0.4396039603960396,0.2822890919488973,0.08639308855291576,0.5860555826426134,0.1744186046511628,0.4144827586206897,1.0,0.0,0.0,601,3,0,0.011150172202496108,0.1031536237584374,0.1476720704294282,0.4816512456118054,0.8513087847072269,0.8032819626482017,0.0029826478420781994,1.3002577582194772
0.55,0.1,1.0,0.08,0.66,0.34,0.5,0.4396039603960396,0.2822890919488973,0.08639308855291576,0.5860555826426134,0.1744186046511628,0.4144827586206897,1.0,0.0,0.0,601,3,0,0.011150172202496108,0.1031536237584374,0.1476720704294282,0.4816512456118054,0.8513087847072269,0.8032819626482017,0.0029826478420781994,1.3002577582194772
0.55,0.1,1.0,0.04,0.66,0.34,0.5,0.4396039603960396,0.2822890919488973,0.08639308855291576,0.5860555826426134,0.1744186046511628,0.4144827586206897,1.0,0.0,0.0,601,3,0,0.011150172202496108,0.1031536237584374,0.1476720704294282,0.4816512456118054,0.8513087847072269,0.8032819626482017,0.0029826478420781994,1.3002577582194772
0.75,0.1,1.0,0.12,0.6,0.34,0.5,0.6580858085808581,0.64568331333259,0.7872763419483101,0.6262626262626263,0.5235109717868338,0.5528662420382165,0.7221297836938436,0.2778702163061564,0.0,601,3,0,0.015547709616735792,0.1031536237584374,0.1476720704294282,0.4816512456118054,0.8513087847072269,0.8032819626482017,0.0029826478420781994,1.3019091428938947
0.75,0.1,1.0,0.04,0.6,0.34,0.5,0.6580858085808581,0.64568331333259,0.7872763419483101,0.6262626262626263,0.5235109717868338,0.5528662420382165,0.7221297836938436,0.2778702163061564,0.0,601,3,0,0.015547709616735792,0.1031536237584374,0.1476720704294282,0.4816512456118054,0.8513087847072269,0.8032819626482017,0.0029826478420781994,1.3019091428938947
0.75,0.1,1.0,0.08,0.6,0.34,0.5,0.6580858085808581,0.64568331333259,0.7872763419483101,0.6262626262626263,0.5235109717868338,0.5528662420382165,0.7221297836938436,0.2778702163061564,0.0,601,3,0,0.015547709616735792,0.1031536237584374,0.1476720704294282,0.4816512456118054,0.8513087847072269,0.8032819626482017,0.0029826478420781994,1.3019091428938947
0.75,0.1,1.0,0.08,0.6,0.34,0.25,0.6580858085808581,0.6456872789501263,0.7841584158415842,0.6270818247646633,0.5258215962441315,0.5551282051282052,0.7204658901830283,0.2795341098169717,0.0,601,5,0,0.01643425290512924,0.1031536237584374,0.1476720704294282,0.4816512456118054,0.8513087847072269,0.8032819626482017,0.0029826478420781994,1.3053993536490702
0.75,0.1,1.0,0.04,0.6,0.34,0.25,0.6580858085808581,0.6456872789501263,0.7841584158415842,0.6270818247646633,0.5258215962441315,0.5551282051282052,0.7204658901830283,0.2795341098169717,0.0,601,5,0,0.01643425290512924,0.1031536237584374,0.1476720704294282,0.4816512456118054,0.8513087847072269,0.8032819626482017,0.0029826478420781994,1.3053993536490702
0.75,0.1,1.0,0.12,0.6,0.34,0.25,0.6580858085808581,0.6456872789501263,0.7841584158415842,0.6270818247646633,0.5258215962441315,0.5551282051282052,0.7204658901830283,0.2795341098169717,0.0,601,5,0,0.01643425290512924,0.1031536237584374,0.1476720704294282,0.4816512456118054,0.8513087847072269,0.8032819626482017,0.0029826478420781994,1.3053993536490702
0.75,0.1,1.2,0.12,0.6,0.42,0.25,0.6600660066006601,0.6471445464488855,0.7909270216962525,0.6269956458635704,0.5235109717868338,0.555984555984556,0.718801996672213,0.281198003327787,0.0,601,5,0,0.015177121043731544,0.1031536237584374,0.1476720704294282,0.4816512456118054,0.8513087847072269,0.8032819626482017,0.0029826478420781994,1.3054560645032212
0.75,0.1,1.2,0.08,0.6,0.42,0.25,0.6600660066006601,0.6471445464488855,0.7909270216962525,0.6269956458635704,0.5235109717868338,0.555984555984556,0.718801996672213,0.281198003327787,0.0,601,5,0,0.015177121043731544,0.1031536237584374,0.1476720704294282,0.4816512456118054,0.8513087847072269,0.8032819626482017,0.0029826478420781994,1.3054560645032212
0.75,0.1,1.2,0.04,0.6,0.42,0.25,0.6600660066006601,0.6471445464488855,0.7909270216962525,0.6269956458635704,0.5235109717868338,0.555984555984556,0.718801996672213,0.281198003327787,0.0,601,5,0,0.015177121043731544,0.1031536237584374,0.1476720704294282,0.4816512456118054,0.8513087847072269,0.8032819626482017,0.0029826478420781994,1.3054560645032212
0.75,0.3,1.2,0.12,0.72,0.34,0.25,0.6336633663366337,0.6062978824819795,0.7910295616717635,0.6190803019903912,0.40878378378378377,0.5268691588785047,0.7504159733777038,0.24958402662229617,0.0,601,4,0,0.013982317673739338,0.1031536237584374,0.1476720704294282,0.4816512456118054,0.8513087847072269,0.8032819626482017,0.0029826478420781994,1.306316017652623
0.75,0.3,1.2,0.08,0.72,0.34,0.25,0.6336633663366337,0.6062978824819795,0.7910295616717635,0.6190803019903912,0.40878378378378377,0.5268691588785047,0.7504159733777038,0.24958402662229617,0.0,601,4,0,0.013982317673739338,0.1031536237584374,0.1476720704294282,0.4816512456118054,0.8513087847072269,0.8032819626482017,0.0029826478420781994,1.306316017652623
0.75,0.3,1.2,0.04,0.72,0.34,0.25,0.6336633663366337,0.6062978824819795,0.7910295616717635,0.6190803019903912,0.40878378378378377,0.5268691588785047,0.7504159733777038,0.24958402662229617,0.0,601,4,0,0.013982317673739338,0.1031536237584374,0.1476720704294282,0.4816512456118054,0.8513087847072269,0.8032819626482017,0.0029826478420781994,1.306316017652623
0.75,0.1,1.2,0.08,0.6,0.42,0.5,0.6587458745874587,0.6457801751517259,0.7905138339920948,0.6256335988414192,0.521193092621664,0.5538461538461539,0.718801996672213,0.281198003327787,0.0,601,3,0,0.014510075980209832,0.1031536237584374,0.1476720704294282,0.4816512456118054,0.8513087847072269,0.8032819626482017,0.0029826478420781994,1.3081405678135822
0.75,0.1,1.2,0.04,0.6,0.42,0.5,0.6587458745874587,0.6457801751517259,0.7905138339920948,0.6256335988414192,0.521193092621664,0.5538461538461539,0.718801996672213,0.281198003327787,0.0,601,3,0,0.014510075980209832,0.1031536237584374,0.1476720704294282,0.4816512456118054,0.8513087847072269,0.8032819626482017,0.0029826478420781994,1.3081405678135822
0.75,0.1,1.2,0.12,0.6,0.42,0.5,0.6587458745874587,0.6457801751517259,0.7905138339920948,0.6256335988414192,0.521193092621664,0.5538461538461539,0.718801996672213,0.281198003327787,0.0,601,3,0,0.014510075980209832,0.1031536237584374,0.1476720704294282,0.4816512456118054,0.8513087847072269,0.8032819626482017,0.0029826478420781994,1.3081405678135822
0.75,0.3,1.2,0.08,0.66,0.38,0.5,0.6455445544554456,0.6267611337670937,0.7879396984924623,0.6215644820295984,0.4707792207792208,0.539119804400978,0.7337770382695508,0.26622296173044924,0.0,601,5,0,0.013908467235614773,0.1031536237584374,0.1476720704294282,0.4816512456118054,0.8513087847072269,0.8032819626482017,0.0029826478420781994,1.3089133419758183
0.75,0.3,1.2,0.12,0.66,0.38,0.5,0.6455445544554456,0.6267611337670937,0.7879396984924623,0.6215644820295984,0.4707792207792208,0.539119804400978,0.7337770382695508,0.26622296173044924,0.0,601,5,0,0.013908467235614773,0.1031536237584374,0.1476720704294282,0.4816512456118054,0.8513087847072269,0.8032819626482017,0.0029826478420781994,1.3089133419758183
0.75,0.3,1.2,0.04,0.66,0.38,0.5,0.6455445544554456,0.6267611337670937,0.7879396984924623,0.6215644820295984,0.4707792207792208,0.539119804400978,0.7337770382695508,0.26622296173044924,0.0,601,5,0,0.013908467235614773,0.1031536237584374,0.1476720704294282,0.4816512456118054,0.8513087847072269,0.8032819626482017,0.0029826478420781994,1.3089133419758183
0.75,0.3,1.2,0.08,0.66,0.38,0.25,0.6468646864686468,0.6274002700451032,0.792,0.6219081272084805,0.4682926829268293,0.5405405405405406,0.7321131447587355,0.26788685524126454,0.0,601,5,0,0.01445436581080667,0.1031536237584374,0.1476720704294282,0.4816512456118054,0.8513087847072269,0.8032819626482017,0.0029826478420781994,1.3104482500573196
0.75,0.3,1.2,0.12,0.66,0.38,0.25,0.6468646864686468,0.6274002700451032,0.792,0.6219081272084805,0.4682926829268293,0.5405405405405406,0.7321131447587355,0.26788685524126454,0.0,601,5,0,0.01445436581080667,0.1031536237584374,0.1476720704294282,0.4816512456118054,0.8513087847072269,0.8032819626482017,0.0029826478420781994,1.3104482500573196
0.75,0.3,1.2,0.04,0.66,0.38,0.25,0.6468646864686468,0.6274002700451032,0.792,0.6219081272084805,0.4682926829268293,0.5405405405405406,0.7321131447587355,0.26788685524126454,0.0,601,5,0,0.01445436581080667,0.1031536237584374,0.1476720704294282,0.4816512456118054,0.8513087847072269,0.8032819626482017,0.0029826478420781994,1.3104482500573196
0.75,0.2,1.0,0.04,0.6,0.34,0.5,0.6574257425742575,0.6447276361819091,0.7845849802371542,0.6260869565217392,0.5235109717868338,0.5545571245186136,0.718801996672213,0.281198003327787,0.0,601,4,0,0.015468648283072246,0.1031536237584374,0.1476720704294282,0.4816512456118054,0.8513087847072269,0.8032819626482017,0.0029826478420781994,1.3105132387966
0.75,0.2,1.0,0.12,0.6,0.34,0.5,0.6574257425742575,0.6447276361819091,0.7845849802371542,0.6260869565217392,0.5235109717868338,0.5545571245186136,0.718801996672213,0.281198003327787,0.0,601,4,0,0.015468648283072246,0.1031536237584374,0.1476720704294282,0.4816512456118054,0.8513087847072269,0.8032819626482017,0.0029826478420781994,1.3105132387966
0.75,0.2,1.0,0.08,0.6,0.34,0.5,0.6574257425742575,0.6447276361819091,0.7845849802371542,0.6260869565217392,0.5235109717868338,0.5545571245186136,0.718801996672213,0.281198003327787,0.0,601,4,0,0.015468648283072246,0.1031536237584374,0.1476720704294282,0.4816512456118054,0.8513087847072269,0.8032819626482017,0.0029826478420781994,1.3105132387966
0.75,0.2,1.2,0.12,0.6,0.42,0.5,0.6580858085808581,0.6451880795788872,0.7897334649555775,0.6246376811594203,0.521193092621664,0.5532734274711169,0.7171381031613977,0.28286189683860236,0.0,601,3,0,0.014392112670499443,0.1031536237584374,0.1476720704294282,0.4816512456118054,0.8513087847072269,0.8032819626482017,0.0029826478420781994,1.3128869057657337
0.75,0.2,1.2,0.04,0.6,0.42,0.5,0.6580858085808581,0.6451880795788872,0.7897334649555775,0.6246376811594203,0.521193092621664,0.5532734274711169,0.7171381031613977,0.28286189683860236,0.0,601,3,0,0.014392112670499443,0.1031536237584374,0.1476720704294282,0.4816512456118054,0.8513087847072269,0.8032819626482017,0.0029826478420781994,1.3128869057657337
0.75,0.2,1.2,0.08,0.6,0.42,0.5,0.6580858085808581,0.6451880795788872,0.7897334649555775,0.6246376811594203,0.521193092621664,0.5532734274711169,0.7171381031613977,0.28286189683860236,0.0,601,3,0,0.014392112670499443,0.1031536237584374,0.1476720704294282,0.4816512456118054,0.8513087847072269,0.8032819626482017,0.0029826478420781994,1.3128869057657337
0.75,0.1,1.0,0.08,0.66,0.34,0.5,0.6514851485148515,0.6363509487487681,0.7872763419483101,0.6217765042979942,0.5,0.5459119496855346,0.7221297836938436,0.2778702163061564,0.0,601,4,0,0.01517062252128581,0.1031536237584374,0.1476720704294282,0.4816512456118054,0.8513087847072269,0.8032819626482017,0.0029826478420781994,1.317842167543723
0.75,0.1,1.0,0.04,0.66,0.34,0.5,0.6514851485148515,0.6363509487487681,0.7872763419483101,0.6217765042979942,0.5,0.5459119496855346,0.7221297836938436,0.2778702163061564,0.0,601,4,0,0.01517062252128581,0.1031536237584374,0.1476720704294282,0.4816512456118054,0.8513087847072269,0.8032819626482017,0.0029826478420781994,1.317842167543723
0.75,0.1,1.0,0.12,0.66,0.34,0.5,0.6514851485148515,0.6363509487487681,0.7872763419483101,0.6217765042979942,0.5,0.5459119496855346,0.7221297836938436,0.2778702163061564,0.0,601,4,0,0.01517062252128581,0.1031536237584374,0.1476720704294282,0.4816512456118054,0.8513087847072269,0.8032819626482017,0.0029826478420781994,1.317842167543723
0.75,0.2,1.0,0.08,0.6,0.34,0.25,0.6574257425742575,0.6449788372257997,0.7846607669616519,0.6244541484716157,0.5258215962441315,0.5549805950840879,0.7138103161397671,0.28618968386023297,0.0,601,4,0,0.0163220080560964,0.1031536237584374,0.1476720704294282,0.4816512456118054,0.8513087847072269,0.8032819626482017,0.0029826478420781994,1.3207445668708462
0.75,0.2,1.0,0.12,0.6,0.34,0.25,0.6574257425742575,0.6449788372257997,0.7846607669616519,0.6244541484716157,0.5258215962441315,0.5549805950840879,0.7138103161397671,0.28618968386023297,0.0,601,4,0,0.0163220080560964,0.1031536237584374,0.1476720704294282,0.4816512456118054,0.8513087847072269,0.8032819626482017,0.0029826478420781994,1.3207445668708462
0.75,0.2,1.0,0.04,0.6,0.34,0.25,0.6574257425742575,0.6449788372257997,0.7846607669616519,0.6244541484716157,0.5258215962441315,0.5549805950840879,0.7138103161397671,0.28618968386023297,0.0,601,4,0,0.0163220080560964,0.1031536237584374,0.1476720704294282,0.4816512456118054,0.8513087847072269,0.8032819626482017,0.0029826478420781994,1.3207445668708462
0.75,0.2,1.2,0.12,0.6,0.42,0.25,0.6561056105610561,0.6425257756486022,0.7874015748031497,0.6236403190717912,0.5165354330708661,0.5526992287917738,0.7154742096505824,0.28452579034941766,0.0,601,6,0,0.015016901588153735,0.1031536237584374,0.1476720704294282,0.4816512456118054,0.8513087847072269,0.8032819626482017,0.0029826478420781994,1.3210235840885327
0.75,0.2,1.2,0.08,0.6,0.42,0.25,0.6561056105610561,0.6425257756486022,0.7874015748031497,0.6236403190717912,0.5165354330708661,0.5526992287917738,0.7154742096505824,0.28452579034941766,0.0,601,6,0,0.015016901588153735,0.1031536237584374,0.1476720704294282,0.4816512456118054,0.8513087847072269,0.8032819626482017,0.0029826478420781994,1.3210235840885327
0.75,0.2,1.2,0.04,0.6,0.42,0.25,0.6561056105610561,0.6425257756486022,0.7874015748031497,0.6236403190717912,0.5165354330708661,0.5526992287917738,0.7154742096505824,0.28452579034941766,0.0,601,6,0,0.015016901588153735,0.1031536237584374,0.1476720704294282,0.4816512456118054,0.8513087847072269,0.8032819626482017,0.0029826478420781994,1.3210235840885327
0.75,0.1,1.0,0.12,0.66,0.34,0.25,0.6508250825082508,0.6355384691639803,0.7849355797819624,0.6216798277099784,0.5,0.5467171717171717,0.7204658901830283,0.2795341098169717,0.0,601,6,0,0.016046300865257337,0.1031536237584374,0.1476720704294282,0.4816512456118054,0.8513087847072269,0.8032819626482017,0.0029826478420781994,1.3228088895078236
0.75,0.1,1.0,0.04,0.66,0.34,0.25,0.6508250825082508,0.6355384691639803,0.7849355797819624,0.6216798277099784,0.5,0.5467171717171717,0.7204658901830283,0.2795341098169717,0.0,601,6,0,0.016046300865257337,0.1031536237584374,0.1476720704294282,0.4816512456118054,0.8513087847072269,0.8032819626482017,0.0029826478420781994,1.3228088895078236
0.75,0.1,1.0,0.08,0.66,0.34,0.25,0.6508250825082508,0.6355384691639803,0.7849355797819624,0.6216798277099784,0.5,0.5467171717171717,0.7204658901830283,0.2795341098169717,0.0,601,6,0,0.016046300865257337,0.1031536237584374,0.1476720704294282,0.4816512456118054,0.8513087847072269,0.8032819626482017,0.0029826478420781994,1.3228088895078236
0.75,0.1,1.2,0.12,0.72,0.38,0.5,0.6297029702970297,0.5999532339505703,0.7918781725888325,0.6154900616860863,0.3924914675767918,0.5233100233100233,0.7470881863560732,0.2529118136439268,0.0,601,3,0,0.01371202772013129,0.1031536237584374,0.1476720704294282,0.4816512456118054,0.8513087847072269,0.8032819626482017,0.0029826478420781994,1.3236094149690603
0.75,0.1,1.2,0.08,0.72,0.38,0.5,0.6297029702970297,0.5999532339505703,0.7918781725888325,0.6154900616860863,0.3924914675767918,0.5233100233100233,0.7470881863560732,0.2529118136439268,0.0,601,3,0,0.01371202772013129,0.1031536237584374,0.1476720704294282,0.4816512456118054,0.8513087847072269,0.8032819626482017,0.0029826478420781994,1.3236094149690603
0.75,0.1,1.2,0.04,0.72,0.38,0.5,0.6297029702970297,0.5999532339505703,0.7918781725888325,0.6154900616860863,0.3924914675767918,0.5233100233100233,0.7470881863560732,0.2529118136439268,0.0,601,3,0,0.01371202772013129,0.1031536237584374,0.1476720704294282,0.4816512456118054,0.8513087847072269,0.8032819626482017,0.0029826478420781994,1.3236094149690603
0.75,0.2,1.0,0.08,0.66,0.34,0.5,0.6514851485148515,0.636333318499001,0.7845849802371542,0.6220302375809935,0.5023847376788553,0.5482233502538071,0.718801996672213,0.281198003327787,0.0,601,5,0,0.015128994017931453,0.1031536237584374,0.1476720704294282,0.4816512456118054,0.8513087847072269,0.8032819626482017,0.0029826478420781994,1.3248481505389142
0.75,0.2,1.0,0.12,0.66,0.34,0.5,0.6514851485148515,0.636333318499001,0.7845849802371542,0.6220302375809935,0.5023847376788553,0.5482233502538071,0.718801996672213,0.281198003327787,0.0,601,5,0,0.015128994017931453,0.1031536237584374,0.1476720704294282,0.4816512456118054,0.8513087847072269,0.8032819626482017,0.0029826478420781994,1.3248481505389142
0.75,0.2,1.0,0.04,0.66,0.34,0.5,0.6514851485148515,0.636333318499001,0.7845849802371542,0.6220302375809935,0.5023847376788553,0.5482233502538071,0.718801996672213,0.281198003327787,0.0,601,5,0,0.015128994017931453,0.1031536237584374,0.1476720704294282,0.4816512456118054,0.8513087847072269,0.8032819626482017,0.0029826478420781994,1.3248481505389142
0.75,0.3,1.2,0.08,0.6,0.42,0.5,0.6561056105610561,0.6434119721723478,0.7874015748031497,0.6216412490922295,0.521193092621664,0.5515463917525774,0.7121464226289518,0.2878535773710483,0.0,601,3,0,0.014276393667800662,0.1031536237584374,0.1476720704294282,0.4816512456118054,0.8513087847072269,0.8032819626482017,0.0029826478420781994,1.3271257403102115
0.75,0.3,1.2,0.12,0.6,0.42,0.5,0.6561056105610561,0.6434119721723478,0.7874015748031497,0.6216412490922295,0.521193092621664,0.5515463917525774,0.7121464226289518,0.2878535773710483,0.0,601,3,0,0.014276393667800662,0.1031536237584374,0.1476720704294282,0.4816512456118054,0.8513087847072269,0.8032819626482017,0.0029826478420781994,1.3271257403102115
0.75,0.3,1.2,0.04,0.6,0.42,0.5,0.6561056105610561,0.6434119721723478,0.7874015748031497,0.6216412490922295,0.521193092621664,0.5515463917525774,0.7121464226289518,0.2878535773710483,0.0,601,3,0,0.014276393667800662,0.1031536237584374,0.1476720704294282,0.4816512456118054,0.8513087847072269,0.8032819626482017,0.0029826478420781994,1.3271257403102115
0.75,0.3,1.0,0.04,0.6,0.34,0.5,0.6561056105610561,0.643319835296475,0.7835455435847208,0.6229029905178701,0.5235109717868338,0.5545454545454546,0.7104825291181365,0.2895174708818636,0.0,601,4,0,0.015385766648430995,0.1031536237584374,0.1476720704294282,0.4816512456118054,0.8513087847072269,0.8032819626482017,0.0029826478420781994,1.3307120535587964
0.75,0.3,1.0,0.08,0.6,0.34,0.5,0.6561056105610561,0.643319835296475,0.7835455435847208,0.6229029905178701,0.5235109717868338,0.5545454545454546,0.7104825291181365,0.2895174708818636,0.0,601,4,0,0.015385766648430995,0.1031536237584374,0.1476720704294282,0.4816512456118054,0.8513087847072269,0.8032819626482017,0.0029826478420781994,1.3307120535587964
0.75,0.3,1.0,0.12,0.6,0.34,0.5,0.6561056105610561,0.643319835296475,0.7835455435847208,0.6229029905178701,0.5235109717868338,0.5545454545454546,0.7104825291181365,0.2895174708818636,0.0,601,4,0,0.015385766648430995,0.1031536237584374,0.1476720704294282,0.4816512456118054,0.8513087847072269,0.8032819626482017,0.0029826478420781994,1.3307120535587964
0.75,0.1,1.2,0.08,0.72,0.38,0.25,0.6290429042904291,0.5992969048388722,0.7919191919191919,0.6134800550206327,0.3924914675767918,0.5228604923798359,0.7420965058236273,0.2579034941763727,0.0,601,4,0,0.014251947448464993,0.1031536237584374,0.1476720704294282,0.4816512456118054,0.8513087847072269,0.8032819626482017,0.0029826478420781994,1.3354083392054956
0.75,0.1,1.2,0.12,0.72,0.38,0.25,0.6290429042904291,0.5992969048388722,0.7919191919191919,0.6134800550206327,0.3924914675767918,0.5228604923798359,0.7420965058236273,0.2579034941763727,0.0,601,4,0,0.014251947448464993,0.1031536237584374,0.1476720704294282,0.4816512456118054,0.8513087847072269,0.8032819626482017,0.0029826478420781994,1.3354083392054956
0.75,0.1,1.2,0.04,0.72,0.38,0.25,0.6290429042904291,0.5992969048388722,0.7919191919191919,0.6134800550206327,0.3924914675767918,0.5228604923798359,0.7420965058236273,0.2579034941763727,0.0,601,4,0,0.014251947448464993,0.1031536237584374,0.1476720704294282,0.4816512456118054,0.8513087847072269,0.8032819626482017,0.0029826478420781994,1.3354083392054956
0.75,0.2,1.2,0.12,0.72,0.38,0.5,0.6283828382838283,0.5992540288062459,0.7894736842105263,0.6130584192439863,0.39522998296422485,0.522248243559719,0.7420965058236273,0.2579034941763727,0.0,601,3,0,0.013671364313451687,0.1031536237584374,0.1476720704294282,0.4816512456118054,0.8513087847072269,0.8032819626482017,0.0029826478420781994,1.3361112812447227
0.75,0.2,1.2,0.04,0.72,0.38,0.5,0.6283828382838283,0.5992540288062459,0.7894736842105263,0.6130584192439863,0.39522998296422485,0.522248243559719,0.7420965058236273,0.2579034941763727,0.0,601,3,0,0.013671364313451687,0.1031536237584374,0.1476720704294282,0.4816512456118054,0.8513087847072269,0.8032819626482017,0.0029826478420781994,1.3361112812447227
0.75,0.2,1.2,0.08,0.72,0.38,0.5,0.6283828382838283,0.5992540288062459,0.7894736842105263,0.6130584192439863,0.39522998296422485,0.522248243559719,0.7420965058236273,0.2579034941763727,0.0,601,3,0,0.013671364313451687,0.1031536237584374,0.1476720704294282,0.4816512456118054,0.8513087847072269,0.8032819626482017,0.0029826478420781994,1.3361112812447227
0.75,0.2,1.0,0.04,0.66,0.34,0.25,0.6508250825082508,0.6356625670574331,0.7846607669616519,0.619942196531792,0.5023847376788553,0.5478927203065134,0.7138103161397671,0.28618968386023297,0.0,601,5,0,0.015973742872037767,0.1031536237584374,0.1476720704294282,0.4816512456118054,0.8513087847072269,0.8032819626482017,0.0029826478420781994,1.3366614971052195
0.75,0.2,1.0,0.08,0.66,0.34,0.25,0.6508250825082508,0.6356625670574331,0.7846607669616519,0.619942196531792,0.5023847376788553,0.5478927203065134,0.7138103161397671,0.28618968386023297,0.0,601,5,0,0.015973742872037767,0.1031536237584374,0.1476720704294282,0.4816512456118054,0.8513087847072269,0.8032819626482017,0.0029826478420781994,1.3366614971052195
0.75,0.2,1.0,0.12,0.66,0.34,0.25,0.6508250825082508,0.6356625670574331,0.7846607669616519,0.619942196531792,0.5023847376788553,0.5478927203065134,0.7138103161397671,0.28618968386023297,0.0,601,5,0,0.015973742872037767,0.1031536237584374,0.1476720704294282,0.4816512456118054,0.8513087847072269,0.8032819626482017,0.0029826478420781994,1.3366614971052195
0.75,0.3,1.0,0.08,0.6,0.34,0.25,0.6547854785478547,0.6425115584946842,0.7808219178082192,0.620891161431702,0.5258215962441315,0.5533854166666666,0.7071547420965059,0.2928452579034942,0.0,601,4,0,0.016212391392619294,0.1031536237584374,0.1476720704294282,0.4816512456118054,0.8513087847072269,0.8032819626482017,0.0029826478420781994,1.3398288151192128
0.75,0.3,1.0,0.04,0.6,0.34,0.25,0.6547854785478547,0.6425115584946842,0.7808219178082192,0.620891161431702,0.5258215962441315,0.5533854166666666,0.7071547420965059,0.2928452579034942,0.0,601,4,0,0.016212391392619294,0.1031536237584374,0.1476720704294282,0.4816512456118054,0.8513087847072269,0.8032819626482017,0.0029826478420781994,1.3398288151192128
0.75,0.3,1.0,0.12,0.6,0.34,0.25,0.6547854785478547,0.6425115584946842,0.7808219178082192,0.620891161431702,0.5258215962441315,0.5533854166666666,0.7071547420965059,0.2928452579034942,0.0,601,4,0,0.016212391392619294,0.1031536237584374,0.1476720704294282,0.4816512456118054,0.8513087847072269,0.8032819626482017,0.0029826478420781994,1.3398288151192128
0.75,0.2,1.2,0.04,0.72,0.38,0.25,0.6297029702970297,0.6007788026984514,0.7915407854984894,0.6128364389233955,0.3979591836734694,0.5235849056603774,0.7387687188019967,0.2612312811980033,0.0,601,4,0,0.014204450070175284,0.1031536237584374,0.1476720704294282,0.4816512456118054,0.8513087847072269,0.8032819626482017,0.0029826478420781994,1.3402547280847399
0.75,0.2,1.2,0.12,0.72,0.38,0.25,0.6297029702970297,0.6007788026984514,0.7915407854984894,0.6128364389233955,0.3979591836734694,0.5235849056603774,0.7387687188019967,0.2612312811980033,0.0,601,4,0,0.014204450070175284,0.1031536237584374,0.1476720704294282,0.4816512456118054,0.8513087847072269,0.8032819626482017,0.0029826478420781994,1.3402547280847399
0.75,0.2,1.2,0.08,0.72,0.38,0.25,0.6297029702970297,0.6007788026984514,0.7915407854984894,0.6128364389233955,0.3979591836734694,0.5235849056603774,0.7387687188019967,0.2612312811980033,0.0,601,4,0,0.014204450070175284,0.1031536237584374,0.1476720704294282,0.4816512456118054,0.8513087847072269,0.8032819626482017,0.0029826478420781994,1.3402547280847399
0.55,0.3,1.2,0.04,0.72,0.38,0.25,0.4264026402640264,0.2549407244988694,0.18442622950819673,0.5803959439884114,0.0,0.408843537414966,1.0,0.0,0.0,601,4,0,0.010510285574898323,0.1031536237584374,0.1476720704294282,0.4816512456118054,0.8513087847072269,0.8032819626482017,0.0029826478420781994,1.3408074458015182
0.55,0.3,1.2,0.08,0.66,0.38,0.25,0.4264026402640264,0.2549407244988694,0.18442622950819673,0.5803959439884114,0.0,0.408843537414966,1.0,0.0,0.0,601,4,0,0.011278124109503407,0.1031536237584374,0.1476720704294282,0.4816512456118054,0.8513087847072269,0.8032819626482017,0.0029826478420781994,1.3408074458015182
0.55,0.3,1.2,0.04,0.66,0.38,0.25,0.4264026402640264,0.2549407244988694,0.18442622950819673,0.5803959439884114,0.0,0.408843537414966,1.0,0.0,0.0,601,4,0,0.011278124109503407,0.1031536237584374,0.1476720704294282,0.4816512456118054,0.8513087847072269,0.8032819626482017,0.0029826478420781994,1.3408074458015182
0.55,0.3,1.2,0.12,0.72,0.38,0.25,0.4264026402640264,0.2549407244988694,0.18442622950819673,0.5803959439884114,0.0,0.408843537414966,1.0,0.0,0.0,601,4,0,0.010510285574898323,0.1031536237584374,0.1476720704294282,0.4816512456118054,0.8513087847072269,0.8032819626482017,0.0029826478420781994,1.3408074458015182
0.55,0.3,1.2,0.12,0.66,0.38,0.25,0.4264026402640264,0.2549407244988694,0.18442622950819673,0.5803959439884114,0.0,0.408843537414966,1.0,0.0,0.0,601,4,0,0.011278124109503407,0.1031536237584374,0.1476720704294282,0.4816512456118054,0.8513087847072269,0.8032819626482017,0.0029826478420781994,1.3408074458015182
0.55,0.3,1.2,0.08,0.72,0.38,0.25,0.4264026402640264,0.2549407244988694,0.18442622950819673,0.5803959439884114,0.0,0.408843537414966,1.0,0.0,0.0,601,4,0,0.010510285574898323,0.1031536237584374,0.1476720704294282,0.4816512456118054,0.8513087847072269,0.8032819626482017,0.0029826478420781994,1.3408074458015182
0.75,0.1,1.0,0.12,0.6,0.38,0.5,0.6554455445544555,0.6426424441187961,0.783625730994152,0.6207906295754027,0.5235109717868338,0.5542483660130719,0.7054908485856906,0.2945091514143095,0.0,601,4,0,0.015673388085022343,0.1031536237584374,0.1476720704294282,0.4816512456118054,0.8513087847072269,0.8032819626482017,0.0029826478420781994,1.3425320398612124
0.75,0.1,1.0,0.08,0.6,0.38,0.5,0.6554455445544555,0.6426424441187961,0.783625730994152,0.6207906295754027,0.5235109717868338,0.5542483660130719,0.7054908485856906,0.2945091514143095,0.0,601,4,0,0.015673388085022343,0.1031536237584374,0.1476720704294282,0.4816512456118054,0.8513087847072269,0.8032819626482017,0.0029826478420781994,1.3425320398612124
0.75,0.1,1.0,0.04,0.6,0.38,0.5,0.6554455445544555,0.6426424441187961,0.783625730994152,0.6207906295754027,0.5235109717868338,0.5542483660130719,0.7054908485856906,0.2945091514143095,0.0,601,4,0,0.015673388085022343,0.1031536237584374,0.1476720704294282,0.4816512456118054,0.8513087847072269,0.8032819626482017,0.0029826478420781994,1.3425320398612124
0.75,0.3,1.2,0.08,0.6,0.42,0.25,0.6521452145214521,0.6382994833882297,0.7843137254901961,0.6187363834422658,0.5118483412322274,0.5489690721649485,0.7088186356073212,0.2911813643926789,0.0,601,5,0,0.014860857432103101,0.1031536237584374,0.1476720704294282,0.4816512456118054,0.8513087847072269,0.8032819626482017,0.0029826478420781994,1.343186977879358
0.75,0.3,1.2,0.04,0.6,0.42,0.25,0.6521452145214521,0.6382994833882297,0.7843137254901961,0.6187363834422658,0.5118483412322274,0.5489690721649485,0.7088186356073212,0.2911813643926789,0.0,601,5,0,0.014860857432103101,0.1031536237584374,0.1476720704294282,0.4816512456118054,0.8513087847072269,0.8032819626482017,0.0029826478420781994,1.343186977879358
0.75,0.3,1.2,0.12,0.6,0.42,0.25,0.6521452145214521,0.6382994833882297,0.7843137254901961,0.6187363834422658,0.5118483412322274,0.5489690721649485,0.7088186356073212,0.2911813643926789,0.0,601,5,0,0.014860857432103101,0.1031536237584374,0.1476720704294282,0.4816512456118054,0.8513087847072269,0.8032819626482017,0.0029826478420781994,1.343186977879358
0.75,0.3,1.0,0.12,0.66,0.34,0.5,0.6508250825082508,0.6358655961493828,0.7835455435847208,0.6192893401015228,0.5047619047619047,0.5488431876606684,0.7104825291181365,0.2895174708818636,0.0,601,5,0,0.01508520800855303,0.1031536237584374,0.1476720704294282,0.4816512456118054,0.8513087847072269,0.8032819626482017,0.0029826478420781994,1.343446820758694
0.75,0.3,1.0,0.08,0.66,0.34,0.5,0.6508250825082508,0.6358655961493828,0.7835455435847208,0.6192893401015228,0.5047619047619047,0.5488431876606684,0.7104825291181365,0.2895174708818636,0.0,601,5,0,0.01508520800855303,0.1031536237584374,0.1476720704294282,0.4816512456118054,0.8513087847072269,0.8032819626482017,0.0029826478420781994,1.343446820758694
0.75,0.3,1.0,0.04,0.66,0.34,0.5,0.6508250825082508,0.6358655961493828,0.7835455435847208,0.6192893401015228,0.5047619047619047,0.5488431876606684,0.7104825291181365,0.2895174708818636,0.0,601,5,0,0.01508520800855303,0.1031536237584374,0.1476720704294282,0.4816512456118054,0.8513087847072269,0.8032819626482017,0.0029826478420781994,1.343446820758694
0.75,0.1,1.2,0.04,0.66,0.42,0.25,0.6442244224422442,0.6243291831557297,0.7909270216962525,0.6162624821683309,0.46579804560260585,0.5393258426966292,0.718801996672213,0.281198003327787,0.0,601,5,0,0.014833765480970035,0.1031536237584374,0.1476720704294282,0.4816512456118054,0.8513087847072269,0.8032819626482017,0.0029826478420781994,1.3441130119547928
0.75,0.1,1.2,0.08,0.66,0.42,0.25,0.6442244224422442,0.6243291831557297,0.7909270216962525,0.6162624821683309,0.46579804560260585,0.5393258426966292,0.718801996672213,0.281198003327787,0.0,601,5,0,0.014833765480970035,0.1031536237584374,0.1476720704294282,0.4816512456118054,0.8513087847072269,0.8032819626482017,0.0029826478420781994,1.3441130119547928
0.75,0.1,1.2,0.12,0.66,0.42,0.25,0.6442244224422442,0.6243291831557297,0.7909270216962525,0.6162624821683309,0.46579804560260585,0.5393258426966292,0.718801996672213,0.281198003327787,0.0,601,5,0,0.014833765480970035,0.1031536237584374,0.1476720704294282,0.4816512456118054,0.8513087847072269,0.8032819626482017,0.0029826478420781994,1.3441130119547928
0.75,0.1,1.2,0.12,0.66,0.42,0.5,0.642904290429043,0.6229185741257343,0.7905138339920948,0.6149466192170818,0.4632952691680261,0.5373134328358209,0.718801996672213,0.281198003327787,0.0,601,3,0,0.01417558796776346,0.1031536237584374,0.1476720704294282,0.4816512456118054,0.8513087847072269,0.8032819626482017,0.0029826478420781994,1.3468437529979895
0.75,0.1,1.2,0.04,0.66,0.42,0.5,0.642904290429043,0.6229185741257343,0.7905138339920948,0.6149466192170818,0.4632952691680261,0.5373134328358209,0.718801996672213,0.281198003327787,0.0,601,3,0,0.01417558796776346,0.1031536237584374,0.1476720704294282,0.4816512456118054,0.8513087847072269,0.8032819626482017,0.0029826478420781994,1.3468437529979895
0.75,0.1,1.2,0.08,0.66,0.42,0.5,0.642904290429043,0.6229185741257343,0.7905138339920948,0.6149466192170818,0.4632952691680261,0.5373134328358209,0.718801996672213,0.281198003327787,0.0,601,3,0,0.01417558796776346,0.1031536237584374,0.1476720704294282,0.4816512456118054,0.8513087847072269,0.8032819626482017,0.0029826478420781994,1.3468437529979895
0.75,0.3,1.2,0.04,0.72,0.38,0.25,0.6316831683168317,0.6042482802691426,0.792,0.6119610570236439,0.40878378378378377,0.5256869772998806,0.7321131447587355,0.26788685524126454,0.0,601,5,0,0.01415745150115851,0.1031536237584374,0.1476720704294282,0.4816512456118054,0.8513087847072269,0.8032819626482017,0.0029826478420781994,1.3487817579850954
0.75,0.3,1.2,0.12,0.72,0.38,0.25,0.6316831683168317,0.6042482802691426,0.792,0.6119610570236439,0.40878378378378377,0.5256869772998806,0.7321131447587355,0.26788685524126454,0.0,601,5,0,0.01415745150115851,0.1031536237584374,0.1476720704294282,0.4816512456118054,0.8513087847072269,0.8032819626482017,0.0029826478420781994,1.3487817579850954
0.75,0.3,1.2,0.08,0.72,0.38,0.25,0.6316831683168317,0.6042482802691426,0.792,0.6119610570236439,0.40878378378378377,0.5256869772998806,0.7321131447587355,0.26788685524126454,0.0,601,5,0,0.01415745150115851,0.1031536237584374,0.1476720704294282,0.4816512456118054,0.8513087847072269,0.8032819626482017,0.0029826478420781994,1.3487817579850954
0.75,0.3,1.2,0.08,0.72,0.38,0.5,0.6297029702970297,0.6026500311676192,0.7879396984924623,0.6112266112266113,0.40878378378378377,0.5237529691211401,0.7337770382695508,0.26622296173044924,0.0,601,5,0,0.013637302104425259,0.1031536237584374,0.1476720704294282,0.4816512456118054,0.8513087847072269,0.8032819626482017,0.0029826478420781994,1.3488660287337086
0.75,0.3,1.2,0.12,0.72,0.38,0.5,0.6297029702970297,0.6026500311676192,0.7879396984924623,0.6112266112266113,0.40878378378378377,0.5237529691211401,0.7337770382695508,0.26622296173044924,0.0,601,5,0,0.013637302104425259,0.1031536237584374,0.1476720704294282,0.4816512456118054,0.8513087847072269,0.8032819626482017,0.0029826478420781994,1.3488660287337086
0.75,0.3,1.2,0.04,0.72,0.38,0.5,0.6297029702970297,0.6026500311676192,0.7879396984924623,0.6112266112266113,0.40878378378378377,0.5237529691211401,0.7337770382695508,0.26622296173044924,0.0,601,5,0,0.013637302104425259,0.1031536237584374,0.1476720704294282,0.4816512456118054,0.8513087847072269,0.8032819626482017,0.0029826478420781994,1.3488660287337086
0.75,0.2,1.2,0.12,0.66,0.42,0.5,0.6422442244224422,0.6223296160279058,0.7897334649555775,0.613960113960114,0.4632952691680261,0.5367372353673724,0.7171381031613977,0.28286189683860236,0.0,601,3,0,0.01408859324710035,0.1031536237584374,0.1476720704294282,0.4816512456118054,0.8513087847072269,0.8032819626482017,0.0029826478420781994,1.351586953475131
0.75,0.2,1.2,0.04,0.66,0.42,0.5,0.6422442244224422,0.6223296160279058,0.7897334649555775,0.613960113960114,0.4632952691680261,0.5367372353673724,0.7171381031613977,0.28286189683860236,0.0,601,3,0,0.01408859324710035,0.1031536237584374,0.1476720704294282,0.4816512456118054,0.8513087847072269,0.8032819626482017,0.0029826478420781994,1.351586953475131
0.75,0.2,1.2,0.08,0.66,0.42,0.5,0.6422442244224422,0.6223296160279058,0.7897334649555775,0.613960113960114,0.4632952691680261,0.5367372353673724,0.7171381031613977,0.28286189683860236,0.0,601,3,0,0.01408859324710035,0.1031536237584374,0.1476720704294282,0.4816512456118054,0.8513087847072269,0.8032819626482017,0.0029826478420781994,1.351586953475131
0.75,0.1,1.0,0.04,0.72,0.34,0.5,0.636963696369637,0.6149835522098085,0.7872763419483101,0.61212976022567,0.44554455445544555,0.5312117503059975,0.7221297836938436,0.2778702163061564,0.0,601,4,0,0.01486118018858895,0.1031536237584374,0.1476720704294282,0.4816512456118054,0.8513087847072269,0.8032819626482017,0.0029826478420781994,1.353731016227897
0.75,0.1,1.0,0.08,0.72,0.34,0.5,0.636963696369637,0.6149835522098085,0.7872763419483101,0.61212976022567,0.44554455445544555,0.5312117503059975,0.7221297836938436,0.2778702163061564,0.0,601,4,0,0.01486118018858895,0.1031536237584374,0.1476720704294282,0.4816512456118054,0.8513087847072269,0.8032819626482017,0.0029826478420781994,1.353731016227897
0.75,0.1,1.0,0.12,0.72,0.34,0.5,0.636963696369637,0.6149835522098085,0.7872763419483101,0.61212976022567,0.44554455445544555,0.5312117503059975,0.7221297836938436,0.2778702163061564,0.0,601,4,0,0.01486118018858895,0.1031536237584374,0.1476720704294282,0.4816512456118054,0.8513087847072269,0.8032819626482017,0.0029826478420781994,1.353731016227897
0.75,0.2,1.0,0.08,0.72,0.34,0.5,0.6396039603960396,0.6189742046742889,0.7845849802371542,0.6140724946695096,0.4582651391162029,0.5359801488833746,0.718801996672213,0.281198003327787,0.0,601,5,0,0.014852731010427913,0.1031536237584374,0.1476720704294282,0.4816512456118054,0.8513087847072269,0.8032819626482017,0.0029826478420781994,1.3540884524824381
0.75,0.2,1.0,0.04,0.72,0.34,0.5,0.6396039603960396,0.6189742046742889,0.7845849802371542,0.6140724946695096,0.4582651391162029,0.5359801488833746,0.718801996672213,0.281198003327787,0.0,601,5,0,0.014852731010427913,0.1031536237584374,0.1476720704294282,0.4816512456118054,0.8513087847072269,0.8032819626482017,0.0029826478420781994,1.3540884524824381
0.75,0.2,1.0,0.12,0.72,0.34,0.5,0.6396039603960396,0.6189742046742889,0.7845849802371542,0.6140724946695096,0.4582651391162029,0.5359801488833746,0.718801996672213,0.281198003327787,0.0,601,5,0,0.014852731010427913,0.1031536237584374,0.1476720704294282,0.4816512456118054,0.8513087847072269,0.8032819626482017,0.0029826478420781994,1.3540884524824381
0.75,0.2,1.2,0.12,0.66,0.42,0.25,0.6422442244224422,0.6224951115638232,0.7874015748031497,0.6142857142857143,0.46579804560260585,0.5381727158948686,0.7154742096505824,0.28452579034941766,0.0,601,5,0,0.014710955707861977,0.1031536237584374,0.1476720704294282,0.4816512456118054,0.8513087847072269,0.8032819626482017,0.0029826478420781994,1.3549156343119255
0.75,0.2,1.2,0.04,0.66,0.42,0.25,0.6422442244224422,0.6224951115638232,0.7874015748031497,0.6142857142857143,0.46579804560260585,0.5381727158948686,0.7154742096505824,0.28452579034941766,0.0,601,5,0,0.014710955707861977,0.1031536237584374,0.1476720704294282,0.4816512456118054,0.8513087847072269,0.8032819626482017,0.0029826478420781994,1.3549156343119255
0.75,0.2,1.2,0.08,0.66,0.42,0.25,0.6422442244224422,0.6224951115638232,0.7874015748031497,0.6142857142857143,0.46579804560260585,0.5381727158948686,0.7154742096505824,0.28452579034941766,0.0,601,5,0,0.014710955707861977,0.1031536237584374,0.1476720704294282,0.4816512456118054,0.8513087847072269,0.8032819626482017,0.0029826478420781994,1.3549156343119255
0.75,0.1,1.0,0.12,0.6,0.38,0.25,0.6541254125412541,0.6417904070009275,0.7813411078717201,0.618208516886931,0.5258215962441315,0.5532194480946123,0.7004991680532446,0.2995008319467554,0.0,601,4,0,0.016624235558343345,0.1031536237584374,0.1476720704294282,0.4816512456118054,0.8513087847072269,0.8032819626482017,0.0029826478420781994,1.3551867381104188
0.75,0.1,1.0,0.08,0.6,0.38,0.25,0.6541254125412541,0.6417904070009275,0.7813411078717201,0.618208516886931,0.5258215962441315,0.5532194480946123,0.7004991680532446,0.2995008319467554,0.0,601,4,0,0.016624235558343345,0.1031536237584374,0.1476720704294282,0.4816512456118054,0.8513087847072269,0.8032819626482017,0.0029826478420781994,1.3551867381104188
0.75,0.1,1.0,0.04,0.6,0.38,0.25,0.6541254125412541,0.6417904070009275,0.7813411078717201,0.618208516886931,0.5258215962441315,0.5532194480946123,0.7004991680532446,0.2995008319467554,0.0,601,4,0,0.016624235558343345,0.1031536237584374,0.1476720704294282,0.4816512456118054,0.8513087847072269,0.8032819626482017,0.0029826478420781994,1.3551867381104188
0.75,0.3,1.0,0.08,0.66,0.34,0.25,0.6481848184818482,0.6331984476472506,0.7808219178082192,0.6163886874546773,0.5023847376788553,0.5462724935732648,0.7071547420965059,0.2928452579034942,0.0,601,5,0,0.015904916301835683,0.1031536237584374,0.1476720704294282,0.4816512456118054,0.8513087847072269,0.8032819626482017,0.0029826478420781994,1.355742586032653
0.75,0.3,1.0,0.12,0.66,0.34,0.25,0.6481848184818482,0.6331984476472506,0.7808219178082192,0.6163886874546773,0.5023847376788553,0.5462724935732648,0.7071547420965059,0.2928452579034942,0.0,601,5,0,0.015904916301835683,0.1031536237584374,0.1476720704294282,0.4816512456118054,0.8513087847072269,0.8032819626482017,0.0029826478420781994,1.355742586032653
0.75,0.3,1.0,0.04,0.66,0.34,0.25,0.6481848184818482,0.6331984476472506,0.7808219178082192,0.6163886874546773,0.5023847376788553,0.5462724935732648,0.7071547420965059,0.2928452579034942,0.0,601,5,0,0.015904916301835683,0.1031536237584374,0.1476720704294282,0.4816512456118054,0.8513087847072269,0.8032819626482017,0.0029826478420781994,1.355742586032653
0.75,0.1,1.0,0.12,0.66,0.38,0.5,0.6488448844884488,0.6333016002538646,0.783625730994152,0.6162790697674418,0.5,0.5470967741935484,0.7054908485856906,0.2945091514143095,0.0,601,5,0,0.01529723044856036,0.1031536237584374,0.1476720704294282,0.4816512456118054,0.8513087847072269,0.8032819626482017,0.0029826478420781994,1.3584735437921507
0.75,0.1,1.0,0.04,0.66,0.38,0.5,0.6488448844884488,0.6333016002538646,0.783625730994152,0.6162790697674418,0.5,0.5470967741935484,0.7054908485856906,0.2945091514143095,0.0,601,5,0,0.01529723044856036,0.1031536237584374,0.1476720704294282,0.4816512456118054,0.8513087847072269,0.8032819626482017,0.0029826478420781994,1.3584735437921507
0.75,0.1,1.0,0.08,0.66,0.38,0.5,0.6488448844884488,0.6333016002538646,0.783625730994152,0.6162790697674418,0.5,0.5470967741935484,0.7054908485856906,0.2945091514143095,0.0,601,5,0,0.01529723044856036,0.1031536237584374,0.1476720704294282,0.4816512456118054,0.8513087847072269,0.8032819626482017,0.0029826478420781994,1.3584735437921507
0.75,0.1,1.0,0.08,0.72,0.34,0.25,0.6363036303630363,0.6141647561710087,0.7849355797819624,0.6120141342756183,0.44554455445544555,0.5319410319410319,0.7204658901830283,0.2795341098169717,0.0,601,6,0,0.01569235941019092,0.1031536237584374,0.1476720704294282,0.4816512456118054,0.8513087847072269,0.8032819626482017,0.0029826478420781994,1.3587040546460096
0.75,0.1,1.0,0.04,0.72,0.34,0.25,0.6363036303630363,0.6141647561710087,0.7849355797819624,0.6120141342756183,0.44554455445544555,0.5319410319410319,0.7204658901830283,0.2795341098169717,0.0,601,6,0,0.01569235941019092,0.1031536237584374,0.1476720704294282,0.4816512456118054,0.8513087847072269,0.8032819626482017,0.0029826478420781994,1.3587040546460096
0.75,0.1,1.0,0.12,0.72,0.34,0.25,0.6363036303630363,0.6141647561710087,0.7849355797819624,0.6120141342756183,0.44554455445544555,0.5319410319410319,0.7204658901830283,0.2795341098169717,0.0,601,6,0,0.01569235941019092,0.1031536237584374,0.1476720704294282,0.4816512456118054,0.8513087847072269,0.8032819626482017,0.0029826478420781994,1.3587040546460096
0.75,0.3,1.2,0.12,0.66,0.42,0.5,0.6422442244224422,0.6234946953324163,0.7874015748031497,0.6123032904148784,0.4707792207792208,0.5370138017565872,0.7121464226289518,0.2878535773710483,0.0,601,4,0,0.01400504823455831,0.1031536237584374,0.1476720704294282,0.4816512456118054,0.8513087847072269,0.8032819626482017,0.0029826478420781994,1.360904403288757
0.75,0.3,1.2,0.08,0.66,0.42,0.5,0.6422442244224422,0.6234946953324163,0.7874015748031497,0.6123032904148784,0.4707792207792208,0.5370138017565872,0.7121464226289518,0.2878535773710483,0.0,601,4,0,0.01400504823455831,0.1031536237584374,0.1476720704294282,0.4816512456118054,0.8513087847072269,0.8032819626482017,0.0029826478420781994,1.360904403288757
0.75,0.3,1.2,0.04,0.66,0.42,0.5,0.6422442244224422,0.6234946953324163,0.7874015748031497,0.6123032904148784,0.4707792207792208,0.5370138017565872,0.7121464226289518,0.2878535773710483,0.0,601,4,0,0.01400504823455831,0.1031536237584374,0.1476720704294282,0.4816512456118054,0.8513087847072269,0.8032819626482017,0.0029826478420781994,1.360904403288757
0.75,0.2,1.0,0.04,0.6,0.38,0.5,0.6521452145214521,0.6396867055191914,0.7798254122211445,0.6157237325495959,0.5235109717868338,0.5513157894736842,0.697171381031614,0.30282861896838603,0.0,601,4,0,0.015561147585125662,0.1031536237584374,0.1476720704294282,0.4816512456118054,0.8513087847072269,0.8032819626482017,0.0029826478420781994,1.3662589903573812
0.75,0.2,1.0,0.08,0.6,0.38,0.5,0.6521452145214521,0.6396867055191914,0.7798254122211445,0.6157237325495959,0.5235109717868338,0.5513157894736842,0.697171381031614,0.30282861896838603,0.0,601,4,0,0.015561147585125662,0.1031536237584374,0.1476720704294282,0.4816512456118054,0.8513087847072269,0.8032819626482017,0.0029826478420781994,1.3662589903573812
0.75,0.2,1.0,0.12,0.6,0.38,0.5,0.6521452145214521,0.6396867055191914,0.7798254122211445,0.6157237325495959,0.5235109717868338,0.5513157894736842,0.697171381031614,0.30282861896838603,0.0,601,4,0,0.015561147585125662,0.1031536237584374,0.1476720704294282,0.4816512456118054,0.8513087847072269,0.8032819626482017,0.0029826478420781994,1.3662589903573812
0.75,0.2,1.0,0.04,0.6,0.38,0.25,0.6521452145214521,0.64001652274939,0.7790697674418605,0.6151582045621781,0.5258215962441315,0.5514511873350924,0.6955074875207987,0.30449251247920134,0.0,601,4,0,0.01648545875638316,0.1031536237584374,0.1476720704294282,0.4816512456118054,0.8513087847072269,0.8032819626482017,0.0029826478420781994,1.3694233494998946
0.75,0.2,1.0,0.12,0.6,0.38,0.25,0.6521452145214521,0.64001652274939,0.7790697674418605,0.6151582045621781,0.5258215962441315,0.5514511873350924,0.6955074875207987,0.30449251247920134,0.0,601,4,0,0.01648545875638316,0.1031536237584374,0.1476720704294282,0.4816512456118054,0.8513087847072269,0.8032819626482017,0.0029826478420781994,1.3694233494998946
0.75,0.2,1.0,0.08,0.6,0.38,0.25,0.6521452145214521,0.64001652274939,0.7790697674418605,0.6151582045621781,0.5258215962441315,0.5514511873350924,0.6955074875207987,0.30449251247920134,0.0,601,4,0,0.01648545875638316,0.1031536237584374,0.1476720704294282,0.4816512456118054,0.8513087847072269,0.8032819626482017,0.0029826478420781994,1.3694233494998946
0.75,0.2,1.0,0.12,0.72,0.34,0.25,0.636963696369637,0.6153316060940414,0.7846607669616519,0.61067615658363,0.4506578947368421,0.5335820895522388,0.7138103161397671,0.28618968386023297,0.0,601,5,0,0.01565679023181137,0.1031536237584374,0.1476720704294282,0.4816512456118054,0.8513087847072269,0.8032819626482017,0.0029826478420781994,1.370853844207225
0.75,0.2,1.0,0.08,0.72,0.34,0.25,0.636963696369637,0.6153316060940414,0.7846607669616519,0.61067615658363,0.4506578947368421,0.5335820895522388,0.7138103161397671,0.28618968386023297,0.0,601,5,0,0.01565679023181137,0.1031536237584374,0.1476720704294282,0.4816512456118054,0.8513087847072269,0.8032819626482017,0.0029826478420781994,1.370853844207225
0.75,0.2,1.0,0.04,0.72,0.34,0.25,0.636963696369637,0.6153316060940414,0.7846607669616519,0.61067615658363,0.4506578947368421,0.5335820895522388,0.7138103161397671,0.28618968386023297,0.0,601,5,0,0.01565679023181137,0.1031536237584374,0.1476720704294282,0.4816512456118054,0.8513087847072269,0.8032819626482017,0.0029826478420781994,1.370853844207225
0.75,0.3,1.2,0.04,0.66,0.42,0.25,0.6402640264026402,0.6211196988630228,0.7843137254901961,0.610752688172043,0.4682926829268293,0.5365239294710328,0.7088186356073212,0.2911813643926789,0.0,601,5,0,0.014592250846393505,0.1031536237584374,0.1476720704294282,0.4816512456118054,0.8513087847072269,0.8032819626482017,0.0029826478420781994,1.3722479505233767
0.75,0.3,1.2,0.08,0.66,0.42,0.25,0.6402640264026402,0.6211196988630228,0.7843137254901961,0.610752688172043,0.4682926829268293,0.5365239294710328,0.7088186356073212,0.2911813643926789,0.0,601,5,0,0.014592250846393505,0.1031536237584374,0.1476720704294282,0.4816512456118054,0.8513087847072269,0.8032819626482017,0.0029826478420781994,1.3722479505233767
0.75,0.3,1.2,0.12,0.66,0.42,0.25,0.6402640264026402,0.6211196988630228,0.7843137254901961,0.610752688172043,0.4682926829268293,0.5365239294710328,0.7088186356073212,0.2911813643926789,0.0,601,5,0,0.014592250846393505,0.1031536237584374,0.1476720704294282,0.4816512456118054,0.8513087847072269,0.8032819626482017,0.0029826478420781994,1.3722479505233767
0.75,0.3,1.0,0.12,0.72,0.34,0.5,0.638943894389439,0.618546602400946,0.7835455435847208,0.6113099498926271,0.46078431372549017,0.5364321608040201,0.7104825291181365,0.2895174708818636,0.0,601,4,0,0.01483820661333171,0.1031536237584374,0.1476720704294282,0.4816512456118054,0.8513087847072269,0.8032819626482017,0.0029826478420781994,1.3726470026259423
0.75,0.3,1.0,0.04,0.72,0.34,0.5,0.638943894389439,0.618546602400946,0.7835455435847208,0.6113099498926271,0.46078431372549017,0.5364321608040201,0.7104825291181365,0.2895174708818636,0.0,601,4,0,0.01483820661333171,0.1031536237584374,0.1476720704294282,0.4816512456118054,0.8513087847072269,0.8032819626482017,0.0029826478420781994,1.3726470026259423
0.75,0.3,1.0,0.08,0.72,0.34,0.5,0.638943894389439,0.618546602400946,0.7835455435847208,0.6113099498926271,0.46078431372549017,0.5364321608040201,0.7104825291181365,0.2895174708818636,0.0,601,4,0,0.01483820661333171,0.1031536237584374,0.1476720704294282,0.4816512456118054,0.8513087847072269,0.8032819626482017,0.0029826478420781994,1.3726470026259423
0.75,0.1,1.0,0.04,0.66,0.38,0.25,0.6468646864686468,0.6315322508152152,0.7813411078717201,0.6132556445739257,0.5,0.5453367875647669,0.7004991680532446,0.2995008319467554,0.0,601,5,0,0.01623715211887184,0.1031536237584374,0.1476720704294282,0.4816512456118054,0.8513087847072269,0.8032819626482017,0.0029826478420781994,1.3727056203687384
0.75,0.1,1.0,0.08,0.66,0.38,0.25,0.6468646864686468,0.6315322508152152,0.7813411078717201,0.6132556445739257,0.5,0.5453367875647669,0.7004991680532446,0.2995008319467554,0.0,601,5,0,0.01623715211887184,0.1031536237584374,0.1476720704294282,0.4816512456118054,0.8513087847072269,0.8032819626482017,0.0029826478420781994,1.3727056203687384
0.75,0.1,1.0,0.12,0.66,0.38,0.25,0.6468646864686468,0.6315322508152152,0.7813411078717201,0.6132556445739257,0.5,0.5453367875647669,0.7004991680532446,0.2995008319467554,0.0,601,5,0,0.01623715211887184,0.1031536237584374,0.1476720704294282,0.4816512456118054,0.8513087847072269,0.8032819626482017,0.0029826478420781994,1.3727056203687384
0.75,0.3,1.0,0.08,0.6,0.38,0.5,0.6508250825082508,0.6385043638919891,0.7783155856727977,0.6136865342163356,0.5235109717868338,0.5501319261213721,0.6938435940099834,0.30615640599001664,0.0,601,4,0,0.015448014593435932,0.1031536237584374,0.1476720704294282,0.4816512456118054,0.8513087847072269,0.8032819626482017,0.0029826478420781994,1.375749816743209
0.75,0.3,1.0,0.12,0.6,0.38,0.5,0.6508250825082508,0.6385043638919891,0.7783155856727977,0.6136865342163356,0.5235109717868338,0.5501319261213721,0.6938435940099834,0.30615640599001664,0.0,601,4,0,0.015448014593435932,0.1031536237584374,0.1476720704294282,0.4816512456118054,0.8513087847072269,0.8032819626482017,0.0029826478420781994,1.375749816743209
0.75,0.3,1.0,0.04,0.6,0.38,0.5,0.6508250825082508,0.6385043638919891,0.7783155856727977,0.6136865342163356,0.5235109717868338,0.5501319261213721,0.6938435940099834,0.30615640599001664,0.0,601,4,0,0.015448014593435932,0.1031536237584374,0.1476720704294282,0.4816512456118054,0.8513087847072269,0.8032819626482017,0.0029826478420781994,1.375749816743209
0.75,0.3,1.0,0.04,0.6,0.38,0.25,0.6514851485148515,0.6393782930435706,0.778743961352657,0.6135693215339233,0.5258215962441315,0.5509933774834437,0.6921797004991681,0.30782029950083195,0.0,601,4,0,0.01634792434576564,0.1031536237584374,0.1476720704294282,0.4816512456118054,0.8513087847072269,0.8032819626482017,0.0029826478420781994,1.377709997957739
0.75,0.3,1.0,0.12,0.6,0.38,0.25,0.6514851485148515,0.6393782930435706,0.778743961352657,0.6135693215339233,0.5258215962441315,0.5509933774834437,0.6921797004991681,0.30782029950083195,0.0,601,4,0,0.01634792434576564,0.1031536237584374,0.1476720704294282,0.4816512456118054,0.8513087847072269,0.8032819626482017,0.0029826478420781994,1.377709997957739
0.75,0.3,1.0,0.08,0.6,0.38,0.25,0.6514851485148515,0.6393782930435706,0.778743961352657,0.6135693215339233,0.5258215962441315,0.5509933774834437,0.6921797004991681,0.30782029950083195,0.0,601,4,0,0.01634792434576564,0.1031536237584374,0.1476720704294282,0.4816512456118054,0.8513087847072269,0.8032819626482017,0.0029826478420781994,1.377709997957739
0.75,0.2,1.0,0.12,0.66,0.38,0.5,0.6462046204620462,0.6312963273389294,0.7798254122211445,0.6116788321167883,0.5023847376788553,0.5448634590377113,0.697171381031614,0.30282861896838603,0.0,601,5,0,0.015222248376436457,0.1031536237584374,0.1476720704294282,0.4816512456118054,0.8513087847072269,0.8032819626482017,0.0029826478420781994,1.3805899625970492
0.75,0.2,1.0,0.08,0.66,0.38,0.5,0.6462046204620462,0.6312963273389294,0.7798254122211445,0.6116788321167883,0.5023847376788553,0.5448634590377113,0.697171381031614,0.30282861896838603,0.0,601,5,0,0.015222248376436457,0.1031536237584374,0.1476720704294282,0.4816512456118054,0.8513087847072269,0.8032819626482017,0.0029826478420781994,1.3805899625970492
0.75,0.2,1.0,0.04,0.66,0.38,0.5,0.6462046204620462,0.6312963273389294,0.7798254122211445,0.6116788321167883,0.5023847376788553,0.5448634590377113,0.697171381031614,0.30282861896838603,0.0,601,5,0,0.015222248376436457,0.1031536237584374,0.1476720704294282,0.4816512456118054,0.8513087847072269,0.8032819626482017,0.0029826478420781994,1.3805899625970492
0.75,0.3,1.0,0.08,0.72,0.34,0.25,0.636963696369637,0.6168295843412269,0.7808219178082192,0.6088825214899714,0.46078431372549017,0.5345911949685535,0.7071547420965059,0.2928452579034942,0.0,601,5,0,0.015625595148155424,0.1031536237584374,0.1476720704294282,0.4816512456118054,0.8513087847072269,0.8032819626482017,0.0029826478420781994,1.383332571450888
0.75,0.3,1.0,0.04,0.72,0.34,0.25,0.636963696369637,0.6168295843412269,0.7808219178082192,0.6088825214899714,0.46078431372549017,0.5345911949685535,0.7071547420965059,0.2928452579034942,0.0,601,5,0,0.015625595148155424,0.1031536237584374,0.1476720704294282,0.4816512456118054,0.8513087847072269,0.8032819626482017,0.0029826478420781994,1.383332571450888
0.75,0.3,1.0,0.12,0.72,0.34,0.25,0.636963696369637,0.6168295843412269,0.7808219178082192,0.6088825214899714,0.46078431372549017,0.5345911949685535,0.7071547420965059,0.2928452579034942,0.0,601,5,0,0.015625595148155424,0.1031536237584374,0.1476720704294282,0.4816512456118054,0.8513087847072269,0.8032819626482017,0.0029826478420781994,1.383332571450888
0.55,0.1,1.0,0.08,0.72,0.34,0.25,0.41254125412541254,0.22578450519500548,0.10278372591006424,0.5745697896749522,0.0,0.40308517773306507,1.0,0.0,0.0,601,2,0,0.011489569353643635,0.1031536237584374,0.1476720704294282,0.4816512456118054,0.8513087847072269,0.8032819626482017,0.0029826478420781994,1.383825051243996
0.55,0.3,1.2,0.08,0.72,0.38,0.5,0.41254125412541254,0.22578450519500548,0.10278372591006424,0.5745697896749522,0.0,0.40308517773306507,1.0,0.0,0.0,601,0,0,0.00890706316690488,0.1031536237584374,0.1476720704294282,0.4816512456118054,0.8513087847072269,0.8032819626482017,0.0029826478420781994,1.383825051243996
0.55,0.1,1.0,0.12,0.72,0.34,0.25,0.41254125412541254,0.22578450519500548,0.10278372591006424,0.5745697896749522,0.0,0.40308517773306507,1.0,0.0,0.0,601,2,0,0.011489569353643635,0.1031536237584374,0.1476720704294282,0.4816512456118054,0.8513087847072269,0.8032819626482017,0.0029826478420781994,1.383825051243996
0.55,0.1,1.0,0.04,0.72,0.34,0.25,0.41254125412541254,0.22578450519500548,0.10278372591006424,0.5745697896749522,0.0,0.40308517773306507,1.0,0.0,0.0,601,2,0,0.011489569353643635,0.1031536237584374,0.1476720704294282,0.4816512456118054,0.8513087847072269,0.8032819626482017,0.0029826478420781994,1.383825051243996
0.55,0.3,1.2,0.12,0.72,0.38,0.5,0.41254125412541254,0.22578450519500548,0.10278372591006424,0.5745697896749522,0.0,0.40308517773306507,1.0,0.0,0.0,601,0,0,0.00890706316690488,0.1031536237584374,0.1476720704294282,0.4816512456118054,0.8513087847072269,0.8032819626482017,0.0029826478420781994,1.383825051243996
0.55,0.3,1.2,0.04,0.72,0.38,0.5,0.41254125412541254,0.22578450519500548,0.10278372591006424,0.5745697896749522,0.0,0.40308517773306507,1.0,0.0,0.0,601,0,0,0.00890706316690488,0.1031536237584374,0.1476720704294282,0.4816512456118054,0.8513087847072269,0.8032819626482017,0.0029826478420781994,1.383825051243996
0.55,0.3,1.2,0.12,0.66,0.38,0.5,0.41254125412541254,0.22578450519500548,0.10278372591006424,0.5745697896749522,0.0,0.40308517773306507,1.0,0.0,0.0,601,0,0,0.009964762911943616,0.1031536237584374,0.1476720704294282,0.4816512456118054,0.8513087847072269,0.8032819626482017,0.0029826478420781994,1.383825051243996
0.55,0.3,1.2,0.08,0.66,0.38,0.5,0.41254125412541254,0.22578450519500548,0.10278372591006424,0.5745697896749522,0.0,0.40308517773306507,1.0,0.0,0.0,601,0,0,0.009964762911943616,0.1031536237584374,0.1476720704294282,0.4816512456118054,0.8513087847072269,0.8032819626482017,0.0029826478420781994,1.383825051243996
0.55,0.3,1.2,0.04,0.66,0.38,0.5,0.41254125412541254,0.22578450519500548,0.10278372591006424,0.5745697896749522,0.0,0.40308517773306507,1.0,0.0,0.0,601,0,0,0.009964762911943616,0.1031536237584374,0.1476720704294282,0.4816512456118054,0.8513087847072269,0.8032819626482017,0.0029826478420781994,1.383825051243996
0.75,0.2,1.0,0.08,0.66,0.38,0.25,0.6455445544554456,0.6307064079645143,0.7790697674418605,0.6106647187728269,0.5023847376788553,0.5442708333333334,0.6955074875207987,0.30449251247920134,0.0,601,5,0,0.016137811015634152,0.1031536237584374,0.1476720704294282,0.4816512456118054,0.8513087847072269,0.8032819626482017,0.0029826478420781994,1.385334124350777
0.75,0.2,1.0,0.12,0.66,0.38,0.25,0.6455445544554456,0.6307064079645143,0.7790697674418605,0.6106647187728269,0.5023847376788553,0.5442708333333334,0.6955074875207987,0.30449251247920134,0.0,601,5,0,0.016137811015634152,0.1031536237584374,0.1476720704294282,0.4816512456118054,0.8513087847072269,0.8032819626482017,0.0029826478420781994,1.385334124350777
0.75,0.2,1.0,0.04,0.66,0.38,0.25,0.6455445544554456,0.6307064079645143,0.7790697674418605,0.6106647187728269,0.5023847376788553,0.5442708333333334,0.6955074875207987,0.30449251247920134,0.0,601,5,0,0.016137811015634152,0.1031536237584374,0.1476720704294282,0.4816512456118054,0.8513087847072269,0.8032819626482017,0.0029826478420781994,1.385334124350777
0.55,0.2,1.2,0.04,0.66,0.38,0.25,0.41122112211221123,0.22288155611013546,0.09462365591397849,0.5740210124164279,0.0,0.4025452109845948,1.0,0.0,0.0,601,0,0,0.011469563832452394,0.1031536237584374,0.1476720704294282,0.4816512456118054,0.8513087847072269,0.8032819626482017,0.0029826478420781994,1.3880481323420675
0.55,0.2,1.2,0.12,0.66,0.38,0.25,0.41122112211221123,0.22288155611013546,0.09462365591397849,0.5740210124164279,0.0,0.4025452109845948,1.0,0.0,0.0,601,0,0,0.011469563832452394,0.1031536237584374,0.1476720704294282,0.4816512456118054,0.8513087847072269,0.8032819626482017,0.0029826478420781994,1.3880481323420675
0.55,0.2,1.2,0.12,0.72,0.38,0.25,0.41122112211221123,0.22288155611013546,0.09462365591397849,0.5740210124164279,0.0,0.4025452109845948,1.0,0.0,0.0,601,0,0,0.01059936294975458,0.1031536237584374,0.1476720704294282,0.4816512456118054,0.8513087847072269,0.8032819626482017,0.0029826478420781994,1.3880481323420675
0.55,0.2,1.2,0.04,0.72,0.38,0.25,0.41122112211221123,0.22288155611013546,0.09462365591397849,0.5740210124164279,0.0,0.4025452109845948,1.0,0.0,0.0,601,0,0,0.01059936294975458,0.1031536237584374,0.1476720704294282,0.4816512456118054,0.8513087847072269,0.8032819626482017,0.0029826478420781994,1.3880481323420675
0.55,0.2,1.2,0.08,0.72,0.38,0.25,0.41122112211221123,0.22288155611013546,0.09462365591397849,0.5740210124164279,0.0,0.4025452109845948,1.0,0.0,0.0,601,0,0,0.01059936294975458,0.1031536237584374,0.1476720704294282,0.4816512456118054,0.8513087847072269,0.8032819626482017,0.0029826478420781994,1.3880481323420675
0.55,0.2,1.2,0.08,0.66,0.38,0.25,0.41122112211221123,0.22288155611013546,0.09462365591397849,0.5740210124164279,0.0,0.4025452109845948,1.0,0.0,0.0,601,0,0,0.011469563832452394,0.1031536237584374,0.1476720704294282,0.4816512456118054,0.8513087847072269,0.8032819626482017,0.0029826478420781994,1.3880481323420675
0.75,0.3,1.0,0.12,0.66,0.38,0.5,0.6455445544554456,0.6310575297303678,0.7783155856727977,0.6100950987564009,0.5047619047619047,0.5443864229765013,0.6938435940099834,0.30615640599001664,0.0,601,5,0,0.015147988765512576,0.1031536237584374,0.1476720704294282,0.4816512456118054,0.8513087847072269,0.8032819626482017,0.0029826478420781994,1.3884771789576356
0.75,0.3,1.0,0.04,0.66,0.38,0.5,0.6455445544554456,0.6310575297303678,0.7783155856727977,0.6100950987564009,0.5047619047619047,0.5443864229765013,0.6938435940099834,0.30615640599001664,0.0,601,5,0,0.015147988765512576,0.1031536237584374,0.1476720704294282,0.4816512456118054,0.8513087847072269,0.8032819626482017,0.0029826478420781994,1.3884771789576356
0.75,0.3,1.0,0.08,0.66,0.38,0.5,0.6455445544554456,0.6310575297303678,0.7783155856727977,0.6100950987564009,0.5047619047619047,0.5443864229765013,0.6938435940099834,0.30615640599001664,0.0,601,5,0,0.015147988765512576,0.1031536237584374,0.1476720704294282,0.4816512456118054,0.8513087847072269,0.8032819626482017,0.0029826478420781994,1.3884771789576356
0.75,0.1,1.2,0.12,0.72,0.42,0.25,0.6257425742574257,0.5958714311562828,0.7909270216962525,0.6041958041958042,0.3924914675767918,0.5211097708082026,0.718801996672213,0.281198003327787,0.0,601,5,0,0.014440524416441952,0.1031536237584374,0.1476720704294282,0.4816512456118054,0.8513087847072269,0.8032819626482017,0.0029826478420781994,1.3910526121390583
0.75,0.1,1.2,0.08,0.72,0.42,0.25,0.6257425742574257,0.5958714311562828,0.7909270216962525,0.6041958041958042,0.3924914675767918,0.5211097708082026,0.718801996672213,0.281198003327787,0.0,601,5,0,0.014440524416441952,0.1031536237584374,0.1476720704294282,0.4816512456118054,0.8513087847072269,0.8032819626482017,0.0029826478420781994,1.3910526121390583
0.75,0.1,1.2,0.04,0.72,0.42,0.25,0.6257425742574257,0.5958714311562828,0.7909270216962525,0.6041958041958042,0.3924914675767918,0.5211097708082026,0.718801996672213,0.281198003327787,0.0,601,5,0,0.014440524416441952,0.1031536237584374,0.1476720704294282,0.4816512456118054,0.8513087847072269,0.8032819626482017,0.0029826478420781994,1.3910526121390583
0.75,0.1,1.2,0.04,0.72,0.42,0.5,0.6250825082508251,0.5954524189587164,0.7905138339920948,0.6033519553072626,0.3924914675767918,0.51985559566787,0.718801996672213,0.281198003327787,0.0,601,3,0,0.013846179202676272,0.1031536237584374,0.1476720704294282,0.4816512456118054,0.8513087847072269,0.8032819626482017,0.0029826478420781994,1.3921316903432253
0.75,0.1,1.2,0.08,0.72,0.42,0.5,0.6250825082508251,0.5954524189587164,0.7905138339920948,0.6033519553072626,0.3924914675767918,0.51985559566787,0.718801996672213,0.281198003327787,0.0,601,3,0,0.013846179202676272,0.1031536237584374,0.1476720704294282,0.4816512456118054,0.8513087847072269,0.8032819626482017,0.0029826478420781994,1.3921316903432253
0.75,0.1,1.2,0.12,0.72,0.42,0.5,0.6250825082508251,0.5954524189587164,0.7905138339920948,0.6033519553072626,0.3924914675767918,0.51985559566787,0.718801996672213,0.281198003327787,0.0,601,3,0,0.013846179202676272,0.1031536237584374,0.1476720704294282,0.4816512456118054,0.8513087847072269,0.8032819626482017,0.0029826478420781994,1.3921316903432253
0.55,0.2,1.2,0.08,0.72,0.38,0.5,0.4099009900990099,0.2199554569985546,0.08639308855291576,0.5734732824427481,0.0,0.4020066889632107,1.0,0.0,0.0,601,0,0,0.008883207818896685,0.1031536237584374,0.1476720704294282,0.4816512456118054,0.8513087847072269,0.8032819626482017,0.0029826478420781994,1.3922943634668496
0.55,0.2,1.2,0.12,0.72,0.38,0.5,0.4099009900990099,0.2199554569985546,0.08639308855291576,0.5734732824427481,0.0,0.4020066889632107,1.0,0.0,0.0,601,0,0,0.008883207818896685,0.1031536237584374,0.1476720704294282,0.4816512456118054,0.8513087847072269,0.8032819626482017,0.0029826478420781994,1.3922943634668496
0.55,0.2,1.2,0.12,0.66,0.38,0.5,0.4099009900990099,0.2199554569985546,0.08639308855291576,0.5734732824427481,0.0,0.4020066889632107,1.0,0.0,0.0,601,0,0,0.010060827708346218,0.1031536237584374,0.1476720704294282,0.4816512456118054,0.8513087847072269,0.8032819626482017,0.0029826478420781994,1.3922943634668496
0.55,0.2,1.2,0.08,0.66,0.38,0.5,0.4099009900990099,0.2199554569985546,0.08639308855291576,0.5734732824427481,0.0,0.4020066889632107,1.0,0.0,0.0,601,0,0,0.010060827708346218,0.1031536237584374,0.1476720704294282,0.4816512456118054,0.8513087847072269,0.8032819626482017,0.0029826478420781994,1.3922943634668496
0.55,0.1,1.2,0.04,0.72,0.38,0.25,0.4099009900990099,0.2199554569985546,0.08639308855291576,0.5734732824427481,0.0,0.4020066889632107,1.0,0.0,0.0,601,1,0,0.010697445624821578,0.1031536237584374,0.1476720704294282,0.4816512456118054,0.8513087847072269,0.8032819626482017,0.0029826478420781994,1.3922943634668496
0.55,0.1,1.2,0.04,0.66,0.38,0.25,0.4099009900990099,0.2199554569985546,0.08639308855291576,0.5734732824427481,0.0,0.4020066889632107,1.0,0.0,0.0,601,1,0,0.01166857263009929,0.1031536237584374,0.1476720704294282,0.4816512456118054,0.8513087847072269,0.8032819626482017,0.0029826478420781994,1.3922943634668496
0.55,0.1,1.0,0.12,0.72,0.34,0.5,0.4099009900990099,0.2199554569985546,0.08639308855291576,0.5734732824427481,0.0,0.4020066889632107,1.0,0.0,0.0,601,1,0,0.009624800441855987,0.1031536237584374,0.1476720704294282,0.4816512456118054,0.8513087847072269,0.8032819626482017,0.0029826478420781994,1.3922943634668496
0.55,0.1,1.2,0.08,0.66,0.38,0.25,0.4099009900990099,0.2199554569985546,0.08639308855291576,0.5734732824427481,0.0,0.4020066889632107,1.0,0.0,0.0,601,1,0,0.01166857263009929,0.1031536237584374,0.1476720704294282,0.4816512456118054,0.8513087847072269,0.8032819626482017,0.0029826478420781994,1.3922943634668496
0.55,0.1,1.2,0.08,0.72,0.38,0.25,0.4099009900990099,0.2199554569985546,0.08639308855291576,0.5734732824427481,0.0,0.4020066889632107,1.0,0.0,0.0,601,1,0,0.010697445624821578,0.1031536237584374,0.1476720704294282,0.4816512456118054,0.8513087847072269,0.8032819626482017,0.0029826478420781994,1.3922943634668496
0.55,0.1,1.2,0.12,0.66,0.38,0.25,0.4099009900990099,0.2199554569985546,0.08639308855291576,0.5734732824427481,0.0,0.4020066889632107,1.0,0.0,0.0,601,1,0,0.01166857263009929,0.1031536237584374,0.1476720704294282,0.4816512456118054,0.8513087847072269,0.8032819626482017,0.0029826478420781994,1.3922943634668496
0.55,0.1,1.2,0.12,0.72,0.38,0.25,0.4099009900990099,0.2199554569985546,0.08639308855291576,0.5734732824427481,0.0,0.4020066889632107,1.0,0.0,0.0,601,1,0,0.010697445624821578,0.1031536237584374,0.1476720704294282,0.4816512456118054,0.8513087847072269,0.8032819626482017,0.0029826478420781994,1.3922943634668496
0.55,0.2,1.2,0.04,0.72,0.38,0.5,0.4099009900990099,0.2199554569985546,0.08639308855291576,0.5734732824427481,0.0,0.4020066889632107,1.0,0.0,0.0,601,0,0,0.008883207818896685,0.1031536237584374,0.1476720704294282,0.4816512456118054,0.8513087847072269,0.8032819626482017,0.0029826478420781994,1.3922943634668496
0.55,0.1,1.0,0.08,0.72,0.34,0.5,0.4099009900990099,0.2199554569985546,0.08639308855291576,0.5734732824427481,0.0,0.4020066889632107,1.0,0.0,0.0,601,1,0,0.009624800441855987,0.1031536237584374,0.1476720704294282,0.4816512456118054,0.8513087847072269,0.8032819626482017,0.0029826478420781994,1.3922943634668496
0.55,0.1,1.0,0.04,0.72,0.34,0.5,0.4099009900990099,0.2199554569985546,0.08639308855291576,0.5734732824427481,0.0,0.4020066889632107,1.0,0.0,0.0,601,1,0,0.009624800441855987,0.1031536237584374,0.1476720704294282,0.4816512456118054,0.8513087847072269,0.8032819626482017,0.0029826478420781994,1.3922943634668496
0.55,0.2,1.2,0.04,0.66,0.38,0.5,0.4099009900990099,0.2199554569985546,0.08639308855291576,0.5734732824427481,0.0,0.4020066889632107,1.0,0.0,0.0,601,0,0,0.010060827708346218,0.1031536237584374,0.1476720704294282,0.4816512456118054,0.8513087847072269,0.8032819626482017,0.0029826478420781994,1.3922943634668496
0.75,0.3,1.0,0.08,0.66,0.38,0.25,0.6448844884488449,0.6300687659534031,0.778743961352657,0.6090775988286969,0.5023847376788553,0.5437908496732026,0.6921797004991681,0.30782029950083195,0.0,601,5,0,0.016040751496792884,0.1031536237584374,0.1476720704294282,0.4816512456118054,0.8513087847072269,0.8032819626482017,0.0029826478420781994,1.3936201851139132
0.75,0.3,1.0,0.12,0.66,0.38,0.25,0.6448844884488449,0.6300687659534031,0.778743961352657,0.6090775988286969,0.5023847376788553,0.5437908496732026,0.6921797004991681,0.30782029950083195,0.0,601,5,0,0.016040751496792884,0.1031536237584374,0.1476720704294282,0.4816512456118054,0.8513087847072269,0.8032819626482017,0.0029826478420781994,1.3936201851139132
0.75,0.3,1.0,0.04,0.66,0.38,0.25,0.6448844884488449,0.6300687659534031,0.778743961352657,0.6090775988286969,0.5023847376788553,0.5437908496732026,0.6921797004991681,0.30782029950083195,0.0,601,5,0,0.016040751496792884,0.1031536237584374,0.1476720704294282,0.4816512456118054,0.8513087847072269,0.8032819626482017,0.0029826478420781994,1.3936201851139132
0.75,0.1,1.0,0.12,0.72,0.38,0.5,0.6343234323432343,0.611917038402131,0.783625730994152,0.6065808297567954,0.44554455445544555,0.5319949811794228,0.7054908485856906,0.2945091514143095,0.0,601,5,0,0.014988219053575629,0.1031536237584374,0.1476720704294282,0.4816512456118054,0.8513087847072269,0.8032819626482017,0.0029826478420781994,1.3943795577890987
0.75,0.1,1.0,0.04,0.72,0.38,0.5,0.6343234323432343,0.611917038402131,0.783625730994152,0.6065808297567954,0.44554455445544555,0.5319949811794228,0.7054908485856906,0.2945091514143095,0.0,601,5,0,0.014988219053575629,0.1031536237584374,0.1476720704294282,0.4816512456118054,0.8513087847072269,0.8032819626482017,0.0029826478420781994,1.3943795577890987
0.75,0.1,1.0,0.08,0.72,0.38,0.5,0.6343234323432343,0.611917038402131,0.783625730994152,0.6065808297567954,0.44554455445544555,0.5319949811794228,0.7054908485856906,0.2945091514143095,0.0,601,5,0,0.014988219053575629,0.1031536237584374,0.1476720704294282,0.4816512456118054,0.8513087847072269,0.8032819626482017,0.0029826478420781994,1.3943795577890987
0.75,0.2,1.2,0.04,0.72,0.42,0.5,0.6250825082508251,0.5959202169056684,0.7897334649555775,0.6027972027972028,0.39522998296422485,0.5199034981905911,0.7171381031613977,0.28286189683860236,0.0,601,3,0,0.013785299385325335,0.1031536237584374,0.1476720704294282,0.4816512456118054,0.8513087847072269,0.8032819626482017,0.0029826478420781994,1.3951580687689855
0.75,0.2,1.2,0.08,0.72,0.42,0.5,0.6250825082508251,0.5959202169056684,0.7897334649555775,0.6027972027972028,0.39522998296422485,0.5199034981905911,0.7171381031613977,0.28286189683860236,0.0,601,3,0,0.013785299385325335,0.1031536237584374,0.1476720704294282,0.4816512456118054,0.8513087847072269,0.8032819626482017,0.0029826478420781994,1.3951580687689855
0.75,0.2,1.2,0.12,0.72,0.42,0.5,0.6250825082508251,0.5959202169056684,0.7897334649555775,0.6027972027972028,0.39522998296422485,0.5199034981905911,0.7171381031613977,0.28286189683860236,0.0,601,3,0,0.013785299385325335,0.1031536237584374,0.1476720704294282,0.4816512456118054,0.8513087847072269,0.8032819626482017,0.0029826478420781994,1.3951580687689855
0.55,0.1,1.2,0.04,0.66,0.38,0.5,0.4085808580858086,0.21700590101649678,0.07809110629067245,0.572926596758818,0.0,0.4014696058784235,1.0,0.0,0.0,601,0,0,0.010167599277050328,0.1031536237584374,0.1476720704294282,0.4816512456118054,0.8513087847072269,0.8032819626482017,0.0029826478420781994,1.396564051462109
0.55,0.1,1.2,0.04,0.72,0.38,0.5,0.4085808580858086,0.21700590101649678,0.07809110629067245,0.572926596758818,0.0,0.4014696058784235,1.0,0.0,0.0,601,0,0,0.00887587859578438,0.1031536237584374,0.1476720704294282,0.4816512456118054,0.8513087847072269,0.8032819626482017,0.0029826478420781994,1.396564051462109
0.55,0.1,1.2,0.12,0.66,0.38,0.5,0.4085808580858086,0.21700590101649678,0.07809110629067245,0.572926596758818,0.0,0.4014696058784235,1.0,0.0,0.0,601,0,0,0.010167599277050328,0.1031536237584374,0.1476720704294282,0.4816512456118054,0.8513087847072269,0.8032819626482017,0.0029826478420781994,1.396564051462109
0.55,0.1,1.2,0.08,0.72,0.38,0.5,0.4085808580858086,0.21700590101649678,0.07809110629067245,0.572926596758818,0.0,0.4014696058784235,1.0,0.0,0.0,601,0,0,0.00887587859578438,0.1031536237584374,0.1476720704294282,0.4816512456118054,0.8513087847072269,0.8032819626482017,0.0029826478420781994,1.396564051462109
0.55,0.1,1.2,0.08,0.66,0.38,0.5,0.4085808580858086,0.21700590101649678,0.07809110629067245,0.572926596758818,0.0,0.4014696058784235,1.0,0.0,0.0,601,0,0,0.010167599277050328,0.1031536237584374,0.1476720704294282,0.4816512456118054,0.8513087847072269,0.8032819626482017,0.0029826478420781994,1.396564051462109
0.55,0.1,1.2,0.12,0.72,0.38,0.5,0.4085808580858086,0.21700590101649678,0.07809110629067245,0.572926596758818,0.0,0.4014696058784235,1.0,0.0,0.0,601,0,0,0.00887587859578438,0.1031536237584374,0.1476720704294282,0.4816512456118054,0.8513087847072269,0.8032819626482017,0.0029826478420781994,1.396564051462109
0.75,0.2,1.2,0.08,0.72,0.42,0.25,0.6250825082508251,0.5961487708246046,0.7874015748031497,0.603085553997195,0.3979591836734694,0.5212121212121212,0.7154742096505824,0.28452579034941766,0.0,601,5,0,0.014366179416571638,0.1031536237584374,0.1476720704294282,0.4816512456118054,0.8513087847072269,0.8032819626482017,0.0029826478420781994,1.3984236912227612
0.75,0.2,1.2,0.04,0.72,0.42,0.25,0.6250825082508251,0.5961487708246046,0.7874015748031497,0.603085553997195,0.3979591836734694,0.5212121212121212,0.7154742096505824,0.28452579034941766,0.0,601,5,0,0.014366179416571638,0.1031536237584374,0.1476720704294282,0.4816512456118054,0.8513087847072269,0.8032819626482017,0.0029826478420781994,1.3984236912227612
0.75,0.2,1.2,0.12,0.72,0.42,0.25,0.6250825082508251,0.5961487708246046,0.7874015748031497,0.603085553997195,0.3979591836734694,0.5212121212121212,0.7154742096505824,0.28452579034941766,0.0,601,5,0,0.014366179416571638,0.1031536237584374,0.1476720704294282,0.4816512456118054,0.8513087847072269,0.8032819626482017,0.0029826478420781994,1.3984236912227612
0.75,0.3,1.2,0.08,0.72,0.42,0.5,0.6264026402640264,0.5993848054173979,0.7874015748031497,0.6019690576652602,0.40878378378378377,0.5213154689403167,0.7121464226289518,0.2878535773710483,0.0,601,4,0,0.013734109868870147,0.1031536237584374,0.1476720704294282,0.4816512456118054,0.8513087847072269,0.8032819626482017,0.0029826478420781994,1.400855877362191
0.75,0.3,1.2,0.04,0.72,0.42,0.5,0.6264026402640264,0.5993848054173979,0.7874015748031497,0.6019690576652602,0.40878378378378377,0.5213154689403167,0.7121464226289518,0.2878535773710483,0.0,601,4,0,0.013734109868870147,0.1031536237584374,0.1476720704294282,0.4816512456118054,0.8513087847072269,0.8032819626482017,0.0029826478420781994,1.400855877362191
0.75,0.3,1.2,0.12,0.72,0.42,0.5,0.6264026402640264,0.5993848054173979,0.7874015748031497,0.6019690576652602,0.40878378378378377,0.5213154689403167,0.7121464226289518,0.2878535773710483,0.0,601,4,0,0.013734109868870147,0.1031536237584374,0.1476720704294282,0.4816512456118054,0.8513087847072269,0.8032819626482017,0.0029826478420781994,1.400855877362191
0.75,0.1,1.0,0.04,0.6,0.42,0.5,0.6488448844884488,0.636532451635286,0.7777777777777778,0.6083086053412463,0.5235109717868338,0.5488621151271754,0.6821963394342762,0.3178036605657238,0.0,601,5,0,0.015671804195123894,0.1031536237584374,0.1476720704294282,0.4816512456118054,0.8513087847072269,0.8032819626482017,0.0029826478420781994,1.4041611616286993
0.75,0.1,1.0,0.12,0.6,0.42,0.5,0.6488448844884488,0.636532451635286,0.7777777777777778,0.6083086053412463,0.5235109717868338,0.5488621151271754,0.6821963394342762,0.3178036605657238,0.0,601,5,0,0.015671804195123894,0.1031536237584374,0.1476720704294282,0.4816512456118054,0.8513087847072269,0.8032819626482017,0.0029826478420781994,1.4041611616286993
0.75,0.1,1.0,0.08,0.6,0.42,0.5,0.6488448844884488,0.636532451635286,0.7777777777777778,0.6083086053412463,0.5235109717868338,0.5488621151271754,0.6821963394342762,0.3178036605657238,0.0,601,5,0,0.015671804195123894,0.1031536237584374,0.1476720704294282,0.4816512456118054,0.8513087847072269,0.8032819626482017,0.0029826478420781994,1.4041611616286993
0.75,0.1,1.0,0.08,0.6,0.42,0.25,0.6488448844884488,0.6368605621308355,0.7770334928229665,0.6077265973254086,0.5258215962441315,0.548993288590604,0.6805324459234608,0.3194675540765391,0.0,601,5,0,0.016753457586779385,0.1031536237584374,0.1476720704294282,0.4816512456118054,0.8513087847072269,0.8032819626482017,0.0029826478420781994,1.4073272275058621
0.75,0.1,1.0,0.04,0.6,0.42,0.25,0.6488448844884488,0.6368605621308355,0.7770334928229665,0.6077265973254086,0.5258215962441315,0.548993288590604,0.6805324459234608,0.3194675540765391,0.0,601,5,0,0.016753457586779385,0.1031536237584374,0.1476720704294282,0.4816512456118054,0.8513087847072269,0.8032819626482017,0.0029826478420781994,1.4073272275058621
0.75,0.1,1.0,0.12,0.6,0.42,0.25,0.6488448844884488,0.6368605621308355,0.7770334928229665,0.6077265973254086,0.5258215962441315,0.548993288590604,0.6805324459234608,0.3194675540765391,0.0,601,5,0,0.016753457586779385,0.1031536237584374,0.1476720704294282,0.4816512456118054,0.8513087847072269,0.8032819626482017,0.0029826478420781994,1.4073272275058621
0.75,0.1,1.0,0.08,0.72,0.38,0.25,0.6323432343234323,0.6101566305726155,0.7813411078717201,0.603584229390681,0.44554455445544555,0.5302267002518891,0.7004991680532446,0.2995008319467554,0.0,601,5,0,0.015884231820850137,0.1031536237584374,0.1476720704294282,0.4816512456118054,0.8513087847072269,0.8032819626482017,0.0029826478420781994,1.4086026927565527
0.75,0.1,1.0,0.04,0.72,0.38,0.25,0.6323432343234323,0.6101566305726155,0.7813411078717201,0.603584229390681,0.44554455445544555,0.5302267002518891,0.7004991680532446,0.2995008319467554,0.0,601,5,0,0.015884231820850137,0.1031536237584374,0.1476720704294282,0.4816512456118054,0.8513087847072269,0.8032819626482017,0.0029826478420781994,1.4086026927565527
0.75,0.1,1.0,0.12,0.72,0.38,0.25,0.6323432343234323,0.6101566305726155,0.7813411078717201,0.603584229390681,0.44554455445544555,0.5302267002518891,0.7004991680532446,0.2995008319467554,0.0,601,5,0,0.015884231820850137,0.1031536237584374,0.1476720704294282,0.4816512456118054,0.8513087847072269,0.8032819626482017,0.0029826478420781994,1.4086026927565527
0.75,0.2,1.0,0.04,0.72,0.38,0.5,0.6343234323432343,0.6139456496772907,0.7798254122211445,0.6037463976945245,0.4582651391162029,0.5324015247776366,0.697171381031614,0.30282861896838603,0.0,601,5,0,0.014946401361835502,0.1031536237584374,0.1476720704294282,0.4816512456118054,0.8513087847072269,0.8032819626482017,0.0029826478420781994,1.4098218283775
0.75,0.2,1.0,0.08,0.72,0.38,0.5,0.6343234323432343,0.6139456496772907,0.7798254122211445,0.6037463976945245,0.4582651391162029,0.5324015247776366,0.697171381031614,0.30282861896838603,0.0,601,5,0,0.014946401361835502,0.1031536237584374,0.1476720704294282,0.4816512456118054,0.8513087847072269,0.8032819626482017,0.0029826478420781994,1.4098218283775
0.75,0.2,1.0,0.12,0.72,0.38,0.5,0.6343234323432343,0.6139456496772907,0.7798254122211445,0.6037463976945245,0.4582651391162029,0.5324015247776366,0.697171381031614,0.30282861896838603,0.0,601,5,0,0.014946401361835502,0.1031536237584374,0.1476720704294282,0.4816512456118054,0.8513087847072269,0.8032819626482017,0.0029826478420781994,1.4098218283775
0.75,0.3,1.2,0.04,0.72,0.42,0.25,0.6250825082508251,0.5979812572051019,0.7843137254901961,0.6008462623413258,0.40878378378378377,0.5214198286413708,0.7088186356073212,0.2911813643926789,0.0,601,5,0,0.014296556467989548,0.1031536237584374,0.1476720704294282,0.4816512456118054,0.8513087847072269,0.8032819626482017,0.0029826478420781994,1.4105679103331128
0.75,0.3,1.2,0.08,0.72,0.42,0.25,0.6250825082508251,0.5979812572051019,0.7843137254901961,0.6008462623413258,0.40878378378378377,0.5214198286413708,0.7088186356073212,0.2911813643926789,0.0,601,5,0,0.014296556467989548,0.1031536237584374,0.1476720704294282,0.4816512456118054,0.8513087847072269,0.8032819626482017,0.0029826478420781994,1.4105679103331128
0.75,0.3,1.2,0.12,0.72,0.42,0.25,0.6250825082508251,0.5979812572051019,0.7843137254901961,0.6008462623413258,0.40878378378378377,0.5214198286413708,0.7088186356073212,0.2911813643926789,0.0,601,5,0,0.014296556467989548,0.1031536237584374,0.1476720704294282,0.4816512456118054,0.8513087847072269,0.8032819626482017,0.0029826478420781994,1.4105679103331128
0.55,0.3,1.2,0.08,0.66,0.34,0.5,0.403960396039604,0.20649317581731494,0.048458149779735685,0.5710213776722091,0.0,0.3996010638297872,1.0,0.0,0.0,601,0,0,0.009252665842841939,0.1031536237584374,0.1476720704294282,0.4816512456118054,0.8513087847072269,0.8032819626482017,0.0029826478420781994,1.4116972387074953
0.55,0.3,1.2,0.08,0.72,0.34,0.5,0.403960396039604,0.20649317581731494,0.048458149779735685,0.5710213776722091,0.0,0.3996010638297872,1.0,0.0,0.0,601,0,0,0.008194047258682408,0.1031536237584374,0.1476720704294282,0.4816512456118054,0.8513087847072269,0.8032819626482017,0.0029826478420781994,1.4116972387074953
0.55,0.3,1.2,0.12,0.72,0.34,0.5,0.403960396039604,0.20649317581731494,0.048458149779735685,0.5710213776722091,0.0,0.3996010638297872,1.0,0.0,0.0,601,0,0,0.008194047258682408,0.1031536237584374,0.1476720704294282,0.4816512456118054,0.8513087847072269,0.8032819626482017,0.0029826478420781994,1.4116972387074953
0.55,0.3,1.2,0.12,0.66,0.34,0.5,0.403960396039604,0.20649317581731494,0.048458149779735685,0.5710213776722091,0.0,0.3996010638297872,1.0,0.0,0.0,601,0,0,0.009252665842841939,0.1031536237584374,0.1476720704294282,0.4816512456118054,0.8513087847072269,0.8032819626482017,0.0029826478420781994,1.4116972387074953
0.55,0.3,1.2,0.04,0.72,0.34,0.5,0.403960396039604,0.20649317581731494,0.048458149779735685,0.5710213776722091,0.0,0.3996010638297872,1.0,0.0,0.0,601,0,0,0.008194047258682408,0.1031536237584374,0.1476720704294282,0.4816512456118054,0.8513087847072269,0.8032819626482017,0.0029826478420781994,1.4116972387074953
0.55,0.3,1.2,0.04,0.66,0.34,0.5,0.403960396039604,0.20649317581731494,0.048458149779735685,0.5710213776722091,0.0,0.3996010638297872,1.0,0.0,0.0,601,0,0,0.009252665842841939,0.1031536237584374,0.1476720704294282,0.4816512456118054,0.8513087847072269,0.8032819626482017,0.0029826478420781994,1.4116972387074953
0.75,0.2,1.0,0.08,0.6,0.42,0.25,0.6481848184818482,0.636267892344467,0.7762906309751434,0.6066914498141264,0.5258215962441315,0.5483870967741935,0.6788685524126455,0.3211314475873544,0.0,601,5,0,0.016595839593048427,0.1031536237584374,0.1476720704294282,0.4816512456118054,0.8513087847072269,0.8032819626482017,0.0029826478420781994,1.4120741396715433
0.75,0.2,1.0,0.12,0.6,0.42,0.25,0.6481848184818482,0.636267892344467,0.7762906309751434,0.6066914498141264,0.5258215962441315,0.5483870967741935,0.6788685524126455,0.3211314475873544,0.0,601,5,0,0.016595839593048427,0.1031536237584374,0.1476720704294282,0.4816512456118054,0.8513087847072269,0.8032819626482017,0.0029826478420781994,1.4120741396715433
0.75,0.2,1.0,0.04,0.6,0.42,0.25,0.6481848184818482,0.636267892344467,0.7762906309751434,0.6066914498141264,0.5258215962441315,0.5483870967741935,0.6788685524126455,0.3211314475873544,0.0,601,5,0,0.016595839593048427,0.1031536237584374,0.1476720704294282,0.4816512456118054,0.8513087847072269,0.8032819626482017,0.0029826478420781994,1.4120741396715433
0.75,0.2,1.0,0.08,0.6,0.42,0.5,0.6475247524752475,0.6353474386621152,0.7762906309751434,0.6062407132243685,0.5235109717868338,0.5476510067114094,0.6788685524126455,0.3211314475873544,0.0,601,4,0,0.015554217512785067,0.1031536237584374,0.1476720704294282,0.4816512456118054,0.8513087847072269,0.8032819626482017,0.0029826478420781994,1.4136546593604957
0.75,0.2,1.0,0.04,0.6,0.42,0.5,0.6475247524752475,0.6353474386621152,0.7762906309751434,0.6062407132243685,0.5235109717868338,0.5476510067114094,0.6788685524126455,0.3211314475873544,0.0,601,4,0,0.015554217512785067,0.1031536237584374,0.1476720704294282,0.4816512456118054,0.8513087847072269,0.8032819626482017,0.0029826478420781994,1.4136546593604957
0.75,0.2,1.0,0.12,0.6,0.42,0.5,0.6475247524752475,0.6353474386621152,0.7762906309751434,0.6062407132243685,0.5235109717868338,0.5476510067114094,0.6788685524126455,0.3211314475873544,0.0,601,4,0,0.015554217512785067,0.1031536237584374,0.1476720704294282,0.4816512456118054,0.8513087847072269,0.8032819626482017,0.0029826478420781994,1.4136546593604957
0.55,0.2,1.2,0.08,0.66,0.34,0.5,0.4033003300330033,0.20496678259739334,0.04415011037527594,0.5707502374169041,0.0,0.39933554817275746,1.0,0.0,0.0,601,0,0,0.00934925425056059,0.1031536237584374,0.1476720704294282,0.4816512456118054,0.8513087847072269,0.8032819626482017,0.0029826478420781994,1.4138836979340175
0.55,0.2,1.2,0.08,0.72,0.34,0.5,0.4033003300330033,0.20496678259739334,0.04415011037527594,0.5707502374169041,0.0,0.39933554817275746,1.0,0.0,0.0,601,0,0,0.00817038231704397,0.1031536237584374,0.1476720704294282,0.4816512456118054,0.8513087847072269,0.8032819626482017,0.0029826478420781994,1.4138836979340175
0.55,0.1,1.2,0.12,0.66,0.34,0.5,0.4033003300330033,0.20496678259739334,0.04415011037527594,0.5707502374169041,0.0,0.39933554817275746,1.0,0.0,0.0,601,0,0,0.00946045793363583,0.1031536237584374,0.1476720704294282,0.4816512456118054,0.8513087847072269,0.8032819626482017,0.0029826478420781994,1.4138836979340175
0.55,0.1,1.2,0.12,0.72,0.34,0.5,0.4033003300330033,0.20496678259739334,0.04415011037527594,0.5707502374169041,0.0,0.39933554817275746,1.0,0.0,0.0,601,0,0,0.008167312522360722,0.1031536237584374,0.1476720704294282,0.4816512456118054,0.8513087847072269,0.8032819626482017,0.0029826478420781994,1.4138836979340175
0.55,0.1,1.2,0.04,0.72,0.34,0.5,0.4033003300330033,0.20496678259739334,0.04415011037527594,0.5707502374169041,0.0,0.39933554817275746,1.0,0.0,0.0,601,0,0,0.008167312522360722,0.1031536237584374,0.1476720704294282,0.4816512456118054,0.8513087847072269,0.8032819626482017,0.0029826478420781994,1.4138836979340175
0.55,0.1,1.2,0.04,0.66,0.34,0.5,0.4033003300330033,0.20496678259739334,0.04415011037527594,0.5707502374169041,0.0,0.39933554817275746,1.0,0.0,0.0,601,0,0,0.00946045793363583,0.1031536237584374,0.1476720704294282,0.4816512456118054,0.8513087847072269,0.8032819626482017,0.0029826478420781994,1.4138836979340175
0.55,0.2,1.2,0.12,0.66,0.34,0.5,0.4033003300330033,0.20496678259739334,0.04415011037527594,0.5707502374169041,0.0,0.39933554817275746,1.0,0.0,0.0,601,0,0,0.00934925425056059,0.1031536237584374,0.1476720704294282,0.4816512456118054,0.8513087847072269,0.8032819626482017,0.0029826478420781994,1.4138836979340175
0.55,0.1,1.2,0.08,0.72,0.34,0.5,0.4033003300330033,0.20496678259739334,0.04415011037527594,0.5707502374169041,0.0,0.39933554817275746,1.0,0.0,0.0,601,0,0,0.008167312522360722,0.1031536237584374,0.1476720704294282,0.4816512456118054,0.8513087847072269,0.8032819626482017,0.0029826478420781994,1.4138836979340175
0.55,0.1,1.2,0.08,0.66,0.34,0.5,0.4033003300330033,0.20496678259739334,0.04415011037527594,0.5707502374169041,0.0,0.39933554817275746,1.0,0.0,0.0,601,0,0,0.00946045793363583,0.1031536237584374,0.1476720704294282,0.4816512456118054,0.8513087847072269,0.8032819626482017,0.0029826478420781994,1.4138836979340175
0.55,0.2,1.2,0.12,0.72,0.34,0.5,0.4033003300330033,0.20496678259739334,0.04415011037527594,0.5707502374169041,0.0,0.39933554817275746,1.0,0.0,0.0,601,0,0,0.00817038231704397,0.1031536237584374,0.1476720704294282,0.4816512456118054,0.8513087847072269,0.8032819626482017,0.0029826478420781994,1.4138836979340175
0.55,0.2,1.2,0.04,0.72,0.34,0.5,0.4033003300330033,0.20496678259739334,0.04415011037527594,0.5707502374169041,0.0,0.39933554817275746,1.0,0.0,0.0,601,0,0,0.00817038231704397,0.1031536237584374,0.1476720704294282,0.4816512456118054,0.8513087847072269,0.8032819626482017,0.0029826478420781994,1.4138836979340175
0.55,0.2,1.2,0.04,0.66,0.34,0.5,0.4033003300330033,0.20496678259739334,0.04415011037527594,0.5707502374169041,0.0,0.39933554817275746,1.0,0.0,0.0,601,0,0,0.00934925425056059,0.1031536237584374,0.1476720704294282,0.4816512456118054,0.8513087847072269,0.8032819626482017,0.0029826478420781994,1.4138836979340175
0.55,0.3,1.2,0.04,0.66,0.34,0.25,0.40264026402640263,0.20343412112735604,0.03982300884955752,0.5704793545325106,0.0,0.399070385126162,1.0,0.0,0.0,601,0,0,0.010827181229108744,0.1031536237584374,0.1476720704294282,0.4816512456118054,0.8513087847072269,0.8032819626482017,0.0029826478420781994,1.4160764254106555
0.55,0.3,1.2,0.04,0.72,0.34,0.25,0.40264026402640263,0.20343412112735604,0.03982300884955752,0.5704793545325106,0.0,0.399070385126162,1.0,0.0,0.0,601,0,0,0.010057688870543634,0.1031536237584374,0.1476720704294282,0.4816512456118054,0.8513087847072269,0.8032819626482017,0.0029826478420781994,1.4160764254106555
0.55,0.3,1.2,0.08,0.72,0.34,0.25,0.40264026402640263,0.20343412112735604,0.03982300884955752,0.5704793545325106,0.0,0.399070385126162,1.0,0.0,0.0,601,0,0,0.010057688870543634,0.1031536237584374,0.1476720704294282,0.4816512456118054,0.8513087847072269,0.8032819626482017,0.0029826478420781994,1.4160764254106555
0.55,0.3,1.2,0.12,0.72,0.34,0.25,0.40264026402640263,0.20343412112735604,0.03982300884955752,0.5704793545325106,0.0,0.399070385126162,1.0,0.0,0.0,601,0,0,0.010057688870543634,0.1031536237584374,0.1476720704294282,0.4816512456118054,0.8513087847072269,0.8032819626482017,0.0029826478420781994,1.4160764254106555
0.55,0.3,1.2,0.08,0.66,0.34,0.25,0.40264026402640263,0.20343412112735604,0.03982300884955752,0.5704793545325106,0.0,0.399070385126162,1.0,0.0,0.0,601,0,0,0.010827181229108744,0.1031536237584374,0.1476720704294282,0.4816512456118054,0.8513087847072269,0.8032819626482017,0.0029826478420781994,1.4160764254106555
0.55,0.3,1.2,0.12,0.66,0.34,0.25,0.40264026402640263,0.20343412112735604,0.03982300884955752,0.5704793545325106,0.0,0.399070385126162,1.0,0.0,0.0,601,0,0,0.010827181229108744,0.1031536237584374,0.1476720704294282,0.4816512456118054,0.8513087847072269,0.8032819626482017,0.0029826478420781994,1.4160764254106555
0.75,0.3,1.0,0.04,0.72,0.38,0.5,0.6336633663366337,0.613755321460079,0.7783155856727977,0.6021660649819495,0.46078431372549017,0.5318877551020408,0.6938435940099834,0.30615640599001664,0.0,601,4,0,0.014901309943673438,0.1031536237584374,0.1476720704294282,0.4816512456118054,0.8513087847072269,0.8032819626482017,0.0029826478420781994,1.4176605753467362
0.75,0.3,1.0,0.08,0.72,0.38,0.5,0.6336633663366337,0.613755321460079,0.7783155856727977,0.6021660649819495,0.46078431372549017,0.5318877551020408,0.6938435940099834,0.30615640599001664,0.0,601,4,0,0.014901309943673438,0.1031536237584374,0.1476720704294282,0.4816512456118054,0.8513087847072269,0.8032819626482017,0.0029826478420781994,1.4176605753467362
0.75,0.3,1.0,0.12,0.72,0.38,0.5,0.6336633663366337,0.613755321460079,0.7783155856727977,0.6021660649819495,0.46078431372549017,0.5318877551020408,0.6938435940099834,0.30615640599001664,0.0,601,4,0,0.014901309943673438,0.1031536237584374,0.1476720704294282,0.4816512456118054,0.8513087847072269,0.8032819626482017,0.0029826478420781994,1.4176605753467362
0.55,0.2,1.2,0.08,0.72,0.34,0.25,0.401980198019802,0.20189514901876637,0.03547671840354767,0.5702087286527514,0.0,0.3988055739880557,1.0,0.0,0.0,601,0,0,0.010118305772528936,0.1031536237584374,0.1476720704294282,0.4816512456118054,0.8513087847072269,0.8032819626482017,0.0029826478420781994,1.4182754635258457
0.55,0.1,1.2,0.04,0.66,0.34,0.25,0.401980198019802,0.20189514901876637,0.03547671840354767,0.5702087286527514,0.0,0.3988055739880557,1.0,0.0,0.0,601,0,0,0.011160523254895166,0.1031536237584374,0.1476720704294282,0.4816512456118054,0.8513087847072269,0.8032819626482017,0.0029826478420781994,1.4182754635258457
0.55,0.1,1.2,0.04,0.72,0.34,0.25,0.401980198019802,0.20189514901876637,0.03547671840354767,0.5702087286527514,0.0,0.3988055739880557,1.0,0.0,0.0,601,0,0,0.010186211579236529,0.1031536237584374,0.1476720704294282,0.4816512456118054,0.8513087847072269,0.8032819626482017,0.0029826478420781994,1.4182754635258457
0.55,0.2,1.2,0.12,0.72,0.34,0.25,0.401980198019802,0.20189514901876637,0.03547671840354767,0.5702087286527514,0.0,0.3988055739880557,1.0,0.0,0.0,601,0,0,0.010118305772528936,0.1031536237584374,0.1476720704294282,0.4816512456118054,0.8513087847072269,0.8032819626482017,0.0029826478420781994,1.4182754635258457
0.55,0.1,1.2,0.08,0.72,0.34,0.25,0.401980198019802,0.20189514901876637,0.03547671840354767,0.5702087286527514,0.0,0.3988055739880557,1.0,0.0,0.0,601,0,0,0.010186211579236529,0.1031536237584374,0.1476720704294282,0.4816512456118054,0.8513087847072269,0.8032819626482017,0.0029826478420781994,1.4182754635258457
0.55,0.1,1.2,0.08,0.66,0.34,0.25,0.401980198019802,0.20189514901876637,0.03547671840354767,0.5702087286527514,0.0,0.3988055739880557,1.0,0.0,0.0,601,0,0,0.011160523254895166,0.1031536237584374,0.1476720704294282,0.4816512456118054,0.8513087847072269,0.8032819626482017,0.0029826478420781994,1.4182754635258457
0.55,0.2,1.2,0.12,0.66,0.34,0.25,0.401980198019802,0.20189514901876637,0.03547671840354767,0.5702087286527514,0.0,0.3988055739880557,1.0,0.0,0.0,601,0,0,0.010990833181016908,0.1031536237584374,0.1476720704294282,0.4816512456118054,0.8513087847072269,0.8032819626482017,0.0029826478420781994,1.4182754635258457
0.55,0.2,1.2,0.04,0.72,0.34,0.25,0.401980198019802,0.20189514901876637,0.03547671840354767,0.5702087286527514,0.0,0.3988055739880557,1.0,0.0,0.0,601,0,0,0.010118305772528936,0.1031536237584374,0.1476720704294282,0.4816512456118054,0.8513087847072269,0.8032819626482017,0.0029826478420781994,1.4182754635258457
0.55,0.2,1.2,0.04,0.66,0.34,0.25,0.401980198019802,0.20189514901876637,0.03547671840354767,0.5702087286527514,0.0,0.3988055739880557,1.0,0.0,0.0,601,0,0,0.010990833181016908,0.1031536237584374,0.1476720704294282,0.4816512456118054,0.8513087847072269,0.8032819626482017,0.0029826478420781994,1.4182754635258457
0.55,0.1,1.2,0.12,0.72,0.34,0.25,0.401980198019802,0.20189514901876637,0.03547671840354767,0.5702087286527514,0.0,0.3988055739880557,1.0,0.0,0.0,601,0,0,0.010186211579236529,0.1031536237584374,0.1476720704294282,0.4816512456118054,0.8513087847072269,0.8032819626482017,0.0029826478420781994,1.4182754635258457
0.55,0.2,1.2,0.08,0.66,0.34,0.25,0.401980198019802,0.20189514901876637,0.03547671840354767,0.5702087286527514,0.0,0.3988055739880557,1.0,0.0,0.0,601,0,0,0.010990833181016908,0.1031536237584374,0.1476720704294282,0.4816512456118054,0.8513087847072269,0.8032819626482017,0.0029826478420781994,1.4182754635258457
0.55,0.1,1.2,0.12,0.66,0.34,0.25,0.401980198019802,0.20189514901876637,0.03547671840354767,0.5702087286527514,0.0,0.3988055739880557,1.0,0.0,0.0,601,0,0,0.011160523254895166,0.1031536237584374,0.1476720704294282,0.4816512456118054,0.8513087847072269,0.8032819626482017,0.0029826478420781994,1.4182754635258457
0.75,0.2,1.0,0.08,0.72,0.38,0.25,0.6316831683168317,0.6103888370331886,0.7790697674418605,0.6014388489208633,0.4506578947368421,0.5297845373891001,0.6955074875207987,0.30449251247920134,0.0,601,5,0,0.01582172216997625,0.1031536237584374,0.1476720704294282,0.4816512456118054,0.8513087847072269,0.8032819626482017,0.0029826478420781994,1.4195130814207166
0.75,0.2,1.0,0.04,0.72,0.38,0.25,0.6316831683168317,0.6103888370331886,0.7790697674418605,0.6014388489208633,0.4506578947368421,0.5297845373891001,0.6955074875207987,0.30449251247920134,0.0,601,5,0,0.01582172216997625,0.1031536237584374,0.1476720704294282,0.4816512456118054,0.8513087847072269,0.8032819626482017,0.0029826478420781994,1.4195130814207166
0.75,0.2,1.0,0.12,0.72,0.38,0.25,0.6316831683168317,0.6103888370331886,0.7790697674418605,0.6014388489208633,0.4506578947368421,0.5297845373891001,0.6955074875207987,0.30449251247920134,0.0,601,5,0,0.01582172216997625,0.1031536237584374,0.1476720704294282,0.4816512456118054,0.8513087847072269,0.8032819626482017,0.0029826478420781994,1.4195130814207166
0.75,0.1,1.0,0.12,0.66,0.42,0.5,0.6422442244224422,0.627202312769323,0.7777777777777778,0.6038291605301914,0.5,0.5416116248348745,0.6821963394342762,0.3178036605657238,0.0,601,6,0,0.015296046833500264,0.1031536237584374,0.1476720704294282,0.4816512456118054,0.8513087847072269,0.8032819626482017,0.0029826478420781994,1.4200919605606688
0.75,0.1,1.0,0.04,0.66,0.42,0.25,0.6422442244224422,0.627202312769323,0.7777777777777778,0.6038291605301914,0.5,0.5416116248348745,0.6821963394342762,0.3178036605657238,0.0,601,6,0,0.016368515782373583,0.1031536237584374,0.1476720704294282,0.4816512456118054,0.8513087847072269,0.8032819626482017,0.0029826478420781994,1.4200919605606688
0.75,0.1,1.0,0.04,0.66,0.42,0.5,0.6422442244224422,0.627202312769323,0.7777777777777778,0.6038291605301914,0.5,0.5416116248348745,0.6821963394342762,0.3178036605657238,0.0,601,6,0,0.015296046833500264,0.1031536237584374,0.1476720704294282,0.4816512456118054,0.8513087847072269,0.8032819626482017,0.0029826478420781994,1.4200919605606688
0.75,0.1,1.0,0.08,0.66,0.42,0.5,0.6422442244224422,0.627202312769323,0.7777777777777778,0.6038291605301914,0.5,0.5416116248348745,0.6821963394342762,0.3178036605657238,0.0,601,6,0,0.015296046833500264,0.1031536237584374,0.1476720704294282,0.4816512456118054,0.8513087847072269,0.8032819626482017,0.0029826478420781994,1.4200919605606688
0.75,0.1,1.0,0.12,0.66,0.42,0.25,0.6422442244224422,0.627202312769323,0.7777777777777778,0.6038291605301914,0.5,0.5416116248348745,0.6821963394342762,0.3178036605657238,0.0,601,6,0,0.016368515782373583,0.1031536237584374,0.1476720704294282,0.4816512456118054,0.8513087847072269,0.8032819626482017,0.0029826478420781994,1.4200919605606688
0.75,0.1,1.0,0.08,0.66,0.42,0.25,0.6422442244224422,0.627202312769323,0.7777777777777778,0.6038291605301914,0.5,0.5416116248348745,0.6821963394342762,0.3178036605657238,0.0,601,6,0,0.016368515782373583,0.1031536237584374,0.1476720704294282,0.4816512456118054,0.8513087847072269,0.8032819626482017,0.0029826478420781994,1.4200919605606688
0.75,0.3,1.0,0.12,0.72,0.38,0.25,0.6336633663366337,0.6137063399453068,0.778743961352657,0.601590744757773,0.46078431372549017,0.5319693094629157,0.6921797004991681,0.30782029950083195,0.0,601,5,0,0.015761867882501196,0.1031536237584374,0.1476720704294282,0.4816512456118054,0.8513087847072269,0.8032819626482017,0.0029826478420781994,1.4212037332342207
0.75,0.3,1.0,0.04,0.72,0.38,0.25,0.6336633663366337,0.6137063399453068,0.778743961352657,0.601590744757773,0.46078431372549017,0.5319693094629157,0.6921797004991681,0.30782029950083195,0.0,601,5,0,0.015761867882501196,0.1031536237584374,0.1476720704294282,0.4816512456118054,0.8513087847072269,0.8032819626482017,0.0029826478420781994,1.4212037332342207
0.75,0.3,1.0,0.08,0.72,0.38,0.25,0.6336633663366337,0.6137063399453068,0.778743961352657,0.601590744757773,0.46078431372549017,0.5319693094629157,0.6921797004991681,0.30782029950083195,0.0,601,5,0,0.015761867882501196,0.1031536237584374,0.1476720704294282,0.4816512456118054,0.8513087847072269,0.8032819626482017,0.0029826478420781994,1.4212037332342207
0.75,0.3,1.0,0.12,0.6,0.42,0.5,0.6462046204620462,0.6341622662529479,0.7748091603053435,0.6041666666666666,0.5235109717868338,0.5464333781965006,0.6755407653910149,0.324459234608985,0.0,601,2,0,0.01543831188907029,0.1031536237584374,0.1476720704294282,0.4816512456118054,0.8513087847072269,0.8032819626482017,0.0029826478420781994,1.4231483165282885
0.75,0.3,1.0,0.04,0.6,0.42,0.5,0.6462046204620462,0.6341622662529479,0.7748091603053435,0.6041666666666666,0.5235109717868338,0.5464333781965006,0.6755407653910149,0.324459234608985,0.0,601,2,0,0.01543831188907029,0.1031536237584374,0.1476720704294282,0.4816512456118054,0.8513087847072269,0.8032819626482017,0.0029826478420781994,1.4231483165282885
0.75,0.3,1.0,0.08,0.6,0.42,0.5,0.6462046204620462,0.6341622662529479,0.7748091603053435,0.6041666666666666,0.5235109717868338,0.5464333781965006,0.6755407653910149,0.324459234608985,0.0,601,2,0,0.01543831188907029,0.1031536237584374,0.1476720704294282,0.4816512456118054,0.8513087847072269,0.8032819626482017,0.0029826478420781994,1.4231483165282885
0.75,0.3,1.0,0.08,0.6,0.42,0.25,0.6462046204620462,0.6344896302455029,0.7740705433746425,0.6035767511177347,0.5258215962441315,0.5465587044534413,0.6738768718801996,0.3261231281198003,0.0,601,4,0,0.016441450884690165,0.1031536237584374,0.1476720704294282,0.4816512456118054,0.8513087847072269,0.8032819626482017,0.0029826478420781994,1.4263151289084457
0.75,0.3,1.0,0.04,0.6,0.42,0.25,0.6462046204620462,0.6344896302455029,0.7740705433746425,0.6035767511177347,0.5258215962441315,0.5465587044534413,0.6738768718801996,0.3261231281198003,0.0,601,4,0,0.016441450884690165,0.1031536237584374,0.1476720704294282,0.4816512456118054,0.8513087847072269,0.8032819626482017,0.0029826478420781994,1.4263151289084457
0.75,0.3,1.0,0.12,0.6,0.42,0.25,0.6462046204620462,0.6344896302455029,0.7740705433746425,0.6035767511177347,0.5258215962441315,0.5465587044534413,0.6738768718801996,0.3261231281198003,0.0,601,4,0,0.016441450884690165,0.1031536237584374,0.1476720704294282,0.4816512456118054,0.8513087847072269,0.8032819626482017,0.0029826478420781994,1.4263151289084457
0.75,0.2,1.0,0.04,0.66,0.42,0.25,0.6415841584158416,0.62696313026474,0.7762906309751434,0.6022140221402214,0.5023847376788553,0.5411140583554377,0.6788685524126455,0.3211314475873544,0.0,601,6,0,0.01624962461775689,0.1031536237584374,0.1476720704294282,0.4816512456118054,0.8513087847072269,0.8032819626482017,0.0029826478420781994,1.4279795618172768
0.75,0.2,1.0,0.12,0.66,0.42,0.25,0.6415841584158416,0.62696313026474,0.7762906309751434,0.6022140221402214,0.5023847376788553,0.5411140583554377,0.6788685524126455,0.3211314475873544,0.0,601,6,0,0.01624962461775689,0.1031536237584374,0.1476720704294282,0.4816512456118054,0.8513087847072269,0.8032819626482017,0.0029826478420781994,1.4279795618172768
0.75,0.2,1.0,0.12,0.66,0.42,0.5,0.6415841584158416,0.62696313026474,0.7762906309751434,0.6022140221402214,0.5023847376788553,0.5411140583554377,0.6788685524126455,0.3211314475873544,0.0,601,5,0,0.015215596547416655,0.1031536237584374,0.1476720704294282,0.4816512456118054,0.8513087847072269,0.8032819626482017,0.0029826478420781994,1.4279795618172768
0.75,0.2,1.0,0.04,0.66,0.42,0.5,0.6415841584158416,0.62696313026474,0.7762906309751434,0.6022140221402214,0.5023847376788553,0.5411140583554377,0.6788685524126455,0.3211314475873544,0.0,601,5,0,0.015215596547416655,0.1031536237584374,0.1476720704294282,0.4816512456118054,0.8513087847072269,0.8032819626482017,0.0029826478420781994,1.4279795618172768
0.75,0.2,1.0,0.08,0.66,0.42,0.5,0.6415841584158416,0.62696313026474,0.7762906309751434,0.6022140221402214,0.5023847376788553,0.5411140583554377,0.6788685524126455,0.3211314475873544,0.0,601,5,0,0.015215596547416655,0.1031536237584374,0.1476720704294282,0.4816512456118054,0.8513087847072269,0.8032819626482017,0.0029826478420781994,1.4279795618172768
0.75,0.2,1.0,0.08,0.66,0.42,0.25,0.6415841584158416,0.62696313026474,0.7762906309751434,0.6022140221402214,0.5023847376788553,0.5411140583554377,0.6788685524126455,0.3211314475873544,0.0,601,6,0,0.01624962461775689,0.1031536237584374,0.1476720704294282,0.4816512456118054,0.8513087847072269,0.8032819626482017,0.0029826478420781994,1.4279795618172768
0.75,0.3,1.0,0.12,0.66,0.42,0.5,0.640924092409241,0.6267209270145265,0.7748091603053435,0.6005917159763313,0.5047619047619047,0.5406125166444741,0.6755407653910149,0.324459234608985,0.0,601,3,0,0.015138554288734537,0.1031536237584374,0.1476720704294282,0.4816512456118054,0.8513087847072269,0.8032819626482017,0.0029826478420781994,1.4358701838195154
0.75,0.3,1.0,0.04,0.66,0.42,0.5,0.640924092409241,0.6267209270145265,0.7748091603053435,0.6005917159763313,0.5047619047619047,0.5406125166444741,0.6755407653910149,0.324459234608985,0.0,601,3,0,0.015138554288734537,0.1031536237584374,0.1476720704294282,0.4816512456118054,0.8513087847072269,0.8032819626482017,0.0029826478420781994,1.4358701838195154
0.75,0.3,1.0,0.08,0.66,0.42,0.5,0.640924092409241,0.6267209270145265,0.7748091603053435,0.6005917159763313,0.5047619047619047,0.5406125166444741,0.6755407653910149,0.324459234608985,0.0,601,3,0,0.015138554288734537,0.1031536237584374,0.1476720704294282,0.4816512456118054,0.8513087847072269,0.8032819626482017,0.0029826478420781994,1.4358701838195154
0.75,0.3,1.0,0.08,0.66,0.42,0.25,0.6396039603960396,0.6251892356963336,0.7740705433746425,0.599112426035503,0.5023847376788553,0.5392809587217043,0.6738768718801996,0.3261231281198003,0.0,601,5,0,0.01613526401615672,0.1031536237584374,0.1476720704294282,0.4816512456118054,0.8513087847072269,0.8032819626482017,0.0029826478420781994,1.4422161835236216
0.75,0.3,1.0,0.04,0.66,0.42,0.25,0.6396039603960396,0.6251892356963336,0.7740705433746425,0.599112426035503,0.5023847376788553,0.5392809587217043,0.6738768718801996,0.3261231281198003,0.0,601,5,0,0.01613526401615672,0.1031536237584374,0.1476720704294282,0.4816512456118054,0.8513087847072269,0.8032819626482017,0.0029826478420781994,1.4422161835236216
0.75,0.3,1.0,0.12,0.66,0.42,0.25,0.6396039603960396,0.6251892356963336,0.7740705433746425,0.599112426035503,0.5023847376788553,0.5392809587217043,0.6738768718801996,0.3261231281198003,0.0,601,5,0,0.01613526401615672,0.1031536237584374,0.1476720704294282,0.4816512456118054,0.8513087847072269,0.8032819626482017,0.0029826478420781994,1.4422161835236216
0.75,0.1,1.0,0.12,0.72,0.42,0.5,0.6283828382838283,0.6068390023181416,0.7777777777777778,0.5946337926033357,0.44810543657331137,0.5269922879177378,0.6821963394342762,0.3178036605657238,0.0,601,6,0,0.014987899987756698,0.1031536237584374,0.1476720704294282,0.4816512456118054,0.8513087847072269,0.8032819626482017,0.0029826478420781994,1.4543166571504642
0.75,0.1,1.0,0.08,0.72,0.42,0.5,0.6283828382838283,0.6068390023181416,0.7777777777777778,0.5946337926033357,0.44810543657331137,0.5269922879177378,0.6821963394342762,0.3178036605657238,0.0,601,6,0,0.014987899987756698,0.1031536237584374,0.1476720704294282,0.4816512456118054,0.8513087847072269,0.8032819626482017,0.0029826478420781994,1.4543166571504642
0.75,0.1,1.0,0.04,0.72,0.42,0.5,0.6283828382838283,0.6068390023181416,0.7777777777777778,0.5946337926033357,0.44810543657331137,0.5269922879177378,0.6821963394342762,0.3178036605657238,0.0,601,6,0,0.014987899987756698,0.1031536237584374,0.1476720704294282,0.4816512456118054,0.8513087847072269,0.8032819626482017,0.0029826478420781994,1.4543166571504642
0.75,0.1,1.0,0.12,0.72,0.42,0.25,0.6277227722772277,0.6058417435946493,0.7777777777777778,0.5942028985507246,0.44554455445544555,0.5263157894736842,0.6821963394342762,0.3178036605657238,0.0,601,6,0,0.01601736165161491,0.1031536237584374,0.1476720704294282,0.4816512456118054,0.8513087847072269,0.8032819626482017,0.0029826478420781994,1.455973981880557
0.75,0.1,1.0,0.08,0.72,0.42,0.25,0.6277227722772277,0.6058417435946493,0.7777777777777778,0.5942028985507246,0.44554455445544555,0.5263157894736842,0.6821963394342762,0.3178036605657238,0.0,601,6,0,0.01601736165161491,0.1031536237584374,0.1476720704294282,0.4816512456118054,0.8513087847072269,0.8032819626482017,0.0029826478420781994,1.455973981880557
0.75,0.1,1.0,0.04,0.72,0.42,0.25,0.6277227722772277,0.6058417435946493,0.7777777777777778,0.5942028985507246,0.44554455445544555,0.5263157894736842,0.6821963394342762,0.3178036605657238,0.0,601,6,0,0.01601736165161491,0.1031536237584374,0.1476720704294282,0.4816512456118054,0.8513087847072269,0.8032819626482017,0.0029826478420781994,1.455973981880557
0.75,0.2,1.0,0.08,0.72,0.42,0.5,0.6297029702970297,0.609624926519888,0.7762906309751434,0.5943190094683175,0.4582651391162029,0.5284974093264249,0.6788685524126455,0.3211314475873544,0.0,601,5,0,0.014940265359992868,0.1031536237584374,0.1476720704294282,0.4816512456118054,0.8513087847072269,0.8032819626482017,0.0029826478420781994,1.4571989536809407
0.75,0.2,1.0,0.04,0.72,0.42,0.5,0.6297029702970297,0.609624926519888,0.7762906309751434,0.5943190094683175,0.4582651391162029,0.5284974093264249,0.6788685524126455,0.3211314475873544,0.0,601,5,0,0.014940265359992868,0.1031536237584374,0.1476720704294282,0.4816512456118054,0.8513087847072269,0.8032819626482017,0.0029826478420781994,1.4571989536809407
0.75,0.2,1.0,0.12,0.72,0.42,0.5,0.6297029702970297,0.609624926519888,0.7762906309751434,0.5943190094683175,0.4582651391162029,0.5284974093264249,0.6788685524126455,0.3211314475873544,0.0,601,5,0,0.014940265359992868,0.1031536237584374,0.1476720704294282,0.4816512456118054,0.8513087847072269,0.8032819626482017,0.0029826478420781994,1.4571989536809407
0.75,0.2,1.0,0.12,0.72,0.42,0.25,0.6277227722772277,0.6066572605086463,0.7762906309751434,0.5930232558139535,0.4506578947368421,0.5264516129032258,0.6788685524126455,0.3211314475873544,0.0,601,6,0,0.01593498990958046,0.1031536237584374,0.1476720704294282,0.4816512456118054,0.8513087847072269,0.8032819626482017,0.0029826478420781994,1.4621468177119843
0.75,0.2,1.0,0.08,0.72,0.42,0.25,0.6277227722772277,0.6066572605086463,0.7762906309751434,0.5930232558139535,0.4506578947368421,0.5264516129032258,0.6788685524126455,0.3211314475873544,0.0,601,6,0,0.01593498990958046,0.1031536237584374,0.1476720704294282,0.4816512456118054,0.8513087847072269,0.8032819626482017,0.0029826478420781994,1.4621468177119843
0.75,0.2,1.0,0.04,0.72,0.42,0.25,0.6277227722772277,0.6066572605086463,0.7762906309751434,0.5930232558139535,0.4506578947368421,0.5264516129032258,0.6788685524126455,0.3211314475873544,0.0,601,6,0,0.01593498990958046,0.1031536237584374,0.1476720704294282,0.4816512456118054,0.8513087847072269,0.8032819626482017,0.0029826478420781994,1.4621468177119843
0.75,0.3,1.0,0.12,0.72,0.42,0.5,0.6290429042904291,0.6094314013192803,0.7748091603053435,0.5927007299270073,0.46078431372549017,0.5279583875162549,0.6755407653910149,0.324459234608985,0.0,601,2,0,0.014892060402251857,0.1031536237584374,0.1476720704294282,0.4816512456118054,0.8513087847072269,0.8032819626482017,0.0029826478420781994,1.4650408976335734
0.75,0.3,1.0,0.04,0.72,0.42,0.5,0.6290429042904291,0.6094314013192803,0.7748091603053435,0.5927007299270073,0.46078431372549017,0.5279583875162549,0.6755407653910149,0.324459234608985,0.0,601,2,0,0.014892060402251857,0.1031536237584374,0.1476720704294282,0.4816512456118054,0.8513087847072269,0.8032819626482017,0.0029826478420781994,1.4650408976335734
0.75,0.3,1.0,0.08,0.72,0.42,0.5,0.6290429042904291,0.6094314013192803,0.7748091603053435,0.5927007299270073,0.46078431372549017,0.5279583875162549,0.6755407653910149,0.324459234608985,0.0,601,2,0,0.014892060402251857,0.1031536237584374,0.1476720704294282,0.4816512456118054,0.8513087847072269,0.8032819626482017,0.0029826478420781994,1.4650408976335734
0.75,0.3,1.0,0.04,0.72,0.42,0.25,0.6283828382838283,0.6088425369783496,0.7740705433746425,0.591672753834916,0.46078431372549017,0.52734375,0.6738768718801996,0.3261231281198003,0.0,601,5,0,0.01585756112397258,0.1031536237584374,0.1476720704294282,0.4816512456118054,0.8513087847072269,0.8032819626482017,0.0029826478420781994,1.4697840043538168
0.75,0.3,1.0,0.08,0.72,0.42,0.25,0.6283828382838283,0.6088425369783496,0.7740705433746425,0.591672753834916,0.46078431372549017,0.52734375,0.6738768718801996,0.3261231281198003,0.0,601,5,0,0.01585756112397258,0.1031536237584374,0.1476720704294282,0.4816512456118054,0.8513087847072269,0.8032819626482017,0.0029826478420781994,1.4697840043538168
0.75,0.3,1.0,0.12,0.72,0.42,0.25,0.6283828382838283,0.6088425369783496,0.7740705433746425,0.591672753834916,0.46078431372549017,0.52734375,0.6738768718801996,0.3261231281198003,0.0,601,5,0,0.01585756112397258,0.1031536237584374,0.1476720704294282,0.4816512456118054,0.8513087847072269,0.8032819626482017,0.0029826478420781994,1.4697840043538168
