condition,run_id,true_stage,q_hat,p_raw_E,p_raw_M,p_raw_L,p_fine_E,p_fine_M,p_fine_L,p_prior_E,p_prior_M,p_prior_L,p_raw_fine_E,p_raw_fine_M,p_raw_fine_L,p_raw_prior_E,p_raw_prior_M,p_raw_prior_L,p_mix_E,p_mix_M,p_mix_L,alpha_E,alpha_M,alpha_L,p_final_E,p_final_M,p_final_L,pred_A1,pred_A2,pred_A3,pred_A4,pred_A5,pred_A6
C6,12,early,0.30841658,0.9538866,0.03144227,0.014671001,0.4779268480732606,0.48330671824645,0.0387664336792893,0.5265263711774288,0.4734616442662024,1.1984555475356896e-05,0.8081529372663369,0.160915782687155,0.030931280045508,0.8203028179518242,0.1584545142104286,0.021242667836747,0.816657853746178,0.1591928947534465,0.0241492514993753,0.978800010217908,0.021199957620838,3.2159922033871583e-08,0.8571933928641817,0.1246946604703047,0.0181119466645134,early,early,early,early,early,early
C6,13,early,0.3110891,0.9517925,0.033246603,0.014960931,0.4736418461321166,0.4874039440403769,0.0389542098265065,0.5164983742763993,0.4834883752368374,1.325048586654302e-05,0.804908773992527,0.1637924547263067,0.0312987712801661,0.8156229056094795,0.1628135625637083,0.021563531825812,0.812408666124394,0.1631072302124878,0.0244841036621182,0.9839117918658908,0.0159031707623537,0.0001850373704392,0.8552844475598358,0.1263062153499642,0.0184093370891999,early,early,early,early,early,early
C6,14,early,0.31120992,0.95159805,0.033654764,0.014747173,0.4721356472024784,0.4894284032099433,0.0384359495865782,0.5160422994764183,0.4839443898121634,1.3310710521390125e-05,0.8043652330421762,0.1647241323150158,0.0309106346418078,0.8153418959675126,0.1633531289834435,0.0213049750480438,0.8120488970899116,0.1637644299829152,0.024186672926173,0.9849351675154102,0.0148828205794065,0.0001820119038719,0.8552704646963528,0.1265440276320479,0.0181855076705991,early,early,early,early,early,early
C6,15,early,0.31091222,0.9504235,0.03482514,0.0147513915,0.467995510458612,0.4941300267235456,0.0378744628168423,0.5171656409328583,0.4828211962672032,1.3162799041896177e-05,0.8021460842072524,0.1670934297793896,0.0307604860123578,0.8144386174439927,0.1642662220231177,0.0212951605318896,0.8107508574729707,0.1651143843499992,0.02413475817603,0.9850033791459306,0.0148161095169772,0.00018051133578,0.8543139878912774,0.1275398156417537,0.0181461964659689,early,early,early,early,early,early
C6,16,early,0.31094438,0.94948864,0.03587925,0.014632138,0.4650061889541166,0.4974421693526664,0.0375516416922169,0.5170443671671857,0.482942454133558,1.3178698359891435e-05,0.8004805277934789,0.1689942413675523,0.0305252308379688,0.8134900727344301,0.1653693124547423,0.0211406148098276,0.8095872092521448,0.1664567911285853,0.0239559996182699,0.9848787257169844,0.0149419974485041,0.0001792768331978,0.8534100883684216,0.1285780927085751,0.0180118189220033,early,early,early,early,early,early
C6,17,early,0.31115308,0.947215,0.038055833,0.014729219,0.4593381038974636,0.5033059586203947,0.0373559374811417,0.516256865887253,0.4837298517643134,1.3282347536848674e-05,0.7967918541977077,0.1726432387104513,0.030564907090841,0.8110215451192012,0.1677492118505769,0.0212292430292217,0.8067526378427532,0.1692174199085392,0.0240299422477075,0.984554120362177,0.0152653533098227,0.0001805263266821,0.8512030084726768,0.1307294032588705,0.0180675882674526,early,early,early,early,early,early
C6,18,early,0.31056365,0.9462542,0.039159793,0.014586007,0.4567201469589684,0.5063503645828545,0.036929488457177,0.5184791434987471,0.4815078648431072,1.2991657249640408e-05,0.7952154258076672,0.1745090750691455,0.0302754991221872,0.8106551747412679,0.1682984502151863,0.0210463750425458,0.8060232500611877,0.170161637671374,0.0238151122664381,0.9843882988578218,0.0154322039813071,0.0001794971595516,0.8506145122604142,0.1314792792488678,0.0179062084897179,early,early,early,early,early,early
C6,19,early,0.3120317,0.94306684,0.042125024,0.01480814,0.4528344520977702,0.5105019564492893,0.0366635914519406,0.5129340784493333,0.4870521940362068,1.3727513562471952e-05,0.7911026806555511,0.1784601475331706,0.0304371718102783,0.8061275874672985,0.1725977068425428,0.0212747056891587,0.8016201154237744,0.1743564390497311,0.0240234455254945,0.9838890190241696,0.0159288270858231,0.0001821538886809,0.8471873413239422,0.1347495360587651,0.0180631226162926,early,early,early,early,early,early
C6,20,early,0.31146237,0.9423456,0.042841822,0.014812557,0.4518409522863004,0.5115943648077993,0.0365646829049003,0.5150885620805753,0.4848980004992003,1.343741932739613e-05,0.7901576443902134,0.179432927074496,0.0304094285342904,0.8059695458373828,0.1727588364200166,0.0212716177416005,0.801225975403232,0.1747610636163604,0.0240129609794074,0.983734280341524,0.0160828549946903,0.0001828646624581,0.8468530516378745,0.135091511460954,0.0180554369001716,early,early,early,early,early,early
C6,21,early,0.30944452,0.9471942,0.038006887,0.0147988945,0.4607712386141679,0.5022142491074865,0.0370145122773457,0.5226830828550795,0.4773044603577833,1.245678624240086e-05,0.797118604060037,0.1723188085422419,0.0305625873967211,0.8125965655238512,0.166091361192423,0.0213120732827256,0.8079531770847072,0.1679595953973687,0.0240872275169242,0.9844453607643218,0.01537238303576,0.0001822561986006,0.8520762230046783,0.1298127923069768,0.0181109846873448,early,early,early,early,early,early
C6,22,early,0.30778018,0.94964314,0.035765678,0.014591185,0.4649924566593221,0.4980694577380585,0.0369380856016194,0.5288969506235699,0.4710913483327869,1.1701042750363144e-05,0.8006376786328226,0.1690377061889767,0.0303246151772007,0.8166138039688375,0.1622931780587744,0.021093017971388,0.8118209663680331,0.164316536497835,0.0238624971331318,0.9849939868335208,0.0148271433295173,0.0001788698356507,0.8551142214844716,0.1269441882057655,0.0179415903087629,early,early,early,early,early,early
C6,23,early,0.30768856,0.9508516,0.03443243,0.014715966,0.4686662186876286,0.4939429835382681,0.0373907977731033,0.5292376468565733,0.4707506923672799,1.166077525401026e-05,0.8027493550293384,0.1666481678276835,0.030602477141978,0.8178922128895086,0.1608500947217437,0.0212576923877476,0.8133493555314577,0.1625895166535256,0.0240611278140166,0.9852851290574116,0.0145356033121028,0.0001792676291773,0.8563332989130121,0.1255760383181796,0.0180906627678082,early,early,early,early,early,early
C6,24,early,0.3082663,0.95139664,0.03371794,0.014885404,0.4709074269365643,0.4912081173237436,0.0378844557386921,0.5270867109999413,0.4729013719867704,1.1917012394867674e-05,0.8038351493799373,0.1652290181210503,0.0309358324980124,0.8178799704219097,0.1606523317782814,0.0214676977988089,0.813666524109318,0.162025337681112,0.0243081382085699,0.9853979752243542,0.0144213317278501,0.0001806930464881,0.856599386888143,0.1251243361928062,0.0182762769180508,early,early,early,early,early,early
C6,25,early,0.30879354,0.9520503,0.0329923,0.014957392,0.4729479357505058,0.4888556324782103,0.0381964317702837,0.5251189789277461,0.474868865412336,1.2155659024060536e-05,0.8049971950768565,0.1638943644863967,0.0311084404357467,0.8180399562598395,0.160397672615717,0.0215623711234433,0.8141271279049448,0.1614466801769209,0.0244261919171343,0.9854790871008896,0.01433953363014,0.0001813792676635,0.8569651177039966,0.1246698935402352,0.018364988754768,early,early,early,early,early,early
C6,26,early,0.30929556,0.9526054,0.032249484,0.015145076,0.4754336249143141,0.4858974328020934,0.0386689422825924,0.5232410672736918,0.4767465454802176,1.2387245196169328e-05,0.8061581526405676,0.1623835552861298,0.0314582920723027,0.8181100134975262,0.1600958334045237,0.0217941530969499,0.8145244552404387,0.1607821499690055,0.0246933947895557,0.985558732964774,0.0142580638054729,0.0001832032284469,0.8572830246715882,0.1241511284281319,0.0185658468992799,early,early,early,early,early,early
C6,27,early,0.30984277,0.9526782,0.03192352,0.01539819,0.4761894909393584,0.4845896187004231,0.0392208903592185,0.5211894326650928,0.4787979227331805,1.2644600831587789e-05,0.8063890838259454,0.1617116292906083,0.0318992868824463,0.8176390695507153,0.160263705261037,0.0220972251872476,0.8142640738332845,0.1606980824699084,0.0250378436958072,0.9855753778719456,0.0142388503192724,0.0001857718074755,0.8570918998430154,0.1240832744322589,0.0188248257237257,early,early,early,early,early,early
C6,28,early,0.31028926,0.9526911,0.03164881,0.015660143,0.4770618677134511,0.483225382863992,0.0397127494215568,0.5195117463091272,0.4804753952186396,1.28584713376096e-05,0.8065879582860681,0.16107789865799,0.0323341430549418,0.8172004278558888,0.1603904017517705,0.0224091703913406,0.8140166869849427,0.1605966508236363,0.0253866621904209,0.9855811448321684,0.014230378484023,0.0001884766825017,0.8569078014468149,0.1240050827387425,0.0190871158134426,early,early,early,early,early,early
C6,29,early,0.31039134,0.9527084,0.03138044,0.015911154,0.4781194431355513,0.4817300986529872,0.0401504582104615,0.5191277605202137,0.4808593316194821,1.2907859408492467e-05,0.8068402909614681,0.1604179860331704,0.0327417230043614,0.8170923699638769,0.1602002942820888,0.0227073357530341,0.8140167462631542,0.1602656018074132,0.0257176519284322,0.9856092387893634,0.0141997433271663,0.0001910178821635,0.8569148693947723,0.123749137187361,0.0193359934168665,early,early,early,early,early,early
C6,30,early,0.31010622,0.9528975,0.031157268,0.015945172,0.4787560844045883,0.4809044184055412,0.0403394971888704,0.5201999197345848,0.479787309896644,1.27703678757471e-05,0.8071891944360845,0.1599788669175057,0.0328319386454096,0.8175501539633111,0.1596995897715505,0.0227502562641385,0.8144418661051431,0.159783372915337,0.0257747609785198,0.9856643647063204,0.0141442397527236,0.0001913955396499,0.8572474907555031,0.1233735896246931,0.0193789196188038,early,early,early,early,early,early
C6,31,early,0.31003374,0.95328104,0.031030487,0.015688404,0.4792611813210157,0.4806221379613006,0.0401166807166837,0.5204722602347004,0.4795150041184239,1.2735645980238448e-05,0.8077386159674536,0.1597845255414584,0.0324768584900879,0.8180413850433719,0.159507742098264,0.0224508728573639,0.8149505543205965,0.1595907771312223,0.0254586685471811,0.9857033883356392,0.0141077365643154,0.0001888750987401,0.8576387628244226,0.123220016989505,0.0191412201850723,early,early,early,early,early,early
C6,32,early,0.3103569,0.9533239,0.030969322,0.015706774,0.4793385440278854,0.4804944456980001,0.0401670102731143,0.5192573815610287,0.48072972726879,1.2891169285760124e-05,0.8077997129938171,0.1596884185483299,0.0325118684568527,0.8177794221540102,0.1597472389397084,0.0224733389052811,0.8147855094059525,0.1597295928222949,0.0254848977707525,0.9856956524433332,0.0141153735670765,0.0001889739882845,0.8575130451653633,0.1233260380084997,0.019160916825137,early,early,early,early,early,early
C6,33,early,0.3106518,0.9530983,0.030766359,0.016135378,0.4801630908324991,0.4794085034436802,0.0404284057228208,0.5181471339927031,0.4818398312733198,1.3034733081047056e-05,0.8077253478048918,0.1591924582701749,0.0330821939239333,0.8172213590547946,0.1598002902570167,0.0229783506871886,0.8143725556798238,0.1596179406609642,0.0260095036582119,0.9856928630192004,0.0141141618202804,0.0001929751592131,0.8572026325147336,0.1232419959508027,0.0195553715334637,early,early,early,early,early,early
C6,34,early,0.3106452,0.95333576,0.030632988,0.016031312,0.4804145276696098,0.4792745515429111,0.040310920786479,0.518172055882834,0.4818149126209124,1.3031495357523905e-05,0.8080437465934228,0.1590232378992278,0.0329330155063492,0.8174831285763715,0.1596583281639917,0.0228585432586365,0.814651313981487,0.1594678010845626,0.0258808849329502,0.985711801970283,0.0140961069268177,0.0001920911015934,0.8574164359787517,0.1231248775451358,0.0194586864751125,early,early,early,early,early,early
C6,35,early,0.31085083,0.95326704,0.030555598,0.016177265,0.4804638951752804,0.4790743619716017,0.0404617428521178,0.5173971277944824,0.4825897397079864,1.3132496634865337e-05,0.807969465455782,0.1588880572842944,0.0331424772589236,0.8172027740233154,0.1597669017576731,0.0230303242180114,0.8144327814530554,0.1595032484156595,0.026063970130285,0.9857072421371424,0.0140993117068086,0.0001934461547429,0.8572513966241427,0.1231522642384562,0.019596339136401,early,early,early,early,early,early
C6,36,early,0.3107693,0.9533355,0.030507527,0.016157001,0.4807630104646022,0.4787005107186224,0.0405364788157753,0.5177044848702916,0.482282422772823,1.3092355989124292e-05,0.8081167620641019,0.1587450737664102,0.0331381641684878,0.8173521308375182,0.1596405517966352,0.0230073173648465,0.8145815202054933,0.1593719083875677,0.0260465714059389,0.9857206913357752,0.0140859742201143,0.0001933344428046,0.8573663129881294,0.1230504248457137,0.0195832621651568,early,early,early,early,early,early
C6,37,early,0.31063253,0.95346683,0.03037807,0.016155168,0.4809708429246065,0.4783135409630708,0.0407156161113227,0.518219764744044,0.4817672099558487,1.3025299211219718e-05,0.8083040287485653,0.158513309357354,0.0331826618930806,0.8176162594462318,0.1593767266280591,0.023007013924709,0.8148225902369319,0.1591177014468475,0.0260597083152204,0.9857495677863806,0.0140570740699302,0.0001933581423836,0.8575543346243597,0.1228525446026276,0.0195931207720127,early,early,early,early,early,early
C6,38,early,0.31032658,0.9536363,0.030271579,0.016092181,0.4814724516534658,0.4778644149477974,0.0406631333977367,0.5193714008190674,0.4806157226765281,1.2876503508683417e-05,0.8086108313297556,0.1582917393806604,0.0330974292885838,0.818085568444647,0.1589795663000267,0.0229348652543263,0.8152431473101797,0.1587732182242168,0.0259836344646035,0.9857931094076792,0.0140142269658296,0.0001926636251862,0.8578806378346199,0.1225834704096293,0.0195358917547507,early,early,early,early,early,early
C6,39,early,0.31011748,0.95368373,0.030261625,0.016054684,0.4812135279625881,0.4781312971606278,0.040655174875784,0.520157582838537,0.4798296413876258,1.2775772941802174e-05,0.808599086564876,0.1583491988932827,0.0330517145408412,0.8183351007916072,0.1587737849721717,0.0228911142352211,0.8154142965235878,0.158646409148505,0.0259392943269071,0.9858159537910172,0.0139918296040806,0.0001922166035974,0.8580147108405106,0.1224827642624082,0.0195025248960812,early,early,early,early,early,early
C6,40,early,0.31012213,0.95363855,0.03032416,0.01603735,0.4812945252989697,0.4781094802418277,0.0405959944582025,0.5201401098684922,0.4798471121263547,1.2778004257506886e-05,0.8085746588848319,0.1584095975825802,0.0330157435315879,0.8182860551357173,0.1588440055585623,0.0228699393047204,0.8153726362604518,0.1587136831657677,0.0259136805727806,0.985814050896416,0.0139939586690302,0.0001919904332489,0.8579829899195082,0.1225337520415926,0.0194832580378992,early,early,early,early,early,early
C6,41,early,0.31012973,0.9536878,0.030323312,0.015988898,0.480960781623877,0.4784489300033323,0.0405902883717907,0.5201115475277638,0.4798756708189178,1.2781652422915675e-05,0.8085473455753334,0.1584950554098395,0.0329575990138271,0.8183350375799754,0.1588517406329984,0.0228132217860263,0.8153987299785826,0.1587447350660507,0.0258565349543665,0.9858118016531427,0.0139966424924596,0.000191555853093,0.858001997897288,0.1225577119226623,0.0194402901790496,early,early,early,early,early,early
C6,42,early,0.30962062,0.95382214,0.030265007,0.015912862,0.4812656271264266,0.4782051559055262,0.0405292169670472,0.5220229237696207,0.4779645367329654,1.2539496518974247e-05,0.8087703926787004,0.158375514613169,0.0328540927071305,0.8189597170102816,0.1583153598190163,0.022724923169702,0.8159029197108074,0.1583334062572621,0.0257636740309305,0.9858563391146092,0.0139529130965869,0.0001907477875,0.8583912745618231,0.1222382829671026,0.0193704424700744,early,early,early,early,early,early
C6,43,early,0.30968666,0.9538259,0.030202176,0.015971893,0.4815802157509062,0.4777723058223531,0.0406474784257407,0.5217752193254015,0.4782122100204903,1.2570653213177438e-05,0.8088464322976637,0.1581998549299891,0.0329537127713471,0.8188951835468864,0.1583098309834112,0.0227949854687023,0.8158805581721196,0.1582768381673846,0.0258426036594957,0.9858689986851128,0.0139397484230198,0.0001912528905638,0.858377668300433,0.1221925657313027,0.0194297659672642,early,early,early,early,early,early
C6,44,early,0.30943763,0.953919,0.030132025,0.01594906,0.4818580121835352,0.4774632832475792,0.0406787045678855,0.522708880075516,0.4772786663598471,1.2453563742147232e-05,0.809014287173379,0.158049940924618,0.032935771901003,0.8192270044887529,0.1580037867011335,0.0227692088091135,0.8161631892941407,0.1580176329681789,0.0258191777366803,0.9858990797265536,0.0139099023010481,0.0001910179710946,0.8585971619023091,0.1219907003014055,0.0194121377952854,early,early,early,early,early,early
C6,45,early,0.309207,0.9541297,0.030034427,0.015835853,0.4823073744769042,0.477118071168184,0.0405745543539118,0.5235726931154238,0.4764149608096404,1.2346074041353566e-05,0.8093566444003516,0.1578649773124099,0.0327783782862383,0.819672973675639,0.1576891997293182,0.0226378265940427,0.8165780748930528,0.1577419330042457,0.0256799921017013,0.9859369768266194,0.0138731726146718,0.0001898505574061,0.8589178003765094,0.1217747429068615,0.019307456715629,early,early,early,early,early,early
C6,46,early,0.3092773,0.9540787,0.030083861,0.015837535,0.4821588885296778,0.4772817758328513,0.0405593356364708,0.5233094784524159,0.4766781428043929,1.2378742296628308e-05,0.8092665682403904,0.1579575840425594,0.0327758477160501,0.8195542165258596,0.1578066757736351,0.0226391076995053,0.8164679220402189,0.1578519482543124,0.0256801297044687,0.9859328674295076,0.0138773448971091,0.0001897876720803,0.8588341583876061,0.1218582974150208,0.019307544196373,early,early,early,early,early,early
C6,47,early,0.3092726,0.9540123,0.030149085,0.01583869,0.4828041838132285,0.4766461153582723,0.0405497008274991,0.5233271104608037,0.4766605129866894,1.2376551612264046e-05,0.8093592765695503,0.1578668508467999,0.0327738725826498,0.8194900088918634,0.1578704502541346,0.0226395408530018,0.8164507891951696,0.1578693704319342,0.0256798403718961,0.985930246021924,0.0138799613638525,0.0001897926129204,0.8588206534019234,0.121872018164923,0.0193073284321537,early,early,early,early,early,early
C6,48,early,0.30921546,0.9539957,0.030149475,0.015854927,0.4822719531484803,0.4771945018512062,0.0405335449993134,0.5235410090081155,0.4764466409884971,1.2350002493008934e-05,0.809207277495814,0.1580038526738295,0.0327888698293564,0.819524541537563,0.1578168874567552,0.0226585710046817,0.8164293623250385,0.1578729770218774,0.0256976606520841,0.9859289220787336,0.0138811451415143,0.0001899327784492,0.8588042522635273,0.1218750190517959,0.0193207286836768,early,early,early,early,early,early
C6,49,early,0.30946785,0.953901,0.030205633,0.015893444,0.4822086925379319,0.4772377841322239,0.0405535233288441,0.5225956345479091,0.4773918977358513,1.2467715344912596e-05,0.8090895270205829,0.1580722272256726,0.0328382457527445,0.8191862632000869,0.1581107556291587,0.0227029811697542,0.8161572423462358,0.1580991971081129,0.0257435605446512,0.9859041056428292,0.0139055574054903,0.000190336950377,0.8585939581704493,0.1220507871824665,0.0193552546460842,early,early,early,early,early,early
C6,50,early,0.30960348,0.95383674,0.03026711,0.015896171,0.4816749322159997,0.4778051305139483,0.040519937269052,0.5220871856094437,0.4779002829651971,1.2531424464272882e-05,0.8088896096676782,0.158278213521352,0.0328321768099697,0.8189926734676523,0.1583020016352235,0.0227053248961242,0.81596175432766,0.158294865201062,0.0257433804702778,0.985878950374026,0.0139306264674963,0.0001904231571741,0.8584410533393168,0.1222038055176799,0.0193551411420033,early,early,early,early,early,early
C6,51,early,0.309708,0.95361793,0.030357618,0.016024496,0.4815031307986896,0.4779259654797527,0.0405709037205577,0.521695169624383,0.4782922496384248,1.2580736297281949e-05,0.8086070124811704,0.1583990365990159,0.0329939509188136,0.8186550221875648,0.1584906076386797,0.0228543701727555,0.8156406192756465,0.1584631363267805,0.0258962443965729,0.985852767321626,0.0139555710974603,0.0001916615796095,0.8581936562872067,0.1223362450194598,0.0194700986923335,early,early,early,early,early,early
C6,52,early,0.30985945,0.9535692,0.030381756,0.016049141,0.4811354183215336,0.4782218839190534,0.0406426977584128,0.5211267820935248,0.4788605653737493,1.265253183097168e-05,0.808462135860906,0.1584974726270216,0.0330403915110723,0.8184599765617833,0.1586571429868249,0.0228828804503918,0.8154606243515201,0.1586092418788839,0.0259301337685959,0.985831747304698,0.0139762261846251,0.0001920265093723,0.8580534050898799,0.1224509879553285,0.0194956069537915,early,early,early,early,early,early
C6,53,early,0.31034297,0.9532338,0.030504445,0.016261758,0.481205630794694,0.4780085981103552,0.0407857710939508,0.5193097403308072,0.4806773752354754,1.2884432821810784e-05,0.8081114514922656,0.1585656738680216,0.0333228746387127,0.8176374786455983,0.1592328681331413,0.0231296532202601,0.8147796704995985,0.1590327098536054,0.0261876196457958,0.9857772431831548,0.0140286310219702,0.0001941257935694,0.8575290636705533,0.122781690145706,0.0196892461827407,early,early,early,early,early,early
C6,54,early,0.31057817,0.95307857,0.030556556,0.01636491,0.4808700626986501,0.4782006165581561,0.0409293207421938,0.518424490631961,0.4815625106275678,1.2998739575161966e-05,0.8078567816338864,0.1586648916998378,0.0334783266652757,0.8172453882674329,0.1595053651858758,0.023249246545691,0.814428806277369,0.1592532231400644,0.0263179705815664,0.9857405115591116,0.0140641747721294,0.0001953136674528,0.8572567325978704,0.1229559610480901,0.0197873063530395,early,early,early,early,early,early
C6,55,early,0.31067303,0.9528272,0.03068051,0.016492227,0.4802874326701129,0.478720121085165,0.0409924462437219,0.5180671995771249,0.4819197552995288,1.3045122450214429e-05,0.8074393139806443,0.1589200659617641,0.0336406200565915,0.8168842559008873,0.1597199745317397,0.0233957695663729,0.8140507733248145,0.159480001960747,0.0264692247134384,0.9857059623077468,0.0140974264264492,0.0001966112644973,0.8569645705706133,0.123134358077182,0.0199010713512046,early,early,early,early,early,early
C6,56,early,0.31107557,0.9527176,0.03076224,0.016520152,0.4797330486610532,0.4791781517368622,0.0410887996010846,0.5165494347489932,0.4834373214920465,1.3243758063911414e-05,0.8071851695911082,0.159118817977367,0.0336960124305247,0.8163892659073376,0.1601836103923581,0.0234271236993042,0.8136280370124688,0.1598641726678608,0.0265077903186703,0.9856581407558156,0.0141447773001017,0.0001970819427751,0.8566355629483715,0.1234343238259305,0.019930113224698,early,early,early,early,early,early
C6,57,early,0.31170356,0.9523671,0.030989844,0.016642923,0.4787250441355498,0.4800872784844929,0.0411876773789572,0.5141764384633581,0.485810001958372,1.355957737280015e-05,0.80656075564846,0.1595790898906447,0.0338601544598952,0.8154236039992676,0.1610097707218013,0.0235666252779309,0.8127647494940254,0.1605805664724543,0.0266546840325201,0.985569929813244,0.0142316198216018,0.0001984503638455,0.8559660445738961,0.1239933298097508,0.020040625615353,early,early,early,early,early,early
C6,58,early,0.31208268,0.9523133,0.0309923,0.01669436,0.4795268964868407,0.4790910859604361,0.041382017551723,0.5127408584044896,0.4872453878008207,1.3753793791942334e-05,0.8067005351938689,0.1593310277809198,0.0339684370242112,0.8150040253948578,0.1613696031726617,0.0236263714314803,0.8125129783345612,0.1607580305551392,0.0267289911092995,0.9855318544802888,0.0142689167240923,0.0001992287943097,0.8557676973710592,0.1241357520973871,0.0200965505305536,early,early,early,early,early,early
C6,59,early,0.3124793,0.951764,0.031294335,0.016941708,0.4779761500141835,0.4805431617528569,0.0414806882319596,0.5112366203350074,0.4887494197760661,1.3959888028437683e-05,0.805724535756706,0.1600000390714769,0.0342754251708169,0.814039652903218,0.162051603470276,0.0239087436255058,0.8115451177592645,0.1614361341506363,0.0270187480890991,0.9854457209293748,0.0143525868548714,0.0002016922144432,0.8550202685518585,0.1246652473267047,0.0203144841204367,early,early,early,early,early,early
C6,60,early,0.31273922,0.95181066,0.031478588,0.016710754,0.4771848685907893,0.481525051370431,0.0412900800377796,0.5102494188632087,0.4897364845372298,1.4096598663036304e-05,0.8055989742434142,0.1604436110758411,0.0339574146797445,0.8138651115651421,0.1624964693063552,0.0236384191275025,0.8113852703686237,0.161880611837201,0.026734117793175,0.9853888826154634,0.0144113171166547,0.0001998002665709,0.8548861734304002,0.1250132881570742,0.0201005384115256,early,early,early,early,early,early
C6,61,early,0.3130735,0.9513408,0.031741366,0.016917884,0.4761721353434823,0.4825060827375398,0.0413217819179778,0.5089783937417208,0.4910073319282955,1.4274329084971236e-05,0.8048439648192416,0.160954453841802,0.0342015813379564,0.813045529632647,0.163079766194907,0.023874704171446,0.8105850601886254,0.1624421724889755,0.026972767321399,0.985311647830717,0.014486566738545,0.0002017854294256,0.854266707099215,0.1254532710513777,0.0202800218484073,early,early,early,early,early,early
C6,62,early,0.3128292,0.95146877,0.03187319,0.016658092,0.4759836757477554,0.4829877243708629,0.0410285998803816,0.5099074682672575,0.4900783875079246,1.4144223919324875e-05,0.8049555632289193,0.1612192045416876,0.033825232228393,0.813436510805873,0.1629918702103829,0.023571618982744,0.810892226532787,0.1624600705097743,0.0266477029564386,0.985302464607418,0.0144980832427893,0.0001994521484808,0.8544947860515113,0.1254695736930378,0.0200356402544507,early,early,early,early,early,early
C6,63,early,0.31355837,0.95071906,0.032271545,0.017009411,0.4746288831437767,0.4840630688198976,0.0413080480353257,0.5071315782294382,0.4928538857179222,1.4536051740185828e-05,0.8038154944625282,0.1618882037179245,0.0342963018185472,0.8119411684458105,0.1640859079997345,0.0239729235534549,0.8095034662508258,0.1634265967151915,0.0270699370329825,0.9851870989353212,0.0146100302419964,0.0002028708213685,0.8534243744220167,0.1262224550969027,0.0203531704800806,early,early,early,early,early,early
C6,64,early,0.3137321,0.9505764,0.032497063,0.016926419,0.4748289936198276,0.4839713702044793,0.0411996361746931,0.5064690501594765,0.4935163188829779,1.463095664606084e-05,0.8037298810917282,0.162100165371829,0.0341699535354427,0.8116398950350779,0.1644864024836665,0.0238737024802555,0.809266890852073,0.1637705313501153,0.0269625777968116,0.9851300353354052,0.0146675693881046,0.0002023952751756,0.8532326769729731,0.1264947908596225,0.0202725321664042,early,early,early,early,early,early
C6,65,early,0.31490836,0.9484244,0.03346889,0.018106727,0.4748849744933758,0.4827092722837088,0.0424057532219154,0.5019709702349664,0.4980137400447172,1.5289719415486194e-05,0.8014421566398732,0.1627443829087292,0.0358134604503976,0.8082136556887618,0.1665704999131146,0.0252158443971235,0.8061822059740953,0.165422664811799,0.0283951292131057,0.9849050234776476,0.0148809908421522,0.000213985678881,0.8508629103500511,0.1277872463193975,0.0213498433295512,early,early,early,early,early,early
C6,66,early,0.31548768,0.9479145,0.033958685,0.01812677,0.4759326665831193,0.482064975091053,0.0420023583248276,0.4997480159653534,0.500236359283199,1.5624750546055148e-05,0.8011892071862401,0.1630826589354432,0.0357281338773165,0.8071430441325385,0.1676255046788506,0.0252314511876108,0.805356893048649,0.1662626509558283,0.0283804559945225,0.9847698882770944,0.0150152905111028,0.0002148212104821,0.8502101418558287,0.1284508108446573,0.0213390472985141,early,early,early,early,early,early
C6,67,early,0.31680593,0.9461505,0.035257667,0.018591866,0.4732081399825283,0.4845944453307859,0.0421974146856857,0.4946714647948333,0.5053121211085339,1.6414095729761807e-05,0.7986945045166941,0.1650189117681549,0.0362865837141509,0.8040603354898701,0.1701983304906932,0.0257413340184365,0.8024505861979172,0.1686445048739317,0.0289049089271507,0.9844702438997688,0.0153099980038153,0.0002197580950906,0.8479555006234492,0.1303108781564133,0.0217336212191375,early,early,early,early,early,early
C6,68,early,0.3171714,0.94454604,0.036672197,0.018781772,0.4702446478454746,0.4876482382323491,0.0421071139211761,0.4932596402724777,0.5067237199768209,1.6639749797968462e-05,0.7963411275726251,0.1672008396452007,0.0364580327811741,0.8020948757222209,0.1719697101168417,0.0259354141599372,0.8003687512773422,0.1705390489753494,0.0290921997463083,0.9841949823545256,0.0155826685972662,0.0002223490468794,0.8463253090467077,0.1317999538808395,0.0218747370714528,early,early,early,early,early,early
C6,69,early,0.3198522,0.9415495,0.03895948,0.01949102,0.4651450830139972,0.4923721719244122,0.0424827450605904,0.4828467973656561,0.5171348123495705,1.839028386648657e-05,0.7920454325097867,0.1706375575566474,0.037317009932566,0.7964708612378104,0.1768282178589552,0.0267009209022343,0.7951432326194033,0.1749710197682629,0.0298857476113338,0.9836244447205812,0.0161452262254411,0.0002303290526406,0.8422635356447687,0.1352645713825689,0.0224718929716624,early,early,early,early,early,early
C6,70,early,0.3223141,0.9373442,0.04252522,0.020130573,0.4588160140979477,0.4986218231989066,0.0425621627021457,0.4732004733769344,0.5267793710740156,2.015554814023191e-05,0.7863249670632199,0.1756762341879828,0.037998798747797,0.789921081876248,0.1827156211436389,0.0273632969791131,0.7888422474323395,0.1806038050569421,0.0305539475097182,0.982843984610276,0.0169175730843098,0.0002384423040665,0.8373426817268965,0.1396822470637962,0.0229750712083073,early,early,early,early,early,early
C6,71,early,0.32480612,0.9320815,0.047148574,0.020769812,0.4517124278402564,0.5056421365373662,0.0426454356213775,0.4633604840702783,0.5366174054375141,2.211049129491484e-05,0.7794850598914255,0.1818539063729047,0.0386610337346698,0.7823970739434877,0.1895977235835077,0.0280052024720045,0.781523469727869,0.1872745784203268,0.0312019518508041,0.981872674894002,0.0178801086621301,0.0002472164425081,0.8316107710194771,0.1449259609807907,0.0234632679987322,early,early,early,early,early,early
C6,72,early,0.3268025,0.92748034,0.051567286,0.020952372,0.4450794772988558,0.5122789275353455,0.0426415951647987,0.4554268236057049,0.5445493674980478,2.3808895332200496e-05,0.7735302666450582,0.1876707220293902,0.0387990113245515,0.77611710316875,0.1957383318547575,0.0281445649754923,0.7753410522116426,0.1933180489071473,0.03134089888021,0.9809140464707816,0.0188338363009,0.0002521172269478,0.8267343007765039,0.1496969957555994,0.0235687034668966,early,early,early,early,early,early
C6,73,early,0.33228207,0.91628975,0.06129139,0.022418827,0.4347479835780676,0.5218938375360741,0.0433581788848582,0.4334485011277124,0.5665223487755715,2.9150095794391724e-05,0.7606354819921489,0.1989200963650851,0.0404444216417658,0.7603106113904377,0.2100772238008751,0.0296121648076871,0.760408072570951,0.2067300855701381,0.0328618418579107,0.9789661511995508,0.0207628261698254,0.0002710226292277,0.8150475922281818,0.1602382707200758,0.0247141370507424,early,early,early,early,early,early
C6,74,early,0.33443183,0.9081632,0.06884904,0.022987865,0.4264351594676681,0.53014672430566,0.0434181162256717,0.4247573887527712,0.5752110617442984,3.154950200599755e-05,0.7513564447383868,0.2076703793098761,0.040973175950737,0.7509370020705866,0.2189364633757371,0.0301265345526763,0.7510628348709266,0.2155566381559788,0.0333805269720944,0.9772644247705152,0.0224527185542178,0.0002828566738531,0.8076132323459074,0.1672806582555559,0.0251061093975367,early,early,early,early,early,early
C6,75,early,0.33585265,0.8948992,0.08111312,0.023987683,0.4168526058446949,0.540149589333876,0.0429978048204291,0.418995896298245,0.5809708642248991,3.323947592983255e-05,0.7375330336721952,0.2206860912482419,0.0417808750785628,0.7380688563055298,0.2308914103511634,0.0310397333423068,0.7379081095155294,0.227829814620287,0.0342620758631836,0.975061513939807,0.0246396505110052,0.0002988355477494,0.7971964606216861,0.177032273592986,0.0257712657843279,early,early,early,early,early,early
C6,76,early,0.3345486,0.9027547,0.07375383,0.023491498,0.4251490498772108,0.5323489450683044,0.0425020050534847,0.4242843912401557,0.5756839235795524,3.168517936723999e-05,0.7463126870062367,0.2124669796490229,0.0412203333437405,0.7460965223332692,0.2233007249629229,0.0306027527028078,0.7461613717351594,0.220050601368753,0.0337880268950875,0.9754875732655592,0.0242157565985656,0.0002966701344489,0.803492922117845,0.1710918901762244,0.0254151877049306,early,early,early,early,early,early
C6,77,early,0.3347901,0.8905157,0.0854788,0.024005476,0.4141494297997248,0.5434992247795348,0.0423513454197403,0.4233057553932249,0.5766622769906022,3.19676152480321e-05,0.7332152196218338,0.2251983211821743,0.0415864591949919,0.7355043011139957,0.2334890845746711,0.0310066143103332,0.7348175766663471,0.2310018555569221,0.0341805677757308,0.974059661610512,0.0256370051450904,0.0003033332429524,0.7946280979024767,0.1796606429539841,0.025711259142539,early,early,early,early,early,early
C6,78,early,0.33362174,0.9047853,0.07270666,0.022508064,0.4207248593932597,0.5370843059299446,0.0421908346757956,0.4280363498266713,0.5719330265458635,3.062362654170507e-05,0.747101071717192,0.2127955111441583,0.0401034171376497,0.7489289443391478,0.2215076913630381,0.029563364296814,0.7483805825525611,0.2188940372973742,0.0327253801490647,0.9753925556517976,0.0243188594349554,0.0002885849118236,0.8051335758274555,0.1702502428317875,0.024616181339757,early,early,early,early,early,early
C6,79,early,0.33459008,0.9019097,0.0756626,0.022427687,0.4175028046869232,0.5405329162800727,0.041964279032004,0.4241163212501005,0.5758519452294159,3.173351955915025e-05,0.7438592126190793,0.2162158562470944,0.0399249311328261,0.7455125917598584,0.2250456134844193,0.0294417947547221,0.7450165780176248,0.2223966863132219,0.0325867356681533,0.9753073584723996,0.0244072209440147,0.000285420582158,0.8025892731314042,0.1728993199709386,0.0245114068966571,early,early,early,early,early,early
C6,80,early,0.33159715,0.91330034,0.065642744,0.021056833,0.4261019639022623,0.5324845303865103,0.0414135057102271,0.4362101549324253,0.5637614214612062,2.8423605447435638e-05,0.7560544088089586,0.2055218433076477,0.0384237478823936,0.7585814565570683,0.2133410660471827,0.0280774773947487,0.7578233422326355,0.2109952992253222,0.0311813585410422,0.9769035343526232,0.0228275081072733,0.0002689575386977,0.8125933902627149,0.1639533514458266,0.0234532582904584,early,early,early,early,early,early
C6,81,early,0.33138466,0.91121143,0.06747293,0.021315722,0.4222648614823823,0.5358559559817302,0.0418791825348875,0.4370661675873307,0.5629056305945219,2.820181722666199e-05,0.7532287883683161,0.207971215075247,0.0387999965554369,0.7569291148600734,0.2147336336654557,0.0283372514734709,0.7558190169125462,0.2127049080883931,0.0314760749980606,0.9771157947537016,0.0226155368324509,0.0002686684124398,0.8111432113729177,0.1651825652744244,0.0236742233516578,early,early,early,early,early,early
C6,82,early,0.3300119,0.9169476,0.062478364,0.020574063,0.4289145007005944,0.5294997144354513,0.0415857848629542,0.4425870743230317,0.557386116648542,2.6809027507292654e-05,0.7600472197516178,0.2019756166180755,0.0379771636293067,0.7634653633100119,0.2089472174829935,0.0275874192059944,0.7624399202424937,0.2068557372235182,0.0307043425329881,0.9779782786583844,0.0217620731697311,0.0002596481704881,0.8163245098465473,0.1605823212100873,0.0230931689423654,early,early,early,early,early,early
C6,83,early,0.33040875,0.91458035,0.064776346,0.020643346,0.4239056485340265,0.5345491413629373,0.0415452101020362,0.440992717565669,0.5589800777936802,2.7204639731387668e-05,0.7566966226294011,0.2052884384100005,0.0380149389595982,0.7609683897281575,0.2113961722901466,0.0276354379806958,0.7596868595985307,0.2095638521261028,0.0307492882743665,0.977861375663972,0.0218795820808662,0.0002590422537616,0.8142304886149724,0.1626427846148099,0.0231267267692176,early,early,early,early,early,early
C6,84,early,0.33058292,0.916691,0.063071325,0.02023767,0.4259398202232516,0.532648069175395,0.0414121106003535,0.4402925649239805,0.5596800550248888,2.73800502109924e-05,0.7591326378397879,0.2033107100968079,0.037556652062404,0.7627208237743455,0.2100687061060132,0.0272104701186412,0.7616443679939783,0.2080413073032516,0.03031432470177,0.9780429161173384,0.0217021357789775,0.0002549481022872,0.8157440050248992,0.1614565144221991,0.0227994805519016,early,early,early,early,early,early
C6,85,early,0.3312505,0.91365755,0.06590922,0.020433126,0.4217995938386336,0.5366937102864724,0.041506695873894,0.437606476231733,0.5623654611230948,2.8062644251585548e-05,0.7553968292974563,0.206842040345336,0.0377611303562076,0.7593485499104344,0.2132599780783912,0.0273914720101742,0.758163033726541,0.2113345967584747,0.0305023695139842,0.9776560957145372,0.0220867843510105,0.0002571199330496,0.8130362992236219,0.1640226436566252,0.0229410571187529,early,early,early,early,early,early
C6,86,early,0.33099213,0.9090498,0.070379056,0.020571144,0.418625713953798,0.5400843342391377,0.0412899518060642,0.4386464649373878,0.5613257385283609,2.779653333115765e-05,0.7505740210110274,0.2116201575074298,0.0378058214805425,0.755579208346699,0.2169305081445102,0.0274902835077906,0.7540776521459976,0.2153374029533861,0.0305849448996162,0.9770140401494064,0.0227261427377117,0.000259817111472,0.8098117491469328,0.1671845878994846,0.0230036629525825,early,early,early,early,early,early
C6,87,early,0.3272775,0.92217135,0.058077645,0.019751096,0.4336935184811147,0.5256244720746283,0.040682009443257,0.4535328357045762,0.5464429329247952,2.423136971281181e-05,0.7660361120520832,0.1970661976199215,0.0368976903269952,0.7709959413024982,0.202270812774289,0.0267332459222127,0.7695079925273738,0.2007094282279788,0.0297825792436474,0.9787817860701514,0.0209686427319436,0.0002495711965202,0.8218264409131473,0.155774231853985,0.0223993272318677,early,early,early,early,early,early
C6,88,early,0.33134857,0.902472,0.076047815,0.021480283,0.4170245810704807,0.5417282970924909,0.0412471218360282,0.437211520729956,0.5627603149541062,2.8164315017253775e-05,0.7443823486422183,0.21689808615448,0.0387195652023016,0.7494290833878634,0.222156090443587,0.0284148261675493,0.7479150629641699,0.2205786891568549,0.0315062478779749,0.9766129107450344,0.0231197417643028,0.0002673474892436,0.8050895249094705,0.1712139523087349,0.0236965227807946,early,early,early,early,early,early
C6,89,early,0.33018684,0.91137034,0.06824449,0.020385163,0.4213621882988606,0.5375672054466654,0.041070606253474,0.441884416682366,0.5580886005889593,2.6982727755625067e-05,0.7533009448378531,0.2091270927132324,0.0375719624479142,0.7584315017521387,0.2142574413172334,0.0273110569296278,0.7568923346778532,0.2127183367360332,0.0303893285851137,0.9770713096842444,0.0226692316489643,0.0002594586653853,0.8119370784295333,0.1652060604642826,0.0228568611051839,early,early,early,early,early,early
C6,90,early,0.33249724,0.88402754,0.09305553,0.022916997,0.4060870651054531,0.5531443016609562,0.0407686332325905,0.4325801383184351,0.567390479647993,2.938203264989071e-05,0.726083777724203,0.233962735868467,0.0399534864063301,0.7327070464468803,0.2375242805907713,0.0297686729613484,0.7307200658300771,0.23645581717408,0.0328241169948428,0.973847694936384,0.0258642345301843,0.0002880705319805,0.7915019731067431,0.1838079215131268,0.0246901053791301,early,early,early,early,early,early
C6,91,early,0.3338606,0.90416044,0.0744751,0.021364493,0.4200695565307608,0.5387503226654661,0.0411801208027731,0.4270699757113705,0.5728991304332398,3.089385446606377e-05,0.7466001676317628,0.2148044439813522,0.0385953883858848,0.7483502722671684,0.223341645144098,0.0283080825877336,0.7478252408765468,0.2207804847952743,0.0313942743271789,0.975113810676358,0.0246094725148234,0.0002767168073943,0.8046473833265849,0.1717377317251798,0.0236148849472352,early,early,early,early,early,early
C6,92,early,0.3340861,0.87482077,0.10124863,0.023930596,0.4023266316496266,0.556324175282347,0.0413491930670261,0.4261573707427104,0.5738114781875433,3.115106882240916e-05,0.7175485416130594,0.2413680145122364,0.0410834438737041,0.7235062267192236,0.2457398404828224,0.0307539327969539,0.7217189211873744,0.2444282926916466,0.033852786119979,0.9719959621198924,0.0276989843953515,0.0003050534832871,0.7842881814205958,0.1902459656175952,0.025465852960809,early,early,early,early,early,early
C6,93,early,0.33365762,0.89078027,0.08683458,0.02238517,0.411149507096028,0.5475984336371649,0.0412520592658071,0.4278912085171852,0.5720781274092297,3.066407266186875e-05,0.732972944473836,0.2274527651923605,0.0395742903328034,0.7371583699616393,0.2335726888291548,0.0292689412082057,0.7359027423152983,0.2317367117381166,0.032360545945585,0.9729135023211306,0.0267929596274958,0.0002935380499268,0.7951554323168452,0.1805007737104815,0.0243437939716732,early,early,early,early,early,early
C6,94,early,0.3331414,0.8443912,0.12980817,0.025800547,0.3917170835974822,0.567388440805636,0.0408944755958817,0.4299784688053703,0.5699914440548403,3.0087138866667065e-05,0.6909618590982016,0.2664067173135168,0.0426314235872815,0.7005272052576181,0.2670574681161152,0.0324153266252664,0.6976576014097934,0.2668622428753357,0.0354801557138709,0.967655497020866,0.0320094919941405,0.0003350109834771,0.7651570753126603,0.2081490551550637,0.0266938695312759,early,early,early,early,early,early
C6,95,early,0.33512202,0.855565,0.11927736,0.025157576,0.3963893380778246,0.5620841807339382,0.0415264811872372,0.4219602366054829,0.5780074036466172,3.23597469747204e-05,0.7007655444426562,0.2570081502731288,0.0422263052832148,0.7071582688125905,0.2609889558381645,0.0318527753482449,0.7052404515016102,0.2597947141686539,0.0349648343287359,0.9668551751764352,0.0328049645306214,0.0003398602914363,0.7706441324204141,0.2030472767591715,0.0263085908194143,early,early,early,early,early,early
C6,96,middle,0.33714688,0.7839173,0.18610178,0.029980922,0.3746432447722513,0.5839916188411152,0.0413651363856334,0.4137372779115912,0.5862278669802017,3.485510727936745e-05,0.6420735823248604,0.3114508181381066,0.0464755995360328,0.6518470901727664,0.31200988014788,0.0361430296783533,0.6489150378183948,0.3118421615449481,0.0392428006356571,0.9568387324187568,0.0427485969800525,0.0004126705995685,0.7258959614685982,0.2445687704037622,0.0295352681266395,early,early,early,early,early,early
C6,97,middle,0.34078965,0.6989536,0.26653764,0.034508705,0.3573461023372083,0.6008146465152495,0.041839251146542,0.3988930580034254,0.6010671199208448,3.9822074797646e-05,0.5797498380469559,0.3698146683788107,0.0504354935732333,0.5901365770408796,0.3698777867306735,0.0399856362274469,0.5870205553427025,0.3698588512251147,0.0431205934311828,0.9380734819283928,0.0613978254684821,0.0005286926013485,0.6747837869892561,0.2927435947860133,0.0324726182237305,early,early,early,early,early,early
C6,98,middle,0.34062564,0.6356766,0.32784304,0.036480345,0.349386971848043,0.6081895660057024,0.0424234621452545,0.3995624743708805,0.6003979412172109,3.958441097670691e-05,0.5369014547412689,0.4109525272082571,0.0521460180494741,0.5494453310729033,0.4090046209022809,0.0415500480238159,0.545682168173413,0.4095889927940737,0.0447288390315133,0.9136474987398844,0.0857013631084675,0.0006511381497499,0.637673500815174,0.328617085372746,0.03370941381108,early,early,early,early,early,early
C6,99,middle,0.3494098,0.36511257,0.59519374,0.039693695,0.3071111085428372,0.6482133819116618,0.0446755095445009,0.3636535971790183,0.6362919456959589,5.4457124080839527e-05,0.3587302419288555,0.585731008025743,0.0555387500444014,0.3728658650357521,0.5827506487719624,0.0443834861912854,0.3686251781036831,0.5836447565480966,0.0477300653472202,0.8033946860649642,0.1955592548221192,0.0010460591103801,0.4773175550941868,0.4866233811167891,0.036059063788024,middle,middle,middle,middle,early,middle
C6,100,middle,0.35281166,0.3038122,0.65672386,0.039463904,0.2951312175066506,0.6584221369923823,0.0464466454999669,0.3497701136548356,0.6501683265789067,6.155976531194968e-05,0.3170109884836656,0.6269814474474228,0.0560075640679114,0.3306707119609464,0.6249179949286037,0.0444112931094499,0.3265727949177621,0.6255370306842494,0.0478901743969883,0.6299076734134281,0.3685196048005167,0.0015727217835043,0.4024065145418347,0.561282674213534,0.0363108112436314,middle,middle,middle,middle,early,middle
C6,101,middle,0.3589523,0.2339429,0.72674924,0.039307855,0.2802811129252251,0.6700201082585705,0.0496987788152044,0.3248613406048193,0.6750619599510634,7.669944316462202e-05,0.2675456649329787,0.6753625612779223,0.0570917737880989,0.278690722392607,0.6766230242620792,0.0446862533443136,0.2753472051547186,0.6762448853668322,0.0484079094774492,0.383979059833988,0.6138107450194729,0.0022101951441913,0.3025051688246379,0.660636350280215,0.0368584808941471,middle,middle,middle,middle,middle,middle
C6,102,middle,0.3646732,0.18989287,0.7710403,0.039066784,0.2703984101888695,0.6768970539927945,0.052704535817336,0.3019514325238366,0.6979545908644101,9.397661079497262e-05,0.2349183779217875,0.7071038470832888,0.0579777749939236,0.2428066334761348,0.7123682312815699,0.0448251352412951,0.2404401568098307,0.7107889160220856,0.0487709271670836,0.1681176588031762,0.8291974960615391,0.0026848451333637,0.2223595323082183,0.7403910610321195,0.0372494066586622,middle,middle,middle,middle,middle,middle
C6,103,middle,0.37777534,0.13591734,0.82493037,0.03915225,0.2516760239437537,0.6897945504248493,0.058529425630397,0.2512798657981409,0.7485714624948604,0.0001486717060292,0.1911611311174614,0.7487496953960489,0.0600891734854897,0.1910620915784742,0.7634439237967167,0.0454939846238091,0.1910918034401703,0.7590356552765163,0.0498725412823133,0.048353267980144,0.9487936983542082,0.0028530336640875,0.1554071695751855,0.8064751660460523,0.0381176643777622,middle,middle,middle,middle,middle,middle
C6,104,middle,0.3847643,0.11873318,0.84091955,0.04034732,0.2439910896711415,0.6935520906356838,0.0624568196921747,0.2256830785030241,0.7741277777563389,0.0001891437396627,0.1760717552540731,0.7615032549807876,0.0624249897641392,0.1714947523597421,0.781647177211183,0.0468580704280748,0.1728678532280414,0.7756040005420645,0.0515281462288941,0.0121253963073905,0.9849213280532496,0.0029532756379626,0.1326822389978919,0.8279333324199429,0.0393844285811651,middle,middle,middle,middle,middle,middle
C6,105,middle,0.38883728,0.11529704,0.8405518,0.044151105,0.24049399613942,0.6931037329644206,0.0664022708951593,0.2113383945490001,0.7884442508871191,0.0002173545629043,0.1723177618690088,0.7606650731933589,0.0670171649366322,0.1650288617700942,0.7845002016972904,0.0504709365316151,0.1672155317997685,0.777349663146111,0.0554348050531202,0.0037047182318669,0.9931067258645524,0.0031885559022234,0.1263378284078044,0.8312889288257956,0.0423732427653998,middle,middle,middle,middle,middle,middle
C6,106,middle,0.3938136,0.117889315,0.8340296,0.04808103,0.2380026483086944,0.6925668722212887,0.0694304794690171,0.1944488838209502,0.8052938557457291,0.0002572604323418,0.1734875727591224,0.7551700530536171,0.0713423741862604,0.1625991315560685,0.7833517991446723,0.0540490692982591,0.1658656639169847,0.7748972753173559,0.0592370607646595,0.0018963407448997,0.994665271500592,0.0034383877531551,0.1248733331239745,0.8298392743632382,0.0452873925117874,middle,middle,middle,middle,middle,middle
C6,107,middle,0.39726377,0.11573276,0.8336528,0.050614472,0.2351955306885608,0.693288514812428,0.0715159544980112,0.1831784924960858,0.816532597851088,0.0002889096518459,0.1709855431699617,0.7548205952783005,0.0741938615507378,0.1579812832342948,0.7856316169561783,0.0563870998085267,0.1618825612149949,0.7763883104528151,0.06172912833119,0.0014755762682401,0.9949275407007776,0.0035968830296333,0.1217808149783168,0.831023118014878,0.047196067005805,middle,middle,middle,middle,middle,middle
C6,108,middle,0.38097987,0.20542875,0.73436826,0.06020294,0.2610821743387516,0.6704113607877596,0.0685064648724889,0.239398591679067,0.7604353266380004,0.0001660816819609,0.2417181807168586,0.6777079338456978,0.0805738854364436,0.2362972848903845,0.700213925978967,0.0634887891296484,0.2379235536383268,0.6934621283389862,0.0686143180216869,0.0022819819658415,0.9932334536061684,0.0044845644264828,0.1790131607202281,0.7684049596558793,0.0525818796228926,middle,middle,middle,middle,middle,middle
C6,109,middle,0.3915255,0.14958173,0.7960591,0.05435917,0.2458586711125498,0.685274680593481,0.0688666482929692,0.202124268336798,0.7976376143206417,0.0002381173415823,0.1988807339989925,0.7247873797715463,0.0763318862284612,0.1879471332236,0.7528781134126036,0.0591747533627964,0.1912272134562178,0.7444508933202864,0.0643218932224958,0.0019146369421405,0.994085711556041,0.0039996515004111,0.1438990693277131,0.8068595978793072,0.0492413327919796,middle,middle,middle,middle,middle,middle
C6,110,middle,0.38744736,0.1839144,0.7594531,0.056632426,0.2525329887864448,0.681100659071718,0.0663663521408371,0.2161828565419311,0.7836098376467817,0.0002073058103114,0.2249500328683762,0.6978222702178365,0.0772276969127871,0.2158625000103755,0.7234495642887642,0.0606879356998602,0.2185887598677757,0.715761376067486,0.0656498640637383,0.0021643282767304,0.9936382153580776,0.0041974563637298,0.1644826519700334,0.7852305858902245,0.050286762138742,middle,middle,middle,middle,middle,middle
C6,111,middle,0.3958831,0.140674,0.8058905,0.053435434,0.2407423984946704,0.6902959667862311,0.0689616347180985,0.1876439859750518,0.8120801890530903,0.000275824970878,0.1910970925269249,0.7332296183459963,0.0756732891260787,0.1778224888036083,0.7636756752737293,0.0585018359216624,0.1818048699206032,0.7545418581954095,0.0636532718829873,0.0017682742847436,0.9943508253706512,0.0038809003432164,0.1367957210116516,0.8144940999892991,0.0487101789980493,middle,middle,middle,middle,middle,middle
C6,112,middle,0.39136127,0.1914027,0.75129515,0.057302106,0.2522227876879488,0.6814309439695939,0.0663462683414571,0.2026812049800287,0.7970819984244235,0.0002367965945698,0.2300457208500996,0.692244061214941,0.0777102179339593,0.217660324527179,0.7211568263365409,0.0611828491352801,0.2213759434240552,0.712482996800061,0.0661410597748839,0.0021570640884744,0.9936062962546474,0.0042366396554097,0.1665712235901795,0.7827638216637993,0.0506649547450213,middle,middle,middle,middle,middle,middle
C6,113,middle,0.39974964,0.12515007,0.8223853,0.052464586,0.2355846648748048,0.6935606329666688,0.0708547021575264,0.1752919148705154,0.8243941185553909,0.0003139665731127,0.1782088738113128,0.746261263902975,0.0755298622847121,0.163135685973339,0.7789696360312164,0.0578946779944446,0.1676576423247311,0.769157124392744,0.0631852332815248,0.0015985788966783,0.9946178967105278,0.0037835243914313,0.1261428764677294,0.8255223174722648,0.0483348060590058,middle,middle,middle,middle,middle,middle
C6,114,middle,0.39951575,0.14149728,0.804385,0.054117743,0.2396667152640807,0.689732648431565,0.0706006363033542,0.1760254138189851,0.8236630622434509,0.000311523936583,0.1913985682188283,0.7319276734775438,0.0766737583026278,0.1754882438058947,0.7654102749347679,0.0591014812583372,0.1802613411297748,0.7553654944976007,0.0643731643716244,0.0016182635629358,0.9944976586516616,0.0038840777840166,0.1356005717380781,0.8151485355361946,0.0492508927247272,middle,middle,middle,middle,middle,middle
C6,115,middle,0.4056981,0.10107361,0.8476147,0.05131172,0.225348119794436,0.7003470346169457,0.0743048455876183,0.1572481104307952,0.8423693330145089,0.0003825565537134,0.1569829262122934,0.7672343898391392,0.0757826839475673,0.1399579242519338,0.8027399636448883,0.0573021121021777,0.1450654248400417,0.7920882915031635,0.0628462836557945,0.0012462993338654,0.9951269559672176,0.0036267446975943,0.1091106434635065,0.8428479576192451,0.0480413989162483,middle,middle,middle,middle,middle,middle
C6,116,middle,0.40573922,0.11497273,0.83322436,0.05180285,0.2288536842335903,0.6980121702245026,0.0731341455409071,0.1571275188635399,0.8424894042832096,0.0003830768522679,0.1687506429240139,0.7555693102449355,0.0756800468300506,0.1508191011807128,0.7916886195669112,0.0574922792513759,0.1561985637037031,0.7808528267703185,0.0629486095249783,0.0012877307742016,0.9950494009162968,0.0036628683081608,0.1174708554713377,0.8344019703068842,0.048127174220778,middle,middle,middle,middle,middle,middle
C6,117,middle,0.41114983,0.08970814,0.8595723,0.050719567,0.218302231754111,0.705427904345464,0.0762698638994249,0.1417730929782978,0.857769207143148,0.0004576998775707,0.1460786163634928,0.7779613823053186,0.0759600013301884,0.1269463301015403,0.8160467111260437,0.057006958771416,0.132686015980126,0.8046211124798262,0.0626928715390477,0.0010686781939702,0.9953869471950934,0.0035443746096347,0.0997816815335946,0.8523125711587073,0.0479057473066981,middle,middle,middle,middle,middle,middle
C6,118,middle,0.41953334,0.076841004,0.8715732,0.05158579,0.2095742515186975,0.7117397219357041,0.0786860265445983,0.1200157127181032,0.8793831597204173,0.0006011275604957,0.1331736418410378,0.7892006192156237,0.0776257389423385,0.1107840063068267,0.8311114802230684,0.0581045134691049,0.11750089696709,0.8185382219208349,0.063960881111075,0.0008994300005969,0.9955551240351702,0.0035454459629536,0.0883505302254729,0.8627924474494791,0.048857022324048,middle,middle,middle,middle,middle,middle
C6,119,middle,0.39778233,0.14043406,0.7971726,0.062393352,0.2374673652457855,0.6847864663950693,0.0777461683581451,0.1815169133481446,0.8181891120504119,0.0002939746004631,0.1896040779302998,0.7247189053975097,0.0856770166711905,0.1756164649558992,0.7580695668113165,0.0663139682317841,0.1798127488482194,0.7480643683871744,0.072122882763606,0.0014639643974319,0.9941676169241764,0.004368418676994,0.135225552735536,0.8095901805215056,0.0551842667419585,middle,middle,middle,middle,middle,middle
C6,120,middle,0.41903692,0.09596789,0.8394925,0.06453958,0.2149444057421889,0.7002816669614936,0.0847739272953174,0.1212346417090092,0.8781737935924568,0.0005915646975501,0.1497351616242336,0.760097603315991,0.0901672350587753,0.1263077197432155,0.8045706366304449,0.0691216436253396,0.1333359523075209,0.7912287266361089,0.0754353210553703,0.0011205607763454,0.9944764031651006,0.0044030360572302,0.1002821044247351,0.8420406457684249,0.0576772498058399,middle,middle,middle,middle,middle,middle
C6,121,middle,0.42005587,0.09921703,0.83817494,0.06260803,0.2156056644855618,0.7027064666548269,0.0816878688586114,0.1187421181521598,0.8806465300536447,0.0006113517932116,0.1525736663111441,0.75977409297513,0.0876522407127258,0.1283577806299233,0.8042591071676018,0.0673831122014747,0.1356225463342895,0.7909136029098603,0.07346385075485,0.0010823868382174,0.994624184861696,0.0042934282987627,0.1019875064602797,0.8418412483978875,0.0561712451408327,middle,middle,middle,middle,middle,middle
C6,122,middle,0.42645273,0.0888156,0.846281,0.064903446,0.2071723937986209,0.7078575640909746,0.0849700421094044,0.1039317775490022,0.8953175320812985,0.0007506903687161,0.1420007135121484,0.7672982757329738,0.0907010107538776,0.116190559257462,0.8141632680796876,0.0696461726618503,0.1239336055338679,0.8001037703756736,0.0759626240894585,0.0009719128589951,0.9946503507975004,0.0043777363421957,0.0931931823651569,0.8487404154811958,0.0580664021526473,middle,middle,middle,middle,middle,middle
C6,123,middle,0.4261883,0.12463728,0.80062824,0.074734494,0.2164639351296654,0.6977060631252395,0.085830001744095,0.1045155495511369,0.894740073823285,0.0007443766245947,0.1719590305666883,0.7296353180039682,0.0984056514283434,0.1439719341720765,0.7788938206784393,0.077134245148484,0.1523680630904601,0.7641162698760982,0.0835156670324418,0.0012283660047977,0.9937271248526984,0.0050445091411347,0.114583138819055,0.821518983620324,0.0638978775596209,middle,middle,middle,middle,middle,middle
C6,124,middle,0.43308562,0.092832685,0.835398,0.07176933,0.2042303413781022,0.7070778490160465,0.0886918096048512,0.0900782238436031,0.9089949964570976,0.0009267796983168,0.144264244303806,0.7583465248602544,0.0973892308349395,0.1157262149202022,0.8088258117204756,0.075447973358322,0.1242876237352833,0.7936820256624093,0.0820303506013072,0.0010047859967496,0.994151064173302,0.0048441498286288,0.0934669143006574,0.8437992852901999,0.0627338004081426,middle,middle,middle,middle,middle,middle
C6,125,middle,0.43326184,0.088030376,0.8444701,0.06749952,0.2038146582950307,0.7093843171360362,0.086801024567933,0.0897306098319783,0.9093374346188984,0.000931955548141,0.1404258658816822,0.7661641354310365,0.0934099986862811,0.1119048544034343,0.816152413684386,0.0719427319111797,0.1204611578469087,0.8011559302083812,0.0783829119437101,0.0009319302668935,0.9945014570324094,0.0045666126993895,0.0905788509519118,0.8494923119144535,0.0599288371326345,middle,middle,middle,middle,middle,middle
C6,126,middle,0.437754,0.07654075,0.85809827,0.06536103,0.1950043454392117,0.718135712430174,0.086859942129614,0.0812180982034959,0.9177083166603016,0.001073585135221,0.128789216643062,0.7793256933199717,0.0918850900359661,0.1003426548341539,0.8292188443774623,0.0704385007873836,0.1088766233768263,0.8142508990602151,0.0768724775619584,0.0008193599104631,0.9948000542843816,0.0043805858038691,0.0818623075102414,0.8593881878663182,0.0587495046224403,middle,middle,middle,middle,middle,middle
C6,127,middle,0.43331897,0.09130237,0.84011847,0.06857919,0.2029847757582827,0.7089500945996903,0.0880651296410269,0.0896181370775629,0.9094482234584732,0.0009336394629815,0.1428353935345247,0.7625989106667685,0.0945656957977066,0.1144937351313364,0.812723440640682,0.0727828242269815,0.1229962326522928,0.7976860816485078,0.0793176856981989,0.0009274081215156,0.9944796091642856,0.0045929827128867,0.0924790265196058,0.8468844635275184,0.0606365099518756,middle,middle,middle,middle,middle,middle
C6,128,middle,0.43642968,0.07933336,0.8538861,0.06678054,0.196894606855154,0.7147487391449439,0.0883566539989021,0.0836584624846246,0.9153117071060568,0.001029830408337,0.1315519265597668,0.7750389871347452,0.0934090863044879,0.1032428904671552,0.8251797291249819,0.0715773804068626,0.1117356012949386,0.810137506527911,0.0781268921761502,0.0008444325366502,0.9946787963731704,0.0044767710888867,0.0840128091053727,0.8562728289892886,0.0597143619043387,middle,middle,middle,middle,middle,middle
C6,129,middle,0.44468194,0.06519044,0.8710749,0.063734725,0.184043856028479,0.728872602778475,0.0870835411920458,0.0693651465651358,0.9293019217293648,0.0013329317045195,0.1163971887237248,0.7927579441226497,0.0908448671526255,0.0877275092218524,0.8428652775936175,0.06940721318353,0.0963284130724141,0.8278330775523273,0.0758385093742586,0.00070317067453,0.9950536099422012,0.0042432193820035,0.0724221024729479,0.8696382106498534,0.0579396868761987,middle,middle,middle,middle,middle,middle
C6,130,middle,0.4412253,0.05996325,0.88188404,0.05815265,0.1836132677849294,0.731401887067393,0.0849848451466776,0.0750901981161627,0.9237129572022446,0.0011968446806121,0.1118624410364856,0.8025961315557468,0.0855414274067674,0.0847316740235937,0.8506738983730051,0.0645944276024011,0.0928709041274613,0.8362505683278275,0.0708785275437109,0.0006558792767737,0.9954375048048916,0.0039066159170822,0.0698171479147938,0.8760473024471489,0.0541355496370572,middle,middle,middle,middle,middle,middle
C6,131,middle,0.4425191,0.05094541,0.8967814,0.05227316,0.1778925981801846,0.7398493325680447,0.0822580692507706,0.0729039547102523,0.9258498951213356,0.0012461501674317,0.1024522851967291,0.81774755553852,0.0798001592637509,0.0762051236448172,0.8642476973893892,0.0595471789647934,0.0840792721103908,0.8502976548341286,0.0656230730544806,0.0005796007437727,0.9958886433033884,0.0035317559516069,0.0632043542687399,0.886695401951495,0.0501002437787651,middle,middle,middle,middle,middle,middle
C6,132,middle,0.43919992,0.047249228,0.9060909,0.046659894,0.1797016778719858,0.7416288297632895,0.0786694923637247,0.0786187045128988,0.9202579161317468,0.0011233793543734,0.099625893925697,0.8265754072218852,0.0737986988514177,0.0743551517156341,0.8712326768176264,0.0544121714657395,0.0819363743786529,0.857835495938904,0.0602281296814429,0.0005528589076575,0.9962604253118592,0.0031867157792619,0.0615904955109075,0.8924417282821921,0.0459677762059002,middle,middle,middle,middle,middle,middle
C6,133,middle,0.43888494,0.039600592,0.9211546,0.039244805,0.1767589042354597,0.7490316275283273,0.0742094682352128,0.0791792156923243,0.9197084362775098,0.0011123480291847,0.0917781563682418,0.8424376113582919,0.0657842322724663,0.0673832352321357,0.8851068117970444,0.0475099529698197,0.0747017115729675,0.8723060516654185,0.0529922367606137,0.0004936490204977,0.9967694010851628,0.0027369498931386,0.0561496959348529,0.9034218890204,0.0404284150437469,middle,middle,middle,middle,middle,middle
C6,134,middle,0.43563417,0.037940264,0.92576605,0.036293667,0.1784126433964876,0.7491934336834593,0.0723939229190531,0.085152018227856,0.9138436118310922,0.0010043699400699,0.0906405662406853,0.846894679232281,0.0624647545260335,0.0673254100354003,0.8880572236158119,0.0446173663477876,0.0743199568969858,0.8757084603007528,0.0499715828012614,0.0004843305176429,0.996970928278582,0.0025447412025791,0.0558610503021528,0.9060240772952544,0.0381148724015927,middle,middle,middle,middle,middle,middle
C6,135,middle,0.43307406,0.034146804,0.93354225,0.03231096,0.1779104388470077,0.7529127952788988,0.0691767658730934,0.0901010701330971,0.9089724888385436,0.0009264410273768,0.0868351286571903,0.8554195818552363,0.0577452894865734,0.0648827865605076,0.8944345050997723,0.04068270833872,0.0714684891895124,0.8827300281264114,0.045801482683076,0.0004614077082124,0.9972345110049629,0.0023040812856383,0.0537167188191899,0.911356148846092,0.0349271323337182,middle,middle,middle,middle,middle,middle
C6,136,middle,0.4312298,0.033266157,0.9358271,0.030906806,0.1786556611064229,0.7532651460193696,0.0680791928732075,0.0938026740712655,0.9053234183879436,0.000873907539808,0.0861656851358629,0.8577805362145027,0.0560537786486343,0.0649524379029362,0.8957951051563057,0.0392524569397581,0.0713164120728142,0.8843907344737648,0.044292853452421,0.0004577674489807,0.9973305353311276,0.0022116972187077,0.0536017509168583,0.9126256846881476,0.0337725643939942,middle,middle,middle,middle,middle,middle
C6,137,middle,0.42987746,0.03031262,0.9417382,0.027949253,0.1779746075425467,0.7566355148702257,0.0653898775862276,0.0965904333645177,0.9025723653782152,0.000837201256284,0.0830405763746956,0.8645862865580071,0.0523731370662973,0.0626945335123575,0.9010704979617448,0.0362349685248976,0.0687983463710589,0.8901252345406235,0.0410764190873175,0.0004385625601649,0.997527586224308,0.0020338512143505,0.0517084004183377,0.9169758224615852,0.0313157771190771,middle,middle,middle,middle,middle,middle
C6,138,middle,0.43030164,0.02995365,0.94222295,0.027823452,0.1772452119401528,0.7572582921786739,0.0654964958801732,0.0957092931188203,0.9034421532127392,0.0008485536674578,0.082488964582705,0.8652355959360177,0.052275439480277,0.0621049848773869,0.9017815611945028,0.0361134539271102,0.0682201787889823,0.8908177716169573,0.0409620495930602,0.0004330878359498,0.997548750007826,0.0020181621550486,0.0512734060507264,0.9175005162147148,0.0312260777335587,middle,middle,middle,middle,middle,middle
C6,139,middle,0.42868012,0.0284328,0.9455067,0.026060535,0.1773730069397106,0.7588543370358508,0.0637726560234385,0.0991109942583306,0.9000830750252007,0.0008059307154858,0.0809750763270938,0.8690152056927347,0.0500097179791714,0.0614095717719067,0.9043223926891027,0.0342680355379905,0.0672792231384628,0.8937302365901922,0.0389905402703448,0.0004253632640699,0.9976603664810868,0.0019142702536716,0.0505657581698668,0.9197127690629554,0.0297214727661777,middle,middle,middle,middle,middle,middle
C6,140,middle,0.42632744,0.028976118,0.94537306,0.025650855,0.1793445958146492,0.7576247212106215,0.0630306829737292,0.1042080630028262,0.895044244379458,0.0007476926167326,0.0820476161455325,0.8685775105496559,0.0493748733038117,0.0632634828026378,0.9029323915977993,0.0338041255985629,0.0688987228055062,0.8926259272833562,0.0384753499101375,0.0004355547525015,0.99767774744624,0.0018866978000853,0.0517829307922573,0.9188888823241168,0.0293281868826257,middle,middle,middle,middle,middle,middle
C6,141,middle,0.42738637,0.027864942,0.9470936,0.025041394,0.1783218463503356,0.7592562180417434,0.0624219356069209,0.1018901196417347,0.897336488322574,0.000773392034708,0.0806388372596513,0.87076890860844,0.0485922541309085,0.0615309060096107,0.9052889754070343,0.0331801185823547,0.0672632853846229,0.894932955367456,0.0378037592469208,0.0004248931497117,0.9977272351492832,0.0018478716998351,0.0505536873258972,0.920631525312952,0.0288147873601506,middle,middle,middle,middle,middle,middle
C6,142,middle,0.42736092,0.027839499,0.9471693,0.024991216,0.1786252733858419,0.7589864471396135,0.0623882794735445,0.1019453734244321,0.8972818619480184,0.0007727646265662,0.0806890232243396,0.8707806034171002,0.0485303733575602,0.0615190477341052,0.9053544580207552,0.0331264942441396,0.0672700403811755,0.8949823016396588,0.0377476579781658,0.0004241232092437,0.9977325404966084,0.0018433362929777,0.0505585610881947,0.9206698613539354,0.02877157755687,middle,middle,middle,middle,middle,middle
C6,143,middle,0.42821988,0.02746794,0.9475988,0.024933243,0.1775709850903388,0.7598693948966815,0.0625596200119795,0.1000930018451019,0.899112789116638,0.000794209037277,0.0800341163892993,0.8714472568764442,0.0485186267332563,0.0606646210831033,0.9062581045236398,0.0330772743922568,0.0664754696749621,0.8958148502294812,0.0377096800945566,0.0004186714192171,0.9977417395703306,0.0018395890092834,0.049961270111028,0.9212965725647324,0.0287421573232395,middle,middle,middle,middle,middle,middle
C6,144,middle,0.42876065,0.027954586,0.9466721,0.02537335,0.1778436385896648,0.7590932563277472,0.0630631050815881,0.0989399280315397,0.900252073518067,0.0008079984494102,0.0806058957954904,0.8702868087644393,0.0491072954390702,0.0608799683029432,0.9055765127990604,0.0335435188969964,0.0667977465507074,0.8949896015886741,0.0382126518596185,0.0004206764853421,0.9977136987088446,0.0018656248046432,0.0502034790343682,0.920670625868756,0.0291258950958759,middle,middle,middle,middle,middle,middle
C6,145,middle,0.42909992,0.027378967,0.9475052,0.025115887,0.1769953786800403,0.7601351279103319,0.0628694934086278,0.0982216511107805,0.900961583169279,0.0008167657189574,0.0797916969548022,0.8714137461265189,0.0487945569176785,0.0600982652825931,0.906620359547761,0.0332813751686458,0.0660062947842558,0.8960583755213883,0.0379353296933556,0.000415351642617,0.9977335911848708,0.0018510571713435,0.0496085589988482,0.921477179437298,0.0289142615628538,middle,middle,middle,middle,middle,middle
C6,146,middle,0.42858744,0.027286006,0.9478394,0.024874609,0.1769164016040195,0.7602207267227455,0.062862871672235,0.0993081683330846,0.899888274680625,0.0008035569853073,0.0796791780275829,0.8717857023281151,0.048535119643302,0.0602771181197407,0.906702592179217,0.0330202897000421,0.0660977360920934,0.8962275252238865,0.0376747386830201,0.0004154666839097,0.9977471501128424,0.0018373832020796,0.0496771687400495,0.9216074314461642,0.0287153998127862,middle,middle,middle,middle,middle,middle
C6,147,middle,0.42978978,0.027106479,0.9477142,0.025179258,0.1756965264261082,0.7610903673706569,0.0632131062022348,0.0967733364991484,0.902391790727632,0.0008348727722367,0.0791766636897853,0.8718689111031533,0.0489544252060611,0.0594458666490776,0.9071942661527836,0.0333598671971387,0.0653651057612899,0.8965966596378945,0.0380382345998154,0.0004106950992335,0.9977355812673304,0.0018537236322684,0.0491265030957779,0.921881390045292,0.0289921068579299,middle,middle,middle,middle,middle,middle
C6,148,middle,0.43004274,0.027085228,0.94771934,0.025195386,0.1756734633565627,0.7610805496163301,0.0632459870261071,0.0962463572377271,0.902912035239835,0.0008416075214551,0.0791479743633877,0.8718715847708383,0.048980440864774,0.059291196872054,0.9073294578938652,0.0333793452330806,0.0652482301194541,0.8966920959569573,0.0380596739225886,0.0004095762149483,0.9977351349256646,0.0018552888582193,0.0490385666433297,0.9219528556991728,0.0290085776564975,middle,middle,middle,middle,middle,middle
C6,149,middle,0.43056393,0.02697654,0.9478453,0.02517822,0.1750550011183433,0.7615693754300914,0.063375623450565,0.0951675195615503,0.9039768338646796,0.0008556465727874,0.0788783759426456,0.8721249019615416,0.0489967220948128,0.0589065050326549,0.907726767498549,0.0333667274677961,0.0648980663056521,0.8970462078374467,0.0380557258559011,0.0004071391136158,0.9977384220032888,0.0018544388819281,0.048775334507645,0.9222192613789458,0.0290054041124091,middle,middle,middle,middle,middle,middle
C6,150,middle,0.42780825,0.028282622,0.9460726,0.025644816,0.1777088602397558,0.7591295147129117,0.0631616250463325,0.1009775002773002,0.8982386368766563,0.0007838628450604,0.0809111631517931,0.8696729614216782,0.0494158754255287,0.0617283229468084,0.9044502423512508,0.0338214347009408,0.0674831750083038,0.8940170580723791,0.0384997669183171,0.0004245908526367,0.9976930996999718,0.0018823094462202,0.0507185289693891,0.9199360684793166,0.0293454025502942,middle,middle,middle,middle,middle,middle
C6,151,middle,0.4302209,0.027517602,0.9469814,0.025501058,0.1761716384962662,0.7606259328399115,0.0632024286628223,0.0958765278245489,0.9032770904612206,0.0008463817132476,0.0797233958652428,0.8709881592594632,0.0492884448742941,0.0596496167017151,0.9066509513218448,0.03369943197544,0.0656717504507734,0.8959521137031302,0.0383761358450962,0.0004135704484503,0.9977129376027216,0.0018734919476593,0.0493572054501947,0.921392319678067,0.0292504748707382,middle,middle,middle,middle,middle,middle
C6,152,middle,0.42877644,0.027510684,0.94736403,0.025125258,0.1776111218575687,0.7597021186188823,0.0626867595225491,0.0989063994603731,0.9002851959096733,0.0008084046289705,0.0800848295564866,0.8711590192317286,0.0487561512107848,0.0604086497634965,0.906304787114186,0.0332865631213174,0.0663115037013935,0.8957610567494488,0.0379274395481576,0.000416892513251,0.9977314807383448,0.0018516267472352,0.04983785090436,0.9212536627467116,0.0289084863479282,middle,middle,middle,middle,middle,middle
C6,153,middle,0.4315061,0.027751304,0.9462463,0.026002357,0.1756178911865667,0.7603177541534116,0.0640643546590217,0.093240778296664,0.9058776286045042,0.000881593097849,0.0798200783801414,0.8701446110316052,0.0500353105872532,0.0592258011550365,0.9065345778820258,0.0342396209619376,0.065404084322568,0.8956175878268995,0.0389783278495322,0.0004114723416929,0.997686364152241,0.0019021635048969,0.0491559313273513,0.921134781908274,0.0297092867633747,middle,middle,middle,middle,middle,middle
C6,154,middle,0.43216893,0.028396508,0.9450191,0.026584303,0.1757973309723367,0.759529497615673,0.0646731714109902,0.0919033646561898,0.9071963415582136,0.000900293784614,0.0805305467097904,0.8686759983705417,0.0507934549186679,0.059557053333725,0.9055927125192312,0.0348502341460438,0.0658491013465446,0.8945176982746242,0.039633200377831,0.0004143755409132,0.997646879299981,0.0019387451579352,0.0494904198951389,0.9202999935310028,0.0302095865728583,middle,middle,middle,middle,middle,middle
C6,155,middle,0.4339731,0.028413089,0.9442355,0.027351374,0.1738387598893549,0.7604183560851573,0.0657428840244878,0.0883381648303851,0.9107087077971926,0.0009531273714401,0.0800401916155368,0.8680862683206091,0.051873540062854,0.0586650442044968,0.9056588538691164,0.0356761019253868,0.0650775884278088,0.8943870782045642,0.040535333366627,0.0004097735926236,0.997605423421465,0.0019848029847407,0.0489106347190146,0.9201916645088286,0.0308977007711567,middle,middle,middle,middle,middle,middle
C6,156,middle,0.43381295,0.028400745,0.9444979,0.027101412,0.1742605093975036,0.7601707017388685,0.0655687888626279,0.0886502285121021,0.9104014510384691,0.0009483204484465,0.0801385513890386,0.8682956011396522,0.0515658474703091,0.0587359814068963,0.9058532880447804,0.0354107305473232,0.065156752401539,0.894585981973242,0.040257265624219,0.0004098586915545,0.997617219121335,0.0019729221859398,0.0489700289740449,0.9203437912603044,0.0306861797646505,middle,middle,middle,middle,middle,middle
C6,157,middle,0.43551704,0.029069027,0.942572,0.028358994,0.1735733546740061,0.759495027079567,0.0669316182454269,0.0853736764311905,0.9136256511253076,0.0010006724425201,0.0806369421268911,0.866146195740252,0.0532168621318567,0.0585870228947729,0.9046788511774728,0.0367341259267542,0.0652019986644083,0.8931190545463065,0.0416789467882849,0.0004107921592678,0.9975439826595078,0.002045225180052,0.0490041970381253,0.9192252865746464,0.0317705163862281,middle,middle,middle,middle,middle,middle
C6,158,middle,0.4366483,0.029035069,0.94246376,0.028501185,0.1734925994310864,0.7595561838043229,0.0669512167635907,0.0832516360943878,0.9157114292104264,0.001036934694204,0.0805779417418299,0.8660504253382053,0.0533716329189646,0.0580177016640629,0.9050892353808196,0.0368930629541172,0.064785773687393,0.8933775923680355,0.0418366339435714,0.0004081196269873,0.9975360141926656,0.0020558661791747,0.0486913601722937,0.9194171978242328,0.0318914420024736,middle,middle,middle,middle,middle,middle
C6,159,middle,0.43482205,0.029263487,0.9424284,0.028308142,0.1745205009533023,0.7587320298421235,0.0667474692035741,0.0866983058033288,0.912322696755794,0.0009789974398951,0.0810778756054428,0.8658090880044793,0.0531130363890777,0.0591223278812459,0.9042067528733124,0.0366709192444417,0.0657089921985049,0.8926874534126624,0.0416035543878325,0.0004140639391058,0.9975394219177278,0.0020465141419935,0.0493852601336573,0.9189004455389684,0.0317142943263741,middle,middle,middle,middle,middle,middle
C6,160,middle,0.43389755,0.028648019,0.9439725,0.027379518,0.175197408908411,0.7591131833122022,0.0656894077783867,0.0884852632351154,0.9105638797773828,0.0009508569865197,0.0806256066661281,0.8674897391974169,0.0518846541354549,0.0589475698440353,0.9053524140189269,0.0357000161360377,0.0654509808906631,0.8939936115724739,0.0405554075358629,0.0004122866600726,0.9975959991379376,0.0019917142008185,0.0491913073330176,0.9198942084638791,0.0309144842021031,middle,middle,middle,middle,middle,middle
C6,161,middle,0.45037955,0.028858045,0.93760806,0.03353382,0.1637563258407862,0.7644817084066375,0.0717619657515761,0.0607150692423704,0.9376948776501944,0.0015900531064565,0.077845373174173,0.8623880475684399,0.0597665792563871,0.0520850574891536,0.9056913424603692,0.0422236000494771,0.0598131521946594,0.8927003539927905,0.0474864938115501,0.0003770831847191,0.9972911701560824,0.0023317466580258,0.0449541349421763,0.9188480580336532,0.0361978070231706,middle,middle,middle,middle,middle,middle
C6,162,middle,0.4462752,0.02861887,0.9392496,0.032131597,0.1643705727296382,0.7648037360900346,0.0708256911793273,0.0668494630136131,0.9317500168400948,0.0014005201453123,0.0777799829004697,0.8641103629747514,0.0581096541237786,0.0533997057439523,0.9058469326957882,0.0407533615592594,0.0607137888909075,0.8933259617794772,0.0459602493286152,0.0003801791712344,0.997346327852069,0.0022734929755244,0.0456303864609912,0.9193310532976648,0.035038560240344,middle,middle,middle,middle,middle,middle
C6,163,middle,0.4467305,0.02858352,0.93920165,0.032214824,0.1642053413076148,0.7648803087697702,0.0709143499216149,0.0661445798199378,0.9324349922103878,0.001420427968695,0.0776998849700146,0.8640822316682376,0.0582178833607477,0.0531846967899421,0.9059708987832172,0.0408444044258407,0.0605392532439638,0.8934042986487234,0.0460564481063128,0.0003792560126477,0.9973458098240618,0.0022749341621183,0.0454992539361367,0.9193896764425976,0.0351110696202657,middle,middle,middle,middle,middle,middle
C6,164,middle,0.44993588,0.02937228,0.9357744,0.034853335,0.1619803720268394,0.7650866635489265,0.0729329644232341,0.0613546213007078,0.9370769390519892,0.0015684396463242,0.0779077009277384,0.8607130870834884,0.0613792119877732,0.0527512626839339,0.9037106569202876,0.0435380803947785,0.0602981941570752,0.8908113859692479,0.0488904198726769,0.000378728428995,0.9971995989054604,0.0024216726643693,0.0453183277250572,0.9174084392033413,0.0372732330706016,middle,middle,middle,middle,middle,middle
C6,165,middle,0.45374623,0.029300261,0.9341214,0.036578383,0.1587509250360091,0.7668011508904438,0.0744479240725471,0.0560424133211092,0.9421939819968308,0.0017636046810821,0.0769885612504723,0.8595236151966144,0.0634878235519133,0.0513114329391473,0.9033718236265624,0.0453167434332903,0.0590145714325448,0.890217361097578,0.0507680674688771,0.0003708517484199,0.9971043479180404,0.0025248003323637,0.0443536415115155,0.916939107802734,0.0387072506847505,middle,middle,middle,middle,middle,middle
C6,166,middle,0.45637932,0.03048484,0.9297352,0.039780017,0.1561208125279288,0.7669724141368102,0.0769067733342609,0.0526040273568168,0.9454841387198856,0.0019118339223203,0.0774867267921978,0.8552814594044367,0.0672318138023655,0.0516075299209937,0.8999093915476789,0.0484830785303273,0.0593712889823549,0.8865210119047063,0.0541076991119387,0.000374065575614,0.9969178026907576,0.0027081317324474,0.0446219831306717,0.9141202096012604,0.0412578072670677,middle,middle,middle,middle,middle,middle
C6,167,middle,0.46138558,0.03020817,0.92746145,0.042330366,0.1529819071291347,0.7682979702941841,0.0787201225756811,0.0465641022409545,0.9512086692416396,0.0022272285164297,0.0763647900384905,0.8534598181589634,0.070175391801546,0.0497603398075581,0.899187491192299,0.0510521689991427,0.0577416748768378,0.8854691892822983,0.0567891358398637,0.0003643955754147,0.9967780804730167,0.002857523950386,0.043397355051484,0.9132964120800195,0.0433062328674962,middle,middle,middle,middle,middle,middle
C6,168,middle,0.47055346,0.03249297,0.9165054,0.05100166,0.1465604156254256,0.7683869302265113,0.085052654147063,0.0370574885746579,0.960003821934825,0.0029386894895425,0.0769135301499418,0.8431850519108551,0.0799014179382031,0.0495377976733922,0.8910892760870919,0.0593729262385158,0.0577505174163571,0.8767180088342209,0.065531473748422,0.0003672914460129,0.9962924090868936,0.0033402994658997,0.0434047109237731,0.906611608897433,0.0499836801777938,middle,middle,middle,middle,middle,middle
C6,169,middle,0.4835607,0.03510001,0.8993177,0.065582246,0.1388270844605139,0.7680746855722534,0.0930982299662327,0.0265378928122228,0.9691294559285905,0.0043326512582128,0.0773059872186242,0.8277004793872851,0.0949935333930906,0.0492336893065722,0.877964171976326,0.0728021387161018,0.0576553786801877,0.8628850641996136,0.0794595571191984,0.0003724739595166,0.995469612200975,0.0041579138382958,0.0433346525000223,0.8960312012000017,0.060634146298976,middle,middle,middle,middle,middle,middle
C6,170,middle,0.49388233,0.039400533,0.8695114,0.09108809,0.1313939920084507,0.7634965677218256,0.1051094402687237,0.0202153368334056,0.9739127949691452,0.0058718681964745,0.0791810876940715,0.8013908629297006,0.1194280493752276,0.0513864241074172,0.8539949193495551,0.0946186565420278,0.0597248231834134,0.8382137024235987,0.1020614743919877,0.0003970286601059,0.9940099336821514,0.0055930376564953,0.0448928745525893,0.8771627602382911,0.0779443652081194,middle,middle,middle,middle,middle,middle
C6,171,middle,0.5033934,0.042865217,0.836924,0.1202108,0.1249836245549235,0.7594747897935872,0.1155415856504893,0.0156550632565775,0.9765993560983968,0.0077455806440489,0.0803945309672506,0.774652711047285,0.1449527579844642,0.0530623912536052,0.8289338514101638,0.1180037573352308,0.0612620331676988,0.8126495093013002,0.1260884575300008,0.0004212166281416,0.9922332614085276,0.0073455219620446,0.0460518290328128,0.8575454473281684,0.0964027236380186,middle,middle,middle,middle,middle,middle
C6,172,middle,0.5055533,0.04706872,0.813908,0.13902324,0.1237545823769927,0.756037333934465,0.1202080836875422,0.0147632581037681,0.976991938749542,0.008244803145712,0.0836850576463653,0.7561994240007188,0.1601155183519159,0.0564372251569941,0.8114380780853625,0.1321246967566435,0.0646115749038054,0.7948664818599693,0.1405219432352251,0.0004556139872998,0.9908641969250588,0.0086801890863259,0.0485725846746828,0.8438659106263082,0.1075615046980088,middle,middle,middle,middle,middle,middle
C6,173,middle,0.5136125,0.04765771,0.7944274,0.15791489,0.1202882975338686,0.75375564396306,0.1259560585020713,0.0118398822618065,0.977766646922114,0.0103934708150987,0.0831004297385882,0.7415031894120967,0.1753963808483149,0.0559883262235941,0.7975059395259348,0.1465057342494709,0.0641219572780923,0.7807051144917835,0.155172928229124,0.0004626103718819,0.9895151949602324,0.0100221946665463,0.0482071205515438,0.8329076346089664,0.1188852448384897,middle,middle,middle,middle,middle,middle
C6,174,middle,0.51849055,0.05074585,0.76092035,0.18833382,0.118407916473988,0.7495704218865761,0.1320216616384359,0.0103458178866269,0.9777106347696388,0.0119435473427504,0.0850282812244644,0.7166474209496526,0.1983242978248829,0.0580127557725188,0.7736824758701495,0.1683047683563317,0.0661174134081024,0.7565719593940005,0.177310627196897,0.0004918725152244,0.9873883925448188,0.0121197349385759,0.0497110281848877,0.8142760676817826,0.1360129041323297,middle,middle,middle,middle,middle,middle
C6,175,middle,0.5289565,0.052335385,0.70989555,0.23776905,0.1120234380368536,0.7450860458251695,0.1428905161369768,0.0077214271004735,0.9762358499675592,0.0160427229309766,0.0843389543444315,0.6810711254084183,0.2345899202461501,0.0582634516103559,0.7388585764439707,0.2028779719446734,0.0660861024305786,0.7215223411333049,0.2123915564351164,0.0005163889157838,0.9836745486075368,0.0158090624752338,0.0496936740518854,0.7870603930019505,0.1632459329451639,middle,middle,middle,middle,middle,middle
C6,176,middle,0.52098805,0.052849185,0.7453163,0.20183447,0.1179327618612532,0.747360574021797,0.1347066641159498,0.0096518476607534,0.9775281292931944,0.0128200230450668,0.0866143276654819,0.7051922610877877,0.2081934112457303,0.0595440981069324,0.7627341520491936,0.1777217498428739,0.0676651669744973,0.7454715847607718,0.1868632482637308,0.0005149635442468,0.98503372092249,0.0144513155318566,0.0508776161169398,0.8053621188012833,0.1437602650807769,middle,middle,middle,middle,middle,middle
C6,177,middle,0.5272335,0.052462578,0.71912503,0.22841236,0.1136380235917778,0.7460742163518259,0.1402877600553963,0.0081047947825908,0.976608346576116,0.0152868586403038,0.084937608432699,0.6873905393117532,0.2276718522545477,0.0585543024098475,0.7450240692913609,0.1964216282977914,0.066469294216703,0.7277340102974786,0.2057966954848183,0.000517191020604,0.983606287338907,0.0158765216390524,0.0499812684176837,0.7917020795579222,0.1583166520233941,middle,middle,middle,middle,middle,middle
C6,178,middle,0.52223736,0.051987156,0.74147356,0.20653923,0.1159983575342925,0.7472610920660177,0.1367405503986898,0.0093215131023043,0.9773974160255948,0.0132810708711147,0.0853247525290495,0.702679433027665,0.2119958144422854,0.0586555404275666,0.7602135161608251,0.1811309434106081,0.0666563040580115,0.7429532912208772,0.1903904047201113,0.0005089115296998,0.9847038258972176,0.0147872625716718,0.0501194559259387,0.8033909248900447,0.1464896191830165,middle,middle,middle,middle,middle,middle
C6,179,middle,0.5195219,0.049533755,0.7643374,0.18612882,0.1170913213273555,0.7502263244250836,0.1326823542465608,0.0100536926578524,0.977647960735484,0.0122983466056794,0.0836473332824891,0.7193160333753728,0.197036633341138,0.0568879279094912,0.776171438640475,0.1669406334490337,0.0649157495213905,0.7591148170609444,0.175969433416665,0.0004851072497734,0.9863819839318196,0.0131329088170254,0.0488080889534909,0.815931608778741,0.135260302266768,middle,middle,middle,middle,middle,middle
C6,180,middle,0.50754213,0.046515007,0.81486434,0.13862069,0.1230893136208427,0.7553113695785975,0.1215993167995597,0.0139844815709341,0.9772838887142918,0.0087316297137957,0.0830203785650953,0.7567824140590702,0.1601972073748344,0.0557441715687562,0.8122755417756677,0.1319802866545761,0.0639270336676579,0.7956276034606885,0.1404453628706535,0.0004553629742354,0.9898171826027528,0.0097274544216911,0.0480591159943061,0.8441749982462723,0.1077658857584215,middle,middle,middle,middle,middle,middle
C6,181,middle,0.5027605,0.043390177,0.83643895,0.12017085,0.1243510413816973,0.7597438061191563,0.1159051524981465,0.0159257947347354,0.9764693280290246,0.0076048772352632,0.0807251251121142,0.7742922229836685,0.1449826519032173,0.0536188126425627,0.8284736050758211,0.1179075822806161,0.0617507063834281,0.8122191904481753,0.1260301031673964,0.0004291571091452,0.9915605240790596,0.0080103188105039,0.0464203190648608,0.8570545238559588,0.0965251570781803,middle,middle,middle,middle,middle,middle
C6,182,middle,0.49763444,0.041947413,0.8520599,0.10599267,0.1268435643220803,0.7621887631521209,0.1109676725247985,0.0182856548380989,0.9751621773902583,0.0065521677706672,0.0802161925430987,0.7870236391431362,0.132760168312765,0.0530767167897622,0.8402669895290743,0.1066562936801632,0.0612185595157631,0.8242939844132929,0.1144874560699437,0.0004176532863141,0.992654052340208,0.0069282943722061,0.046018332958404,0.8663840013950808,0.0875976656455153,middle,middle,middle,middle,middle,middle
C6,183,middle,0.4934488,0.0422074,0.86129457,0.09649805,0.1310340036604584,0.7631487066015228,0.1058172897370187,0.020450091929141,0.973752122537268,0.0057977855326162,0.0816620447213605,0.7944710089169761,0.1238669463606633,0.0540160666855622,0.8471218630970073,0.0988620702164304,0.0623098600963017,0.831326606842998,0.1063635330597002,0.0004208706074576,0.9933371462575205,0.0062419831337617,0.0468376127240937,0.8718292416966854,0.0813331455782209,middle,middle,middle,middle,middle,middle
C6,184,middle,0.49716693,0.041669216,0.8566165,0.10171432,0.1289230964893178,0.7628304411477188,0.1082464623619633,0.0185163781780277,0.975020173808568,0.0064634480124291,0.0805423062660877,0.7907658141531598,0.1286918795797525,0.052940626482637,0.8438132477135613,0.1032461258028018,0.0612211304176721,0.8278990176454409,0.110879851935887,0.0004153390481081,0.993147765735626,0.0064368952150015,0.0460196825752842,0.8692112046680445,0.0847691127556712,middle,middle,middle,middle,middle,middle
C6,185,middle,0.4852418,0.03851948,0.88504046,0.07644011,0.1368159086289209,0.7660223565844019,0.0971617347856772,0.0253976529495264,0.9700486739837608,0.0045536730657389,0.0799431799605099,0.8147966389898665,0.1052601810486235,0.0520886189461389,0.865803213019262,0.0821081680335989,0.0604449872504502,0.8505012408104434,0.0890537719381062,0.0003993600171448,0.9945398556683276,0.0050607843132946,0.0454335804421265,0.8865108945249661,0.0680555250319073,middle,middle,middle,middle,middle,middle
C6,186,middle,0.47458526,0.034933902,0.90610874,0.058957394,0.1433011836535589,0.7674161859351596,0.0892826304102815,0.0334531321067998,0.9632303345040032,0.0033165333882227,0.0783847132098119,0.8334674740237705,0.0881478127654175,0.0509227021646137,0.8824210078833487,0.0666562899510374,0.0591613054781731,0.8677349477254754,0.0731037467953514,0.0003823918856161,0.9956621312523068,0.0039554768608691,0.0444665770800362,0.89971674360723,0.0558166793117337,middle,middle,middle,middle,middle,middle
C6,187,middle,0.47047713,0.035102323,0.9090291,0.055868547,0.1471657360777924,0.7653452443079911,0.0874890196132164,0.0371289415635663,0.9599391062610866,0.0029319521743723,0.0795784358707139,0.835525483329135,0.084896080799151,0.0520692355000218,0.8841739518982712,0.063756812600707,0.0603219956112294,0.8695794113275304,0.0700985930602402,0.000387942443356,0.9959190255050084,0.003693032050431,0.0453384823192634,0.901164314871946,0.0534972028077906,middle,middle,middle,middle,middle,middle
C6,188,middle,0.4647055,0.03220057,0.92002,0.047779378,0.1499690942478575,0.7677413179982383,0.0822895877529042,0.0428993909805128,0.9546373241349738,0.0024632848835377,0.0775342692799601,0.8462606702985942,0.0762050604204456,0.0507668442608751,0.8929846704402538,0.0562484852978709,0.0587970717666006,0.878967470397756,0.0622354578346433,0.0003746278225508,0.9963993789327116,0.0032259932435457,0.0441914607805902,0.9083254475315384,0.0474830916868712,middle,middle,middle,middle,middle,middle
C6,189,middle,0.46090433,0.031734116,0.923997,0.044268873,0.1530511241631998,0.7667330709593756,0.0802158048764246,0.0471173601438449,0.9506877736472206,0.0021948662079582,0.0779030317646634,0.8497296045736971,0.0723673636606394,0.0514195897732592,0.8957182819588303,0.0528621282669105,0.0593646223706804,0.8819216787432903,0.0587136988850291,0.0003761522084026,0.9966222541527744,0.0030015936376355,0.0446175048301131,0.910596822595704,0.0447856725731828,middle,middle,middle,middle,middle,middle
C6,190,middle,0.4567722,0.029876202,0.93057346,0.039550368,0.1554666173118781,0.7677471992942999,0.0767861833928218,0.0521067871905764,0.9459582632976962,0.00193494951075,0.0767011100844032,0.8563044915540969,0.0669943983604999,0.0508611520727901,0.9008572583847674,0.0482815895414424,0.058613139476274,0.8874914283355663,0.0538954321871596,0.00036925165452,0.9969061500237164,0.0027245983205835,0.0440521675208375,0.9148451087576448,0.0411027237205175,middle,middle,middle,middle,middle,middle
C6,191,middle,0.45233768,0.029831516,0.933575,0.03659351,0.1602291852148814,0.7652271775436507,0.074543637240468,0.0579589490601389,0.9403521551545212,0.0016888957843617,0.0779081232823453,0.8585797793668055,0.063512097349849,0.0523405642436786,0.9023610237694852,0.0452984119858358,0.0600108319552786,0.8892266504486815,0.0507625175950397,0.0003769099925201,0.9970778677329694,0.0025452222733328,0.045102351464591,0.9161894547697942,0.0387081937646147,middle,middle,middle,middle,middle,middle
C6,192,middle,0.4494275,0.02818618,0.9387111,0.033102732,0.1621778683879302,0.7664148762927047,0.0714072553183651,0.0620944158074247,0.9363615658808384,0.0015440183107579,0.0767578504614454,0.8639847657252654,0.0592573838122892,0.0517369872231275,0.9064714382805372,0.0417915744953351,0.0592432461946228,0.8937254365139558,0.0470313172904213,0.0003707855219982,0.9972922418510018,0.002336972625828,0.0445251310264686,0.9196171378482568,0.0358577311242745,middle,middle,middle,middle,middle,middle
C6,193,middle,0.45533293,0.027182324,0.93818736,0.034630287,0.1575168680958131,0.7694676724773973,0.0730154594257895,0.0539482245253377,0.9442002230112408,0.001851552462444,0.0745054178826028,0.8642601297315564,0.0612344523848407,0.0486132560254449,0.907943268992303,0.0434434749812519,0.0563809045825922,0.8948383272140791,0.0487807682023285,0.0003520225248272,0.9972390067804217,0.0024089706935811,0.0423736840681528,0.920438497105704,0.0371878188251433,middle,middle,middle,middle,middle,middle
C6,194,middle,0.4504533,0.026244083,0.94262296,0.031132977,0.1606277573294153,0.7695689207179278,0.0698033219516569,0.0606092864844793,0.9377970396081048,0.0015936739064371,0.0743617717107551,0.8687496685708399,0.0568885597174049,0.0493571542789879,0.910806697823324,0.0398361478966881,0.056858539508518,0.8981895890475787,0.0449518714429031,0.0003525829227792,0.9974316502980198,0.0022157667780349,0.0427320503620851,0.9230001043602272,0.0342678452766875,middle,middle,middle,middle,middle,middle
C6,195,middle,0.44878685,0.025417663,0.9452827,0.029299665,0.1622749168357095,0.7695978289715053,0.0681272541917851,0.0630372398504567,0.93544899752615,0.0015137626224142,0.0739294113613465,0.8714832185487648,0.0545873700888886,0.049119992207474,0.9129460105329288,0.0379339972585968,0.0565628179536357,0.9005071729376797,0.0429300091076843,0.000349912281133,0.9975487435738146,0.0021013441438894,0.0425095915355118,0.9247675655967512,0.0327228428667369,middle,middle,middle,middle,middle,middle
C6,196,middle,0.44513428,0.024713073,0.94814163,0.027145328,0.1654027278034631,0.7687912101855817,0.0658060620099551,0.0686431334130894,0.9300050695776024,0.0013517970083283,0.0739988592915305,0.874244919177798,0.0517562215296713,0.0498089626764714,0.9145483807226422,0.0356426565998861,0.0570659316609891,0.9024573422591892,0.0404767260788216,0.0003521345960924,0.9976759621258648,0.0019719032768822,0.0428874823947666,0.9262619972258952,0.030850520378338,middle,middle,middle,middle,middle,middle
C6,197,middle,0.44631132,0.023920301,0.9494139,0.026665797,0.1643222533688782,0.7701249248498818,0.06555282178024,0.0667933152744977,0.9318045949817978,0.0014020897427248,0.072880461783926,0.8759177317290978,0.0512018064859761,0.0484982257162235,0.9163376518218328,0.0351641224609437,0.0558128965365342,0.9042116757940122,0.0399754276684534,0.0003438774557778,0.9977182757568774,0.0019378467861867,0.0419456417663468,0.9275883257847652,0.0304660324478879,middle,middle,middle,middle,middle,middle
C6,198,middle,0.4423904,0.023648124,0.9511586,0.025193268,0.1668472811497295,0.7692731871028068,0.0638795317464637,0.0731190633372129,0.9256397760783286,0.0012411605834781,0.073246271282043,0.8775414916402364,0.0492122370767205,0.0498142159560191,0.9166331403403604,0.0335526437026204,0.0568438325538262,0.9049056457303234,0.0382505217148504,0.000349476741155,0.9977990604934592,0.0018514627642286,0.0427202436006601,0.9281289994211438,0.0291507569771961,middle,middle,middle,middle,middle,middle
C6,199,middle,0.44125783,0.023048945,0.952585,0.024366064,0.1674886171892306,0.7694578354133744,0.0630535473963949,0.0750345622777439,0.9237673759769892,0.0011980617442862,0.0727691356271287,0.879106016603311,0.0481248477685602,0.0496556227603195,0.9176834003070616,0.0326609769316186,0.0565896766203622,0.9061101851959366,0.037300138182701,0.0003478102409808,0.9978527210580416,0.0017994686998219,0.0425292100255185,0.929045819161499,0.0284249708119824,middle,middle,middle,middle,middle,middle
C6,200,middle,0.43987042,0.022874499,0.95339644,0.02372904,0.1684586181433922,0.7691468625144332,0.0623945193411745,0.0774361451514714,0.9214166449012304,0.0011472099463169,0.0728336102090831,0.8798954142297641,0.0472709755601526,0.0500779909438643,0.9179628615281782,0.0319591475269575,0.05690467672343,0.906542627338654,0.0365526959369161,0.0003494869165157,0.9978900540109172,0.001760459071412,0.0427658792717031,0.9293794840067556,0.0278546367205411,middle,middle,middle,middle,middle,middle
C6,201,middle,0.44113916,0.02249941,0.9536843,0.023816302,0.1669216975682063,0.7705464782057363,0.0625318242250573,0.0752376004590935,0.9235687701527768,0.0011936293871488,0.0720351075985667,0.8805561886852447,0.0474087037151885,0.0491140845594237,0.9188117596055316,0.0320741558340445,0.0559903914711666,0.9073350883294456,0.0366745201983877,0.0003436723540621,0.9978931740150262,0.0017631536297576,0.0420787116918921,0.9299746097508766,0.0279466785562313,middle,middle,middle,middle,middle,middle
C6,202,middle,0.43986863,0.022424223,0.9541826,0.023393115,0.1675916792374603,0.7703497627807484,0.0620585579807912,0.0774392798176812,0.9214135744254474,0.0011471457558903,0.0721285151638853,0.881041621387313,0.0468298634478016,0.0495904145533084,0.9188075755646574,0.0316020098810341,0.0563518447364815,0.9074777893114542,0.0361703659510644,0.0003454891331526,0.9979157186029968,0.0017387922626968,0.0423502558356509,0.9300872716343755,0.0275624725289735,middle,middle,middle,middle,middle,middle
C6,203,middle,0.44248894,0.022463115,0.9532686,0.024268366,0.1653152604493413,0.7716044641011529,0.0630802754485058,0.0729543230071573,0.9258006979370312,0.001244979054831,0.0715842377710191,0.8803771998036001,0.0480385624243807,0.0484940037975704,0.9189262576163072,0.0325797385851222,0.055421073989605,0.907361540272495,0.0372173857368997,0.000339919254998,0.9978718415808618,0.0017882391629862,0.0416507853059548,0.9299891155996228,0.0283600990934224,middle,middle,middle,middle,middle,middle
C6,204,middle,0.43977445,0.022946652,0.9529422,0.02411115,0.1674576587442949,0.7696254109834731,0.062916930271232,0.0776045163909997,0.9212517137105584,0.0011437698974609,0.0726545669529112,0.8795293337079917,0.047816099338097,0.0501912818666976,0.9174359085424522,0.03237280958985,0.0569302673925617,0.906063936092114,0.0370057965143241,0.0003493324793725,0.9978679612965674,0.0017827062229044,0.042785033664266,0.9290149423932637,0.0282000239414703,middle,middle,middle,middle,middle,middle
C6,205,middle,0.4453777,0.0229187,0.95135146,0.02572981,0.1627488382307355,0.7727184830728483,0.0645326786954162,0.0682571490148236,0.930380796376437,0.0013620546077595,0.0714134023431302,0.8786172804196979,0.0499693172361717,0.0477904805671832,0.918032857864554,0.0341766615672626,0.0548773570999672,0.9062081846310972,0.0389144582679353,0.0003372159760042,0.9977888221865446,0.0018739618362957,0.0412423218189781,0.9291033440199952,0.0296543341600265,middle,middle,middle,middle,middle,middle
C6,206,middle,0.44291887,0.0234408,0.95091736,0.02564187,0.1646535357971468,0.7711032550023926,0.0642432091994602,0.0722389951742728,0.926499231935228,0.001261772889519,0.0724623917627693,0.8777471659191667,0.0497904423170639,0.0493587560906613,0.9165961610206844,0.034045082887654,0.0562898467922937,0.9049414624902292,0.038768690716477,0.0003456397440223,0.997780766161382,0.0018735940934387,0.0423037950302275,0.928151288408054,0.0295449165607186,middle,middle,middle,middle,middle,middle
C6,207,middle,0.4470755,0.023716895,0.9486446,0.027638523,0.1598553830362059,0.7736933346635312,0.0664512822992626,0.0656145682998105,0.9329497389669562,0.0014356927322539,0.0715227521495827,0.876013315339977,0.0524639325094401,0.0479625491676501,0.915827415229246,0.0362100356021038,0.0550306100622298,0.9038831852624652,0.0410862046743047,0.0003387715700017,0.9976735391029038,0.0019876893259361,0.0413576504391744,0.9273307737226116,0.0313115758372138,middle,middle,middle,middle,middle,middle
C6,208,middle,0.44635886,0.024253234,0.94814956,0.02759717,0.1617808519465459,0.771926360433048,0.0662927876194061,0.0667194838833234,0.9318763582105902,0.0014041579051069,0.0725869324804361,0.8750454881772188,0.0523675793413449,0.0488215915270416,0.9150329858339892,0.036145422637969,0.0559511938130599,0.9030367365369584,0.0410120696489818,0.000344345265432,0.9976643356040468,0.0019913191293617,0.0420494816761546,0.9266936363037672,0.031256882019078,middle,middle,middle,middle,middle,middle
C6,209,middle,0.45202142,0.024397548,0.94480604,0.030796409,0.1548453557873805,0.7758235575562143,0.0693310866554052,0.0583968123377883,0.9399306448300302,0.0016725428312034,0.0709444435851333,0.8725849366077423,0.0564706198061245,0.0468323075431036,0.9136117087318336,0.0395559837240627,0.0540659483557125,0.9013036770946062,0.0446303745486812,0.0003336552829674,0.9974953538812016,0.0021709908346692,0.0406328750875279,0.9253515962912926,0.0340155286201796,middle,middle,middle,middle,middle,middle
C6,210,middle,0.45175317,0.02477484,0.9442975,0.030927718,0.1554464664641306,0.7749130409138382,0.0696404926210312,0.05877039051648,0.93957081818928,0.0016587912932618,0.0714987164800216,0.8718273604410607,0.0566739230779174,0.0473296990237491,0.912991802152944,0.0396784988223067,0.0545804042606308,0.9006424696393791,0.0447771260989899,0.0003364415453003,0.9974746086642368,0.0021889497893001,0.0410194135817999,0.9248505043956312,0.0341300820215688,middle,middle,middle,middle,middle,middle
C6,211,middle,0.45707557,0.025091013,0.9408464,0.03406259,0.1511515404083786,0.7766523991280747,0.0721960604625466,0.0517256167440483,0.9463214025034348,0.0019529807515396,0.0707027810054535,0.868783759962854,0.0605134590306924,0.0458463025895245,0.91120100654021,0.0429526908692655,0.0533032461143032,0.8984758325670031,0.0482209213176935,0.0003294694411299,0.9973069410393746,0.0023635895183303,0.0400598019460115,0.923183609685134,0.0367565883678542,middle,middle,middle,middle,middle,middle
C6,212,middle,0.45999682,0.025788832,0.93727905,0.036932077,0.1484993867351028,0.7769550945893369,0.0745455186745601,0.0481762113921594,0.9496887263593786,0.0021350622474856,0.0707296164921348,0.8653048516429114,0.0639655318639537,0.0456488217220851,0.9084882611940912,0.0458629170828234,0.0531730601531,0.8955332383287374,0.0512937015171625,0.0003292898248983,0.9971382927866967,0.0025324173872359,0.0399621175710512,0.9209345019432662,0.0391033804846825,middle,middle,middle,middle,middle,middle
C6,213,middle,0.46648896,0.026577886,0.93132436,0.042097736,0.1432916000710574,0.7785102385987877,0.0781981613291549,0.0410371428107904,0.9563630317137516,0.0025998254744827,0.0701667196259995,0.8598992078236235,0.0699340725493769,0.0446031068346617,0.9043624034521124,0.0510344897122256,0.052272190672063,0.8910234447635658,0.056704364563371,0.0003252529732345,0.9968506923510778,0.0028240546745129,0.0392854562473576,0.917480256660484,0.0432342870911583,middle,middle,middle,middle,middle,middle
C6,214,middle,0.47592893,0.028204292,0.9214576,0.050338134,0.1373444954851721,0.7788768468705737,0.0837786576432542,0.0323237478153338,0.964223729446612,0.0034525227370801,0.0702331499402005,0.8506507098466924,0.079116140212107,0.0439779622402947,0.8969874318716033,0.0590346058871018,0.0518545185502664,0.8830864152641301,0.0650590661846034,0.0003251822423974,0.9963847837152036,0.0032900340412138,0.038972184473301,0.9114110073769408,0.0496168081487583,middle,middle,middle,middle,middle,middle
C6,215,middle,0.46926838,0.027538098,0.9290241,0.043437775,0.143938092232529,0.7770910743304607,0.0789708334360102,0.0382770148250958,0.9588957746883312,0.002827210485598,0.0713124296410463,0.8572957955138465,0.0713917748441071,0.044897159305162,0.9027469722964626,0.0523558683973753,0.0528217404059273,0.8891116192616778,0.0580666403313948,0.0003291319235094,0.996721737688672,0.0029491303866405,0.0396985882853246,0.9160141488684672,0.0442872628452082,middle,middle,middle,middle,middle,middle
C6,216,middle,0.4926544,0.03162934,0.8957144,0.07265624,0.1273673268838148,0.7771111677380554,0.0955215053771298,0.0208868107286808,0.9734488238217818,0.0056643654485627,0.0708629373510441,0.8272224477579356,0.1019146148900204,0.0442428079156094,0.8763068625102395,0.079450329573151,0.0522288467462398,0.8615815380845484,0.0861896151682118,0.0003355390468082,0.995189449095406,0.0044750118565722,0.039255519821384,0.8949835158373105,0.0657609643403054,middle,middle,middle,middle,middle,middle
C6,217,middle,0.4809557,0.030368324,0.9104801,0.059151646,0.1345779895781124,0.7778034359208912,0.0876185744999963,0.0283974078725886,0.9675921870131388,0.0040104051132988,0.0716132087836327,0.840304052222677,0.08808273899269,0.0450680642472667,0.8877512384049067,0.0671806973468264,0.0530316076081765,0.8735170825502379,0.0734513098405855,0.0003366923129803,0.9957662579584056,0.0038970497274147,0.0398578787843794,0.904079376402325,0.0560627448122956,middle,middle,middle,middle,middle,middle
C6,218,middle,0.49552202,0.032873403,0.8853855,0.081741065,0.125430287799565,0.7764432098923789,0.0981265023070561,0.0193498833494148,0.9744897452619452,0.0061603713876651,0.0714803893527623,0.8182734672777575,0.1102461433684799,0.0449602885366296,0.8677851005667708,0.0872546108955992,0.0529163187814694,0.852931610580067,0.0941520706374634,0.0003437118387877,0.9946125867749236,0.0050437013850623,0.0397731670458012,0.8883518546288315,0.0718749783243672,middle,middle,middle,middle,middle,middle
C6,219,middle,0.48672298,0.03255393,0.8953882,0.07205791,0.1300890763115934,0.7751266028743177,0.094784320813089,0.0244303859879072,0.9708122512576224,0.0047573627534963,0.0724799058025523,0.8263484192378772,0.1011716749585704,0.0460652326312363,0.8752698324271398,0.0786649349406238,0.0539896345826311,0.8605934084703611,0.0854169569460077,0.0003481866906936,0.9949966670605108,0.0046551462475785,0.0405792726096489,0.894194223117947,0.065226504271404,middle,middle,middle,middle,middle,middle
C6,220,middle,0.5169382,0.040056035,0.7977444,0.16219951,0.112912696215019,0.7678848276164951,0.1192024761674858,0.0108007311991259,0.9777714423198106,0.0114278264800808,0.0742292117094865,0.7484270770215157,0.1773437112679977,0.0487012197898379,0.8008987320656067,0.1504000481435553,0.0563596173657325,0.7851572355523795,0.158483147080888,0.0003967892105767,0.9902624611771284,0.0093407496109676,0.042368910326947,0.8364335419586352,0.1211975477134178,middle,middle,middle,middle,middle,middle
C6,221,middle,0.5215835,0.041269843,0.782278,0.17645219,0.1115700114240129,0.7648297627211837,0.123600225853803,0.0094930399824821,0.977469120475553,0.0130378395409793,0.0748717925374305,0.7365632759084767,0.1885649315530927,0.0493525483461344,0.7897231181195281,0.1609243335333374,0.0570083216035232,0.7737751654562128,0.1692165129392639,0.000410301495483,0.9884242764600436,0.0111654220431227,0.0428588165765169,0.827437443207243,0.12970374021524,middle,middle,middle,middle,middle,middle
C6,222,middle,0.5435706,0.043910082,0.656405,0.29968494,0.0995206847714484,0.7552972846514969,0.1451820305760545,0.0050965346693904,0.9708788056225416,0.0240246597070647,0.0733300841830248,0.6502828680095657,0.2763870478064094,0.0497240472731034,0.7041782468468555,0.2460977058790409,0.0568058583460798,0.6880096331956687,0.2551845084572515,0.0004571387050265,0.98006475451011,0.0194781067833546,0.0427186784358219,0.7610234135243757,0.1962579080388023,middle,middle,middle,middle,middle,middle
C6,223,middle,0.54363286,0.043961115,0.65998775,0.29605117,0.0990777425123409,0.7547851337032346,0.1461371237834245,0.0050874327680042,0.9708470689402492,0.0240654982907433,0.0732846167974885,0.6524281014855822,0.2742872817159292,0.0497870396240279,0.7064435846911258,0.2437693756838462,0.0568363127760661,0.6902389397294626,0.2529247474934711,0.0004589455720228,0.9771744659309612,0.0223665884955037,0.0427419709750608,0.7619728212799349,0.1952852077440043,middle,middle,middle,middle,middle,middle
C6,224,middle,0.56582767,0.04351058,0.47845095,0.47803855,0.0867756916101257,0.7413978687129633,0.1718264396759108,0.0026657511848609,0.953895531123018,0.0434387176910928,0.0693351364783708,0.5366550391717234,0.3940098243489056,0.0483076526254065,0.5897794516077396,0.3619128957658538,0.0546158977812958,0.5738421278769347,0.3715419743407693,0.0005208946765678,0.9587657249984156,0.0407133803232266,0.0410921470051219,0.6700730271574372,0.2888348258364407,middle,middle,middle,middle,middle,middle
C6,225,late,0.59940237,0.033917345,0.21236128,0.75372136,0.0699220369016273,0.7075613982405039,0.2225165648568687,0.0009628991832625,0.900362451921072,0.0986746488945972,0.0572362919211574,0.3602391760225006,0.5825245320553418,0.039996507876919,0.4084394383652537,0.5515640537568272,0.0451684430901906,0.3939793596624276,0.5608521972463818,0.000591152026281,0.8905755332006484,0.108833314770603,0.0340241203242257,0.5181284030471729,0.4478474766276014,late,late,late,late,middle,middle
C6,226,late,0.61830604,0.027273977,0.12462747,0.8480985,0.062792322593979,0.6911767096635238,0.2460309677414972,0.0005281363773154,0.8509180961266007,0.1485537674949998,0.0496615005154776,0.2932697847308868,0.6570687147526356,0.034095453845348,0.3332051316441746,0.6326994145094774,0.0387652678463869,0.321224527570188,0.640010204582425,0.0005370109266312,0.7484954345193884,0.2509675545512443,0.0292082036164607,0.4280422543076739,0.5427495420748654,late,late,late,late,middle,late
C6,227,late,0.6521367,0.017640065,0.042480234,0.9398797,0.0521164363801518,0.6494231318898036,0.2984604317290443,0.0001696351460492,0.726305022888605,0.2735253419642618,0.0375814623540967,0.2134257167907789,0.7489928208541241,0.024594762505184,0.2326461888602523,0.7427590486335636,0.0284907724598579,0.2268800472394102,0.7446291802997317,0.0003366298841647,0.4397668650490518,0.5598965050640816,0.0214522368159437,0.2801017516919398,0.6984460114911165,late,late,late,late,late,late
C6,228,late,0.6587535,0.01631039,0.035080593,0.948609,0.0507070288272299,0.6412460846073796,0.3080468865643904,0.0001345464170593,0.6976843102902597,0.302181143291602,0.0357960336005237,0.2040781532954506,0.7601258131030256,0.0231529123386009,0.2181877104520351,0.758659377208364,0.0269458487171778,0.2139548433050597,0.7590993079767625,0.0001434540768111,0.1734300433485654,0.8264265025727189,0.0202452500570907,0.2038236433159821,0.7759311066259271,late,late,late,late,late,late
C6,229,late,0.6790881,0.012959234,0.020178568,0.96686214,0.0464160906678007,0.6194625802131726,0.3341213291180268,6.479568918857843e-05,0.6056241582344729,0.3943110460752838,0.0309295108658449,0.1828161421963605,0.7862543469367945,0.0193416874881288,0.1793565368112389,0.8013017756996321,0.0228180345014437,0.1803944184267754,0.7967875470707808,4.69022325008832e-05,0.04556292550332,0.9543901722627268,0.0171252514342099,0.1466865451959282,0.8361882033688619,late,late,late,late,late,late
C6,230,late,0.6886471,0.011705126,0.015283748,0.9730111,0.044857560251383,0.6068903324928673,0.3482521072547497,4.556095198730579e-05,0.5618605765351325,0.43809386251184,0.0290545639700638,0.1740040614872204,0.7969413745417158,0.0178515638322152,0.1627466221832675,0.8194018139835172,0.0212124638735698,0.1661238539744534,0.8126636821509767,2.0430579672779256e-05,0.0113329433703721,0.9886466260486694,0.0159144555500967,0.1274261263234422,0.8566594181254611,late,late,late,late,late,late
C6,231,late,0.69729966,0.010349245,0.011606146,0.97804457,0.0436860374851622,0.5924780492936946,0.3638359132201431,3.298736393030555e-05,0.5228658687325456,0.4771011439024988,0.0270921693501397,0.1659109208013674,0.8069969098474927,0.0161789075922863,0.1485078768928905,0.835313215513823,0.0194528861196423,0.1537287900654336,0.826818323813924,1.3652942544771596e-05,0.0039189287523796,0.9960674183038448,0.0145930778253688,0.1162763247371768,0.8691305974364544,late,late,late,late,late,late
C6,232,late,0.7031369,0.009663571,0.0097541055,0.9805823,0.0434445667523051,0.5795516712924383,0.3770037619542566,2.6477476963599303e-05,0.4971395021839113,0.5028340203381099,0.0261696505568765,0.1603158485159849,0.8135145009261385,0.0153151281470678,0.1397128060661764,0.8449720657857558,0.0185714848700104,0.145893718801119,0.8355347963278706,1.193176555365253e-05,0.0024215180818017,0.9975665501514336,0.0139315965938969,0.1100256686212954,0.8760427347838076,late,late,late,late,late,late
C6,233,late,0.7091807,0.0089600645,0.00822885,0.9828111,0.0431133534692039,0.5664827005359123,0.3904039459938838,2.105600055899937e-05,0.471144491177799,0.5288344528206376,0.0251832681898266,0.1550390857353414,0.8197776460738319,0.0144101939731716,0.131204533728796,0.8543852722970323,0.0176421162381681,0.1383548993307596,0.844002984430072,1.1032540958705425e-05,0.0020364423885317,0.997952525069312,0.0132343453138664,0.1042752850952078,0.8824903695899257,late,late,late,late,late,late
C6,234,late,0.71226776,0.008680475,0.0075211707,0.9837984,0.0433787097856617,0.5580027245647133,0.398618565648625,1.872053768732177e-05,0.4581538375150061,0.5418274419463074,0.0248879005086849,0.1519626011999582,0.8231494982903569,0.0140479028130691,0.1270003785541305,0.8589517186318002,0.0172999021217539,0.1344890453478788,0.8482110525293671,1.0709092829381188e-05,0.0019109182300129,0.998078372675966,0.0129776038645234,0.1013445135684172,0.8856778825660594,late,late,late,late,late,late
C6,235,late,0.7165055,0.008318818,0.0068305964,0.9848505,0.0435586856734708,0.5488873258559185,0.4075539884696107,1.5921725756768656e-05,0.4406657154969105,0.559318362776341,0.0244581716750306,0.1487350219404117,0.8268068063835575,0.0135724814281908,0.121679621190083,0.8647478973807261,0.0168381885022427,0.1297962414151816,0.8533655700815755,1.0342744999810935e-05,0.0018148190954099,0.998174838158406,0.0126312270629326,0.0978008858352432,0.8895678871008241,late,late,late,late,late,late
C6,236,late,0.71472526,0.008647666,0.006930022,0.9844223,0.044470677523881,0.5461227636216154,0.4094065588535036,1.7043830335238832e-05,0.4479623094820509,0.5520206466866191,0.0251256751670986,0.1481783799944265,0.8266959448374749,0.0140122660502591,0.1236382649282845,0.8623494690204563,0.0173462887853109,0.1310002994481271,0.8516534117655619,1.065921783086234e-05,0.0018210359196907,0.9981683048612918,0.0130123813934415,0.0987054835660226,0.8882821350395358,late,late,late,late,late,late
C6,237,late,0.7191046,0.008166681,0.006463679,0.9853697,0.0439340621232547,0.5432502776378921,0.4128156602378532,1.4412156531207316e-05,0.4301478146277114,0.5698377732147701,0.0243521576925534,0.1468139945725555,0.8288338477338909,0.0133722451088482,0.1185383785830277,0.868089376307124,0.0166662188839598,0.127021063379886,0.8563127177351542,1.0192713035472985e-05,0.0017571201727865,0.998232687112998,0.0125022123412292,0.0957050775781154,0.8917927100796552,late,late,late,late,late,late
C6,238,late,0.7185916,0.008310252,0.006437049,0.9852527,0.0444097029669544,0.5411100923140514,0.4144802047179942,1.4698584938457645e-05,0.432211037210844,0.5677742642032295,0.0246650745974714,0.1462399105332098,0.8290950148683187,0.013566323367601,0.1190151464278125,0.8674185302035864,0.0168959487365621,0.1271825756594317,0.8559214756030061,1.0322876115469591e-05,0.0017509874739287,0.9982386896487752,0.012674542271451,0.0958246786130603,0.8915007791144887,late,late,late,late,late,late
C6,239,late,0.7210478,0.008072579,0.006158252,0.9857692,0.0441948651485659,0.5378421742865621,0.417962960563872,1.3375922998275403e-05,0.4223909951473943,0.5775956289286237,0.0242944916324928,0.1450315054684921,0.830674002898015,0.0132491197581549,0.1161687118127053,0.8705821684281396,0.0165627313204562,0.1248275499094413,0.8586097187691022,1.0089788516166437e-05,0.0017123900902959,0.9982775201200108,0.0124245709374718,0.0940487599546592,0.893526669106869,late,late,late,late,late,late
C6,240,late,0.7175316,0.008447631,0.006592201,0.98496014,0.0445584077754823,0.5422678144086469,0.4131737778148708,1.530813039677723e-05,0.4364939972055847,0.5634906946630285,0.0248846831565473,0.146745715672096,0.8283696011703566,0.0137489080067512,0.1203022608049201,0.8659488311873286,0.0170896405516901,0.1282352972650729,0.854675062182237,1.0449859023003456e-05,0.0017615509740135,0.9982279991657812,0.0128198428785239,0.0966168606923124,0.8905632964281637,late,late,late,late,late,late
C6,241,late,0.72130144,0.008089397,0.006098809,0.9858118,0.0443203588354064,0.5368348314570148,0.4188448097065788,1.324618310238945e-05,0.4213855019936191,0.578601251822295,0.0243494835059302,0.1446950718993439,0.8309554445937257,0.0132727057245564,0.1158327405280814,0.8708945537463619,0.0165957390589685,0.1244914399394601,0.8589128210005712,1.010972783400398e-05,0.0017086635837964,0.998281226687193,0.0124493317261854,0.0937957458505483,0.8937549224222662,late,late,late,late,late,late
C6,242,late,0.7201746,0.008198954,0.006192828,0.9856082,0.0445797527859604,0.537267637340209,0.4181526098728307,1.383220966435937e-05,0.4258651040118257,0.5741210637775246,0.0245610790236235,0.1449355783028069,0.8305033426725695,0.0134195982362264,0.1170849433625802,0.8694954584001933,0.0167620424724455,0.1254401338446482,0.8577978236819062,1.021269510276807e-05,0.0017164327784011,0.9982733545253182,0.0125740850281104,0.0945092085780906,0.892916706392799,late,late,late,late,late,late
C6,243,late,0.72146606,0.008078476,0.0060200365,0.9859015,0.0444059832216648,0.5352824638862761,0.4203115528910592,1.31626272171228e-05,0.4207336740629315,0.5792531633088683,0.0243572466112029,0.1441950058288778,0.8314477475589193,0.0132590414419272,0.1155578083197217,0.871183150237351,0.0165885029927099,0.1241489675724685,0.8592625294338215,1.00925769057743e-05,0.0016969883897533,0.9982929190321648,0.0124439003887594,0.0935359727767938,0.8940201268334467,late,late,late,late,late,late
C6,244,late,0.71906686,0.008228413,0.006297513,0.9854741,0.0443934898422422,0.5399083801377431,0.4156981300190147,1.4433034422387562e-05,0.4302993362413645,0.5696862307232259,0.024552748614976,0.1457435903626275,0.8297036610213965,0.0134579842477045,0.1183413289802275,0.868200686771068,0.0167864135578859,0.1265620073949475,0.8566515790461666,1.023959015400082e-05,0.0017324063569309,0.9982573540517355,0.0125923700659535,0.0953546071354476,0.8920530227975988,late,late,late,late,late,late
C6,245,late,0.72204554,0.008030722,0.0059505515,0.98601866,0.0444044693510431,0.5346563894404454,0.4209391412075116,1.287260549354328e-05,0.4184446767072823,0.5815424506862422,0.0242931848298523,0.1439398810263774,0.8317669341427701,0.0131952858088447,0.1148869532760303,0.871917760914125,0.016524655515147,0.1236028316011344,0.8598725128827186,1.0048706030394806e-05,0.0016905546510307,0.9982993966417636,0.0123960038128684,0.0931247623636126,0.8944792338225189,late,late,late,late,late,late
C6,246,late,0.71653426,0.008661121,0.0064042225,0.9849347,0.0454036139636239,0.5364014128381401,0.4181949731972361,1.5904223081263208e-05,0.4405485730307632,0.559435522745164,0.0253847255356118,0.1450127245052456,0.8296025499581426,0.0140377986500023,0.1210495157139279,0.8649126856350696,0.0174418767156851,0.1282384783513232,0.8543196449319915,1.0666654525088834e-05,0.0017591642336329,0.9982301691106592,0.0130840742003957,0.096618649821905,0.8902972759766992,late,late,late,late,late,late
C6,247,late,0.7225299,0.008024071,0.0059070117,0.98606884,0.0446188353060094,0.5332448437774944,0.4221363209154963,1.2635007193624774e-05,0.4165379033510731,0.583449461640752,0.0243383918474499,0.1435248590426479,0.8321367491089021,0.0131868418350683,0.1143481240991017,0.8724650340648297,0.0165323068387828,0.1231011445821655,0.8603665485780515,1.0058019963314e-05,0.0016864361644288,0.9983035058144332,0.0124017446340784,0.0927474674777354,0.8948507878871861,late,late,late,late,late,late
C6,248,late,0.7220476,0.008148918,0.005887329,0.9859637,0.0452127929162171,0.5311091776270166,0.4236780294557663,1.2871572789144472e-05,0.4184364513019525,0.5815506771242762,0.0246562102719715,0.1429615164387484,0.83238227328828,0.0133562301466014,0.1147933353821763,0.8718504344702221,0.0167462241842124,0.1232437896991479,0.8600099861156396,1.0174052217107758e-05,0.0016790266547392,0.9983107992918686,0.0125622116512141,0.0928525989380498,0.894585189409736,late,late,late,late,late,late
C6,249,late,0.72345483,0.007977657,0.0057732505,0.986249,0.0447947664262366,0.5306987341227763,0.4245064994499872,1.2193155817799266e-05,0.4129130129611754,0.5870747938820273,0.0243213443823877,0.1426971701021056,0.8329814855145066,0.0131257018676515,0.1132507419233844,0.873623556207964,0.0164843946220723,0.1220846703770007,0.8614309349999268,1.0000050023788355e-05,0.0016595107498379,0.9983304891989652,0.0123657959790607,0.091978380470214,0.8956558235497252,late,late,late,late,late,late
C6,250,late,0.7191023,0.008359016,0.0062377974,0.9854032,0.0450578311804455,0.5364969877969181,0.4184451810216363,1.4413409029947473e-05,0.4301569097351035,0.5698286768548795,0.0248956665909854,0.1448049073610192,0.8302994260469954,0.0136348117286403,0.1182198868552159,0.8681453014151437,0.0170130681873438,0.1261953930069569,0.8567915388046993,1.037075871237808e-05,0.001721789954422,0.9982678392856862,0.0127623938301865,0.0950769922438274,0.8921606139249859,late,late,late,late,late,late
C6,251,late,0.72331786,0.007992028,0.005742981,0.9862649,0.0448075516220646,0.5303885515629206,0.4248038968140147,1.2257619073300752e-05,0.4134484441133862,0.5865392982665605,0.0243444899440805,0.1425760243022766,0.8330794857526429,0.0131456658071283,0.1133409957790525,0.8735133384128192,0.0165053130482139,0.1221115043360197,0.8613831826147663,1.0020950146515911e-05,0.0016658163359343,0.998324162712746,0.0123814900236976,0.0920000823360023,0.8956184276393,late,late,late,late,late,late
C6,252,late,0.7223205,0.008111293,0.0058343387,0.98605436,0.0451239277723658,0.5305865081568072,0.4242895640698268,1.2737192601392546e-05,0.4173615090644347,0.5826257537419823,0.0245838750003762,0.1427553764226194,0.8326607485760041,0.0133060775024893,0.1144491270186185,0.872244795477892,0.0166894167518554,0.1229410018398187,0.8603695814073258,1.0132676751104746e-05,0.0016713672664047,0.9983185000556696,0.0125195957330798,0.0926235931964693,0.8948568110694509,late,late,late,late,late,late
C6,253,late,0.7235841,0.0079718875,0.005692212,0.986336,0.0448414097317919,0.5292768373173437,0.4258817529498644,1.2132616278398956e-05,0.4124080751641486,0.5875797922185936,0.0243263576973082,0.1422252783197888,0.8334483639819028,0.0131190386689413,0.1130080884345665,0.8738728728954922,0.0164812343774514,0.1217732454001331,0.8617455202214153,9.993050449780937e-06,0.0016536368571392,0.9983363700912384,0.0123634240457015,0.0917433432643886,0.8958932326889099,late,late,late,late,late,late
C6,254,late,0.72088385,0.008140867,0.005980517,0.9858786,0.0447663029850336,0.5344662124864397,0.4207674845275267,1.346046589002937e-05,0.4230419302649062,0.5769446092682197,0.0245323301350113,0.1439339566765413,0.8315337131874472,0.0133441195260734,0.1160778861730644,0.870577994299862,0.0167005827087548,0.1244347073241074,0.8588647099661377,1.015529152510129e-05,0.001692896380801,0.9982969483264974,0.0125279758544479,0.093749254588285,0.8937227695562671,late,late,late,late,late,late
C6,255,late,0.7240962,0.007956093,0.0056535346,0.98639035,0.0448483257582274,0.5287011316282766,0.4264505426124961,1.1895713230908169e-05,0.4104122851410879,0.5895758191447028,0.0243072047480421,0.1420258152687914,0.8336669799821663,0.0130980974142693,0.1124536041152174,0.8744482984695131,0.0164608296144012,0.1213252674612896,0.8622139029233091,9.977782912453603e-06,0.0016495925519306,0.9983404296639848,0.0123481166565295,0.0914063487339538,0.8962455346085166,late,late,late,late,late,late
C6,256,late,0.7234667,0.007978831,0.0057223975,0.98629874,0.0448430559760339,0.5302089308228098,0.4249480132001564,1.2187589156264272e-05,0.4128666685876114,0.5871211438222527,0.0243357536137138,0.142501654092251,0.833162592293035,0.0131280368197047,0.1131660893257782,0.873705873853517,0.0164903518579075,0.12196675875572,0.8615428893853724,9.996009008113529e-06,0.0016536744951911,0.998336329494628,0.0123702628956832,0.0918884876905917,0.895741249412725,late,late,late,late,late,late
C6,257,late,0.7244208,0.007877604,0.00560675,0.98651564,0.0447567828103863,0.5283466009608565,0.4268966162277569,1.1747891813556975e-05,0.4091505755724468,0.5908376765347617,0.024178281328674,0.1418704891349962,0.8339512295353296,0.0129920228178175,0.1120714833707177,0.8749364938104646,0.0163479003710744,0.1210111851000012,0.8626409145279242,9.8979081979245e-06,0.0016392073455446,0.998350894745086,0.0122633997553558,0.091168190661391,0.8965684095822531,late,late,late,late,late,late
C6,258,late,0.7258857,0.007825863,0.0054268534,0.98674726,0.0450787408672937,0.5236935920618779,0.4312276670698285,1.110290722732556e-05,0.4034902562221869,0.5964986408696102,0.0241909344854662,0.1404473584003946,0.8353617071131391,0.0129240251003892,0.1103965247203639,0.8766794501782467,0.0163040979159123,0.1194117748243731,0.8642841272587144,9.849747130680396e-06,0.0016125775972457,0.9983775726544544,0.0122305358737174,0.089961975517595,0.8978074886076874,late,late,late,late,late,late
C6,259,late,0.72600853,0.0077952594,0.0054242173,0.9867806,0.0449249747762005,0.5239358806898115,0.4311391445329881,1.1050426682620582e-05,0.4030180988516206,0.5969708507207213,0.0241108069543293,0.1405044043466956,0.8353847886979751,0.0128823255427807,0.1102749580144156,0.8768427164418037,0.0162508699662453,0.1193437919140995,0.8644053381186552,9.812872505660576e-06,0.0016078884777303,0.998382298648595,0.0121906056928109,0.089909816055011,0.897899578251178,late,late,late,late,late,late
C6,260,late,0.726561,0.007790702,0.005382753,0.9868264,0.0449963503331039,0.5226437520581659,0.4323598976077301,1.0817398789009038e-05,0.400899476736357,0.5990897058638796,0.0241230380548134,0.140121171320326,0.8357557906238605,0.0128766543603865,0.1096851012426808,0.8774382443959327,0.0162505694687145,0.1188159222659743,0.864933508264311,9.80568150504835e-06,0.0015991904224371,0.9983910038948896,0.0121903785219127,0.0895117393050938,0.8982978821719935,late,late,late,late,late,late
C6,261,late,0.7272123,0.007733906,0.0053345454,0.9869315,0.0448941383740023,0.5218618298298858,0.4332440317951119,1.0548879065383462e-05,0.3984120544811793,0.601577396638782,0.0240206654751448,0.1398560799912798,0.8361232545325754,0.0127997686866342,0.1089936377637274,0.8782065935486383,0.0161660377231874,0.118252370431993,0.8655815918438194,9.746520532542662e-06,0.0015892814153441,0.998400972062956,0.0121269649225242,0.0890865981778345,0.8987864368986412,late,late,late,late,late,late
C6,262,late,0.72713685,0.00774525,0.0053312723,0.9869234,0.0449290969557885,0.5216059658763689,0.4334649371668427,1.0579651295758798e-05,0.3986996817362253,0.6012897386115054,0.0240449538724272,0.1397872504798983,0.8361677956466743,0.0128153245463124,0.1090606794448847,0.8781239960078027,0.0161842133441468,0.1182786507553888,0.8655371358994643,9.756001909722664e-06,0.0015884089160281,0.9984018350808946,0.012140599008588,0.0891060902955524,0.8987533106948595,late,late,late,late,late,late
C6,263,late,0.7276809,0.0077006253,0.005308473,0.98699087,0.0448242896330655,0.5213872391703778,0.4337884711955568,1.035973861288482e-05,0.396629179896935,0.6033604603634797,0.0239581061220835,0.1396997620211815,0.8363421318557349,0.0127546245458074,0.1085102497009282,0.8787351257522642,0.0161156690186903,0.1178671033970041,0.8660172275833053,9.70944659462291e-06,0.0015819003237083,0.99840839022853,0.0120891791256668,0.0887958026286839,0.8991150182446492,late,late,late,late,late,late
C6,264,late,0.72762245,0.0077263606,0.005308298,0.9869654,0.0449025861158903,0.521045357301986,0.4340520565811235,1.038315594502291e-05,0.3968513295563878,0.6031382872866945,0.0240128517855241,0.1396137994177493,0.8363733487957266,0.012789801003737,0.1085652923657076,0.8786449066295553,0.0161567162382731,0.1178798444813201,0.8659634392794068,9.733348809940356e-06,0.0015813141359658,0.9984089525140574,0.0121199705159078,0.0888052118949852,0.8990748175881069,late,late,late,late,late,late
C6,265,late,0.7283473,0.007706043,0.0052528,0.9870411,0.0449920110404041,0.5193697996432356,0.4356381893153602,1.0096499520005708e-05,0.3941037578662236,0.6058861456332849,0.0240082499903362,0.1391141340058667,0.8368776160027971,0.0127627717321575,0.1077976246116042,0.8794396036552382,0.0161364152096111,0.1171925774298828,0.8666710073595058,9.71365286709387e-06,0.0015707514667694,0.9984195348791974,0.0121047398204256,0.0882871209391082,0.8996081392394661,late,late,late,late,late,late
C6,266,late,0.7279494,0.0077633476,0.0052559804,0.9869806,0.045177891345524,0.5189421379679229,0.4358799706855531,1.0252888322214098e-05,0.3956103854035294,0.6043793617071762,0.0241329518807474,0.1390113303668959,0.8368557177513567,0.0128410414356588,0.1081783899573023,0.8789805686060389,0.0162286145691854,0.1174282720801803,0.8663431133496343,9.77147844138598e-06,0.0015731190187841,0.998417109501608,0.0121739037964999,0.0884644838148349,0.8993616123876651,late,late,late,late,late,late
C6,267,late,0.7278298,0.007783014,0.0052373763,0.9869796,0.0452955861279999,0.5184098170277832,0.4362945968432167,1.0300343134815346e-05,0.3960639053786174,0.6039257942772754,0.0241894904817462,0.1388508886412524,0.8369596208760014,0.0128681688984689,0.1082644103586667,0.8788674207418643,0.016264565373452,0.1174403538434424,0.8662950807821055,9.794917933833052e-06,0.0015736777190398,0.9984165273618596,0.012200872759573,0.0884736848123454,0.8993254424270815,late,late,late,late,late,late
C6,268,late,0.72427356,0.00810143,0.0053539416,0.98654455,0.0458342421334286,0.5181512600635357,0.4360144978020355,1.18147106742119e-05,0.4097224829300575,0.5902657023582901,0.0247552629028126,0.1389531816496028,0.8362915554465843,0.0132996562818476,0.1118459879216549,0.8748543557954973,0.0167363382681371,0.1199781460400392,0.8632855156908236,1.0114250074740052e-05,0.0016132989666066,0.998376586782148,0.012554782263622,0.0903869342716849,0.897058283463693,late,late,late,late,late,late
C6,269,late,0.7273109,0.007818367,0.0053075133,0.98687404,0.045338999470494,0.5199191698360524,0.4347418306924535,1.050880825585894e-05,0.3980364994980152,0.6019529916927556,0.0242475272781764,0.139330238488765,0.8364222342320584,0.0129154045387483,0.1088595707056317,0.8782250247546198,0.0163150413605767,0.1180007710405717,0.8656841875978515,9.842071997403927e-06,0.0015875750585683,0.9984025828682668,0.0122387415384324,0.0888974720450746,0.898863786415493,late,late,late,late,late,late
C6,270,late,0.72569853,0.007976524,0.0053777755,0.98664564,0.0456311883892647,0.5209182368111069,0.4334505747986284,1.118333364286455e-05,0.4042103522743304,0.5957784643910509,0.0245347409061232,0.1396807765488807,0.8357844825439961,0.0131297393873046,0.1105038047625516,0.8763664558491437,0.0165512398429502,0.1192568962984503,0.8641918638575994,9.99419753882084e-06,0.0016037874110667,0.9983862183902252,0.0124159284315978,0.0898436190766082,0.8977404524907939,late,late,late,late,late,late
C6,271,late,0.72657275,0.007877869,0.0053956215,0.9867265,0.0453002908196139,0.5220909718286846,0.4326087373507015,1.081249882523e-05,0.4008545341260051,0.5991346533741951,0.0243176066080941,0.1400008328595858,0.8356815605313199,0.0129952374391517,0.1096917245348127,0.8773130380250354,0.0163919481898344,0.1187844570322446,0.864823594776921,9.895126239980493e-06,0.0015984283871462,0.9983916764854454,0.0122964349239363,0.0894879498709738,0.8982156152040899,late,late,late,late,late,late
C6,272,late,0.7240074,0.008067227,0.005559649,0.98637307,0.0455383246930295,0.5244408677347688,0.4300208075712016,1.1936445931731917e-05,0.4107577191720601,0.5892303443810294,0.0246318693266024,0.1408241767872529,0.8345439538851447,0.0132502721164373,0.1124033892760315,0.874346338606531,0.0166647512794868,0.1209296255293979,0.8624056231901152,1.0085337977652429e-05,0.0016310770066628,0.998358837654188,0.01250108479411,0.091104988398718,0.8963939268061718,late,late,late,late,late,late
C6,273,late,0.72571313,0.007921488,0.005453629,0.98662484,0.0453029412013737,0.523593924394877,0.4311031344027493,1.1177037820235084e-05,0.4041541339250029,0.595834689036201,0.0243767647766754,0.1404603747439926,0.8351628604783319,0.0130538236514329,0.1106004269040719,0.8763457494434952,0.0164507059890057,0.1195584112560481,0.8639908827539463,9.944283320504185e-06,0.0016140177752651,0.9983760379402448,0.0123405155625849,0.0900723128858561,0.8975871715505589,late,late,late,late,late,late
C6,274,late,0.72425324,0.008070961,0.0055713607,0.9863577,0.0455374533143834,0.5245528687701079,0.4299096779145087,1.1823964701579303e-05,0.4098014820420469,0.5901866939922732,0.0246365360165154,0.1408690567565204,0.8344944072259641,0.0132551286473041,0.1121812099943732,0.8745636613573227,0.0166695508580675,0.1207875640230173,0.8625428851179152,1.008906144461898e-05,0.0016310112814828,0.998358899655901,0.0125046854089123,0.0909984258376376,0.89649688875245,late,late,late,late,late,late
C6,275,late,0.724621,0.008011322,0.0055854213,0.9864032,0.0452616612730779,0.525732011794056,0.4290063269318661,1.165761810642105e-05,0.4083737168508893,0.5916146255300265,0.0244865127908644,0.1411847401213442,0.8343287470867913,0.0131740113503505,0.1118451650193435,0.874980823629306,0.0165677617825047,0.1206470375499436,0.8627852006665516,1.002892824439482e-05,0.0016309534001473,0.998359017670437,0.0124283285689401,0.0908930165124984,0.8966786549175613,late,late,late,late,late,late
C6,276,late,0.7225512,0.008194165,0.0057700756,0.9860358,0.0454305576320491,0.528147247736643,0.426422194630308,1.2624638991777547e-05,0.4164540339140051,0.5835333414460219,0.0247735422379336,0.1420525686248799,0.8331738891361864,0.0134190590002524,0.1141292651952464,0.872451675803501,0.0168254039715567,0.1225062562241364,0.8606683398033066,1.0208514214612344e-05,0.0016601030554331,0.9983296884291782,0.0126216051072217,0.0922947179319646,0.8950836769598136,late,late,late,late,late,late
C6,277,late,0.7235713,0.008161321,0.0056852126,0.9861535,0.0454828046609946,0.5265361619691705,0.427981033368835,1.2138604016083313e-05,0.4124581076883538,0.5875297537066506,0.0247434771120265,0.1415281529414905,0.8337283699454828,0.0133758110953777,0.1130086406196678,0.8736155482839543,0.0167861109003723,0.1215644943162145,0.8616493947824131,1.0179377421739586e-05,0.0016494579570432,0.9983403626643622,0.0125921280196352,0.0915857352264257,0.8958221367529391,late,late,late,late,late,late
C6,278,late,0.7217406,0.00837928,0.0058478946,0.9857728,0.045803615126511,0.5277856144423564,0.4264107704301327,1.3024433968426928e-05,0.4196481678521024,0.5803388077129464,0.0251152010924335,0.1420718559070678,0.8328129429994986,0.0136675540483321,0.115037495745009,0.8712949502056587,0.0171018481615625,0.1231478037936266,0.8597503480438107,1.0391884930403587e-05,0.0016731185761969,0.9983164895376974,0.012828984092405,0.0927791324892733,0.8943918834173217,late,late,late,late,late,late
C6,279,late,0.71384376,0.009327131,0.0062854644,0.9843873,0.0473578331113195,0.5270901722049595,0.4255519946827211,1.7627669844580037e-05,0.4516022664599323,0.5483801058692268,0.0267592380147547,0.1425104620275468,0.8307302999566984,0.0149241864449721,0.1236384852573619,0.8614373282966659,0.0184747019159069,0.1293000782884174,0.8522252197946757,1.1331014659782029e-05,0.0017755031565498,0.9982131658276048,0.0138588591905957,0.097418934505455,0.8887222063029492,late,late,late,late,late,late
C6,280,late,0.72123325,0.0084556565,0.0060183005,0.98552597,0.0458555614585221,0.5305401100454439,0.4236043284950339,1.3280943321627949e-05,0.4216556818906972,0.5783310371649977,0.0252282762504545,0.1430030473902088,0.8317686763583366,0.0137677057801113,0.1157819395402898,0.8704503546785988,0.0172058769212142,0.1239482718952655,0.8588458511825202,1.0500460522576844e-05,0.0017033027612002,0.9982861967771006,0.0129070328060419,0.0933870296117533,0.8937059375812048,late,late,late,late,late,late
C6,281,late,0.71787614,0.008918118,0.0062263953,0.9848555,0.046629093239938,0.5310961117508458,0.4222747950082163,1.5107346498182764e-05,0.4350989490880444,0.5648859435644683,0.0260364035498845,0.1434326771234735,0.8305309193256419,0.0143829072718901,0.1194333868601103,0.8661837058669994,0.0178789561552884,0.1266331739391192,0.8554878699045921,1.0929578341790794e-05,0.0017366363800359,0.9982524340404412,0.0134119495110524,0.0954090395493527,0.8911790109385949,late,late,late,late,late,late
C6,282,late,0.7196655,0.008703878,0.006217926,0.9850782,0.045991922460661,0.532358841126208,0.4216492364121309,1.41052232801119e-05,0.4278991898506118,0.5720867049251218,0.0255917538639992,0.1437386061282088,0.8306696400067919,0.0140972996403028,0.1176236935039002,0.8682790068547966,0.0175456359074117,0.1254581672911928,0.8569961968003953,1.07188877333276e-05,0.0017222381389447,0.9982670429721427,0.0131619066524927,0.094524185003135,0.8923139083433722,late,late,late,late,late,late
C6,283,late,0.71418285,0.009276804,0.006830316,0.9838929,0.0466690397013665,0.5381887237044678,0.4151422365931657,1.740080439869652e-05,0.4501999570356733,0.5497826421589322,0.0265120042009811,0.1460492162434623,0.8274387795545566,0.01484909415089,0.1240520239616856,0.8610988818864244,0.0183479671659173,0.1306511816462186,0.8510008511868641,1.1281200037839093e-05,0.0018038748424958,0.9981848439562788,0.0137637956744481,0.0984393549452925,0.8877968493792594,late,late,late,late,late,late
C6,284,late,0.7173168,0.008839613,0.006405587,0.9847548,0.0459528455359507,0.5359169637254368,0.4181301907376124,1.5434643615477115e-05,0.4373652860839765,0.5626192792714177,0.0257601136599453,0.1448916309124392,0.8293482554266154,0.0142757611935653,0.1202537120527927,0.8654705267526418,0.0177210669334793,0.1276450877106866,0.8546338453548339,1.08694687150112e-05,0.0017667313332604,0.9982223991968422,0.0132935175672888,0.0961754986163344,0.8905309838153767,late,late,late,late,late,late
C6,285,late,0.71529436,0.009141761,0.006691228,0.98416704,0.0464353430613829,0.537845760895134,0.4157188960424831,1.6676972990061494e-05,0.4456217717955011,0.5543615512305149,0.026277341232855,0.145771088137326,0.8279515706288187,0.0146726747864193,0.1227150910127429,0.8626122341998376,0.01815407472035,0.1296318901501179,0.852214035128532,1.1154043359113416e-05,0.0017938127105337,0.9981950332449214,0.0136183445511029,0.0976723707902264,0.8887092846576706,late,late,late,late,late,late
C6,286,late,0.71626395,0.009026809,0.006557171,0.98441607,0.0460581115790459,0.5365089481543444,0.4174329402656097,1.606964748109114e-05,0.4416515017130189,0.558332428638508,0.0260328545037874,0.145250575528979,0.8287165699662336,0.0145223438172248,0.1215362134990365,0.8639414426827385,0.0179754970231936,0.1286505221080193,0.853373980867787,1.1038021072914518e-05,0.0017817822003651,0.9982071797773776,0.013484382272664,0.0969333371311102,0.8895822805952257,late,late,late,late,late,late
C6,287,late,0.71266985,0.009460002,0.0069858,0.98355424,0.0465674949626155,0.5407673815344756,0.4126651235019087,1.843558622027066e-05,0.4564770347715404,0.5435045296412411,0.0267254026256252,0.1469077045486667,0.826366892824708,0.0150881370445478,0.125835116523423,0.859076746431029,0.0185793167188711,0.1321568929309961,0.8492637903491327,1.1459634826178572e-05,0.0018372899847388,0.9981512503792452,0.0139373524478605,0.0995769921944365,0.886485655356703,late,late,late,late,late,late
C6,288,late,0.7173682,0.0089873895,0.0063966447,0.984616,0.046285837543815,0.5347997282827534,0.4189144341724317,1.5404291633293632e-05,0.4371567922481605,0.5628278034592161,0.026039974119957,0.1445981586392809,0.8293618672397619,0.0144723660547033,0.1201874251535389,0.8653402087907577,0.0179426484742794,0.1275106451992615,0.8545467063254589,1.1013568416718782e-05,0.0017698646661208,0.9982191217642798,0.0134597397478143,0.0960754500659807,0.890464810185205,late,late,late,late,late,late
C6,289,late,0.71797204,0.008851104,0.0062943706,0.9848546,0.046240677852554,0.5339268728820019,0.4198324492644441,1.5051913409155538e-05,0.4347111103072582,0.5652738377783435,0.0258490864468473,0.1442371595776375,0.8299137539745151,0.0142926804679186,0.1194332200196919,0.8662740995113895,0.0177596022615972,0.1268744018870755,0.8553659958503272,1.0875120877392089e-05,0.0017497139301919,0.9982394109477494,0.0133224204764178,0.0955932298978589,0.8910843496247232,late,late,late,late,late,late
C6,290,late,0.72005737,0.008613287,0.0060339556,0.9853527,0.046007827609848,0.5305652101416827,0.4234269622474692,1.3894622663608866e-05,0.4263329918262347,0.5736531135501163,0.0254774296970057,0.143029984590983,0.8314925857110113,0.0139789470177843,0.1169719312983682,0.8690491216828474,0.0174284918215507,0.1247893472861526,0.8577821608912966,1.0637953446521336e-05,0.001713340563693,0.9982760214816824,0.0130740283545252,0.0940203456055419,0.8929056260389328,late,late,late,late,late,late
C6,291,late,0.72091377,0.008467221,0.0059254398,0.9856074,0.0457620429348259,0.5299889088045471,0.424249048259627,1.3444999635545258e-05,0.4229230984761153,0.5770634565232651,0.0252218270854429,0.142732685144764,0.8320454877687932,0.0137846772821035,0.1159662318148296,0.8702490909020668,0.0172158222231053,0.1239961678138099,0.8587880099620848,1.0487828033516392e-05,0.0016954103946907,0.998294101776099,0.0129144886243379,0.0934209784590342,0.8936645329156279,late,late,late,late,late,late
C6,292,late,0.7223503,0.008359329,0.0057490747,0.9858915,0.0457734018563766,0.5270909816021417,0.4271356165404817,1.2722599420136092e-05,0.4172442192346451,0.5827430581649531,0.0250822972757974,0.1417567092400622,0.8331609934831403,0.0136421271952045,0.1142950180088158,0.8720628547949796,0.0170741782193824,0.1225335253781897,0.8603922964014279,1.037778396918391e-05,0.0016698619284737,0.9983197602863826,0.0128082281105296,0.0923176095157647,0.8948741623727057,late,late,late,late,late,late
C6,293,late,0.72351897,0.008180314,0.0056202984,0.9861994,0.0454776336190522,0.5258374053266669,0.4286849610532806,1.2163086360269354e-05,0.4126624698271609,0.5873253670854993,0.024768838623819,0.1412597571996605,0.8339714041755205,0.0134024707154248,0.1129660226396892,0.873631506643886,0.016812381087943,0.1214541430076805,0.8617334759033763,1.019841506238247e-05,0.001649130692511,0.998340670891254,0.0126118354197234,0.0915028899288921,0.8958852746503844,late,late,late,late,late,late
C6,294,late,0.7246454,0.008093403,0.005507803,0.9863987,0.0454355161628815,0.5239291033263486,0.4306353805097699,1.1646672744058112e-05,0.4082791946823534,0.5917091586439248,0.0246423955142833,0.1406209987154185,0.8347366057692982,0.01328642762353,0.1117085202350254,0.8750050521404444,0.016693217990756,0.1203822637791433,0.8629245182291007,1.0107031810502578e-05,0.0016295566608225,0.998360336306196,0.0125224402510201,0.090694086999567,0.8967834727484127,late,late,late,late,late,late
C6,295,late,0.7262426,0.007949583,0.0053771255,0.98667324,0.0452992682464131,0.5217774542763651,0.4329232774762218,1.0951104125688885e-05,0.4021195367990143,0.597869512095885,0.0244151651127732,0.1398948808357691,0.8356899540504575,0.0130930866075033,0.1099804035280952,0.8769265098634014,0.0164897101590843,0.1189547467203973,0.8645555431195182,9.961690812487909e-06,0.0016046326944285,0.99838540561359,0.0123697730420168,0.0896172182139089,0.8980130087430742,late,late,late,late,late,late
C6,296,late,0.72641045,0.007960792,0.005308675,0.9867306,0.0454483211713194,0.5192149704163154,0.4353367084113654,1.0880421292698284e-05,0.4014760627759156,0.598513056801817,0.024468679173217,0.1391545244182971,0.8363767964074857,0.0131093192501995,0.1097197981935492,0.8771708825552511,0.0165171272271047,0.1185502160609735,0.8649326567109216,9.968957699044778e-06,0.0015951918947006,0.998394839146432,0.0123903376597538,0.0893114600194091,0.898298202319837,late,late,late,late,late,late
C6,297,late,0.7266068,0.0079293875,0.005259789,0.98681074,0.0454515850340433,0.5181167404418595,0.4364316745230971,1.0798308700804564e-05,0.4007242892046616,0.5992649124856633,0.024427529538471,0.1388089610924574,0.8367635093680714,0.0130673336506443,0.1094608503331211,0.8774718160152344,0.0164753924169923,0.118265283560922,0.8652593240210855,9.93929495735517e-06,0.0015895195206301,0.9984005411832446,0.0123590291364841,0.0890963425508528,0.8985446283116632,late,late,late,late,late,late
C6,298,late,0.72630125,0.007959984,0.005234019,0.98680604,0.0456225565518251,0.5168563515528274,0.4375210918943475,1.0926354206595576e-05,0.4018946035691527,0.5980944700756657,0.0245122562650083,0.1384559627191224,0.8370317810148693,0.0131093482908207,0.1097155246525599,0.8771751270556194,0.016530220683077,0.1183376560725286,0.8651321232433943,9.972747544662126e-06,0.0015899754385401,0.998400051812747,0.0124001586991944,0.0891507359140352,0.8984491053857704,late,late,late,late,late,late
C6,299,late,0.72520447,0.008068016,0.0052347276,0.98669726,0.0458937637993378,0.5155359902966229,0.4385702459030393,1.1398401019664116e-05,0.4061156055555387,0.5938729960424649,0.024726666500604,0.138125879786199,0.8371474537121968,0.0132560761979493,0.1107707860976366,0.8759731377034139,0.0166972532887457,0.1189773142042053,0.8643254325060489,1.0083475695482325e-05,0.0016001062915129,0.9983898102316224,0.0125254608354837,0.089633012226036,0.8978415269374802,late,late,late,late,late,late
C6,300,late,0.72427064,0.008181422,0.0052865767,0.98653203,0.0461259499205286,0.5155825812268557,0.4382914688516157,1.1816039994593256e-05,0.4097338340598359,0.5902543498991913,0.0249374588949883,0.1382121503379884,0.8368503907660232,0.0134089253389691,0.1117499633490941,0.8748411113109368,0.0168674854057749,0.1196886194457623,0.8634438951474627,1.0199603314139712e-05,0.0016126531052506,0.9983771472902648,0.0126531639551602,0.0901696278606382,0.8971772081832015,late,late,late,late,late,late
C6,301,late,0.7245731,0.008129176,0.0052876323,0.9865832,0.04605991123746,0.5170001838425634,0.4369399049189767,1.167916359755986e-05,0.4085595700479521,0.5914287507874726,0.0248502526426505,0.1385685791290759,0.8365811682272736,0.0133381944848147,0.1114584253522149,0.8752033801619703,0.0167918119321654,0.1195914714852731,0.8636167165815614,1.015518901264992e-05,0.0016127012510256,0.9983771435587916,0.0125963977463777,0.0900967789267151,0.8973068233259072,late,late,late,late,late,late
C6,302,late,0.72329277,0.008252496,0.00533281,0.98641473,0.0463187932887794,0.5170483264261223,0.4366328802840983,1.2269465086276324e-05,0.4135465881228264,0.5864411424111073,0.025080973579866,0.1386452683400127,0.8362737580791211,0.0135043430875592,0.1127698348004378,0.8737258221110029,0.0169773322352512,0.1205324648623102,0.8624902029014383,1.0279817287213717e-05,0.0016274954050961,0.998362224776445,0.0127355691307607,0.0908062224980106,0.8964582083702286,late,late,late,late,late,late
C6,303,late,0.7232041,0.008263094,0.0053533185,0.98638356,0.0463257990062981,0.5176298417598179,0.4360443592328841,1.2311424148733467e-05,0.4138936002002171,0.5860940883746539,0.0250967218394221,0.13882039823516,0.836082879924418,0.0135183495556982,0.1128863369757715,0.8735953134675302,0.0169918612408153,0.120666555353588,0.8623415834045965,1.0294150230372117e-05,0.0016315811365225,0.9983581247120752,0.0127464694681696,0.0909078117993256,0.8963457187315047,late,late,late,late,late,late
C6,304,late,0.7223003,0.008341948,0.005420981,0.98623705,0.0464552172202039,0.5189154173064958,0.4346293654723004,1.2747096109312656e-05,0.417441044260513,0.5825462086423961,0.0252343571878882,0.1392393627583695,0.8355262800527422,0.0136237386728692,0.1138707673468948,0.8725054939792358,0.0171069242273749,0.1214813459703372,0.8614117298012878,1.037558671746033e-05,0.0016449060851658,0.9983447183269436,0.0128327870672111,0.0915222359990483,0.8956449769327405,late,late,late,late,late,late
C6,305,late,0.72282696,0.008292803,0.0054006027,0.98630655,0.0463721351021834,0.5192444048675993,0.4343834600292171,1.2491411111895895e-05,0.41537132248379,0.5846161861041173,0.0251476553336446,0.1392924804369434,0.8355598642284119,0.0135577443785035,0.1133242097684554,0.873118045852041,0.0170347176650458,0.1211146909690018,0.8618505913649523,1.0329432023154109e-05,0.0016409228309786,0.9983487477358256,0.0127786206067907,0.0912462489344999,0.8959751304577094,late,late,late,late,late,late
C6,306,late,0.7219857,0.00837608,0.0054608947,0.98616296,0.0464823763189937,0.5199385653387502,0.4335790583412563,1.290226395331673e-05,0.4186806747582157,0.5813064229768489,0.0252864898004013,0.1395527019744359,0.8351608082241627,0.013669121373206,0.1142382295179282,0.8720926491078655,0.0171543319013646,0.1218325712548805,0.8610130968427547,1.0410693568381396e-05,0.0016516917034581,0.9983378976017998,0.0128683515994161,0.0917873513670289,0.8953442970325549,late,late,late,late,late,late
C6,307,late,0.7219835,0.00837964,0.0054685506,0.98615175,0.0464434346456406,0.5201910221656884,0.4333655431876712,1.2903358222783932e-05,0.4186893736113391,0.5812977230294559,0.0252814256110158,0.1396268880740056,0.8350916863139786,0.0136737921513534,0.1142514745411077,0.8720747333065388,0.0171560821892521,0.121864098600977,0.8609798192087708,1.0414759437489344e-05,0.001653653072059,0.99833593216733,0.012869665331799,0.0918114872187515,0.8953188474484494,late,late,late,late,late,late
C6,308,late,0.7212323,0.008445738,0.0055108857,0.98604333,0.0465226300757049,0.5206555749690548,0.4328217949542402,1.3281430111627636e-05,0.4216594614505748,0.5783272571183301,0.0253894741951411,0.1398036868484509,0.834806838955408,0.0137621366439146,0.1150546576390732,0.8711832057160123,0.0172503379092825,0.1224793664018864,0.860270295687831,1.0480785866608934e-05,0.0016636259163362,0.9983258932966224,0.0129403736284291,0.0922754312805029,0.894784195090068,late,late,late,late,late,late
C6,309,late,0.7216712,0.008417033,0.005463949,0.98611903,0.0465126254183687,0.5198851671826832,0.4336022073979481,1.3059222485924518e-05,0.4199223126623569,0.5800646281141745,0.0253491071273494,0.1395433971913741,0.8351074956802765,0.0137242152752447,0.1145526829096271,0.871723101814128,0.0172116828308761,0.1220498971941512,0.8607384199739726,1.0453930476675642e-05,0.0016582666553406,0.9983312794130086,0.0129113756057768,0.0919519895594525,0.8951366348337706,late,late,late,late,late,late
C6,310,late,0.72109437,0.008477991,0.0054872716,0.98603463,0.0466304616374514,0.519815417375183,0.4335541209863657,1.335201648829158e-05,0.4222063183639306,0.5777803296185975,0.0254601247202903,0.1395591474179128,0.8349807278607968,0.0138058479445839,0.115156873983248,0.871037278071168,0.0173021309772958,0.1224775560136474,0.8602203130080566,1.0514073813136463e-05,0.0016643317441249,0.9983251541808872,0.0129792267514257,0.0922742499462709,0.8947465233013033,late,late,late,late,late,late
C6,311,late,0.719422,0.0086733885,0.0055534043,0.98577315,0.0469969472027958,0.5193166787942646,0.4336863740019396,1.4237691270152203e-05,0.42887453830593,0.5711112240018132,0.0258125847250083,0.1395282606453301,0.8346591546286616,0.0140669069861481,0.1169177248283588,0.8690153681844931,0.0175906103078061,0.1237008855734502,0.8587085041177436,1.0709771689457112e-05,0.0016847247577736,0.99830456546936,0.0131956351737775,0.0931968453695352,0.8936075194556873,late,late,late,late,late,late
C6,312,late,0.7207617,0.008536949,0.0054727625,0.9859903,0.0468661831107673,0.5187174848968096,0.4344163319914231,1.3523775016081545e-05,0.4235271928523508,0.5764592833716488,0.0255984183541949,0.1392630973243312,0.8351384843204739,0.0138852538693453,0.1154655250224568,0.8706492211071977,0.0173992032148002,0.1226047967130191,0.8599960000711807,1.058337796647517e-05,0.0016701321801977,0.9983192844406608,0.0130520482555923,0.0923711305798178,0.8945768211635898,late,late,late,late,late,late
C6,313,late,0.7187479,0.0087518245,0.0055671385,0.98568106,0.0472576518758791,0.5192053900446681,0.4335369580784527,1.4610710247206658e-05,0.4315815900958064,0.5684037991929587,0.0259823508180288,0.1395195113166764,0.8344981378642947,0.0141715907686215,0.1176135617783101,0.8682148474520683,0.0177148187834437,0.1241853466398199,0.8580998345757361,1.0794914337259789e-05,0.0016933194073581,0.998295885677127,0.0132888128161677,0.0935623398317087,0.8931488473511237,late,late,late,late,late,late
C6,314,late,0.7188635,0.008746897,0.005562364,0.9856908,0.0472554585884816,0.519277942651358,0.4334665987591604,1.4546081337586812e-05,0.4311166646057919,0.568868789311883,0.0259753013810169,0.1395308144482087,0.8344938841697743,0.01416507286927,0.1174904942184007,0.8683444329113291,0.0177081414227941,0.1241025902873431,0.8581892682888627,1.0796262411463172e-05,0.001695252898388,0.998293950838023,0.013283805132699,0.0935007559401085,0.8932154389261924,late,late,late,late,late,late
C6,315,late,0.716803,0.008987924,0.0057119825,0.9853001,0.0476838460328583,0.5204984411963415,0.4318177127698002,1.5741397921426763e-05,0.4394536754788533,0.560530583122234,0.0264010177493494,0.1400491394193063,0.8335498428303442,0.0144839915906241,0.1197879479899492,0.8657280604184265,0.0180590994382417,0.1258663054187563,0.8560745951420018,1.1037345719138563e-05,0.001723817478248,0.9982651451748524,0.0135470839151116,0.0948306834336335,0.8916222326502548,late,late,late,late,late,late
