eta,fine_weight,temperature,mid_floor,late_tau,early_tau,order_blend,val_Acc,val_Macro_F1,val_E_F1,val_M_F1,val_L_F1,val_M_Pre,val_M_Rec,val_M_to_E,val_M_to_L,val_n_middle_true,val_Rev,val_Jump,val_Smooth,val_q_MAE,val_q_RMSE,val_q_R2,val_Spearman,val_Pearson,val_q_Smooth,val_score
0.55,0.3,1.0,0.12,0.72,0.42,0.25,0.6405440414507773,0.5172082166719089,0.8798328108672936,0.6717918391484329,0.0,0.5445829338446788,0.8765432098765432,0.12345679012345678,0.0,648,1,0,0.013280462384446705,0.10162463471846905,0.13588708060303653,0.5273626328265045,0.7214040697545379,0.7676100778917005,0.003267695641703179,1.1218900632270286
0.55,0.3,1.0,0.08,0.66,0.42,0.25,0.6405440414507773,0.5172082166719089,0.8798328108672936,0.6717918391484329,0.0,0.5445829338446788,0.8765432098765432,0.12345679012345678,0.0,648,1,0,0.013435488897964911,0.10162463471846905,0.13588708060303653,0.5273626328265045,0.7214040697545379,0.7676100778917005,0.003267695641703179,1.1218900632270286
0.55,0.3,1.0,0.08,0.72,0.42,0.25,0.6405440414507773,0.5172082166719089,0.8798328108672936,0.6717918391484329,0.0,0.5445829338446788,0.8765432098765432,0.12345679012345678,0.0,648,1,0,0.013280462384446705,0.10162463471846905,0.13588708060303653,0.5273626328265045,0.7214040697545379,0.7676100778917005,0.003267695641703179,1.1218900632270286
0.55,0.3,1.0,0.04,0.66,0.42,0.25,0.6405440414507773,0.5172082166719089,0.8798328108672936,0.6717918391484329,0.0,0.5445829338446788,0.8765432098765432,0.12345679012345678,0.0,648,1,0,0.013435488897964911,0.10162463471846905,0.13588708060303653,0.5273626328265045,0.7214040697545379,0.7676100778917005,0.003267695641703179,1.1218900632270286
0.55,0.3,1.0,0.04,0.72,0.42,0.25,0.6405440414507773,0.5172082166719089,0.8798328108672936,0.6717918391484329,0.0,0.5445829338446788,0.8765432098765432,0.12345679012345678,0.0,648,1,0,0.013280462384446705,0.10162463471846905,0.13588708060303653,0.5273626328265045,0.7214040697545379,0.7676100778917005,0.003267695641703179,1.1218900632270286
0.55,0.3,1.0,0.08,0.6,0.42,0.25,0.6405440414507773,0.5172082166719089,0.8798328108672936,0.6717918391484329,0.0,0.5445829338446788,0.8765432098765432,0.12345679012345678,0.0,648,1,0,0.013683437371053528,0.10162463471846905,0.13588708060303653,0.5273626328265045,0.7214040697545379,0.7676100778917005,0.003267695641703179,1.1218900632270286
0.55,0.3,1.0,0.12,0.6,0.42,0.25,0.6405440414507773,0.5172082166719089,0.8798328108672936,0.6717918391484329,0.0,0.5445829338446788,0.8765432098765432,0.12345679012345678,0.0,648,1,0,0.013683437371053528,0.10162463471846905,0.13588708060303653,0.5273626328265045,0.7214040697545379,0.7676100778917005,0.003267695641703179,1.1218900632270286
0.55,0.3,1.0,0.12,0.66,0.42,0.25,0.6405440414507773,0.5172082166719089,0.8798328108672936,0.6717918391484329,0.0,0.5445829338446788,0.8765432098765432,0.12345679012345678,0.0,648,1,0,0.013435488897964911,0.10162463471846905,0.13588708060303653,0.5273626328265045,0.7214040697545379,0.7676100778917005,0.003267695641703179,1.1218900632270286
0.55,0.3,1.0,0.04,0.6,0.42,0.25,0.6405440414507773,0.5172082166719089,0.8798328108672936,0.6717918391484329,0.0,0.5445829338446788,0.8765432098765432,0.12345679012345678,0.0,648,1,0,0.013683437371053528,0.10162463471846905,0.13588708060303653,0.5273626328265045,0.7214040697545379,0.7676100778917005,0.003267695641703179,1.1218900632270286
0.55,0.2,1.0,0.12,0.6,0.42,0.25,0.6392487046632125,0.5161617129974673,0.8774869109947644,0.6709982279976373,0.0,0.5435406698564593,0.8765432098765432,0.12345679012345678,0.0,648,1,0,0.013998074647473316,0.10162463471846905,0.13588708060303653,0.5273626328265045,0.7214040697545379,0.7676100778917005,0.003267695641703179,1.124231903689035
0.55,0.2,1.0,0.08,0.6,0.42,0.25,0.6392487046632125,0.5161617129974673,0.8774869109947644,0.6709982279976373,0.0,0.5435406698564593,0.8765432098765432,0.12345679012345678,0.0,648,1,0,0.013998074647473316,0.10162463471846905,0.13588708060303653,0.5273626328265045,0.7214040697545379,0.7676100778917005,0.003267695641703179,1.124231903689035
0.55,0.2,1.0,0.04,0.6,0.42,0.25,0.6392487046632125,0.5161617129974673,0.8774869109947644,0.6709982279976373,0.0,0.5435406698564593,0.8765432098765432,0.12345679012345678,0.0,648,1,0,0.013998074647473316,0.10162463471846905,0.13588708060303653,0.5273626328265045,0.7214040697545379,0.7676100778917005,0.003267695641703179,1.124231903689035
0.55,0.2,1.0,0.04,0.66,0.42,0.25,0.6386010362694301,0.5156374658947557,0.8763102725366876,0.6706021251475797,0.0,0.5430210325047801,0.8765432098765432,0.12345679012345678,0.0,648,1,0,0.013672121912721673,0.10162463471846905,0.13588708060303653,0.5273626328265045,0.7214040697545379,0.7676100778917005,0.003267695641703179,1.125403819185529
0.55,0.1,1.0,0.12,0.6,0.42,0.25,0.6386010362694301,0.5156374658947557,0.8763102725366876,0.6706021251475797,0.0,0.5430210325047801,0.8765432098765432,0.12345679012345678,0.0,648,1,0,0.014330029421293434,0.10162463471846905,0.13588708060303653,0.5273626328265045,0.7214040697545379,0.7676100778917005,0.003267695641703179,1.125403819185529
0.55,0.1,1.0,0.12,0.66,0.42,0.25,0.6386010362694301,0.5156374658947557,0.8763102725366876,0.6706021251475797,0.0,0.5430210325047801,0.8765432098765432,0.12345679012345678,0.0,648,1,0,0.013923316520666314,0.10162463471846905,0.13588708060303653,0.5273626328265045,0.7214040697545379,0.7676100778917005,0.003267695641703179,1.125403819185529
0.55,0.1,1.0,0.08,0.72,0.42,0.25,0.6386010362694301,0.5156374658947557,0.8763102725366876,0.6706021251475797,0.0,0.5430210325047801,0.8765432098765432,0.12345679012345678,0.0,648,1,0,0.013625531847143931,0.10162463471846905,0.13588708060303653,0.5273626328265045,0.7214040697545379,0.7676100778917005,0.003267695641703179,1.125403819185529
0.55,0.2,1.0,0.08,0.66,0.42,0.25,0.6386010362694301,0.5156374658947557,0.8763102725366876,0.6706021251475797,0.0,0.5430210325047801,0.8765432098765432,0.12345679012345678,0.0,648,1,0,0.013672121912721673,0.10162463471846905,0.13588708060303653,0.5273626328265045,0.7214040697545379,0.7676100778917005,0.003267695641703179,1.125403819185529
0.55,0.2,1.0,0.08,0.72,0.42,0.25,0.6386010362694301,0.5156374658947557,0.8763102725366876,0.6706021251475797,0.0,0.5430210325047801,0.8765432098765432,0.12345679012345678,0.0,648,1,0,0.013448017130834008,0.10162463471846905,0.13588708060303653,0.5273626328265045,0.7214040697545379,0.7676100778917005,0.003267695641703179,1.125403819185529
0.55,0.2,1.0,0.12,0.66,0.42,0.25,0.6386010362694301,0.5156374658947557,0.8763102725366876,0.6706021251475797,0.0,0.5430210325047801,0.8765432098765432,0.12345679012345678,0.0,648,1,0,0.013672121912721673,0.10162463471846905,0.13588708060303653,0.5273626328265045,0.7214040697545379,0.7676100778917005,0.003267695641703179,1.125403819185529
0.55,0.2,1.0,0.04,0.72,0.42,0.25,0.6386010362694301,0.5156374658947557,0.8763102725366876,0.6706021251475797,0.0,0.5430210325047801,0.8765432098765432,0.12345679012345678,0.0,648,1,0,0.013448017130834008,0.10162463471846905,0.13588708060303653,0.5273626328265045,0.7214040697545379,0.7676100778917005,0.003267695641703179,1.125403819185529
0.55,0.1,1.0,0.04,0.72,0.42,0.25,0.6386010362694301,0.5156374658947557,0.8763102725366876,0.6706021251475797,0.0,0.5430210325047801,0.8765432098765432,0.12345679012345678,0.0,648,1,0,0.013625531847143931,0.10162463471846905,0.13588708060303653,0.5273626328265045,0.7214040697545379,0.7676100778917005,0.003267695641703179,1.125403819185529
0.55,0.1,1.0,0.08,0.6,0.42,0.25,0.6386010362694301,0.5156374658947557,0.8763102725366876,0.6706021251475797,0.0,0.5430210325047801,0.8765432098765432,0.12345679012345678,0.0,648,1,0,0.014330029421293434,0.10162463471846905,0.13588708060303653,0.5273626328265045,0.7214040697545379,0.7676100778917005,0.003267695641703179,1.125403819185529
0.55,0.2,1.0,0.12,0.72,0.42,0.25,0.6386010362694301,0.5156374658947557,0.8763102725366876,0.6706021251475797,0.0,0.5430210325047801,0.8765432098765432,0.12345679012345678,0.0,648,1,0,0.013448017130834008,0.10162463471846905,0.13588708060303653,0.5273626328265045,0.7214040697545379,0.7676100778917005,0.003267695641703179,1.125403819185529
0.55,0.1,1.0,0.12,0.72,0.42,0.25,0.6386010362694301,0.5156374658947557,0.8763102725366876,0.6706021251475797,0.0,0.5430210325047801,0.8765432098765432,0.12345679012345678,0.0,648,1,0,0.013625531847143931,0.10162463471846905,0.13588708060303653,0.5273626328265045,0.7214040697545379,0.7676100778917005,0.003267695641703179,1.125403819185529
0.55,0.1,1.0,0.04,0.66,0.42,0.25,0.6386010362694301,0.5156374658947557,0.8763102725366876,0.6706021251475797,0.0,0.5430210325047801,0.8765432098765432,0.12345679012345678,0.0,648,1,0,0.013923316520666314,0.10162463471846905,0.13588708060303653,0.5273626328265045,0.7214040697545379,0.7676100778917005,0.003267695641703179,1.125403819185529
0.55,0.1,1.0,0.04,0.6,0.42,0.25,0.6386010362694301,0.5156374658947557,0.8763102725366876,0.6706021251475797,0.0,0.5430210325047801,0.8765432098765432,0.12345679012345678,0.0,648,1,0,0.014330029421293434,0.10162463471846905,0.13588708060303653,0.5273626328265045,0.7214040697545379,0.7676100778917005,0.003267695641703179,1.125403819185529
0.55,0.1,1.0,0.08,0.66,0.42,0.25,0.6386010362694301,0.5156374658947557,0.8763102725366876,0.6706021251475797,0.0,0.5430210325047801,0.8765432098765432,0.12345679012345678,0.0,648,1,0,0.013923316520666314,0.10162463471846905,0.13588708060303653,0.5273626328265045,0.7214040697545379,0.7676100778917005,0.003267695641703179,1.125403819185529
0.65,0.1,1.2,0.04,0.66,0.34,0.25,0.6398963730569949,0.5166401073900673,0.8789144050104384,0.6710059171597633,0.0,0.5441458733205374,0.875,0.125,0.0,648,2,0,0.01340181031759867,0.10162463471846905,0.13588708060303653,0.5273626328265045,0.7214040697545379,0.7676100778917005,0.003267695641703179,1.1263465816433933
0.65,0.1,1.2,0.08,0.72,0.34,0.25,0.6398963730569949,0.5166401073900673,0.8789144050104384,0.6710059171597633,0.0,0.5441458733205374,0.875,0.125,0.0,648,2,0,0.013225423619822393,0.10162463471846905,0.13588708060303653,0.5273626328265045,0.7214040697545379,0.7676100778917005,0.003267695641703179,1.1263465816433933
0.65,0.1,1.2,0.12,0.66,0.34,0.25,0.6398963730569949,0.5166401073900673,0.8789144050104384,0.6710059171597633,0.0,0.5441458733205374,0.875,0.125,0.0,648,2,0,0.01340181031759867,0.10162463471846905,0.13588708060303653,0.5273626328265045,0.7214040697545379,0.7676100778917005,0.003267695641703179,1.1263465816433933
0.65,0.1,1.2,0.08,0.66,0.34,0.25,0.6398963730569949,0.5166401073900673,0.8789144050104384,0.6710059171597633,0.0,0.5441458733205374,0.875,0.125,0.0,648,2,0,0.01340181031759867,0.10162463471846905,0.13588708060303653,0.5273626328265045,0.7214040697545379,0.7676100778917005,0.003267695641703179,1.1263465816433933
0.65,0.1,1.2,0.12,0.72,0.34,0.25,0.6398963730569949,0.5166401073900673,0.8789144050104384,0.6710059171597633,0.0,0.5441458733205374,0.875,0.125,0.0,648,2,0,0.013225423619822393,0.10162463471846905,0.13588708060303653,0.5273626328265045,0.7214040697545379,0.7676100778917005,0.003267695641703179,1.1263465816433933
0.65,0.1,1.2,0.08,0.6,0.34,0.25,0.6398963730569949,0.5166401073900673,0.8789144050104384,0.6710059171597633,0.0,0.5441458733205374,0.875,0.125,0.0,648,2,0,0.013672847110767116,0.10162463471846905,0.13588708060303653,0.5273626328265045,0.7214040697545379,0.7676100778917005,0.003267695641703179,1.1263465816433933
0.65,0.1,1.2,0.12,0.6,0.34,0.25,0.6398963730569949,0.5166401073900673,0.8789144050104384,0.6710059171597633,0.0,0.5441458733205374,0.875,0.125,0.0,648,2,0,0.013672847110767116,0.10162463471846905,0.13588708060303653,0.5273626328265045,0.7214040697545379,0.7676100778917005,0.003267695641703179,1.1263465816433933
0.65,0.1,1.2,0.04,0.72,0.34,0.25,0.6398963730569949,0.5166401073900673,0.8789144050104384,0.6710059171597633,0.0,0.5441458733205374,0.875,0.125,0.0,648,2,0,0.013225423619822393,0.10162463471846905,0.13588708060303653,0.5273626328265045,0.7214040697545379,0.7676100778917005,0.003267695641703179,1.1263465816433933
0.65,0.1,1.2,0.04,0.6,0.34,0.25,0.6398963730569949,0.5166401073900673,0.8789144050104384,0.6710059171597633,0.0,0.5441458733205374,0.875,0.125,0.0,648,2,0,0.013672847110767116,0.10162463471846905,0.13588708060303653,0.5273626328265045,0.7214040697545379,0.7676100778917005,0.003267695641703179,1.1263465816433933
0.55,0.3,1.2,0.08,0.6,0.42,0.25,0.6379533678756477,0.5151125514728111,0.8751311647429171,0.6702064896755162,0.0,0.542502387774594,0.8765432098765432,0.12345679012345678,0.0,648,1,0,0.012724010873035506,0.10162463471846905,0.13588708060303653,0.5273626328265045,0.7214040697545379,0.7676100778917005,0.003267695641703179,1.1265764020012559
0.55,0.3,1.2,0.12,0.66,0.42,0.25,0.6379533678756477,0.5151125514728111,0.8751311647429171,0.6702064896755162,0.0,0.542502387774594,0.8765432098765432,0.12345679012345678,0.0,648,1,0,0.012465163652086818,0.10162463471846905,0.13588708060303653,0.5273626328265045,0.7214040697545379,0.7676100778917005,0.003267695641703179,1.1265764020012559
0.55,0.2,1.0,0.04,0.66,0.38,0.25,0.6379533678756477,0.5151125514728111,0.8751311647429171,0.6702064896755162,0.0,0.542502387774594,0.8765432098765432,0.12345679012345678,0.0,648,1,0,0.013282873447547647,0.10162463471846905,0.13588708060303653,0.5273626328265045,0.7214040697545379,0.7676100778917005,0.003267695641703179,1.1265764020012559
0.55,0.3,1.2,0.12,0.6,0.42,0.25,0.6379533678756477,0.5151125514728111,0.8751311647429171,0.6702064896755162,0.0,0.542502387774594,0.8765432098765432,0.12345679012345678,0.0,648,1,0,0.012724010873035506,0.10162463471846905,0.13588708060303653,0.5273626328265045,0.7214040697545379,0.7676100778917005,0.003267695641703179,1.1265764020012559
0.55,0.3,1.2,0.04,0.6,0.42,0.25,0.6379533678756477,0.5151125514728111,0.8751311647429171,0.6702064896755162,0.0,0.542502387774594,0.8765432098765432,0.12345679012345678,0.0,648,1,0,0.012724010873035506,0.10162463471846905,0.13588708060303653,0.5273626328265045,0.7214040697545379,0.7676100778917005,0.003267695641703179,1.1265764020012559
0.55,0.2,1.0,0.04,0.72,0.38,0.25,0.6379533678756477,0.5151125514728111,0.8751311647429171,0.6702064896755162,0.0,0.542502387774594,0.8765432098765432,0.12345679012345678,0.0,648,1,0,0.01305264143803471,0.10162463471846905,0.13588708060303653,0.5273626328265045,0.7214040697545379,0.7676100778917005,0.003267695641703179,1.1265764020012559
0.55,0.3,1.2,0.12,0.72,0.42,0.25,0.6379533678756477,0.5151125514728111,0.8751311647429171,0.6702064896755162,0.0,0.542502387774594,0.8765432098765432,0.12345679012345678,0.0,648,1,0,0.012304746668811112,0.10162463471846905,0.13588708060303653,0.5273626328265045,0.7214040697545379,0.7676100778917005,0.003267695641703179,1.1265764020012559
0.55,0.3,1.2,0.08,0.72,0.42,0.25,0.6379533678756477,0.5151125514728111,0.8751311647429171,0.6702064896755162,0.0,0.542502387774594,0.8765432098765432,0.12345679012345678,0.0,648,1,0,0.012304746668811112,0.10162463471846905,0.13588708060303653,0.5273626328265045,0.7214040697545379,0.7676100778917005,0.003267695641703179,1.1265764020012559
0.55,0.2,1.0,0.04,0.6,0.38,0.25,0.6379533678756477,0.5151125514728111,0.8751311647429171,0.6702064896755162,0.0,0.542502387774594,0.8765432098765432,0.12345679012345678,0.0,648,1,0,0.013616475154089274,0.10162463471846905,0.13588708060303653,0.5273626328265045,0.7214040697545379,0.7676100778917005,0.003267695641703179,1.1265764020012559
0.55,0.3,1.0,0.08,0.6,0.38,0.25,0.6379533678756477,0.5151125514728111,0.8751311647429171,0.6702064896755162,0.0,0.542502387774594,0.8765432098765432,0.12345679012345678,0.0,648,1,0,0.013341937102150156,0.10162463471846905,0.13588708060303653,0.5273626328265045,0.7214040697545379,0.7676100778917005,0.003267695641703179,1.1265764020012559
0.55,0.2,1.0,0.12,0.72,0.38,0.25,0.6379533678756477,0.5151125514728111,0.8751311647429171,0.6702064896755162,0.0,0.542502387774594,0.8765432098765432,0.12345679012345678,0.0,648,1,0,0.01305264143803471,0.10162463471846905,0.13588708060303653,0.5273626328265045,0.7214040697545379,0.7676100778917005,0.003267695641703179,1.1265764020012559
0.55,0.3,1.0,0.04,0.66,0.38,0.25,0.6379533678756477,0.5151125514728111,0.8751311647429171,0.6702064896755162,0.0,0.542502387774594,0.8765432098765432,0.12345679012345678,0.0,648,1,0,0.013088058099331463,0.10162463471846905,0.13588708060303653,0.5273626328265045,0.7214040697545379,0.7676100778917005,0.003267695641703179,1.1265764020012559
0.55,0.3,1.0,0.12,0.6,0.38,0.25,0.6379533678756477,0.5151125514728111,0.8751311647429171,0.6702064896755162,0.0,0.542502387774594,0.8765432098765432,0.12345679012345678,0.0,648,1,0,0.013341937102150156,0.10162463471846905,0.13588708060303653,0.5273626328265045,0.7214040697545379,0.7676100778917005,0.003267695641703179,1.1265764020012559
0.55,0.2,1.0,0.12,0.66,0.38,0.25,0.6379533678756477,0.5151125514728111,0.8751311647429171,0.6702064896755162,0.0,0.542502387774594,0.8765432098765432,0.12345679012345678,0.0,648,1,0,0.013282873447547647,0.10162463471846905,0.13588708060303653,0.5273626328265045,0.7214040697545379,0.7676100778917005,0.003267695641703179,1.1265764020012559
0.55,0.2,1.0,0.08,0.72,0.38,0.25,0.6379533678756477,0.5151125514728111,0.8751311647429171,0.6702064896755162,0.0,0.542502387774594,0.8765432098765432,0.12345679012345678,0.0,648,1,0,0.01305264143803471,0.10162463471846905,0.13588708060303653,0.5273626328265045,0.7214040697545379,0.7676100778917005,0.003267695641703179,1.1265764020012559
0.55,0.3,1.0,0.12,0.72,0.38,0.25,0.6379533678756477,0.5151125514728111,0.8751311647429171,0.6702064896755162,0.0,0.542502387774594,0.8765432098765432,0.12345679012345678,0.0,648,1,0,0.012927818408843732,0.10162463471846905,0.13588708060303653,0.5273626328265045,0.7214040697545379,0.7676100778917005,0.003267695641703179,1.1265764020012559
0.55,0.2,1.0,0.08,0.6,0.38,0.25,0.6379533678756477,0.5151125514728111,0.8751311647429171,0.6702064896755162,0.0,0.542502387774594,0.8765432098765432,0.12345679012345678,0.0,648,1,0,0.013616475154089274,0.10162463471846905,0.13588708060303653,0.5273626328265045,0.7214040697545379,0.7676100778917005,0.003267695641703179,1.1265764020012559
0.55,0.2,1.0,0.08,0.66,0.38,0.25,0.6379533678756477,0.5151125514728111,0.8751311647429171,0.6702064896755162,0.0,0.542502387774594,0.8765432098765432,0.12345679012345678,0.0,648,1,0,0.013282873447547647,0.10162463471846905,0.13588708060303653,0.5273626328265045,0.7214040697545379,0.7676100778917005,0.003267695641703179,1.1265764020012559
0.55,0.3,1.0,0.08,0.72,0.38,0.25,0.6379533678756477,0.5151125514728111,0.8751311647429171,0.6702064896755162,0.0,0.542502387774594,0.8765432098765432,0.12345679012345678,0.0,648,1,0,0.012927818408843732,0.10162463471846905,0.13588708060303653,0.5273626328265045,0.7214040697545379,0.7676100778917005,0.003267695641703179,1.1265764020012559
0.55,0.3,1.0,0.12,0.66,0.38,0.25,0.6379533678756477,0.5151125514728111,0.8751311647429171,0.6702064896755162,0.0,0.542502387774594,0.8765432098765432,0.12345679012345678,0.0,648,1,0,0.013088058099331463,0.10162463471846905,0.13588708060303653,0.5273626328265045,0.7214040697545379,0.7676100778917005,0.003267695641703179,1.1265764020012559
0.55,0.3,1.0,0.04,0.6,0.38,0.25,0.6379533678756477,0.5151125514728111,0.8751311647429171,0.6702064896755162,0.0,0.542502387774594,0.8765432098765432,0.12345679012345678,0.0,648,1,0,0.013341937102150156,0.10162463471846905,0.13588708060303653,0.5273626328265045,0.7214040697545379,0.7676100778917005,0.003267695641703179,1.1265764020012559
0.55,0.3,1.2,0.08,0.66,0.42,0.25,0.6379533678756477,0.5151125514728111,0.8751311647429171,0.6702064896755162,0.0,0.542502387774594,0.8765432098765432,0.12345679012345678,0.0,648,1,0,0.012465163652086818,0.10162463471846905,0.13588708060303653,0.5273626328265045,0.7214040697545379,0.7676100778917005,0.003267695641703179,1.1265764020012559
0.55,0.2,1.0,0.12,0.6,0.38,0.25,0.6379533678756477,0.5151125514728111,0.8751311647429171,0.6702064896755162,0.0,0.542502387774594,0.8765432098765432,0.12345679012345678,0.0,648,1,0,0.013616475154089274,0.10162463471846905,0.13588708060303653,0.5273626328265045,0.7214040697545379,0.7676100778917005,0.003267695641703179,1.1265764020012559
0.55,0.3,1.0,0.08,0.66,0.38,0.25,0.6379533678756477,0.5151125514728111,0.8751311647429171,0.6702064896755162,0.0,0.542502387774594,0.8765432098765432,0.12345679012345678,0.0,648,1,0,0.013088058099331463,0.10162463471846905,0.13588708060303653,0.5273626328265045,0.7214040697545379,0.7676100778917005,0.003267695641703179,1.1265764020012559
0.55,0.3,1.0,0.04,0.72,0.38,0.25,0.6379533678756477,0.5151125514728111,0.8751311647429171,0.6702064896755162,0.0,0.542502387774594,0.8765432098765432,0.12345679012345678,0.0,648,1,0,0.012927818408843732,0.10162463471846905,0.13588708060303653,0.5273626328265045,0.7214040697545379,0.7676100778917005,0.003267695641703179,1.1265764020012559
0.55,0.3,1.2,0.04,0.72,0.42,0.25,0.6379533678756477,0.5151125514728111,0.8751311647429171,0.6702064896755162,0.0,0.542502387774594,0.8765432098765432,0.12345679012345678,0.0,648,1,0,0.012304746668811112,0.10162463471846905,0.13588708060303653,0.5273626328265045,0.7214040697545379,0.7676100778917005,0.003267695641703179,1.1265764020012559
0.55,0.3,1.2,0.04,0.66,0.42,0.25,0.6379533678756477,0.5151125514728111,0.8751311647429171,0.6702064896755162,0.0,0.542502387774594,0.8765432098765432,0.12345679012345678,0.0,648,1,0,0.012465163652086818,0.10162463471846905,0.13588708060303653,0.5273626328265045,0.7214040697545379,0.7676100778917005,0.003267695641703179,1.1265764020012559
0.65,0.3,1.2,0.08,0.66,0.34,0.5,0.6392487046632125,0.5161173512485734,0.877742946708464,0.6706091070372561,0.0,0.5436241610738255,0.875,0.125,0.0,648,1,0,0.011185685655112158,0.10162463471846905,0.13588708060303653,0.5273626328265045,0.7214040697545379,0.7676100778917005,0.003267695641703179,1.1275170061786695
0.65,0.1,1.2,0.08,0.72,0.38,0.5,0.6392487046632125,0.5161173512485734,0.877742946708464,0.6706091070372561,0.0,0.5436241610738255,0.875,0.125,0.0,648,1,0,0.011449503191848433,0.10162463471846905,0.13588708060303653,0.5273626328265045,0.7214040697545379,0.7676100778917005,0.003267695641703179,1.1275170061786695
0.65,0.1,1.2,0.12,0.72,0.38,0.5,0.6392487046632125,0.5161173512485734,0.877742946708464,0.6706091070372561,0.0,0.5436241610738255,0.875,0.125,0.0,648,1,0,0.011449503191848433,0.10162463471846905,0.13588708060303653,0.5273626328265045,0.7214040697545379,0.7676100778917005,0.003267695641703179,1.1275170061786695
0.65,0.1,1.2,0.08,0.66,0.38,0.5,0.6392487046632125,0.5161173512485734,0.877742946708464,0.6706091070372561,0.0,0.5436241610738255,0.875,0.125,0.0,648,1,0,0.011608056838315792,0.10162463471846905,0.13588708060303653,0.5273626328265045,0.7214040697545379,0.7676100778917005,0.003267695641703179,1.1275170061786695
0.65,0.1,1.2,0.04,0.66,0.38,0.5,0.6392487046632125,0.5161173512485734,0.877742946708464,0.6706091070372561,0.0,0.5436241610738255,0.875,0.125,0.0,648,1,0,0.011608056838315792,0.10162463471846905,0.13588708060303653,0.5273626328265045,0.7214040697545379,0.7676100778917005,0.003267695641703179,1.1275170061786695
0.65,0.3,1.2,0.04,0.72,0.34,0.5,0.6392487046632125,0.5161173512485734,0.877742946708464,0.6706091070372561,0.0,0.5436241610738255,0.875,0.125,0.0,648,1,0,0.011096057127765445,0.10162463471846905,0.13588708060303653,0.5273626328265045,0.7214040697545379,0.7676100778917005,0.003267695641703179,1.1275170061786695
0.65,0.1,1.2,0.04,0.6,0.38,0.5,0.6392487046632125,0.5161173512485734,0.877742946708464,0.6706091070372561,0.0,0.5436241610738255,0.875,0.125,0.0,648,1,0,0.011866863507228157,0.10162463471846905,0.13588708060303653,0.5273626328265045,0.7214040697545379,0.7676100778917005,0.003267695641703179,1.1275170061786695
0.65,0.1,1.2,0.04,0.72,0.38,0.5,0.6392487046632125,0.5161173512485734,0.877742946708464,0.6706091070372561,0.0,0.5436241610738255,0.875,0.125,0.0,648,1,0,0.011449503191848433,0.10162463471846905,0.13588708060303653,0.5273626328265045,0.7214040697545379,0.7676100778917005,0.003267695641703179,1.1275170061786695
0.65,0.3,1.2,0.12,0.66,0.34,0.5,0.6392487046632125,0.5161173512485734,0.877742946708464,0.6706091070372561,0.0,0.5436241610738255,0.875,0.125,0.0,648,1,0,0.011185685655112158,0.10162463471846905,0.13588708060303653,0.5273626328265045,0.7214040697545379,0.7676100778917005,0.003267695641703179,1.1275170061786695
0.65,0.1,1.2,0.08,0.6,0.38,0.5,0.6392487046632125,0.5161173512485734,0.877742946708464,0.6706091070372561,0.0,0.5436241610738255,0.875,0.125,0.0,648,1,0,0.011866863507228157,0.10162463471846905,0.13588708060303653,0.5273626328265045,0.7214040697545379,0.7676100778917005,0.003267695641703179,1.1275170061786695
0.65,0.1,1.2,0.12,0.66,0.38,0.5,0.6392487046632125,0.5161173512485734,0.877742946708464,0.6706091070372561,0.0,0.5436241610738255,0.875,0.125,0.0,648,1,0,0.011608056838315792,0.10162463471846905,0.13588708060303653,0.5273626328265045,0.7214040697545379,0.7676100778917005,0.003267695641703179,1.1275170061786695
0.65,0.3,1.2,0.04,0.66,0.34,0.5,0.6392487046632125,0.5161173512485734,0.877742946708464,0.6706091070372561,0.0,0.5436241610738255,0.875,0.125,0.0,648,1,0,0.011185685655112158,0.10162463471846905,0.13588708060303653,0.5273626328265045,0.7214040697545379,0.7676100778917005,0.003267695641703179,1.1275170061786695
0.65,0.3,1.2,0.04,0.6,0.34,0.5,0.6392487046632125,0.5161173512485734,0.877742946708464,0.6706091070372561,0.0,0.5436241610738255,0.875,0.125,0.0,648,1,0,0.011349045226402734,0.10162463471846905,0.13588708060303653,0.5273626328265045,0.7214040697545379,0.7676100778917005,0.003267695641703179,1.1275170061786695
0.65,0.3,1.2,0.08,0.72,0.34,0.5,0.6392487046632125,0.5161173512485734,0.877742946708464,0.6706091070372561,0.0,0.5436241610738255,0.875,0.125,0.0,648,1,0,0.011096057127765445,0.10162463471846905,0.13588708060303653,0.5273626328265045,0.7214040697545379,0.7676100778917005,0.003267695641703179,1.1275170061786695
0.65,0.3,1.2,0.12,0.6,0.34,0.5,0.6392487046632125,0.5161173512485734,0.877742946708464,0.6706091070372561,0.0,0.5436241610738255,0.875,0.125,0.0,648,1,0,0.011349045226402734,0.10162463471846905,0.13588708060303653,0.5273626328265045,0.7214040697545379,0.7676100778917005,0.003267695641703179,1.1275170061786695
0.65,0.3,1.2,0.12,0.72,0.34,0.5,0.6392487046632125,0.5161173512485734,0.877742946708464,0.6706091070372561,0.0,0.5436241610738255,0.875,0.125,0.0,648,1,0,0.011096057127765445,0.10162463471846905,0.13588708060303653,0.5273626328265045,0.7214040697545379,0.7676100778917005,0.003267695641703179,1.1275170061786695
0.65,0.3,1.2,0.08,0.6,0.34,0.5,0.6392487046632125,0.5161173512485734,0.877742946708464,0.6706091070372561,0.0,0.5436241610738255,0.875,0.125,0.0,648,1,0,0.011349045226402734,0.10162463471846905,0.13588708060303653,0.5273626328265045,0.7214040697545379,0.7676100778917005,0.003267695641703179,1.1275170061786695
0.65,0.1,1.2,0.12,0.6,0.38,0.5,0.6392487046632125,0.5161173512485734,0.877742946708464,0.6706091070372561,0.0,0.5436241610738255,0.875,0.125,0.0,648,1,0,0.011866863507228157,0.10162463471846905,0.13588708060303653,0.5273626328265045,0.7214040697545379,0.7676100778917005,0.003267695641703179,1.1275170061786695
0.55,0.2,1.2,0.04,0.66,0.42,0.25,0.6373056994818653,0.5145869668622166,0.8739495798319328,0.6698113207547169,0.0,0.5419847328244275,0.8765432098765432,0.12345679012345678,0.0,648,2,0,0.012715196839219072,0.10162463471846905,0.13588708060303653,0.5273626328265045,0.7214040697545379,0.7676100778917005,0.003267695641703179,1.1277496550056327
0.55,0.2,1.2,0.12,0.72,0.42,0.5,0.6373056994818653,0.5145869668622166,0.8739495798319328,0.6698113207547169,0.0,0.5419847328244275,0.8765432098765432,0.12345679012345678,0.0,648,1,0,0.01028437173830848,0.10162463471846905,0.13588708060303653,0.5273626328265045,0.7214040697545379,0.7676100778917005,0.003267695641703179,1.1277496550056327
0.55,0.2,1.2,0.04,0.6,0.42,0.25,0.6373056994818653,0.5145869668622166,0.8739495798319328,0.6698113207547169,0.0,0.5419847328244275,0.8765432098765432,0.12345679012345678,0.0,648,2,0,0.013060879392466026,0.10162463471846905,0.13588708060303653,0.5273626328265045,0.7214040697545379,0.7676100778917005,0.003267695641703179,1.1277496550056327
0.55,0.2,1.2,0.12,0.72,0.42,0.25,0.6373056994818653,0.5145869668622166,0.8739495798319328,0.6698113207547169,0.0,0.5419847328244275,0.8765432098765432,0.12345679012345678,0.0,648,2,0,0.012477217211055849,0.10162463471846905,0.13588708060303653,0.5273626328265045,0.7214040697545379,0.7676100778917005,0.003267695641703179,1.1277496550056327
0.55,0.2,1.2,0.04,0.66,0.42,0.5,0.6373056994818653,0.5145869668622166,0.8739495798319328,0.6698113207547169,0.0,0.5419847328244275,0.8765432098765432,0.12345679012345678,0.0,648,1,0,0.010481375853639589,0.10162463471846905,0.13588708060303653,0.5273626328265045,0.7214040697545379,0.7676100778917005,0.003267695641703179,1.1277496550056327
0.55,0.2,1.2,0.12,0.6,0.42,0.25,0.6373056994818653,0.5145869668622166,0.8739495798319328,0.6698113207547169,0.0,0.5419847328244275,0.8765432098765432,0.12345679012345678,0.0,648,2,0,0.013060879392466026,0.10162463471846905,0.13588708060303653,0.5273626328265045,0.7214040697545379,0.7676100778917005,0.003267695641703179,1.1277496550056327
0.55,0.2,1.2,0.08,0.72,0.42,0.5,0.6373056994818653,0.5145869668622166,0.8739495798319328,0.6698113207547169,0.0,0.5419847328244275,0.8765432098765432,0.12345679012345678,0.0,648,1,0,0.01028437173830848,0.10162463471846905,0.13588708060303653,0.5273626328265045,0.7214040697545379,0.7676100778917005,0.003267695641703179,1.1277496550056327
0.55,0.2,1.2,0.04,0.6,0.42,0.5,0.6373056994818653,0.5145869668622166,0.8739495798319328,0.6698113207547169,0.0,0.5419847328244275,0.8765432098765432,0.12345679012345678,0.0,648,1,0,0.010780341897557546,0.10162463471846905,0.13588708060303653,0.5273626328265045,0.7214040697545379,0.7676100778917005,0.003267695641703179,1.1277496550056327
0.55,0.2,1.2,0.12,0.66,0.42,0.25,0.6373056994818653,0.5145869668622166,0.8739495798319328,0.6698113207547169,0.0,0.5419847328244275,0.8765432098765432,0.12345679012345678,0.0,648,2,0,0.012715196839219072,0.10162463471846905,0.13588708060303653,0.5273626328265045,0.7214040697545379,0.7676100778917005,0.003267695641703179,1.1277496550056327
0.55,0.1,1.2,0.04,0.6,0.42,0.5,0.6373056994818653,0.5145869668622166,0.8739495798319328,0.6698113207547169,0.0,0.5419847328244275,0.8765432098765432,0.12345679012345678,0.0,648,1,0,0.011059498065605975,0.10162463471846905,0.13588708060303653,0.5273626328265045,0.7214040697545379,0.7676100778917005,0.003267695641703179,1.1277496550056327
0.55,0.2,1.2,0.12,0.66,0.42,0.5,0.6373056994818653,0.5145869668622166,0.8739495798319328,0.6698113207547169,0.0,0.5419847328244275,0.8765432098765432,0.12345679012345678,0.0,648,1,0,0.010481375853639589,0.10162463471846905,0.13588708060303653,0.5273626328265045,0.7214040697545379,0.7676100778917005,0.003267695641703179,1.1277496550056327
0.55,0.1,1.2,0.08,0.6,0.42,0.5,0.6373056994818653,0.5145869668622166,0.8739495798319328,0.6698113207547169,0.0,0.5419847328244275,0.8765432098765432,0.12345679012345678,0.0,648,1,0,0.011059498065605975,0.10162463471846905,0.13588708060303653,0.5273626328265045,0.7214040697545379,0.7676100778917005,0.003267695641703179,1.1277496550056327
0.55,0.1,1.2,0.12,0.6,0.42,0.5,0.6373056994818653,0.5145869668622166,0.8739495798319328,0.6698113207547169,0.0,0.5419847328244275,0.8765432098765432,0.12345679012345678,0.0,648,1,0,0.011059498065605975,0.10162463471846905,0.13588708060303653,0.5273626328265045,0.7214040697545379,0.7676100778917005,0.003267695641703179,1.1277496550056327
0.55,0.2,1.2,0.08,0.66,0.42,0.25,0.6373056994818653,0.5145869668622166,0.8739495798319328,0.6698113207547169,0.0,0.5419847328244275,0.8765432098765432,0.12345679012345678,0.0,648,2,0,0.012715196839219072,0.10162463471846905,0.13588708060303653,0.5273626328265045,0.7214040697545379,0.7676100778917005,0.003267695641703179,1.1277496550056327
0.55,0.2,1.2,0.08,0.66,0.42,0.5,0.6373056994818653,0.5145869668622166,0.8739495798319328,0.6698113207547169,0.0,0.5419847328244275,0.8765432098765432,0.12345679012345678,0.0,648,1,0,0.010481375853639589,0.10162463471846905,0.13588708060303653,0.5273626328265045,0.7214040697545379,0.7676100778917005,0.003267695641703179,1.1277496550056327
0.55,0.2,1.2,0.08,0.6,0.42,0.25,0.6373056994818653,0.5145869668622166,0.8739495798319328,0.6698113207547169,0.0,0.5419847328244275,0.8765432098765432,0.12345679012345678,0.0,648,2,0,0.013060879392466026,0.10162463471846905,0.13588708060303653,0.5273626328265045,0.7214040697545379,0.7676100778917005,0.003267695641703179,1.1277496550056327
0.55,0.2,1.2,0.08,0.6,0.42,0.5,0.6373056994818653,0.5145869668622166,0.8739495798319328,0.6698113207547169,0.0,0.5419847328244275,0.8765432098765432,0.12345679012345678,0.0,648,1,0,0.010780341897557546,0.10162463471846905,0.13588708060303653,0.5273626328265045,0.7214040697545379,0.7676100778917005,0.003267695641703179,1.1277496550056327
0.55,0.2,1.2,0.04,0.72,0.42,0.5,0.6373056994818653,0.5145869668622166,0.8739495798319328,0.6698113207547169,0.0,0.5419847328244275,0.8765432098765432,0.12345679012345678,0.0,648,1,0,0.01028437173830848,0.10162463471846905,0.13588708060303653,0.5273626328265045,0.7214040697545379,0.7676100778917005,0.003267695641703179,1.1277496550056327
0.55,0.2,1.2,0.08,0.72,0.42,0.25,0.6373056994818653,0.5145869668622166,0.8739495798319328,0.6698113207547169,0.0,0.5419847328244275,0.8765432098765432,0.12345679012345678,0.0,648,2,0,0.012477217211055849,0.10162463471846905,0.13588708060303653,0.5273626328265045,0.7214040697545379,0.7676100778917005,0.003267695641703179,1.1277496550056327
0.55,0.2,1.2,0.12,0.6,0.42,0.5,0.6373056994818653,0.5145869668622166,0.8739495798319328,0.6698113207547169,0.0,0.5419847328244275,0.8765432098765432,0.12345679012345678,0.0,648,1,0,0.010780341897557546,0.10162463471846905,0.13588708060303653,0.5273626328265045,0.7214040697545379,0.7676100778917005,0.003267695641703179,1.1277496550056327
0.55,0.2,1.2,0.04,0.72,0.42,0.25,0.6373056994818653,0.5145869668622166,0.8739495798319328,0.6698113207547169,0.0,0.5419847328244275,0.8765432098765432,0.12345679012345678,0.0,648,2,0,0.012477217211055849,0.10162463471846905,0.13588708060303653,0.5273626328265045,0.7214040697545379,0.7676100778917005,0.003267695641703179,1.1277496550056327
0.65,0.2,1.2,0.08,0.6,0.34,0.5,0.6386010362694301,0.5155939345381169,0.8765690376569037,0.6702127659574468,0.0,0.5431034482758621,0.875,0.125,0.0,648,1,0,0.011378804231092438,0.10162463471846905,0.13588708060303653,0.5273626328265045,0.7214040697545379,0.7676100778917005,0.003267695641703179,1.1286880912829085
0.65,0.2,1.2,0.08,0.72,0.34,0.5,0.6386010362694301,0.5155939345381169,0.8765690376569037,0.6702127659574468,0.0,0.5431034482758621,0.875,0.125,0.0,648,1,0,0.011046008166576738,0.10162463471846905,0.13588708060303653,0.5273626328265045,0.7214040697545379,0.7676100778917005,0.003267695641703179,1.1286880912829085
0.65,0.2,1.2,0.12,0.66,0.34,0.5,0.6386010362694301,0.5155939345381169,0.8765690376569037,0.6702127659574468,0.0,0.5431034482758621,0.875,0.125,0.0,648,1,0,0.011168767517555397,0.10162463471846905,0.13588708060303653,0.5273626328265045,0.7214040697545379,0.7676100778917005,0.003267695641703179,1.1286880912829085
0.65,0.2,1.2,0.12,0.72,0.34,0.5,0.6386010362694301,0.5155939345381169,0.8765690376569037,0.6702127659574468,0.0,0.5431034482758621,0.875,0.125,0.0,648,1,0,0.011046008166576738,0.10162463471846905,0.13588708060303653,0.5273626328265045,0.7214040697545379,0.7676100778917005,0.003267695641703179,1.1286880912829085
0.65,0.1,1.2,0.08,0.6,0.34,0.5,0.6386010362694301,0.5155939345381169,0.8765690376569037,0.6702127659574468,0.0,0.5431034482758621,0.875,0.125,0.0,648,1,0,0.011431582769488325,0.10162463471846905,0.13588708060303653,0.5273626328265045,0.7214040697545379,0.7676100778917005,0.003267695641703179,1.1286880912829085
0.65,0.1,1.2,0.04,0.72,0.34,0.5,0.6386010362694301,0.5155939345381169,0.8765690376569037,0.6702127659574468,0.0,0.5431034482758621,0.875,0.125,0.0,648,1,0,0.011008566600388995,0.10162463471846905,0.13588708060303653,0.5273626328265045,0.7214040697545379,0.7676100778917005,0.003267695641703179,1.1286880912829085
0.65,0.1,1.2,0.04,0.6,0.34,0.5,0.6386010362694301,0.5155939345381169,0.8765690376569037,0.6702127659574468,0.0,0.5431034482758621,0.875,0.125,0.0,648,1,0,0.011431582769488325,0.10162463471846905,0.13588708060303653,0.5273626328265045,0.7214040697545379,0.7676100778917005,0.003267695641703179,1.1286880912829085
0.65,0.2,1.2,0.08,0.66,0.34,0.5,0.6386010362694301,0.5155939345381169,0.8765690376569037,0.6702127659574468,0.0,0.5431034482758621,0.875,0.125,0.0,648,1,0,0.011168767517555397,0.10162463471846905,0.13588708060303653,0.5273626328265045,0.7214040697545379,0.7676100778917005,0.003267695641703179,1.1286880912829085
0.65,0.2,1.2,0.04,0.72,0.34,0.5,0.6386010362694301,0.5155939345381169,0.8765690376569037,0.6702127659574468,0.0,0.5431034482758621,0.875,0.125,0.0,648,1,0,0.011046008166576738,0.10162463471846905,0.13588708060303653,0.5273626328265045,0.7214040697545379,0.7676100778917005,0.003267695641703179,1.1286880912829085
0.65,0.2,1.2,0.12,0.6,0.34,0.5,0.6386010362694301,0.5155939345381169,0.8765690376569037,0.6702127659574468,0.0,0.5431034482758621,0.875,0.125,0.0,648,1,0,0.011378804231092438,0.10162463471846905,0.13588708060303653,0.5273626328265045,0.7214040697545379,0.7676100778917005,0.003267695641703179,1.1286880912829085
0.65,0.2,1.2,0.04,0.6,0.34,0.5,0.6386010362694301,0.5155939345381169,0.8765690376569037,0.6702127659574468,0.0,0.5431034482758621,0.875,0.125,0.0,648,1,0,0.011378804231092438,0.10162463471846905,0.13588708060303653,0.5273626328265045,0.7214040697545379,0.7676100778917005,0.003267695641703179,1.1286880912829085
0.65,0.1,1.2,0.12,0.66,0.34,0.5,0.6386010362694301,0.5155939345381169,0.8765690376569037,0.6702127659574468,0.0,0.5431034482758621,0.875,0.125,0.0,648,1,0,0.011169457215226277,0.10162463471846905,0.13588708060303653,0.5273626328265045,0.7214040697545379,0.7676100778917005,0.003267695641703179,1.1286880912829085
0.65,0.1,1.2,0.12,0.72,0.34,0.5,0.6386010362694301,0.5155939345381169,0.8765690376569037,0.6702127659574468,0.0,0.5431034482758621,0.875,0.125,0.0,648,1,0,0.011008566600388995,0.10162463471846905,0.13588708060303653,0.5273626328265045,0.7214040697545379,0.7676100778917005,0.003267695641703179,1.1286880912829085
0.65,0.2,1.2,0.04,0.66,0.34,0.5,0.6386010362694301,0.5155939345381169,0.8765690376569037,0.6702127659574468,0.0,0.5431034482758621,0.875,0.125,0.0,648,1,0,0.011168767517555397,0.10162463471846905,0.13588708060303653,0.5273626328265045,0.7214040697545379,0.7676100778917005,0.003267695641703179,1.1286880912829085
0.65,0.1,1.2,0.08,0.72,0.34,0.5,0.6386010362694301,0.5155939345381169,0.8765690376569037,0.6702127659574468,0.0,0.5431034482758621,0.875,0.125,0.0,648,1,0,0.011008566600388995,0.10162463471846905,0.13588708060303653,0.5273626328265045,0.7214040697545379,0.7676100778917005,0.003267695641703179,1.1286880912829085
0.65,0.1,1.2,0.04,0.66,0.34,0.5,0.6386010362694301,0.5155939345381169,0.8765690376569037,0.6702127659574468,0.0,0.5431034482758621,0.875,0.125,0.0,648,1,0,0.011169457215226277,0.10162463471846905,0.13588708060303653,0.5273626328265045,0.7214040697545379,0.7676100778917005,0.003267695641703179,1.1286880912829085
0.65,0.1,1.2,0.12,0.6,0.34,0.5,0.6386010362694301,0.5155939345381169,0.8765690376569037,0.6702127659574468,0.0,0.5431034482758621,0.875,0.125,0.0,648,1,0,0.011431582769488325,0.10162463471846905,0.13588708060303653,0.5273626328265045,0.7214040697545379,0.7676100778917005,0.003267695641703179,1.1286880912829085
0.65,0.1,1.2,0.08,0.66,0.34,0.5,0.6386010362694301,0.5155939345381169,0.8765690376569037,0.6702127659574468,0.0,0.5431034482758621,0.875,0.125,0.0,648,1,0,0.011169457215226277,0.10162463471846905,0.13588708060303653,0.5273626328265045,0.7214040697545379,0.7676100778917005,0.003267695641703179,1.1286880912829085
0.55,0.1,1.2,0.08,0.66,0.42,0.5,0.6366580310880829,0.5140607091832952,0.8727655099894848,0.6694166175604007,0.0,0.5414680648236415,0.8765432098765432,0.12345679012345678,0.0,648,1,0,0.010690097644773239,0.10162463471846905,0.13588708060303653,0.5273626328265045,0.7214040697545379,0.7676100778917005,0.003267695641703179,1.1289235810783367
0.55,0.1,1.2,0.08,0.72,0.42,0.25,0.6366580310880829,0.5140607091832952,0.8727655099894848,0.6694166175604007,0.0,0.5414680648236415,0.8765432098765432,0.12345679012345678,0.0,648,2,0,0.012660490943828177,0.10162463471846905,0.13588708060303653,0.5273626328265045,0.7214040697545379,0.7676100778917005,0.003267695641703179,1.1289235810783367
0.55,0.1,1.2,0.08,0.72,0.42,0.5,0.6366580310880829,0.5140607091832952,0.8727655099894848,0.6694166175604007,0.0,0.5414680648236415,0.8765432098765432,0.12345679012345678,0.0,648,1,0,0.010431527426346987,0.10162463471846905,0.13588708060303653,0.5273626328265045,0.7214040697545379,0.7676100778917005,0.003267695641703179,1.1289235810783367
0.55,0.1,1.2,0.12,0.6,0.42,0.25,0.6366580310880829,0.5140607091832952,0.8727655099894848,0.6694166175604007,0.0,0.5414680648236415,0.8765432098765432,0.12345679012345678,0.0,648,2,0,0.01342143723371011,0.10162463471846905,0.13588708060303653,0.5273626328265045,0.7214040697545379,0.7676100778917005,0.003267695641703179,1.1289235810783367
0.55,0.1,1.2,0.08,0.66,0.42,0.25,0.6366580310880829,0.5140607091832952,0.8727655099894848,0.6694166175604007,0.0,0.5414680648236415,0.8765432098765432,0.12345679012345678,0.0,648,2,0,0.012984891393177973,0.10162463471846905,0.13588708060303653,0.5273626328265045,0.7214040697545379,0.7676100778917005,0.003267695641703179,1.1289235810783367
0.55,0.1,1.2,0.04,0.66,0.42,0.5,0.6366580310880829,0.5140607091832952,0.8727655099894848,0.6694166175604007,0.0,0.5414680648236415,0.8765432098765432,0.12345679012345678,0.0,648,1,0,0.010690097644773239,0.10162463471846905,0.13588708060303653,0.5273626328265045,0.7214040697545379,0.7676100778917005,0.003267695641703179,1.1289235810783367
0.55,0.1,1.2,0.04,0.72,0.42,0.25,0.6366580310880829,0.5140607091832952,0.8727655099894848,0.6694166175604007,0.0,0.5414680648236415,0.8765432098765432,0.12345679012345678,0.0,648,2,0,0.012660490943828177,0.10162463471846905,0.13588708060303653,0.5273626328265045,0.7214040697545379,0.7676100778917005,0.003267695641703179,1.1289235810783367
0.55,0.1,1.2,0.04,0.72,0.42,0.5,0.6366580310880829,0.5140607091832952,0.8727655099894848,0.6694166175604007,0.0,0.5414680648236415,0.8765432098765432,0.12345679012345678,0.0,648,1,0,0.010431527426346987,0.10162463471846905,0.13588708060303653,0.5273626328265045,0.7214040697545379,0.7676100778917005,0.003267695641703179,1.1289235810783367
0.55,0.3,1.0,0.04,0.72,0.34,0.25,0.6366580310880829,0.5140607091832952,0.8727655099894848,0.6694166175604007,0.0,0.5414680648236415,0.8765432098765432,0.12345679012345678,0.0,648,1,0,0.012490456848322395,0.10162463471846905,0.13588708060303653,0.5273626328265045,0.7214040697545379,0.7676100778917005,0.003267695641703179,1.1289235810783367
0.55,0.3,1.0,0.08,0.6,0.34,0.25,0.6366580310880829,0.5140607091832952,0.8727655099894848,0.6694166175604007,0.0,0.5414680648236415,0.8765432098765432,0.12345679012345678,0.0,648,1,0,0.012910707690742687,0.10162463471846905,0.13588708060303653,0.5273626328265045,0.7214040697545379,0.7676100778917005,0.003267695641703179,1.1289235810783367
0.55,0.3,1.0,0.08,0.72,0.34,0.25,0.6366580310880829,0.5140607091832952,0.8727655099894848,0.6694166175604007,0.0,0.5414680648236415,0.8765432098765432,0.12345679012345678,0.0,648,1,0,0.012490456848322395,0.10162463471846905,0.13588708060303653,0.5273626328265045,0.7214040697545379,0.7676100778917005,0.003267695641703179,1.1289235810783367
0.55,0.3,1.0,0.12,0.6,0.34,0.25,0.6366580310880829,0.5140607091832952,0.8727655099894848,0.6694166175604007,0.0,0.5414680648236415,0.8765432098765432,0.12345679012345678,0.0,648,1,0,0.012910707690742687,0.10162463471846905,0.13588708060303653,0.5273626328265045,0.7214040697545379,0.7676100778917005,0.003267695641703179,1.1289235810783367
0.55,0.3,1.0,0.12,0.72,0.34,0.25,0.6366580310880829,0.5140607091832952,0.8727655099894848,0.6694166175604007,0.0,0.5414680648236415,0.8765432098765432,0.12345679012345678,0.0,648,1,0,0.012490456848322395,0.10162463471846905,0.13588708060303653,0.5273626328265045,0.7214040697545379,0.7676100778917005,0.003267695641703179,1.1289235810783367
0.55,0.3,1.0,0.08,0.66,0.34,0.25,0.6366580310880829,0.5140607091832952,0.8727655099894848,0.6694166175604007,0.0,0.5414680648236415,0.8765432098765432,0.12345679012345678,0.0,648,1,0,0.01265402761137628,0.10162463471846905,0.13588708060303653,0.5273626328265045,0.7214040697545379,0.7676100778917005,0.003267695641703179,1.1289235810783367
0.55,0.1,1.2,0.12,0.66,0.42,0.25,0.6366580310880829,0.5140607091832952,0.8727655099894848,0.6694166175604007,0.0,0.5414680648236415,0.8765432098765432,0.12345679012345678,0.0,648,2,0,0.012984891393177973,0.10162463471846905,0.13588708060303653,0.5273626328265045,0.7214040697545379,0.7676100778917005,0.003267695641703179,1.1289235810783367
0.55,0.3,1.0,0.12,0.66,0.34,0.25,0.6366580310880829,0.5140607091832952,0.8727655099894848,0.6694166175604007,0.0,0.5414680648236415,0.8765432098765432,0.12345679012345678,0.0,648,1,0,0.01265402761137628,0.10162463471846905,0.13588708060303653,0.5273626328265045,0.7214040697545379,0.7676100778917005,0.003267695641703179,1.1289235810783367
0.55,0.1,1.2,0.12,0.72,0.42,0.5,0.6366580310880829,0.5140607091832952,0.8727655099894848,0.6694166175604007,0.0,0.5414680648236415,0.8765432098765432,0.12345679012345678,0.0,648,1,0,0.010431527426346987,0.10162463471846905,0.13588708060303653,0.5273626328265045,0.7214040697545379,0.7676100778917005,0.003267695641703179,1.1289235810783367
0.55,0.1,1.2,0.12,0.72,0.42,0.25,0.6366580310880829,0.5140607091832952,0.8727655099894848,0.6694166175604007,0.0,0.5414680648236415,0.8765432098765432,0.12345679012345678,0.0,648,2,0,0.012660490943828177,0.10162463471846905,0.13588708060303653,0.5273626328265045,0.7214040697545379,0.7676100778917005,0.003267695641703179,1.1289235810783367
0.55,0.1,1.2,0.12,0.66,0.42,0.5,0.6366580310880829,0.5140607091832952,0.8727655099894848,0.6694166175604007,0.0,0.5414680648236415,0.8765432098765432,0.12345679012345678,0.0,648,1,0,0.010690097644773239,0.10162463471846905,0.13588708060303653,0.5273626328265045,0.7214040697545379,0.7676100778917005,0.003267695641703179,1.1289235810783367
0.55,0.1,1.0,0.12,0.6,0.38,0.5,0.6366580310880829,0.5140607091832952,0.8727655099894848,0.6694166175604007,0.0,0.5414680648236415,0.8765432098765432,0.12345679012345678,0.0,648,1,0,0.011341546041853995,0.10162463471846905,0.13588708060303653,0.5273626328265045,0.7214040697545379,0.7676100778917005,0.003267695641703179,1.1289235810783367
0.55,0.1,1.0,0.12,0.66,0.38,0.5,0.6366580310880829,0.5140607091832952,0.8727655099894848,0.6694166175604007,0.0,0.5414680648236415,0.8765432098765432,0.12345679012345678,0.0,648,1,0,0.010989412380197891,0.10162463471846905,0.13588708060303653,0.5273626328265045,0.7214040697545379,0.7676100778917005,0.003267695641703179,1.1289235810783367
0.55,0.1,1.0,0.12,0.66,0.38,0.25,0.6366580310880829,0.5140607091832952,0.8727655099894848,0.6694166175604007,0.0,0.5414680648236415,0.8765432098765432,0.12345679012345678,0.0,648,2,0,0.013496006590838406,0.10162463471846905,0.13588708060303653,0.5273626328265045,0.7214040697545379,0.7676100778917005,0.003267695641703179,1.1289235810783367
0.55,0.1,1.0,0.04,0.72,0.38,0.5,0.6366580310880829,0.5140607091832952,0.8727655099894848,0.6694166175604007,0.0,0.5414680648236415,0.8765432098765432,0.12345679012345678,0.0,648,1,0,0.010748524893011127,0.10162463471846905,0.13588708060303653,0.5273626328265045,0.7214040697545379,0.7676100778917005,0.003267695641703179,1.1289235810783367
0.55,0.1,1.0,0.04,0.72,0.38,0.25,0.6366580310880829,0.5140607091832952,0.8727655099894848,0.6694166175604007,0.0,0.5414680648236415,0.8765432098765432,0.12345679012345678,0.0,648,2,0,0.01319174686191112,0.10162463471846905,0.13588708060303653,0.5273626328265045,0.7214040697545379,0.7676100778917005,0.003267695641703179,1.1289235810783367
0.55,0.1,1.0,0.12,0.72,0.38,0.5,0.6366580310880829,0.5140607091832952,0.8727655099894848,0.6694166175604007,0.0,0.5414680648236415,0.8765432098765432,0.12345679012345678,0.0,648,1,0,0.010748524893011127,0.10162463471846905,0.13588708060303653,0.5273626328265045,0.7214040697545379,0.7676100778917005,0.003267695641703179,1.1289235810783367
0.55,0.1,1.0,0.12,0.72,0.38,0.25,0.6366580310880829,0.5140607091832952,0.8727655099894848,0.6694166175604007,0.0,0.5414680648236415,0.8765432098765432,0.12345679012345678,0.0,648,2,0,0.01319174686191112,0.10162463471846905,0.13588708060303653,0.5273626328265045,0.7214040697545379,0.7676100778917005,0.003267695641703179,1.1289235810783367
0.55,0.1,1.2,0.04,0.6,0.42,0.25,0.6366580310880829,0.5140607091832952,0.8727655099894848,0.6694166175604007,0.0,0.5414680648236415,0.8765432098765432,0.12345679012345678,0.0,648,2,0,0.01342143723371011,0.10162463471846905,0.13588708060303653,0.5273626328265045,0.7214040697545379,0.7676100778917005,0.003267695641703179,1.1289235810783367
0.55,0.1,1.0,0.12,0.6,0.38,0.25,0.6366580310880829,0.5140607091832952,0.8727655099894848,0.6694166175604007,0.0,0.5414680648236415,0.8765432098765432,0.12345679012345678,0.0,648,2,0,0.013912385337149093,0.10162463471846905,0.13588708060303653,0.5273626328265045,0.7214040697545379,0.7676100778917005,0.003267695641703179,1.1289235810783367
0.55,0.1,1.0,0.08,0.72,0.38,0.25,0.6366580310880829,0.5140607091832952,0.8727655099894848,0.6694166175604007,0.0,0.5414680648236415,0.8765432098765432,0.12345679012345678,0.0,648,2,0,0.01319174686191112,0.10162463471846905,0.13588708060303653,0.5273626328265045,0.7214040697545379,0.7676100778917005,0.003267695641703179,1.1289235810783367
0.55,0.1,1.0,0.08,0.72,0.38,0.5,0.6366580310880829,0.5140607091832952,0.8727655099894848,0.6694166175604007,0.0,0.5414680648236415,0.8765432098765432,0.12345679012345678,0.0,648,1,0,0.010748524893011127,0.10162463471846905,0.13588708060303653,0.5273626328265045,0.7214040697545379,0.7676100778917005,0.003267695641703179,1.1289235810783367
0.55,0.1,1.2,0.08,0.6,0.42,0.25,0.6366580310880829,0.5140607091832952,0.8727655099894848,0.6694166175604007,0.0,0.5414680648236415,0.8765432098765432,0.12345679012345678,0.0,648,2,0,0.01342143723371011,0.10162463471846905,0.13588708060303653,0.5273626328265045,0.7214040697545379,0.7676100778917005,0.003267695641703179,1.1289235810783367
0.55,0.1,1.2,0.04,0.66,0.42,0.25,0.6366580310880829,0.5140607091832952,0.8727655099894848,0.6694166175604007,0.0,0.5414680648236415,0.8765432098765432,0.12345679012345678,0.0,648,2,0,0.012984891393177973,0.10162463471846905,0.13588708060303653,0.5273626328265045,0.7214040697545379,0.7676100778917005,0.003267695641703179,1.1289235810783367
0.55,0.3,1.0,0.04,0.6,0.34,0.25,0.6366580310880829,0.5140607091832952,0.8727655099894848,0.6694166175604007,0.0,0.5414680648236415,0.8765432098765432,0.12345679012345678,0.0,648,1,0,0.012910707690742687,0.10162463471846905,0.13588708060303653,0.5273626328265045,0.7214040697545379,0.7676100778917005,0.003267695641703179,1.1289235810783367
0.55,0.3,1.0,0.04,0.66,0.34,0.25,0.6366580310880829,0.5140607091832952,0.8727655099894848,0.6694166175604007,0.0,0.5414680648236415,0.8765432098765432,0.12345679012345678,0.0,648,1,0,0.01265402761137628,0.10162463471846905,0.13588708060303653,0.5273626328265045,0.7214040697545379,0.7676100778917005,0.003267695641703179,1.1289235810783367
0.55,0.1,1.0,0.04,0.6,0.38,0.5,0.6366580310880829,0.5140607091832952,0.8727655099894848,0.6694166175604007,0.0,0.5414680648236415,0.8765432098765432,0.12345679012345678,0.0,648,1,0,0.011341546041853995,0.10162463471846905,0.13588708060303653,0.5273626328265045,0.7214040697545379,0.7676100778917005,0.003267695641703179,1.1289235810783367
0.55,0.1,1.0,0.04,0.6,0.38,0.25,0.6366580310880829,0.5140607091832952,0.8727655099894848,0.6694166175604007,0.0,0.5414680648236415,0.8765432098765432,0.12345679012345678,0.0,648,2,0,0.013912385337149093,0.10162463471846905,0.13588708060303653,0.5273626328265045,0.7214040697545379,0.7676100778917005,0.003267695641703179,1.1289235810783367
0.55,0.1,1.0,0.04,0.66,0.38,0.25,0.6366580310880829,0.5140607091832952,0.8727655099894848,0.6694166175604007,0.0,0.5414680648236415,0.8765432098765432,0.12345679012345678,0.0,648,2,0,0.013496006590838406,0.10162463471846905,0.13588708060303653,0.5273626328265045,0.7214040697545379,0.7676100778917005,0.003267695641703179,1.1289235810783367
0.55,0.1,1.0,0.04,0.66,0.38,0.5,0.6366580310880829,0.5140607091832952,0.8727655099894848,0.6694166175604007,0.0,0.5414680648236415,0.8765432098765432,0.12345679012345678,0.0,648,1,0,0.010989412380197891,0.10162463471846905,0.13588708060303653,0.5273626328265045,0.7214040697545379,0.7676100778917005,0.003267695641703179,1.1289235810783367
0.55,0.1,1.0,0.08,0.6,0.38,0.25,0.6366580310880829,0.5140607091832952,0.8727655099894848,0.6694166175604007,0.0,0.5414680648236415,0.8765432098765432,0.12345679012345678,0.0,648,2,0,0.013912385337149093,0.10162463471846905,0.13588708060303653,0.5273626328265045,0.7214040697545379,0.7676100778917005,0.003267695641703179,1.1289235810783367
0.55,0.1,1.0,0.08,0.6,0.38,0.5,0.6366580310880829,0.5140607091832952,0.8727655099894848,0.6694166175604007,0.0,0.5414680648236415,0.8765432098765432,0.12345679012345678,0.0,648,1,0,0.011341546041853995,0.10162463471846905,0.13588708060303653,0.5273626328265045,0.7214040697545379,0.7676100778917005,0.003267695641703179,1.1289235810783367
0.55,0.1,1.0,0.08,0.66,0.38,0.25,0.6366580310880829,0.5140607091832952,0.8727655099894848,0.6694166175604007,0.0,0.5414680648236415,0.8765432098765432,0.12345679012345678,0.0,648,2,0,0.013496006590838406,0.10162463471846905,0.13588708060303653,0.5273626328265045,0.7214040697545379,0.7676100778917005,0.003267695641703179,1.1289235810783367
0.55,0.1,1.0,0.08,0.66,0.38,0.5,0.6366580310880829,0.5140607091832952,0.8727655099894848,0.6694166175604007,0.0,0.5414680648236415,0.8765432098765432,0.12345679012345678,0.0,648,1,0,0.010989412380197891,0.10162463471846905,0.13588708060303653,0.5273626328265045,0.7214040697545379,0.7676100778917005,0.003267695641703179,1.1289235810783367
0.55,0.1,1.0,0.04,0.72,0.42,0.5,0.6379533678756477,0.5150698544154196,0.875392670157068,0.6698168930891908,0.0,0.5425837320574163,0.875,0.125,0.0,648,1,0,0.011170348969026555,0.10162463471846905,0.13588708060303653,0.5273626328265045,0.7214040697545379,0.7676100778917005,0.003267695641703179,1.129859839799388
0.55,0.1,1.0,0.08,0.6,0.42,0.5,0.6379533678756477,0.5150698544154196,0.875392670157068,0.6698168930891908,0.0,0.5425837320574163,0.875,0.125,0.0,648,1,0,0.011749778753906452,0.10162463471846905,0.13588708060303653,0.5273626328265045,0.7214040697545379,0.7676100778917005,0.003267695641703179,1.129859839799388
0.55,0.3,1.0,0.04,0.6,0.42,0.5,0.6379533678756477,0.5150698544154196,0.875392670157068,0.6698168930891908,0.0,0.5425837320574163,0.875,0.125,0.0,648,1,0,0.01129472434611459,0.10162463471846905,0.13588708060303653,0.5273626328265045,0.7214040697545379,0.7676100778917005,0.003267695641703179,1.129859839799388
0.55,0.2,1.0,0.12,0.72,0.42,0.5,0.6379533678756477,0.5150698544154196,0.875392670157068,0.6698168930891908,0.0,0.5425837320574163,0.875,0.125,0.0,648,1,0,0.011046791449508132,0.10162463471846905,0.13588708060303653,0.5273626328265045,0.7214040697545379,0.7676100778917005,0.003267695641703179,1.129859839799388
0.55,0.3,1.0,0.08,0.6,0.42,0.5,0.6379533678756477,0.5150698544154196,0.875392670157068,0.6698168930891908,0.0,0.5425837320574163,0.875,0.125,0.0,648,1,0,0.01129472434611459,0.10162463471846905,0.13588708060303653,0.5273626328265045,0.7214040697545379,0.7676100778917005,0.003267695641703179,1.129859839799388
0.55,0.2,1.0,0.12,0.6,0.42,0.5,0.6379533678756477,0.5150698544154196,0.875392670157068,0.6698168930891908,0.0,0.5425837320574163,0.875,0.125,0.0,648,1,0,0.011508745126711309,0.10162463471846905,0.13588708060303653,0.5273626328265045,0.7214040697545379,0.7676100778917005,0.003267695641703179,1.129859839799388
0.55,0.3,1.0,0.04,0.66,0.42,0.5,0.6379533678756477,0.5150698544154196,0.875392670157068,0.6698168930891908,0.0,0.5425837320574163,0.875,0.125,0.0,648,1,0,0.011076151755964355,0.10162463471846905,0.13588708060303653,0.5273626328265045,0.7214040697545379,0.7676100778917005,0.003267695641703179,1.129859839799388
0.55,0.3,1.0,0.04,0.72,0.42,0.5,0.6379533678756477,0.5150698544154196,0.875392670157068,0.6698168930891908,0.0,0.5425837320574163,0.875,0.125,0.0,648,1,0,0.01094232107703053,0.10162463471846905,0.13588708060303653,0.5273626328265045,0.7214040697545379,0.7676100778917005,0.003267695641703179,1.129859839799388
0.55,0.3,1.0,0.08,0.72,0.42,0.5,0.6379533678756477,0.5150698544154196,0.875392670157068,0.6698168930891908,0.0,0.5425837320574163,0.875,0.125,0.0,648,1,0,0.01094232107703053,0.10162463471846905,0.13588708060303653,0.5273626328265045,0.7214040697545379,0.7676100778917005,0.003267695641703179,1.129859839799388
0.55,0.3,1.0,0.08,0.66,0.42,0.5,0.6379533678756477,0.5150698544154196,0.875392670157068,0.6698168930891908,0.0,0.5425837320574163,0.875,0.125,0.0,648,1,0,0.011076151755964355,0.10162463471846905,0.13588708060303653,0.5273626328265045,0.7214040697545379,0.7676100778917005,0.003267695641703179,1.129859839799388
0.55,0.2,1.0,0.08,0.66,0.42,0.5,0.6379533678756477,0.5150698544154196,0.875392670157068,0.6698168930891908,0.0,0.5425837320574163,0.875,0.125,0.0,648,1,0,0.011227965572773,0.10162463471846905,0.13588708060303653,0.5273626328265045,0.7214040697545379,0.7676100778917005,0.003267695641703179,1.129859839799388
0.55,0.2,1.0,0.08,0.72,0.42,0.5,0.6379533678756477,0.5150698544154196,0.875392670157068,0.6698168930891908,0.0,0.5425837320574163,0.875,0.125,0.0,648,1,0,0.011046791449508132,0.10162463471846905,0.13588708060303653,0.5273626328265045,0.7214040697545379,0.7676100778917005,0.003267695641703179,1.129859839799388
0.55,0.2,1.0,0.12,0.66,0.42,0.5,0.6379533678756477,0.5150698544154196,0.875392670157068,0.6698168930891908,0.0,0.5425837320574163,0.875,0.125,0.0,648,1,0,0.011227965572773,0.10162463471846905,0.13588708060303653,0.5273626328265045,0.7214040697545379,0.7676100778917005,0.003267695641703179,1.129859839799388
0.55,0.3,1.0,0.12,0.6,0.42,0.5,0.6379533678756477,0.5150698544154196,0.875392670157068,0.6698168930891908,0.0,0.5425837320574163,0.875,0.125,0.0,648,1,0,0.01129472434611459,0.10162463471846905,0.13588708060303653,0.5273626328265045,0.7214040697545379,0.7676100778917005,0.003267695641703179,1.129859839799388
0.55,0.3,1.0,0.12,0.72,0.42,0.5,0.6379533678756477,0.5150698544154196,0.875392670157068,0.6698168930891908,0.0,0.5425837320574163,0.875,0.125,0.0,648,1,0,0.01094232107703053,0.10162463471846905,0.13588708060303653,0.5273626328265045,0.7214040697545379,0.7676100778917005,0.003267695641703179,1.129859839799388
0.55,0.2,1.0,0.08,0.6,0.42,0.5,0.6379533678756477,0.5150698544154196,0.875392670157068,0.6698168930891908,0.0,0.5425837320574163,0.875,0.125,0.0,648,1,0,0.011508745126711309,0.10162463471846905,0.13588708060303653,0.5273626328265045,0.7214040697545379,0.7676100778917005,0.003267695641703179,1.129859839799388
0.55,0.3,1.0,0.12,0.66,0.42,0.5,0.6379533678756477,0.5150698544154196,0.875392670157068,0.6698168930891908,0.0,0.5425837320574163,0.875,0.125,0.0,648,1,0,0.011076151755964355,0.10162463471846905,0.13588708060303653,0.5273626328265045,0.7214040697545379,0.7676100778917005,0.003267695641703179,1.129859839799388
0.55,0.2,1.0,0.04,0.66,0.42,0.5,0.6379533678756477,0.5150698544154196,0.875392670157068,0.6698168930891908,0.0,0.5425837320574163,0.875,0.125,0.0,648,1,0,0.011227965572773,0.10162463471846905,0.13588708060303653,0.5273626328265045,0.7214040697545379,0.7676100778917005,0.003267695641703179,1.129859839799388
0.55,0.2,1.0,0.04,0.6,0.42,0.5,0.6379533678756477,0.5150698544154196,0.875392670157068,0.6698168930891908,0.0,0.5425837320574163,0.875,0.125,0.0,648,1,0,0.011508745126711309,0.10162463471846905,0.13588708060303653,0.5273626328265045,0.7214040697545379,0.7676100778917005,0.003267695641703179,1.129859839799388
0.55,0.2,1.0,0.04,0.72,0.42,0.5,0.6379533678756477,0.5150698544154196,0.875392670157068,0.6698168930891908,0.0,0.5425837320574163,0.875,0.125,0.0,648,1,0,0.011046791449508132,0.10162463471846905,0.13588708060303653,0.5273626328265045,0.7214040697545379,0.7676100778917005,0.003267695641703179,1.129859839799388
0.55,0.1,1.0,0.04,0.66,0.42,0.5,0.6379533678756477,0.5150698544154196,0.875392670157068,0.6698168930891908,0.0,0.5425837320574163,0.875,0.125,0.0,648,1,0,0.011405479807563948,0.10162463471846905,0.13588708060303653,0.5273626328265045,0.7214040697545379,0.7676100778917005,0.003267695641703179,1.129859839799388
0.55,0.1,1.0,0.08,0.72,0.42,0.5,0.6379533678756477,0.5150698544154196,0.875392670157068,0.6698168930891908,0.0,0.5425837320574163,0.875,0.125,0.0,648,1,0,0.011170348969026555,0.10162463471846905,0.13588708060303653,0.5273626328265045,0.7214040697545379,0.7676100778917005,0.003267695641703179,1.129859839799388
0.55,0.1,1.0,0.08,0.66,0.42,0.5,0.6379533678756477,0.5150698544154196,0.875392670157068,0.6698168930891908,0.0,0.5425837320574163,0.875,0.125,0.0,648,1,0,0.011405479807563948,0.10162463471846905,0.13588708060303653,0.5273626328265045,0.7214040697545379,0.7676100778917005,0.003267695641703179,1.129859839799388
0.55,0.1,1.0,0.12,0.72,0.42,0.5,0.6379533678756477,0.5150698544154196,0.875392670157068,0.6698168930891908,0.0,0.5425837320574163,0.875,0.125,0.0,648,1,0,0.011170348969026555,0.10162463471846905,0.13588708060303653,0.5273626328265045,0.7214040697545379,0.7676100778917005,0.003267695641703179,1.129859839799388
0.55,0.1,1.0,0.04,0.6,0.42,0.5,0.6379533678756477,0.5150698544154196,0.875392670157068,0.6698168930891908,0.0,0.5425837320574163,0.875,0.125,0.0,648,1,0,0.011749778753906452,0.10162463471846905,0.13588708060303653,0.5273626328265045,0.7214040697545379,0.7676100778917005,0.003267695641703179,1.129859839799388
0.55,0.1,1.0,0.12,0.66,0.42,0.5,0.6379533678756477,0.5150698544154196,0.875392670157068,0.6698168930891908,0.0,0.5425837320574163,0.875,0.125,0.0,648,1,0,0.011405479807563948,0.10162463471846905,0.13588708060303653,0.5273626328265045,0.7214040697545379,0.7676100778917005,0.003267695641703179,1.129859839799388
0.55,0.1,1.0,0.12,0.6,0.42,0.5,0.6379533678756477,0.5150698544154196,0.875392670157068,0.6698168930891908,0.0,0.5425837320574163,0.875,0.125,0.0,648,1,0,0.011749778753906452,0.10162463471846905,0.13588708060303653,0.5273626328265045,0.7214040697545379,0.7676100778917005,0.003267695641703179,1.129859839799388
0.55,0.3,1.0,0.12,0.72,0.38,0.5,0.6373056994818653,0.5145451080270977,0.8742138364779874,0.6694214876033058,0.0,0.5420650095602294,0.875,0.125,0.0,648,1,0,0.01058641649435217,0.10162463471846905,0.13588708060303653,0.5273626328265045,0.7214040697545379,0.7676100778917005,0.003267695641703179,1.1310322545814924
0.55,0.3,1.0,0.08,0.66,0.38,0.5,0.6373056994818653,0.5145451080270977,0.8742138364779874,0.6694214876033058,0.0,0.5420650095602294,0.875,0.125,0.0,648,1,0,0.010722022633117683,0.10162463471846905,0.13588708060303653,0.5273626328265045,0.7214040697545379,0.7676100778917005,0.003267695641703179,1.1310322545814924
0.55,0.3,1.0,0.04,0.6,0.38,0.5,0.6373056994818653,0.5145451080270977,0.8742138364779874,0.6694214876033058,0.0,0.5420650095602294,0.875,0.125,0.0,648,1,0,0.010943872548275292,0.10162463471846905,0.13588708060303653,0.5273626328265045,0.7214040697545379,0.7676100778917005,0.003267695641703179,1.1310322545814924
0.55,0.3,1.0,0.08,0.6,0.38,0.5,0.6373056994818653,0.5145451080270977,0.8742138364779874,0.6694214876033058,0.0,0.5420650095602294,0.875,0.125,0.0,648,1,0,0.010943872548275292,0.10162463471846905,0.13588708060303653,0.5273626328265045,0.7214040697545379,0.7676100778917005,0.003267695641703179,1.1310322545814924
0.55,0.3,1.0,0.12,0.66,0.38,0.5,0.6373056994818653,0.5145451080270977,0.8742138364779874,0.6694214876033058,0.0,0.5420650095602294,0.875,0.125,0.0,648,1,0,0.010722022633117683,0.10162463471846905,0.13588708060303653,0.5273626328265045,0.7214040697545379,0.7676100778917005,0.003267695641703179,1.1310322545814924
0.55,0.3,1.0,0.04,0.66,0.38,0.5,0.6373056994818653,0.5145451080270977,0.8742138364779874,0.6694214876033058,0.0,0.5420650095602294,0.875,0.125,0.0,648,1,0,0.010722022633117683,0.10162463471846905,0.13588708060303653,0.5273626328265045,0.7214040697545379,0.7676100778917005,0.003267695641703179,1.1310322545814924
0.55,0.3,1.0,0.12,0.6,0.38,0.5,0.6373056994818653,0.5145451080270977,0.8742138364779874,0.6694214876033058,0.0,0.5420650095602294,0.875,0.125,0.0,648,1,0,0.010943872548275292,0.10162463471846905,0.13588708060303653,0.5273626328265045,0.7214040697545379,0.7676100778917005,0.003267695641703179,1.1310322545814924
0.55,0.3,1.0,0.08,0.72,0.38,0.5,0.6373056994818653,0.5145451080270977,0.8742138364779874,0.6694214876033058,0.0,0.5420650095602294,0.875,0.125,0.0,648,1,0,0.01058641649435217,0.10162463471846905,0.13588708060303653,0.5273626328265045,0.7214040697545379,0.7676100778917005,0.003267695641703179,1.1310322545814924
0.55,0.3,1.0,0.04,0.72,0.38,0.5,0.6373056994818653,0.5145451080270977,0.8742138364779874,0.6694214876033058,0.0,0.5420650095602294,0.875,0.125,0.0,648,1,0,0.01058641649435217,0.10162463471846905,0.13588708060303653,0.5273626328265045,0.7214040697545379,0.7676100778917005,0.003267695641703179,1.1310322545814924
0.55,0.2,1.0,0.08,0.66,0.34,0.25,0.6353626943005182,0.5130061630501052,0.8703898840885143,0.6686286050618011,0.0,0.5404376784015223,0.8765432098765432,0.12345679012345678,0.0,648,2,0,0.012802165685992448,0.10162463471846905,0.13588708060303653,0.5273626328265045,0.7214040697545379,0.7676100778917005,0.003267695641703179,1.1312734639990913
0.55,0.3,1.2,0.08,0.66,0.38,0.25,0.6353626943005182,0.5130061630501052,0.8703898840885143,0.6686286050618011,0.0,0.5404376784015223,0.8765432098765432,0.12345679012345678,0.0,648,2,0,0.012144054188661156,0.10162463471846905,0.13588708060303653,0.5273626328265045,0.7214040697545379,0.7676100778917005,0.003267695641703179,1.1312734639990913
0.55,0.3,1.2,0.04,0.72,0.38,0.25,0.6353626943005182,0.5130061630501052,0.8703898840885143,0.6686286050618011,0.0,0.5404376784015223,0.8765432098765432,0.12345679012345678,0.0,648,2,0,0.011979315961318333,0.10162463471846905,0.13588708060303653,0.5273626328265045,0.7214040697545379,0.7676100778917005,0.003267695641703179,1.1312734639990913
0.55,0.3,1.0,0.04,0.66,0.34,0.5,0.6353626943005182,0.5130061630501052,0.8703898840885143,0.6686286050618011,0.0,0.5404376784015223,0.8765432098765432,0.12345679012345678,0.0,648,1,0,0.010283920639390582,0.10162463471846905,0.13588708060303653,0.5273626328265045,0.7214040697545379,0.7676100778917005,0.003267695641703179,1.1312734639990913
0.55,0.3,1.0,0.04,0.6,0.34,0.5,0.6353626943005182,0.5130061630501052,0.8703898840885143,0.6686286050618011,0.0,0.5404376784015223,0.8765432098765432,0.12345679012345678,0.0,648,1,0,0.01050721472955555,0.10162463471846905,0.13588708060303653,0.5273626328265045,0.7214040697545379,0.7676100778917005,0.003267695641703179,1.1312734639990913
0.55,0.3,1.0,0.12,0.72,0.34,0.5,0.6353626943005182,0.5130061630501052,0.8703898840885143,0.6686286050618011,0.0,0.5404376784015223,0.8765432098765432,0.12345679012345678,0.0,648,1,0,0.010147020319316583,0.10162463471846905,0.13588708060303653,0.5273626328265045,0.7214040697545379,0.7676100778917005,0.003267695641703179,1.1312734639990913
0.55,0.3,1.0,0.12,0.66,0.34,0.5,0.6353626943005182,0.5130061630501052,0.8703898840885143,0.6686286050618011,0.0,0.5404376784015223,0.8765432098765432,0.12345679012345678,0.0,648,1,0,0.010283920639390582,0.10162463471846905,0.13588708060303653,0.5273626328265045,0.7214040697545379,0.7676100778917005,0.003267695641703179,1.1312734639990913
0.55,0.3,1.2,0.04,0.6,0.38,0.25,0.6353626943005182,0.5130061630501052,0.8703898840885143,0.6686286050618011,0.0,0.5404376784015223,0.8765432098765432,0.12345679012345678,0.0,648,2,0,0.012410780201812688,0.10162463471846905,0.13588708060303653,0.5273626328265045,0.7214040697545379,0.7676100778917005,0.003267695641703179,1.1312734639990913
0.55,0.3,1.2,0.04,0.66,0.38,0.25,0.6353626943005182,0.5130061630501052,0.8703898840885143,0.6686286050618011,0.0,0.5404376784015223,0.8765432098765432,0.12345679012345678,0.0,648,2,0,0.012144054188661156,0.10162463471846905,0.13588708060303653,0.5273626328265045,0.7214040697545379,0.7676100778917005,0.003267695641703179,1.1312734639990913
0.55,0.3,1.2,0.12,0.66,0.38,0.25,0.6353626943005182,0.5130061630501052,0.8703898840885143,0.6686286050618011,0.0,0.5404376784015223,0.8765432098765432,0.12345679012345678,0.0,648,2,0,0.012144054188661156,0.10162463471846905,0.13588708060303653,0.5273626328265045,0.7214040697545379,0.7676100778917005,0.003267695641703179,1.1312734639990913
0.55,0.2,1.0,0.04,0.66,0.34,0.25,0.6353626943005182,0.5130061630501052,0.8703898840885143,0.6686286050618011,0.0,0.5404376784015223,0.8765432098765432,0.12345679012345678,0.0,648,2,0,0.012802165685992448,0.10162463471846905,0.13588708060303653,0.5273626328265045,0.7214040697545379,0.7676100778917005,0.003267695641703179,1.1312734639990913
0.55,0.2,1.0,0.04,0.72,0.34,0.25,0.6353626943005182,0.5130061630501052,0.8703898840885143,0.6686286050618011,0.0,0.5404376784015223,0.8765432098765432,0.12345679012345678,0.0,648,2,0,0.012569672021261424,0.10162463471846905,0.13588708060303653,0.5273626328265045,0.7214040697545379,0.7676100778917005,0.003267695641703179,1.1312734639990913
0.55,0.3,1.0,0.08,0.66,0.34,0.5,0.6353626943005182,0.5130061630501052,0.8703898840885143,0.6686286050618011,0.0,0.5404376784015223,0.8765432098765432,0.12345679012345678,0.0,648,1,0,0.010283920639390582,0.10162463471846905,0.13588708060303653,0.5273626328265045,0.7214040697545379,0.7676100778917005,0.003267695641703179,1.1312734639990913
0.55,0.2,1.0,0.08,0.72,0.34,0.25,0.6353626943005182,0.5130061630501052,0.8703898840885143,0.6686286050618011,0.0,0.5404376784015223,0.8765432098765432,0.12345679012345678,0.0,648,2,0,0.012569672021261424,0.10162463471846905,0.13588708060303653,0.5273626328265045,0.7214040697545379,0.7676100778917005,0.003267695641703179,1.1312734639990913
0.55,0.2,1.0,0.12,0.6,0.34,0.25,0.6353626943005182,0.5130061630501052,0.8703898840885143,0.6686286050618011,0.0,0.5404376784015223,0.8765432098765432,0.12345679012345678,0.0,648,2,0,0.013139532589908838,0.10162463471846905,0.13588708060303653,0.5273626328265045,0.7214040697545379,0.7676100778917005,0.003267695641703179,1.1312734639990913
0.55,0.2,1.0,0.12,0.72,0.34,0.25,0.6353626943005182,0.5130061630501052,0.8703898840885143,0.6686286050618011,0.0,0.5404376784015223,0.8765432098765432,0.12345679012345678,0.0,648,2,0,0.012569672021261424,0.10162463471846905,0.13588708060303653,0.5273626328265045,0.7214040697545379,0.7676100778917005,0.003267695641703179,1.1312734639990913
0.55,0.3,1.0,0.12,0.6,0.34,0.5,0.6353626943005182,0.5130061630501052,0.8703898840885143,0.6686286050618011,0.0,0.5404376784015223,0.8765432098765432,0.12345679012345678,0.0,648,1,0,0.01050721472955555,0.10162463471846905,0.13588708060303653,0.5273626328265045,0.7214040697545379,0.7676100778917005,0.003267695641703179,1.1312734639990913
0.55,0.3,1.0,0.08,0.72,0.34,0.5,0.6353626943005182,0.5130061630501052,0.8703898840885143,0.6686286050618011,0.0,0.5404376784015223,0.8765432098765432,0.12345679012345678,0.0,648,1,0,0.010147020319316583,0.10162463471846905,0.13588708060303653,0.5273626328265045,0.7214040697545379,0.7676100778917005,0.003267695641703179,1.1312734639990913
0.55,0.2,1.0,0.12,0.66,0.34,0.25,0.6353626943005182,0.5130061630501052,0.8703898840885143,0.6686286050618011,0.0,0.5404376784015223,0.8765432098765432,0.12345679012345678,0.0,648,2,0,0.012802165685992448,0.10162463471846905,0.13588708060303653,0.5273626328265045,0.7214040697545379,0.7676100778917005,0.003267695641703179,1.1312734639990913
0.55,0.2,1.0,0.04,0.6,0.34,0.25,0.6353626943005182,0.5130061630501052,0.8703898840885143,0.6686286050618011,0.0,0.5404376784015223,0.8765432098765432,0.12345679012345678,0.0,648,2,0,0.013139532589908838,0.10162463471846905,0.13588708060303653,0.5273626328265045,0.7214040697545379,0.7676100778917005,0.003267695641703179,1.1312734639990913
0.55,0.3,1.2,0.12,0.72,0.38,0.25,0.6353626943005182,0.5130061630501052,0.8703898840885143,0.6686286050618011,0.0,0.5404376784015223,0.8765432098765432,0.12345679012345678,0.0,648,2,0,0.011979315961318333,0.10162463471846905,0.13588708060303653,0.5273626328265045,0.7214040697545379,0.7676100778917005,0.003267695641703179,1.1312734639990913
0.55,0.3,1.2,0.12,0.6,0.38,0.25,0.6353626943005182,0.5130061630501052,0.8703898840885143,0.6686286050618011,0.0,0.5404376784015223,0.8765432098765432,0.12345679012345678,0.0,648,2,0,0.012410780201812688,0.10162463471846905,0.13588708060303653,0.5273626328265045,0.7214040697545379,0.7676100778917005,0.003267695641703179,1.1312734639990913
0.55,0.3,1.2,0.08,0.72,0.38,0.25,0.6353626943005182,0.5130061630501052,0.8703898840885143,0.6686286050618011,0.0,0.5404376784015223,0.8765432098765432,0.12345679012345678,0.0,648,2,0,0.011979315961318333,0.10162463471846905,0.13588708060303653,0.5273626328265045,0.7214040697545379,0.7676100778917005,0.003267695641703179,1.1312734639990913
0.55,0.3,1.2,0.08,0.6,0.38,0.25,0.6353626943005182,0.5130061630501052,0.8703898840885143,0.6686286050618011,0.0,0.5404376784015223,0.8765432098765432,0.12345679012345678,0.0,648,2,0,0.012410780201812688,0.10162463471846905,0.13588708060303653,0.5273626328265045,0.7214040697545379,0.7676100778917005,0.003267695641703179,1.1312734639990913
0.55,0.2,1.0,0.08,0.6,0.34,0.25,0.6353626943005182,0.5130061630501052,0.8703898840885143,0.6686286050618011,0.0,0.5404376784015223,0.8765432098765432,0.12345679012345678,0.0,648,2,0,0.013139532589908838,0.10162463471846905,0.13588708060303653,0.5273626328265045,0.7214040697545379,0.7676100778917005,0.003267695641703179,1.1312734639990913
0.55,0.3,1.0,0.08,0.6,0.34,0.5,0.6353626943005182,0.5130061630501052,0.8703898840885143,0.6686286050618011,0.0,0.5404376784015223,0.8765432098765432,0.12345679012345678,0.0,648,1,0,0.01050721472955555,0.10162463471846905,0.13588708060303653,0.5273626328265045,0.7214040697545379,0.7676100778917005,0.003267695641703179,1.1312734639990913
0.55,0.3,1.0,0.04,0.72,0.34,0.5,0.6353626943005182,0.5130061630501052,0.8703898840885143,0.6686286050618011,0.0,0.5404376784015223,0.8765432098765432,0.12345679012345678,0.0,648,1,0,0.010147020319316583,0.10162463471846905,0.13588708060303653,0.5273626328265045,0.7214040697545379,0.7676100778917005,0.003267695641703179,1.1312734639990913
0.65,0.2,1.2,0.08,0.72,0.38,0.5,0.6386010362694301,0.5155497358484351,0.8768267223382046,0.6698224852071006,0.0,0.5431861804222649,0.8734567901234568,0.12654320987654322,0.0,648,2,0,0.011444935306999329,0.10162463471846905,0.13588708060303653,0.5273626328265045,0.7214040697545379,0.7676100778917005,0.003267695641703179,1.131973030713331
0.65,0.2,1.2,0.12,0.72,0.38,0.5,0.6386010362694301,0.5155497358484351,0.8768267223382046,0.6698224852071006,0.0,0.5431861804222649,0.8734567901234568,0.12654320987654322,0.0,648,2,0,0.011444935306999329,0.10162463471846905,0.13588708060303653,0.5273626328265045,0.7214040697545379,0.7676100778917005,0.003267695641703179,1.131973030713331
0.65,0.2,1.2,0.04,0.72,0.38,0.5,0.6386010362694301,0.5155497358484351,0.8768267223382046,0.6698224852071006,0.0,0.5431861804222649,0.8734567901234568,0.12654320987654322,0.0,648,2,0,0.011444935306999329,0.10162463471846905,0.13588708060303653,0.5273626328265045,0.7214040697545379,0.7676100778917005,0.003267695641703179,1.131973030713331
0.65,0.2,1.2,0.08,0.66,0.38,0.5,0.6386010362694301,0.5155497358484351,0.8768267223382046,0.6698224852071006,0.0,0.5431861804222649,0.8734567901234568,0.12654320987654322,0.0,648,2,0,0.011566391418745348,0.10162463471846905,0.13588708060303653,0.5273626328265045,0.7214040697545379,0.7676100778917005,0.003267695641703179,1.131973030713331
0.65,0.2,1.2,0.04,0.66,0.38,0.5,0.6386010362694301,0.5155497358484351,0.8768267223382046,0.6698224852071006,0.0,0.5431861804222649,0.8734567901234568,0.12654320987654322,0.0,648,2,0,0.011566391418745348,0.10162463471846905,0.13588708060303653,0.5273626328265045,0.7214040697545379,0.7676100778917005,0.003267695641703179,1.131973030713331
0.65,0.2,1.2,0.12,0.66,0.38,0.5,0.6386010362694301,0.5155497358484351,0.8768267223382046,0.6698224852071006,0.0,0.5431861804222649,0.8734567901234568,0.12654320987654322,0.0,648,2,0,0.011566391418745348,0.10162463471846905,0.13588708060303653,0.5273626328265045,0.7214040697545379,0.7676100778917005,0.003267695641703179,1.131973030713331
0.55,0.2,1.0,0.04,0.66,0.38,0.5,0.6366580310880829,0.5140196925096033,0.8730325288562435,0.6690265486725664,0.0,0.5415472779369628,0.875,0.125,0.0,648,1,0,0.010845499957734565,0.10162463471846905,0.13588708060303653,0.5273626328265045,0.7214040697545379,0.7676100778917005,0.003267695641703179,1.132205338492769
0.55,0.2,1.0,0.08,0.66,0.38,0.5,0.6366580310880829,0.5140196925096033,0.8730325288562435,0.6690265486725664,0.0,0.5415472779369628,0.875,0.125,0.0,648,1,0,0.010845499957734565,0.10162463471846905,0.13588708060303653,0.5273626328265045,0.7214040697545379,0.7676100778917005,0.003267695641703179,1.132205338492769
0.55,0.3,1.2,0.08,0.66,0.42,0.5,0.6366580310880829,0.5140196925096033,0.8730325288562435,0.6690265486725664,0.0,0.5415472779369628,0.875,0.125,0.0,648,1,0,0.010294854246416558,0.10162463471846905,0.13588708060303653,0.5273626328265045,0.7214040697545379,0.7676100778917005,0.003267695641703179,1.132205338492769
0.55,0.3,1.2,0.12,0.66,0.42,0.5,0.6366580310880829,0.5140196925096033,0.8730325288562435,0.6690265486725664,0.0,0.5415472779369628,0.875,0.125,0.0,648,1,0,0.010294854246416558,0.10162463471846905,0.13588708060303653,0.5273626328265045,0.7214040697545379,0.7676100778917005,0.003267695641703179,1.132205338492769
0.55,0.2,1.0,0.08,0.72,0.38,0.5,0.6366580310880829,0.5140196925096033,0.8730325288562435,0.6690265486725664,0.0,0.5415472779369628,0.875,0.125,0.0,648,1,0,0.010659880885727726,0.10162463471846905,0.13588708060303653,0.5273626328265045,0.7214040697545379,0.7676100778917005,0.003267695641703179,1.132205338492769
0.55,0.2,1.0,0.12,0.66,0.38,0.5,0.6366580310880829,0.5140196925096033,0.8730325288562435,0.6690265486725664,0.0,0.5415472779369628,0.875,0.125,0.0,648,1,0,0.010845499957734565,0.10162463471846905,0.13588708060303653,0.5273626328265045,0.7214040697545379,0.7676100778917005,0.003267695641703179,1.132205338492769
0.55,0.2,1.0,0.12,0.6,0.38,0.5,0.6366580310880829,0.5140196925096033,0.8730325288562435,0.6690265486725664,0.0,0.5415472779369628,0.875,0.125,0.0,648,1,0,0.01112914293082112,0.10162463471846905,0.13588708060303653,0.5273626328265045,0.7214040697545379,0.7676100778917005,0.003267695641703179,1.132205338492769
0.55,0.2,1.0,0.04,0.72,0.38,0.5,0.6366580310880829,0.5140196925096033,0.8730325288562435,0.6690265486725664,0.0,0.5415472779369628,0.875,0.125,0.0,648,1,0,0.010659880885727726,0.10162463471846905,0.13588708060303653,0.5273626328265045,0.7214040697545379,0.7676100778917005,0.003267695641703179,1.132205338492769
0.55,0.3,1.2,0.04,0.6,0.42,0.5,0.6366580310880829,0.5140196925096033,0.8730325288562435,0.6690265486725664,0.0,0.5415472779369628,0.875,0.125,0.0,648,1,0,0.010526752424468091,0.10162463471846905,0.13588708060303653,0.5273626328265045,0.7214040697545379,0.7676100778917005,0.003267695641703179,1.132205338492769
0.55,0.3,1.2,0.04,0.66,0.42,0.5,0.6366580310880829,0.5140196925096033,0.8730325288562435,0.6690265486725664,0.0,0.5415472779369628,0.875,0.125,0.0,648,1,0,0.010294854246416558,0.10162463471846905,0.13588708060303653,0.5273626328265045,0.7214040697545379,0.7676100778917005,0.003267695641703179,1.132205338492769
0.55,0.2,1.0,0.04,0.6,0.38,0.5,0.6366580310880829,0.5140196925096033,0.8730325288562435,0.6690265486725664,0.0,0.5415472779369628,0.875,0.125,0.0,648,1,0,0.01112914293082112,0.10162463471846905,0.13588708060303653,0.5273626328265045,0.7214040697545379,0.7676100778917005,0.003267695641703179,1.132205338492769
0.55,0.3,1.2,0.12,0.72,0.42,0.5,0.6366580310880829,0.5140196925096033,0.8730325288562435,0.6690265486725664,0.0,0.5415472779369628,0.875,0.125,0.0,648,1,0,0.010153992748356749,0.10162463471846905,0.13588708060303653,0.5273626328265045,0.7214040697545379,0.7676100778917005,0.003267695641703179,1.132205338492769
0.55,0.3,1.2,0.08,0.6,0.42,0.5,0.6366580310880829,0.5140196925096033,0.8730325288562435,0.6690265486725664,0.0,0.5415472779369628,0.875,0.125,0.0,648,1,0,0.010526752424468091,0.10162463471846905,0.13588708060303653,0.5273626328265045,0.7214040697545379,0.7676100778917005,0.003267695641703179,1.132205338492769
0.55,0.2,1.0,0.08,0.6,0.38,0.5,0.6366580310880829,0.5140196925096033,0.8730325288562435,0.6690265486725664,0.0,0.5415472779369628,0.875,0.125,0.0,648,1,0,0.01112914293082112,0.10162463471846905,0.13588708060303653,0.5273626328265045,0.7214040697545379,0.7676100778917005,0.003267695641703179,1.132205338492769
0.55,0.3,1.2,0.04,0.72,0.42,0.5,0.6366580310880829,0.5140196925096033,0.8730325288562435,0.6690265486725664,0.0,0.5415472779369628,0.875,0.125,0.0,648,1,0,0.010153992748356749,0.10162463471846905,0.13588708060303653,0.5273626328265045,0.7214040697545379,0.7676100778917005,0.003267695641703179,1.132205338492769
0.55,0.3,1.2,0.12,0.6,0.42,0.5,0.6366580310880829,0.5140196925096033,0.8730325288562435,0.6690265486725664,0.0,0.5415472779369628,0.875,0.125,0.0,648,1,0,0.010526752424468091,0.10162463471846905,0.13588708060303653,0.5273626328265045,0.7214040697545379,0.7676100778917005,0.003267695641703179,1.132205338492769
0.55,0.3,1.2,0.08,0.72,0.42,0.5,0.6366580310880829,0.5140196925096033,0.8730325288562435,0.6690265486725664,0.0,0.5415472779369628,0.875,0.125,0.0,648,1,0,0.010153992748356749,0.10162463471846905,0.13588708060303653,0.5273626328265045,0.7214040697545379,0.7676100778917005,0.003267695641703179,1.132205338492769
0.55,0.2,1.0,0.12,0.72,0.38,0.5,0.6366580310880829,0.5140196925096033,0.8730325288562435,0.6690265486725664,0.0,0.5415472779369628,0.875,0.125,0.0,648,1,0,0.010659880885727726,0.10162463471846905,0.13588708060303653,0.5273626328265045,0.7214040697545379,0.7676100778917005,0.003267695641703179,1.132205338492769
0.55,0.2,1.2,0.12,0.6,0.38,0.25,0.6347150259067358,0.5124778687846446,0.869198312236287,0.668235294117647,0.0,0.5399239543726235,0.8765432098765432,0.12345679012345678,0.0,648,2,0,0.012716859424520926,0.10162463471846905,0.13588708060303653,0.5273626328265045,0.7214040697545379,0.7676100778917005,0.003267695641703179,1.1324494266583343
0.55,0.2,1.2,0.04,0.6,0.38,0.25,0.6347150259067358,0.5124778687846446,0.869198312236287,0.668235294117647,0.0,0.5399239543726235,0.8765432098765432,0.12345679012345678,0.0,648,2,0,0.012716859424520926,0.10162463471846905,0.13588708060303653,0.5273626328265045,0.7214040697545379,0.7676100778917005,0.003267695641703179,1.1324494266583343
0.55,0.2,1.2,0.08,0.66,0.38,0.25,0.6347150259067358,0.5124778687846446,0.869198312236287,0.668235294117647,0.0,0.5399239543726235,0.8765432098765432,0.12345679012345678,0.0,648,2,0,0.012363700890854352,0.10162463471846905,0.13588708060303653,0.5273626328265045,0.7214040697545379,0.7676100778917005,0.003267695641703179,1.1324494266583343
0.55,0.2,1.2,0.08,0.6,0.38,0.25,0.6347150259067358,0.5124778687846446,0.869198312236287,0.668235294117647,0.0,0.5399239543726235,0.8765432098765432,0.12345679012345678,0.0,648,2,0,0.012716859424520926,0.10162463471846905,0.13588708060303653,0.5273626328265045,0.7214040697545379,0.7676100778917005,0.003267695641703179,1.1324494266583343
0.55,0.2,1.2,0.04,0.66,0.38,0.25,0.6347150259067358,0.5124778687846446,0.869198312236287,0.668235294117647,0.0,0.5399239543726235,0.8765432098765432,0.12345679012345678,0.0,648,2,0,0.012363700890854352,0.10162463471846905,0.13588708060303653,0.5273626328265045,0.7214040697545379,0.7676100778917005,0.003267695641703179,1.1324494266583343
0.55,0.2,1.2,0.12,0.66,0.38,0.25,0.6347150259067358,0.5124778687846446,0.869198312236287,0.668235294117647,0.0,0.5399239543726235,0.8765432098765432,0.12345679012345678,0.0,648,2,0,0.012363700890854352,0.10162463471846905,0.13588708060303653,0.5273626328265045,0.7214040697545379,0.7676100778917005,0.003267695641703179,1.1324494266583343
0.55,0.3,1.2,0.04,0.66,0.38,0.5,0.6340673575129534,0.5119488898283532,0.8680042238648363,0.6678424456202234,0.0,0.5394112060778727,0.8765432098765432,0.12345679012345678,0.0,648,0,0,0.009973478227929752,0.10162463471846905,0.13588708060303653,0.5273626328265045,0.7214040697545379,0.7676100778917005,0.003267695641703179,1.133626074008408
0.55,0.3,1.2,0.12,0.6,0.38,0.5,0.6340673575129534,0.5119488898283532,0.8680042238648363,0.6678424456202234,0.0,0.5394112060778727,0.8765432098765432,0.12345679012345678,0.0,648,0,0,0.010208825948488673,0.10162463471846905,0.13588708060303653,0.5273626328265045,0.7214040697545379,0.7676100778917005,0.003267695641703179,1.133626074008408
0.55,0.3,1.2,0.12,0.66,0.38,0.5,0.6340673575129534,0.5119488898283532,0.8680042238648363,0.6678424456202234,0.0,0.5394112060778727,0.8765432098765432,0.12345679012345678,0.0,648,0,0,0.009973478227929752,0.10162463471846905,0.13588708060303653,0.5273626328265045,0.7214040697545379,0.7676100778917005,0.003267695641703179,1.133626074008408
0.55,0.2,1.2,0.08,0.72,0.38,0.25,0.6340673575129534,0.5119488898283532,0.8680042238648363,0.6678424456202234,0.0,0.5394112060778727,0.8765432098765432,0.12345679012345678,0.0,648,2,0,0.01211804356879052,0.10162463471846905,0.13588708060303653,0.5273626328265045,0.7214040697545379,0.7676100778917005,0.003267695641703179,1.133626074008408
0.55,0.3,1.2,0.04,0.6,0.38,0.5,0.6340673575129534,0.5119488898283532,0.8680042238648363,0.6678424456202234,0.0,0.5394112060778727,0.8765432098765432,0.12345679012345678,0.0,648,0,0,0.010208825948488673,0.10162463471846905,0.13588708060303653,0.5273626328265045,0.7214040697545379,0.7676100778917005,0.003267695641703179,1.133626074008408
0.55,0.2,1.0,0.08,0.66,0.34,0.5,0.6340673575129534,0.5119488898283532,0.8680042238648363,0.6678424456202234,0.0,0.5394112060778727,0.8765432098765432,0.12345679012345678,0.0,648,0,0,0.010374366276053601,0.10162463471846905,0.13588708060303653,0.5273626328265045,0.7214040697545379,0.7676100778917005,0.003267695641703179,1.133626074008408
0.55,0.2,1.0,0.08,0.72,0.34,0.5,0.6340673575129534,0.5119488898283532,0.8680042238648363,0.6678424456202234,0.0,0.5394112060778727,0.8765432098765432,0.12345679012345678,0.0,648,0,0,0.01018626101400934,0.10162463471846905,0.13588708060303653,0.5273626328265045,0.7214040697545379,0.7676100778917005,0.003267695641703179,1.133626074008408
0.55,0.2,1.0,0.12,0.72,0.34,0.5,0.6340673575129534,0.5119488898283532,0.8680042238648363,0.6678424456202234,0.0,0.5394112060778727,0.8765432098765432,0.12345679012345678,0.0,648,0,0,0.01018626101400934,0.10162463471846905,0.13588708060303653,0.5273626328265045,0.7214040697545379,0.7676100778917005,0.003267695641703179,1.133626074008408
0.55,0.2,1.2,0.12,0.72,0.38,0.25,0.6340673575129534,0.5119488898283532,0.8680042238648363,0.6678424456202234,0.0,0.5394112060778727,0.8765432098765432,0.12345679012345678,0.0,648,2,0,0.01211804356879052,0.10162463471846905,0.13588708060303653,0.5273626328265045,0.7214040697545379,0.7676100778917005,0.003267695641703179,1.133626074008408
0.55,0.2,1.0,0.12,0.66,0.34,0.5,0.6340673575129534,0.5119488898283532,0.8680042238648363,0.6678424456202234,0.0,0.5394112060778727,0.8765432098765432,0.12345679012345678,0.0,648,0,0,0.010374366276053601,0.10162463471846905,0.13588708060303653,0.5273626328265045,0.7214040697545379,0.7676100778917005,0.003267695641703179,1.133626074008408
0.55,0.2,1.0,0.12,0.6,0.34,0.5,0.6340673575129534,0.5119488898283532,0.8680042238648363,0.6678424456202234,0.0,0.5394112060778727,0.8765432098765432,0.12345679012345678,0.0,648,0,0,0.010663192970385222,0.10162463471846905,0.13588708060303653,0.5273626328265045,0.7214040697545379,0.7676100778917005,0.003267695641703179,1.133626074008408
0.55,0.3,1.2,0.04,0.72,0.38,0.5,0.6340673575129534,0.5119488898283532,0.8680042238648363,0.6678424456202234,0.0,0.5394112060778727,0.8765432098765432,0.12345679012345678,0.0,648,0,0,0.009830271261293667,0.10162463471846905,0.13588708060303653,0.5273626328265045,0.7214040697545379,0.7676100778917005,0.003267695641703179,1.133626074008408
0.55,0.3,1.2,0.12,0.72,0.38,0.5,0.6340673575129534,0.5119488898283532,0.8680042238648363,0.6678424456202234,0.0,0.5394112060778727,0.8765432098765432,0.12345679012345678,0.0,648,0,0,0.009830271261293667,0.10162463471846905,0.13588708060303653,0.5273626328265045,0.7214040697545379,0.7676100778917005,0.003267695641703179,1.133626074008408
0.55,0.2,1.2,0.04,0.72,0.38,0.25,0.6340673575129534,0.5119488898283532,0.8680042238648363,0.6678424456202234,0.0,0.5394112060778727,0.8765432098765432,0.12345679012345678,0.0,648,2,0,0.01211804356879052,0.10162463471846905,0.13588708060303653,0.5273626328265045,0.7214040697545379,0.7676100778917005,0.003267695641703179,1.133626074008408
0.55,0.2,1.0,0.04,0.6,0.34,0.5,0.6340673575129534,0.5119488898283532,0.8680042238648363,0.6678424456202234,0.0,0.5394112060778727,0.8765432098765432,0.12345679012345678,0.0,648,0,0,0.010663192970385222,0.10162463471846905,0.13588708060303653,0.5273626328265045,0.7214040697545379,0.7676100778917005,0.003267695641703179,1.133626074008408
0.55,0.2,1.0,0.04,0.66,0.34,0.5,0.6340673575129534,0.5119488898283532,0.8680042238648363,0.6678424456202234,0.0,0.5394112060778727,0.8765432098765432,0.12345679012345678,0.0,648,0,0,0.010374366276053601,0.10162463471846905,0.13588708060303653,0.5273626328265045,0.7214040697545379,0.7676100778917005,0.003267695641703179,1.133626074008408
0.55,0.2,1.0,0.04,0.72,0.34,0.5,0.6340673575129534,0.5119488898283532,0.8680042238648363,0.6678424456202234,0.0,0.5394112060778727,0.8765432098765432,0.12345679012345678,0.0,648,0,0,0.01018626101400934,0.10162463471846905,0.13588708060303653,0.5273626328265045,0.7214040697545379,0.7676100778917005,0.003267695641703179,1.133626074008408
0.55,0.2,1.0,0.08,0.6,0.34,0.5,0.6340673575129534,0.5119488898283532,0.8680042238648363,0.6678424456202234,0.0,0.5394112060778727,0.8765432098765432,0.12345679012345678,0.0,648,0,0,0.010663192970385222,0.10162463471846905,0.13588708060303653,0.5273626328265045,0.7214040697545379,0.7676100778917005,0.003267695641703179,1.133626074008408
0.55,0.3,1.2,0.08,0.6,0.38,0.5,0.6340673575129534,0.5119488898283532,0.8680042238648363,0.6678424456202234,0.0,0.5394112060778727,0.8765432098765432,0.12345679012345678,0.0,648,0,0,0.010208825948488673,0.10162463471846905,0.13588708060303653,0.5273626328265045,0.7214040697545379,0.7676100778917005,0.003267695641703179,1.133626074008408
0.55,0.3,1.2,0.08,0.72,0.38,0.5,0.6340673575129534,0.5119488898283532,0.8680042238648363,0.6678424456202234,0.0,0.5394112060778727,0.8765432098765432,0.12345679012345678,0.0,648,0,0,0.009830271261293667,0.10162463471846905,0.13588708060303653,0.5273626328265045,0.7214040697545379,0.7676100778917005,0.003267695641703179,1.133626074008408
0.55,0.3,1.2,0.08,0.66,0.38,0.5,0.6340673575129534,0.5119488898283532,0.8680042238648363,0.6678424456202234,0.0,0.5394112060778727,0.8765432098765432,0.12345679012345678,0.0,648,0,0,0.009973478227929752,0.10162463471846905,0.13588708060303653,0.5273626328265045,0.7214040697545379,0.7676100778917005,0.003267695641703179,1.133626074008408
0.55,0.1,1.0,0.08,0.66,0.34,0.5,0.633419689119171,0.5114192232493547,0.8668076109936576,0.6674500587544065,0.0,0.538899430740038,0.8765432098765432,0.12345679012345678,0.0,648,0,0,0.010502455145947923,0.10162463471846905,0.13588708060303653,0.5273626328265045,0.7214040697545379,0.7676100778917005,0.003267695641703179,1.134803408981189
0.55,0.2,1.2,0.04,0.6,0.38,0.5,0.633419689119171,0.5114192232493547,0.8668076109936576,0.6674500587544065,0.0,0.538899430740038,0.8765432098765432,0.12345679012345678,0.0,648,0,0,0.010455826142678766,0.10162463471846905,0.13588708060303653,0.5273626328265045,0.7214040697545379,0.7676100778917005,0.003267695641703179,1.134803408981189
0.55,0.1,1.0,0.12,0.72,0.34,0.5,0.633419689119171,0.5114192232493547,0.8668076109936576,0.6674500587544065,0.0,0.538899430740038,0.8765432098765432,0.12345679012345678,0.0,648,0,0,0.010256804448353737,0.10162463471846905,0.13588708060303653,0.5273626328265045,0.7214040697545379,0.7676100778917005,0.003267695641703179,1.134803408981189
0.55,0.1,1.0,0.04,0.6,0.34,0.25,0.633419689119171,0.5114192232493547,0.8668076109936576,0.6674500587544065,0.0,0.538899430740038,0.8765432098765432,0.12345679012345678,0.0,648,2,0,0.01339579652730117,0.10162463471846905,0.13588708060303653,0.5273626328265045,0.7214040697545379,0.7676100778917005,0.003267695641703179,1.134803408981189
0.55,0.2,1.2,0.08,0.66,0.38,0.5,0.633419689119171,0.5114192232493547,0.8668076109936576,0.6674500587544065,0.0,0.538899430740038,0.8765432098765432,0.12345679012345678,0.0,648,0,0,0.010152562874933347,0.10162463471846905,0.13588708060303653,0.5273626328265045,0.7214040697545379,0.7676100778917005,0.003267695641703179,1.134803408981189
0.55,0.1,1.0,0.04,0.66,0.34,0.5,0.633419689119171,0.5114192232493547,0.8668076109936576,0.6674500587544065,0.0,0.538899430740038,0.8765432098765432,0.12345679012345678,0.0,648,0,0,0.010502455145947923,0.10162463471846905,0.13588708060303653,0.5273626328265045,0.7214040697545379,0.7676100778917005,0.003267695641703179,1.134803408981189
0.55,0.2,1.2,0.04,0.72,0.38,0.5,0.633419689119171,0.5114192232493547,0.8668076109936576,0.6674500587544065,0.0,0.538899430740038,0.8765432098765432,0.12345679012345678,0.0,648,0,0,0.009951262830029188,0.10162463471846905,0.13588708060303653,0.5273626328265045,0.7214040697545379,0.7676100778917005,0.003267695641703179,1.134803408981189
0.55,0.2,1.2,0.12,0.6,0.38,0.5,0.633419689119171,0.5114192232493547,0.8668076109936576,0.6674500587544065,0.0,0.538899430740038,0.8765432098765432,0.12345679012345678,0.0,648,0,0,0.010455826142678766,0.10162463471846905,0.13588708060303653,0.5273626328265045,0.7214040697545379,0.7676100778917005,0.003267695641703179,1.134803408981189
0.55,0.2,1.2,0.12,0.72,0.38,0.5,0.633419689119171,0.5114192232493547,0.8668076109936576,0.6674500587544065,0.0,0.538899430740038,0.8765432098765432,0.12345679012345678,0.0,648,0,0,0.009951262830029188,0.10162463471846905,0.13588708060303653,0.5273626328265045,0.7214040697545379,0.7676100778917005,0.003267695641703179,1.134803408981189
0.55,0.1,1.0,0.04,0.72,0.34,0.5,0.633419689119171,0.5114192232493547,0.8668076109936576,0.6674500587544065,0.0,0.538899430740038,0.8765432098765432,0.12345679012345678,0.0,648,0,0,0.010256804448353737,0.10162463471846905,0.13588708060303653,0.5273626328265045,0.7214040697545379,0.7676100778917005,0.003267695641703179,1.134803408981189
0.55,0.2,1.2,0.08,0.72,0.38,0.5,0.633419689119171,0.5114192232493547,0.8668076109936576,0.6674500587544065,0.0,0.538899430740038,0.8765432098765432,0.12345679012345678,0.0,648,0,0,0.009951262830029188,0.10162463471846905,0.13588708060303653,0.5273626328265045,0.7214040697545379,0.7676100778917005,0.003267695641703179,1.134803408981189
0.55,0.1,1.0,0.08,0.6,0.34,0.5,0.633419689119171,0.5114192232493547,0.8668076109936576,0.6674500587544065,0.0,0.538899430740038,0.8765432098765432,0.12345679012345678,0.0,648,0,0,0.010859668488337311,0.10162463471846905,0.13588708060303653,0.5273626328265045,0.7214040697545379,0.7676100778917005,0.003267695641703179,1.134803408981189
0.55,0.2,1.2,0.04,0.66,0.38,0.5,0.633419689119171,0.5114192232493547,0.8668076109936576,0.6674500587544065,0.0,0.538899430740038,0.8765432098765432,0.12345679012345678,0.0,648,0,0,0.010152562874933347,0.10162463471846905,0.13588708060303653,0.5273626328265045,0.7214040697545379,0.7676100778917005,0.003267695641703179,1.134803408981189
0.55,0.1,1.0,0.08,0.6,0.34,0.25,0.633419689119171,0.5114192232493547,0.8668076109936576,0.6674500587544065,0.0,0.538899430740038,0.8765432098765432,0.12345679012345678,0.0,648,2,0,0.01339579652730117,0.10162463471846905,0.13588708060303653,0.5273626328265045,0.7214040697545379,0.7676100778917005,0.003267695641703179,1.134803408981189
0.55,0.2,1.2,0.12,0.66,0.38,0.5,0.633419689119171,0.5114192232493547,0.8668076109936576,0.6674500587544065,0.0,0.538899430740038,0.8765432098765432,0.12345679012345678,0.0,648,0,0,0.010152562874933347,0.10162463471846905,0.13588708060303653,0.5273626328265045,0.7214040697545379,0.7676100778917005,0.003267695641703179,1.134803408981189
0.55,0.2,1.2,0.08,0.6,0.38,0.5,0.633419689119171,0.5114192232493547,0.8668076109936576,0.6674500587544065,0.0,0.538899430740038,0.8765432098765432,0.12345679012345678,0.0,648,0,0,0.010455826142678766,0.10162463471846905,0.13588708060303653,0.5273626328265045,0.7214040697545379,0.7676100778917005,0.003267695641703179,1.134803408981189
0.55,0.1,1.0,0.12,0.6,0.34,0.25,0.633419689119171,0.5114192232493547,0.8668076109936576,0.6674500587544065,0.0,0.538899430740038,0.8765432098765432,0.12345679012345678,0.0,648,2,0,0.01339579652730117,0.10162463471846905,0.13588708060303653,0.5273626328265045,0.7214040697545379,0.7676100778917005,0.003267695641703179,1.134803408981189
0.55,0.1,1.0,0.12,0.66,0.34,0.5,0.633419689119171,0.5114192232493547,0.8668076109936576,0.6674500587544065,0.0,0.538899430740038,0.8765432098765432,0.12345679012345678,0.0,648,0,0,0.010502455145947923,0.10162463471846905,0.13588708060303653,0.5273626328265045,0.7214040697545379,0.7676100778917005,0.003267695641703179,1.134803408981189
0.55,0.1,1.0,0.04,0.6,0.34,0.5,0.633419689119171,0.5114192232493547,0.8668076109936576,0.6674500587544065,0.0,0.538899430740038,0.8765432098765432,0.12345679012345678,0.0,648,0,0,0.010859668488337311,0.10162463471846905,0.13588708060303653,0.5273626328265045,0.7214040697545379,0.7676100778917005,0.003267695641703179,1.134803408981189
0.55,0.1,1.0,0.08,0.72,0.34,0.5,0.633419689119171,0.5114192232493547,0.8668076109936576,0.6674500587544065,0.0,0.538899430740038,0.8765432098765432,0.12345679012345678,0.0,648,0,0,0.010256804448353737,0.10162463471846905,0.13588708060303653,0.5273626328265045,0.7214040697545379,0.7676100778917005,0.003267695641703179,1.134803408981189
0.55,0.1,1.0,0.12,0.6,0.34,0.5,0.633419689119171,0.5114192232493547,0.8668076109936576,0.6674500587544065,0.0,0.538899430740038,0.8765432098765432,0.12345679012345678,0.0,648,0,0,0.010859668488337311,0.10162463471846905,0.13588708060303653,0.5273626328265045,0.7214040697545379,0.7676100778917005,0.003267695641703179,1.134803408981189
0.65,0.2,1.2,0.04,0.72,0.34,0.25,0.6386010362694301,0.5155048709847287,0.8770833333333333,0.669431279620853,0.0,0.5432692307692307,0.8719135802469136,0.12808641975308643,0.0,648,2,0,0.013192938393946743,0.10162463471846905,0.13588708060303653,0.5273626328265045,0.7214040697545379,0.7676100778917005,0.003267695641703179,1.1352586363177781
0.65,0.2,1.2,0.12,0.66,0.34,0.25,0.6386010362694301,0.5155048709847287,0.8770833333333333,0.669431279620853,0.0,0.5432692307692307,0.8719135802469136,0.12808641975308643,0.0,648,2,0,0.013321799714559601,0.10162463471846905,0.13588708060303653,0.5273626328265045,0.7214040697545379,0.7676100778917005,0.003267695641703179,1.1352586363177781
0.65,0.2,1.2,0.08,0.6,0.34,0.25,0.6386010362694301,0.5155048709847287,0.8770833333333333,0.669431279620853,0.0,0.5432692307692307,0.8719135802469136,0.12808641975308643,0.0,648,2,0,0.013534476321727388,0.10162463471846905,0.13588708060303653,0.5273626328265045,0.7214040697545379,0.7676100778917005,0.003267695641703179,1.1352586363177781
0.65,0.2,1.2,0.04,0.6,0.34,0.25,0.6386010362694301,0.5155048709847287,0.8770833333333333,0.669431279620853,0.0,0.5432692307692307,0.8719135802469136,0.12808641975308643,0.0,648,2,0,0.013534476321727388,0.10162463471846905,0.13588708060303653,0.5273626328265045,0.7214040697545379,0.7676100778917005,0.003267695641703179,1.1352586363177781
0.65,0.2,1.2,0.04,0.66,0.34,0.25,0.6386010362694301,0.5155048709847287,0.8770833333333333,0.669431279620853,0.0,0.5432692307692307,0.8719135802469136,0.12808641975308643,0.0,648,2,0,0.013321799714559601,0.10162463471846905,0.13588708060303653,0.5273626328265045,0.7214040697545379,0.7676100778917005,0.003267695641703179,1.1352586363177781
0.65,0.2,1.2,0.08,0.66,0.34,0.25,0.6386010362694301,0.5155048709847287,0.8770833333333333,0.669431279620853,0.0,0.5432692307692307,0.8719135802469136,0.12808641975308643,0.0,648,2,0,0.013321799714559601,0.10162463471846905,0.13588708060303653,0.5273626328265045,0.7214040697545379,0.7676100778917005,0.003267695641703179,1.1352586363177781
0.65,0.2,1.2,0.12,0.72,0.34,0.25,0.6386010362694301,0.5155048709847287,0.8770833333333333,0.669431279620853,0.0,0.5432692307692307,0.8719135802469136,0.12808641975308643,0.0,648,2,0,0.013192938393946743,0.10162463471846905,0.13588708060303653,0.5273626328265045,0.7214040697545379,0.7676100778917005,0.003267695641703179,1.1352586363177781
0.65,0.2,1.2,0.12,0.6,0.34,0.25,0.6386010362694301,0.5155048709847287,0.8770833333333333,0.669431279620853,0.0,0.5432692307692307,0.8719135802469136,0.12808641975308643,0.0,648,2,0,0.013534476321727388,0.10162463471846905,0.13588708060303653,0.5273626328265045,0.7214040697545379,0.7676100778917005,0.003267695641703179,1.1352586363177781
0.65,0.2,1.2,0.08,0.72,0.34,0.25,0.6386010362694301,0.5155048709847287,0.8770833333333333,0.669431279620853,0.0,0.5432692307692307,0.8719135802469136,0.12808641975308643,0.0,648,2,0,0.013192938393946743,0.10162463471846905,0.13588708060303653,0.5273626328265045,0.7214040697545379,0.7676100778917005,0.003267695641703179,1.1352586363177781
0.55,0.1,1.2,0.08,0.6,0.38,0.25,0.6327720207253886,0.510888866105151,0.8656084656084656,0.6670581327069877,0.0,0.5383886255924171,0.8765432098765432,0.12345679012345678,0.0,648,2,0,0.013051024943200762,0.10162463471846905,0.13588708060303653,0.5273626328265045,0.7214040697545379,0.7676100778917005,0.003267695641703179,1.135981434519175
0.55,0.1,1.2,0.04,0.72,0.38,0.25,0.6327720207253886,0.510888866105151,0.8656084656084656,0.6670581327069877,0.0,0.5383886255924171,0.8765432098765432,0.12345679012345678,0.0,648,2,0,0.012269871724283583,0.10162463471846905,0.13588708060303653,0.5273626328265045,0.7214040697545379,0.7676100778917005,0.003267695641703179,1.135981434519175
0.55,0.1,1.2,0.04,0.66,0.38,0.25,0.6327720207253886,0.510888866105151,0.8656084656084656,0.6670581327069877,0.0,0.5383886255924171,0.8765432098765432,0.12345679012345678,0.0,648,2,0,0.012602174830736402,0.10162463471846905,0.13588708060303653,0.5273626328265045,0.7214040697545379,0.7676100778917005,0.003267695641703179,1.135981434519175
0.55,0.1,1.0,0.12,0.72,0.34,0.25,0.6327720207253886,0.510888866105151,0.8656084656084656,0.6670581327069877,0.0,0.5383886255924171,0.8765432098765432,0.12345679012345678,0.0,648,2,0,0.012666353898657041,0.10162463471846905,0.13588708060303653,0.5273626328265045,0.7214040697545379,0.7676100778917005,0.003267695641703179,1.135981434519175
0.55,0.1,1.2,0.12,0.66,0.38,0.25,0.6327720207253886,0.510888866105151,0.8656084656084656,0.6670581327069877,0.0,0.5383886255924171,0.8765432098765432,0.12345679012345678,0.0,648,2,0,0.012602174830736402,0.10162463471846905,0.13588708060303653,0.5273626328265045,0.7214040697545379,0.7676100778917005,0.003267695641703179,1.135981434519175
0.55,0.1,1.2,0.04,0.6,0.38,0.25,0.6327720207253886,0.510888866105151,0.8656084656084656,0.6670581327069877,0.0,0.5383886255924171,0.8765432098765432,0.12345679012345678,0.0,648,2,0,0.013051024943200762,0.10162463471846905,0.13588708060303653,0.5273626328265045,0.7214040697545379,0.7676100778917005,0.003267695641703179,1.135981434519175
0.55,0.1,1.2,0.08,0.72,0.38,0.25,0.6327720207253886,0.510888866105151,0.8656084656084656,0.6670581327069877,0.0,0.5383886255924171,0.8765432098765432,0.12345679012345678,0.0,648,2,0,0.012269871724283583,0.10162463471846905,0.13588708060303653,0.5273626328265045,0.7214040697545379,0.7676100778917005,0.003267695641703179,1.135981434519175
0.55,0.1,1.2,0.08,0.66,0.38,0.25,0.6327720207253886,0.510888866105151,0.8656084656084656,0.6670581327069877,0.0,0.5383886255924171,0.8765432098765432,0.12345679012345678,0.0,648,2,0,0.012602174830736402,0.10162463471846905,0.13588708060303653,0.5273626328265045,0.7214040697545379,0.7676100778917005,0.003267695641703179,1.135981434519175
0.55,0.1,1.2,0.12,0.6,0.38,0.25,0.6327720207253886,0.510888866105151,0.8656084656084656,0.6670581327069877,0.0,0.5383886255924171,0.8765432098765432,0.12345679012345678,0.0,648,2,0,0.013051024943200762,0.10162463471846905,0.13588708060303653,0.5273626328265045,0.7214040697545379,0.7676100778917005,0.003267695641703179,1.135981434519175
0.55,0.1,1.0,0.12,0.66,0.34,0.25,0.6327720207253886,0.510888866105151,0.8656084656084656,0.6670581327069877,0.0,0.5383886255924171,0.8765432098765432,0.12345679012345678,0.0,648,2,0,0.01297429729566424,0.10162463471846905,0.13588708060303653,0.5273626328265045,0.7214040697545379,0.7676100778917005,0.003267695641703179,1.135981434519175
0.55,0.1,1.0,0.08,0.66,0.34,0.25,0.6327720207253886,0.510888866105151,0.8656084656084656,0.6670581327069877,0.0,0.5383886255924171,0.8765432098765432,0.12345679012345678,0.0,648,2,0,0.01297429729566424,0.10162463471846905,0.13588708060303653,0.5273626328265045,0.7214040697545379,0.7676100778917005,0.003267695641703179,1.135981434519175
0.55,0.1,1.0,0.04,0.72,0.34,0.25,0.6327720207253886,0.510888866105151,0.8656084656084656,0.6670581327069877,0.0,0.5383886255924171,0.8765432098765432,0.12345679012345678,0.0,648,2,0,0.012666353898657041,0.10162463471846905,0.13588708060303653,0.5273626328265045,0.7214040697545379,0.7676100778917005,0.003267695641703179,1.135981434519175
0.55,0.1,1.2,0.12,0.72,0.38,0.25,0.6327720207253886,0.510888866105151,0.8656084656084656,0.6670581327069877,0.0,0.5383886255924171,0.8765432098765432,0.12345679012345678,0.0,648,2,0,0.012269871724283583,0.10162463471846905,0.13588708060303653,0.5273626328265045,0.7214040697545379,0.7676100778917005,0.003267695641703179,1.135981434519175
0.55,0.1,1.0,0.04,0.66,0.34,0.25,0.6327720207253886,0.510888866105151,0.8656084656084656,0.6670581327069877,0.0,0.5383886255924171,0.8765432098765432,0.12345679012345678,0.0,648,2,0,0.01297429729566424,0.10162463471846905,0.13588708060303653,0.5273626328265045,0.7214040697545379,0.7676100778917005,0.003267695641703179,1.135981434519175
0.55,0.1,1.0,0.08,0.72,0.34,0.25,0.6327720207253886,0.510888866105151,0.8656084656084656,0.6670581327069877,0.0,0.5383886255924171,0.8765432098765432,0.12345679012345678,0.0,648,2,0,0.012666353898657041,0.10162463471846905,0.13588708060303653,0.5273626328265045,0.7214040697545379,0.7676100778917005,0.003267695641703179,1.135981434519175
0.65,0.2,1.2,0.08,0.6,0.38,0.5,0.6379533678756477,0.5149824468904994,0.8759124087591241,0.6690349319123742,0.0,0.542747358309318,0.8719135802469136,0.12808641975308643,0.0,648,2,0,0.011772575053529815,0.10162463471846905,0.13588708060303653,0.5273626328265045,0.7214040697545379,0.7676100778917005,0.003267695641703179,1.13642872880579
0.65,0.2,1.2,0.12,0.6,0.38,0.5,0.6379533678756477,0.5149824468904994,0.8759124087591241,0.6690349319123742,0.0,0.542747358309318,0.8719135802469136,0.12808641975308643,0.0,648,2,0,0.011772575053529815,0.10162463471846905,0.13588708060303653,0.5273626328265045,0.7214040697545379,0.7676100778917005,0.003267695641703179,1.13642872880579
0.65,0.2,1.2,0.04,0.6,0.38,0.5,0.6379533678756477,0.5149824468904994,0.8759124087591241,0.6690349319123742,0.0,0.542747358309318,0.8719135802469136,0.12808641975308643,0.0,648,2,0,0.011772575053529815,0.10162463471846905,0.13588708060303653,0.5273626328265045,0.7214040697545379,0.7676100778917005,0.003267695641703179,1.13642872880579
0.55,0.3,1.2,0.12,0.6,0.34,0.5,0.6321243523316062,0.5103578154425612,0.864406779661017,0.6666666666666666,0.0,0.5378787878787878,0.8765432098765432,0.12345679012345678,0.0,648,1,0,0.009871839902109908,0.10162463471846905,0.13588708060303653,0.5273626328265045,0.7214040697545379,0.7676100778917005,0.003267695641703179,1.1371601535755473
0.55,0.3,1.2,0.08,0.6,0.34,0.5,0.6321243523316062,0.5103578154425612,0.864406779661017,0.6666666666666666,0.0,0.5378787878787878,0.8765432098765432,0.12345679012345678,0.0,648,1,0,0.009871839902109908,0.10162463471846905,0.13588708060303653,0.5273626328265045,0.7214040697545379,0.7676100778917005,0.003267695641703179,1.1371601535755473
0.55,0.3,1.2,0.04,0.6,0.34,0.5,0.6321243523316062,0.5103578154425612,0.864406779661017,0.6666666666666666,0.0,0.5378787878787878,0.8765432098765432,0.12345679012345678,0.0,648,1,0,0.009871839902109908,0.10162463471846905,0.13588708060303653,0.5273626328265045,0.7214040697545379,0.7676100778917005,0.003267695641703179,1.1371601535755473
0.55,0.3,1.2,0.08,0.6,0.34,0.25,0.6314766839378239,0.5098260682976586,0.8632025450689289,0.6662756598240469,0.0,0.5373699148533586,0.8765432098765432,0.12345679012345678,0.0,648,1,0,0.012024784435220993,0.10162463471846905,0.13588708060303653,0.5273626328265045,0.7214040697545379,0.7676100778917005,0.003267695641703179,1.1383395691142322
0.55,0.3,1.2,0.12,0.6,0.34,0.25,0.6314766839378239,0.5098260682976586,0.8632025450689289,0.6662756598240469,0.0,0.5373699148533586,0.8765432098765432,0.12345679012345678,0.0,648,1,0,0.012024784435220993,0.10162463471846905,0.13588708060303653,0.5273626328265045,0.7214040697545379,0.7676100778917005,0.003267695641703179,1.1383395691142322
0.55,0.3,1.2,0.12,0.72,0.34,0.25,0.6314766839378239,0.5098260682976586,0.8632025450689289,0.6662756598240469,0.0,0.5373699148533586,0.8765432098765432,0.12345679012345678,0.0,648,1,0,0.011585680860978128,0.10162463471846905,0.13588708060303653,0.5273626328265045,0.7214040697545379,0.7676100778917005,0.003267695641703179,1.1383395691142322
0.55,0.3,1.2,0.04,0.66,0.34,0.25,0.6314766839378239,0.5098260682976586,0.8632025450689289,0.6662756598240469,0.0,0.5373699148533586,0.8765432098765432,0.12345679012345678,0.0,648,1,0,0.011754420780957063,0.10162463471846905,0.13588708060303653,0.5273626328265045,0.7214040697545379,0.7676100778917005,0.003267695641703179,1.1383395691142322
0.55,0.3,1.2,0.04,0.6,0.34,0.25,0.6314766839378239,0.5098260682976586,0.8632025450689289,0.6662756598240469,0.0,0.5373699148533586,0.8765432098765432,0.12345679012345678,0.0,648,1,0,0.012024784435220993,0.10162463471846905,0.13588708060303653,0.5273626328265045,0.7214040697545379,0.7676100778917005,0.003267695641703179,1.1383395691142322
0.55,0.3,1.2,0.08,0.72,0.34,0.25,0.6314766839378239,0.5098260682976586,0.8632025450689289,0.6662756598240469,0.0,0.5373699148533586,0.8765432098765432,0.12345679012345678,0.0,648,1,0,0.011585680860978128,0.10162463471846905,0.13588708060303653,0.5273626328265045,0.7214040697545379,0.7676100778917005,0.003267695641703179,1.1383395691142322
0.55,0.3,1.2,0.04,0.72,0.34,0.25,0.6314766839378239,0.5098260682976586,0.8632025450689289,0.6662756598240469,0.0,0.5373699148533586,0.8765432098765432,0.12345679012345678,0.0,648,1,0,0.011585680860978128,0.10162463471846905,0.13588708060303653,0.5273626328265045,0.7214040697545379,0.7676100778917005,0.003267695641703179,1.1383395691142322
0.55,0.3,1.2,0.08,0.66,0.34,0.25,0.6314766839378239,0.5098260682976586,0.8632025450689289,0.6662756598240469,0.0,0.5373699148533586,0.8765432098765432,0.12345679012345678,0.0,648,1,0,0.011754420780957063,0.10162463471846905,0.13588708060303653,0.5273626328265045,0.7214040697545379,0.7676100778917005,0.003267695641703179,1.1383395691142322
0.55,0.3,1.2,0.12,0.66,0.34,0.25,0.6314766839378239,0.5098260682976586,0.8632025450689289,0.6662756598240469,0.0,0.5373699148533586,0.8765432098765432,0.12345679012345678,0.0,648,1,0,0.011754420780957063,0.10162463471846905,0.13588708060303653,0.5273626328265045,0.7214040697545379,0.7676100778917005,0.003267695641703179,1.1383395691142322
0.55,0.3,1.2,0.08,0.72,0.34,0.5,0.6308290155440415,0.5092936216957095,0.861995753715499,0.6658851113716295,0.0,0.5368620037807184,0.8765432098765432,0.12345679012345678,0.0,648,1,0,0.009490323649720946,0.10162463471846905,0.13588708060303653,0.5273626328265045,0.7214040697545379,0.7676100778917005,0.003267695641703179,1.1395196841099637
0.55,0.3,1.2,0.04,0.72,0.34,0.5,0.6308290155440415,0.5092936216957095,0.861995753715499,0.6658851113716295,0.0,0.5368620037807184,0.8765432098765432,0.12345679012345678,0.0,648,1,0,0.009490323649720946,0.10162463471846905,0.13588708060303653,0.5273626328265045,0.7214040697545379,0.7676100778917005,0.003267695641703179,1.1395196841099637
0.55,0.1,1.2,0.12,0.66,0.38,0.5,0.6308290155440415,0.5092936216957095,0.861995753715499,0.6658851113716295,0.0,0.5368620037807184,0.8765432098765432,0.12345679012345678,0.0,648,1,0,0.010356174179830174,0.10162463471846905,0.13588708060303653,0.5273626328265045,0.7214040697545379,0.7676100778917005,0.003267695641703179,1.1395196841099637
0.55,0.1,1.2,0.12,0.6,0.38,0.5,0.6308290155440415,0.5092936216957095,0.861995753715499,0.6658851113716295,0.0,0.5368620037807184,0.8765432098765432,0.12345679012345678,0.0,648,1,0,0.010736775418467938,0.10162463471846905,0.13588708060303653,0.5273626328265045,0.7214040697545379,0.7676100778917005,0.003267695641703179,1.1395196841099637
0.55,0.1,1.2,0.08,0.72,0.38,0.5,0.6308290155440415,0.5092936216957095,0.861995753715499,0.6658851113716295,0.0,0.5368620037807184,0.8765432098765432,0.12345679012345678,0.0,648,1,0,0.010091819077178488,0.10162463471846905,0.13588708060303653,0.5273626328265045,0.7214040697545379,0.7676100778917005,0.003267695641703179,1.1395196841099637
0.55,0.1,1.2,0.04,0.72,0.38,0.5,0.6308290155440415,0.5092936216957095,0.861995753715499,0.6658851113716295,0.0,0.5368620037807184,0.8765432098765432,0.12345679012345678,0.0,648,1,0,0.010091819077178488,0.10162463471846905,0.13588708060303653,0.5273626328265045,0.7214040697545379,0.7676100778917005,0.003267695641703179,1.1395196841099637
0.55,0.1,1.2,0.12,0.72,0.38,0.5,0.6308290155440415,0.5092936216957095,0.861995753715499,0.6658851113716295,0.0,0.5368620037807184,0.8765432098765432,0.12345679012345678,0.0,648,1,0,0.010091819077178488,0.10162463471846905,0.13588708060303653,0.5273626328265045,0.7214040697545379,0.7676100778917005,0.003267695641703179,1.1395196841099637
0.55,0.1,1.2,0.08,0.6,0.38,0.5,0.6308290155440415,0.5092936216957095,0.861995753715499,0.6658851113716295,0.0,0.5368620037807184,0.8765432098765432,0.12345679012345678,0.0,648,1,0,0.010736775418467938,0.10162463471846905,0.13588708060303653,0.5273626328265045,0.7214040697545379,0.7676100778917005,0.003267695641703179,1.1395196841099637
0.55,0.1,1.2,0.04,0.6,0.38,0.5,0.6308290155440415,0.5092936216957095,0.861995753715499,0.6658851113716295,0.0,0.5368620037807184,0.8765432098765432,0.12345679012345678,0.0,648,1,0,0.010736775418467938,0.10162463471846905,0.13588708060303653,0.5273626328265045,0.7214040697545379,0.7676100778917005,0.003267695641703179,1.1395196841099637
0.55,0.1,1.2,0.04,0.66,0.38,0.5,0.6308290155440415,0.5092936216957095,0.861995753715499,0.6658851113716295,0.0,0.5368620037807184,0.8765432098765432,0.12345679012345678,0.0,648,1,0,0.010356174179830174,0.10162463471846905,0.13588708060303653,0.5273626328265045,0.7214040697545379,0.7676100778917005,0.003267695641703179,1.1395196841099637
0.55,0.3,1.2,0.04,0.66,0.34,0.5,0.6308290155440415,0.5092936216957095,0.861995753715499,0.6658851113716295,0.0,0.5368620037807184,0.8765432098765432,0.12345679012345678,0.0,648,1,0,0.009634940715387882,0.10162463471846905,0.13588708060303653,0.5273626328265045,0.7214040697545379,0.7676100778917005,0.003267695641703179,1.1395196841099637
0.55,0.3,1.2,0.12,0.66,0.34,0.5,0.6308290155440415,0.5092936216957095,0.861995753715499,0.6658851113716295,0.0,0.5368620037807184,0.8765432098765432,0.12345679012345678,0.0,648,1,0,0.009634940715387882,0.10162463471846905,0.13588708060303653,0.5273626328265045,0.7214040697545379,0.7676100778917005,0.003267695641703179,1.1395196841099637
0.55,0.3,1.2,0.12,0.72,0.34,0.5,0.6308290155440415,0.5092936216957095,0.861995753715499,0.6658851113716295,0.0,0.5368620037807184,0.8765432098765432,0.12345679012345678,0.0,648,1,0,0.009490323649720946,0.10162463471846905,0.13588708060303653,0.5273626328265045,0.7214040697545379,0.7676100778917005,0.003267695641703179,1.1395196841099637
0.55,0.3,1.2,0.08,0.66,0.34,0.5,0.6308290155440415,0.5092936216957095,0.861995753715499,0.6658851113716295,0.0,0.5368620037807184,0.8765432098765432,0.12345679012345678,0.0,648,1,0,0.009634940715387882,0.10162463471846905,0.13588708060303653,0.5273626328265045,0.7214040697545379,0.7676100778917005,0.003267695641703179,1.1395196841099637
0.55,0.1,1.2,0.08,0.66,0.38,0.5,0.6308290155440415,0.5092936216957095,0.861995753715499,0.6658851113716295,0.0,0.5368620037807184,0.8765432098765432,0.12345679012345678,0.0,648,1,0,0.010356174179830174,0.10162463471846905,0.13588708060303653,0.5273626328265045,0.7214040697545379,0.7676100778917005,0.003267695641703179,1.1395196841099637
0.65,0.3,1.2,0.12,0.6,0.38,0.5,0.6379533678756477,0.5149377387752869,0.8761706555671176,0.6686425607587433,0.0,0.5428296438883542,0.8703703703703703,0.12962962962962962,0.0,648,2,0,0.011698594282722281,0.10162463471846905,0.13588708060303653,0.5273626328265045,0.7214040697545379,0.7676100778917005,0.003267695641703179,1.1397141776617432
0.65,0.3,1.2,0.12,0.72,0.38,0.5,0.6379533678756477,0.5149377387752869,0.8761706555671176,0.6686425607587433,0.0,0.5428296438883542,0.8703703703703703,0.12962962962962962,0.0,648,2,0,0.011448401088203785,0.10162463471846905,0.13588708060303653,0.5273626328265045,0.7214040697545379,0.7676100778917005,0.003267695641703179,1.1397141776617432
0.65,0.3,1.2,0.08,0.66,0.38,0.5,0.6379533678756477,0.5149377387752869,0.8761706555671176,0.6686425607587433,0.0,0.5428296438883542,0.8703703703703703,0.12962962962962962,0.0,648,2,0,0.011536868111935947,0.10162463471846905,0.13588708060303653,0.5273626328265045,0.7214040697545379,0.7676100778917005,0.003267695641703179,1.1397141776617432
0.65,0.3,1.2,0.04,0.6,0.38,0.5,0.6379533678756477,0.5149377387752869,0.8761706555671176,0.6686425607587433,0.0,0.5428296438883542,0.8703703703703703,0.12962962962962962,0.0,648,2,0,0.011698594282722281,0.10162463471846905,0.13588708060303653,0.5273626328265045,0.7214040697545379,0.7676100778917005,0.003267695641703179,1.1397141776617432
0.65,0.3,1.2,0.12,0.66,0.38,0.5,0.6379533678756477,0.5149377387752869,0.8761706555671176,0.6686425607587433,0.0,0.5428296438883542,0.8703703703703703,0.12962962962962962,0.0,648,2,0,0.011536868111935947,0.10162463471846905,0.13588708060303653,0.5273626328265045,0.7214040697545379,0.7676100778917005,0.003267695641703179,1.1397141776617432
0.65,0.3,1.2,0.08,0.6,0.38,0.5,0.6379533678756477,0.5149377387752869,0.8761706555671176,0.6686425607587433,0.0,0.5428296438883542,0.8703703703703703,0.12962962962962962,0.0,648,2,0,0.011698594282722281,0.10162463471846905,0.13588708060303653,0.5273626328265045,0.7214040697545379,0.7676100778917005,0.003267695641703179,1.1397141776617432
0.65,0.3,1.2,0.04,0.72,0.38,0.5,0.6379533678756477,0.5149377387752869,0.8761706555671176,0.6686425607587433,0.0,0.5428296438883542,0.8703703703703703,0.12962962962962962,0.0,648,2,0,0.011448401088203785,0.10162463471846905,0.13588708060303653,0.5273626328265045,0.7214040697545379,0.7676100778917005,0.003267695641703179,1.1397141776617432
0.65,0.3,1.2,0.08,0.72,0.38,0.5,0.6379533678756477,0.5149377387752869,0.8761706555671176,0.6686425607587433,0.0,0.5428296438883542,0.8703703703703703,0.12962962962962962,0.0,648,2,0,0.011448401088203785,0.10162463471846905,0.13588708060303653,0.5273626328265045,0.7214040697545379,0.7676100778917005,0.003267695641703179,1.1397141776617432
0.65,0.1,1.2,0.04,0.6,0.42,0.5,0.6379533678756477,0.5149377387752869,0.8761706555671176,0.6686425607587433,0.0,0.5428296438883542,0.8703703703703703,0.12962962962962962,0.0,648,2,0,0.012244161803084044,0.10162463471846905,0.13588708060303653,0.5273626328265045,0.7214040697545379,0.7676100778917005,0.003267695641703179,1.1397141776617432
0.65,0.3,1.2,0.04,0.66,0.38,0.5,0.6379533678756477,0.5149377387752869,0.8761706555671176,0.6686425607587433,0.0,0.5428296438883542,0.8703703703703703,0.12962962962962962,0.0,648,2,0,0.011536868111935947,0.10162463471846905,0.13588708060303653,0.5273626328265045,0.7214040697545379,0.7676100778917005,0.003267695641703179,1.1397141776617432
0.65,0.1,1.2,0.12,0.6,0.42,0.5,0.6379533678756477,0.5149377387752869,0.8761706555671176,0.6686425607587433,0.0,0.5428296438883542,0.8703703703703703,0.12962962962962962,0.0,648,2,0,0.012244161803084044,0.10162463471846905,0.13588708060303653,0.5273626328265045,0.7214040697545379,0.7676100778917005,0.003267695641703179,1.1397141776617432
0.65,0.1,1.2,0.08,0.6,0.42,0.5,0.6379533678756477,0.5149377387752869,0.8761706555671176,0.6686425607587433,0.0,0.5428296438883542,0.8703703703703703,0.12962962962962962,0.0,648,2,0,0.012244161803084044,0.10162463471846905,0.13588708060303653,0.5273626328265045,0.7214040697545379,0.7676100778917005,0.003267695641703179,1.1397141776617432
0.55,0.1,1.2,0.04,0.72,0.34,0.25,0.6288860103626943,0.5077219182135141,0.8580576307363927,0.6651081239041496,0.0,0.535277516462841,0.8780864197530864,0.12191358024691358,0.0,648,1,0,0.011795021191370133,0.10162463471846905,0.13588708060303653,0.5273626328265045,0.7214040697545379,0.7676100778917005,0.003267695641703179,1.1397936520327656
0.55,0.1,1.2,0.12,0.6,0.34,0.25,0.6288860103626943,0.5077219182135141,0.8580576307363927,0.6651081239041496,0.0,0.535277516462841,0.8780864197530864,0.12191358024691358,0.0,648,1,0,0.012586163728857586,0.10162463471846905,0.13588708060303653,0.5273626328265045,0.7214040697545379,0.7676100778917005,0.003267695641703179,1.1397936520327656
0.55,0.1,1.2,0.08,0.66,0.34,0.25,0.6288860103626943,0.5077219182135141,0.8580576307363927,0.6651081239041496,0.0,0.535277516462841,0.8780864197530864,0.12191358024691358,0.0,648,1,0,0.012131867654934902,0.10162463471846905,0.13588708060303653,0.5273626328265045,0.7214040697545379,0.7676100778917005,0.003267695641703179,1.1397936520327656
0.55,0.1,1.2,0.04,0.66,0.34,0.25,0.6288860103626943,0.5077219182135141,0.8580576307363927,0.6651081239041496,0.0,0.535277516462841,0.8780864197530864,0.12191358024691358,0.0,648,1,0,0.012131867654934902,0.10162463471846905,0.13588708060303653,0.5273626328265045,0.7214040697545379,0.7676100778917005,0.003267695641703179,1.1397936520327656
0.55,0.1,1.2,0.04,0.6,0.34,0.25,0.6288860103626943,0.5077219182135141,0.8580576307363927,0.6651081239041496,0.0,0.535277516462841,0.8780864197530864,0.12191358024691358,0.0,648,1,0,0.012586163728857586,0.10162463471846905,0.13588708060303653,0.5273626328265045,0.7214040697545379,0.7676100778917005,0.003267695641703179,1.1397936520327656
0.55,0.1,1.2,0.08,0.6,0.34,0.25,0.6288860103626943,0.5077219182135141,0.8580576307363927,0.6651081239041496,0.0,0.535277516462841,0.8780864197530864,0.12191358024691358,0.0,648,1,0,0.012586163728857586,0.10162463471846905,0.13588708060303653,0.5273626328265045,0.7214040697545379,0.7676100778917005,0.003267695641703179,1.1397936520327656
0.55,0.1,1.2,0.08,0.72,0.34,0.25,0.6288860103626943,0.5077219182135141,0.8580576307363927,0.6651081239041496,0.0,0.535277516462841,0.8780864197530864,0.12191358024691358,0.0,648,1,0,0.011795021191370133,0.10162463471846905,0.13588708060303653,0.5273626328265045,0.7214040697545379,0.7676100778917005,0.003267695641703179,1.1397936520327656
0.55,0.1,1.2,0.12,0.66,0.34,0.25,0.6288860103626943,0.5077219182135141,0.8580576307363927,0.6651081239041496,0.0,0.535277516462841,0.8780864197530864,0.12191358024691358,0.0,648,1,0,0.012131867654934902,0.10162463471846905,0.13588708060303653,0.5273626328265045,0.7214040697545379,0.7676100778917005,0.003267695641703179,1.1397936520327656
0.55,0.1,1.2,0.12,0.72,0.34,0.25,0.6288860103626943,0.5077219182135141,0.8580576307363927,0.6651081239041496,0.0,0.535277516462841,0.8780864197530864,0.12191358024691358,0.0,648,1,0,0.011795021191370133,0.10162463471846905,0.13588708060303653,0.5273626328265045,0.7214040697545379,0.7676100778917005,0.003267695641703179,1.1397936520327656
0.65,0.1,1.2,0.08,0.72,0.42,0.5,0.6373056994818653,0.5144154818325434,0.875,0.6682464454976303,0.0,0.5423076923076923,0.8703703703703703,0.12962962962962962,0.0,648,2,0,0.011836939162369352,0.10162463471846905,0.13588708060303653,0.5273626328265045,0.7214040697545379,0.7676100778917005,0.003267695641703179,1.140884102998269
0.65,0.1,1.2,0.12,0.72,0.42,0.5,0.6373056994818653,0.5144154818325434,0.875,0.6682464454976303,0.0,0.5423076923076923,0.8703703703703703,0.12962962962962962,0.0,648,2,0,0.011836939162369352,0.10162463471846905,0.13588708060303653,0.5273626328265045,0.7214040697545379,0.7676100778917005,0.003267695641703179,1.140884102998269
0.65,0.1,1.2,0.12,0.66,0.42,0.5,0.6373056994818653,0.5144154818325434,0.875,0.6682464454976303,0.0,0.5423076923076923,0.8703703703703703,0.12962962962962962,0.0,648,2,0,0.011992137441363163,0.10162463471846905,0.13588708060303653,0.5273626328265045,0.7214040697545379,0.7676100778917005,0.003267695641703179,1.140884102998269
0.65,0.1,1.0,0.08,0.72,0.34,0.5,0.6373056994818653,0.5144154818325434,0.875,0.6682464454976303,0.0,0.5423076923076923,0.8703703703703703,0.12962962962962962,0.0,648,2,0,0.012085820905859067,0.10162463471846905,0.13588708060303653,0.5273626328265045,0.7214040697545379,0.7676100778917005,0.003267695641703179,1.140884102998269
0.65,0.1,1.2,0.04,0.66,0.42,0.5,0.6373056994818653,0.5144154818325434,0.875,0.6682464454976303,0.0,0.5423076923076923,0.8703703703703703,0.12962962962962962,0.0,648,2,0,0.011992137441363163,0.10162463471846905,0.13588708060303653,0.5273626328265045,0.7214040697545379,0.7676100778917005,0.003267695641703179,1.140884102998269
0.65,0.1,1.0,0.12,0.72,0.34,0.5,0.6373056994818653,0.5144154818325434,0.875,0.6682464454976303,0.0,0.5423076923076923,0.8703703703703703,0.12962962962962962,0.0,648,2,0,0.012085820905859067,0.10162463471846905,0.13588708060303653,0.5273626328265045,0.7214040697545379,0.7676100778917005,0.003267695641703179,1.140884102998269
0.65,0.1,1.0,0.08,0.66,0.34,0.5,0.6373056994818653,0.5144154818325434,0.875,0.6682464454976303,0.0,0.5423076923076923,0.8703703703703703,0.12962962962962962,0.0,648,2,0,0.012240519718958487,0.10162463471846905,0.13588708060303653,0.5273626328265045,0.7214040697545379,0.7676100778917005,0.003267695641703179,1.140884102998269
0.65,0.1,1.0,0.04,0.72,0.34,0.5,0.6373056994818653,0.5144154818325434,0.875,0.6682464454976303,0.0,0.5423076923076923,0.8703703703703703,0.12962962962962962,0.0,648,2,0,0.012085820905859067,0.10162463471846905,0.13588708060303653,0.5273626328265045,0.7214040697545379,0.7676100778917005,0.003267695641703179,1.140884102998269
0.65,0.1,1.0,0.04,0.66,0.34,0.5,0.6373056994818653,0.5144154818325434,0.875,0.6682464454976303,0.0,0.5423076923076923,0.8703703703703703,0.12962962962962962,0.0,648,2,0,0.012240519718958487,0.10162463471846905,0.13588708060303653,0.5273626328265045,0.7214040697545379,0.7676100778917005,0.003267695641703179,1.140884102998269
0.65,0.1,1.0,0.04,0.6,0.34,0.5,0.6373056994818653,0.5144154818325434,0.875,0.6682464454976303,0.0,0.5423076923076923,0.8703703703703703,0.12962962962962962,0.0,648,2,0,0.012488904753933258,0.10162463471846905,0.13588708060303653,0.5273626328265045,0.7214040697545379,0.7676100778917005,0.003267695641703179,1.140884102998269
0.65,0.1,1.0,0.12,0.66,0.34,0.5,0.6373056994818653,0.5144154818325434,0.875,0.6682464454976303,0.0,0.5423076923076923,0.8703703703703703,0.12962962962962962,0.0,648,2,0,0.012240519718958487,0.10162463471846905,0.13588708060303653,0.5273626328265045,0.7214040697545379,0.7676100778917005,0.003267695641703179,1.140884102998269
0.65,0.1,1.0,0.08,0.6,0.34,0.5,0.6373056994818653,0.5144154818325434,0.875,0.6682464454976303,0.0,0.5423076923076923,0.8703703703703703,0.12962962962962962,0.0,648,2,0,0.012488904753933258,0.10162463471846905,0.13588708060303653,0.5273626328265045,0.7214040697545379,0.7676100778917005,0.003267695641703179,1.140884102998269
0.65,0.1,1.0,0.12,0.6,0.34,0.5,0.6373056994818653,0.5144154818325434,0.875,0.6682464454976303,0.0,0.5423076923076923,0.8703703703703703,0.12962962962962962,0.0,648,2,0,0.012488904753933258,0.10162463471846905,0.13588708060303653,0.5273626328265045,0.7214040697545379,0.7676100778917005,0.003267695641703179,1.140884102998269
0.65,0.1,1.2,0.08,0.66,0.42,0.5,0.6373056994818653,0.5144154818325434,0.875,0.6682464454976303,0.0,0.5423076923076923,0.8703703703703703,0.12962962962962962,0.0,648,2,0,0.011992137441363163,0.10162463471846905,0.13588708060303653,0.5273626328265045,0.7214040697545379,0.7676100778917005,0.003267695641703179,1.140884102998269
0.65,0.1,1.2,0.04,0.72,0.42,0.5,0.6373056994818653,0.5144154818325434,0.875,0.6682464454976303,0.0,0.5423076923076923,0.8703703703703703,0.12962962962962962,0.0,648,2,0,0.011836939162369352,0.10162463471846905,0.13588708060303653,0.5273626328265045,0.7214040697545379,0.7676100778917005,0.003267695641703179,1.140884102998269
0.65,0.3,1.2,0.12,0.6,0.42,0.5,0.6386010362694301,0.5154131472519818,0.8775933609958506,0.668646080760095,0.0,0.5434362934362934,0.8688271604938271,0.13117283950617284,0.0,648,2,0,0.012000829482954866,0.10162463471846905,0.13588708060303653,0.5273626328265045,0.7214040697545379,0.7676100778917005,0.003267695641703179,1.1418318415320066
0.65,0.3,1.2,0.08,0.6,0.42,0.5,0.6386010362694301,0.5154131472519818,0.8775933609958506,0.668646080760095,0.0,0.5434362934362934,0.8688271604938271,0.13117283950617284,0.0,648,2,0,0.012000829482954866,0.10162463471846905,0.13588708060303653,0.5273626328265045,0.7214040697545379,0.7676100778917005,0.003267695641703179,1.1418318415320066
0.65,0.3,1.0,0.12,0.66,0.34,0.5,0.6386010362694301,0.5154131472519818,0.8775933609958506,0.668646080760095,0.0,0.5434362934362934,0.8688271604938271,0.13117283950617284,0.0,648,2,0,0.012299440525915683,0.10162463471846905,0.13588708060303653,0.5273626328265045,0.7214040697545379,0.7676100778917005,0.003267695641703179,1.1418318415320066
0.65,0.3,1.0,0.12,0.72,0.34,0.5,0.6386010362694301,0.5154131472519818,0.8775933609958506,0.668646080760095,0.0,0.5434362934362934,0.8688271604938271,0.13117283950617284,0.0,648,2,0,0.0122079589490503,0.10162463471846905,0.13588708060303653,0.5273626328265045,0.7214040697545379,0.7676100778917005,0.003267695641703179,1.1418318415320066
0.65,0.3,1.0,0.04,0.6,0.34,0.5,0.6386010362694301,0.5154131472519818,0.8775933609958506,0.668646080760095,0.0,0.5434362934362934,0.8688271604938271,0.13117283950617284,0.0,648,2,0,0.012458263268789745,0.10162463471846905,0.13588708060303653,0.5273626328265045,0.7214040697545379,0.7676100778917005,0.003267695641703179,1.1418318415320066
0.65,0.3,1.0,0.08,0.66,0.34,0.5,0.6386010362694301,0.5154131472519818,0.8775933609958506,0.668646080760095,0.0,0.5434362934362934,0.8688271604938271,0.13117283950617284,0.0,648,2,0,0.012299440525915683,0.10162463471846905,0.13588708060303653,0.5273626328265045,0.7214040697545379,0.7676100778917005,0.003267695641703179,1.1418318415320066
0.65,0.3,1.0,0.12,0.6,0.34,0.5,0.6386010362694301,0.5154131472519818,0.8775933609958506,0.668646080760095,0.0,0.5434362934362934,0.8688271604938271,0.13117283950617284,0.0,648,2,0,0.012458263268789745,0.10162463471846905,0.13588708060303653,0.5273626328265045,0.7214040697545379,0.7676100778917005,0.003267695641703179,1.1418318415320066
0.65,0.3,1.2,0.04,0.6,0.42,0.5,0.6386010362694301,0.5154131472519818,0.8775933609958506,0.668646080760095,0.0,0.5434362934362934,0.8688271604938271,0.13117283950617284,0.0,648,2,0,0.012000829482954866,0.10162463471846905,0.13588708060303653,0.5273626328265045,0.7214040697545379,0.7676100778917005,0.003267695641703179,1.1418318415320066
0.65,0.3,1.0,0.04,0.66,0.34,0.5,0.6386010362694301,0.5154131472519818,0.8775933609958506,0.668646080760095,0.0,0.5434362934362934,0.8688271604938271,0.13117283950617284,0.0,648,2,0,0.012299440525915683,0.10162463471846905,0.13588708060303653,0.5273626328265045,0.7214040697545379,0.7676100778917005,0.003267695641703179,1.1418318415320066
0.65,0.3,1.0,0.04,0.72,0.34,0.5,0.6386010362694301,0.5154131472519818,0.8775933609958506,0.668646080760095,0.0,0.5434362934362934,0.8688271604938271,0.13117283950617284,0.0,648,2,0,0.0122079589490503,0.10162463471846905,0.13588708060303653,0.5273626328265045,0.7214040697545379,0.7676100778917005,0.003267695641703179,1.1418318415320066
0.65,0.3,1.0,0.08,0.72,0.34,0.5,0.6386010362694301,0.5154131472519818,0.8775933609958506,0.668646080760095,0.0,0.5434362934362934,0.8688271604938271,0.13117283950617284,0.0,648,2,0,0.0122079589490503,0.10162463471846905,0.13588708060303653,0.5273626328265045,0.7214040697545379,0.7676100778917005,0.003267695641703179,1.1418318415320066
0.65,0.3,1.0,0.08,0.6,0.34,0.5,0.6386010362694301,0.5154131472519818,0.8775933609958506,0.668646080760095,0.0,0.5434362934362934,0.8688271604938271,0.13117283950617284,0.0,648,2,0,0.012458263268789745,0.10162463471846905,0.13588708060303653,0.5273626328265045,0.7214040697545379,0.7676100778917005,0.003267695641703179,1.1418318415320066
0.55,0.2,1.2,0.04,0.6,0.34,0.25,0.6295336787564767,0.5082266181673227,0.8595744680851064,0.6651053864168618,0.0,0.5358490566037736,0.8765432098765432,0.12345679012345678,0.0,648,1,0,0.012292289059470232,0.10162463471846905,0.13588708060303653,0.5273626328265045,0.7214040697545379,0.7676100778917005,0.003267695641703179,1.1418820244259151
0.55,0.2,1.2,0.12,0.72,0.34,0.25,0.6295336787564767,0.5082266181673227,0.8595744680851064,0.6651053864168618,0.0,0.5358490566037736,0.8765432098765432,0.12345679012345678,0.0,648,1,0,0.011683120821336644,0.10162463471846905,0.13588708060303653,0.5273626328265045,0.7214040697545379,0.7676100778917005,0.003267695641703179,1.1418820244259151
0.55,0.2,1.2,0.04,0.66,0.34,0.25,0.6295336787564767,0.5082266181673227,0.8595744680851064,0.6651053864168618,0.0,0.5358490566037736,0.8765432098765432,0.12345679012345678,0.0,648,1,0,0.01193375804452586,0.10162463471846905,0.13588708060303653,0.5273626328265045,0.7214040697545379,0.7676100778917005,0.003267695641703179,1.1418820244259151
0.55,0.2,1.2,0.04,0.6,0.34,0.5,0.6295336787564767,0.5082266181673227,0.8595744680851064,0.6651053864168618,0.0,0.5358490566037736,0.8765432098765432,0.12345679012345678,0.0,648,1,0,0.010132675085954824,0.10162463471846905,0.13588708060303653,0.5273626328265045,0.7214040697545379,0.7676100778917005,0.003267695641703179,1.1418820244259151
0.55,0.2,1.2,0.08,0.6,0.34,0.5,0.6295336787564767,0.5082266181673227,0.8595744680851064,0.6651053864168618,0.0,0.5358490566037736,0.8765432098765432,0.12345679012345678,0.0,648,1,0,0.010132675085954824,0.10162463471846905,0.13588708060303653,0.5273626328265045,0.7214040697545379,0.7676100778917005,0.003267695641703179,1.1418820244259151
0.55,0.2,1.2,0.08,0.6,0.34,0.25,0.6295336787564767,0.5082266181673227,0.8595744680851064,0.6651053864168618,0.0,0.5358490566037736,0.8765432098765432,0.12345679012345678,0.0,648,1,0,0.012292289059470232,0.10162463471846905,0.13588708060303653,0.5273626328265045,0.7214040697545379,0.7676100778917005,0.003267695641703179,1.1418820244259151
0.55,0.2,1.2,0.08,0.66,0.34,0.25,0.6295336787564767,0.5082266181673227,0.8595744680851064,0.6651053864168618,0.0,0.5358490566037736,0.8765432098765432,0.12345679012345678,0.0,648,1,0,0.01193375804452586,0.10162463471846905,0.13588708060303653,0.5273626328265045,0.7214040697545379,0.7676100778917005,0.003267695641703179,1.1418820244259151
0.55,0.2,1.2,0.08,0.66,0.34,0.5,0.6295336787564767,0.5082266181673227,0.8595744680851064,0.6651053864168618,0.0,0.5358490566037736,0.8765432098765432,0.12345679012345678,0.0,648,1,0,0.009823915998973783,0.10162463471846905,0.13588708060303653,0.5273626328265045,0.7214040697545379,0.7676100778917005,0.003267695641703179,1.1418820244259151
0.55,0.2,1.2,0.12,0.66,0.34,0.5,0.6295336787564767,0.5082266181673227,0.8595744680851064,0.6651053864168618,0.0,0.5358490566037736,0.8765432098765432,0.12345679012345678,0.0,648,1,0,0.009823915998973783,0.10162463471846905,0.13588708060303653,0.5273626328265045,0.7214040697545379,0.7676100778917005,0.003267695641703179,1.1418820244259151
0.55,0.2,1.2,0.12,0.66,0.34,0.25,0.6295336787564767,0.5082266181673227,0.8595744680851064,0.6651053864168618,0.0,0.5358490566037736,0.8765432098765432,0.12345679012345678,0.0,648,1,0,0.01193375804452586,0.10162463471846905,0.13588708060303653,0.5273626328265045,0.7214040697545379,0.7676100778917005,0.003267695641703179,1.1418820244259151
0.55,0.2,1.2,0.12,0.72,0.34,0.5,0.6295336787564767,0.5082266181673227,0.8595744680851064,0.6651053864168618,0.0,0.5358490566037736,0.8765432098765432,0.12345679012345678,0.0,648,1,0,0.009620337213351239,0.10162463471846905,0.13588708060303653,0.5273626328265045,0.7214040697545379,0.7676100778917005,0.003267695641703179,1.1418820244259151
0.55,0.2,1.2,0.04,0.72,0.34,0.5,0.6295336787564767,0.5082266181673227,0.8595744680851064,0.6651053864168618,0.0,0.5358490566037736,0.8765432098765432,0.12345679012345678,0.0,648,1,0,0.009620337213351239,0.10162463471846905,0.13588708060303653,0.5273626328265045,0.7214040697545379,0.7676100778917005,0.003267695641703179,1.1418820244259151
0.55,0.2,1.2,0.12,0.6,0.34,0.5,0.6295336787564767,0.5082266181673227,0.8595744680851064,0.6651053864168618,0.0,0.5358490566037736,0.8765432098765432,0.12345679012345678,0.0,648,1,0,0.010132675085954824,0.10162463471846905,0.13588708060303653,0.5273626328265045,0.7214040697545379,0.7676100778917005,0.003267695641703179,1.1418820244259151
0.55,0.2,1.2,0.04,0.72,0.34,0.25,0.6295336787564767,0.5082266181673227,0.8595744680851064,0.6651053864168618,0.0,0.5358490566037736,0.8765432098765432,0.12345679012345678,0.0,648,1,0,0.011683120821336644,0.10162463471846905,0.13588708060303653,0.5273626328265045,0.7214040697545379,0.7676100778917005,0.003267695641703179,1.1418820244259151
0.55,0.2,1.2,0.04,0.66,0.34,0.5,0.6295336787564767,0.5082266181673227,0.8595744680851064,0.6651053864168618,0.0,0.5358490566037736,0.8765432098765432,0.12345679012345678,0.0,648,1,0,0.009823915998973783,0.10162463471846905,0.13588708060303653,0.5273626328265045,0.7214040697545379,0.7676100778917005,0.003267695641703179,1.1418820244259151
0.55,0.2,1.2,0.08,0.72,0.34,0.25,0.6295336787564767,0.5082266181673227,0.8595744680851064,0.6651053864168618,0.0,0.5358490566037736,0.8765432098765432,0.12345679012345678,0.0,648,1,0,0.011683120821336644,0.10162463471846905,0.13588708060303653,0.5273626328265045,0.7214040697545379,0.7676100778917005,0.003267695641703179,1.1418820244259151
0.55,0.2,1.2,0.08,0.72,0.34,0.5,0.6295336787564767,0.5082266181673227,0.8595744680851064,0.6651053864168618,0.0,0.5358490566037736,0.8765432098765432,0.12345679012345678,0.0,648,1,0,0.009620337213351239,0.10162463471846905,0.13588708060303653,0.5273626328265045,0.7214040697545379,0.7676100778917005,0.003267695641703179,1.1418820244259151
0.55,0.2,1.2,0.12,0.6,0.34,0.25,0.6295336787564767,0.5082266181673227,0.8595744680851064,0.6651053864168618,0.0,0.5358490566037736,0.8765432098765432,0.12345679012345678,0.0,648,1,0,0.012292289059470232,0.10162463471846905,0.13588708060303653,0.5273626328265045,0.7214040697545379,0.7676100778917005,0.003267695641703179,1.1418820244259151
0.65,0.2,1.0,0.04,0.72,0.34,0.5,0.6379533678756477,0.5148923626196984,0.8764278296988577,0.6682492581602374,0.0,0.5429122468659595,0.8688271604938271,0.13117283950617284,0.0,648,2,0,0.012144723623346511,0.10162463471846905,0.13588708060303653,0.5273626328265045,0.7214040697545379,0.7676100778917005,0.003267695641703179,1.1430002945580724
0.65,0.1,1.2,0.04,0.66,0.38,0.25,0.6379533678756477,0.5148923626196984,0.8764278296988577,0.6682492581602374,0.0,0.5429122468659595,0.8688271604938271,0.13117283950617284,0.0,648,2,0,0.013828406362951417,0.10162463471846905,0.13588708060303653,0.5273626328265045,0.7214040697545379,0.7676100778917005,0.003267695641703179,1.1430002945580724
0.65,0.1,1.2,0.04,0.6,0.38,0.25,0.6379533678756477,0.5148923626196984,0.8764278296988577,0.6682492581602374,0.0,0.5429122468659595,0.8688271604938271,0.13117283950617284,0.0,648,2,0,0.01409615641410714,0.10162463471846905,0.13588708060303653,0.5273626328265045,0.7214040697545379,0.7676100778917005,0.003267695641703179,1.1430002945580724
0.65,0.1,1.0,0.08,0.72,0.38,0.5,0.6379533678756477,0.5148923626196984,0.8764278296988577,0.6682492581602374,0.0,0.5429122468659595,0.8688271604938271,0.13117283950617284,0.0,648,2,0,0.012520078577444449,0.10162463471846905,0.13588708060303653,0.5273626328265045,0.7214040697545379,0.7676100778917005,0.003267695641703179,1.1430002945580724
0.65,0.3,1.2,0.08,0.66,0.34,0.25,0.6379533678756477,0.5148923626196984,0.8764278296988577,0.6682492581602374,0.0,0.5429122468659595,0.8688271604938271,0.13117283950617284,0.0,648,2,0,0.013254959436467382,0.10162463471846905,0.13588708060303653,0.5273626328265045,0.7214040697545379,0.7676100778917005,0.003267695641703179,1.1430002945580724
0.65,0.2,1.0,0.12,0.72,0.34,0.5,0.6379533678756477,0.5148923626196984,0.8764278296988577,0.6682492581602374,0.0,0.5429122468659595,0.8688271604938271,0.13117283950617284,0.0,648,2,0,0.012144723623346511,0.10162463471846905,0.13588708060303653,0.5273626328265045,0.7214040697545379,0.7676100778917005,0.003267695641703179,1.1430002945580724
0.65,0.2,1.2,0.04,0.72,0.38,0.25,0.6379533678756477,0.5148923626196984,0.8764278296988577,0.6682492581602374,0.0,0.5429122468659595,0.8688271604938271,0.13117283950617284,0.0,648,2,0,0.013575333439250287,0.10162463471846905,0.13588708060303653,0.5273626328265045,0.7214040697545379,0.7676100778917005,0.003267695641703179,1.1430002945580724
0.65,0.2,1.2,0.08,0.6,0.42,0.5,0.6379533678756477,0.5148923626196984,0.8764278296988577,0.6682492581602374,0.0,0.5429122468659595,0.8688271604938271,0.13117283950617284,0.0,648,2,0,0.012114154677510947,0.10162463471846905,0.13588708060303653,0.5273626328265045,0.7214040697545379,0.7676100778917005,0.003267695641703179,1.1430002945580724
0.65,0.2,1.2,0.04,0.66,0.42,0.5,0.6379533678756477,0.5148923626196984,0.8764278296988577,0.6682492581602374,0.0,0.5429122468659595,0.8688271604938271,0.13117283950617284,0.0,648,2,0,0.011911943478298936,0.10162463471846905,0.13588708060303653,0.5273626328265045,0.7214040697545379,0.7676100778917005,0.003267695641703179,1.1430002945580724
0.65,0.1,1.0,0.12,0.6,0.38,0.5,0.6379533678756477,0.5148923626196984,0.8764278296988577,0.6682492581602374,0.0,0.5429122468659595,0.8688271604938271,0.13117283950617284,0.0,648,2,0,0.012917230221380253,0.10162463471846905,0.13588708060303653,0.5273626328265045,0.7214040697545379,0.7676100778917005,0.003267695641703179,1.1430002945580724
0.65,0.2,1.2,0.08,0.66,0.42,0.5,0.6379533678756477,0.5148923626196984,0.8764278296988577,0.6682492581602374,0.0,0.5429122468659595,0.8688271604938271,0.13117283950617284,0.0,648,2,0,0.011911943478298936,0.10162463471846905,0.13588708060303653,0.5273626328265045,0.7214040697545379,0.7676100778917005,0.003267695641703179,1.1430002945580724
0.65,0.3,1.2,0.12,0.66,0.42,0.5,0.6379533678756477,0.5148923626196984,0.8764278296988577,0.6682492581602374,0.0,0.5429122468659595,0.8688271604938271,0.13117283950617284,0.0,648,2,0,0.011841893272947874,0.10162463471846905,0.13588708060303653,0.5273626328265045,0.7214040697545379,0.7676100778917005,0.003267695641703179,1.1430002945580724
0.65,0.3,1.2,0.12,0.72,0.34,0.25,0.6379533678756477,0.5148923626196984,0.8764278296988577,0.6682492581602374,0.0,0.5429122468659595,0.8688271604938271,0.13117283950617284,0.0,648,2,0,0.01317148482939563,0.10162463471846905,0.13588708060303653,0.5273626328265045,0.7214040697545379,0.7676100778917005,0.003267695641703179,1.1430002945580724
0.65,0.1,1.0,0.12,0.66,0.38,0.5,0.6379533678756477,0.5148923626196984,0.8764278296988577,0.6682492581602374,0.0,0.5429122468659595,0.8688271604938271,0.13117283950617284,0.0,648,2,0,0.012671882969734306,0.10162463471846905,0.13588708060303653,0.5273626328265045,0.7214040697545379,0.7676100778917005,0.003267695641703179,1.1430002945580724
0.65,0.3,1.2,0.12,0.6,0.34,0.25,0.6379533678756477,0.5148923626196984,0.8764278296988577,0.6682492581602374,0.0,0.5429122468659595,0.8688271604938271,0.13117283950617284,0.0,648,2,0,0.013413781459958285,0.10162463471846905,0.13588708060303653,0.5273626328265045,0.7214040697545379,0.7676100778917005,0.003267695641703179,1.1430002945580724
0.65,0.3,1.2,0.08,0.72,0.34,0.25,0.6379533678756477,0.5148923626196984,0.8764278296988577,0.6682492581602374,0.0,0.5429122468659595,0.8688271604938271,0.13117283950617284,0.0,648,2,0,0.01317148482939563,0.10162463471846905,0.13588708060303653,0.5273626328265045,0.7214040697545379,0.7676100778917005,0.003267695641703179,1.1430002945580724
0.65,0.3,1.2,0.08,0.72,0.42,0.5,0.6379533678756477,0.5148923626196984,0.8764278296988577,0.6682492581602374,0.0,0.5429122468659595,0.8688271604938271,0.13117283950617284,0.0,648,2,0,0.011755485753412275,0.10162463471846905,0.13588708060303653,0.5273626328265045,0.7214040697545379,0.7676100778917005,0.003267695641703179,1.1430002945580724
0.65,0.1,1.0,0.12,0.72,0.38,0.5,0.6379533678756477,0.5148923626196984,0.8764278296988577,0.6682492581602374,0.0,0.5429122468659595,0.8688271604938271,0.13117283950617284,0.0,648,2,0,0.012520078577444449,0.10162463471846905,0.13588708060303653,0.5273626328265045,0.7214040697545379,0.7676100778917005,0.003267695641703179,1.1430002945580724
0.65,0.2,1.0,0.04,0.66,0.34,0.5,0.6379533678756477,0.5148923626196984,0.8764278296988577,0.6682492581602374,0.0,0.5429122468659595,0.8688271604938271,0.13117283950617284,0.0,648,2,0,0.012264462319167333,0.10162463471846905,0.13588708060303653,0.5273626328265045,0.7214040697545379,0.7676100778917005,0.003267695641703179,1.1430002945580724
0.65,0.2,1.0,0.08,0.66,0.34,0.5,0.6379533678756477,0.5148923626196984,0.8764278296988577,0.6682492581602374,0.0,0.5429122468659595,0.8688271604938271,0.13117283950617284,0.0,648,2,0,0.012264462319167333,0.10162463471846905,0.13588708060303653,0.5273626328265045,0.7214040697545379,0.7676100778917005,0.003267695641703179,1.1430002945580724
0.65,0.2,1.0,0.08,0.6,0.34,0.5,0.6379533678756477,0.5148923626196984,0.8764278296988577,0.6682492581602374,0.0,0.5429122468659595,0.8688271604938271,0.13117283950617284,0.0,648,2,0,0.012466170979016662,0.10162463471846905,0.13588708060303653,0.5273626328265045,0.7214040697545379,0.7676100778917005,0.003267695641703179,1.1430002945580724
0.65,0.2,1.0,0.12,0.66,0.34,0.5,0.6379533678756477,0.5148923626196984,0.8764278296988577,0.6682492581602374,0.0,0.5429122468659595,0.8688271604938271,0.13117283950617284,0.0,648,2,0,0.012264462319167333,0.10162463471846905,0.13588708060303653,0.5273626328265045,0.7214040697545379,0.7676100778917005,0.003267695641703179,1.1430002945580724
0.65,0.2,1.0,0.12,0.6,0.34,0.5,0.6379533678756477,0.5148923626196984,0.8764278296988577,0.6682492581602374,0.0,0.5429122468659595,0.8688271604938271,0.13117283950617284,0.0,648,2,0,0.012466170979016662,0.10162463471846905,0.13588708060303653,0.5273626328265045,0.7214040697545379,0.7676100778917005,0.003267695641703179,1.1430002945580724
0.65,0.2,1.2,0.04,0.66,0.38,0.25,0.6379533678756477,0.5148923626196984,0.8764278296988577,0.6682492581602374,0.0,0.5429122468659595,0.8688271604938271,0.13117283950617284,0.0,648,2,0,0.013701618036183982,0.10162463471846905,0.13588708060303653,0.5273626328265045,0.7214040697545379,0.7676100778917005,0.003267695641703179,1.1430002945580724
0.65,0.3,1.2,0.04,0.72,0.42,0.5,0.6379533678756477,0.5148923626196984,0.8764278296988577,0.6682492581602374,0.0,0.5429122468659595,0.8688271604938271,0.13117283950617284,0.0,648,2,0,0.011755485753412275,0.10162463471846905,0.13588708060303653,0.5273626328265045,0.7214040697545379,0.7676100778917005,0.003267695641703179,1.1430002945580724
0.65,0.3,1.2,0.08,0.6,0.34,0.25,0.6379533678756477,0.5148923626196984,0.8764278296988577,0.6682492581602374,0.0,0.5429122468659595,0.8688271604938271,0.13117283950617284,0.0,648,2,0,0.013413781459958285,0.10162463471846905,0.13588708060303653,0.5273626328265045,0.7214040697545379,0.7676100778917005,0.003267695641703179,1.1430002945580724
0.65,0.2,1.2,0.04,0.6,0.42,0.5,0.6379533678756477,0.5148923626196984,0.8764278296988577,0.6682492581602374,0.0,0.5429122468659595,0.8688271604938271,0.13117283950617284,0.0,648,2,0,0.012114154677510947,0.10162463471846905,0.13588708060303653,0.5273626328265045,0.7214040697545379,0.7676100778917005,0.003267695641703179,1.1430002945580724
0.65,0.2,1.2,0.04,0.6,0.38,0.25,0.6379533678756477,0.5148923626196984,0.8764278296988577,0.6682492581602374,0.0,0.5429122468659595,0.8688271604938271,0.13117283950617284,0.0,648,2,0,0.013911920291736638,0.10162463471846905,0.13588708060303653,0.5273626328265045,0.7214040697545379,0.7676100778917005,0.003267695641703179,1.1430002945580724
0.65,0.2,1.0,0.04,0.6,0.34,0.5,0.6379533678756477,0.5148923626196984,0.8764278296988577,0.6682492581602374,0.0,0.5429122468659595,0.8688271604938271,0.13117283950617284,0.0,648,2,0,0.012466170979016662,0.10162463471846905,0.13588708060303653,0.5273626328265045,0.7214040697545379,0.7676100778917005,0.003267695641703179,1.1430002945580724
0.65,0.2,1.0,0.08,0.72,0.34,0.5,0.6379533678756477,0.5148923626196984,0.8764278296988577,0.6682492581602374,0.0,0.5429122468659595,0.8688271604938271,0.13117283950617284,0.0,648,2,0,0.012144723623346511,0.10162463471846905,0.13588708060303653,0.5273626328265045,0.7214040697545379,0.7676100778917005,0.003267695641703179,1.1430002945580724
0.65,0.1,1.2,0.12,0.72,0.38,0.25,0.6379533678756477,0.5148923626196984,0.8764278296988577,0.6682492581602374,0.0,0.5429122468659595,0.8688271604938271,0.13117283950617284,0.0,648,2,0,0.013654747264519753,0.10162463471846905,0.13588708060303653,0.5273626328265045,0.7214040697545379,0.7676100778917005,0.003267695641703179,1.1430002945580724
0.65,0.1,1.2,0.08,0.66,0.38,0.25,0.6379533678756477,0.5148923626196984,0.8764278296988577,0.6682492581602374,0.0,0.5429122468659595,0.8688271604938271,0.13117283950617284,0.0,648,2,0,0.013828406362951417,0.10162463471846905,0.13588708060303653,0.5273626328265045,0.7214040697545379,0.7676100778917005,0.003267695641703179,1.1430002945580724
0.65,0.1,1.2,0.12,0.66,0.38,0.25,0.6379533678756477,0.5148923626196984,0.8764278296988577,0.6682492581602374,0.0,0.5429122468659595,0.8688271604938271,0.13117283950617284,0.0,648,2,0,0.013828406362951417,0.10162463471846905,0.13588708060303653,0.5273626328265045,0.7214040697545379,0.7676100778917005,0.003267695641703179,1.1430002945580724
0.65,0.1,1.2,0.12,0.6,0.38,0.25,0.6379533678756477,0.5148923626196984,0.8764278296988577,0.6682492581602374,0.0,0.5429122468659595,0.8688271604938271,0.13117283950617284,0.0,648,2,0,0.01409615641410714,0.10162463471846905,0.13588708060303653,0.5273626328265045,0.7214040697545379,0.7676100778917005,0.003267695641703179,1.1430002945580724
0.65,0.2,1.2,0.12,0.66,0.42,0.5,0.6379533678756477,0.5148923626196984,0.8764278296988577,0.6682492581602374,0.0,0.5429122468659595,0.8688271604938271,0.13117283950617284,0.0,648,2,0,0.011911943478298936,0.10162463471846905,0.13588708060303653,0.5273626328265045,0.7214040697545379,0.7676100778917005,0.003267695641703179,1.1430002945580724
0.65,0.1,1.0,0.08,0.6,0.38,0.5,0.6379533678756477,0.5148923626196984,0.8764278296988577,0.6682492581602374,0.0,0.5429122468659595,0.8688271604938271,0.13117283950617284,0.0,648,2,0,0.012917230221380253,0.10162463471846905,0.13588708060303653,0.5273626328265045,0.7214040697545379,0.7676100778917005,0.003267695641703179,1.1430002945580724
0.65,0.1,1.0,0.04,0.72,0.38,0.5,0.6379533678756477,0.5148923626196984,0.8764278296988577,0.6682492581602374,0.0,0.5429122468659595,0.8688271604938271,0.13117283950617284,0.0,648,2,0,0.012520078577444449,0.10162463471846905,0.13588708060303653,0.5273626328265045,0.7214040697545379,0.7676100778917005,0.003267695641703179,1.1430002945580724
0.65,0.3,1.2,0.04,0.66,0.34,0.25,0.6379533678756477,0.5148923626196984,0.8764278296988577,0.6682492581602374,0.0,0.5429122468659595,0.8688271604938271,0.13117283950617284,0.0,648,2,0,0.013254959436467382,0.10162463471846905,0.13588708060303653,0.5273626328265045,0.7214040697545379,0.7676100778917005,0.003267695641703179,1.1430002945580724
0.65,0.2,1.2,0.12,0.66,0.38,0.25,0.6379533678756477,0.5148923626196984,0.8764278296988577,0.6682492581602374,0.0,0.5429122468659595,0.8688271604938271,0.13117283950617284,0.0,648,2,0,0.013701618036183982,0.10162463471846905,0.13588708060303653,0.5273626328265045,0.7214040697545379,0.7676100778917005,0.003267695641703179,1.1430002945580724
0.65,0.2,1.2,0.12,0.72,0.38,0.25,0.6379533678756477,0.5148923626196984,0.8764278296988577,0.6682492581602374,0.0,0.5429122468659595,0.8688271604938271,0.13117283950617284,0.0,648,2,0,0.013575333439250287,0.10162463471846905,0.13588708060303653,0.5273626328265045,0.7214040697545379,0.7676100778917005,0.003267695641703179,1.1430002945580724
0.65,0.2,1.2,0.12,0.72,0.42,0.5,0.6379533678756477,0.5148923626196984,0.8764278296988577,0.6682492581602374,0.0,0.5429122468659595,0.8688271604938271,0.13117283950617284,0.0,648,2,0,0.011792987456608903,0.10162463471846905,0.13588708060303653,0.5273626328265045,0.7214040697545379,0.7676100778917005,0.003267695641703179,1.1430002945580724
0.65,0.1,1.0,0.04,0.6,0.38,0.5,0.6379533678756477,0.5148923626196984,0.8764278296988577,0.6682492581602374,0.0,0.5429122468659595,0.8688271604938271,0.13117283950617284,0.0,648,2,0,0.012917230221380253,0.10162463471846905,0.13588708060303653,0.5273626328265045,0.7214040697545379,0.7676100778917005,0.003267695641703179,1.1430002945580724
0.65,0.1,1.0,0.04,0.66,0.38,0.5,0.6379533678756477,0.5148923626196984,0.8764278296988577,0.6682492581602374,0.0,0.5429122468659595,0.8688271604938271,0.13117283950617284,0.0,648,2,0,0.012671882969734306,0.10162463471846905,0.13588708060303653,0.5273626328265045,0.7214040697545379,0.7676100778917005,0.003267695641703179,1.1430002945580724
0.65,0.2,1.2,0.08,0.72,0.38,0.25,0.6379533678756477,0.5148923626196984,0.8764278296988577,0.6682492581602374,0.0,0.5429122468659595,0.8688271604938271,0.13117283950617284,0.0,648,2,0,0.013575333439250287,0.10162463471846905,0.13588708060303653,0.5273626328265045,0.7214040697545379,0.7676100778917005,0.003267695641703179,1.1430002945580724
0.65,0.2,1.2,0.08,0.72,0.42,0.5,0.6379533678756477,0.5148923626196984,0.8764278296988577,0.6682492581602374,0.0,0.5429122468659595,0.8688271604938271,0.13117283950617284,0.0,648,2,0,0.011792987456608903,0.10162463471846905,0.13588708060303653,0.5273626328265045,0.7214040697545379,0.7676100778917005,0.003267695641703179,1.1430002945580724
0.65,0.2,1.2,0.12,0.6,0.38,0.25,0.6379533678756477,0.5148923626196984,0.8764278296988577,0.6682492581602374,0.0,0.5429122468659595,0.8688271604938271,0.13117283950617284,0.0,648,2,0,0.013911920291736638,0.10162463471846905,0.13588708060303653,0.5273626328265045,0.7214040697545379,0.7676100778917005,0.003267695641703179,1.1430002945580724
0.65,0.2,1.2,0.08,0.66,0.38,0.25,0.6379533678756477,0.5148923626196984,0.8764278296988577,0.6682492581602374,0.0,0.5429122468659595,0.8688271604938271,0.13117283950617284,0.0,648,2,0,0.013701618036183982,0.10162463471846905,0.13588708060303653,0.5273626328265045,0.7214040697545379,0.7676100778917005,0.003267695641703179,1.1430002945580724
0.65,0.2,1.2,0.04,0.72,0.42,0.5,0.6379533678756477,0.5148923626196984,0.8764278296988577,0.6682492581602374,0.0,0.5429122468659595,0.8688271604938271,0.13117283950617284,0.0,648,2,0,0.011792987456608903,0.10162463471846905,0.13588708060303653,0.5273626328265045,0.7214040697545379,0.7676100778917005,0.003267695641703179,1.1430002945580724
0.65,0.2,1.2,0.08,0.6,0.38,0.25,0.6379533678756477,0.5148923626196984,0.8764278296988577,0.6682492581602374,0.0,0.5429122468659595,0.8688271604938271,0.13117283950617284,0.0,648,2,0,0.013911920291736638,0.10162463471846905,0.13588708060303653,0.5273626328265045,0.7214040697545379,0.7676100778917005,0.003267695641703179,1.1430002945580724
0.65,0.2,1.2,0.12,0.6,0.42,0.5,0.6379533678756477,0.5148923626196984,0.8764278296988577,0.6682492581602374,0.0,0.5429122468659595,0.8688271604938271,0.13117283950617284,0.0,648,2,0,0.012114154677510947,0.10162463471846905,0.13588708060303653,0.5273626328265045,0.7214040697545379,0.7676100778917005,0.003267695641703179,1.1430002945580724
0.65,0.1,1.2,0.04,0.72,0.38,0.25,0.6379533678756477,0.5148923626196984,0.8764278296988577,0.6682492581602374,0.0,0.5429122468659595,0.8688271604938271,0.13117283950617284,0.0,648,2,0,0.013654747264519753,0.10162463471846905,0.13588708060303653,0.5273626328265045,0.7214040697545379,0.7676100778917005,0.003267695641703179,1.1430002945580724
0.65,0.1,1.2,0.08,0.72,0.38,0.25,0.6379533678756477,0.5148923626196984,0.8764278296988577,0.6682492581602374,0.0,0.5429122468659595,0.8688271604938271,0.13117283950617284,0.0,648,2,0,0.013654747264519753,0.10162463471846905,0.13588708060303653,0.5273626328265045,0.7214040697545379,0.7676100778917005,0.003267695641703179,1.1430002945580724
0.65,0.3,1.2,0.04,0.66,0.42,0.5,0.6379533678756477,0.5148923626196984,0.8764278296988577,0.6682492581602374,0.0,0.5429122468659595,0.8688271604938271,0.13117283950617284,0.0,648,2,0,0.011841893272947874,0.10162463471846905,0.13588708060303653,0.5273626328265045,0.7214040697545379,0.7676100778917005,0.003267695641703179,1.1430002945580724
0.65,0.3,1.2,0.12,0.66,0.34,0.25,0.6379533678756477,0.5148923626196984,0.8764278296988577,0.6682492581602374,0.0,0.5429122468659595,0.8688271604938271,0.13117283950617284,0.0,648,2,0,0.013254959436467382,0.10162463471846905,0.13588708060303653,0.5273626328265045,0.7214040697545379,0.7676100778917005,0.003267695641703179,1.1430002945580724
0.65,0.3,1.2,0.04,0.6,0.34,0.25,0.6379533678756477,0.5148923626196984,0.8764278296988577,0.6682492581602374,0.0,0.5429122468659595,0.8688271604938271,0.13117283950617284,0.0,648,2,0,0.013413781459958285,0.10162463471846905,0.13588708060303653,0.5273626328265045,0.7214040697545379,0.7676100778917005,0.003267695641703179,1.1430002945580724
0.65,0.3,1.2,0.08,0.66,0.42,0.5,0.6379533678756477,0.5148923626196984,0.8764278296988577,0.6682492581602374,0.0,0.5429122468659595,0.8688271604938271,0.13117283950617284,0.0,648,2,0,0.011841893272947874,0.10162463471846905,0.13588708060303653,0.5273626328265045,0.7214040697545379,0.7676100778917005,0.003267695641703179,1.1430002945580724
0.65,0.1,1.2,0.08,0.6,0.38,0.25,0.6379533678756477,0.5148923626196984,0.8764278296988577,0.6682492581602374,0.0,0.5429122468659595,0.8688271604938271,0.13117283950617284,0.0,648,2,0,0.01409615641410714,0.10162463471846905,0.13588708060303653,0.5273626328265045,0.7214040697545379,0.7676100778917005,0.003267695641703179,1.1430002945580724
0.65,0.3,1.2,0.04,0.72,0.34,0.25,0.6379533678756477,0.5148923626196984,0.8764278296988577,0.6682492581602374,0.0,0.5429122468659595,0.8688271604938271,0.13117283950617284,0.0,648,2,0,0.01317148482939563,0.10162463471846905,0.13588708060303653,0.5273626328265045,0.7214040697545379,0.7676100778917005,0.003267695641703179,1.1430002945580724
0.65,0.1,1.0,0.08,0.66,0.38,0.5,0.6379533678756477,0.5148923626196984,0.8764278296988577,0.6682492581602374,0.0,0.5429122468659595,0.8688271604938271,0.13117283950617284,0.0,648,2,0,0.012671882969734306,0.10162463471846905,0.13588708060303653,0.5273626328265045,0.7214040697545379,0.7676100778917005,0.003267695641703179,1.1430002945580724
0.65,0.3,1.2,0.12,0.72,0.42,0.5,0.6379533678756477,0.5148923626196984,0.8764278296988577,0.6682492581602374,0.0,0.5429122468659595,0.8688271604938271,0.13117283950617284,0.0,648,2,0,0.011755485753412275,0.10162463471846905,0.13588708060303653,0.5273626328265045,0.7214040697545379,0.7676100778917005,0.003267695641703179,1.1430002945580724
0.55,0.1,1.2,0.12,0.6,0.34,0.5,0.6288860103626943,0.5076920552368146,0.858359957401491,0.6647162083089526,0.0,0.5353440150801131,0.8765432098765432,0.12345679012345678,0.0,648,1,0,0.01042820514096343,0.10162463471846905,0.13588708060303653,0.5273626328265045,0.7214040697545379,0.7676100778917005,0.003267695641703179,1.1430642557502058
0.55,0.1,1.2,0.04,0.6,0.34,0.5,0.6288860103626943,0.5076920552368146,0.858359957401491,0.6647162083089526,0.0,0.5353440150801131,0.8765432098765432,0.12345679012345678,0.0,648,1,0,0.01042820514096343,0.10162463471846905,0.13588708060303653,0.5273626328265045,0.7214040697545379,0.7676100778917005,0.003267695641703179,1.1430642557502058
0.55,0.1,1.2,0.12,0.72,0.34,0.5,0.6288860103626943,0.5076920552368146,0.858359957401491,0.6647162083089526,0.0,0.5353440150801131,0.8765432098765432,0.12345679012345678,0.0,648,1,0,0.009775613959635571,0.10162463471846905,0.13588708060303653,0.5273626328265045,0.7214040697545379,0.7676100778917005,0.003267695641703179,1.1430642557502058
0.55,0.1,1.2,0.08,0.72,0.34,0.5,0.6288860103626943,0.5076920552368146,0.858359957401491,0.6647162083089526,0.0,0.5353440150801131,0.8765432098765432,0.12345679012345678,0.0,648,1,0,0.009775613959635571,0.10162463471846905,0.13588708060303653,0.5273626328265045,0.7214040697545379,0.7676100778917005,0.003267695641703179,1.1430642557502058
0.55,0.1,1.2,0.12,0.66,0.34,0.5,0.6288860103626943,0.5076920552368146,0.858359957401491,0.6647162083089526,0.0,0.5353440150801131,0.8765432098765432,0.12345679012345678,0.0,648,1,0,0.010044719776127767,0.10162463471846905,0.13588708060303653,0.5273626328265045,0.7214040697545379,0.7676100778917005,0.003267695641703179,1.1430642557502058
0.55,0.1,1.2,0.04,0.66,0.34,0.5,0.6288860103626943,0.5076920552368146,0.858359957401491,0.6647162083089526,0.0,0.5353440150801131,0.8765432098765432,0.12345679012345678,0.0,648,1,0,0.010044719776127767,0.10162463471846905,0.13588708060303653,0.5273626328265045,0.7214040697545379,0.7676100778917005,0.003267695641703179,1.1430642557502058
0.55,0.1,1.2,0.04,0.72,0.34,0.5,0.6288860103626943,0.5076920552368146,0.858359957401491,0.6647162083089526,0.0,0.5353440150801131,0.8765432098765432,0.12345679012345678,0.0,648,1,0,0.009775613959635571,0.10162463471846905,0.13588708060303653,0.5273626328265045,0.7214040697545379,0.7676100778917005,0.003267695641703179,1.1430642557502058
0.55,0.1,1.2,0.08,0.66,0.34,0.5,0.6288860103626943,0.5076920552368146,0.858359957401491,0.6647162083089526,0.0,0.5353440150801131,0.8765432098765432,0.12345679012345678,0.0,648,1,0,0.010044719776127767,0.10162463471846905,0.13588708060303653,0.5273626328265045,0.7214040697545379,0.7676100778917005,0.003267695641703179,1.1430642557502058
0.55,0.1,1.2,0.08,0.6,0.34,0.5,0.6288860103626943,0.5076920552368146,0.858359957401491,0.6647162083089526,0.0,0.5353440150801131,0.8765432098765432,0.12345679012345678,0.0,648,1,0,0.01042820514096343,0.10162463471846905,0.13588708060303653,0.5273626328265045,0.7214040697545379,0.7676100778917005,0.003267695641703179,1.1430642557502058
0.65,0.3,1.0,0.04,0.72,0.38,0.5,0.6386010362694301,0.5153662905821309,0.8778467908902692,0.6682520808561236,0.0,0.5435203094777563,0.8672839506172839,0.13271604938271606,0.0,648,2,0,0.01253793043262937,0.10162463471846905,0.13588708060303653,0.5273626328265045,0.7214040697545379,0.7676100778917005,0.003267695641703179,1.1451194389425983
0.65,0.3,1.0,0.08,0.72,0.38,0.5,0.6386010362694301,0.5153662905821309,0.8778467908902692,0.6682520808561236,0.0,0.5435203094777563,0.8672839506172839,0.13271604938271606,0.0,648,2,0,0.01253793043262937,0.10162463471846905,0.13588708060303653,0.5273626328265045,0.7214040697545379,0.7676100778917005,0.003267695641703179,1.1451194389425983
0.65,0.3,1.0,0.12,0.72,0.38,0.5,0.6386010362694301,0.5153662905821309,0.8778467908902692,0.6682520808561236,0.0,0.5435203094777563,0.8672839506172839,0.13271604938271606,0.0,648,2,0,0.01253793043262937,0.10162463471846905,0.13588708060303653,0.5273626328265045,0.7214040697545379,0.7676100778917005,0.003267695641703179,1.1451194389425983
0.65,0.3,1.0,0.12,0.66,0.42,0.5,0.6386010362694301,0.5153662905821309,0.8778467908902692,0.6682520808561236,0.0,0.5435203094777563,0.8672839506172839,0.13271604938271606,0.0,648,2,0,0.012917483152743449,0.10162463471846905,0.13588708060303653,0.5273626328265045,0.7214040697545379,0.7676100778917005,0.003267695641703179,1.1451194389425983
0.65,0.3,1.0,0.12,0.66,0.38,0.5,0.6386010362694301,0.5153662905821309,0.8778467908902692,0.6682520808561236,0.0,0.5435203094777563,0.8672839506172839,0.13271604938271606,0.0,648,2,0,0.012628391290046835,0.10162463471846905,0.13588708060303653,0.5273626328265045,0.7214040697545379,0.7676100778917005,0.003267695641703179,1.1451194389425983
0.65,0.3,1.0,0.12,0.6,0.42,0.5,0.6386010362694301,0.5153662905821309,0.8778467908902692,0.6682520808561236,0.0,0.5435203094777563,0.8672839506172839,0.13271604938271606,0.0,648,2,0,0.013072090794654137,0.10162463471846905,0.13588708060303653,0.5273626328265045,0.7214040697545379,0.7676100778917005,0.003267695641703179,1.1451194389425983
0.65,0.3,1.0,0.08,0.6,0.38,0.5,0.6386010362694301,0.5153662905821309,0.8778467908902692,0.6682520808561236,0.0,0.5435203094777563,0.8672839506172839,0.13271604938271606,0.0,648,2,0,0.012785496153699462,0.10162463471846905,0.13588708060303653,0.5273626328265045,0.7214040697545379,0.7676100778917005,0.003267695641703179,1.1451194389425983
0.65,0.3,1.0,0.08,0.6,0.42,0.5,0.6386010362694301,0.5153662905821309,0.8778467908902692,0.6682520808561236,0.0,0.5435203094777563,0.8672839506172839,0.13271604938271606,0.0,648,2,0,0.013072090794654137,0.10162463471846905,0.13588708060303653,0.5273626328265045,0.7214040697545379,0.7676100778917005,0.003267695641703179,1.1451194389425983
0.65,0.3,1.0,0.12,0.72,0.42,0.5,0.6386010362694301,0.5153662905821309,0.8778467908902692,0.6682520808561236,0.0,0.5435203094777563,0.8672839506172839,0.13271604938271606,0.0,648,2,0,0.012828658529612251,0.10162463471846905,0.13588708060303653,0.5273626328265045,0.7214040697545379,0.7676100778917005,0.003267695641703179,1.1451194389425983
0.65,0.3,1.0,0.04,0.66,0.38,0.5,0.6386010362694301,0.5153662905821309,0.8778467908902692,0.6682520808561236,0.0,0.5435203094777563,0.8672839506172839,0.13271604938271606,0.0,648,2,0,0.012628391290046835,0.10162463471846905,0.13588708060303653,0.5273626328265045,0.7214040697545379,0.7676100778917005,0.003267695641703179,1.1451194389425983
0.65,0.3,1.0,0.04,0.6,0.42,0.5,0.6386010362694301,0.5153662905821309,0.8778467908902692,0.6682520808561236,0.0,0.5435203094777563,0.8672839506172839,0.13271604938271606,0.0,648,2,0,0.013072090794654137,0.10162463471846905,0.13588708060303653,0.5273626328265045,0.7214040697545379,0.7676100778917005,0.003267695641703179,1.1451194389425983
0.65,0.3,1.0,0.04,0.66,0.42,0.5,0.6386010362694301,0.5153662905821309,0.8778467908902692,0.6682520808561236,0.0,0.5435203094777563,0.8672839506172839,0.13271604938271606,0.0,648,2,0,0.012917483152743449,0.10162463471846905,0.13588708060303653,0.5273626328265045,0.7214040697545379,0.7676100778917005,0.003267695641703179,1.1451194389425983
0.65,0.3,1.0,0.08,0.72,0.42,0.5,0.6386010362694301,0.5153662905821309,0.8778467908902692,0.6682520808561236,0.0,0.5435203094777563,0.8672839506172839,0.13271604938271606,0.0,648,2,0,0.012828658529612251,0.10162463471846905,0.13588708060303653,0.5273626328265045,0.7214040697545379,0.7676100778917005,0.003267695641703179,1.1451194389425983
0.65,0.3,1.0,0.12,0.6,0.38,0.5,0.6386010362694301,0.5153662905821309,0.8778467908902692,0.6682520808561236,0.0,0.5435203094777563,0.8672839506172839,0.13271604938271606,0.0,648,2,0,0.012785496153699462,0.10162463471846905,0.13588708060303653,0.5273626328265045,0.7214040697545379,0.7676100778917005,0.003267695641703179,1.1451194389425983
0.65,0.3,1.0,0.04,0.72,0.42,0.5,0.6386010362694301,0.5153662905821309,0.8778467908902692,0.6682520808561236,0.0,0.5435203094777563,0.8672839506172839,0.13271604938271606,0.0,648,2,0,0.012828658529612251,0.10162463471846905,0.13588708060303653,0.5273626328265045,0.7214040697545379,0.7676100778917005,0.003267695641703179,1.1451194389425983
0.65,0.3,1.0,0.08,0.66,0.38,0.5,0.6386010362694301,0.5153662905821309,0.8778467908902692,0.6682520808561236,0.0,0.5435203094777563,0.8672839506172839,0.13271604938271606,0.0,648,2,0,0.012628391290046835,0.10162463471846905,0.13588708060303653,0.5273626328265045,0.7214040697545379,0.7676100778917005,0.003267695641703179,1.1451194389425983
0.65,0.3,1.0,0.08,0.66,0.42,0.5,0.6386010362694301,0.5153662905821309,0.8778467908902692,0.6682520808561236,0.0,0.5435203094777563,0.8672839506172839,0.13271604938271606,0.0,648,2,0,0.012917483152743449,0.10162463471846905,0.13588708060303653,0.5273626328265045,0.7214040697545379,0.7676100778917005,0.003267695641703179,1.1451194389425983
0.65,0.2,1.0,0.12,0.72,0.42,0.5,0.6386010362694301,0.5153662905821309,0.8778467908902692,0.6682520808561236,0.0,0.5435203094777563,0.8672839506172839,0.13271604938271606,0.0,648,2,0,0.012851332437131604,0.10162463471846905,0.13588708060303653,0.5273626328265045,0.7214040697545379,0.7676100778917005,0.003267695641703179,1.1451194389425983
0.65,0.2,1.0,0.08,0.66,0.42,0.5,0.6386010362694301,0.5153662905821309,0.8778467908902692,0.6682520808561236,0.0,0.5435203094777563,0.8672839506172839,0.13271604938271606,0.0,648,2,0,0.01296782362782019,0.10162463471846905,0.13588708060303653,0.5273626328265045,0.7214040697545379,0.7676100778917005,0.003267695641703179,1.1451194389425983
0.65,0.2,1.0,0.12,0.66,0.42,0.5,0.6386010362694301,0.5153662905821309,0.8778467908902692,0.6682520808561236,0.0,0.5435203094777563,0.8672839506172839,0.13271604938271606,0.0,648,2,0,0.01296782362782019,0.10162463471846905,0.13588708060303653,0.5273626328265045,0.7214040697545379,0.7676100778917005,0.003267695641703179,1.1451194389425983
0.65,0.2,1.0,0.04,0.66,0.42,0.5,0.6386010362694301,0.5153662905821309,0.8778467908902692,0.6682520808561236,0.0,0.5435203094777563,0.8672839506172839,0.13271604938271606,0.0,648,2,0,0.01296782362782019,0.10162463471846905,0.13588708060303653,0.5273626328265045,0.7214040697545379,0.7676100778917005,0.003267695641703179,1.1451194389425983
0.65,0.2,1.0,0.08,0.6,0.42,0.5,0.6386010362694301,0.5153662905821309,0.8778467908902692,0.6682520808561236,0.0,0.5435203094777563,0.8672839506172839,0.13271604938271606,0.0,648,2,0,0.013162913565989946,0.10162463471846905,0.13588708060303653,0.5273626328265045,0.7214040697545379,0.7676100778917005,0.003267695641703179,1.1451194389425983
0.65,0.2,1.0,0.12,0.6,0.42,0.5,0.6386010362694301,0.5153662905821309,0.8778467908902692,0.6682520808561236,0.0,0.5435203094777563,0.8672839506172839,0.13271604938271606,0.0,648,2,0,0.013162913565989946,0.10162463471846905,0.13588708060303653,0.5273626328265045,0.7214040697545379,0.7676100778917005,0.003267695641703179,1.1451194389425983
0.65,0.2,1.0,0.04,0.72,0.42,0.5,0.6386010362694301,0.5153662905821309,0.8778467908902692,0.6682520808561236,0.0,0.5435203094777563,0.8672839506172839,0.13271604938271606,0.0,648,2,0,0.012851332437131604,0.10162463471846905,0.13588708060303653,0.5273626328265045,0.7214040697545379,0.7676100778917005,0.003267695641703179,1.1451194389425983
0.65,0.2,1.0,0.04,0.6,0.42,0.5,0.6386010362694301,0.5153662905821309,0.8778467908902692,0.6682520808561236,0.0,0.5435203094777563,0.8672839506172839,0.13271604938271606,0.0,648,2,0,0.013162913565989946,0.10162463471846905,0.13588708060303653,0.5273626328265045,0.7214040697545379,0.7676100778917005,0.003267695641703179,1.1451194389425983
0.65,0.3,1.0,0.04,0.6,0.38,0.5,0.6386010362694301,0.5153662905821309,0.8778467908902692,0.6682520808561236,0.0,0.5435203094777563,0.8672839506172839,0.13271604938271606,0.0,648,2,0,0.012785496153699462,0.10162463471846905,0.13588708060303653,0.5273626328265045,0.7214040697545379,0.7676100778917005,0.003267695641703179,1.1451194389425983
0.65,0.2,1.0,0.08,0.72,0.42,0.5,0.6386010362694301,0.5153662905821309,0.8778467908902692,0.6682520808561236,0.0,0.5435203094777563,0.8672839506172839,0.13271604938271606,0.0,648,2,0,0.012851332437131604,0.10162463471846905,0.13588708060303653,0.5273626328265045,0.7214040697545379,0.7676100778917005,0.003267695641703179,1.1451194389425983
0.65,0.1,1.0,0.12,0.66,0.42,0.5,0.6379533678756477,0.5148463195400105,0.8766839378238342,0.6678550207961973,0.0,0.5429951690821256,0.8672839506172839,0.13271604938271606,0.0,648,2,0,0.013032586456815525,0.10162463471846905,0.13588708060303653,0.5273626328265045,0.7214040697545379,0.7676100778917005,0.003267695641703179,1.146287078378501
0.65,0.1,1.2,0.08,0.66,0.42,0.25,0.6379533678756477,0.5148463195400105,0.8766839378238342,0.6678550207961973,0.0,0.5429951690821256,0.8672839506172839,0.13271604938271606,0.0,648,2,0,0.014166041123312488,0.10162463471846905,0.13588708060303653,0.5273626328265045,0.7214040697545379,0.7676100778917005,0.003267695641703179,1.146287078378501
0.65,0.1,1.0,0.04,0.66,0.42,0.5,0.6379533678756477,0.5148463195400105,0.8766839378238342,0.6678550207961973,0.0,0.5429951690821256,0.8672839506172839,0.13271604938271606,0.0,648,2,0,0.013032586456815525,0.10162463471846905,0.13588708060303653,0.5273626328265045,0.7214040697545379,0.7676100778917005,0.003267695641703179,1.146287078378501
0.65,0.1,1.2,0.08,0.72,0.42,0.25,0.6379533678756477,0.5148463195400105,0.8766839378238342,0.6678550207961973,0.0,0.5429951690821256,0.8672839506172839,0.13271604938271606,0.0,648,2,0,0.013996780997732688,0.10162463471846905,0.13588708060303653,0.5273626328265045,0.7214040697545379,0.7676100778917005,0.003267695641703179,1.146287078378501
0.65,0.1,1.2,0.04,0.72,0.42,0.25,0.6379533678756477,0.5148463195400105,0.8766839378238342,0.6678550207961973,0.0,0.5429951690821256,0.8672839506172839,0.13271604938271606,0.0,648,2,0,0.013996780997732688,0.10162463471846905,0.13588708060303653,0.5273626328265045,0.7214040697545379,0.7676100778917005,0.003267695641703179,1.146287078378501
0.65,0.1,1.0,0.04,0.6,0.42,0.5,0.6379533678756477,0.5148463195400105,0.8766839378238342,0.6678550207961973,0.0,0.5429951690821256,0.8672839506172839,0.13271604938271606,0.0,648,2,0,0.013272152315975973,0.10162463471846905,0.13588708060303653,0.5273626328265045,0.7214040697545379,0.7676100778917005,0.003267695641703179,1.146287078378501
0.65,0.1,1.0,0.04,0.72,0.42,0.5,0.6379533678756477,0.5148463195400105,0.8766839378238342,0.6678550207961973,0.0,0.5429951690821256,0.8672839506172839,0.13271604938271606,0.0,648,2,0,0.012884247224767524,0.10162463471846905,0.13588708060303653,0.5273626328265045,0.7214040697545379,0.7676100778917005,0.003267695641703179,1.146287078378501
0.65,0.1,1.0,0.08,0.6,0.42,0.5,0.6379533678756477,0.5148463195400105,0.8766839378238342,0.6678550207961973,0.0,0.5429951690821256,0.8672839506172839,0.13271604938271606,0.0,648,2,0,0.013272152315975973,0.10162463471846905,0.13588708060303653,0.5273626328265045,0.7214040697545379,0.7676100778917005,0.003267695641703179,1.146287078378501
0.65,0.1,1.2,0.12,0.6,0.42,0.25,0.6379533678756477,0.5148463195400105,0.8766839378238342,0.6678550207961973,0.0,0.5429951690821256,0.8672839506172839,0.13271604938271606,0.0,648,2,0,0.01442798041225905,0.10162463471846905,0.13588708060303653,0.5273626328265045,0.7214040697545379,0.7676100778917005,0.003267695641703179,1.146287078378501
0.65,0.1,1.2,0.08,0.6,0.42,0.25,0.6379533678756477,0.5148463195400105,0.8766839378238342,0.6678550207961973,0.0,0.5429951690821256,0.8672839506172839,0.13271604938271606,0.0,648,2,0,0.01442798041225905,0.10162463471846905,0.13588708060303653,0.5273626328265045,0.7214040697545379,0.7676100778917005,0.003267695641703179,1.146287078378501
0.65,0.1,1.2,0.12,0.72,0.42,0.25,0.6379533678756477,0.5148463195400105,0.8766839378238342,0.6678550207961973,0.0,0.5429951690821256,0.8672839506172839,0.13271604938271606,0.0,648,2,0,0.013996780997732688,0.10162463471846905,0.13588708060303653,0.5273626328265045,0.7214040697545379,0.7676100778917005,0.003267695641703179,1.146287078378501
0.65,0.1,1.0,0.08,0.66,0.42,0.5,0.6379533678756477,0.5148463195400105,0.8766839378238342,0.6678550207961973,0.0,0.5429951690821256,0.8672839506172839,0.13271604938271606,0.0,648,2,0,0.013032586456815525,0.10162463471846905,0.13588708060303653,0.5273626328265045,0.7214040697545379,0.7676100778917005,0.003267695641703179,1.146287078378501
0.65,0.1,1.0,0.12,0.6,0.42,0.5,0.6379533678756477,0.5148463195400105,0.8766839378238342,0.6678550207961973,0.0,0.5429951690821256,0.8672839506172839,0.13271604938271606,0.0,648,2,0,0.013272152315975973,0.10162463471846905,0.13588708060303653,0.5273626328265045,0.7214040697545379,0.7676100778917005,0.003267695641703179,1.146287078378501
0.65,0.1,1.0,0.08,0.72,0.42,0.5,0.6379533678756477,0.5148463195400105,0.8766839378238342,0.6678550207961973,0.0,0.5429951690821256,0.8672839506172839,0.13271604938271606,0.0,648,2,0,0.012884247224767524,0.10162463471846905,0.13588708060303653,0.5273626328265045,0.7214040697545379,0.7676100778917005,0.003267695641703179,1.146287078378501
0.65,0.1,1.2,0.04,0.6,0.42,0.25,0.6379533678756477,0.5148463195400105,0.8766839378238342,0.6678550207961973,0.0,0.5429951690821256,0.8672839506172839,0.13271604938271606,0.0,648,2,0,0.01442798041225905,0.10162463471846905,0.13588708060303653,0.5273626328265045,0.7214040697545379,0.7676100778917005,0.003267695641703179,1.146287078378501
0.65,0.1,1.0,0.12,0.72,0.42,0.5,0.6379533678756477,0.5148463195400105,0.8766839378238342,0.6678550207961973,0.0,0.5429951690821256,0.8672839506172839,0.13271604938271606,0.0,648,2,0,0.012884247224767524,0.10162463471846905,0.13588708060303653,0.5273626328265045,0.7214040697545379,0.7676100778917005,0.003267695641703179,1.146287078378501
0.65,0.1,1.2,0.12,0.66,0.42,0.25,0.6379533678756477,0.5148463195400105,0.8766839378238342,0.6678550207961973,0.0,0.5429951690821256,0.8672839506172839,0.13271604938271606,0.0,648,2,0,0.014166041123312488,0.10162463471846905,0.13588708060303653,0.5273626328265045,0.7214040697545379,0.7676100778917005,0.003267695641703179,1.146287078378501
0.65,0.1,1.2,0.04,0.66,0.42,0.25,0.6379533678756477,0.5148463195400105,0.8766839378238342,0.6678550207961973,0.0,0.5429951690821256,0.8672839506172839,0.13271604938271606,0.0,648,2,0,0.014166041123312488,0.10162463471846905,0.13588708060303653,0.5273626328265045,0.7214040697545379,0.7676100778917005,0.003267695641703179,1.146287078378501
0.65,0.1,1.0,0.08,0.72,0.34,0.25,0.6373056994818653,0.5143257015010694,0.8755186721991701,0.667458432304038,0.0,0.5424710424710425,0.8672839506172839,0.13271604938271606,0.0,648,2,0,0.014418732986642249,0.10162463471846905,0.13588708060303653,0.5273626328265045,0.7214040697545379,0.7676100778917005,0.003267695641703179,1.1474553648112245
0.65,0.2,1.0,0.12,0.72,0.38,0.5,0.6373056994818653,0.5143257015010694,0.8755186721991701,0.667458432304038,0.0,0.5424710424710425,0.8672839506172839,0.13271604938271606,0.0,648,2,0,0.01252559010916192,0.10162463471846905,0.13588708060303653,0.5273626328265045,0.7214040697545379,0.7676100778917005,0.003267695641703179,1.1474553648112245
0.65,0.2,1.0,0.12,0.6,0.38,0.5,0.6373056994818653,0.5143257015010694,0.8755186721991701,0.667458432304038,0.0,0.5424710424710425,0.8672839506172839,0.13271604938271606,0.0,648,2,0,0.012842722171487755,0.10162463471846905,0.13588708060303653,0.5273626328265045,0.7214040697545379,0.7676100778917005,0.003267695641703179,1.1474553648112245
0.65,0.3,1.2,0.08,0.66,0.38,0.25,0.6373056994818653,0.5143257015010694,0.8755186721991701,0.667458432304038,0.0,0.5424710424710425,0.8672839506172839,0.13271604938271606,0.0,648,2,0,0.013590318053125801,0.10162463471846905,0.13588708060303653,0.5273626328265045,0.7214040697545379,0.7676100778917005,0.003267695641703179,1.1474553648112245
0.65,0.2,1.0,0.08,0.72,0.38,0.5,0.6373056994818653,0.5143257015010694,0.8755186721991701,0.667458432304038,0.0,0.5424710424710425,0.8672839506172839,0.13271604938271606,0.0,648,2,0,0.01252559010916192,0.10162463471846905,0.13588708060303653,0.5273626328265045,0.7214040697545379,0.7676100778917005,0.003267695641703179,1.1474553648112245
0.65,0.3,1.2,0.08,0.6,0.38,0.25,0.6373056994818653,0.5143257015010694,0.8755186721991701,0.667458432304038,0.0,0.5424710424710425,0.8672839506172839,0.13271604938271606,0.0,648,2,0,0.013746505008912668,0.10162463471846905,0.13588708060303653,0.5273626328265045,0.7214040697545379,0.7676100778917005,0.003267695641703179,1.1474553648112245
0.65,0.1,1.0,0.04,0.72,0.34,0.25,0.6373056994818653,0.5143257015010694,0.8755186721991701,0.667458432304038,0.0,0.5424710424710425,0.8672839506172839,0.13271604938271606,0.0,648,2,0,0.014418732986642249,0.10162463471846905,0.13588708060303653,0.5273626328265045,0.7214040697545379,0.7676100778917005,0.003267695641703179,1.1474553648112245
0.65,0.1,1.0,0.04,0.66,0.34,0.25,0.6373056994818653,0.5143257015010694,0.8755186721991701,0.667458432304038,0.0,0.5424710424710425,0.8672839506172839,0.13271604938271606,0.0,648,2,0,0.014590242511919625,0.10162463471846905,0.13588708060303653,0.5273626328265045,0.7214040697545379,0.7676100778917005,0.003267695641703179,1.1474553648112245
0.65,0.1,1.0,0.08,0.6,0.34,0.25,0.6373056994818653,0.5143257015010694,0.8755186721991701,0.667458432304038,0.0,0.5424710424710425,0.8672839506172839,0.13271604938271606,0.0,648,2,0,0.014850644213247539,0.10162463471846905,0.13588708060303653,0.5273626328265045,0.7214040697545379,0.7676100778917005,0.003267695641703179,1.1474553648112245
0.65,0.1,1.0,0.04,0.6,0.34,0.25,0.6373056994818653,0.5143257015010694,0.8755186721991701,0.667458432304038,0.0,0.5424710424710425,0.8672839506172839,0.13271604938271606,0.0,648,2,0,0.014850644213247539,0.10162463471846905,0.13588708060303653,0.5273626328265045,0.7214040697545379,0.7676100778917005,0.003267695641703179,1.1474553648112245
0.65,0.3,1.2,0.04,0.6,0.38,0.25,0.6373056994818653,0.5143257015010694,0.8755186721991701,0.667458432304038,0.0,0.5424710424710425,0.8672839506172839,0.13271604938271606,0.0,648,2,0,0.013746505008912668,0.10162463471846905,0.13588708060303653,0.5273626328265045,0.7214040697545379,0.7676100778917005,0.003267695641703179,1.1474553648112245
0.65,0.1,1.0,0.08,0.66,0.34,0.25,0.6373056994818653,0.5143257015010694,0.8755186721991701,0.667458432304038,0.0,0.5424710424710425,0.8672839506172839,0.13271604938271606,0.0,648,2,0,0.014590242511919625,0.10162463471846905,0.13588708060303653,0.5273626328265045,0.7214040697545379,0.7676100778917005,0.003267695641703179,1.1474553648112245
0.65,0.3,1.2,0.12,0.72,0.38,0.25,0.6373056994818653,0.5143257015010694,0.8755186721991701,0.667458432304038,0.0,0.5424710424710425,0.8672839506172839,0.13271604938271606,0.0,648,2,0,0.013508098675768854,0.10162463471846905,0.13588708060303653,0.5273626328265045,0.7214040697545379,0.7676100778917005,0.003267695641703179,1.1474553648112245
0.65,0.3,1.2,0.12,0.66,0.38,0.25,0.6373056994818653,0.5143257015010694,0.8755186721991701,0.667458432304038,0.0,0.5424710424710425,0.8672839506172839,0.13271604938271606,0.0,648,2,0,0.013590318053125801,0.10162463471846905,0.13588708060303653,0.5273626328265045,0.7214040697545379,0.7676100778917005,0.003267695641703179,1.1474553648112245
0.65,0.3,1.2,0.04,0.66,0.38,0.25,0.6373056994818653,0.5143257015010694,0.8755186721991701,0.667458432304038,0.0,0.5424710424710425,0.8672839506172839,0.13271604938271606,0.0,648,2,0,0.013590318053125801,0.10162463471846905,0.13588708060303653,0.5273626328265045,0.7214040697545379,0.7676100778917005,0.003267695641703179,1.1474553648112245
0.65,0.2,1.0,0.08,0.66,0.38,0.5,0.6373056994818653,0.5143257015010694,0.8755186721991701,0.667458432304038,0.0,0.5424710424710425,0.8672839506172839,0.13271604938271606,0.0,648,2,0,0.012644030922038682,0.10162463471846905,0.13588708060303653,0.5273626328265045,0.7214040697545379,0.7676100778917005,0.003267695641703179,1.1474553648112245
0.65,0.2,1.0,0.12,0.66,0.38,0.5,0.6373056994818653,0.5143257015010694,0.8755186721991701,0.667458432304038,0.0,0.5424710424710425,0.8672839506172839,0.13271604938271606,0.0,648,2,0,0.012644030922038682,0.10162463471846905,0.13588708060303653,0.5273626328265045,0.7214040697545379,0.7676100778917005,0.003267695641703179,1.1474553648112245
0.65,0.2,1.0,0.04,0.66,0.38,0.5,0.6373056994818653,0.5143257015010694,0.8755186721991701,0.667458432304038,0.0,0.5424710424710425,0.8672839506172839,0.13271604938271606,0.0,648,2,0,0.012644030922038682,0.10162463471846905,0.13588708060303653,0.5273626328265045,0.7214040697545379,0.7676100778917005,0.003267695641703179,1.1474553648112245
0.65,0.2,1.0,0.08,0.6,0.38,0.5,0.6373056994818653,0.5143257015010694,0.8755186721991701,0.667458432304038,0.0,0.5424710424710425,0.8672839506172839,0.13271604938271606,0.0,648,2,0,0.012842722171487755,0.10162463471846905,0.13588708060303653,0.5273626328265045,0.7214040697545379,0.7676100778917005,0.003267695641703179,1.1474553648112245
0.65,0.2,1.0,0.04,0.72,0.38,0.5,0.6373056994818653,0.5143257015010694,0.8755186721991701,0.667458432304038,0.0,0.5424710424710425,0.8672839506172839,0.13271604938271606,0.0,648,2,0,0.01252559010916192,0.10162463471846905,0.13588708060303653,0.5273626328265045,0.7214040697545379,0.7676100778917005,0.003267695641703179,1.1474553648112245
0.65,0.1,1.0,0.12,0.66,0.34,0.25,0.6373056994818653,0.5143257015010694,0.8755186721991701,0.667458432304038,0.0,0.5424710424710425,0.8672839506172839,0.13271604938271606,0.0,648,2,0,0.014590242511919625,0.10162463471846905,0.13588708060303653,0.5273626328265045,0.7214040697545379,0.7676100778917005,0.003267695641703179,1.1474553648112245
0.65,0.1,1.0,0.12,0.6,0.34,0.25,0.6373056994818653,0.5143257015010694,0.8755186721991701,0.667458432304038,0.0,0.5424710424710425,0.8672839506172839,0.13271604938271606,0.0,648,2,0,0.014850644213247539,0.10162463471846905,0.13588708060303653,0.5273626328265045,0.7214040697545379,0.7676100778917005,0.003267695641703179,1.1474553648112245
0.65,0.3,1.2,0.04,0.72,0.38,0.25,0.6373056994818653,0.5143257015010694,0.8755186721991701,0.667458432304038,0.0,0.5424710424710425,0.8672839506172839,0.13271604938271606,0.0,648,2,0,0.013508098675768854,0.10162463471846905,0.13588708060303653,0.5273626328265045,0.7214040697545379,0.7676100778917005,0.003267695641703179,1.1474553648112245
0.65,0.1,1.0,0.12,0.72,0.34,0.25,0.6373056994818653,0.5143257015010694,0.8755186721991701,0.667458432304038,0.0,0.5424710424710425,0.8672839506172839,0.13271604938271606,0.0,648,2,0,0.014418732986642249,0.10162463471846905,0.13588708060303653,0.5273626328265045,0.7214040697545379,0.7676100778917005,0.003267695641703179,1.1474553648112245
0.65,0.3,1.2,0.08,0.72,0.38,0.25,0.6373056994818653,0.5143257015010694,0.8755186721991701,0.667458432304038,0.0,0.5424710424710425,0.8672839506172839,0.13271604938271606,0.0,648,2,0,0.013508098675768854,0.10162463471846905,0.13588708060303653,0.5273626328265045,0.7214040697545379,0.7676100778917005,0.003267695641703179,1.1474553648112245
0.65,0.3,1.2,0.12,0.6,0.38,0.25,0.6373056994818653,0.5143257015010694,0.8755186721991701,0.667458432304038,0.0,0.5424710424710425,0.8672839506172839,0.13271604938271606,0.0,648,2,0,0.013746505008912668,0.10162463471846905,0.13588708060303653,0.5273626328265045,0.7214040697545379,0.7676100778917005,0.003267695641703179,1.1474553648112245
0.65,0.2,1.0,0.04,0.6,0.38,0.5,0.6373056994818653,0.5143257015010694,0.8755186721991701,0.667458432304038,0.0,0.5424710424710425,0.8672839506172839,0.13271604938271606,0.0,648,2,0,0.012842722171487755,0.10162463471846905,0.13588708060303653,0.5273626328265045,0.7214040697545379,0.7676100778917005,0.003267695641703179,1.1474553648112245
0.75,0.3,1.2,0.12,0.6,0.34,0.5,0.6392487046632125,0.515788312258027,0.8795056642636457,0.6678592725104353,0.0,0.54421768707483,0.8641975308641975,0.13580246913580246,0.0,648,2,0,0.013211481202794396,0.10162463471846905,0.13588708060303653,0.5273626328265045,0.7214040697545379,0.7676100778917005,0.003267695641703179,1.150531230354401
0.75,0.3,1.2,0.08,0.66,0.34,0.5,0.6392487046632125,0.515788312258027,0.8795056642636457,0.6678592725104353,0.0,0.54421768707483,0.8641975308641975,0.13580246913580246,0.0,648,2,0,0.013097565618046805,0.10162463471846905,0.13588708060303653,0.5273626328265045,0.7214040697545379,0.7676100778917005,0.003267695641703179,1.150531230354401
0.75,0.2,1.2,0.08,0.6,0.38,0.5,0.6392487046632125,0.515788312258027,0.8795056642636457,0.6678592725104353,0.0,0.54421768707483,0.8641975308641975,0.13580246913580246,0.0,648,2,0,0.01344149497295447,0.10162463471846905,0.13588708060303653,0.5273626328265045,0.7214040697545379,0.7676100778917005,0.003267695641703179,1.150531230354401
0.75,0.2,1.2,0.04,0.72,0.38,0.5,0.6392487046632125,0.515788312258027,0.8795056642636457,0.6678592725104353,0.0,0.54421768707483,0.8641975308641975,0.13580246913580246,0.0,648,2,0,0.01322387977914258,0.10162463471846905,0.13588708060303653,0.5273626328265045,0.7214040697545379,0.7676100778917005,0.003267695641703179,1.150531230354401
0.75,0.2,1.2,0.04,0.6,0.38,0.5,0.6392487046632125,0.515788312258027,0.8795056642636457,0.6678592725104353,0.0,0.54421768707483,0.8641975308641975,0.13580246913580246,0.0,648,2,0,0.01344149497295447,0.10162463471846905,0.13588708060303653,0.5273626328265045,0.7214040697545379,0.7676100778917005,0.003267695641703179,1.150531230354401
0.75,0.3,1.2,0.12,0.66,0.34,0.5,0.6392487046632125,0.515788312258027,0.8795056642636457,0.6678592725104353,0.0,0.54421768707483,0.8641975308641975,0.13580246913580246,0.0,648,2,0,0.013097565618046805,0.10162463471846905,0.13588708060303653,0.5273626328265045,0.7214040697545379,0.7676100778917005,0.003267695641703179,1.150531230354401
0.75,0.3,1.2,0.04,0.72,0.34,0.5,0.6392487046632125,0.515788312258027,0.8795056642636457,0.6678592725104353,0.0,0.54421768707483,0.8641975308641975,0.13580246913580246,0.0,648,2,0,0.013040562494929919,0.10162463471846905,0.13588708060303653,0.5273626328265045,0.7214040697545379,0.7676100778917005,0.003267695641703179,1.150531230354401
0.75,0.3,1.2,0.08,0.6,0.34,0.5,0.6392487046632125,0.515788312258027,0.8795056642636457,0.6678592725104353,0.0,0.54421768707483,0.8641975308641975,0.13580246913580246,0.0,648,2,0,0.013211481202794396,0.10162463471846905,0.13588708060303653,0.5273626328265045,0.7214040697545379,0.7676100778917005,0.003267695641703179,1.150531230354401
0.75,0.2,1.2,0.12,0.72,0.38,0.5,0.6392487046632125,0.515788312258027,0.8795056642636457,0.6678592725104353,0.0,0.54421768707483,0.8641975308641975,0.13580246913580246,0.0,648,2,0,0.01322387977914258,0.10162463471846905,0.13588708060303653,0.5273626328265045,0.7214040697545379,0.7676100778917005,0.003267695641703179,1.150531230354401
0.75,0.2,1.2,0.04,0.66,0.38,0.5,0.6392487046632125,0.515788312258027,0.8795056642636457,0.6678592725104353,0.0,0.54421768707483,0.8641975308641975,0.13580246913580246,0.0,648,2,0,0.013297751812762874,0.10162463471846905,0.13588708060303653,0.5273626328265045,0.7214040697545379,0.7676100778917005,0.003267695641703179,1.150531230354401
0.75,0.3,1.2,0.12,0.72,0.34,0.5,0.6392487046632125,0.515788312258027,0.8795056642636457,0.6678592725104353,0.0,0.54421768707483,0.8641975308641975,0.13580246913580246,0.0,648,2,0,0.013040562494929919,0.10162463471846905,0.13588708060303653,0.5273626328265045,0.7214040697545379,0.7676100778917005,0.003267695641703179,1.150531230354401
0.75,0.3,1.2,0.08,0.72,0.34,0.5,0.6392487046632125,0.515788312258027,0.8795056642636457,0.6678592725104353,0.0,0.54421768707483,0.8641975308641975,0.13580246913580246,0.0,648,2,0,0.013040562494929919,0.10162463471846905,0.13588708060303653,0.5273626328265045,0.7214040697545379,0.7676100778917005,0.003267695641703179,1.150531230354401
0.75,0.2,1.2,0.12,0.6,0.38,0.5,0.6392487046632125,0.515788312258027,0.8795056642636457,0.6678592725104353,0.0,0.54421768707483,0.8641975308641975,0.13580246913580246,0.0,648,2,0,0.01344149497295447,0.10162463471846905,0.13588708060303653,0.5273626328265045,0.7214040697545379,0.7676100778917005,0.003267695641703179,1.150531230354401
0.75,0.3,1.2,0.04,0.6,0.34,0.5,0.6392487046632125,0.515788312258027,0.8795056642636457,0.6678592725104353,0.0,0.54421768707483,0.8641975308641975,0.13580246913580246,0.0,648,2,0,0.013211481202794396,0.10162463471846905,0.13588708060303653,0.5273626328265045,0.7214040697545379,0.7676100778917005,0.003267695641703179,1.150531230354401
0.75,0.2,1.2,0.08,0.66,0.38,0.5,0.6392487046632125,0.515788312258027,0.8795056642636457,0.6678592725104353,0.0,0.54421768707483,0.8641975308641975,0.13580246913580246,0.0,648,2,0,0.013297751812762874,0.10162463471846905,0.13588708060303653,0.5273626328265045,0.7214040697545379,0.7676100778917005,0.003267695641703179,1.150531230354401
0.75,0.2,1.2,0.12,0.66,0.38,0.5,0.6392487046632125,0.515788312258027,0.8795056642636457,0.6678592725104353,0.0,0.54421768707483,0.8641975308641975,0.13580246913580246,0.0,648,2,0,0.013297751812762874,0.10162463471846905,0.13588708060303653,0.5273626328265045,0.7214040697545379,0.7676100778917005,0.003267695641703179,1.150531230354401
0.75,0.3,1.2,0.04,0.66,0.34,0.5,0.6392487046632125,0.515788312258027,0.8795056642636457,0.6678592725104353,0.0,0.54421768707483,0.8641975308641975,0.13580246913580246,0.0,648,2,0,0.013097565618046805,0.10162463471846905,0.13588708060303653,0.5273626328265045,0.7214040697545379,0.7676100778917005,0.003267695641703179,1.150531230354401
0.75,0.2,1.2,0.08,0.72,0.38,0.5,0.6392487046632125,0.515788312258027,0.8795056642636457,0.6678592725104353,0.0,0.54421768707483,0.8641975308641975,0.13580246913580246,0.0,648,2,0,0.01322387977914258,0.10162463471846905,0.13588708060303653,0.5273626328265045,0.7214040697545379,0.7676100778917005,0.003267695641703179,1.150531230354401
0.65,0.2,1.2,0.08,0.66,0.42,0.25,0.6373056994818653,0.5142798059098529,0.8757763975155279,0.667063020214031,0.0,0.5425531914893617,0.8657407407407407,0.13425925925925927,0.0,648,2,0,0.014005907281151543,0.10162463471846905,0.13588708060303653,0.5273626328265045,0.7214040697545379,0.7676100778917005,0.003267695641703179,1.1507420011431817
0.65,0.2,1.2,0.04,0.6,0.42,0.25,0.6373056994818653,0.5142798059098529,0.8757763975155279,0.667063020214031,0.0,0.5425531914893617,0.8657407407407407,0.13425925925925927,0.0,648,2,0,0.014212417332381481,0.10162463471846905,0.13588708060303653,0.5273626328265045,0.7214040697545379,0.7676100778917005,0.003267695641703179,1.1507420011431817
0.65,0.2,1.2,0.04,0.66,0.42,0.25,0.6373056994818653,0.5142798059098529,0.8757763975155279,0.667063020214031,0.0,0.5425531914893617,0.8657407407407407,0.13425925925925927,0.0,648,2,0,0.014005907281151543,0.10162463471846905,0.13588708060303653,0.5273626328265045,0.7214040697545379,0.7676100778917005,0.003267695641703179,1.1507420011431817
0.65,0.2,1.2,0.08,0.72,0.42,0.25,0.6373056994818653,0.5142798059098529,0.8757763975155279,0.667063020214031,0.0,0.5425531914893617,0.8657407407407407,0.13425925925925927,0.0,648,2,0,0.013883946626352391,0.10162463471846905,0.13588708060303653,0.5273626328265045,0.7214040697545379,0.7676100778917005,0.003267695641703179,1.1507420011431817
0.65,0.2,1.2,0.04,0.72,0.42,0.25,0.6373056994818653,0.5142798059098529,0.8757763975155279,0.667063020214031,0.0,0.5425531914893617,0.8657407407407407,0.13425925925925927,0.0,648,2,0,0.013883946626352391,0.10162463471846905,0.13588708060303653,0.5273626328265045,0.7214040697545379,0.7676100778917005,0.003267695641703179,1.1507420011431817
0.65,0.2,1.2,0.08,0.6,0.42,0.25,0.6373056994818653,0.5142798059098529,0.8757763975155279,0.667063020214031,0.0,0.5425531914893617,0.8657407407407407,0.13425925925925927,0.0,648,2,0,0.014212417332381481,0.10162463471846905,0.13588708060303653,0.5273626328265045,0.7214040697545379,0.7676100778917005,0.003267695641703179,1.1507420011431817
0.65,0.2,1.2,0.12,0.6,0.42,0.25,0.6373056994818653,0.5142798059098529,0.8757763975155279,0.667063020214031,0.0,0.5425531914893617,0.8657407407407407,0.13425925925925927,0.0,648,2,0,0.014212417332381481,0.10162463471846905,0.13588708060303653,0.5273626328265045,0.7214040697545379,0.7676100778917005,0.003267695641703179,1.1507420011431817
0.65,0.2,1.2,0.12,0.66,0.42,0.25,0.6373056994818653,0.5142798059098529,0.8757763975155279,0.667063020214031,0.0,0.5425531914893617,0.8657407407407407,0.13425925925925927,0.0,648,2,0,0.014005907281151543,0.10162463471846905,0.13588708060303653,0.5273626328265045,0.7214040697545379,0.7676100778917005,0.003267695641703179,1.1507420011431817
0.65,0.2,1.2,0.12,0.72,0.42,0.25,0.6373056994818653,0.5142798059098529,0.8757763975155279,0.667063020214031,0.0,0.5425531914893617,0.8657407407407407,0.13425925925925927,0.0,648,2,0,0.013883946626352391,0.10162463471846905,0.13588708060303653,0.5273626328265045,0.7214040697545379,0.7676100778917005,0.003267695641703179,1.1507420011431817
0.75,0.2,1.2,0.04,0.6,0.34,0.5,0.6379533678756477,0.5147522369553027,0.8771929824561403,0.6670637284097677,0.0,0.5431619786614937,0.8641975308641975,0.13580246913580246,0.0,648,2,0,0.013200658650374534,0.10162463471846905,0.13588708060303653,0.5273626328265045,0.7214040697545379,0.7676100778917005,0.003267695641703179,1.1528626424446902
0.75,0.1,1.2,0.08,0.6,0.34,0.5,0.6379533678756477,0.5147522369553027,0.8771929824561403,0.6670637284097677,0.0,0.5431619786614937,0.8641975308641975,0.13580246913580246,0.0,648,2,0,0.013201826704288773,0.10162463471846905,0.13588708060303653,0.5273626328265045,0.7214040697545379,0.7676100778917005,0.003267695641703179,1.1528626424446902
0.75,0.1,1.2,0.08,0.72,0.38,0.5,0.6379533678756477,0.5147522369553027,0.8771929824561403,0.6670637284097677,0.0,0.5431619786614937,0.8641975308641975,0.13580246913580246,0.0,648,2,0,0.01319674454098337,0.10162463471846905,0.13588708060303653,0.5273626328265045,0.7214040697545379,0.7676100778917005,0.003267695641703179,1.1528626424446902
0.75,0.1,1.2,0.12,0.72,0.38,0.5,0.6379533678756477,0.5147522369553027,0.8771929824561403,0.6670637284097677,0.0,0.5431619786614937,0.8641975308641975,0.13580246913580246,0.0,648,2,0,0.01319674454098337,0.10162463471846905,0.13588708060303653,0.5273626328265045,0.7214040697545379,0.7676100778917005,0.003267695641703179,1.1528626424446902
0.75,0.1,1.2,0.12,0.72,0.34,0.5,0.6379533678756477,0.5147522369553027,0.8771929824561403,0.6670637284097677,0.0,0.5431619786614937,0.8641975308641975,0.13580246913580246,0.0,648,2,0,0.01292819812817269,0.10162463471846905,0.13588708060303653,0.5273626328265045,0.7214040697545379,0.7676100778917005,0.003267695641703179,1.1528626424446902
0.75,0.1,1.2,0.08,0.72,0.34,0.5,0.6379533678756477,0.5147522369553027,0.8771929824561403,0.6670637284097677,0.0,0.5431619786614937,0.8641975308641975,0.13580246913580246,0.0,648,2,0,0.01292819812817269,0.10162463471846905,0.13588708060303653,0.5273626328265045,0.7214040697545379,0.7676100778917005,0.003267695641703179,1.1528626424446902
0.75,0.1,1.2,0.12,0.6,0.38,0.5,0.6379533678756477,0.5147522369553027,0.8771929824561403,0.6670637284097677,0.0,0.5431619786614937,0.8641975308641975,0.13580246913580246,0.0,648,2,0,0.013467295979417343,0.10162463471846905,0.13588708060303653,0.5273626328265045,0.7214040697545379,0.7676100778917005,0.003267695641703179,1.1528626424446902
0.75,0.1,1.2,0.12,0.6,0.34,0.5,0.6379533678756477,0.5147522369553027,0.8771929824561403,0.6670637284097677,0.0,0.5431619786614937,0.8641975308641975,0.13580246913580246,0.0,648,2,0,0.013201826704288773,0.10162463471846905,0.13588708060303653,0.5273626328265045,0.7214040697545379,0.7676100778917005,0.003267695641703179,1.1528626424446902
0.75,0.1,1.2,0.12,0.66,0.34,0.5,0.6379533678756477,0.5147522369553027,0.8771929824561403,0.6670637284097677,0.0,0.5431619786614937,0.8641975308641975,0.13580246913580246,0.0,648,2,0,0.013024256127209487,0.10162463471846905,0.13588708060303653,0.5273626328265045,0.7214040697545379,0.7676100778917005,0.003267695641703179,1.1528626424446902
0.75,0.2,1.2,0.12,0.72,0.34,0.5,0.6379533678756477,0.5147522369553027,0.8771929824561403,0.6670637284097677,0.0,0.5431619786614937,0.8641975308641975,0.13580246913580246,0.0,648,2,0,0.012980553930312867,0.10162463471846905,0.13588708060303653,0.5273626328265045,0.7214040697545379,0.7676100778917005,0.003267695641703179,1.1528626424446902
0.75,0.2,1.2,0.08,0.72,0.34,0.5,0.6379533678756477,0.5147522369553027,0.8771929824561403,0.6670637284097677,0.0,0.5431619786614937,0.8641975308641975,0.13580246913580246,0.0,648,2,0,0.012980553930312867,0.10162463471846905,0.13588708060303653,0.5273626328265045,0.7214040697545379,0.7676100778917005,0.003267695641703179,1.1528626424446902
0.75,0.2,1.2,0.08,0.66,0.34,0.5,0.6379533678756477,0.5147522369553027,0.8771929824561403,0.6670637284097677,0.0,0.5431619786614937,0.8641975308641975,0.13580246913580246,0.0,648,2,0,0.01305567061469123,0.10162463471846905,0.13588708060303653,0.5273626328265045,0.7214040697545379,0.7676100778917005,0.003267695641703179,1.1528626424446902
0.75,0.1,1.2,0.04,0.72,0.38,0.5,0.6379533678756477,0.5147522369553027,0.8771929824561403,0.6670637284097677,0.0,0.5431619786614937,0.8641975308641975,0.13580246913580246,0.0,648,2,0,0.01319674454098337,0.10162463471846905,0.13588708060303653,0.5273626328265045,0.7214040697545379,0.7676100778917005,0.003267695641703179,1.1528626424446902
0.75,0.1,1.2,0.08,0.66,0.38,0.5,0.6379533678756477,0.5147522369553027,0.8771929824561403,0.6670637284097677,0.0,0.5431619786614937,0.8641975308641975,0.13580246913580246,0.0,648,2,0,0.013291377107724026,0.10162463471846905,0.13588708060303653,0.5273626328265045,0.7214040697545379,0.7676100778917005,0.003267695641703179,1.1528626424446902
0.75,0.2,1.2,0.12,0.6,0.34,0.5,0.6379533678756477,0.5147522369553027,0.8771929824561403,0.6670637284097677,0.0,0.5431619786614937,0.8641975308641975,0.13580246913580246,0.0,648,2,0,0.013200658650374534,0.10162463471846905,0.13588708060303653,0.5273626328265045,0.7214040697545379,0.7676100778917005,0.003267695641703179,1.1528626424446902
0.75,0.1,1.2,0.12,0.66,0.38,0.5,0.6379533678756477,0.5147522369553027,0.8771929824561403,0.6670637284097677,0.0,0.5431619786614937,0.8641975308641975,0.13580246913580246,0.0,648,2,0,0.013291377107724026,0.10162463471846905,0.13588708060303653,0.5273626328265045,0.7214040697545379,0.7676100778917005,0.003267695641703179,1.1528626424446902
0.75,0.2,1.2,0.12,0.66,0.34,0.5,0.6379533678756477,0.5147522369553027,0.8771929824561403,0.6670637284097677,0.0,0.5431619786614937,0.8641975308641975,0.13580246913580246,0.0,648,2,0,0.01305567061469123,0.10162463471846905,0.13588708060303653,0.5273626328265045,0.7214040697545379,0.7676100778917005,0.003267695641703179,1.1528626424446902
0.75,0.1,1.2,0.08,0.66,0.34,0.5,0.6379533678756477,0.5147522369553027,0.8771929824561403,0.6670637284097677,0.0,0.5431619786614937,0.8641975308641975,0.13580246913580246,0.0,648,2,0,0.013024256127209487,0.10162463471846905,0.13588708060303653,0.5273626328265045,0.7214040697545379,0.7676100778917005,0.003267695641703179,1.1528626424446902
0.75,0.1,1.2,0.04,0.72,0.34,0.5,0.6379533678756477,0.5147522369553027,0.8771929824561403,0.6670637284097677,0.0,0.5431619786614937,0.8641975308641975,0.13580246913580246,0.0,648,2,0,0.01292819812817269,0.10162463471846905,0.13588708060303653,0.5273626328265045,0.7214040697545379,0.7676100778917005,0.003267695641703179,1.1528626424446902
0.75,0.2,1.2,0.04,0.72,0.34,0.5,0.6379533678756477,0.5147522369553027,0.8771929824561403,0.6670637284097677,0.0,0.5431619786614937,0.8641975308641975,0.13580246913580246,0.0,648,2,0,0.012980553930312867,0.10162463471846905,0.13588708060303653,0.5273626328265045,0.7214040697545379,0.7676100778917005,0.003267695641703179,1.1528626424446902
0.75,0.1,1.2,0.04,0.66,0.34,0.5,0.6379533678756477,0.5147522369553027,0.8771929824561403,0.6670637284097677,0.0,0.5431619786614937,0.8641975308641975,0.13580246913580246,0.0,648,2,0,0.013024256127209487,0.10162463471846905,0.13588708060303653,0.5273626328265045,0.7214040697545379,0.7676100778917005,0.003267695641703179,1.1528626424446902
0.75,0.2,1.2,0.04,0.66,0.34,0.5,0.6379533678756477,0.5147522369553027,0.8771929824561403,0.6670637284097677,0.0,0.5431619786614937,0.8641975308641975,0.13580246913580246,0.0,648,2,0,0.01305567061469123,0.10162463471846905,0.13588708060303653,0.5273626328265045,0.7214040697545379,0.7676100778917005,0.003267695641703179,1.1528626424446902
0.75,0.2,1.2,0.08,0.6,0.34,0.5,0.6379533678756477,0.5147522369553027,0.8771929824561403,0.6670637284097677,0.0,0.5431619786614937,0.8641975308641975,0.13580246913580246,0.0,648,2,0,0.013200658650374534,0.10162463471846905,0.13588708060303653,0.5273626328265045,0.7214040697545379,0.7676100778917005,0.003267695641703179,1.1528626424446902
0.75,0.1,1.2,0.04,0.66,0.38,0.5,0.6379533678756477,0.5147522369553027,0.8771929824561403,0.6670637284097677,0.0,0.5431619786614937,0.8641975308641975,0.13580246913580246,0.0,648,2,0,0.013291377107724026,0.10162463471846905,0.13588708060303653,0.5273626328265045,0.7214040697545379,0.7676100778917005,0.003267695641703179,1.1528626424446902
0.75,0.1,1.2,0.04,0.6,0.34,0.5,0.6379533678756477,0.5147522369553027,0.8771929824561403,0.6670637284097677,0.0,0.5431619786614937,0.8641975308641975,0.13580246913580246,0.0,648,2,0,0.013201826704288773,0.10162463471846905,0.13588708060303653,0.5273626328265045,0.7214040697545379,0.7676100778917005,0.003267695641703179,1.1528626424446902
0.75,0.1,1.2,0.04,0.6,0.38,0.5,0.6379533678756477,0.5147522369553027,0.8771929824561403,0.6670637284097677,0.0,0.5431619786614937,0.8641975308641975,0.13580246913580246,0.0,648,2,0,0.013467295979417343,0.10162463471846905,0.13588708060303653,0.5273626328265045,0.7214040697545379,0.7676100778917005,0.003267695641703179,1.1528626424446902
0.75,0.1,1.2,0.08,0.6,0.38,0.5,0.6379533678756477,0.5147522369553027,0.8771929824561403,0.6670637284097677,0.0,0.5431619786614937,0.8641975308641975,0.13580246913580246,0.0,648,2,0,0.013467295979417343,0.10162463471846905,0.13588708060303653,0.5273626328265045,0.7214040697545379,0.7676100778917005,0.003267695641703179,1.1528626424446902
0.75,0.1,1.2,0.08,0.6,0.42,0.5,0.6386010362694301,0.5152217540620264,0.8786008230452675,0.6670644391408115,0.0,0.5437743190661478,0.8626543209876543,0.13734567901234568,0.0,648,2,0,0.013727611063665957,0.10162463471846905,0.13588708060303653,0.5273626328265045,0.7214040697545379,0.7676100778917005,0.003267695641703179,1.154986197684925
0.75,0.3,1.2,0.08,0.72,0.38,0.5,0.6386010362694301,0.5152217540620264,0.8786008230452675,0.6670644391408115,0.0,0.5437743190661478,0.8626543209876543,0.13734567901234568,0.0,648,3,0,0.013256870392479336,0.10162463471846905,0.13588708060303653,0.5273626328265045,0.7214040697545379,0.7676100778917005,0.003267695641703179,1.154986197684925
0.75,0.1,1.2,0.12,0.6,0.42,0.5,0.6386010362694301,0.5152217540620264,0.8786008230452675,0.6670644391408115,0.0,0.5437743190661478,0.8626543209876543,0.13734567901234568,0.0,648,2,0,0.013727611063665957,0.10162463471846905,0.13588708060303653,0.5273626328265045,0.7214040697545379,0.7676100778917005,0.003267695641703179,1.154986197684925
0.75,0.1,1.2,0.04,0.6,0.42,0.5,0.6386010362694301,0.5152217540620264,0.8786008230452675,0.6670644391408115,0.0,0.5437743190661478,0.8626543209876543,0.13734567901234568,0.0,648,2,0,0.013727611063665957,0.10162463471846905,0.13588708060303653,0.5273626328265045,0.7214040697545379,0.7676100778917005,0.003267695641703179,1.154986197684925
0.75,0.3,1.2,0.04,0.72,0.38,0.5,0.6386010362694301,0.5152217540620264,0.8786008230452675,0.6670644391408115,0.0,0.5437743190661478,0.8626543209876543,0.13734567901234568,0.0,648,3,0,0.013256870392479336,0.10162463471846905,0.13588708060303653,0.5273626328265045,0.7214040697545379,0.7676100778917005,0.003267695641703179,1.154986197684925
0.75,0.3,1.2,0.12,0.72,0.38,0.5,0.6386010362694301,0.5152217540620264,0.8786008230452675,0.6670644391408115,0.0,0.5437743190661478,0.8626543209876543,0.13734567901234568,0.0,648,3,0,0.013256870392479336,0.10162463471846905,0.13588708060303653,0.5273626328265045,0.7214040697545379,0.7676100778917005,0.003267695641703179,1.154986197684925
0.65,0.3,1.2,0.12,0.72,0.42,0.25,0.6366580310880829,0.5137136038548319,0.8748707342295761,0.6662700773349197,0.0,0.542110358180058,0.8641975308641975,0.13580246913580246,0.0,648,2,0,0.013780238559495412,0.10162463471846905,0.13588708060303653,0.5273626328265045,0.7214040697545379,0.7676100778917005,0.003267695641703179,1.1551966123327257
0.65,0.1,1.0,0.12,0.66,0.38,0.25,0.6366580310880829,0.5137136038548319,0.8748707342295761,0.6662700773349197,0.0,0.542110358180058,0.8641975308641975,0.13580246913580246,0.0,648,2,0,0.015015567235858672,0.10162463471846905,0.13588708060303653,0.5273626328265045,0.7214040697545379,0.7676100778917005,0.003267695641703179,1.1551966123327257
0.65,0.1,1.0,0.08,0.66,0.38,0.25,0.6366580310880829,0.5137136038548319,0.8748707342295761,0.6662700773349197,0.0,0.542110358180058,0.8641975308641975,0.13580246913580246,0.0,648,2,0,0.015015567235858672,0.10162463471846905,0.13588708060303653,0.5273626328265045,0.7214040697545379,0.7676100778917005,0.003267695641703179,1.1551966123327257
0.65,0.3,1.0,0.12,0.6,0.34,0.25,0.6366580310880829,0.5137136038548319,0.8748707342295761,0.6662700773349197,0.0,0.542110358180058,0.8641975308641975,0.13580246913580246,0.0,648,2,0,0.01462946840661377,0.10162463471846905,0.13588708060303653,0.5273626328265045,0.7214040697545379,0.7676100778917005,0.003267695641703179,1.1551966123327257
0.65,0.1,1.0,0.04,0.66,0.38,0.25,0.6366580310880829,0.5137136038548319,0.8748707342295761,0.6662700773349197,0.0,0.542110358180058,0.8641975308641975,0.13580246913580246,0.0,648,2,0,0.015015567235858672,0.10162463471846905,0.13588708060303653,0.5273626328265045,0.7214040697545379,0.7676100778917005,0.003267695641703179,1.1551966123327257
0.65,0.3,1.2,0.04,0.66,0.42,0.25,0.6366580310880829,0.5137136038548319,0.8748707342295761,0.6662700773349197,0.0,0.542110358180058,0.8641975308641975,0.13580246913580246,0.0,648,2,0,0.013860431797988624,0.10162463471846905,0.13588708060303653,0.5273626328265045,0.7214040697545379,0.7676100778917005,0.003267695641703179,1.1551966123327257
0.65,0.1,1.0,0.04,0.6,0.38,0.25,0.6366580310880829,0.5137136038548319,0.8748707342295761,0.6662700773349197,0.0,0.542110358180058,0.8641975308641975,0.13580246913580246,0.0,648,2,0,0.015271116529519298,0.10162463471846905,0.13588708060303653,0.5273626328265045,0.7214040697545379,0.7676100778917005,0.003267695641703179,1.1551966123327257
0.65,0.3,1.2,0.04,0.6,0.42,0.25,0.6366580310880829,0.5137136038548319,0.8748707342295761,0.6662700773349197,0.0,0.542110358180058,0.8641975308641975,0.13580246913580246,0.0,648,2,0,0.014013676784174688,0.10162463471846905,0.13588708060303653,0.5273626328265045,0.7214040697545379,0.7676100778917005,0.003267695641703179,1.1551966123327257
0.65,0.3,1.0,0.12,0.72,0.34,0.25,0.6366580310880829,0.5137136038548319,0.8748707342295761,0.6662700773349197,0.0,0.542110358180058,0.8641975308641975,0.13580246913580246,0.0,648,2,0,0.01438035658827911,0.10162463471846905,0.13588708060303653,0.5273626328265045,0.7214040697545379,0.7676100778917005,0.003267695641703179,1.1551966123327257
0.65,0.1,1.0,0.08,0.6,0.38,0.25,0.6366580310880829,0.5137136038548319,0.8748707342295761,0.6662700773349197,0.0,0.542110358180058,0.8641975308641975,0.13580246913580246,0.0,648,2,0,0.015271116529519298,0.10162463471846905,0.13588708060303653,0.5273626328265045,0.7214040697545379,0.7676100778917005,0.003267695641703179,1.1551966123327257
0.65,0.1,1.0,0.04,0.72,0.38,0.25,0.6366580310880829,0.5137136038548319,0.8748707342295761,0.6662700773349197,0.0,0.542110358180058,0.8641975308641975,0.13580246913580246,0.0,648,2,0,0.014845779253227059,0.10162463471846905,0.13588708060303653,0.5273626328265045,0.7214040697545379,0.7676100778917005,0.003267695641703179,1.1551966123327257
0.65,0.3,1.0,0.08,0.66,0.34,0.25,0.6366580310880829,0.5137136038548319,0.8748707342295761,0.6662700773349197,0.0,0.542110358180058,0.8641975308641975,0.13580246913580246,0.0,648,2,0,0.014472044993424162,0.10162463471846905,0.13588708060303653,0.5273626328265045,0.7214040697545379,0.7676100778917005,0.003267695641703179,1.1551966123327257
0.65,0.3,1.0,0.04,0.72,0.34,0.25,0.6366580310880829,0.5137136038548319,0.8748707342295761,0.6662700773349197,0.0,0.542110358180058,0.8641975308641975,0.13580246913580246,0.0,648,2,0,0.01438035658827911,0.10162463471846905,0.13588708060303653,0.5273626328265045,0.7214040697545379,0.7676100778917005,0.003267695641703179,1.1551966123327257
0.65,0.3,1.0,0.12,0.66,0.34,0.25,0.6366580310880829,0.5137136038548319,0.8748707342295761,0.6662700773349197,0.0,0.542110358180058,0.8641975308641975,0.13580246913580246,0.0,648,2,0,0.014472044993424162,0.10162463471846905,0.13588708060303653,0.5273626328265045,0.7214040697545379,0.7676100778917005,0.003267695641703179,1.1551966123327257
0.65,0.3,1.0,0.04,0.66,0.34,0.25,0.6366580310880829,0.5137136038548319,0.8748707342295761,0.6662700773349197,0.0,0.542110358180058,0.8641975308641975,0.13580246913580246,0.0,648,2,0,0.014472044993424162,0.10162463471846905,0.13588708060303653,0.5273626328265045,0.7214040697545379,0.7676100778917005,0.003267695641703179,1.1551966123327257
0.65,0.3,1.0,0.08,0.72,0.34,0.25,0.6366580310880829,0.5137136038548319,0.8748707342295761,0.6662700773349197,0.0,0.542110358180058,0.8641975308641975,0.13580246913580246,0.0,648,2,0,0.01438035658827911,0.10162463471846905,0.13588708060303653,0.5273626328265045,0.7214040697545379,0.7676100778917005,0.003267695641703179,1.1551966123327257
0.65,0.2,1.0,0.08,0.6,0.34,0.25,0.6366580310880829,0.5137136038548319,0.8748707342295761,0.6662700773349197,0.0,0.542110358180058,0.8641975308641975,0.13580246913580246,0.0,648,2,0,0.014731336374019346,0.10162463471846905,0.13588708060303653,0.5273626328265045,0.7214040697545379,0.7676100778917005,0.003267695641703179,1.1551966123327257
0.65,0.3,1.0,0.04,0.6,0.34,0.25,0.6366580310880829,0.5137136038548319,0.8748707342295761,0.6662700773349197,0.0,0.542110358180058,0.8641975308641975,0.13580246913580246,0.0,648,2,0,0.01462946840661377,0.10162463471846905,0.13588708060303653,0.5273626328265045,0.7214040697545379,0.7676100778917005,0.003267695641703179,1.1551966123327257
0.65,0.3,1.0,0.08,0.6,0.34,0.25,0.6366580310880829,0.5137136038548319,0.8748707342295761,0.6662700773349197,0.0,0.542110358180058,0.8641975308641975,0.13580246913580246,0.0,648,2,0,0.01462946840661377,0.10162463471846905,0.13588708060303653,0.5273626328265045,0.7214040697545379,0.7676100778917005,0.003267695641703179,1.1551966123327257
0.65,0.1,1.0,0.12,0.6,0.38,0.25,0.6366580310880829,0.5137136038548319,0.8748707342295761,0.6662700773349197,0.0,0.542110358180058,0.8641975308641975,0.13580246913580246,0.0,648,2,0,0.015271116529519298,0.10162463471846905,0.13588708060303653,0.5273626328265045,0.7214040697545379,0.7676100778917005,0.003267695641703179,1.1551966123327257
0.65,0.3,1.2,0.08,0.66,0.42,0.25,0.6366580310880829,0.5137136038548319,0.8748707342295761,0.6662700773349197,0.0,0.542110358180058,0.8641975308641975,0.13580246913580246,0.0,648,2,0,0.013860431797988624,0.10162463471846905,0.13588708060303653,0.5273626328265045,0.7214040697545379,0.7676100778917005,0.003267695641703179,1.1551966123327257
0.65,0.1,1.0,0.08,0.72,0.38,0.25,0.6366580310880829,0.5137136038548319,0.8748707342295761,0.6662700773349197,0.0,0.542110358180058,0.8641975308641975,0.13580246913580246,0.0,648,2,0,0.014845779253227059,0.10162463471846905,0.13588708060303653,0.5273626328265045,0.7214040697545379,0.7676100778917005,0.003267695641703179,1.1551966123327257
0.65,0.3,1.2,0.08,0.6,0.42,0.25,0.6366580310880829,0.5137136038548319,0.8748707342295761,0.6662700773349197,0.0,0.542110358180058,0.8641975308641975,0.13580246913580246,0.0,648,2,0,0.014013676784174688,0.10162463471846905,0.13588708060303653,0.5273626328265045,0.7214040697545379,0.7676100778917005,0.003267695641703179,1.1551966123327257
0.65,0.3,1.2,0.04,0.72,0.42,0.25,0.6366580310880829,0.5137136038548319,0.8748707342295761,0.6662700773349197,0.0,0.542110358180058,0.8641975308641975,0.13580246913580246,0.0,648,2,0,0.013780238559495412,0.10162463471846905,0.13588708060303653,0.5273626328265045,0.7214040697545379,0.7676100778917005,0.003267695641703179,1.1551966123327257
0.65,0.2,1.0,0.12,0.6,0.34,0.25,0.6366580310880829,0.5137136038548319,0.8748707342295761,0.6662700773349197,0.0,0.542110358180058,0.8641975308641975,0.13580246913580246,0.0,648,2,0,0.014731336374019346,0.10162463471846905,0.13588708060303653,0.5273626328265045,0.7214040697545379,0.7676100778917005,0.003267695641703179,1.1551966123327257
0.65,0.2,1.0,0.12,0.72,0.34,0.25,0.6366580310880829,0.5137136038548319,0.8748707342295761,0.6662700773349197,0.0,0.542110358180058,0.8641975308641975,0.13580246913580246,0.0,648,2,0,0.014395455212215972,0.10162463471846905,0.13588708060303653,0.5273626328265045,0.7214040697545379,0.7676100778917005,0.003267695641703179,1.1551966123327257
0.65,0.2,1.0,0.12,0.66,0.34,0.25,0.6366580310880829,0.5137136038548319,0.8748707342295761,0.6662700773349197,0.0,0.542110358180058,0.8641975308641975,0.13580246913580246,0.0,648,2,0,0.014526022046121122,0.10162463471846905,0.13588708060303653,0.5273626328265045,0.7214040697545379,0.7676100778917005,0.003267695641703179,1.1551966123327257
0.65,0.2,1.0,0.08,0.66,0.34,0.25,0.6366580310880829,0.5137136038548319,0.8748707342295761,0.6662700773349197,0.0,0.542110358180058,0.8641975308641975,0.13580246913580246,0.0,648,2,0,0.014526022046121122,0.10162463471846905,0.13588708060303653,0.5273626328265045,0.7214040697545379,0.7676100778917005,0.003267695641703179,1.1551966123327257
0.65,0.2,1.0,0.08,0.72,0.34,0.25,0.6366580310880829,0.5137136038548319,0.8748707342295761,0.6662700773349197,0.0,0.542110358180058,0.8641975308641975,0.13580246913580246,0.0,648,2,0,0.014395455212215972,0.10162463471846905,0.13588708060303653,0.5273626328265045,0.7214040697545379,0.7676100778917005,0.003267695641703179,1.1551966123327257
0.65,0.2,1.0,0.04,0.6,0.34,0.25,0.6366580310880829,0.5137136038548319,0.8748707342295761,0.6662700773349197,0.0,0.542110358180058,0.8641975308641975,0.13580246913580246,0.0,648,2,0,0.014731336374019346,0.10162463471846905,0.13588708060303653,0.5273626328265045,0.7214040697545379,0.7676100778917005,0.003267695641703179,1.1551966123327257
0.65,0.2,1.0,0.04,0.66,0.34,0.25,0.6366580310880829,0.5137136038548319,0.8748707342295761,0.6662700773349197,0.0,0.542110358180058,0.8641975308641975,0.13580246913580246,0.0,648,2,0,0.014526022046121122,0.10162463471846905,0.13588708060303653,0.5273626328265045,0.7214040697545379,0.7676100778917005,0.003267695641703179,1.1551966123327257
0.65,0.2,1.0,0.04,0.72,0.34,0.25,0.6366580310880829,0.5137136038548319,0.8748707342295761,0.6662700773349197,0.0,0.542110358180058,0.8641975308641975,0.13580246913580246,0.0,648,2,0,0.014395455212215972,0.10162463471846905,0.13588708060303653,0.5273626328265045,0.7214040697545379,0.7676100778917005,0.003267695641703179,1.1551966123327257
0.65,0.1,1.0,0.12,0.72,0.38,0.25,0.6366580310880829,0.5137136038548319,0.8748707342295761,0.6662700773349197,0.0,0.542110358180058,0.8641975308641975,0.13580246913580246,0.0,648,2,0,0.014845779253227059,0.10162463471846905,0.13588708060303653,0.5273626328265045,0.7214040697545379,0.7676100778917005,0.003267695641703179,1.1551966123327257
0.65,0.3,1.2,0.12,0.66,0.42,0.25,0.6366580310880829,0.5137136038548319,0.8748707342295761,0.6662700773349197,0.0,0.542110358180058,0.8641975308641975,0.13580246913580246,0.0,648,2,0,0.013860431797988624,0.10162463471846905,0.13588708060303653,0.5273626328265045,0.7214040697545379,0.7676100778917005,0.003267695641703179,1.1551966123327257
0.65,0.3,1.2,0.12,0.6,0.42,0.25,0.6366580310880829,0.5137136038548319,0.8748707342295761,0.6662700773349197,0.0,0.542110358180058,0.8641975308641975,0.13580246913580246,0.0,648,2,0,0.014013676784174688,0.10162463471846905,0.13588708060303653,0.5273626328265045,0.7214040697545379,0.7676100778917005,0.003267695641703179,1.1551966123327257
0.65,0.3,1.2,0.08,0.72,0.42,0.25,0.6366580310880829,0.5137136038548319,0.8748707342295761,0.6662700773349197,0.0,0.542110358180058,0.8641975308641975,0.13580246913580246,0.0,648,2,0,0.013780238559495412,0.10162463471846905,0.13588708060303653,0.5273626328265045,0.7214040697545379,0.7676100778917005,0.003267695641703179,1.1551966123327257
0.75,0.1,1.2,0.04,0.72,0.42,0.5,0.6379533678756477,0.5147041995651677,0.8774459320288363,0.6666666666666666,0.0,0.543245869776482,0.8626543209876543,0.13734567901234568,0.0,648,2,0,0.013462035633027706,0.10162463471846905,0.13588708060303653,0.5273626328265045,0.7214040697545379,0.7676100778917005,0.003267695641703179,1.156151420575566
0.75,0.1,1.2,0.12,0.72,0.42,0.5,0.6379533678756477,0.5147041995651677,0.8774459320288363,0.6666666666666666,0.0,0.543245869776482,0.8626543209876543,0.13734567901234568,0.0,648,2,0,0.013462035633027706,0.10162463471846905,0.13588708060303653,0.5273626328265045,0.7214040697545379,0.7676100778917005,0.003267695641703179,1.156151420575566
0.75,0.1,1.2,0.08,0.66,0.42,0.5,0.6379533678756477,0.5147041995651677,0.8774459320288363,0.6666666666666666,0.0,0.543245869776482,0.8626543209876543,0.13734567901234568,0.0,648,2,0,0.013553997893332448,0.10162463471846905,0.13588708060303653,0.5273626328265045,0.7214040697545379,0.7676100778917005,0.003267695641703179,1.156151420575566
0.75,0.1,1.2,0.04,0.66,0.42,0.5,0.6379533678756477,0.5147041995651677,0.8774459320288363,0.6666666666666666,0.0,0.543245869776482,0.8626543209876543,0.13734567901234568,0.0,648,2,0,0.013553997893332448,0.10162463471846905,0.13588708060303653,0.5273626328265045,0.7214040697545379,0.7676100778917005,0.003267695641703179,1.156151420575566
0.75,0.1,1.2,0.08,0.72,0.42,0.5,0.6379533678756477,0.5147041995651677,0.8774459320288363,0.6666666666666666,0.0,0.543245869776482,0.8626543209876543,0.13734567901234568,0.0,648,2,0,0.013462035633027706,0.10162463471846905,0.13588708060303653,0.5273626328265045,0.7214040697545379,0.7676100778917005,0.003267695641703179,1.156151420575566
0.75,0.1,1.2,0.12,0.66,0.42,0.5,0.6379533678756477,0.5147041995651677,0.8774459320288363,0.6666666666666666,0.0,0.543245869776482,0.8626543209876543,0.13734567901234568,0.0,648,2,0,0.013553997893332448,0.10162463471846905,0.13588708060303653,0.5273626328265045,0.7214040697545379,0.7676100778917005,0.003267695641703179,1.156151420575566
0.65,0.3,1.0,0.12,0.6,0.38,0.25,0.6366580310880829,0.5136671807161576,0.8751289989680082,0.6658725431804645,0.0,0.542192046556741,0.8626543209876543,0.13734567901234568,0.0,648,2,0,0.014953994410565798,0.10162463471846905,0.13588708060303653,0.5273626328265045,0.7214040697545379,0.7676100778917005,0.003267695641703179,1.158483776212141
0.65,0.3,1.0,0.12,0.66,0.38,0.25,0.6366580310880829,0.5136671807161576,0.8751289989680082,0.6658725431804645,0.0,0.542192046556741,0.8626543209876543,0.13734567901234568,0.0,648,2,0,0.014798279742036,0.10162463471846905,0.13588708060303653,0.5273626328265045,0.7214040697545379,0.7676100778917005,0.003267695641703179,1.158483776212141
0.65,0.2,1.0,0.04,0.72,0.42,0.25,0.6366580310880829,0.5136671807161576,0.8751289989680082,0.6658725431804645,0.0,0.542192046556741,0.8626543209876543,0.13734567901234568,0.0,648,2,0,0.015082401341166953,0.10162463471846905,0.13588708060303653,0.5273626328265045,0.7214040697545379,0.7676100778917005,0.003267695641703179,1.158483776212141
0.65,0.2,1.0,0.12,0.66,0.42,0.25,0.6366580310880829,0.5136671807161576,0.8751289989680082,0.6658725431804645,0.0,0.542192046556741,0.8626543209876543,0.13734567901234568,0.0,648,2,0,0.015207704378500511,0.10162463471846905,0.13588708060303653,0.5273626328265045,0.7214040697545379,0.7676100778917005,0.003267695641703179,1.158483776212141
0.65,0.2,1.0,0.04,0.6,0.42,0.25,0.6366580310880829,0.5136671807161576,0.8751289989680082,0.6658725431804645,0.0,0.542192046556741,0.8626543209876543,0.13734567901234568,0.0,648,2,0,0.015406763796736809,0.10162463471846905,0.13588708060303653,0.5273626328265045,0.7214040697545379,0.7676100778917005,0.003267695641703179,1.158483776212141
0.65,0.2,1.0,0.04,0.66,0.42,0.25,0.6366580310880829,0.5136671807161576,0.8751289989680082,0.6658725431804645,0.0,0.542192046556741,0.8626543209876543,0.13734567901234568,0.0,648,2,0,0.015207704378500511,0.10162463471846905,0.13588708060303653,0.5273626328265045,0.7214040697545379,0.7676100778917005,0.003267695641703179,1.158483776212141
0.65,0.2,1.0,0.08,0.66,0.42,0.25,0.6366580310880829,0.5136671807161576,0.8751289989680082,0.6658725431804645,0.0,0.542192046556741,0.8626543209876543,0.13734567901234568,0.0,648,2,0,0.015207704378500511,0.10162463471846905,0.13588708060303653,0.5273626328265045,0.7214040697545379,0.7676100778917005,0.003267695641703179,1.158483776212141
0.65,0.2,1.0,0.08,0.6,0.42,0.25,0.6366580310880829,0.5136671807161576,0.8751289989680082,0.6658725431804645,0.0,0.542192046556741,0.8626543209876543,0.13734567901234568,0.0,648,2,0,0.015406763796736809,0.10162463471846905,0.13588708060303653,0.5273626328265045,0.7214040697545379,0.7676100778917005,0.003267695641703179,1.158483776212141
0.65,0.3,1.0,0.04,0.66,0.38,0.25,0.6366580310880829,0.5136671807161576,0.8751289989680082,0.6658725431804645,0.0,0.542192046556741,0.8626543209876543,0.13734567901234568,0.0,648,2,0,0.014798279742036,0.10162463471846905,0.13588708060303653,0.5273626328265045,0.7214040697545379,0.7676100778917005,0.003267695641703179,1.158483776212141
0.65,0.3,1.0,0.04,0.72,0.38,0.25,0.6366580310880829,0.5136671807161576,0.8751289989680082,0.6658725431804645,0.0,0.542192046556741,0.8626543209876543,0.13734567901234568,0.0,648,2,0,0.014708107628668584,0.10162463471846905,0.13588708060303653,0.5273626328265045,0.7214040697545379,0.7676100778917005,0.003267695641703179,1.158483776212141
0.65,0.3,1.0,0.04,0.6,0.38,0.25,0.6366580310880829,0.5136671807161576,0.8751289989680082,0.6658725431804645,0.0,0.542192046556741,0.8626543209876543,0.13734567901234568,0.0,648,2,0,0.014953994410565798,0.10162463471846905,0.13588708060303653,0.5273626328265045,0.7214040697545379,0.7676100778917005,0.003267695641703179,1.158483776212141
0.65,0.2,1.0,0.12,0.72,0.42,0.25,0.6366580310880829,0.5136671807161576,0.8751289989680082,0.6658725431804645,0.0,0.542192046556741,0.8626543209876543,0.13734567901234568,0.0,648,2,0,0.015082401341166953,0.10162463471846905,0.13588708060303653,0.5273626328265045,0.7214040697545379,0.7676100778917005,0.003267695641703179,1.158483776212141
0.65,0.3,1.0,0.08,0.72,0.38,0.25,0.6366580310880829,0.5136671807161576,0.8751289989680082,0.6658725431804645,0.0,0.542192046556741,0.8626543209876543,0.13734567901234568,0.0,648,2,0,0.014708107628668584,0.10162463471846905,0.13588708060303653,0.5273626328265045,0.7214040697545379,0.7676100778917005,0.003267695641703179,1.158483776212141
0.65,0.3,1.0,0.08,0.66,0.38,0.25,0.6366580310880829,0.5136671807161576,0.8751289989680082,0.6658725431804645,0.0,0.542192046556741,0.8626543209876543,0.13734567901234568,0.0,648,2,0,0.014798279742036,0.10162463471846905,0.13588708060303653,0.5273626328265045,0.7214040697545379,0.7676100778917005,0.003267695641703179,1.158483776212141
0.65,0.1,1.0,0.12,0.66,0.42,0.25,0.6366580310880829,0.5136671807161576,0.8751289989680082,0.6658725431804645,0.0,0.542192046556741,0.8626543209876543,0.13734567901234568,0.0,648,2,0,0.015358024732932709,0.10162463471846905,0.13588708060303653,0.5273626328265045,0.7214040697545379,0.7676100778917005,0.003267695641703179,1.158483776212141
0.65,0.1,1.0,0.12,0.72,0.42,0.25,0.6366580310880829,0.5136671807161576,0.8751289989680082,0.6658725431804645,0.0,0.542192046556741,0.8626543209876543,0.13734567901234568,0.0,648,2,0,0.01519124559215347,0.10162463471846905,0.13588708060303653,0.5273626328265045,0.7214040697545379,0.7676100778917005,0.003267695641703179,1.158483776212141
0.65,0.2,1.0,0.08,0.72,0.42,0.25,0.6366580310880829,0.5136671807161576,0.8751289989680082,0.6658725431804645,0.0,0.542192046556741,0.8626543209876543,0.13734567901234568,0.0,648,2,0,0.015082401341166953,0.10162463471846905,0.13588708060303653,0.5273626328265045,0.7214040697545379,0.7676100778917005,0.003267695641703179,1.158483776212141
0.65,0.2,1.0,0.12,0.6,0.42,0.25,0.6366580310880829,0.5136671807161576,0.8751289989680082,0.6658725431804645,0.0,0.542192046556741,0.8626543209876543,0.13734567901234568,0.0,648,2,0,0.015406763796736809,0.10162463471846905,0.13588708060303653,0.5273626328265045,0.7214040697545379,0.7676100778917005,0.003267695641703179,1.158483776212141
0.65,0.3,1.0,0.08,0.6,0.38,0.25,0.6366580310880829,0.5136671807161576,0.8751289989680082,0.6658725431804645,0.0,0.542192046556741,0.8626543209876543,0.13734567901234568,0.0,648,2,0,0.014953994410565798,0.10162463471846905,0.13588708060303653,0.5273626328265045,0.7214040697545379,0.7676100778917005,0.003267695641703179,1.158483776212141
0.65,0.3,1.0,0.12,0.72,0.38,0.25,0.6366580310880829,0.5136671807161576,0.8751289989680082,0.6658725431804645,0.0,0.542192046556741,0.8626543209876543,0.13734567901234568,0.0,648,2,0,0.014708107628668584,0.10162463471846905,0.13588708060303653,0.5273626328265045,0.7214040697545379,0.7676100778917005,0.003267695641703179,1.158483776212141
0.65,0.1,1.0,0.04,0.72,0.42,0.25,0.6366580310880829,0.5136671807161576,0.8751289989680082,0.6658725431804645,0.0,0.542192046556741,0.8626543209876543,0.13734567901234568,0.0,648,2,0,0.01519124559215347,0.10162463471846905,0.13588708060303653,0.5273626328265045,0.7214040697545379,0.7676100778917005,0.003267695641703179,1.158483776212141
0.65,0.1,1.0,0.12,0.6,0.42,0.25,0.6366580310880829,0.5136671807161576,0.8751289989680082,0.6658725431804645,0.0,0.542192046556741,0.8626543209876543,0.13734567901234568,0.0,648,2,0,0.015607356318287281,0.10162463471846905,0.13588708060303653,0.5273626328265045,0.7214040697545379,0.7676100778917005,0.003267695641703179,1.158483776212141
0.65,0.1,1.0,0.08,0.72,0.42,0.25,0.6366580310880829,0.5136671807161576,0.8751289989680082,0.6658725431804645,0.0,0.542192046556741,0.8626543209876543,0.13734567901234568,0.0,648,2,0,0.01519124559215347,0.10162463471846905,0.13588708060303653,0.5273626328265045,0.7214040697545379,0.7676100778917005,0.003267695641703179,1.158483776212141
0.65,0.1,1.0,0.08,0.66,0.42,0.25,0.6366580310880829,0.5136671807161576,0.8751289989680082,0.6658725431804645,0.0,0.542192046556741,0.8626543209876543,0.13734567901234568,0.0,648,2,0,0.015358024732932709,0.10162463471846905,0.13588708060303653,0.5273626328265045,0.7214040697545379,0.7676100778917005,0.003267695641703179,1.158483776212141
0.65,0.1,1.0,0.04,0.6,0.42,0.25,0.6366580310880829,0.5136671807161576,0.8751289989680082,0.6658725431804645,0.0,0.542192046556741,0.8626543209876543,0.13734567901234568,0.0,648,2,0,0.015607356318287281,0.10162463471846905,0.13588708060303653,0.5273626328265045,0.7214040697545379,0.7676100778917005,0.003267695641703179,1.158483776212141
0.65,0.1,1.0,0.04,0.66,0.42,0.25,0.6366580310880829,0.5136671807161576,0.8751289989680082,0.6658725431804645,0.0,0.542192046556741,0.8626543209876543,0.13734567901234568,0.0,648,2,0,0.015358024732932709,0.10162463471846905,0.13588708060303653,0.5273626328265045,0.7214040697545379,0.7676100778917005,0.003267695641703179,1.158483776212141
0.65,0.1,1.0,0.08,0.6,0.42,0.25,0.6366580310880829,0.5136671807161576,0.8751289989680082,0.6658725431804645,0.0,0.542192046556741,0.8626543209876543,0.13734567901234568,0.0,648,2,0,0.015607356318287281,0.10162463471846905,0.13588708060303653,0.5273626328265045,0.7214040697545379,0.7676100778917005,0.003267695641703179,1.158483776212141
0.75,0.2,1.2,0.12,0.66,0.42,0.5,0.6379533678756477,0.5146554994810122,0.8776978417266187,0.6662686567164179,0.0,0.5433300876338851,0.8611111111111112,0.1388888888888889,0.0,648,3,0,0.013536879560326044,0.10162463471846905,0.13588708060303653,0.5273626328265045,0.7214040697545379,0.7676100778917005,0.003267695641703179,1.1594408614004623
0.75,0.3,1.2,0.08,0.66,0.38,0.5,0.6379533678756477,0.5146554994810122,0.8776978417266187,0.6662686567164179,0.0,0.5433300876338851,0.8611111111111112,0.1388888888888889,0.0,648,3,0,0.013313099011635658,0.10162463471846905,0.13588708060303653,0.5273626328265045,0.7214040697545379,0.7676100778917005,0.003267695641703179,1.1594408614004623
0.75,0.3,1.2,0.04,0.6,0.38,0.5,0.6379533678756477,0.5146554994810122,0.8776978417266187,0.6662686567164179,0.0,0.5433300876338851,0.8611111111111112,0.1388888888888889,0.0,648,3,0,0.013425848598041894,0.10162463471846905,0.13588708060303653,0.5273626328265045,0.7214040697545379,0.7676100778917005,0.003267695641703179,1.1594408614004623
0.75,0.2,1.2,0.04,0.72,0.42,0.5,0.6379533678756477,0.5146554994810122,0.8776978417266187,0.6662686567164179,0.0,0.5433300876338851,0.8611111111111112,0.1388888888888889,0.0,648,3,0,0.013465186782207888,0.10162463471846905,0.13588708060303653,0.5273626328265045,0.7214040697545379,0.7676100778917005,0.003267695641703179,1.1594408614004623
0.75,0.3,1.2,0.12,0.6,0.38,0.5,0.6379533678756477,0.5146554994810122,0.8776978417266187,0.6662686567164179,0.0,0.5433300876338851,0.8611111111111112,0.1388888888888889,0.0,648,3,0,0.013425848598041894,0.10162463471846905,0.13588708060303653,0.5273626328265045,0.7214040697545379,0.7676100778917005,0.003267695641703179,1.1594408614004623
0.75,0.2,1.2,0.04,0.6,0.42,0.5,0.6379533678756477,0.5146554994810122,0.8776978417266187,0.6662686567164179,0.0,0.5433300876338851,0.8611111111111112,0.1388888888888889,0.0,648,3,0,0.013678528466686508,0.10162463471846905,0.13588708060303653,0.5273626328265045,0.7214040697545379,0.7676100778917005,0.003267695641703179,1.1594408614004623
0.75,0.2,1.2,0.08,0.72,0.42,0.5,0.6379533678756477,0.5146554994810122,0.8776978417266187,0.6662686567164179,0.0,0.5433300876338851,0.8611111111111112,0.1388888888888889,0.0,648,3,0,0.013465186782207888,0.10162463471846905,0.13588708060303653,0.5273626328265045,0.7214040697545379,0.7676100778917005,0.003267695641703179,1.1594408614004623
0.75,0.2,1.2,0.08,0.66,0.42,0.5,0.6379533678756477,0.5146554994810122,0.8776978417266187,0.6662686567164179,0.0,0.5433300876338851,0.8611111111111112,0.1388888888888889,0.0,648,3,0,0.013536879560326044,0.10162463471846905,0.13588708060303653,0.5273626328265045,0.7214040697545379,0.7676100778917005,0.003267695641703179,1.1594408614004623
0.75,0.2,1.2,0.08,0.6,0.42,0.5,0.6379533678756477,0.5146554994810122,0.8776978417266187,0.6662686567164179,0.0,0.5433300876338851,0.8611111111111112,0.1388888888888889,0.0,648,3,0,0.013678528466686508,0.10162463471846905,0.13588708060303653,0.5273626328265045,0.7214040697545379,0.7676100778917005,0.003267695641703179,1.1594408614004623
0.75,0.2,1.2,0.12,0.6,0.42,0.5,0.6379533678756477,0.5146554994810122,0.8776978417266187,0.6662686567164179,0.0,0.5433300876338851,0.8611111111111112,0.1388888888888889,0.0,648,3,0,0.013678528466686508,0.10162463471846905,0.13588708060303653,0.5273626328265045,0.7214040697545379,0.7676100778917005,0.003267695641703179,1.1594408614004623
0.75,0.2,1.2,0.12,0.72,0.42,0.5,0.6379533678756477,0.5146554994810122,0.8776978417266187,0.6662686567164179,0.0,0.5433300876338851,0.8611111111111112,0.1388888888888889,0.0,648,3,0,0.013465186782207888,0.10162463471846905,0.13588708060303653,0.5273626328265045,0.7214040697545379,0.7676100778917005,0.003267695641703179,1.1594408614004623
0.75,0.3,1.2,0.12,0.66,0.38,0.5,0.6379533678756477,0.5146554994810122,0.8776978417266187,0.6662686567164179,0.0,0.5433300876338851,0.8611111111111112,0.1388888888888889,0.0,648,3,0,0.013313099011635658,0.10162463471846905,0.13588708060303653,0.5273626328265045,0.7214040697545379,0.7676100778917005,0.003267695641703179,1.1594408614004623
0.75,0.2,1.2,0.04,0.66,0.42,0.5,0.6379533678756477,0.5146554994810122,0.8776978417266187,0.6662686567164179,0.0,0.5433300876338851,0.8611111111111112,0.1388888888888889,0.0,648,3,0,0.013536879560326044,0.10162463471846905,0.13588708060303653,0.5273626328265045,0.7214040697545379,0.7676100778917005,0.003267695641703179,1.1594408614004623
0.75,0.3,1.2,0.08,0.6,0.38,0.5,0.6379533678756477,0.5146554994810122,0.8776978417266187,0.6662686567164179,0.0,0.5433300876338851,0.8611111111111112,0.1388888888888889,0.0,648,3,0,0.013425848598041894,0.10162463471846905,0.13588708060303653,0.5273626328265045,0.7214040697545379,0.7676100778917005,0.003267695641703179,1.1594408614004623
0.75,0.3,1.2,0.04,0.66,0.38,0.5,0.6379533678756477,0.5146554994810122,0.8776978417266187,0.6662686567164179,0.0,0.5433300876338851,0.8611111111111112,0.1388888888888889,0.0,648,3,0,0.013313099011635658,0.10162463471846905,0.13588708060303653,0.5273626328265045,0.7214040697545379,0.7676100778917005,0.003267695641703179,1.1594408614004623
0.65,0.2,1.0,0.04,0.72,0.38,0.25,0.6360103626943006,0.5131477108749837,0.8739669421487604,0.6654761904761904,0.0,0.5416666666666666,0.8626543209876543,0.13734567901234568,0.0,648,2,0,0.014772333216294658,0.10162463471846905,0.13588708060303653,0.5273626328265045,0.7214040697545379,0.7676100778917005,0.003267695641703179,1.1596509144470972
0.65,0.2,1.0,0.04,0.66,0.38,0.25,0.6360103626943006,0.5131477108749837,0.8739669421487604,0.6654761904761904,0.0,0.5416666666666666,0.8626543209876543,0.13734567901234568,0.0,648,2,0,0.014900962445839355,0.10162463471846905,0.13588708060303653,0.5273626328265045,0.7214040697545379,0.7676100778917005,0.003267695641703179,1.1596509144470972
0.65,0.2,1.0,0.08,0.72,0.38,0.25,0.6360103626943006,0.5131477108749837,0.8739669421487604,0.6654761904761904,0.0,0.5416666666666666,0.8626543209876543,0.13734567901234568,0.0,648,2,0,0.014772333216294658,0.10162463471846905,0.13588708060303653,0.5273626328265045,0.7214040697545379,0.7676100778917005,0.003267695641703179,1.1596509144470972
0.65,0.2,1.0,0.12,0.66,0.38,0.25,0.6360103626943006,0.5131477108749837,0.8739669421487604,0.6654761904761904,0.0,0.5416666666666666,0.8626543209876543,0.13734567901234568,0.0,648,2,0,0.014900962445839355,0.10162463471846905,0.13588708060303653,0.5273626328265045,0.7214040697545379,0.7676100778917005,0.003267695641703179,1.1596509144470972
0.65,0.2,1.0,0.08,0.66,0.38,0.25,0.6360103626943006,0.5131477108749837,0.8739669421487604,0.6654761904761904,0.0,0.5416666666666666,0.8626543209876543,0.13734567901234568,0.0,648,2,0,0.014900962445839355,0.10162463471846905,0.13588708060303653,0.5273626328265045,0.7214040697545379,0.7676100778917005,0.003267695641703179,1.1596509144470972
0.65,0.2,1.0,0.12,0.72,0.38,0.25,0.6360103626943006,0.5131477108749837,0.8739669421487604,0.6654761904761904,0.0,0.5416666666666666,0.8626543209876543,0.13734567901234568,0.0,648,2,0,0.014772333216294658,0.10162463471846905,0.13588708060303653,0.5273626328265045,0.7214040697545379,0.7676100778917005,0.003267695641703179,1.1596509144470972
0.65,0.2,1.0,0.04,0.6,0.38,0.25,0.6360103626943006,0.5131477108749837,0.8739669421487604,0.6654761904761904,0.0,0.5416666666666666,0.8626543209876543,0.13734567901234568,0.0,648,2,0,0.01510354662733844,0.10162463471846905,0.13588708060303653,0.5273626328265045,0.7214040697545379,0.7676100778917005,0.003267695641703179,1.1596509144470972
0.65,0.2,1.0,0.12,0.6,0.38,0.25,0.6360103626943006,0.5131477108749837,0.8739669421487604,0.6654761904761904,0.0,0.5416666666666666,0.8626543209876543,0.13734567901234568,0.0,648,2,0,0.01510354662733844,0.10162463471846905,0.13588708060303653,0.5273626328265045,0.7214040697545379,0.7676100778917005,0.003267695641703179,1.1596509144470972
0.65,0.2,1.0,0.08,0.6,0.38,0.25,0.6360103626943006,0.5131477108749837,0.8739669421487604,0.6654761904761904,0.0,0.5416666666666666,0.8626543209876543,0.13734567901234568,0.0,648,2,0,0.01510354662733844,0.10162463471846905,0.13588708060303653,0.5273626328265045,0.7214040697545379,0.7676100778917005,0.003267695641703179,1.1596509144470972
0.75,0.1,1.0,0.12,0.72,0.38,0.5,0.6373056994818653,0.5140895460384983,0.8767967145790554,0.6654719235364397,0.0,0.5428849902534113,0.8595679012345679,0.1404320987654321,0.0,648,3,0,0.01453877799276423,0.10162463471846905,0.13588708060303653,0.5273626328265045,0.7214040697545379,0.7676100778917005,0.003267695641703179,1.1638952239774991
0.75,0.1,1.0,0.12,0.6,0.38,0.5,0.6373056994818653,0.5140895460384983,0.8767967145790554,0.6654719235364397,0.0,0.5428849902534113,0.8595679012345679,0.1404320987654321,0.0,648,3,0,0.014808225582510064,0.10162463471846905,0.13588708060303653,0.5273626328265045,0.7214040697545379,0.7676100778917005,0.003267695641703179,1.1638952239774991
0.75,0.1,1.0,0.12,0.72,0.34,0.5,0.6373056994818653,0.5140895460384983,0.8767967145790554,0.6654719235364397,0.0,0.5428849902534113,0.8595679012345679,0.1404320987654321,0.0,648,3,0,0.014248371273333088,0.10162463471846905,0.13588708060303653,0.5273626328265045,0.7214040697545379,0.7676100778917005,0.003267695641703179,1.1638952239774991
0.75,0.1,1.0,0.12,0.66,0.38,0.5,0.6373056994818653,0.5140895460384983,0.8767967145790554,0.6654719235364397,0.0,0.5428849902534113,0.8595679012345679,0.1404320987654321,0.0,648,3,0,0.014636515018449486,0.10162463471846905,0.13588708060303653,0.5273626328265045,0.7214040697545379,0.7676100778917005,0.003267695641703179,1.1638952239774991
0.75,0.1,1.0,0.12,0.66,0.34,0.5,0.6373056994818653,0.5140895460384983,0.8767967145790554,0.6654719235364397,0.0,0.5428849902534113,0.8595679012345679,0.1404320987654321,0.0,648,3,0,0.014347338847553775,0.10162463471846905,0.13588708060303653,0.5273626328265045,0.7214040697545379,0.7676100778917005,0.003267695641703179,1.1638952239774991
0.75,0.1,1.0,0.04,0.66,0.34,0.5,0.6373056994818653,0.5140895460384983,0.8767967145790554,0.6654719235364397,0.0,0.5428849902534113,0.8595679012345679,0.1404320987654321,0.0,648,3,0,0.014347338847553775,0.10162463471846905,0.13588708060303653,0.5273626328265045,0.7214040697545379,0.7676100778917005,0.003267695641703179,1.1638952239774991
0.75,0.1,1.0,0.08,0.6,0.38,0.5,0.6373056994818653,0.5140895460384983,0.8767967145790554,0.6654719235364397,0.0,0.5428849902534113,0.8595679012345679,0.1404320987654321,0.0,648,3,0,0.014808225582510064,0.10162463471846905,0.13588708060303653,0.5273626328265045,0.7214040697545379,0.7676100778917005,0.003267695641703179,1.1638952239774991
0.75,0.3,1.2,0.04,0.72,0.42,0.5,0.6373056994818653,0.5140895460384983,0.8767967145790554,0.6654719235364397,0.0,0.5428849902534113,0.8595679012345679,0.1404320987654321,0.0,648,3,0,0.013472187039540905,0.10162463471846905,0.13588708060303653,0.5273626328265045,0.7214040697545379,0.7676100778917005,0.003267695641703179,1.1638952239774991
0.75,0.1,1.0,0.08,0.6,0.34,0.5,0.6373056994818653,0.5140895460384983,0.8767967145790554,0.6654719235364397,0.0,0.5428849902534113,0.8595679012345679,0.1404320987654321,0.0,648,3,0,0.014520088575614947,0.10162463471846905,0.13588708060303653,0.5273626328265045,0.7214040697545379,0.7676100778917005,0.003267695641703179,1.1638952239774991
0.75,0.3,1.2,0.12,0.72,0.42,0.5,0.6373056994818653,0.5140895460384983,0.8767967145790554,0.6654719235364397,0.0,0.5428849902534113,0.8595679012345679,0.1404320987654321,0.0,648,3,0,0.013472187039540905,0.10162463471846905,0.13588708060303653,0.5273626328265045,0.7214040697545379,0.7676100778917005,0.003267695641703179,1.1638952239774991
0.75,0.1,1.0,0.04,0.72,0.38,0.5,0.6373056994818653,0.5140895460384983,0.8767967145790554,0.6654719235364397,0.0,0.5428849902534113,0.8595679012345679,0.1404320987654321,0.0,648,3,0,0.01453877799276423,0.10162463471846905,0.13588708060303653,0.5273626328265045,0.7214040697545379,0.7676100778917005,0.003267695641703179,1.1638952239774991
0.75,0.2,1.0,0.12,0.66,0.34,0.5,0.6373056994818653,0.5140895460384983,0.8767967145790554,0.6654719235364397,0.0,0.5428849902534113,0.8595679012345679,0.1404320987654321,0.0,648,3,0,0.014406085081248856,0.10162463471846905,0.13588708060303653,0.5273626328265045,0.7214040697545379,0.7676100778917005,0.003267695641703179,1.1638952239774991
0.75,0.3,1.2,0.08,0.72,0.42,0.5,0.6373056994818653,0.5140895460384983,0.8767967145790554,0.6654719235364397,0.0,0.5428849902534113,0.8595679012345679,0.1404320987654321,0.0,648,3,0,0.013472187039540905,0.10162463471846905,0.13588708060303653,0.5273626328265045,0.7214040697545379,0.7676100778917005,0.003267695641703179,1.1638952239774991
0.75,0.1,1.0,0.04,0.66,0.38,0.5,0.6373056994818653,0.5140895460384983,0.8767967145790554,0.6654719235364397,0.0,0.5428849902534113,0.8595679012345679,0.1404320987654321,0.0,648,3,0,0.014636515018449486,0.10162463471846905,0.13588708060303653,0.5273626328265045,0.7214040697545379,0.7676100778917005,0.003267695641703179,1.1638952239774991
0.75,0.2,1.0,0.04,0.6,0.34,0.5,0.6373056994818653,0.5140895460384983,0.8767967145790554,0.6654719235364397,0.0,0.5428849902534113,0.8595679012345679,0.1404320987654321,0.0,648,3,0,0.014549367865510822,0.10162463471846905,0.13588708060303653,0.5273626328265045,0.7214040697545379,0.7676100778917005,0.003267695641703179,1.1638952239774991
0.75,0.2,1.0,0.04,0.66,0.34,0.5,0.6373056994818653,0.5140895460384983,0.8767967145790554,0.6654719235364397,0.0,0.5428849902534113,0.8595679012345679,0.1404320987654321,0.0,648,3,0,0.014406085081248856,0.10162463471846905,0.13588708060303653,0.5273626328265045,0.7214040697545379,0.7676100778917005,0.003267695641703179,1.1638952239774991
0.75,0.2,1.0,0.04,0.72,0.34,0.5,0.6373056994818653,0.5140895460384983,0.8767967145790554,0.6654719235364397,0.0,0.5428849902534113,0.8595679012345679,0.1404320987654321,0.0,648,3,0,0.014326425148568118,0.10162463471846905,0.13588708060303653,0.5273626328265045,0.7214040697545379,0.7676100778917005,0.003267695641703179,1.1638952239774991
0.75,0.1,1.0,0.08,0.72,0.34,0.5,0.6373056994818653,0.5140895460384983,0.8767967145790554,0.6654719235364397,0.0,0.5428849902534113,0.8595679012345679,0.1404320987654321,0.0,648,3,0,0.014248371273333088,0.10162463471846905,0.13588708060303653,0.5273626328265045,0.7214040697545379,0.7676100778917005,0.003267695641703179,1.1638952239774991
0.75,0.1,1.0,0.04,0.6,0.34,0.5,0.6373056994818653,0.5140895460384983,0.8767967145790554,0.6654719235364397,0.0,0.5428849902534113,0.8595679012345679,0.1404320987654321,0.0,648,3,0,0.014520088575614947,0.10162463471846905,0.13588708060303653,0.5273626328265045,0.7214040697545379,0.7676100778917005,0.003267695641703179,1.1638952239774991
0.75,0.1,1.0,0.12,0.6,0.34,0.5,0.6373056994818653,0.5140895460384983,0.8767967145790554,0.6654719235364397,0.0,0.5428849902534113,0.8595679012345679,0.1404320987654321,0.0,648,3,0,0.014520088575614947,0.10162463471846905,0.13588708060303653,0.5273626328265045,0.7214040697545379,0.7676100778917005,0.003267695641703179,1.1638952239774991
0.75,0.3,1.2,0.08,0.66,0.42,0.5,0.6373056994818653,0.5140895460384983,0.8767967145790554,0.6654719235364397,0.0,0.5428849902534113,0.8595679012345679,0.1404320987654321,0.0,648,3,0,0.013527527801188093,0.10162463471846905,0.13588708060303653,0.5273626328265045,0.7214040697545379,0.7676100778917005,0.003267695641703179,1.1638952239774991
0.75,0.3,1.2,0.04,0.6,0.42,0.5,0.6373056994818653,0.5140895460384983,0.8767967145790554,0.6654719235364397,0.0,0.5428849902534113,0.8595679012345679,0.1404320987654321,0.0,648,3,0,0.013638025076917248,0.10162463471846905,0.13588708060303653,0.5273626328265045,0.7214040697545379,0.7676100778917005,0.003267695641703179,1.1638952239774991
0.75,0.1,1.0,0.08,0.66,0.38,0.5,0.6373056994818653,0.5140895460384983,0.8767967145790554,0.6654719235364397,0.0,0.5428849902534113,0.8595679012345679,0.1404320987654321,0.0,648,3,0,0.014636515018449486,0.10162463471846905,0.13588708060303653,0.5273626328265045,0.7214040697545379,0.7676100778917005,0.003267695641703179,1.1638952239774991
0.75,0.3,1.2,0.08,0.6,0.42,0.5,0.6373056994818653,0.5140895460384983,0.8767967145790554,0.6654719235364397,0.0,0.5428849902534113,0.8595679012345679,0.1404320987654321,0.0,648,3,0,0.013638025076917248,0.10162463471846905,0.13588708060303653,0.5273626328265045,0.7214040697545379,0.7676100778917005,0.003267695641703179,1.1638952239774991
0.75,0.1,1.0,0.08,0.72,0.38,0.5,0.6373056994818653,0.5140895460384983,0.8767967145790554,0.6654719235364397,0.0,0.5428849902534113,0.8595679012345679,0.1404320987654321,0.0,648,3,0,0.01453877799276423,0.10162463471846905,0.13588708060303653,0.5273626328265045,0.7214040697545379,0.7676100778917005,0.003267695641703179,1.1638952239774991
0.75,0.1,1.0,0.08,0.66,0.34,0.5,0.6373056994818653,0.5140895460384983,0.8767967145790554,0.6654719235364397,0.0,0.5428849902534113,0.8595679012345679,0.1404320987654321,0.0,648,3,0,0.014347338847553775,0.10162463471846905,0.13588708060303653,0.5273626328265045,0.7214040697545379,0.7676100778917005,0.003267695641703179,1.1638952239774991
0.75,0.3,1.2,0.04,0.66,0.42,0.5,0.6373056994818653,0.5140895460384983,0.8767967145790554,0.6654719235364397,0.0,0.5428849902534113,0.8595679012345679,0.1404320987654321,0.0,648,3,0,0.013527527801188093,0.10162463471846905,0.13588708060303653,0.5273626328265045,0.7214040697545379,0.7676100778917005,0.003267695641703179,1.1638952239774991
0.75,0.1,1.0,0.04,0.72,0.34,0.5,0.6373056994818653,0.5140895460384983,0.8767967145790554,0.6654719235364397,0.0,0.5428849902534113,0.8595679012345679,0.1404320987654321,0.0,648,3,0,0.014248371273333088,0.10162463471846905,0.13588708060303653,0.5273626328265045,0.7214040697545379,0.7676100778917005,0.003267695641703179,1.1638952239774991
0.75,0.3,1.2,0.12,0.66,0.42,0.5,0.6373056994818653,0.5140895460384983,0.8767967145790554,0.6654719235364397,0.0,0.5428849902534113,0.8595679012345679,0.1404320987654321,0.0,648,3,0,0.013527527801188093,0.10162463471846905,0.13588708060303653,0.5273626328265045,0.7214040697545379,0.7676100778917005,0.003267695641703179,1.1638952239774991
0.75,0.3,1.2,0.12,0.6,0.42,0.5,0.6373056994818653,0.5140895460384983,0.8767967145790554,0.6654719235364397,0.0,0.5428849902534113,0.8595679012345679,0.1404320987654321,0.0,648,3,0,0.013638025076917248,0.10162463471846905,0.13588708060303653,0.5273626328265045,0.7214040697545379,0.7676100778917005,0.003267695641703179,1.1638952239774991
0.75,0.2,1.0,0.08,0.6,0.34,0.5,0.6373056994818653,0.5140895460384983,0.8767967145790554,0.6654719235364397,0.0,0.5428849902534113,0.8595679012345679,0.1404320987654321,0.0,648,3,0,0.014549367865510822,0.10162463471846905,0.13588708060303653,0.5273626328265045,0.7214040697545379,0.7676100778917005,0.003267695641703179,1.1638952239774991
0.75,0.2,1.0,0.08,0.66,0.34,0.5,0.6373056994818653,0.5140895460384983,0.8767967145790554,0.6654719235364397,0.0,0.5428849902534113,0.8595679012345679,0.1404320987654321,0.0,648,3,0,0.014406085081248856,0.10162463471846905,0.13588708060303653,0.5273626328265045,0.7214040697545379,0.7676100778917005,0.003267695641703179,1.1638952239774991
0.75,0.2,1.0,0.12,0.6,0.34,0.5,0.6373056994818653,0.5140895460384983,0.8767967145790554,0.6654719235364397,0.0,0.5428849902534113,0.8595679012345679,0.1404320987654321,0.0,648,3,0,0.014549367865510822,0.10162463471846905,0.13588708060303653,0.5273626328265045,0.7214040697545379,0.7676100778917005,0.003267695641703179,1.1638952239774991
0.75,0.2,1.0,0.08,0.72,0.34,0.5,0.6373056994818653,0.5140895460384983,0.8767967145790554,0.6654719235364397,0.0,0.5428849902534113,0.8595679012345679,0.1404320987654321,0.0,648,3,0,0.014326425148568118,0.10162463471846905,0.13588708060303653,0.5273626328265045,0.7214040697545379,0.7676100778917005,0.003267695641703179,1.1638952239774991
0.75,0.2,1.0,0.12,0.72,0.34,0.5,0.6373056994818653,0.5140895460384983,0.8767967145790554,0.6654719235364397,0.0,0.5428849902534113,0.8595679012345679,0.1404320987654321,0.0,648,3,0,0.014326425148568118,0.10162463471846905,0.13588708060303653,0.5273626328265045,0.7214040697545379,0.7676100778917005,0.003267695641703179,1.1638952239774991
0.75,0.1,1.0,0.04,0.6,0.38,0.5,0.6373056994818653,0.5140895460384983,0.8767967145790554,0.6654719235364397,0.0,0.5428849902534113,0.8595679012345679,0.1404320987654321,0.0,648,3,0,0.014808225582510064,0.10162463471846905,0.13588708060303653,0.5273626328265045,0.7214040697545379,0.7676100778917005,0.003267695641703179,1.1638952239774991
0.75,0.3,1.0,0.04,0.72,0.34,0.5,0.6373056994818653,0.514040316887599,0.8770491803278688,0.6650717703349283,0.0,0.54296875,0.8580246913580247,0.1419753086419753,0.0,648,3,0,0.014410507573608233,0.10162463471846905,0.13588708060303653,0.5273626328265045,0.7214040697545379,0.7676100778917005,0.003267695641703179,1.1671851938691393
0.75,0.1,1.0,0.08,0.6,0.42,0.5,0.6373056994818653,0.514040316887599,0.8770491803278688,0.6650717703349283,0.0,0.54296875,0.8580246913580247,0.1419753086419753,0.0,648,3,0,0.015091960114238242,0.10162463471846905,0.13588708060303653,0.5273626328265045,0.7214040697545379,0.7676100778917005,0.003267695641703179,1.1671851938691393
0.75,0.1,1.0,0.12,0.6,0.42,0.5,0.6373056994818653,0.514040316887599,0.8770491803278688,0.6650717703349283,0.0,0.54296875,0.8580246913580247,0.1419753086419753,0.0,648,3,0,0.015091960114238242,0.10162463471846905,0.13588708060303653,0.5273626328265045,0.7214040697545379,0.7676100778917005,0.003267695641703179,1.1671851938691393
0.75,0.1,1.0,0.04,0.6,0.42,0.5,0.6373056994818653,0.514040316887599,0.8770491803278688,0.6650717703349283,0.0,0.54296875,0.8580246913580247,0.1419753086419753,0.0,648,3,0,0.015091960114238242,0.10162463471846905,0.13588708060303653,0.5273626328265045,0.7214040697545379,0.7676100778917005,0.003267695641703179,1.1671851938691393
0.75,0.3,1.0,0.12,0.72,0.34,0.5,0.6373056994818653,0.514040316887599,0.8770491803278688,0.6650717703349283,0.0,0.54296875,0.8580246913580247,0.1419753086419753,0.0,648,3,0,0.014410507573608233,0.10162463471846905,0.13588708060303653,0.5273626328265045,0.7214040697545379,0.7676100778917005,0.003267695641703179,1.1671851938691393
0.75,0.3,1.0,0.08,0.72,0.34,0.5,0.6373056994818653,0.514040316887599,0.8770491803278688,0.6650717703349283,0.0,0.54296875,0.8580246913580247,0.1419753086419753,0.0,648,3,0,0.014410507573608233,0.10162463471846905,0.13588708060303653,0.5273626328265045,0.7214040697545379,0.7676100778917005,0.003267695641703179,1.1671851938691393
0.65,0.3,1.0,0.12,0.66,0.42,0.25,0.6353626943005182,0.5125359741794488,0.8733264675592173,0.6642814549791294,0.0,0.5413022351797862,0.8595679012345679,0.1404320987654321,0.0,648,3,0,0.015068894528890596,0.10162463471846905,0.13588708060303653,0.5273626328265045,0.7214040697545379,0.7676100778917005,0.003267695641703179,1.1673918010178959
0.65,0.3,1.0,0.08,0.66,0.42,0.25,0.6353626943005182,0.5125359741794488,0.8733264675592173,0.6642814549791294,0.0,0.5413022351797862,0.8595679012345679,0.1404320987654321,0.0,648,3,0,0.015068894528890596,0.10162463471846905,0.13588708060303653,0.5273626328265045,0.7214040697545379,0.7676100778917005,0.003267695641703179,1.1673918010178959
0.65,0.3,1.0,0.08,0.6,0.42,0.25,0.6353626943005182,0.5125359741794488,0.8733264675592173,0.6642814549791294,0.0,0.5413022351797862,0.8595679012345679,0.1404320987654321,0.0,648,3,0,0.01522162908256027,0.10162463471846905,0.13588708060303653,0.5273626328265045,0.7214040697545379,0.7676100778917005,0.003267695641703179,1.1673918010178959
0.65,0.3,1.0,0.04,0.66,0.42,0.25,0.6353626943005182,0.5125359741794488,0.8733264675592173,0.6642814549791294,0.0,0.5413022351797862,0.8595679012345679,0.1404320987654321,0.0,648,3,0,0.015068894528890596,0.10162463471846905,0.13588708060303653,0.5273626328265045,0.7214040697545379,0.7676100778917005,0.003267695641703179,1.1673918010178959
0.65,0.3,1.0,0.04,0.6,0.42,0.25,0.6353626943005182,0.5125359741794488,0.8733264675592173,0.6642814549791294,0.0,0.5413022351797862,0.8595679012345679,0.1404320987654321,0.0,648,3,0,0.01522162908256027,0.10162463471846905,0.13588708060303653,0.5273626328265045,0.7214040697545379,0.7676100778917005,0.003267695641703179,1.1673918010178959
0.65,0.3,1.0,0.04,0.72,0.42,0.25,0.6353626943005182,0.5125359741794488,0.8733264675592173,0.6642814549791294,0.0,0.5413022351797862,0.8595679012345679,0.1404320987654321,0.0,648,3,0,0.014981491671668791,0.10162463471846905,0.13588708060303653,0.5273626328265045,0.7214040697545379,0.7676100778917005,0.003267695641703179,1.1673918010178959
0.65,0.3,1.0,0.08,0.72,0.42,0.25,0.6353626943005182,0.5125359741794488,0.8733264675592173,0.6642814549791294,0.0,0.5413022351797862,0.8595679012345679,0.1404320987654321,0.0,648,3,0,0.014981491671668791,0.10162463471846905,0.13588708060303653,0.5273626328265045,0.7214040697545379,0.7676100778917005,0.003267695641703179,1.1673918010178959
0.65,0.3,1.0,0.12,0.72,0.42,0.25,0.6353626943005182,0.5125359741794488,0.8733264675592173,0.6642814549791294,0.0,0.5413022351797862,0.8595679012345679,0.1404320987654321,0.0,648,3,0,0.014981491671668791,0.10162463471846905,0.13588708060303653,0.5273626328265045,0.7214040697545379,0.7676100778917005,0.003267695641703179,1.1673918010178959
0.65,0.3,1.0,0.12,0.6,0.42,0.25,0.6353626943005182,0.5125359741794488,0.8733264675592173,0.6642814549791294,0.0,0.5413022351797862,0.8595679012345679,0.1404320987654321,0.0,648,3,0,0.01522162908256027,0.10162463471846905,0.13588708060303653,0.5273626328265045,0.7214040697545379,0.7676100778917005,0.003267695641703179,1.1673918010178959
0.75,0.1,1.0,0.04,0.72,0.42,0.5,0.6366580310880829,0.5135238912644771,0.8758974358974358,0.6646742378959952,0.0,0.5424390243902439,0.8580246913580247,0.1419753086419753,0.0,648,3,0,0.014827028290778217,0.10162463471846905,0.13588708060303653,0.5273626328265045,0.7214040697545379,0.7676100778917005,0.003267695641703179,1.1683492878860435
0.75,0.1,1.0,0.04,0.66,0.42,0.5,0.6366580310880829,0.5135238912644771,0.8758974358974358,0.6646742378959952,0.0,0.5424390243902439,0.8580246913580247,0.1419753086419753,0.0,648,3,0,0.014922319499031791,0.10162463471846905,0.13588708060303653,0.5273626328265045,0.7214040697545379,0.7676100778917005,0.003267695641703179,1.1683492878860435
0.75,0.1,1.0,0.08,0.72,0.42,0.5,0.6366580310880829,0.5135238912644771,0.8758974358974358,0.6646742378959952,0.0,0.5424390243902439,0.8580246913580247,0.1419753086419753,0.0,648,3,0,0.014827028290778217,0.10162463471846905,0.13588708060303653,0.5273626328265045,0.7214040697545379,0.7676100778917005,0.003267695641703179,1.1683492878860435
0.75,0.1,1.0,0.08,0.66,0.42,0.5,0.6366580310880829,0.5135238912644771,0.8758974358974358,0.6646742378959952,0.0,0.5424390243902439,0.8580246913580247,0.1419753086419753,0.0,648,3,0,0.014922319499031791,0.10162463471846905,0.13588708060303653,0.5273626328265045,0.7214040697545379,0.7676100778917005,0.003267695641703179,1.1683492878860435
0.75,0.2,1.0,0.12,0.6,0.38,0.5,0.6366580310880829,0.5135238912644771,0.8758974358974358,0.6646742378959952,0.0,0.5424390243902439,0.8580246913580247,0.1419753086419753,0.0,648,3,0,0.01480851573458269,0.10162463471846905,0.13588708060303653,0.5273626328265045,0.7214040697545379,0.7676100778917005,0.003267695641703179,1.1683492878860435
0.75,0.2,1.0,0.08,0.6,0.38,0.5,0.6366580310880829,0.5135238912644771,0.8758974358974358,0.6646742378959952,0.0,0.5424390243902439,0.8580246913580247,0.1419753086419753,0.0,648,3,0,0.01480851573458269,0.10162463471846905,0.13588708060303653,0.5273626328265045,0.7214040697545379,0.7676100778917005,0.003267695641703179,1.1683492878860435
0.75,0.2,1.0,0.12,0.66,0.38,0.5,0.6366580310880829,0.5135238912644771,0.8758974358974358,0.6646742378959952,0.0,0.5424390243902439,0.8580246913580247,0.1419753086419753,0.0,648,3,0,0.014666552063601417,0.10162463471846905,0.13588708060303653,0.5273626328265045,0.7214040697545379,0.7676100778917005,0.003267695641703179,1.1683492878860435
0.75,0.2,1.0,0.12,0.72,0.38,0.5,0.6366580310880829,0.5135238912644771,0.8758974358974358,0.6646742378959952,0.0,0.5424390243902439,0.8580246913580247,0.1419753086419753,0.0,648,3,0,0.014588457711888056,0.10162463471846905,0.13588708060303653,0.5273626328265045,0.7214040697545379,0.7676100778917005,0.003267695641703179,1.1683492878860435
0.75,0.2,1.0,0.08,0.66,0.38,0.5,0.6366580310880829,0.5135238912644771,0.8758974358974358,0.6646742378959952,0.0,0.5424390243902439,0.8580246913580247,0.1419753086419753,0.0,648,3,0,0.014666552063601417,0.10162463471846905,0.13588708060303653,0.5273626328265045,0.7214040697545379,0.7676100778917005,0.003267695641703179,1.1683492878860435
0.75,0.2,1.0,0.08,0.72,0.38,0.5,0.6366580310880829,0.5135238912644771,0.8758974358974358,0.6646742378959952,0.0,0.5424390243902439,0.8580246913580247,0.1419753086419753,0.0,648,3,0,0.014588457711888056,0.10162463471846905,0.13588708060303653,0.5273626328265045,0.7214040697545379,0.7676100778917005,0.003267695641703179,1.1683492878860435
0.75,0.2,1.0,0.04,0.66,0.38,0.5,0.6366580310880829,0.5135238912644771,0.8758974358974358,0.6646742378959952,0.0,0.5424390243902439,0.8580246913580247,0.1419753086419753,0.0,648,3,0,0.014666552063601417,0.10162463471846905,0.13588708060303653,0.5273626328265045,0.7214040697545379,0.7676100778917005,0.003267695641703179,1.1683492878860435
0.75,0.2,1.0,0.04,0.72,0.38,0.5,0.6366580310880829,0.5135238912644771,0.8758974358974358,0.6646742378959952,0.0,0.5424390243902439,0.8580246913580247,0.1419753086419753,0.0,648,3,0,0.014588457711888056,0.10162463471846905,0.13588708060303653,0.5273626328265045,0.7214040697545379,0.7676100778917005,0.003267695641703179,1.1683492878860435
0.75,0.1,1.0,0.12,0.72,0.42,0.5,0.6366580310880829,0.5135238912644771,0.8758974358974358,0.6646742378959952,0.0,0.5424390243902439,0.8580246913580247,0.1419753086419753,0.0,648,3,0,0.014827028290778217,0.10162463471846905,0.13588708060303653,0.5273626328265045,0.7214040697545379,0.7676100778917005,0.003267695641703179,1.1683492878860435
0.75,0.1,1.0,0.12,0.66,0.42,0.5,0.6366580310880829,0.5135238912644771,0.8758974358974358,0.6646742378959952,0.0,0.5424390243902439,0.8580246913580247,0.1419753086419753,0.0,648,3,0,0.014922319499031791,0.10162463471846905,0.13588708060303653,0.5273626328265045,0.7214040697545379,0.7676100778917005,0.003267695641703179,1.1683492878860435
0.75,0.2,1.0,0.04,0.6,0.38,0.5,0.6366580310880829,0.5135238912644771,0.8758974358974358,0.6646742378959952,0.0,0.5424390243902439,0.8580246913580247,0.1419753086419753,0.0,648,3,0,0.01480851573458269,0.10162463471846905,0.13588708060303653,0.5273626328265045,0.7214040697545379,0.7676100778917005,0.003267695641703179,1.1683492878860435
0.75,0.3,1.0,0.08,0.66,0.38,0.5,0.6366580310880829,0.513474791539949,0.8761514841351075,0.6642728904847397,0.0,0.5425219941348973,0.8564814814814815,0.14351851851851852,0.0,648,3,0,0.014699979061889178,0.10162463471846905,0.13588708060303653,0.5273626328265045,0.7214040697545379,0.7676100778917005,0.003267695641703179,1.1716391283513123
0.75,0.3,1.0,0.08,0.66,0.34,0.5,0.6366580310880829,0.513474791539949,0.8761514841351075,0.6642728904847397,0.0,0.5425219941348973,0.8564814814814815,0.14351851851851852,0.0,648,3,0,0.014470874246445277,0.10162463471846905,0.13588708060303653,0.5273626328265045,0.7214040697545379,0.7676100778917005,0.003267695641703179,1.1716391283513123
0.75,0.3,1.0,0.08,0.6,0.34,0.5,0.6366580310880829,0.513474791539949,0.8761514841351075,0.6642728904847397,0.0,0.5425219941348973,0.8564814814814815,0.14351851851851852,0.0,648,3,0,0.01458680091619991,0.10162463471846905,0.13588708060303653,0.5273626328265045,0.7214040697545379,0.7676100778917005,0.003267695641703179,1.1716391283513123
0.75,0.3,1.0,0.04,0.66,0.38,0.5,0.6366580310880829,0.513474791539949,0.8761514841351075,0.6642728904847397,0.0,0.5425219941348973,0.8564814814814815,0.14351851851851852,0.0,648,3,0,0.014699979061889178,0.10162463471846905,0.13588708060303653,0.5273626328265045,0.7214040697545379,0.7676100778917005,0.003267695641703179,1.1716391283513123
0.75,0.3,1.0,0.12,0.66,0.38,0.5,0.6366580310880829,0.513474791539949,0.8761514841351075,0.6642728904847397,0.0,0.5425219941348973,0.8564814814814815,0.14351851851851852,0.0,648,3,0,0.014699979061889178,0.10162463471846905,0.13588708060303653,0.5273626328265045,0.7214040697545379,0.7676100778917005,0.003267695641703179,1.1716391283513123
0.75,0.2,1.0,0.04,0.6,0.42,0.5,0.6366580310880829,0.513474791539949,0.8761514841351075,0.6642728904847397,0.0,0.5425219941348973,0.8564814814814815,0.14351851851851852,0.0,648,3,0,0.015059729702440518,0.10162463471846905,0.13588708060303653,0.5273626328265045,0.7214040697545379,0.7676100778917005,0.003267695641703179,1.1716391283513123
0.75,0.3,1.0,0.04,0.72,0.38,0.5,0.6366580310880829,0.513474791539949,0.8761514841351075,0.6642728904847397,0.0,0.5425219941348973,0.8564814814814815,0.14351851851851852,0.0,648,3,0,0.014640432153855904,0.10162463471846905,0.13588708060303653,0.5273626328265045,0.7214040697545379,0.7676100778917005,0.003267695641703179,1.1716391283513123
0.75,0.3,1.0,0.04,0.6,0.34,0.5,0.6366580310880829,0.513474791539949,0.8761514841351075,0.6642728904847397,0.0,0.5425219941348973,0.8564814814814815,0.14351851851851852,0.0,648,3,0,0.01458680091619991,0.10162463471846905,0.13588708060303653,0.5273626328265045,0.7214040697545379,0.7676100778917005,0.003267695641703179,1.1716391283513123
0.75,0.3,1.0,0.04,0.66,0.34,0.5,0.6366580310880829,0.513474791539949,0.8761514841351075,0.6642728904847397,0.0,0.5425219941348973,0.8564814814814815,0.14351851851851852,0.0,648,3,0,0.014470874246445277,0.10162463471846905,0.13588708060303653,0.5273626328265045,0.7214040697545379,0.7676100778917005,0.003267695641703179,1.1716391283513123
0.75,0.3,1.0,0.04,0.6,0.38,0.5,0.6366580310880829,0.513474791539949,0.8761514841351075,0.6642728904847397,0.0,0.5425219941348973,0.8564814814814815,0.14351851851851852,0.0,648,3,0,0.014813906687268041,0.10162463471846905,0.13588708060303653,0.5273626328265045,0.7214040697545379,0.7676100778917005,0.003267695641703179,1.1716391283513123
0.75,0.2,1.0,0.12,0.6,0.42,0.5,0.6366580310880829,0.513474791539949,0.8761514841351075,0.6642728904847397,0.0,0.5425219941348973,0.8564814814814815,0.14351851851851852,0.0,648,3,0,0.015059729702440518,0.10162463471846905,0.13588708060303653,0.5273626328265045,0.7214040697545379,0.7676100778917005,0.003267695641703179,1.1716391283513123
0.75,0.3,1.0,0.08,0.6,0.38,0.5,0.6366580310880829,0.513474791539949,0.8761514841351075,0.6642728904847397,0.0,0.5425219941348973,0.8564814814814815,0.14351851851851852,0.0,648,3,0,0.014813906687268041,0.10162463471846905,0.13588708060303653,0.5273626328265045,0.7214040697545379,0.7676100778917005,0.003267695641703179,1.1716391283513123
0.75,0.3,1.0,0.12,0.66,0.34,0.5,0.6366580310880829,0.513474791539949,0.8761514841351075,0.6642728904847397,0.0,0.5425219941348973,0.8564814814814815,0.14351851851851852,0.0,648,3,0,0.014470874246445277,0.10162463471846905,0.13588708060303653,0.5273626328265045,0.7214040697545379,0.7676100778917005,0.003267695641703179,1.1716391283513123
0.75,0.3,1.0,0.12,0.6,0.34,0.5,0.6366580310880829,0.513474791539949,0.8761514841351075,0.6642728904847397,0.0,0.5425219941348973,0.8564814814814815,0.14351851851851852,0.0,648,3,0,0.01458680091619991,0.10162463471846905,0.13588708060303653,0.5273626328265045,0.7214040697545379,0.7676100778917005,0.003267695641703179,1.1716391283513123
0.75,0.3,1.0,0.12,0.6,0.38,0.5,0.6366580310880829,0.513474791539949,0.8761514841351075,0.6642728904847397,0.0,0.5425219941348973,0.8564814814814815,0.14351851851851852,0.0,648,3,0,0.014813906687268041,0.10162463471846905,0.13588708060303653,0.5273626328265045,0.7214040697545379,0.7676100778917005,0.003267695641703179,1.1716391283513123
0.75,0.3,1.0,0.08,0.72,0.38,0.5,0.6366580310880829,0.513474791539949,0.8761514841351075,0.6642728904847397,0.0,0.5425219941348973,0.8564814814814815,0.14351851851851852,0.0,648,3,0,0.014640432153855904,0.10162463471846905,0.13588708060303653,0.5273626328265045,0.7214040697545379,0.7676100778917005,0.003267695641703179,1.1716391283513123
0.75,0.3,1.0,0.12,0.72,0.38,0.5,0.6366580310880829,0.513474791539949,0.8761514841351075,0.6642728904847397,0.0,0.5425219941348973,0.8564814814814815,0.14351851851851852,0.0,648,3,0,0.014640432153855904,0.10162463471846905,0.13588708060303653,0.5273626328265045,0.7214040697545379,0.7676100778917005,0.003267695641703179,1.1716391283513123
0.75,0.2,1.0,0.08,0.6,0.42,0.5,0.6366580310880829,0.513474791539949,0.8761514841351075,0.6642728904847397,0.0,0.5425219941348973,0.8564814814814815,0.14351851851851852,0.0,648,3,0,0.015059729702440518,0.10162463471846905,0.13588708060303653,0.5273626328265045,0.7214040697545379,0.7676100778917005,0.003267695641703179,1.1716391283513123
0.75,0.2,1.0,0.04,0.72,0.42,0.5,0.6366580310880829,0.513474791539949,0.8761514841351075,0.6642728904847397,0.0,0.5425219941348973,0.8564814814814815,0.14351851851851852,0.0,648,3,0,0.014844774004993172,0.10162463471846905,0.13588708060303653,0.5273626328265045,0.7214040697545379,0.7676100778917005,0.003267695641703179,1.1716391283513123
0.75,0.2,1.0,0.08,0.66,0.42,0.5,0.6366580310880829,0.513474791539949,0.8761514841351075,0.6642728904847397,0.0,0.5425219941348973,0.8564814814814815,0.14351851851851852,0.0,648,3,0,0.014920124739788803,0.10162463471846905,0.13588708060303653,0.5273626328265045,0.7214040697545379,0.7676100778917005,0.003267695641703179,1.1716391283513123
0.75,0.2,1.0,0.12,0.72,0.42,0.5,0.6366580310880829,0.513474791539949,0.8761514841351075,0.6642728904847397,0.0,0.5425219941348973,0.8564814814814815,0.14351851851851852,0.0,648,3,0,0.014844774004993172,0.10162463471846905,0.13588708060303653,0.5273626328265045,0.7214040697545379,0.7676100778917005,0.003267695641703179,1.1716391283513123
0.75,0.2,1.0,0.08,0.72,0.42,0.5,0.6366580310880829,0.513474791539949,0.8761514841351075,0.6642728904847397,0.0,0.5425219941348973,0.8564814814814815,0.14351851851851852,0.0,648,3,0,0.014844774004993172,0.10162463471846905,0.13588708060303653,0.5273626328265045,0.7214040697545379,0.7676100778917005,0.003267695641703179,1.1716391283513123
0.75,0.2,1.0,0.12,0.66,0.42,0.5,0.6366580310880829,0.513474791539949,0.8761514841351075,0.6642728904847397,0.0,0.5425219941348973,0.8564814814814815,0.14351851851851852,0.0,648,3,0,0.014920124739788803,0.10162463471846905,0.13588708060303653,0.5273626328265045,0.7214040697545379,0.7676100778917005,0.003267695641703179,1.1716391283513123
0.75,0.2,1.0,0.04,0.66,0.42,0.5,0.6366580310880829,0.513474791539949,0.8761514841351075,0.6642728904847397,0.0,0.5425219941348973,0.8564814814814815,0.14351851851851852,0.0,648,3,0,0.014920124739788803,0.10162463471846905,0.13588708060303653,0.5273626328265045,0.7214040697545379,0.7676100778917005,0.003267695641703179,1.1716391283513123
0.75,0.3,1.2,0.12,0.72,0.34,0.25,0.6353626943005182,0.512441644826582,0.8738461538461538,0.6634787806335923,0.0,0.5414634146341464,0.8564814814814815,0.14351851851851852,0.0,648,3,0,0.014930762746462918,0.10162463471846905,0.13588708060303653,0.5273626328265045,0.7214040697545379,0.7676100778917005,0.003267695641703179,1.1739676118522442
0.75,0.3,1.2,0.08,0.66,0.34,0.25,0.6353626943005182,0.512441644826582,0.8738461538461538,0.6634787806335923,0.0,0.5414634146341464,0.8564814814814815,0.14351851851851852,0.0,648,3,0,0.014970663198263411,0.10162463471846905,0.13588708060303653,0.5273626328265045,0.7214040697545379,0.7676100778917005,0.003267695641703179,1.1739676118522442
0.75,0.3,1.2,0.08,0.72,0.34,0.25,0.6353626943005182,0.512441644826582,0.8738461538461538,0.6634787806335923,0.0,0.5414634146341464,0.8564814814814815,0.14351851851851852,0.0,648,3,0,0.014930762746462918,0.10162463471846905,0.13588708060303653,0.5273626328265045,0.7214040697545379,0.7676100778917005,0.003267695641703179,1.1739676118522442
0.75,0.2,1.2,0.08,0.72,0.38,0.25,0.6353626943005182,0.512441644826582,0.8738461538461538,0.6634787806335923,0.0,0.5414634146341464,0.8564814814814815,0.14351851851851852,0.0,648,3,0,0.015187881871225314,0.10162463471846905,0.13588708060303653,0.5273626328265045,0.7214040697545379,0.7676100778917005,0.003267695641703179,1.1739676118522442
0.75,0.2,1.2,0.12,0.66,0.38,0.25,0.6353626943005182,0.512441644826582,0.8738461538461538,0.6634787806335923,0.0,0.5414634146341464,0.8564814814814815,0.14351851851851852,0.0,648,3,0,0.0152472904866277,0.10162463471846905,0.13588708060303653,0.5273626328265045,0.7214040697545379,0.7676100778917005,0.003267695641703179,1.1739676118522442
0.75,0.2,1.2,0.08,0.66,0.38,0.25,0.6353626943005182,0.512441644826582,0.8738461538461538,0.6634787806335923,0.0,0.5414634146341464,0.8564814814814815,0.14351851851851852,0.0,648,3,0,0.0152472904866277,0.10162463471846905,0.13588708060303653,0.5273626328265045,0.7214040697545379,0.7676100778917005,0.003267695641703179,1.1739676118522442
0.75,0.2,1.2,0.12,0.6,0.38,0.25,0.6353626943005182,0.512441644826582,0.8738461538461538,0.6634787806335923,0.0,0.5414634146341464,0.8564814814814815,0.14351851851851852,0.0,648,3,0,0.015363477586834559,0.10162463471846905,0.13588708060303653,0.5273626328265045,0.7214040697545379,0.7676100778917005,0.003267695641703179,1.1739676118522442
0.75,0.2,1.2,0.12,0.6,0.34,0.25,0.6353626943005182,0.512441644826582,0.8738461538461538,0.6634787806335923,0.0,0.5414634146341464,0.8564814814814815,0.14351851851851852,0.0,648,3,0,0.015099193524936334,0.10162463471846905,0.13588708060303653,0.5273626328265045,0.7214040697545379,0.7676100778917005,0.003267695641703179,1.1739676118522442
0.75,0.2,1.2,0.12,0.72,0.38,0.25,0.6353626943005182,0.512441644826582,0.8738461538461538,0.6634787806335923,0.0,0.5414634146341464,0.8564814814814815,0.14351851851851852,0.0,648,3,0,0.015187881871225314,0.10162463471846905,0.13588708060303653,0.5273626328265045,0.7214040697545379,0.7676100778917005,0.003267695641703179,1.1739676118522442
0.75,0.3,1.2,0.04,0.66,0.34,0.25,0.6353626943005182,0.512441644826582,0.8738461538461538,0.6634787806335923,0.0,0.5414634146341464,0.8564814814814815,0.14351851851851852,0.0,648,3,0,0.014970663198263411,0.10162463471846905,0.13588708060303653,0.5273626328265045,0.7214040697545379,0.7676100778917005,0.003267695641703179,1.1739676118522442
0.75,0.2,1.2,0.04,0.72,0.38,0.25,0.6353626943005182,0.512441644826582,0.8738461538461538,0.6634787806335923,0.0,0.5414634146341464,0.8564814814814815,0.14351851851851852,0.0,648,3,0,0.015187881871225314,0.10162463471846905,0.13588708060303653,0.5273626328265045,0.7214040697545379,0.7676100778917005,0.003267695641703179,1.1739676118522442
0.75,0.3,1.2,0.04,0.6,0.34,0.25,0.6353626943005182,0.512441644826582,0.8738461538461538,0.6634787806335923,0.0,0.5414634146341464,0.8564814814814815,0.14351851851851852,0.0,648,3,0,0.015060116299136611,0.10162463471846905,0.13588708060303653,0.5273626328265045,0.7214040697545379,0.7676100778917005,0.003267695641703179,1.1739676118522442
0.75,0.3,1.2,0.12,0.6,0.34,0.25,0.6353626943005182,0.512441644826582,0.8738461538461538,0.6634787806335923,0.0,0.5414634146341464,0.8564814814814815,0.14351851851851852,0.0,648,3,0,0.015060116299136611,0.10162463471846905,0.13588708060303653,0.5273626328265045,0.7214040697545379,0.7676100778917005,0.003267695641703179,1.1739676118522442
0.75,0.3,1.2,0.04,0.72,0.34,0.25,0.6353626943005182,0.512441644826582,0.8738461538461538,0.6634787806335923,0.0,0.5414634146341464,0.8564814814814815,0.14351851851851852,0.0,648,3,0,0.014930762746462918,0.10162463471846905,0.13588708060303653,0.5273626328265045,0.7214040697545379,0.7676100778917005,0.003267695641703179,1.1739676118522442
0.75,0.3,1.2,0.08,0.6,0.34,0.25,0.6353626943005182,0.512441644826582,0.8738461538461538,0.6634787806335923,0.0,0.5414634146341464,0.8564814814814815,0.14351851851851852,0.0,648,3,0,0.015060116299136611,0.10162463471846905,0.13588708060303653,0.5273626328265045,0.7214040697545379,0.7676100778917005,0.003267695641703179,1.1739676118522442
0.75,0.2,1.2,0.08,0.6,0.38,0.25,0.6353626943005182,0.512441644826582,0.8738461538461538,0.6634787806335923,0.0,0.5414634146341464,0.8564814814814815,0.14351851851851852,0.0,648,3,0,0.015363477586834559,0.10162463471846905,0.13588708060303653,0.5273626328265045,0.7214040697545379,0.7676100778917005,0.003267695641703179,1.1739676118522442
0.75,0.2,1.2,0.08,0.6,0.34,0.25,0.6353626943005182,0.512441644826582,0.8738461538461538,0.6634787806335923,0.0,0.5414634146341464,0.8564814814814815,0.14351851851851852,0.0,648,3,0,0.015099193524936334,0.10162463471846905,0.13588708060303653,0.5273626328265045,0.7214040697545379,0.7676100778917005,0.003267695641703179,1.1739676118522442
0.75,0.2,1.2,0.04,0.6,0.38,0.25,0.6353626943005182,0.512441644826582,0.8738461538461538,0.6634787806335923,0.0,0.5414634146341464,0.8564814814814815,0.14351851851851852,0.0,648,3,0,0.015363477586834559,0.10162463471846905,0.13588708060303653,0.5273626328265045,0.7214040697545379,0.7676100778917005,0.003267695641703179,1.1739676118522442
0.75,0.2,1.2,0.04,0.66,0.38,0.25,0.6353626943005182,0.512441644826582,0.8738461538461538,0.6634787806335923,0.0,0.5414634146341464,0.8564814814814815,0.14351851851851852,0.0,648,3,0,0.0152472904866277,0.10162463471846905,0.13588708060303653,0.5273626328265045,0.7214040697545379,0.7676100778917005,0.003267695641703179,1.1739676118522442
0.75,0.2,1.2,0.04,0.6,0.34,0.25,0.6353626943005182,0.512441644826582,0.8738461538461538,0.6634787806335923,0.0,0.5414634146341464,0.8564814814814815,0.14351851851851852,0.0,648,3,0,0.015099193524936334,0.10162463471846905,0.13588708060303653,0.5273626328265045,0.7214040697545379,0.7676100778917005,0.003267695641703179,1.1739676118522442
0.75,0.3,1.2,0.12,0.66,0.34,0.25,0.6353626943005182,0.512441644826582,0.8738461538461538,0.6634787806335923,0.0,0.5414634146341464,0.8564814814814815,0.14351851851851852,0.0,648,3,0,0.014970663198263411,0.10162463471846905,0.13588708060303653,0.5273626328265045,0.7214040697545379,0.7676100778917005,0.003267695641703179,1.1739676118522442
0.75,0.2,1.2,0.04,0.72,0.34,0.25,0.6347150259067358,0.5119241252247809,0.8726899383983573,0.6630824372759857,0.0,0.5409356725146199,0.8564814814814815,0.14351851851851852,0.0,648,3,0,0.014921643412929567,0.10162463471846905,0.13588708060303653,0.5273626328265045,0.7214040697545379,0.7676100778917005,0.003267695641703179,1.1751327998478276
0.75,0.2,1.2,0.08,0.66,0.34,0.25,0.6347150259067358,0.5119241252247809,0.8726899383983573,0.6630824372759857,0.0,0.5409356725146199,0.8564814814814815,0.14351851851851852,0.0,648,3,0,0.014981977166313016,0.10162463471846905,0.13588708060303653,0.5273626328265045,0.7214040697545379,0.7676100778917005,0.003267695641703179,1.1751327998478276
0.75,0.2,1.2,0.08,0.72,0.34,0.25,0.6347150259067358,0.5119241252247809,0.8726899383983573,0.6630824372759857,0.0,0.5409356725146199,0.8564814814814815,0.14351851851851852,0.0,648,3,0,0.014921643412929567,0.10162463471846905,0.13588708060303653,0.5273626328265045,0.7214040697545379,0.7676100778917005,0.003267695641703179,1.1751327998478276
0.75,0.2,1.2,0.04,0.66,0.34,0.25,0.6347150259067358,0.5119241252247809,0.8726899383983573,0.6630824372759857,0.0,0.5409356725146199,0.8564814814814815,0.14351851851851852,0.0,648,3,0,0.014981977166313016,0.10162463471846905,0.13588708060303653,0.5273626328265045,0.7214040697545379,0.7676100778917005,0.003267695641703179,1.1751327998478276
0.75,0.1,1.2,0.12,0.6,0.34,0.25,0.6347150259067358,0.5119241252247809,0.8726899383983573,0.6630824372759857,0.0,0.5409356725146199,0.8564814814814815,0.14351851851851852,0.0,648,3,0,0.015150420948793545,0.10162463471846905,0.13588708060303653,0.5273626328265045,0.7214040697545379,0.7676100778917005,0.003267695641703179,1.1751327998478276
0.75,0.1,1.2,0.12,0.72,0.38,0.25,0.6347150259067358,0.5119241252247809,0.8726899383983573,0.6630824372759857,0.0,0.5409356725146199,0.8564814814814815,0.14351851851851852,0.0,648,3,0,0.015216106679906345,0.10162463471846905,0.13588708060303653,0.5273626328265045,0.7214040697545379,0.7676100778917005,0.003267695641703179,1.1751327998478276
0.75,0.1,1.2,0.08,0.72,0.34,0.25,0.6347150259067358,0.5119241252247809,0.8726899383983573,0.6630824372759857,0.0,0.5409356725146199,0.8564814814814815,0.14351851851851852,0.0,648,3,0,0.014918587902099687,0.10162463471846905,0.13588708060303653,0.5273626328265045,0.7214040697545379,0.7676100778917005,0.003267695641703179,1.1751327998478276
0.75,0.1,1.2,0.08,0.72,0.38,0.25,0.6347150259067358,0.5119241252247809,0.8726899383983573,0.6630824372759857,0.0,0.5409356725146199,0.8564814814814815,0.14351851851851852,0.0,648,3,0,0.015216106679906345,0.10162463471846905,0.13588708060303653,0.5273626328265045,0.7214040697545379,0.7676100778917005,0.003267695641703179,1.1751327998478276
0.75,0.2,1.2,0.12,0.66,0.34,0.25,0.6347150259067358,0.5119241252247809,0.8726899383983573,0.6630824372759857,0.0,0.5409356725146199,0.8564814814814815,0.14351851851851852,0.0,648,3,0,0.014981977166313016,0.10162463471846905,0.13588708060303653,0.5273626328265045,0.7214040697545379,0.7676100778917005,0.003267695641703179,1.1751327998478276
0.75,0.1,1.2,0.12,0.66,0.38,0.25,0.6347150259067358,0.5119241252247809,0.8726899383983573,0.6630824372759857,0.0,0.5409356725146199,0.8564814814814815,0.14351851851851852,0.0,648,3,0,0.015297892179989158,0.10162463471846905,0.13588708060303653,0.5273626328265045,0.7214040697545379,0.7676100778917005,0.003267695641703179,1.1751327998478276
0.75,0.1,1.2,0.12,0.6,0.38,0.25,0.6347150259067358,0.5119241252247809,0.8726899383983573,0.6630824372759857,0.0,0.5409356725146199,0.8564814814814815,0.14351851851851852,0.0,648,3,0,0.015445603230076377,0.10162463471846905,0.13588708060303653,0.5273626328265045,0.7214040697545379,0.7676100778917005,0.003267695641703179,1.1751327998478276
0.75,0.1,1.2,0.12,0.66,0.34,0.25,0.6347150259067358,0.5119241252247809,0.8726899383983573,0.6630824372759857,0.0,0.5409356725146199,0.8564814814814815,0.14351851851851852,0.0,648,3,0,0.015001514040471248,0.10162463471846905,0.13588708060303653,0.5273626328265045,0.7214040697545379,0.7676100778917005,0.003267695641703179,1.1751327998478276
0.75,0.2,1.2,0.12,0.72,0.34,0.25,0.6347150259067358,0.5119241252247809,0.8726899383983573,0.6630824372759857,0.0,0.5409356725146199,0.8564814814814815,0.14351851851851852,0.0,648,3,0,0.014921643412929567,0.10162463471846905,0.13588708060303653,0.5273626328265045,0.7214040697545379,0.7676100778917005,0.003267695641703179,1.1751327998478276
0.75,0.1,1.2,0.12,0.72,0.34,0.25,0.6347150259067358,0.5119241252247809,0.8726899383983573,0.6630824372759857,0.0,0.5409356725146199,0.8564814814814815,0.14351851851851852,0.0,648,3,0,0.014918587902099687,0.10162463471846905,0.13588708060303653,0.5273626328265045,0.7214040697545379,0.7676100778917005,0.003267695641703179,1.1751327998478276
0.75,0.1,1.2,0.08,0.6,0.34,0.25,0.6347150259067358,0.5119241252247809,0.8726899383983573,0.6630824372759857,0.0,0.5409356725146199,0.8564814814814815,0.14351851851851852,0.0,648,3,0,0.015150420948793545,0.10162463471846905,0.13588708060303653,0.5273626328265045,0.7214040697545379,0.7676100778917005,0.003267695641703179,1.1751327998478276
0.75,0.1,1.2,0.08,0.66,0.38,0.25,0.6347150259067358,0.5119241252247809,0.8726899383983573,0.6630824372759857,0.0,0.5409356725146199,0.8564814814814815,0.14351851851851852,0.0,648,3,0,0.015297892179989158,0.10162463471846905,0.13588708060303653,0.5273626328265045,0.7214040697545379,0.7676100778917005,0.003267695641703179,1.1751327998478276
0.75,0.1,1.2,0.04,0.72,0.34,0.25,0.6347150259067358,0.5119241252247809,0.8726899383983573,0.6630824372759857,0.0,0.5409356725146199,0.8564814814814815,0.14351851851851852,0.0,648,3,0,0.014918587902099687,0.10162463471846905,0.13588708060303653,0.5273626328265045,0.7214040697545379,0.7676100778917005,0.003267695641703179,1.1751327998478276
0.75,0.1,1.2,0.04,0.66,0.38,0.25,0.6347150259067358,0.5119241252247809,0.8726899383983573,0.6630824372759857,0.0,0.5409356725146199,0.8564814814814815,0.14351851851851852,0.0,648,3,0,0.015297892179989158,0.10162463471846905,0.13588708060303653,0.5273626328265045,0.7214040697545379,0.7676100778917005,0.003267695641703179,1.1751327998478276
0.75,0.1,1.2,0.04,0.6,0.38,0.25,0.6347150259067358,0.5119241252247809,0.8726899383983573,0.6630824372759857,0.0,0.5409356725146199,0.8564814814814815,0.14351851851851852,0.0,648,3,0,0.015445603230076377,0.10162463471846905,0.13588708060303653,0.5273626328265045,0.7214040697545379,0.7676100778917005,0.003267695641703179,1.1751327998478276
0.75,0.1,1.2,0.04,0.72,0.38,0.25,0.6347150259067358,0.5119241252247809,0.8726899383983573,0.6630824372759857,0.0,0.5409356725146199,0.8564814814814815,0.14351851851851852,0.0,648,3,0,0.015216106679906345,0.10162463471846905,0.13588708060303653,0.5273626328265045,0.7214040697545379,0.7676100778917005,0.003267695641703179,1.1751327998478276
0.75,0.1,1.2,0.08,0.66,0.34,0.25,0.6347150259067358,0.5119241252247809,0.8726899383983573,0.6630824372759857,0.0,0.5409356725146199,0.8564814814814815,0.14351851851851852,0.0,648,3,0,0.015001514040471248,0.10162463471846905,0.13588708060303653,0.5273626328265045,0.7214040697545379,0.7676100778917005,0.003267695641703179,1.1751327998478276
0.75,0.1,1.2,0.08,0.6,0.38,0.25,0.6347150259067358,0.5119241252247809,0.8726899383983573,0.6630824372759857,0.0,0.5409356725146199,0.8564814814814815,0.14351851851851852,0.0,648,3,0,0.015445603230076377,0.10162463471846905,0.13588708060303653,0.5273626328265045,0.7214040697545379,0.7676100778917005,0.003267695641703179,1.1751327998478276
0.75,0.1,1.2,0.04,0.6,0.34,0.25,0.6347150259067358,0.5119241252247809,0.8726899383983573,0.6630824372759857,0.0,0.5409356725146199,0.8564814814814815,0.14351851851851852,0.0,648,3,0,0.015150420948793545,0.10162463471846905,0.13588708060303653,0.5273626328265045,0.7214040697545379,0.7676100778917005,0.003267695641703179,1.1751327998478276
0.75,0.1,1.2,0.04,0.66,0.34,0.25,0.6347150259067358,0.5119241252247809,0.8726899383983573,0.6630824372759857,0.0,0.5409356725146199,0.8564814814814815,0.14351851851851852,0.0,648,3,0,0.015001514040471248,0.10162463471846905,0.13588708060303653,0.5273626328265045,0.7214040697545379,0.7676100778917005,0.003267695641703179,1.1751327998478276
0.75,0.1,1.2,0.08,0.6,0.42,0.25,0.6340673575129534,0.5113121442080683,0.872057318321392,0.6618791143028127,0.0,0.5405669599217986,0.8533950617283951,0.14660493827160495,0.0,648,4,0,0.01569472373399,0.10162463471846905,0.13588708060303653,0.5273626328265045,0.7214040697545379,0.7676100778917005,0.003267695641703179,1.1828739307398042
0.75,0.1,1.2,0.04,0.6,0.42,0.25,0.6340673575129534,0.5113121442080683,0.872057318321392,0.6618791143028127,0.0,0.5405669599217986,0.8533950617283951,0.14660493827160495,0.0,648,4,0,0.01569472373399,0.10162463471846905,0.13588708060303653,0.5273626328265045,0.7214040697545379,0.7676100778917005,0.003267695641703179,1.1828739307398042
0.75,0.1,1.2,0.12,0.6,0.42,0.25,0.6340673575129534,0.5113121442080683,0.872057318321392,0.6618791143028127,0.0,0.5405669599217986,0.8533950617283951,0.14660493827160495,0.0,648,4,0,0.01569472373399,0.10162463471846905,0.13588708060303653,0.5273626328265045,0.7214040697545379,0.7676100778917005,0.003267695641703179,1.1828739307398042
0.75,0.1,1.2,0.04,0.72,0.42,0.25,0.633419689119171,0.5107949643109264,0.8709016393442623,0.6614832535885168,0.0,0.5400390625,0.8533950617283951,0.14660493827160495,0.0,648,4,0,0.015468912747858568,0.10162463471846905,0.13588708060303653,0.5273626328265045,0.7214040697545379,0.7676100778917005,0.003267695641703179,1.1840387790307283
0.75,0.1,1.2,0.08,0.72,0.42,0.25,0.633419689119171,0.5107949643109264,0.8709016393442623,0.6614832535885168,0.0,0.5400390625,0.8533950617283951,0.14660493827160495,0.0,648,4,0,0.015468912747858568,0.10162463471846905,0.13588708060303653,0.5273626328265045,0.7214040697545379,0.7676100778917005,0.003267695641703179,1.1840387790307283
0.75,0.1,1.2,0.12,0.66,0.42,0.25,0.633419689119171,0.5107949643109264,0.8709016393442623,0.6614832535885168,0.0,0.5400390625,0.8533950617283951,0.14660493827160495,0.0,648,4,0,0.01554867035999477,0.10162463471846905,0.13588708060303653,0.5273626328265045,0.7214040697545379,0.7676100778917005,0.003267695641703179,1.1840387790307283
0.75,0.1,1.2,0.04,0.66,0.42,0.25,0.633419689119171,0.5107949643109264,0.8709016393442623,0.6614832535885168,0.0,0.5400390625,0.8533950617283951,0.14660493827160495,0.0,648,4,0,0.01554867035999477,0.10162463471846905,0.13588708060303653,0.5273626328265045,0.7214040697545379,0.7676100778917005,0.003267695641703179,1.1840387790307283
0.75,0.1,1.2,0.12,0.72,0.42,0.25,0.633419689119171,0.5107949643109264,0.8709016393442623,0.6614832535885168,0.0,0.5400390625,0.8533950617283951,0.14660493827160495,0.0,648,4,0,0.015468912747858568,0.10162463471846905,0.13588708060303653,0.5273626328265045,0.7214040697545379,0.7676100778917005,0.003267695641703179,1.1840387790307283
0.75,0.1,1.2,0.08,0.66,0.42,0.25,0.633419689119171,0.5107949643109264,0.8709016393442623,0.6614832535885168,0.0,0.5400390625,0.8533950617283951,0.14660493827160495,0.0,648,4,0,0.01554867035999477,0.10162463471846905,0.13588708060303653,0.5273626328265045,0.7214040697545379,0.7676100778917005,0.003267695641703179,1.1840387790307283
0.75,0.3,1.0,0.08,0.72,0.42,0.5,0.6347150259067358,0.5117799637840749,0.8734693877551021,0.6618705035971223,0.0,0.5411764705882353,0.8518518518518519,0.14814814814814814,0.0,648,4,0,0.014863263534277792,0.10162463471846905,0.13588708060303653,0.5273626328265045,0.7214040697545379,0.7676100778917005,0.003267695641703179,1.1849991835107558
0.75,0.3,1.0,0.04,0.6,0.42,0.5,0.6347150259067358,0.5117799637840749,0.8734693877551021,0.6618705035971223,0.0,0.5411764705882353,0.8518518518518519,0.14814814814814814,0.0,648,4,0,0.015032512188923814,0.10162463471846905,0.13588708060303653,0.5273626328265045,0.7214040697545379,0.7676100778917005,0.003267695641703179,1.1849991835107558
0.75,0.3,1.0,0.04,0.66,0.42,0.5,0.6347150259067358,0.5117799637840749,0.8734693877551021,0.6618705035971223,0.0,0.5411764705882353,0.8518518518518519,0.14814814814814814,0.0,648,4,0,0.014921789689017011,0.10162463471846905,0.13588708060303653,0.5273626328265045,0.7214040697545379,0.7676100778917005,0.003267695641703179,1.1849991835107558
0.75,0.3,1.0,0.04,0.72,0.42,0.5,0.6347150259067358,0.5117799637840749,0.8734693877551021,0.6618705035971223,0.0,0.5411764705882353,0.8518518518518519,0.14814814814814814,0.0,648,4,0,0.014863263534277792,0.10162463471846905,0.13588708060303653,0.5273626328265045,0.7214040697545379,0.7676100778917005,0.003267695641703179,1.1849991835107558
0.75,0.3,1.0,0.08,0.6,0.42,0.5,0.6347150259067358,0.5117799637840749,0.8734693877551021,0.6618705035971223,0.0,0.5411764705882353,0.8518518518518519,0.14814814814814814,0.0,648,4,0,0.015032512188923814,0.10162463471846905,0.13588708060303653,0.5273626328265045,0.7214040697545379,0.7676100778917005,0.003267695641703179,1.1849991835107558
0.75,0.3,1.0,0.12,0.6,0.42,0.5,0.6347150259067358,0.5117799637840749,0.8734693877551021,0.6618705035971223,0.0,0.5411764705882353,0.8518518518518519,0.14814814814814814,0.0,648,4,0,0.015032512188923814,0.10162463471846905,0.13588708060303653,0.5273626328265045,0.7214040697545379,0.7676100778917005,0.003267695641703179,1.1849991835107558
0.75,0.3,1.0,0.12,0.72,0.42,0.5,0.6347150259067358,0.5117799637840749,0.8734693877551021,0.6618705035971223,0.0,0.5411764705882353,0.8518518518518519,0.14814814814814814,0.0,648,4,0,0.014863263534277792,0.10162463471846905,0.13588708060303653,0.5273626328265045,0.7214040697545379,0.7676100778917005,0.003267695641703179,1.1849991835107558
0.75,0.3,1.0,0.12,0.66,0.42,0.5,0.6347150259067358,0.5117799637840749,0.8734693877551021,0.6618705035971223,0.0,0.5411764705882353,0.8518518518518519,0.14814814814814814,0.0,648,4,0,0.014921789689017011,0.10162463471846905,0.13588708060303653,0.5273626328265045,0.7214040697545379,0.7676100778917005,0.003267695641703179,1.1849991835107558
0.75,0.3,1.0,0.08,0.66,0.42,0.5,0.6347150259067358,0.5117799637840749,0.8734693877551021,0.6618705035971223,0.0,0.5411764705882353,0.8518518518518519,0.14814814814814814,0.0,648,4,0,0.014921789689017011,0.10162463471846905,0.13588708060303653,0.5273626328265045,0.7214040697545379,0.7676100778917005,0.003267695641703179,1.1849991835107558
0.75,0.3,1.2,0.04,0.6,0.42,0.25,0.6327720207253886,0.5101838019214366,0.8702757916241062,0.6602756141402037,0.0,0.5396669931439765,0.8503086419753086,0.14969135802469136,0.0,648,4,0,0.01548951685015917,0.10162463471846905,0.13588708060303653,0.5273626328265045,0.7214040697545379,0.7676100778917005,0.003267695641703179,1.191779091295482
0.75,0.3,1.2,0.04,0.6,0.38,0.25,0.6327720207253886,0.5101838019214366,0.8702757916241062,0.6602756141402037,0.0,0.5396669931439765,0.8503086419753086,0.14969135802469136,0.0,648,4,0,0.015291852646203542,0.10162463471846905,0.13588708060303653,0.5273626328265045,0.7214040697545379,0.7676100778917005,0.003267695641703179,1.191779091295482
0.75,0.3,1.2,0.04,0.66,0.38,0.25,0.6327720207253886,0.5101838019214366,0.8702757916241062,0.6602756141402037,0.0,0.5396669931439765,0.8503086419753086,0.14969135802469136,0.0,648,4,0,0.015203453545965029,0.10162463471846905,0.13588708060303653,0.5273626328265045,0.7214040697545379,0.7676100778917005,0.003267695641703179,1.191779091295482
0.75,0.3,1.2,0.04,0.66,0.42,0.25,0.6327720207253886,0.5101838019214366,0.8702757916241062,0.6602756141402037,0.0,0.5396669931439765,0.8503086419753086,0.14969135802469136,0.0,648,4,0,0.015402913460428611,0.10162463471846905,0.13588708060303653,0.5273626328265045,0.7214040697545379,0.7676100778917005,0.003267695641703179,1.191779091295482
0.75,0.1,1.0,0.12,0.66,0.34,0.25,0.6327720207253886,0.5101838019214366,0.8702757916241062,0.6602756141402037,0.0,0.5396669931439765,0.8503086419753086,0.14969135802469136,0.0,648,4,0,0.016456471036870635,0.10162463471846905,0.13588708060303653,0.5273626328265045,0.7214040697545379,0.7676100778917005,0.003267695641703179,1.191779091295482
0.75,0.1,1.0,0.12,0.72,0.34,0.25,0.6327720207253886,0.5101838019214366,0.8702757916241062,0.6602756141402037,0.0,0.5396669931439765,0.8503086419753086,0.14969135802469136,0.0,648,4,0,0.016368530591341936,0.10162463471846905,0.13588708060303653,0.5273626328265045,0.7214040697545379,0.7676100778917005,0.003267695641703179,1.191779091295482
0.75,0.2,1.2,0.12,0.66,0.42,0.25,0.6327720207253886,0.5101838019214366,0.8702757916241062,0.6602756141402037,0.0,0.5396669931439765,0.8503086419753086,0.14969135802469136,0.0,648,4,0,0.015472706844479118,0.10162463471846905,0.13588708060303653,0.5273626328265045,0.7214040697545379,0.7676100778917005,0.003267695641703179,1.191779091295482
0.75,0.2,1.2,0.08,0.72,0.42,0.25,0.6327720207253886,0.5101838019214366,0.8702757916241062,0.6602756141402037,0.0,0.5396669931439765,0.8503086419753086,0.14969135802469136,0.0,648,4,0,0.015415038021440286,0.10162463471846905,0.13588708060303653,0.5273626328265045,0.7214040697545379,0.7676100778917005,0.003267695641703179,1.191779091295482
0.75,0.2,1.2,0.12,0.72,0.42,0.25,0.6327720207253886,0.5101838019214366,0.8702757916241062,0.6602756141402037,0.0,0.5396669931439765,0.8503086419753086,0.14969135802469136,0.0,648,4,0,0.015415038021440286,0.10162463471846905,0.13588708060303653,0.5273626328265045,0.7214040697545379,0.7676100778917005,0.003267695641703179,1.191779091295482
0.75,0.3,1.2,0.04,0.72,0.38,0.25,0.6327720207253886,0.5101838019214366,0.8702757916241062,0.6602756141402037,0.0,0.5396669931439765,0.8503086419753086,0.14969135802469136,0.0,648,4,0,0.015164233488819805,0.10162463471846905,0.13588708060303653,0.5273626328265045,0.7214040697545379,0.7676100778917005,0.003267695641703179,1.191779091295482
0.75,0.3,1.2,0.12,0.6,0.42,0.25,0.6327720207253886,0.5101838019214366,0.8702757916241062,0.6602756141402037,0.0,0.5396669931439765,0.8503086419753086,0.14969135802469136,0.0,648,4,0,0.01548951685015917,0.10162463471846905,0.13588708060303653,0.5273626328265045,0.7214040697545379,0.7676100778917005,0.003267695641703179,1.191779091295482
0.75,0.3,1.2,0.12,0.72,0.42,0.25,0.6327720207253886,0.5101838019214366,0.8702757916241062,0.6602756141402037,0.0,0.5396669931439765,0.8503086419753086,0.14969135802469136,0.0,648,4,0,0.015364771144158634,0.10162463471846905,0.13588708060303653,0.5273626328265045,0.7214040697545379,0.7676100778917005,0.003267695641703179,1.191779091295482
0.75,0.3,1.2,0.12,0.66,0.42,0.25,0.6327720207253886,0.5101838019214366,0.8702757916241062,0.6602756141402037,0.0,0.5396669931439765,0.8503086419753086,0.14969135802469136,0.0,648,4,0,0.015402913460428611,0.10162463471846905,0.13588708060303653,0.5273626328265045,0.7214040697545379,0.7676100778917005,0.003267695641703179,1.191779091295482
0.75,0.3,1.2,0.12,0.72,0.38,0.25,0.6327720207253886,0.5101838019214366,0.8702757916241062,0.6602756141402037,0.0,0.5396669931439765,0.8503086419753086,0.14969135802469136,0.0,648,4,0,0.015164233488819805,0.10162463471846905,0.13588708060303653,0.5273626328265045,0.7214040697545379,0.7676100778917005,0.003267695641703179,1.191779091295482
0.75,0.2,1.2,0.04,0.66,0.42,0.25,0.6327720207253886,0.5101838019214366,0.8702757916241062,0.6602756141402037,0.0,0.5396669931439765,0.8503086419753086,0.14969135802469136,0.0,648,4,0,0.015472706844479118,0.10162463471846905,0.13588708060303653,0.5273626328265045,0.7214040697545379,0.7676100778917005,0.003267695641703179,1.191779091295482
0.75,0.3,1.2,0.12,0.6,0.38,0.25,0.6327720207253886,0.5101838019214366,0.8702757916241062,0.6602756141402037,0.0,0.5396669931439765,0.8503086419753086,0.14969135802469136,0.0,648,4,0,0.015291852646203542,0.10162463471846905,0.13588708060303653,0.5273626328265045,0.7214040697545379,0.7676100778917005,0.003267695641703179,1.191779091295482
0.75,0.2,1.2,0.08,0.6,0.42,0.25,0.6327720207253886,0.5101838019214366,0.8702757916241062,0.6602756141402037,0.0,0.5396669931439765,0.8503086419753086,0.14969135802469136,0.0,648,4,0,0.015587150272276029,0.10162463471846905,0.13588708060303653,0.5273626328265045,0.7214040697545379,0.7676100778917005,0.003267695641703179,1.191779091295482
0.75,0.2,1.2,0.08,0.66,0.42,0.25,0.6327720207253886,0.5101838019214366,0.8702757916241062,0.6602756141402037,0.0,0.5396669931439765,0.8503086419753086,0.14969135802469136,0.0,648,4,0,0.015472706844479118,0.10162463471846905,0.13588708060303653,0.5273626328265045,0.7214040697545379,0.7676100778917005,0.003267695641703179,1.191779091295482
0.75,0.2,1.2,0.04,0.6,0.42,0.25,0.6327720207253886,0.5101838019214366,0.8702757916241062,0.6602756141402037,0.0,0.5396669931439765,0.8503086419753086,0.14969135802469136,0.0,648,4,0,0.015587150272276029,0.10162463471846905,0.13588708060303653,0.5273626328265045,0.7214040697545379,0.7676100778917005,0.003267695641703179,1.191779091295482
0.75,0.3,1.2,0.12,0.66,0.38,0.25,0.6327720207253886,0.5101838019214366,0.8702757916241062,0.6602756141402037,0.0,0.5396669931439765,0.8503086419753086,0.14969135802469136,0.0,648,4,0,0.015203453545965029,0.10162463471846905,0.13588708060303653,0.5273626328265045,0.7214040697545379,0.7676100778917005,0.003267695641703179,1.191779091295482
0.75,0.2,1.2,0.04,0.72,0.42,0.25,0.6327720207253886,0.5101838019214366,0.8702757916241062,0.6602756141402037,0.0,0.5396669931439765,0.8503086419753086,0.14969135802469136,0.0,648,4,0,0.015415038021440286,0.10162463471846905,0.13588708060303653,0.5273626328265045,0.7214040697545379,0.7676100778917005,0.003267695641703179,1.191779091295482
0.75,0.2,1.2,0.12,0.6,0.42,0.25,0.6327720207253886,0.5101838019214366,0.8702757916241062,0.6602756141402037,0.0,0.5396669931439765,0.8503086419753086,0.14969135802469136,0.0,648,4,0,0.015587150272276029,0.10162463471846905,0.13588708060303653,0.5273626328265045,0.7214040697545379,0.7676100778917005,0.003267695641703179,1.191779091295482
0.75,0.1,1.0,0.12,0.6,0.34,0.25,0.6327720207253886,0.5101838019214366,0.8702757916241062,0.6602756141402037,0.0,0.5396669931439765,0.8503086419753086,0.14969135802469136,0.0,648,4,0,0.016604984821362672,0.10162463471846905,0.13588708060303653,0.5273626328265045,0.7214040697545379,0.7676100778917005,0.003267695641703179,1.191779091295482
0.75,0.3,1.2,0.08,0.6,0.38,0.25,0.6327720207253886,0.5101838019214366,0.8702757916241062,0.6602756141402037,0.0,0.5396669931439765,0.8503086419753086,0.14969135802469136,0.0,648,4,0,0.015291852646203542,0.10162463471846905,0.13588708060303653,0.5273626328265045,0.7214040697545379,0.7676100778917005,0.003267695641703179,1.191779091295482
0.75,0.3,1.2,0.04,0.72,0.42,0.25,0.6327720207253886,0.5101838019214366,0.8702757916241062,0.6602756141402037,0.0,0.5396669931439765,0.8503086419753086,0.14969135802469136,0.0,648,4,0,0.015364771144158634,0.10162463471846905,0.13588708060303653,0.5273626328265045,0.7214040697545379,0.7676100778917005,0.003267695641703179,1.191779091295482
0.75,0.1,1.0,0.04,0.66,0.34,0.25,0.6327720207253886,0.5101838019214366,0.8702757916241062,0.6602756141402037,0.0,0.5396669931439765,0.8503086419753086,0.14969135802469136,0.0,648,4,0,0.016456471036870635,0.10162463471846905,0.13588708060303653,0.5273626328265045,0.7214040697545379,0.7676100778917005,0.003267695641703179,1.191779091295482
0.75,0.1,1.0,0.04,0.72,0.34,0.25,0.6327720207253886,0.5101838019214366,0.8702757916241062,0.6602756141402037,0.0,0.5396669931439765,0.8503086419753086,0.14969135802469136,0.0,648,4,0,0.016368530591341936,0.10162463471846905,0.13588708060303653,0.5273626328265045,0.7214040697545379,0.7676100778917005,0.003267695641703179,1.191779091295482
0.75,0.1,1.0,0.04,0.6,0.34,0.25,0.6327720207253886,0.5101838019214366,0.8702757916241062,0.6602756141402037,0.0,0.5396669931439765,0.8503086419753086,0.14969135802469136,0.0,648,4,0,0.016604984821362672,0.10162463471846905,0.13588708060303653,0.5273626328265045,0.7214040697545379,0.7676100778917005,0.003267695641703179,1.191779091295482
0.75,0.3,1.2,0.08,0.66,0.38,0.25,0.6327720207253886,0.5101838019214366,0.8702757916241062,0.6602756141402037,0.0,0.5396669931439765,0.8503086419753086,0.14969135802469136,0.0,648,4,0,0.015203453545965029,0.10162463471846905,0.13588708060303653,0.5273626328265045,0.7214040697545379,0.7676100778917005,0.003267695641703179,1.191779091295482
0.75,0.3,1.2,0.08,0.6,0.42,0.25,0.6327720207253886,0.5101838019214366,0.8702757916241062,0.6602756141402037,0.0,0.5396669931439765,0.8503086419753086,0.14969135802469136,0.0,648,4,0,0.01548951685015917,0.10162463471846905,0.13588708060303653,0.5273626328265045,0.7214040697545379,0.7676100778917005,0.003267695641703179,1.191779091295482
0.75,0.3,1.2,0.08,0.72,0.38,0.25,0.6327720207253886,0.5101838019214366,0.8702757916241062,0.6602756141402037,0.0,0.5396669931439765,0.8503086419753086,0.14969135802469136,0.0,648,4,0,0.015164233488819805,0.10162463471846905,0.13588708060303653,0.5273626328265045,0.7214040697545379,0.7676100778917005,0.003267695641703179,1.191779091295482
0.75,0.3,1.2,0.08,0.66,0.42,0.25,0.6327720207253886,0.5101838019214366,0.8702757916241062,0.6602756141402037,0.0,0.5396669931439765,0.8503086419753086,0.14969135802469136,0.0,648,4,0,0.015402913460428611,0.10162463471846905,0.13588708060303653,0.5273626328265045,0.7214040697545379,0.7676100778917005,0.003267695641703179,1.191779091295482
0.75,0.3,1.2,0.08,0.72,0.42,0.25,0.6327720207253886,0.5101838019214366,0.8702757916241062,0.6602756141402037,0.0,0.5396669931439765,0.8503086419753086,0.14969135802469136,0.0,648,4,0,0.015364771144158634,0.10162463471846905,0.13588708060303653,0.5273626328265045,0.7214040697545379,0.7676100778917005,0.003267695641703179,1.191779091295482
0.75,0.1,1.0,0.08,0.72,0.34,0.25,0.6327720207253886,0.5101838019214366,0.8702757916241062,0.6602756141402037,0.0,0.5396669931439765,0.8503086419753086,0.14969135802469136,0.0,648,4,0,0.016368530591341936,0.10162463471846905,0.13588708060303653,0.5273626328265045,0.7214040697545379,0.7676100778917005,0.003267695641703179,1.191779091295482
0.75,0.1,1.0,0.08,0.66,0.34,0.25,0.6327720207253886,0.5101838019214366,0.8702757916241062,0.6602756141402037,0.0,0.5396669931439765,0.8503086419753086,0.14969135802469136,0.0,648,4,0,0.016456471036870635,0.10162463471846905,0.13588708060303653,0.5273626328265045,0.7214040697545379,0.7676100778917005,0.003267695641703179,1.191779091295482
0.75,0.1,1.0,0.08,0.6,0.34,0.25,0.6327720207253886,0.5101838019214366,0.8702757916241062,0.6602756141402037,0.0,0.5396669931439765,0.8503086419753086,0.14969135802469136,0.0,648,4,0,0.016604984821362672,0.10162463471846905,0.13588708060303653,0.5273626328265045,0.7214040697545379,0.7676100778917005,0.003267695641703179,1.191779091295482
0.75,0.2,1.0,0.08,0.6,0.34,0.25,0.6321243523316062,0.5095724644236513,0.869653767820774,0.65906362545018,0.0,0.5392927308447937,0.8472222222222222,0.1527777777777778,0.0,648,4,0,0.016568000471095697,0.10162463471846905,0.13588708060303653,0.5273626328265045,0.7214040697545379,0.7676100778917005,0.003267695641703179,1.1995195786685313
0.75,0.2,1.0,0.04,0.66,0.34,0.25,0.6321243523316062,0.5095724644236513,0.869653767820774,0.65906362545018,0.0,0.5392927308447937,0.8472222222222222,0.1527777777777778,0.0,648,4,0,0.016448111040604004,0.10162463471846905,0.13588708060303653,0.5273626328265045,0.7214040697545379,0.7676100778917005,0.003267695641703179,1.1995195786685313
0.75,0.2,1.0,0.08,0.66,0.34,0.25,0.6321243523316062,0.5095724644236513,0.869653767820774,0.65906362545018,0.0,0.5392927308447937,0.8472222222222222,0.1527777777777778,0.0,648,4,0,0.016448111040604004,0.10162463471846905,0.13588708060303653,0.5273626328265045,0.7214040697545379,0.7676100778917005,0.003267695641703179,1.1995195786685313
0.75,0.2,1.0,0.12,0.72,0.34,0.25,0.6321243523316062,0.5095724644236513,0.869653767820774,0.65906362545018,0.0,0.5392927308447937,0.8472222222222222,0.1527777777777778,0.0,648,4,0,0.01638088631401951,0.10162463471846905,0.13588708060303653,0.5273626328265045,0.7214040697545379,0.7676100778917005,0.003267695641703179,1.1995195786685313
0.75,0.2,1.0,0.12,0.6,0.34,0.25,0.6321243523316062,0.5095724644236513,0.869653767820774,0.65906362545018,0.0,0.5392927308447937,0.8472222222222222,0.1527777777777778,0.0,648,4,0,0.016568000471095697,0.10162463471846905,0.13588708060303653,0.5273626328265045,0.7214040697545379,0.7676100778917005,0.003267695641703179,1.1995195786685313
0.75,0.2,1.0,0.08,0.72,0.34,0.25,0.6321243523316062,0.5095724644236513,0.869653767820774,0.65906362545018,0.0,0.5392927308447937,0.8472222222222222,0.1527777777777778,0.0,648,4,0,0.01638088631401951,0.10162463471846905,0.13588708060303653,0.5273626328265045,0.7214040697545379,0.7676100778917005,0.003267695641703179,1.1995195786685313
0.75,0.2,1.0,0.04,0.6,0.34,0.25,0.6321243523316062,0.5095724644236513,0.869653767820774,0.65906362545018,0.0,0.5392927308447937,0.8472222222222222,0.1527777777777778,0.0,648,4,0,0.016568000471095697,0.10162463471846905,0.13588708060303653,0.5273626328265045,0.7214040697545379,0.7676100778917005,0.003267695641703179,1.1995195786685313
0.75,0.2,1.0,0.12,0.66,0.34,0.25,0.6321243523316062,0.5095724644236513,0.869653767820774,0.65906362545018,0.0,0.5392927308447937,0.8472222222222222,0.1527777777777778,0.0,648,4,0,0.016448111040604004,0.10162463471846905,0.13588708060303653,0.5273626328265045,0.7214040697545379,0.7676100778917005,0.003267695641703179,1.1995195786685313
0.75,0.2,1.0,0.04,0.72,0.34,0.25,0.6321243523316062,0.5095724644236513,0.869653767820774,0.65906362545018,0.0,0.5392927308447937,0.8472222222222222,0.1527777777777778,0.0,648,4,0,0.01638088631401951,0.10162463471846905,0.13588708060303653,0.5273626328265045,0.7214040697545379,0.7676100778917005,0.003267695641703179,1.1995195786685313
0.75,0.1,1.0,0.08,0.66,0.38,0.25,0.6314766839378239,0.5090565984662395,0.8685015290519877,0.6586682663467307,0.0,0.5387634936211972,0.8472222222222222,0.1527777777777778,0.0,648,4,0,0.016756339645774717,0.10162463471846905,0.13588708060303653,0.5273626328265045,0.7214040697545379,0.7676100778917005,0.003267695641703179,1.2006831130197255
0.75,0.1,1.0,0.08,0.72,0.38,0.25,0.6314766839378239,0.5090565984662395,0.8685015290519877,0.6586682663467307,0.0,0.5387634936211972,0.8472222222222222,0.1527777777777778,0.0,648,4,0,0.016669545848688967,0.10162463471846905,0.13588708060303653,0.5273626328265045,0.7214040697545379,0.7676100778917005,0.003267695641703179,1.2006831130197255
0.75,0.1,1.0,0.08,0.6,0.38,0.25,0.6314766839378239,0.5090565984662395,0.8685015290519877,0.6586682663467307,0.0,0.5387634936211972,0.8472222222222222,0.1527777777777778,0.0,648,4,0,0.01690320705471739,0.10162463471846905,0.13588708060303653,0.5273626328265045,0.7214040697545379,0.7676100778917005,0.003267695641703179,1.2006831130197255
0.75,0.1,1.0,0.04,0.72,0.38,0.25,0.6314766839378239,0.5090565984662395,0.8685015290519877,0.6586682663467307,0.0,0.5387634936211972,0.8472222222222222,0.1527777777777778,0.0,648,4,0,0.016669545848688967,0.10162463471846905,0.13588708060303653,0.5273626328265045,0.7214040697545379,0.7676100778917005,0.003267695641703179,1.2006831130197255
0.75,0.1,1.0,0.04,0.66,0.38,0.25,0.6314766839378239,0.5090565984662395,0.8685015290519877,0.6586682663467307,0.0,0.5387634936211972,0.8472222222222222,0.1527777777777778,0.0,648,4,0,0.016756339645774717,0.10162463471846905,0.13588708060303653,0.5273626328265045,0.7214040697545379,0.7676100778917005,0.003267695641703179,1.2006831130197255
0.75,0.1,1.0,0.12,0.6,0.38,0.25,0.6314766839378239,0.5090565984662395,0.8685015290519877,0.6586682663467307,0.0,0.5387634936211972,0.8472222222222222,0.1527777777777778,0.0,648,4,0,0.01690320705471739,0.10162463471846905,0.13588708060303653,0.5273626328265045,0.7214040697545379,0.7676100778917005,0.003267695641703179,1.2006831130197255
0.75,0.1,1.0,0.12,0.66,0.38,0.25,0.6314766839378239,0.5090565984662395,0.8685015290519877,0.6586682663467307,0.0,0.5387634936211972,0.8472222222222222,0.1527777777777778,0.0,648,4,0,0.016756339645774717,0.10162463471846905,0.13588708060303653,0.5273626328265045,0.7214040697545379,0.7676100778917005,0.003267695641703179,1.2006831130197255
0.75,0.1,1.0,0.12,0.72,0.38,0.25,0.6314766839378239,0.5090565984662395,0.8685015290519877,0.6586682663467307,0.0,0.5387634936211972,0.8472222222222222,0.1527777777777778,0.0,648,4,0,0.016669545848688967,0.10162463471846905,0.13588708060303653,0.5273626328265045,0.7214040697545379,0.7676100778917005,0.003267695641703179,1.2006831130197255
0.75,0.1,1.0,0.04,0.6,0.38,0.25,0.6314766839378239,0.5090565984662395,0.8685015290519877,0.6586682663467307,0.0,0.5387634936211972,0.8472222222222222,0.1527777777777778,0.0,648,4,0,0.01690320705471739,0.10162463471846905,0.13588708060303653,0.5273626328265045,0.7214040697545379,0.7676100778917005,0.003267695641703179,1.2006831130197255
0.75,0.3,1.0,0.12,0.66,0.38,0.25,0.6321243523316062,0.5095241817802793,0.8699186991869918,0.6586538461538461,0.0,0.5393700787401575,0.845679012345679,0.15432098765432098,0.0,648,4,0,0.016681125902515696,0.10162463471846905,0.13588708060303653,0.5273626328265045,0.7214040697545379,0.7676100778917005,0.003267695641703179,1.202808602052644
0.75,0.3,1.0,0.04,0.66,0.34,0.25,0.6321243523316062,0.5095241817802793,0.8699186991869918,0.6586538461538461,0.0,0.5393700787401575,0.845679012345679,0.15432098765432098,0.0,648,4,0,0.016447976621197413,0.10162463471846905,0.13588708060303653,0.5273626328265045,0.7214040697545379,0.7676100778917005,0.003267695641703179,1.202808602052644
0.75,0.3,1.0,0.04,0.66,0.38,0.25,0.6321243523316062,0.5095241817802793,0.8699186991869918,0.6586538461538461,0.0,0.5393700787401575,0.845679012345679,0.15432098765432098,0.0,648,4,0,0.016681125902515696,0.10162463471846905,0.13588708060303653,0.5273626328265045,0.7214040697545379,0.7676100778917005,0.003267695641703179,1.202808602052644
0.75,0.2,1.0,0.04,0.72,0.38,0.25,0.6321243523316062,0.5095241817802793,0.8699186991869918,0.6586538461538461,0.0,0.5393700787401575,0.845679012345679,0.15432098765432098,0.0,648,4,0,0.01664956055847386,0.10162463471846905,0.13588708060303653,0.5273626328265045,0.7214040697545379,0.7676100778917005,0.003267695641703179,1.202808602052644
0.75,0.3,1.0,0.08,0.66,0.34,0.25,0.6321243523316062,0.5095241817802793,0.8699186991869918,0.6586538461538461,0.0,0.5393700787401575,0.845679012345679,0.15432098765432098,0.0,648,4,0,0.016447976621197413,0.10162463471846905,0.13588708060303653,0.5273626328265045,0.7214040697545379,0.7676100778917005,0.003267695641703179,1.202808602052644
0.75,0.3,1.0,0.04,0.6,0.34,0.25,0.6321243523316062,0.5095241817802793,0.8699186991869918,0.6586538461538461,0.0,0.5393700787401575,0.845679012345679,0.15432098765432098,0.0,648,4,0,0.016542722273705793,0.10162463471846905,0.13588708060303653,0.5273626328265045,0.7214040697545379,0.7676100778917005,0.003267695641703179,1.202808602052644
0.75,0.3,1.0,0.08,0.72,0.38,0.25,0.6321243523316062,0.5095241817802793,0.8699186991869918,0.6586538461538461,0.0,0.5393700787401575,0.845679012345679,0.15432098765432098,0.0,648,4,0,0.016633178409656824,0.10162463471846905,0.13588708060303653,0.5273626328265045,0.7214040697545379,0.7676100778917005,0.003267695641703179,1.202808602052644
0.75,0.3,1.0,0.08,0.72,0.34,0.25,0.6321243523316062,0.5095241817802793,0.8699186991869918,0.6586538461538461,0.0,0.5393700787401575,0.845679012345679,0.15432098765432098,0.0,648,4,0,0.016398988306546118,0.10162463471846905,0.13588708060303653,0.5273626328265045,0.7214040697545379,0.7676100778917005,0.003267695641703179,1.202808602052644
0.75,0.3,1.0,0.04,0.72,0.34,0.25,0.6321243523316062,0.5095241817802793,0.8699186991869918,0.6586538461538461,0.0,0.5393700787401575,0.845679012345679,0.15432098765432098,0.0,648,4,0,0.016398988306546118,0.10162463471846905,0.13588708060303653,0.5273626328265045,0.7214040697545379,0.7676100778917005,0.003267695641703179,1.202808602052644
0.75,0.3,1.0,0.08,0.6,0.34,0.25,0.6321243523316062,0.5095241817802793,0.8699186991869918,0.6586538461538461,0.0,0.5393700787401575,0.845679012345679,0.15432098765432098,0.0,648,4,0,0.016542722273705793,0.10162463471846905,0.13588708060303653,0.5273626328265045,0.7214040697545379,0.7676100778917005,0.003267695641703179,1.202808602052644
0.75,0.3,1.0,0.08,0.66,0.38,0.25,0.6321243523316062,0.5095241817802793,0.8699186991869918,0.6586538461538461,0.0,0.5393700787401575,0.845679012345679,0.15432098765432098,0.0,648,4,0,0.016681125902515696,0.10162463471846905,0.13588708060303653,0.5273626328265045,0.7214040697545379,0.7676100778917005,0.003267695641703179,1.202808602052644
0.75,0.3,1.0,0.08,0.6,0.38,0.25,0.6321243523316062,0.5095241817802793,0.8699186991869918,0.6586538461538461,0.0,0.5393700787401575,0.845679012345679,0.15432098765432098,0.0,648,4,0,0.0167751004291518,0.10162463471846905,0.13588708060303653,0.5273626328265045,0.7214040697545379,0.7676100778917005,0.003267695641703179,1.202808602052644
0.75,0.3,1.0,0.04,0.72,0.38,0.25,0.6321243523316062,0.5095241817802793,0.8699186991869918,0.6586538461538461,0.0,0.5393700787401575,0.845679012345679,0.15432098765432098,0.0,648,4,0,0.016633178409656824,0.10162463471846905,0.13588708060303653,0.5273626328265045,0.7214040697545379,0.7676100778917005,0.003267695641703179,1.202808602052644
0.75,0.3,1.0,0.12,0.6,0.34,0.25,0.6321243523316062,0.5095241817802793,0.8699186991869918,0.6586538461538461,0.0,0.5393700787401575,0.845679012345679,0.15432098765432098,0.0,648,4,0,0.016542722273705793,0.10162463471846905,0.13588708060303653,0.5273626328265045,0.7214040697545379,0.7676100778917005,0.003267695641703179,1.202808602052644
0.75,0.3,1.0,0.12,0.66,0.34,0.25,0.6321243523316062,0.5095241817802793,0.8699186991869918,0.6586538461538461,0.0,0.5393700787401575,0.845679012345679,0.15432098765432098,0.0,648,4,0,0.016447976621197413,0.10162463471846905,0.13588708060303653,0.5273626328265045,0.7214040697545379,0.7676100778917005,0.003267695641703179,1.202808602052644
0.75,0.2,1.0,0.04,0.72,0.42,0.25,0.6321243523316062,0.5095241817802793,0.8699186991869918,0.6586538461538461,0.0,0.5393700787401575,0.845679012345679,0.15432098765432098,0.0,648,4,0,0.01688278692153781,0.10162463471846905,0.13588708060303653,0.5273626328265045,0.7214040697545379,0.7676100778917005,0.003267695641703179,1.202808602052644
0.75,0.2,1.0,0.12,0.6,0.42,0.25,0.6321243523316062,0.5095241817802793,0.8699186991869918,0.6586538461538461,0.0,0.5393700787401575,0.845679012345679,0.15432098765432098,0.0,648,4,0,0.017064649447026792,0.10162463471846905,0.13588708060303653,0.5273626328265045,0.7214040697545379,0.7676100778917005,0.003267695641703179,1.202808602052644
0.75,0.2,1.0,0.12,0.66,0.38,0.25,0.6321243523316062,0.5095241817802793,0.8699186991869918,0.6586538461538461,0.0,0.5393700787401575,0.845679012345679,0.15432098765432098,0.0,648,4,0,0.016715689153203775,0.10162463471846905,0.13588708060303653,0.5273626328265045,0.7214040697545379,0.7676100778917005,0.003267695641703179,1.202808602052644
0.75,0.2,1.0,0.12,0.66,0.42,0.25,0.6321243523316062,0.5095241817802793,0.8699186991869918,0.6586538461538461,0.0,0.5393700787401575,0.845679012345679,0.15432098765432098,0.0,648,4,0,0.016947029696161447,0.10162463471846905,0.13588708060303653,0.5273626328265045,0.7214040697545379,0.7676100778917005,0.003267695641703179,1.202808602052644
0.75,0.2,1.0,0.12,0.72,0.38,0.25,0.6321243523316062,0.5095241817802793,0.8699186991869918,0.6586538461538461,0.0,0.5393700787401575,0.845679012345679,0.15432098765432098,0.0,648,4,0,0.01664956055847386,0.10162463471846905,0.13588708060303653,0.5273626328265045,0.7214040697545379,0.7676100778917005,0.003267695641703179,1.202808602052644
0.75,0.2,1.0,0.12,0.72,0.42,0.25,0.6321243523316062,0.5095241817802793,0.8699186991869918,0.6586538461538461,0.0,0.5393700787401575,0.845679012345679,0.15432098765432098,0.0,648,4,0,0.01688278692153781,0.10162463471846905,0.13588708060303653,0.5273626328265045,0.7214040697545379,0.7676100778917005,0.003267695641703179,1.202808602052644
0.75,0.2,1.0,0.04,0.66,0.38,0.25,0.6321243523316062,0.5095241817802793,0.8699186991869918,0.6586538461538461,0.0,0.5393700787401575,0.845679012345679,0.15432098765432098,0.0,648,4,0,0.016715689153203775,0.10162463471846905,0.13588708060303653,0.5273626328265045,0.7214040697545379,0.7676100778917005,0.003267695641703179,1.202808602052644
0.75,0.2,1.0,0.04,0.66,0.42,0.25,0.6321243523316062,0.5095241817802793,0.8699186991869918,0.6586538461538461,0.0,0.5393700787401575,0.845679012345679,0.15432098765432098,0.0,648,4,0,0.016947029696161447,0.10162463471846905,0.13588708060303653,0.5273626328265045,0.7214040697545379,0.7676100778917005,0.003267695641703179,1.202808602052644
0.75,0.2,1.0,0.04,0.6,0.38,0.25,0.6321243523316062,0.5095241817802793,0.8699186991869918,0.6586538461538461,0.0,0.5393700787401575,0.845679012345679,0.15432098765432098,0.0,648,4,0,0.016834525584736068,0.10162463471846905,0.13588708060303653,0.5273626328265045,0.7214040697545379,0.7676100778917005,0.003267695641703179,1.202808602052644
0.75,0.2,1.0,0.04,0.6,0.42,0.25,0.6321243523316062,0.5095241817802793,0.8699186991869918,0.6586538461538461,0.0,0.5393700787401575,0.845679012345679,0.15432098765432098,0.0,648,4,0,0.017064649447026792,0.10162463471846905,0.13588708060303653,0.5273626328265045,0.7214040697545379,0.7676100778917005,0.003267695641703179,1.202808602052644
0.75,0.2,1.0,0.08,0.72,0.38,0.25,0.6321243523316062,0.5095241817802793,0.8699186991869918,0.6586538461538461,0.0,0.5393700787401575,0.845679012345679,0.15432098765432098,0.0,648,4,0,0.01664956055847386,0.10162463471846905,0.13588708060303653,0.5273626328265045,0.7214040697545379,0.7676100778917005,0.003267695641703179,1.202808602052644
0.75,0.2,1.0,0.08,0.72,0.42,0.25,0.6321243523316062,0.5095241817802793,0.8699186991869918,0.6586538461538461,0.0,0.5393700787401575,0.845679012345679,0.15432098765432098,0.0,648,4,0,0.01688278692153781,0.10162463471846905,0.13588708060303653,0.5273626328265045,0.7214040697545379,0.7676100778917005,0.003267695641703179,1.202808602052644
0.75,0.2,1.0,0.12,0.6,0.38,0.25,0.6321243523316062,0.5095241817802793,0.8699186991869918,0.6586538461538461,0.0,0.5393700787401575,0.845679012345679,0.15432098765432098,0.0,648,4,0,0.016834525584736068,0.10162463471846905,0.13588708060303653,0.5273626328265045,0.7214040697545379,0.7676100778917005,0.003267695641703179,1.202808602052644
0.75,0.2,1.0,0.08,0.66,0.42,0.25,0.6321243523316062,0.5095241817802793,0.8699186991869918,0.6586538461538461,0.0,0.5393700787401575,0.845679012345679,0.15432098765432098,0.0,648,4,0,0.016947029696161447,0.10162463471846905,0.13588708060303653,0.5273626328265045,0.7214040697545379,0.7676100778917005,0.003267695641703179,1.202808602052644
0.75,0.2,1.0,0.08,0.66,0.38,0.25,0.6321243523316062,0.5095241817802793,0.8699186991869918,0.6586538461538461,0.0,0.5393700787401575,0.845679012345679,0.15432098765432098,0.0,648,4,0,0.016715689153203775,0.10162463471846905,0.13588708060303653,0.5273626328265045,0.7214040697545379,0.7676100778917005,0.003267695641703179,1.202808602052644
0.75,0.2,1.0,0.08,0.6,0.42,0.25,0.6321243523316062,0.5095241817802793,0.8699186991869918,0.6586538461538461,0.0,0.5393700787401575,0.845679012345679,0.15432098765432098,0.0,648,4,0,0.017064649447026792,0.10162463471846905,0.13588708060303653,0.5273626328265045,0.7214040697545379,0.7676100778917005,0.003267695641703179,1.202808602052644
0.75,0.2,1.0,0.08,0.6,0.38,0.25,0.6321243523316062,0.5095241817802793,0.8699186991869918,0.6586538461538461,0.0,0.5393700787401575,0.845679012345679,0.15432098765432098,0.0,648,4,0,0.016834525584736068,0.10162463471846905,0.13588708060303653,0.5273626328265045,0.7214040697545379,0.7676100778917005,0.003267695641703179,1.202808602052644
0.75,0.3,1.0,0.04,0.6,0.38,0.25,0.6321243523316062,0.5095241817802793,0.8699186991869918,0.6586538461538461,0.0,0.5393700787401575,0.845679012345679,0.15432098765432098,0.0,648,4,0,0.0167751004291518,0.10162463471846905,0.13588708060303653,0.5273626328265045,0.7214040697545379,0.7676100778917005,0.003267695641703179,1.202808602052644
0.75,0.1,1.0,0.04,0.6,0.42,0.25,0.6321243523316062,0.5095241817802793,0.8699186991869918,0.6586538461538461,0.0,0.5393700787401575,0.845679012345679,0.15432098765432098,0.0,648,4,0,0.017159962096125022,0.10162463471846905,0.13588708060303653,0.5273626328265045,0.7214040697545379,0.7676100778917005,0.003267695641703179,1.202808602052644
0.75,0.1,1.0,0.04,0.72,0.42,0.25,0.6321243523316062,0.5095241817802793,0.8699186991869918,0.6586538461538461,0.0,0.5393700787401575,0.845679012345679,0.15432098765432098,0.0,648,4,0,0.016930355424825273,0.10162463471846905,0.13588708060303653,0.5273626328265045,0.7214040697545379,0.7676100778917005,0.003267695641703179,1.202808602052644
0.75,0.1,1.0,0.08,0.6,0.42,0.25,0.6321243523316062,0.5095241817802793,0.8699186991869918,0.6586538461538461,0.0,0.5393700787401575,0.845679012345679,0.15432098765432098,0.0,648,4,0,0.017159962096125022,0.10162463471846905,0.13588708060303653,0.5273626328265045,0.7214040697545379,0.7676100778917005,0.003267695641703179,1.202808602052644
0.75,0.1,1.0,0.08,0.66,0.42,0.25,0.6321243523316062,0.5095241817802793,0.8699186991869918,0.6586538461538461,0.0,0.5393700787401575,0.845679012345679,0.15432098765432098,0.0,648,4,0,0.017014374000491914,0.10162463471846905,0.13588708060303653,0.5273626328265045,0.7214040697545379,0.7676100778917005,0.003267695641703179,1.202808602052644
0.75,0.1,1.0,0.04,0.66,0.42,0.25,0.6321243523316062,0.5095241817802793,0.8699186991869918,0.6586538461538461,0.0,0.5393700787401575,0.845679012345679,0.15432098765432098,0.0,648,4,0,0.017014374000491914,0.10162463471846905,0.13588708060303653,0.5273626328265045,0.7214040697545379,0.7676100778917005,0.003267695641703179,1.202808602052644
0.75,0.1,1.0,0.12,0.6,0.42,0.25,0.6321243523316062,0.5095241817802793,0.8699186991869918,0.6586538461538461,0.0,0.5393700787401575,0.845679012345679,0.15432098765432098,0.0,648,4,0,0.017159962096125022,0.10162463471846905,0.13588708060303653,0.5273626328265045,0.7214040697545379,0.7676100778917005,0.003267695641703179,1.202808602052644
0.75,0.1,1.0,0.08,0.72,0.42,0.25,0.6321243523316062,0.5095241817802793,0.8699186991869918,0.6586538461538461,0.0,0.5393700787401575,0.845679012345679,0.15432098765432098,0.0,648,4,0,0.016930355424825273,0.10162463471846905,0.13588708060303653,0.5273626328265045,0.7214040697545379,0.7676100778917005,0.003267695641703179,1.202808602052644
0.75,0.1,1.0,0.12,0.66,0.42,0.25,0.6321243523316062,0.5095241817802793,0.8699186991869918,0.6586538461538461,0.0,0.5393700787401575,0.845679012345679,0.15432098765432098,0.0,648,4,0,0.017014374000491914,0.10162463471846905,0.13588708060303653,0.5273626328265045,0.7214040697545379,0.7676100778917005,0.003267695641703179,1.202808602052644
0.75,0.3,1.0,0.12,0.72,0.34,0.25,0.6321243523316062,0.5095241817802793,0.8699186991869918,0.6586538461538461,0.0,0.5393700787401575,0.845679012345679,0.15432098765432098,0.0,648,4,0,0.016398988306546118,0.10162463471846905,0.13588708060303653,0.5273626328265045,0.7214040697545379,0.7676100778917005,0.003267695641703179,1.202808602052644
0.75,0.3,1.0,0.12,0.6,0.38,0.25,0.6321243523316062,0.5095241817802793,0.8699186991869918,0.6586538461538461,0.0,0.5393700787401575,0.845679012345679,0.15432098765432098,0.0,648,4,0,0.0167751004291518,0.10162463471846905,0.13588708060303653,0.5273626328265045,0.7214040697545379,0.7676100778917005,0.003267695641703179,1.202808602052644
0.75,0.1,1.0,0.12,0.72,0.42,0.25,0.6321243523316062,0.5095241817802793,0.8699186991869918,0.6586538461538461,0.0,0.5393700787401575,0.845679012345679,0.15432098765432098,0.0,648,4,0,0.016930355424825273,0.10162463471846905,0.13588708060303653,0.5273626328265045,0.7214040697545379,0.7676100778917005,0.003267695641703179,1.202808602052644
0.75,0.3,1.0,0.12,0.72,0.38,0.25,0.6321243523316062,0.5095241817802793,0.8699186991869918,0.6586538461538461,0.0,0.5393700787401575,0.845679012345679,0.15432098765432098,0.0,648,4,0,0.016633178409656824,0.10162463471846905,0.13588708060303653,0.5273626328265045,0.7214040697545379,0.7676100778917005,0.003267695641703179,1.202808602052644
0.75,0.3,1.0,0.04,0.66,0.42,0.25,0.6314766839378239,0.5089609323252272,0.8690355329949239,0.6578472639807577,0.0,0.5389162561576355,0.8441358024691358,0.1558641975308642,0.0,648,4,0,0.01688497857018052,0.10162463471846905,0.13588708060303653,0.5273626328265045,0.7214040697545379,0.7676100778917005,0.003267695641703179,1.2072602606422191
0.75,0.3,1.0,0.12,0.6,0.42,0.25,0.6314766839378239,0.5089609323252272,0.8690355329949239,0.6578472639807577,0.0,0.5389162561576355,0.8441358024691358,0.1558641975308642,0.0,648,4,0,0.01697770069981702,0.10162463471846905,0.13588708060303653,0.5273626328265045,0.7214040697545379,0.7676100778917005,0.003267695641703179,1.2072602606422191
0.75,0.3,1.0,0.08,0.72,0.42,0.25,0.6314766839378239,0.5089609323252272,0.8690355329949239,0.6578472639807577,0.0,0.5389162561576355,0.8441358024691358,0.1558641975308642,0.0,648,4,0,0.016838696193364616,0.10162463471846905,0.13588708060303653,0.5273626328265045,0.7214040697545379,0.7676100778917005,0.003267695641703179,1.2072602606422191
0.75,0.3,1.0,0.12,0.66,0.42,0.25,0.6314766839378239,0.5089609323252272,0.8690355329949239,0.6578472639807577,0.0,0.5389162561576355,0.8441358024691358,0.1558641975308642,0.0,648,4,0,0.01688497857018052,0.10162463471846905,0.13588708060303653,0.5273626328265045,0.7214040697545379,0.7676100778917005,0.003267695641703179,1.2072602606422191
0.75,0.3,1.0,0.12,0.72,0.42,0.25,0.6314766839378239,0.5089609323252272,0.8690355329949239,0.6578472639807577,0.0,0.5389162561576355,0.8441358024691358,0.1558641975308642,0.0,648,4,0,0.016838696193364616,0.10162463471846905,0.13588708060303653,0.5273626328265045,0.7214040697545379,0.7676100778917005,0.003267695641703179,1.2072602606422191
0.75,0.3,1.0,0.08,0.66,0.42,0.25,0.6314766839378239,0.5089609323252272,0.8690355329949239,0.6578472639807577,0.0,0.5389162561576355,0.8441358024691358,0.1558641975308642,0.0,648,4,0,0.01688497857018052,0.10162463471846905,0.13588708060303653,0.5273626328265045,0.7214040697545379,0.7676100778917005,0.003267695641703179,1.2072602606422191
0.75,0.3,1.0,0.04,0.6,0.42,0.25,0.6314766839378239,0.5089609323252272,0.8690355329949239,0.6578472639807577,0.0,0.5389162561576355,0.8441358024691358,0.1558641975308642,0.0,648,4,0,0.01697770069981702,0.10162463471846905,0.13588708060303653,0.5273626328265045,0.7214040697545379,0.7676100778917005,0.003267695641703179,1.2072602606422191
0.75,0.3,1.0,0.04,0.72,0.42,0.25,0.6314766839378239,0.5089609323252272,0.8690355329949239,0.6578472639807577,0.0,0.5389162561576355,0.8441358024691358,0.1558641975308642,0.0,648,4,0,0.016838696193364616,0.10162463471846905,0.13588708060303653,0.5273626328265045,0.7214040697545379,0.7676100778917005,0.003267695641703179,1.2072602606422191
0.75,0.3,1.0,0.08,0.6,0.42,0.25,0.6314766839378239,0.5089609323252272,0.8690355329949239,0.6578472639807577,0.0,0.5389162561576355,0.8441358024691358,0.1558641975308642,0.0,648,4,0,0.01697770069981702,0.10162463471846905,0.13588708060303653,0.5273626328265045,0.7214040697545379,0.7676100778917005,0.003267695641703179,1.2072602606422191
