eta,fine_weight,temperature,mid_floor,late_tau,early_tau,order_blend,val_Acc,val_Macro_F1,val_E_F1,val_M_F1,val_L_F1,val_M_Pre,val_M_Rec,val_M_to_E,val_M_to_L,val_n_middle_true,val_Rev,val_Jump,val_Smooth,val_q_MAE,val_q_RMSE,val_q_R2,val_Spearman,val_Pearson,val_q_Smooth,val_score
0.55,0.3,1.2,0.04,0.6,0.34,0.5,0.9151554404145078,0.9160540018604298,0.9504310344827587,0.9033210332103321,0.8944099378881988,0.8680851063829788,0.9415384615384615,0.05846153846153846,0.0,650,6,0,0.02221645637527151,0.07865655825673575,0.10601806053684325,0.6972860682526674,0.8821788579373513,0.8627467243422464,0.0031387521637707525,0.3074624975748196
0.55,0.3,1.2,0.08,0.6,0.34,0.5,0.9151554404145078,0.9160540018604298,0.9504310344827587,0.9033210332103321,0.8944099378881988,0.8680851063829788,0.9415384615384615,0.05846153846153846,0.0,650,6,0,0.02221645637527151,0.07865655825673575,0.10601806053684325,0.6972860682526674,0.8821788579373513,0.8627467243422464,0.0031387521637707525,0.3074624975748196
0.55,0.3,1.2,0.12,0.6,0.34,0.5,0.9151554404145078,0.9160540018604298,0.9504310344827587,0.9033210332103321,0.8944099378881988,0.8680851063829788,0.9415384615384615,0.05846153846153846,0.0,650,6,0,0.02221645637527151,0.07865655825673575,0.10601806053684325,0.6972860682526674,0.8821788579373513,0.8627467243422464,0.0031387521637707525,0.3074624975748196
0.55,0.3,1.2,0.12,0.66,0.34,0.5,0.9132124352331606,0.9140102757807629,0.9504310344827587,0.9013254786450663,0.8902743142144638,0.864406779661017,0.9415384615384615,0.05846153846153846,0.0,650,6,0,0.022232525854142798,0.07865655825673575,0.10601806053684325,0.6972860682526674,0.8821788579373513,0.8627467243422464,0.0031387521637707525,0.3114492288358337
0.55,0.3,1.2,0.04,0.66,0.34,0.5,0.9132124352331606,0.9140102757807629,0.9504310344827587,0.9013254786450663,0.8902743142144638,0.864406779661017,0.9415384615384615,0.05846153846153846,0.0,650,6,0,0.022232525854142798,0.07865655825673575,0.10601806053684325,0.6972860682526674,0.8821788579373513,0.8627467243422464,0.0031387521637707525,0.3114492288358337
0.55,0.3,1.2,0.08,0.66,0.34,0.5,0.9132124352331606,0.9140102757807629,0.9504310344827587,0.9013254786450663,0.8902743142144638,0.864406779661017,0.9415384615384615,0.05846153846153846,0.0,650,6,0,0.022232525854142798,0.07865655825673575,0.10601806053684325,0.6972860682526674,0.8821788579373513,0.8627467243422464,0.0031387521637707525,0.3114492288358337
0.55,0.3,1.2,0.12,0.72,0.34,0.5,0.9099740932642487,0.9105875105440954,0.9504310344827587,0.8980190755685987,0.8833124215809285,0.8583450210378681,0.9415384615384615,0.05846153846153846,0.0,650,7,0,0.02227020490988741,0.07865655825673575,0.10601806053684325,0.6972860682526674,0.8821788579373513,0.8627467243422464,0.0031387521637707525,0.31811033604141314
0.55,0.3,1.2,0.08,0.72,0.34,0.5,0.9099740932642487,0.9105875105440954,0.9504310344827587,0.8980190755685987,0.8833124215809285,0.8583450210378681,0.9415384615384615,0.05846153846153846,0.0,650,7,0,0.02227020490988741,0.07865655825673575,0.10601806053684325,0.6972860682526674,0.8821788579373513,0.8627467243422464,0.0031387521637707525,0.31811033604141314
0.55,0.3,1.2,0.04,0.72,0.34,0.5,0.9099740932642487,0.9105875105440954,0.9504310344827587,0.8980190755685987,0.8833124215809285,0.8583450210378681,0.9415384615384615,0.05846153846153846,0.0,650,7,0,0.02227020490988741,0.07865655825673575,0.10601806053684325,0.6972860682526674,0.8821788579373513,0.8627467243422464,0.0031387521637707525,0.31811033604141314
0.55,0.2,1.2,0.04,0.6,0.34,0.5,0.9119170984455959,0.9129914252092036,0.9454545454545454,0.8991097922848664,0.8944099378881988,0.8681948424068768,0.9323076923076923,0.06769230769230769,0.0,650,7,0,0.022779127408548202,0.07865655825673575,0.10601806053684325,0.6972860682526674,0.8821788579373513,0.8627467243422464,0.0031387521637707525,0.3331480315795732
0.55,0.2,1.2,0.12,0.6,0.34,0.5,0.9119170984455959,0.9129914252092036,0.9454545454545454,0.8991097922848664,0.8944099378881988,0.8681948424068768,0.9323076923076923,0.06769230769230769,0.0,650,7,0,0.022779127408548202,0.07865655825673575,0.10601806053684325,0.6972860682526674,0.8821788579373513,0.8627467243422464,0.0031387521637707525,0.3331480315795732
0.55,0.2,1.2,0.08,0.6,0.34,0.5,0.9119170984455959,0.9129914252092036,0.9454545454545454,0.8991097922848664,0.8944099378881988,0.8681948424068768,0.9323076923076923,0.06769230769230769,0.0,650,7,0,0.022779127408548202,0.07865655825673575,0.10601806053684325,0.6972860682526674,0.8821788579373513,0.8627467243422464,0.0031387521637707525,0.3331480315795732
0.55,0.2,1.2,0.08,0.66,0.34,0.5,0.9099740932642487,0.9109473697046218,0.9454545454545454,0.8971132494448557,0.8902743142144638,0.8644793152639088,0.9323076923076923,0.06769230769230769,0.0,650,7,0,0.022791933019373233,0.07865655825673575,0.10601806053684325,0.6972860682526674,0.8821788579373513,0.8627467243422464,0.0031387521637707525,0.3371350922655022
0.55,0.2,1.2,0.12,0.66,0.34,0.5,0.9099740932642487,0.9109473697046218,0.9454545454545454,0.8971132494448557,0.8902743142144638,0.8644793152639088,0.9323076923076923,0.06769230769230769,0.0,650,7,0,0.022791933019373233,0.07865655825673575,0.10601806053684325,0.6972860682526674,0.8821788579373513,0.8627467243422464,0.0031387521637707525,0.3371350922655022
0.55,0.2,1.2,0.04,0.66,0.34,0.5,0.9099740932642487,0.9109473697046218,0.9454545454545454,0.8971132494448557,0.8902743142144638,0.8644793152639088,0.9323076923076923,0.06769230769230769,0.0,650,7,0,0.022791933019373233,0.07865655825673575,0.10601806053684325,0.6972860682526674,0.8821788579373513,0.8627467243422464,0.0031387521637707525,0.3371350922655022
0.55,0.3,1.0,0.08,0.6,0.34,0.5,0.9106217616580311,0.9117838528897444,0.9433155080213904,0.8976261127596439,0.8944099378881988,0.8667621776504298,0.9307692307692308,0.06923076923076923,0.0,650,8,0,0.022844947594993913,0.07865655825673575,0.10601806053684325,0.6972860682526674,0.8821788579373513,0.8627467243422464,0.0031387521637707525,0.3388817099173663
0.55,0.3,1.0,0.04,0.6,0.34,0.5,0.9106217616580311,0.9117838528897444,0.9433155080213904,0.8976261127596439,0.8944099378881988,0.8667621776504298,0.9307692307692308,0.06923076923076923,0.0,650,8,0,0.022844947594993913,0.07865655825673575,0.10601806053684325,0.6972860682526674,0.8821788579373513,0.8627467243422464,0.0031387521637707525,0.3388817099173663
0.55,0.3,1.0,0.12,0.6,0.34,0.5,0.9106217616580311,0.9117838528897444,0.9433155080213904,0.8976261127596439,0.8944099378881988,0.8667621776504298,0.9307692307692308,0.06923076923076923,0.0,650,8,0,0.022844947594993913,0.07865655825673575,0.10601806053684325,0.6972860682526674,0.8821788579373513,0.8627467243422464,0.0031387521637707525,0.3388817099173663
0.55,0.3,1.0,0.04,0.66,0.34,0.5,0.9099740932642487,0.9111036818434292,0.9433155080213904,0.8969607116382505,0.8930348258706468,0.8655221745350501,0.9307692307692308,0.06923076923076923,0.0,650,8,0,0.022850841133367997,0.07865655825673575,0.10601806053684325,0.6972860682526674,0.8821788579373513,0.8627467243422464,0.0031387521637707525,0.34020954935746395
0.55,0.3,1.0,0.08,0.66,0.34,0.5,0.9099740932642487,0.9111036818434292,0.9433155080213904,0.8969607116382505,0.8930348258706468,0.8655221745350501,0.9307692307692308,0.06923076923076923,0.0,650,8,0,0.022850841133367997,0.07865655825673575,0.10601806053684325,0.6972860682526674,0.8821788579373513,0.8627467243422464,0.0031387521637707525,0.34020954935746395
0.55,0.3,1.0,0.12,0.66,0.34,0.5,0.9099740932642487,0.9111036818434292,0.9433155080213904,0.8969607116382505,0.8930348258706468,0.8655221745350501,0.9307692307692308,0.06923076923076923,0.0,650,8,0,0.022850841133367997,0.07865655825673575,0.10601806053684325,0.6972860682526674,0.8821788579373513,0.8627467243422464,0.0031387521637707525,0.34020954935746395
0.55,0.2,1.2,0.08,0.72,0.34,0.5,0.9073834196891192,0.9082104231842045,0.9454545454545454,0.8944649446494465,0.8847117794486216,0.8595744680851064,0.9323076923076923,0.06769230769230769,0.0,650,8,0,0.022833651454453686,0.07865655825673575,0.10601806053684325,0.6972860682526674,0.8821788579373513,0.8627467243422464,0.0031387521637707525,0.34246271236104897
0.55,0.2,1.2,0.12,0.72,0.34,0.5,0.9073834196891192,0.9082104231842045,0.9454545454545454,0.8944649446494465,0.8847117794486216,0.8595744680851064,0.9323076923076923,0.06769230769230769,0.0,650,8,0,0.022833651454453686,0.07865655825673575,0.10601806053684325,0.6972860682526674,0.8821788579373513,0.8627467243422464,0.0031387521637707525,0.34246271236104897
0.55,0.2,1.2,0.04,0.72,0.34,0.5,0.9073834196891192,0.9082104231842045,0.9454545454545454,0.8944649446494465,0.8847117794486216,0.8595744680851064,0.9323076923076923,0.06769230769230769,0.0,650,8,0,0.022833651454453686,0.07865655825673575,0.10601806053684325,0.6972860682526674,0.8821788579373513,0.8627467243422464,0.0031387521637707525,0.34246271236104897
0.55,0.3,1.0,0.04,0.72,0.34,0.5,0.9067357512953368,0.9076905305348171,0.9433155080213904,0.8936484490398818,0.886107634543179,0.859375,0.9307692307692308,0.06923076923076923,0.0,650,8,0,0.02287918591250318,0.07865655825673575,0.10601806053684325,0.6972860682526674,0.8821788579373513,0.8627467243422464,0.0031387521637707525,0.34686104263498796
0.55,0.3,1.0,0.08,0.72,0.34,0.5,0.9067357512953368,0.9076905305348171,0.9433155080213904,0.8936484490398818,0.886107634543179,0.859375,0.9307692307692308,0.06923076923076923,0.0,650,8,0,0.02287918591250318,0.07865655825673575,0.10601806053684325,0.6972860682526674,0.8821788579373513,0.8627467243422464,0.0031387521637707525,0.34686104263498796
0.55,0.3,1.0,0.12,0.72,0.34,0.5,0.9067357512953368,0.9076905305348171,0.9433155080213904,0.8936484490398818,0.886107634543179,0.859375,0.9307692307692308,0.06923076923076923,0.0,650,8,0,0.02287918591250318,0.07865655825673575,0.10601806053684325,0.6972860682526674,0.8821788579373513,0.8627467243422464,0.0031387521637707525,0.34686104263498796
0.55,0.3,1.2,0.08,0.6,0.34,0.25,0.9093264248704663,0.9106902564052461,0.9395546129374337,0.8953662182361734,0.8971499380421314,0.8706395348837209,0.9215384615384615,0.07846153846153846,0.0,650,7,0,0.0245016127031584,0.07865655825673575,0.10601806053684325,0.6972860682526674,0.8821788579373513,0.8627467243422464,0.0031387521637707525,0.3606552585740448
0.55,0.3,1.2,0.04,0.6,0.34,0.25,0.9093264248704663,0.9106902564052461,0.9395546129374337,0.8953662182361734,0.8971499380421314,0.8706395348837209,0.9215384615384615,0.07846153846153846,0.0,650,7,0,0.0245016127031584,0.07865655825673575,0.10601806053684325,0.6972860682526674,0.8821788579373513,0.8627467243422464,0.0031387521637707525,0.3606552585740448
0.55,0.3,1.2,0.12,0.6,0.34,0.25,0.9093264248704663,0.9106902564052461,0.9395546129374337,0.8953662182361734,0.8971499380421314,0.8706395348837209,0.9215384615384615,0.07846153846153846,0.0,650,7,0,0.0245016127031584,0.07865655825673575,0.10601806053684325,0.6972860682526674,0.8821788579373513,0.8627467243422464,0.0031387521637707525,0.3606552585740448
0.55,0.3,1.2,0.12,0.66,0.34,0.25,0.9073834196891192,0.9086508668758727,0.9395546129374337,0.8933631618195377,0.8930348258706468,0.8668596237337193,0.9215384615384615,0.07846153846153846,0.0,650,7,0,0.02450707062407461,0.07865655825673575,0.10601806053684325,0.6972860682526674,0.8821788579373513,0.8627467243422464,0.0031387521637707525,0.3646376532847654
0.55,0.3,1.2,0.08,0.66,0.34,0.25,0.9073834196891192,0.9086508668758727,0.9395546129374337,0.8933631618195377,0.8930348258706468,0.8668596237337193,0.9215384615384615,0.07846153846153846,0.0,650,7,0,0.02450707062407461,0.07865655825673575,0.10601806053684325,0.6972860682526674,0.8821788579373513,0.8627467243422464,0.0031387521637707525,0.3646376532847654
0.55,0.3,1.2,0.04,0.66,0.34,0.25,0.9073834196891192,0.9086508668758727,0.9395546129374337,0.8933631618195377,0.8930348258706468,0.8668596237337193,0.9215384615384615,0.07846153846153846,0.0,650,7,0,0.02450707062407461,0.07865655825673575,0.10601806053684325,0.6972860682526674,0.8821788579373513,0.8627467243422464,0.0031387521637707525,0.3646376532847654
0.55,0.2,1.0,0.12,0.6,0.34,0.5,0.9080310880829016,0.9094850367102337,0.9374337221633086,0.8938714499252616,0.8971499380421314,0.8691860465116279,0.92,0.08,0.0,650,6,0,0.02338373104626142,0.07865655825673575,0.10601806053684325,0.6972860682526674,0.8821788579373513,0.8627467243422464,0.0031387521637707525,0.3663865842873911
0.55,0.1,1.2,0.04,0.6,0.34,0.5,0.9080310880829016,0.9094850367102337,0.9374337221633086,0.8938714499252616,0.8971499380421314,0.8691860465116279,0.92,0.08,0.0,650,7,0,0.02329742576903097,0.07865655825673575,0.10601806053684325,0.6972860682526674,0.8821788579373513,0.8627467243422464,0.0031387521637707525,0.3663865842873911
0.55,0.1,1.2,0.12,0.6,0.34,0.5,0.9080310880829016,0.9094850367102337,0.9374337221633086,0.8938714499252616,0.8971499380421314,0.8691860465116279,0.92,0.08,0.0,650,7,0,0.02329742576903097,0.07865655825673575,0.10601806053684325,0.6972860682526674,0.8821788579373513,0.8627467243422464,0.0031387521637707525,0.3663865842873911
0.55,0.1,1.2,0.08,0.6,0.34,0.5,0.9080310880829016,0.9094850367102337,0.9374337221633086,0.8938714499252616,0.8971499380421314,0.8691860465116279,0.92,0.08,0.0,650,7,0,0.02329742576903097,0.07865655825673575,0.10601806053684325,0.6972860682526674,0.8821788579373513,0.8627467243422464,0.0031387521637707525,0.3663865842873911
0.55,0.2,1.0,0.08,0.6,0.34,0.5,0.9080310880829016,0.9094850367102337,0.9374337221633086,0.8938714499252616,0.8971499380421314,0.8691860465116279,0.92,0.08,0.0,650,6,0,0.02338373104626142,0.07865655825673575,0.10601806053684325,0.6972860682526674,0.8821788579373513,0.8627467243422464,0.0031387521637707525,0.3663865842873911
0.55,0.2,1.0,0.04,0.6,0.34,0.5,0.9080310880829016,0.9094850367102337,0.9374337221633086,0.8938714499252616,0.8971499380421314,0.8691860465116279,0.92,0.08,0.0,650,6,0,0.02338373104626142,0.07865655825673575,0.10601806053684325,0.6972860682526674,0.8821788579373513,0.8627467243422464,0.0031387521637707525,0.3663865842873911
0.55,0.3,1.2,0.08,0.72,0.34,0.25,0.905440414507772,0.9066041831484567,0.9395546129374337,0.8913690476190477,0.8888888888888888,0.8631123919308358,0.9215384615384615,0.07846153846153846,0.0,650,8,0,0.02452688533420926,0.07865655825673575,0.10601806053684325,0.6972860682526674,0.8821788579373513,0.8627467243422464,0.0031387521637707525,0.36862734219352855
0.55,0.3,1.2,0.12,0.72,0.34,0.25,0.905440414507772,0.9066041831484567,0.9395546129374337,0.8913690476190477,0.8888888888888888,0.8631123919308358,0.9215384615384615,0.07846153846153846,0.0,650,8,0,0.02452688533420926,0.07865655825673575,0.10601806053684325,0.6972860682526674,0.8821788579373513,0.8627467243422464,0.0031387521637707525,0.36862734219352855
0.55,0.3,1.2,0.04,0.72,0.34,0.25,0.905440414507772,0.9066041831484567,0.9395546129374337,0.8913690476190477,0.8888888888888888,0.8631123919308358,0.9215384615384615,0.07846153846153846,0.0,650,8,0,0.02452688533420926,0.07865655825673575,0.10601806053684325,0.6972860682526674,0.8821788579373513,0.8627467243422464,0.0031387521637707525,0.36862734219352855
0.55,0.1,1.2,0.12,0.66,0.34,0.5,0.9067357512953368,0.9081269911614477,0.9374337221633086,0.8925373134328358,0.8944099378881988,0.8666666666666667,0.92,0.08,0.0,650,7,0,0.02330381032632991,0.07865655825673575,0.10601806053684325,0.6972860682526674,0.8821788579373513,0.8627467243422464,0.0031387521637707525,0.36903996662374194
0.55,0.1,1.2,0.08,0.66,0.34,0.5,0.9067357512953368,0.9081269911614477,0.9374337221633086,0.8925373134328358,0.8944099378881988,0.8666666666666667,0.92,0.08,0.0,650,7,0,0.02330381032632991,0.07865655825673575,0.10601806053684325,0.6972860682526674,0.8821788579373513,0.8627467243422464,0.0031387521637707525,0.36903996662374194
0.55,0.1,1.2,0.04,0.66,0.34,0.5,0.9067357512953368,0.9081269911614477,0.9374337221633086,0.8925373134328358,0.8944099378881988,0.8666666666666667,0.92,0.08,0.0,650,7,0,0.02330381032632991,0.07865655825673575,0.10601806053684325,0.6972860682526674,0.8821788579373513,0.8627467243422464,0.0031387521637707525,0.36903996662374194
0.55,0.2,1.0,0.04,0.66,0.34,0.5,0.9060880829015544,0.9074467618477589,0.9374337221633086,0.8918717375093214,0.8930348258706468,0.8654124457308249,0.92,0.08,0.0,650,6,0,0.023387370633526847,0.07865655825673575,0.10601806053684325,0.6972860682526674,0.8821788579373513,0.8627467243422464,0.0031387521637707525,0.37036786433121316
0.55,0.2,1.0,0.12,0.66,0.34,0.5,0.9060880829015544,0.9074467618477589,0.9374337221633086,0.8918717375093214,0.8930348258706468,0.8654124457308249,0.92,0.08,0.0,650,6,0,0.023387370633526847,0.07865655825673575,0.10601806053684325,0.6972860682526674,0.8821788579373513,0.8627467243422464,0.0031387521637707525,0.37036786433121316
0.55,0.2,1.0,0.08,0.66,0.34,0.5,0.9060880829015544,0.9074467618477589,0.9374337221633086,0.8918717375093214,0.8930348258706468,0.8654124457308249,0.92,0.08,0.0,650,6,0,0.023387370633526847,0.07865655825673575,0.10601806053684325,0.6972860682526674,0.8821788579373513,0.8627467243422464,0.0031387521637707525,0.37036786433121316
0.55,0.3,1.2,0.12,0.6,0.38,0.5,0.9067357512953368,0.908117585689562,0.9375661375661376,0.8923766816143498,0.8944099378881988,0.8677325581395349,0.9184615384615384,0.08153846153846153,0.0,650,6,0,0.022979736794588354,0.07865655825673575,0.10601806053684325,0.6972860682526674,0.8821788579373513,0.8627467243422464,0.0031387521637707525,0.3722801413263969
0.55,0.3,1.2,0.04,0.6,0.38,0.5,0.9067357512953368,0.908117585689562,0.9375661375661376,0.8923766816143498,0.8944099378881988,0.8677325581395349,0.9184615384615384,0.08153846153846153,0.0,650,6,0,0.022979736794588354,0.07865655825673575,0.10601806053684325,0.6972860682526674,0.8821788579373513,0.8627467243422464,0.0031387521637707525,0.3722801413263969
0.55,0.3,1.2,0.08,0.6,0.38,0.5,0.9067357512953368,0.908117585689562,0.9375661375661376,0.8923766816143498,0.8944099378881988,0.8677325581395349,0.9184615384615384,0.08153846153846153,0.0,650,6,0,0.022979736794588354,0.07865655825673575,0.10601806053684325,0.6972860682526674,0.8821788579373513,0.8627467243422464,0.0031387521637707525,0.3722801413263969
0.55,0.2,1.0,0.04,0.72,0.34,0.5,0.9041450777202072,0.9054011878110498,0.9374337221633086,0.8898809523809523,0.8888888888888888,0.861671469740634,0.92,0.08,0.0,650,6,0,0.02341472148095625,0.07865655825673575,0.10601806053684325,0.6972860682526674,0.8821788579373513,0.8627467243422464,0.0031387521637707525,0.37435644354926934
0.55,0.2,1.0,0.08,0.72,0.34,0.5,0.9041450777202072,0.9054011878110498,0.9374337221633086,0.8898809523809523,0.8888888888888888,0.861671469740634,0.92,0.08,0.0,650,6,0,0.02341472148095625,0.07865655825673575,0.10601806053684325,0.6972860682526674,0.8821788579373513,0.8627467243422464,0.0031387521637707525,0.37435644354926934
0.55,0.2,1.0,0.12,0.72,0.34,0.5,0.9041450777202072,0.9054011878110498,0.9374337221633086,0.8898809523809523,0.8888888888888888,0.861671469740634,0.92,0.08,0.0,650,6,0,0.02341472148095625,0.07865655825673575,0.10601806053684325,0.6972860682526674,0.8821788579373513,0.8627467243422464,0.0031387521637707525,0.37435644354926934
0.55,0.1,1.0,0.12,0.6,0.34,0.5,0.9067357512953368,0.9082717474513807,0.9354497354497354,0.8922155688622755,0.8971499380421314,0.8688046647230321,0.916923076923077,0.08307692307692308,0.0,650,6,0,0.023902851510335093,0.07865655825673575,0.10601806053684325,0.6972860682526674,0.8821788579373513,0.8627467243422464,0.0031387521637707525,0.3753567487953474
0.55,0.1,1.0,0.08,0.6,0.34,0.5,0.9067357512953368,0.9082717474513807,0.9354497354497354,0.8922155688622755,0.8971499380421314,0.8688046647230321,0.916923076923077,0.08307692307692308,0.0,650,6,0,0.023902851510335093,0.07865655825673575,0.10601806053684325,0.6972860682526674,0.8821788579373513,0.8627467243422464,0.0031387521637707525,0.3753567487953474
0.55,0.1,1.0,0.04,0.6,0.34,0.5,0.9067357512953368,0.9082717474513807,0.9354497354497354,0.8922155688622755,0.8971499380421314,0.8688046647230321,0.916923076923077,0.08307692307692308,0.0,650,6,0,0.023902851510335093,0.07865655825673575,0.10601806053684325,0.6972860682526674,0.8821788579373513,0.8627467243422464,0.0031387521637707525,0.3753567487953474
0.55,0.3,1.2,0.04,0.66,0.38,0.5,0.9047927461139896,0.9060735883265689,0.9375661375661376,0.8903803131991052,0.8902743142144638,0.8639652677279306,0.9184615384615384,0.08153846153846153,0.0,650,6,0,0.02299826025436257,0.07865655825673575,0.10601806053684325,0.6972860682526674,0.8821788579373513,0.8627467243422464,0.0031387521637707525,0.3762671438707372
0.55,0.3,1.2,0.08,0.66,0.38,0.5,0.9047927461139896,0.9060735883265689,0.9375661375661376,0.8903803131991052,0.8902743142144638,0.8639652677279306,0.9184615384615384,0.08153846153846153,0.0,650,6,0,0.02299826025436257,0.07865655825673575,0.10601806053684325,0.6972860682526674,0.8821788579373513,0.8627467243422464,0.0031387521637707525,0.3762671438707372
0.55,0.3,1.2,0.12,0.66,0.38,0.5,0.9047927461139896,0.9060735883265689,0.9375661375661376,0.8903803131991052,0.8902743142144638,0.8639652677279306,0.9184615384615384,0.08153846153846153,0.0,650,6,0,0.02299826025436257,0.07865655825673575,0.10601806053684325,0.6972860682526674,0.8821788579373513,0.8627467243422464,0.0031387521637707525,0.3762671438707372
0.55,0.3,1.0,0.08,0.6,0.38,0.5,0.9060880829015544,0.9075110776919679,0.9365750528541226,0.8915482423335827,0.8944099378881988,0.8675400291120815,0.916923076923077,0.08307692307692308,0.0,650,7,0,0.023587079359151723,0.07865655825673575,0.10601806053684325,0.6972860682526674,0.8821788579373513,0.8627467243422464,0.0031387521637707525,0.3767650869485426
0.55,0.3,1.0,0.12,0.6,0.38,0.5,0.9060880829015544,0.9075110776919679,0.9365750528541226,0.8915482423335827,0.8944099378881988,0.8675400291120815,0.916923076923077,0.08307692307692308,0.0,650,7,0,0.023587079359151723,0.07865655825673575,0.10601806053684325,0.6972860682526674,0.8821788579373513,0.8627467243422464,0.0031387521637707525,0.3767650869485426
0.55,0.3,1.0,0.04,0.6,0.38,0.5,0.9060880829015544,0.9075110776919679,0.9365750528541226,0.8915482423335827,0.8944099378881988,0.8675400291120815,0.916923076923077,0.08307692307692308,0.0,650,7,0,0.023587079359151723,0.07865655825673575,0.10601806053684325,0.6972860682526674,0.8821788579373513,0.8627467243422464,0.0031387521637707525,0.3767650869485426
0.55,0.1,1.2,0.12,0.72,0.34,0.5,0.9028497409326425,0.9040333497094929,0.9374337221633086,0.888558692421991,0.886107634543179,0.8591954022988506,0.92,0.08,0.0,650,7,0,0.0233432322508319,0.07865655825673575,0.10601806053684325,0.6972860682526674,0.8821788579373513,0.8627467243422464,0.0031387521637707525,0.37701961843839105
0.55,0.1,1.2,0.04,0.72,0.34,0.5,0.9028497409326425,0.9040333497094929,0.9374337221633086,0.888558692421991,0.886107634543179,0.8591954022988506,0.92,0.08,0.0,650,7,0,0.0233432322508319,0.07865655825673575,0.10601806053684325,0.6972860682526674,0.8821788579373513,0.8627467243422464,0.0031387521637707525,0.37701961843839105
0.55,0.1,1.2,0.08,0.72,0.34,0.5,0.9028497409326425,0.9040333497094929,0.9374337221633086,0.888558692421991,0.886107634543179,0.8591954022988506,0.92,0.08,0.0,650,7,0,0.0233432322508319,0.07865655825673575,0.10601806053684325,0.6972860682526674,0.8821788579373513,0.8627467243422464,0.0031387521637707525,0.37701961843839105
0.55,0.3,1.0,0.04,0.66,0.38,0.5,0.905440414507772,0.9068305973427359,0.9365750528541226,0.890881913303438,0.8930348258706468,0.8662790697674418,0.916923076923077,0.08307692307692308,0.0,650,7,0,0.02359757839468293,0.07865655825673575,0.10601806053684325,0.6972860682526674,0.8821788579373513,0.8627467243422464,0.0031387521637707525,0.37809323569155706
0.55,0.3,1.0,0.08,0.66,0.38,0.5,0.905440414507772,0.9068305973427359,0.9365750528541226,0.890881913303438,0.8930348258706468,0.8662790697674418,0.916923076923077,0.08307692307692308,0.0,650,7,0,0.02359757839468293,0.07865655825673575,0.10601806053684325,0.6972860682526674,0.8821788579373513,0.8627467243422464,0.0031387521637707525,0.37809323569155706
0.55,0.3,1.0,0.12,0.66,0.38,0.5,0.905440414507772,0.9068305973427359,0.9365750528541226,0.890881913303438,0.8930348258706468,0.8662790697674418,0.916923076923077,0.08307692307692308,0.0,650,7,0,0.02359757839468293,0.07865655825673575,0.10601806053684325,0.6972860682526674,0.8821788579373513,0.8627467243422464,0.0031387521637707525,0.37809323569155706
0.55,0.1,1.0,0.04,0.66,0.34,0.5,0.9047927461139896,0.9062337136191166,0.9354497354497354,0.8902165795369679,0.8930348258706468,0.865021770682148,0.916923076923077,0.08307692307692308,0.0,650,6,0,0.023900625648590204,0.07865655825673575,0.10601806053684325,0.6972860682526674,0.8821788579373513,0.8627467243422464,0.0031387521637707525,0.37933778780895866
0.55,0.1,1.0,0.12,0.66,0.34,0.5,0.9047927461139896,0.9062337136191166,0.9354497354497354,0.8902165795369679,0.8930348258706468,0.865021770682148,0.916923076923077,0.08307692307692308,0.0,650,6,0,0.023900625648590204,0.07865655825673575,0.10601806053684325,0.6972860682526674,0.8821788579373513,0.8627467243422464,0.0031387521637707525,0.37933778780895866
0.55,0.1,1.0,0.08,0.66,0.34,0.5,0.9047927461139896,0.9062337136191166,0.9354497354497354,0.8902165795369679,0.8930348258706468,0.865021770682148,0.916923076923077,0.08307692307692308,0.0,650,6,0,0.023900625648590204,0.07865655825673575,0.10601806053684325,0.6972860682526674,0.8821788579373513,0.8627467243422464,0.0031387521637707525,0.37933778780895866
0.55,0.2,1.2,0.04,0.6,0.38,0.5,0.905440414507772,0.9069048540028302,0.9355860612460402,0.8907185628742516,0.8944099378881988,0.8673469387755102,0.9153846153846154,0.08461538461538462,0.0,650,7,0,0.023529722795708367,0.07865655825673575,0.10601806053684325,0.6972860682526674,0.8821788579373513,0.8627467243422464,0.0031387521637707525,0.38124974826223207
0.55,0.2,1.2,0.12,0.6,0.38,0.5,0.905440414507772,0.9069048540028302,0.9355860612460402,0.8907185628742516,0.8944099378881988,0.8673469387755102,0.9153846153846154,0.08461538461538462,0.0,650,7,0,0.023529722795708367,0.07865655825673575,0.10601806053684325,0.6972860682526674,0.8821788579373513,0.8627467243422464,0.0031387521637707525,0.38124974826223207
0.55,0.2,1.2,0.08,0.6,0.38,0.5,0.905440414507772,0.9069048540028302,0.9355860612460402,0.8907185628742516,0.8944099378881988,0.8673469387755102,0.9153846153846154,0.08461538461538462,0.0,650,7,0,0.023529722795708367,0.07865655825673575,0.10601806053684325,0.6972860682526674,0.8821788579373513,0.8627467243422464,0.0031387521637707525,0.38124974826223207
0.55,0.3,1.2,0.04,0.72,0.38,0.5,0.9015544041450777,0.9026504558226723,0.9375661375661376,0.8870728083209509,0.8833124215809285,0.8577586206896551,0.9184615384615384,0.08153846153846153,0.0,650,7,0,0.0230380007348388,0.07865655825673575,0.10601806053684325,0.6972860682526674,0.8821788579373513,0.8627467243422464,0.0031387521637707525,0.3829286183435457
0.55,0.3,1.2,0.08,0.72,0.38,0.5,0.9015544041450777,0.9026504558226723,0.9375661375661376,0.8870728083209509,0.8833124215809285,0.8577586206896551,0.9184615384615384,0.08153846153846153,0.0,650,7,0,0.0230380007348388,0.07865655825673575,0.10601806053684325,0.6972860682526674,0.8821788579373513,0.8627467243422464,0.0031387521637707525,0.3829286183435457
0.55,0.3,1.2,0.12,0.72,0.38,0.5,0.9015544041450777,0.9026504558226723,0.9375661375661376,0.8870728083209509,0.8833124215809285,0.8577586206896551,0.9184615384615384,0.08153846153846153,0.0,650,7,0,0.0230380007348388,0.07865655825673575,0.10601806053684325,0.6972860682526674,0.8821788579373513,0.8627467243422464,0.0031387521637707525,0.3829286183435457
0.55,0.1,1.0,0.04,0.72,0.34,0.5,0.9028497409326425,0.9041883839698047,0.9354497354497354,0.8882265275707899,0.8888888888888888,0.861271676300578,0.916923076923077,0.08307692307692308,0.0,650,6,0,0.02392178373939823,0.07865655825673575,0.10601806053684325,0.6972860682526674,0.8821788579373513,0.8627467243422464,0.0031387521637707525,0.38332612263961774
0.55,0.1,1.0,0.12,0.72,0.34,0.5,0.9028497409326425,0.9041883839698047,0.9354497354497354,0.8882265275707899,0.8888888888888888,0.861271676300578,0.916923076923077,0.08307692307692308,0.0,650,6,0,0.02392178373939823,0.07865655825673575,0.10601806053684325,0.6972860682526674,0.8821788579373513,0.8627467243422464,0.0031387521637707525,0.38332612263961774
0.55,0.1,1.0,0.08,0.72,0.34,0.5,0.9028497409326425,0.9041883839698047,0.9354497354497354,0.8882265275707899,0.8888888888888888,0.861271676300578,0.916923076923077,0.08307692307692308,0.0,650,6,0,0.02392178373939823,0.07865655825673575,0.10601806053684325,0.6972860682526674,0.8821788579373513,0.8627467243422464,0.0031387521637707525,0.38332612263961774
0.55,0.3,1.2,0.12,0.6,0.42,0.5,0.905440414507772,0.906895490987007,0.9357218124341412,0.8905547226386806,0.8944099378881988,0.868421052631579,0.9138461538461539,0.08615384615384615,0.0,650,7,0,0.02328570732287863,0.07865655825673575,0.10601806053684325,0.6972860682526674,0.8821788579373513,0.8627467243422464,0.0031387521637707525,0.3844898805088244
0.55,0.3,1.2,0.08,0.6,0.42,0.5,0.905440414507772,0.906895490987007,0.9357218124341412,0.8905547226386806,0.8944099378881988,0.868421052631579,0.9138461538461539,0.08615384615384615,0.0,650,7,0,0.02328570732287863,0.07865655825673575,0.10601806053684325,0.6972860682526674,0.8821788579373513,0.8627467243422464,0.0031387521637707525,0.3844898805088244
0.55,0.3,1.2,0.04,0.6,0.42,0.5,0.905440414507772,0.906895490987007,0.9357218124341412,0.8905547226386806,0.8944099378881988,0.868421052631579,0.9138461538461539,0.08615384615384615,0.0,650,7,0,0.02328570732287863,0.07865655825673575,0.10601806053684325,0.6972860682526674,0.8821788579373513,0.8627467243422464,0.0031387521637707525,0.3844898805088244
0.55,0.3,1.0,0.12,0.72,0.38,0.5,0.9022020725388601,0.9034159466802124,0.9365750528541226,0.8875651526433358,0.886107634543179,0.86002886002886,0.916923076923077,0.08307692307692308,0.0,650,7,0,0.023628792377955562,0.07865655825673575,0.10601806053684325,0.6972860682526674,0.8821788579373513,0.8627467243422464,0.0031387521637707525,0.38474622832299243
0.55,0.3,1.0,0.08,0.72,0.38,0.5,0.9022020725388601,0.9034159466802124,0.9365750528541226,0.8875651526433358,0.886107634543179,0.86002886002886,0.916923076923077,0.08307692307692308,0.0,650,7,0,0.023628792377955562,0.07865655825673575,0.10601806053684325,0.6972860682526674,0.8821788579373513,0.8627467243422464,0.0031387521637707525,0.38474622832299243
0.55,0.3,1.0,0.04,0.72,0.38,0.5,0.9022020725388601,0.9034159466802124,0.9365750528541226,0.8875651526433358,0.886107634543179,0.86002886002886,0.916923076923077,0.08307692307692308,0.0,650,7,0,0.023628792377955562,0.07865655825673575,0.10601806053684325,0.6972860682526674,0.8821788579373513,0.8627467243422464,0.0031387521637707525,0.38474622832299243
0.55,0.2,1.2,0.12,0.66,0.38,0.5,0.9034974093264249,0.9048611010061277,0.9355860612460402,0.888722927557879,0.8902743142144638,0.8635703918722787,0.9153846153846154,0.08461538461538462,0.0,650,7,0,0.023545674290183283,0.07865655825673575,0.10601806053684325,0.6972860682526674,0.8821788579373513,0.8627467243422464,0.0031387521637707525,0.3852365064402817
0.55,0.2,1.2,0.08,0.66,0.38,0.5,0.9034974093264249,0.9048611010061277,0.9355860612460402,0.888722927557879,0.8902743142144638,0.8635703918722787,0.9153846153846154,0.08461538461538462,0.0,650,7,0,0.023545674290183283,0.07865655825673575,0.10601806053684325,0.6972860682526674,0.8821788579373513,0.8627467243422464,0.0031387521637707525,0.3852365064402817
0.55,0.2,1.2,0.04,0.66,0.38,0.5,0.9034974093264249,0.9048611010061277,0.9355860612460402,0.888722927557879,0.8902743142144638,0.8635703918722787,0.9153846153846154,0.08461538461538462,0.0,650,7,0,0.023545674290183283,0.07865655825673575,0.10601806053684325,0.6972860682526674,0.8821788579373513,0.8627467243422464,0.0031387521637707525,0.3852365064402817
0.55,0.2,1.2,0.08,0.6,0.34,0.25,0.905440414507772,0.9070515531023755,0.9336143308746049,0.8903903903903904,0.8971499380421314,0.8695014662756598,0.9123076923076923,0.0876923076923077,0.0,650,8,0,0.025006978756630185,0.07865655825673575,0.10601806053684325,0.6972860682526674,0.8821788579373513,0.8627467243422464,0.0031387521637707525,0.3875645876242252
0.55,0.2,1.2,0.04,0.6,0.34,0.25,0.905440414507772,0.9070515531023755,0.9336143308746049,0.8903903903903904,0.8971499380421314,0.8695014662756598,0.9123076923076923,0.0876923076923077,0.0,650,8,0,0.025006978756630185,0.07865655825673575,0.10601806053684325,0.6972860682526674,0.8821788579373513,0.8627467243422464,0.0031387521637707525,0.3875645876242252
0.55,0.2,1.0,0.12,0.6,0.38,0.5,0.905440414507772,0.9070515531023755,0.9336143308746049,0.8903903903903904,0.8971499380421314,0.8695014662756598,0.9123076923076923,0.0876923076923077,0.0,650,7,0,0.024163852923769845,0.07865655825673575,0.10601806053684325,0.6972860682526674,0.8821788579373513,0.8627467243422464,0.0031387521637707525,0.3875645876242252
0.55,0.2,1.0,0.08,0.6,0.38,0.5,0.905440414507772,0.9070515531023755,0.9336143308746049,0.8903903903903904,0.8971499380421314,0.8695014662756598,0.9123076923076923,0.0876923076923077,0.0,650,7,0,0.024163852923769845,0.07865655825673575,0.10601806053684325,0.6972860682526674,0.8821788579373513,0.8627467243422464,0.0031387521637707525,0.3875645876242252
0.55,0.2,1.0,0.04,0.6,0.38,0.5,0.905440414507772,0.9070515531023755,0.9336143308746049,0.8903903903903904,0.8971499380421314,0.8695014662756598,0.9123076923076923,0.0876923076923077,0.0,650,7,0,0.024163852923769845,0.07865655825673575,0.10601806053684325,0.6972860682526674,0.8821788579373513,0.8627467243422464,0.0031387521637707525,0.3875645876242252
0.55,0.2,1.2,0.12,0.6,0.34,0.25,0.905440414507772,0.9070515531023755,0.9336143308746049,0.8903903903903904,0.8971499380421314,0.8695014662756598,0.9123076923076923,0.0876923076923077,0.0,650,8,0,0.025006978756630185,0.07865655825673575,0.10601806053684325,0.6972860682526674,0.8821788579373513,0.8627467243422464,0.0031387521637707525,0.3875645876242252
0.55,0.3,1.2,0.12,0.66,0.42,0.5,0.9034974093264249,0.9048508654523024,0.9357218124341412,0.8885564697083022,0.8902743142144638,0.8646288209606987,0.9138461538461539,0.08615384615384615,0.0,650,7,0,0.023309062774681012,0.07865655825673575,0.10601806053684325,0.6972860682526674,0.8821788579373513,0.8627467243422464,0.0031387521637707525,0.38847751122487606
0.55,0.3,1.2,0.04,0.66,0.42,0.5,0.9034974093264249,0.9048508654523024,0.9357218124341412,0.8885564697083022,0.8902743142144638,0.8646288209606987,0.9138461538461539,0.08615384615384615,0.0,650,7,0,0.023309062774681012,0.07865655825673575,0.10601806053684325,0.6972860682526674,0.8821788579373513,0.8627467243422464,0.0031387521637707525,0.38847751122487606
0.55,0.3,1.2,0.08,0.66,0.42,0.5,0.9034974093264249,0.9048508654523024,0.9357218124341412,0.8885564697083022,0.8902743142144638,0.8646288209606987,0.9138461538461539,0.08615384615384615,0.0,650,7,0,0.023309062774681012,0.07865655825673575,0.10601806053684325,0.6972860682526674,0.8821788579373513,0.8627467243422464,0.0031387521637707525,0.38847751122487606
0.55,0.2,1.2,0.08,0.66,0.34,0.25,0.9047927461139896,0.9063727997331261,0.9336143308746049,0.8897224306076519,0.8957816377171216,0.8682284040995608,0.9123076923076923,0.0876923076923077,0.0,650,8,0,0.02500596593348567,0.07865655825673575,0.10601806053684325,0.6972860682526674,0.8821788579373513,0.8627467243422464,0.0031387521637707525,0.38889100938725696
0.55,0.2,1.2,0.12,0.66,0.34,0.25,0.9047927461139896,0.9063727997331261,0.9336143308746049,0.8897224306076519,0.8957816377171216,0.8682284040995608,0.9123076923076923,0.0876923076923077,0.0,650,8,0,0.02500596593348567,0.07865655825673575,0.10601806053684325,0.6972860682526674,0.8821788579373513,0.8627467243422464,0.0031387521637707525,0.38889100938725696
0.55,0.2,1.2,0.04,0.66,0.34,0.25,0.9047927461139896,0.9063727997331261,0.9336143308746049,0.8897224306076519,0.8957816377171216,0.8682284040995608,0.9123076923076923,0.0876923076923077,0.0,650,8,0,0.02500596593348567,0.07865655825673575,0.10601806053684325,0.6972860682526674,0.8821788579373513,0.8627467243422464,0.0031387521637707525,0.38889100938725696
0.55,0.2,1.2,0.04,0.72,0.38,0.5,0.9009067357512953,0.9021245966872501,0.9355860612460402,0.8860759493670886,0.8847117794486216,0.8585858585858586,0.9153846153846154,0.08461538461538462,0.0,650,8,0,0.023590089735117663,0.07865655825673575,0.10601806053684325,0.6972860682526674,0.8821788579373513,0.8627467243422464,0.0031387521637707525,0.39056368433428884
0.55,0.2,1.2,0.12,0.72,0.38,0.5,0.9009067357512953,0.9021245966872501,0.9355860612460402,0.8860759493670886,0.8847117794486216,0.8585858585858586,0.9153846153846154,0.08461538461538462,0.0,650,8,0,0.023590089735117663,0.07865655825673575,0.10601806053684325,0.6972860682526674,0.8821788579373513,0.8627467243422464,0.0031387521637707525,0.39056368433428884
0.55,0.2,1.2,0.08,0.72,0.38,0.5,0.9009067357512953,0.9021245966872501,0.9355860612460402,0.8860759493670886,0.8847117794486216,0.8585858585858586,0.9153846153846154,0.08461538461538462,0.0,650,8,0,0.023590089735117663,0.07865655825673575,0.10601806053684325,0.6972860682526674,0.8821788579373513,0.8627467243422464,0.0031387521637707525,0.39056368433428884
0.55,0.1,1.2,0.08,0.6,0.34,0.25,0.905440414507772,0.9071239981140972,0.9326315789473684,0.8902255639097745,0.8985148514851485,0.8705882352941177,0.9107692307692308,0.08923076923076922,0.0,650,8,0,0.025491454906949738,0.07865655825673575,0.10601806053684325,0.6972860682526674,0.8821788579373513,0.8627467243422464,0.0031387521637707525,0.3907229118432727
0.55,0.1,1.2,0.12,0.6,0.34,0.25,0.905440414507772,0.9071239981140972,0.9326315789473684,0.8902255639097745,0.8985148514851485,0.8705882352941177,0.9107692307692308,0.08923076923076922,0.0,650,8,0,0.025491454906949738,0.07865655825673575,0.10601806053684325,0.6972860682526674,0.8821788579373513,0.8627467243422464,0.0031387521637707525,0.3907229118432727
0.55,0.1,1.2,0.04,0.6,0.34,0.25,0.905440414507772,0.9071239981140972,0.9326315789473684,0.8902255639097745,0.8985148514851485,0.8705882352941177,0.9107692307692308,0.08923076923076922,0.0,650,8,0,0.025491454906949738,0.07865655825673575,0.10601806053684325,0.6972860682526674,0.8821788579373513,0.8627467243422464,0.0031387521637707525,0.3907229118432727
0.55,0.2,1.0,0.12,0.66,0.38,0.5,0.9034974093264249,0.9050128899512887,0.9336143308746049,0.8883895131086142,0.8930348258706468,0.8656934306569343,0.9123076923076923,0.0876923076923077,0.0,650,7,0,0.02417317232641293,0.07865655825673575,0.10601806053684325,0.6972860682526674,0.8821788579373513,0.8627467243422464,0.0031387521637707525,0.39154625595665915
0.55,0.2,1.0,0.08,0.66,0.38,0.5,0.9034974093264249,0.9050128899512887,0.9336143308746049,0.8883895131086142,0.8930348258706468,0.8656934306569343,0.9123076923076923,0.0876923076923077,0.0,650,7,0,0.02417317232641293,0.07865655825673575,0.10601806053684325,0.6972860682526674,0.8821788579373513,0.8627467243422464,0.0031387521637707525,0.39154625595665915
0.55,0.2,1.0,0.04,0.66,0.38,0.5,0.9034974093264249,0.9050128899512887,0.9336143308746049,0.8883895131086142,0.8930348258706468,0.8656934306569343,0.9123076923076923,0.0876923076923077,0.0,650,7,0,0.02417317232641293,0.07865655825673575,0.10601806053684325,0.6972860682526674,0.8821788579373513,0.8627467243422464,0.0031387521637707525,0.39154625595665915
0.55,0.3,1.0,0.12,0.6,0.34,0.25,0.9047927461139896,0.9064460804189892,0.9326315789473684,0.8895567242674681,0.8971499380421314,0.869309838472834,0.9107692307692308,0.08923076923076922,0.0,650,8,0,0.025052167544296386,0.07865655825673575,0.10601806053684325,0.6972860682526674,0.8821788579373513,0.8627467243422464,0.0031387521637707525,0.392048497932163
0.55,0.3,1.0,0.04,0.6,0.34,0.25,0.9047927461139896,0.9064460804189892,0.9326315789473684,0.8895567242674681,0.8971499380421314,0.869309838472834,0.9107692307692308,0.08923076923076922,0.0,650,8,0,0.025052167544296386,0.07865655825673575,0.10601806053684325,0.6972860682526674,0.8821788579373513,0.8627467243422464,0.0031387521637707525,0.392048497932163
0.55,0.3,1.0,0.08,0.6,0.34,0.25,0.9047927461139896,0.9064460804189892,0.9326315789473684,0.8895567242674681,0.8971499380421314,0.869309838472834,0.9107692307692308,0.08923076923076922,0.0,650,8,0,0.025052167544296386,0.07865655825673575,0.10601806053684325,0.6972860682526674,0.8821788579373513,0.8627467243422464,0.0031387521637707525,0.392048497932163
0.55,0.3,1.0,0.08,0.66,0.34,0.25,0.9041450777202072,0.905767368517793,0.9326315789473684,0.8888888888888888,0.8957816377171216,0.8680351906158358,0.9107692307692308,0.08923076923076922,0.0,650,8,0,0.025049643793345098,0.07865655825673575,0.10601806053684325,0.6972860682526674,0.8821788579373513,0.8627467243422464,0.0031387521637707525,0.39337487822714157
0.55,0.3,1.0,0.04,0.66,0.34,0.25,0.9041450777202072,0.905767368517793,0.9326315789473684,0.8888888888888888,0.8957816377171216,0.8680351906158358,0.9107692307692308,0.08923076923076922,0.0,650,8,0,0.025049643793345098,0.07865655825673575,0.10601806053684325,0.6972860682526674,0.8821788579373513,0.8627467243422464,0.0031387521637707525,0.39337487822714157
0.55,0.3,1.0,0.12,0.66,0.34,0.25,0.9041450777202072,0.905767368517793,0.9326315789473684,0.8888888888888888,0.8957816377171216,0.8680351906158358,0.9107692307692308,0.08923076923076922,0.0,650,8,0,0.025049643793345098,0.07865655825673575,0.10601806053684325,0.6972860682526674,0.8821788579373513,0.8627467243422464,0.0031387521637707525,0.39337487822714157
0.55,0.1,1.2,0.04,0.66,0.34,0.25,0.9041450777202072,0.905767368517793,0.9326315789473684,0.8888888888888888,0.8957816377171216,0.8680351906158358,0.9107692307692308,0.08923076923076922,0.0,650,8,0,0.02548745584289719,0.07865655825673575,0.10601806053684325,0.6972860682526674,0.8821788579373513,0.8627467243422464,0.0031387521637707525,0.39337487822714157
0.55,0.1,1.2,0.08,0.66,0.34,0.25,0.9041450777202072,0.905767368517793,0.9326315789473684,0.8888888888888888,0.8957816377171216,0.8680351906158358,0.9107692307692308,0.08923076923076922,0.0,650,8,0,0.02548745584289719,0.07865655825673575,0.10601806053684325,0.6972860682526674,0.8821788579373513,0.8627467243422464,0.0031387521637707525,0.39337487822714157
0.55,0.1,1.2,0.12,0.66,0.34,0.25,0.9041450777202072,0.905767368517793,0.9326315789473684,0.8888888888888888,0.8957816377171216,0.8680351906158358,0.9107692307692308,0.08923076923076922,0.0,650,8,0,0.02548745584289719,0.07865655825673575,0.10601806053684325,0.6972860682526674,0.8821788579373513,0.8627467243422464,0.0031387521637707525,0.39337487822714157
0.55,0.3,1.0,0.08,0.6,0.42,0.5,0.9041450777202072,0.9056842566649177,0.9337539432176656,0.8888888888888888,0.8944099378881988,0.8680351906158358,0.9107692307692308,0.08923076923076922,0.0,650,7,0,0.023933205112397216,0.07865655825673575,0.10601806053684325,0.6972860682526674,0.8821788579373513,0.8627467243422464,0.0031387521637707525,0.3934579900800169
0.55,0.3,1.0,0.04,0.6,0.42,0.5,0.9041450777202072,0.9056842566649177,0.9337539432176656,0.8888888888888888,0.8944099378881988,0.8680351906158358,0.9107692307692308,0.08923076923076922,0.0,650,7,0,0.023933205112397216,0.07865655825673575,0.10601806053684325,0.6972860682526674,0.8821788579373513,0.8627467243422464,0.0031387521637707525,0.3934579900800169
0.55,0.3,1.0,0.12,0.6,0.42,0.5,0.9041450777202072,0.9056842566649177,0.9337539432176656,0.8888888888888888,0.8944099378881988,0.8680351906158358,0.9107692307692308,0.08923076923076922,0.0,650,7,0,0.023933205112397216,0.07865655825673575,0.10601806053684325,0.6972860682526674,0.8821788579373513,0.8627467243422464,0.0031387521637707525,0.3934579900800169
0.55,0.2,1.2,0.04,0.72,0.34,0.25,0.9022020725388601,0.9036497428282436,0.9336143308746049,0.887060583395662,0.8902743142144638,0.8631732168850073,0.9123076923076923,0.0876923076923077,0.0,650,8,0,0.025029549404445253,0.07865655825673575,0.10601806053684325,0.6972860682526674,0.8821788579373513,0.8627467243422464,0.0031387521637707525,0.394204739867269
0.55,0.2,1.2,0.12,0.72,0.34,0.25,0.9022020725388601,0.9036497428282436,0.9336143308746049,0.887060583395662,0.8902743142144638,0.8631732168850073,0.9123076923076923,0.0876923076923077,0.0,650,8,0,0.025029549404445253,0.07865655825673575,0.10601806053684325,0.6972860682526674,0.8821788579373513,0.8627467243422464,0.0031387521637707525,0.394204739867269
0.55,0.2,1.2,0.08,0.72,0.34,0.25,0.9022020725388601,0.9036497428282436,0.9336143308746049,0.887060583395662,0.8902743142144638,0.8631732168850073,0.9123076923076923,0.0876923076923077,0.0,650,8,0,0.025029549404445253,0.07865655825673575,0.10601806053684325,0.6972860682526674,0.8821788579373513,0.8627467243422464,0.0031387521637707525,0.394204739867269
0.55,0.3,1.0,0.08,0.66,0.42,0.5,0.9034974093264249,0.9050036082007303,0.9337539432176656,0.8882220555138785,0.8930348258706468,0.8667642752562226,0.9107692307692308,0.08923076923076922,0.0,650,7,0,0.023949587845224374,0.07865655825673575,0.10601806053684325,0.6972860682526674,0.8821788579373513,0.8627467243422464,0.0031387521637707525,0.39478630693798666
0.55,0.3,1.0,0.12,0.66,0.42,0.5,0.9034974093264249,0.9050036082007303,0.9337539432176656,0.8882220555138785,0.8930348258706468,0.8667642752562226,0.9107692307692308,0.08923076923076922,0.0,650,7,0,0.023949587845224374,0.07865655825673575,0.10601806053684325,0.6972860682526674,0.8821788579373513,0.8627467243422464,0.0031387521637707525,0.39478630693798666
0.55,0.3,1.0,0.04,0.66,0.42,0.5,0.9034974093264249,0.9050036082007303,0.9337539432176656,0.8882220555138785,0.8930348258706468,0.8667642752562226,0.9107692307692308,0.08923076923076922,0.0,650,7,0,0.023949587845224374,0.07865655825673575,0.10601806053684325,0.6972860682526674,0.8821788579373513,0.8627467243422464,0.0031387521637707525,0.39478630693798666
0.55,0.3,1.2,0.04,0.72,0.42,0.5,0.9002590673575129,0.9014267118848046,0.9357218124341412,0.8852459016393442,0.8833124215809285,0.8583815028901735,0.9138461538461539,0.08615384615384615,0.0,650,8,0,0.023350694220245872,0.07865655825673575,0.10601806053684325,0.6972860682526674,0.8821788579373513,0.8627467243422464,0.0031387521637707525,0.3951400067612858
0.55,0.3,1.2,0.12,0.72,0.42,0.5,0.9002590673575129,0.9014267118848046,0.9357218124341412,0.8852459016393442,0.8833124215809285,0.8583815028901735,0.9138461538461539,0.08615384615384615,0.0,650,8,0,0.023350694220245872,0.07865655825673575,0.10601806053684325,0.6972860682526674,0.8821788579373513,0.8627467243422464,0.0031387521637707525,0.3951400067612858
0.55,0.3,1.2,0.08,0.72,0.42,0.5,0.9002590673575129,0.9014267118848046,0.9357218124341412,0.8852459016393442,0.8833124215809285,0.8583815028901735,0.9138461538461539,0.08615384615384615,0.0,650,8,0,0.023350694220245872,0.07865655825673575,0.10601806053684325,0.6972860682526674,0.8821788579373513,0.8627467243422464,0.0031387521637707525,0.3951400067612858
0.65,0.3,1.2,0.08,0.6,0.34,0.5,0.9047927461139896,0.9064378554910625,0.9327731092436975,0.8893905191873589,0.8971499380421314,0.8703976435935199,0.9092307692307692,0.09076923076923077,0.0,650,7,0,0.02507974363828624,0.07865655825673575,0.10601806053684325,0.6972860682526674,0.8821788579373513,0.8627467243422464,0.0031387521637707525,0.39528749209085906
0.65,0.3,1.2,0.12,0.6,0.34,0.5,0.9047927461139896,0.9064378554910625,0.9327731092436975,0.8893905191873589,0.8971499380421314,0.8703976435935199,0.9092307692307692,0.09076923076923077,0.0,650,7,0,0.02507974363828624,0.07865655825673575,0.10601806053684325,0.6972860682526674,0.8821788579373513,0.8627467243422464,0.0031387521637707525,0.39528749209085906
0.65,0.3,1.2,0.04,0.6,0.34,0.5,0.9047927461139896,0.9064378554910625,0.9327731092436975,0.8893905191873589,0.8971499380421314,0.8703976435935199,0.9092307692307692,0.09076923076923077,0.0,650,7,0,0.02507974363828624,0.07865655825673575,0.10601806053684325,0.6972860682526674,0.8821788579373513,0.8627467243422464,0.0031387521637707525,0.39528749209085906
0.55,0.1,1.2,0.12,0.6,0.38,0.5,0.9047927461139896,0.9064378554910625,0.9327731092436975,0.8893905191873589,0.8971499380421314,0.8703976435935199,0.9092307692307692,0.09076923076923077,0.0,650,7,0,0.02405376690699601,0.07865655825673575,0.10601806053684325,0.6972860682526674,0.8821788579373513,0.8627467243422464,0.0031387521637707525,0.39528749209085906
0.55,0.3,1.2,0.12,0.6,0.38,0.25,0.9047927461139896,0.9064378554910625,0.9327731092436975,0.8893905191873589,0.8971499380421314,0.8703976435935199,0.9092307692307692,0.09076923076923077,0.0,650,8,0,0.025043462403527037,0.07865655825673575,0.10601806053684325,0.6972860682526674,0.8821788579373513,0.8627467243422464,0.0031387521637707525,0.39528749209085906
0.55,0.3,1.2,0.08,0.6,0.38,0.25,0.9047927461139896,0.9064378554910625,0.9327731092436975,0.8893905191873589,0.8971499380421314,0.8703976435935199,0.9092307692307692,0.09076923076923077,0.0,650,8,0,0.025043462403527037,0.07865655825673575,0.10601806053684325,0.6972860682526674,0.8821788579373513,0.8627467243422464,0.0031387521637707525,0.39528749209085906
0.55,0.1,1.2,0.08,0.6,0.38,0.5,0.9047927461139896,0.9064378554910625,0.9327731092436975,0.8893905191873589,0.8971499380421314,0.8703976435935199,0.9092307692307692,0.09076923076923077,0.0,650,7,0,0.02405376690699601,0.07865655825673575,0.10601806053684325,0.6972860682526674,0.8821788579373513,0.8627467243422464,0.0031387521637707525,0.39528749209085906
0.55,0.1,1.2,0.04,0.6,0.38,0.5,0.9047927461139896,0.9064378554910625,0.9327731092436975,0.8893905191873589,0.8971499380421314,0.8703976435935199,0.9092307692307692,0.09076923076923077,0.0,650,7,0,0.02405376690699601,0.07865655825673575,0.10601806053684325,0.6972860682526674,0.8821788579373513,0.8627467243422464,0.0031387521637707525,0.39528749209085906
0.55,0.3,1.2,0.04,0.6,0.38,0.25,0.9047927461139896,0.9064378554910625,0.9327731092436975,0.8893905191873589,0.8971499380421314,0.8703976435935199,0.9092307692307692,0.09076923076923077,0.0,650,8,0,0.025043462403527037,0.07865655825673575,0.10601806053684325,0.6972860682526674,0.8821788579373513,0.8627467243422464,0.0031387521637707525,0.39528749209085906
0.55,0.2,1.0,0.08,0.72,0.38,0.5,0.9015544041450777,0.9029669427113988,0.9336143308746049,0.8863976083707026,0.8888888888888888,0.8619186046511628,0.9123076923076923,0.0876923076923077,0.0,650,7,0,0.02420366789212592,0.07865655825673575,0.10601806053684325,0.6972860682526674,0.8821788579373513,0.8627467243422464,0.0031387521637707525,0.39553520837789624
0.55,0.2,1.0,0.12,0.72,0.38,0.5,0.9015544041450777,0.9029669427113988,0.9336143308746049,0.8863976083707026,0.8888888888888888,0.8619186046511628,0.9123076923076923,0.0876923076923077,0.0,650,7,0,0.02420366789212592,0.07865655825673575,0.10601806053684325,0.6972860682526674,0.8821788579373513,0.8627467243422464,0.0031387521637707525,0.39553520837789624
0.55,0.2,1.0,0.04,0.72,0.38,0.5,0.9015544041450777,0.9029669427113988,0.9336143308746049,0.8863976083707026,0.8888888888888888,0.8619186046511628,0.9123076923076923,0.0876923076923077,0.0,650,7,0,0.02420366789212592,0.07865655825673575,0.10601806053684325,0.6972860682526674,0.8821788579373513,0.8627467243422464,0.0031387521637707525,0.39553520837789624
0.65,0.3,1.2,0.04,0.66,0.34,0.5,0.9041450777202072,0.9057588504906992,0.9327731092436975,0.8887218045112782,0.8957816377171216,0.8691176470588236,0.9092307692307692,0.09076923076923077,0.0,650,7,0,0.025078997511411932,0.07865655825673575,0.10601806053684325,0.6972860682526674,0.8821788579373513,0.8627467243422464,0.0031387521637707525,0.3966141654850048
0.65,0.3,1.2,0.12,0.66,0.34,0.5,0.9041450777202072,0.9057588504906992,0.9327731092436975,0.8887218045112782,0.8957816377171216,0.8691176470588236,0.9092307692307692,0.09076923076923077,0.0,650,7,0,0.025078997511411932,0.07865655825673575,0.10601806053684325,0.6972860682526674,0.8821788579373513,0.8627467243422464,0.0031387521637707525,0.3966141654850048
0.65,0.3,1.2,0.08,0.66,0.34,0.5,0.9041450777202072,0.9057588504906992,0.9327731092436975,0.8887218045112782,0.8957816377171216,0.8691176470588236,0.9092307692307692,0.09076923076923077,0.0,650,7,0,0.025078997511411932,0.07865655825673575,0.10601806053684325,0.6972860682526674,0.8821788579373513,0.8627467243422464,0.0031387521637707525,0.3966141654850048
0.55,0.3,1.0,0.04,0.72,0.34,0.25,0.9022020725388601,0.9037264178772405,0.9326315789473684,0.8868913857677903,0.8916562889165629,0.8642335766423358,0.9107692307692308,0.08923076923076922,0.0,650,8,0,0.025066171774505822,0.07865655825673575,0.10601806053684325,0.6972860682526674,0.8821788579373513,0.8627467243422464,0.0031387521637707525,0.39735883404904127
0.55,0.3,1.0,0.12,0.72,0.34,0.25,0.9022020725388601,0.9037264178772405,0.9326315789473684,0.8868913857677903,0.8916562889165629,0.8642335766423358,0.9107692307692308,0.08923076923076922,0.0,650,8,0,0.025066171774505822,0.07865655825673575,0.10601806053684325,0.6972860682526674,0.8821788579373513,0.8627467243422464,0.0031387521637707525,0.39735883404904127
0.55,0.3,1.0,0.08,0.72,0.34,0.25,0.9022020725388601,0.9037264178772405,0.9326315789473684,0.8868913857677903,0.8916562889165629,0.8642335766423358,0.9107692307692308,0.08923076923076922,0.0,650,8,0,0.025066171774505822,0.07865655825673575,0.10601806053684325,0.6972860682526674,0.8821788579373513,0.8627467243422464,0.0031387521637707525,0.39735883404904127
0.55,0.1,1.2,0.04,0.66,0.38,0.5,0.9034974093264249,0.9050790472658536,0.9327731092436975,0.8880540946656649,0.8944099378881988,0.8678414096916299,0.9092307692307692,0.09076923076923077,0.0,650,7,0,0.024064174015212044,0.07865655825673575,0.10601806053684325,0.6972860682526674,0.8821788579373513,0.8627467243422464,0.0031387521637707525,0.3979416371036327
0.65,0.3,1.2,0.04,0.72,0.34,0.5,0.9034974093264249,0.9050790472658536,0.9327731092436975,0.8880540946656649,0.8944099378881988,0.8678414096916299,0.9092307692307692,0.09076923076923077,0.0,650,7,0,0.025083904925066798,0.07865655825673575,0.10601806053684325,0.6972860682526674,0.8821788579373513,0.8627467243422464,0.0031387521637707525,0.3979416371036327
0.65,0.3,1.2,0.12,0.72,0.34,0.5,0.9034974093264249,0.9050790472658536,0.9327731092436975,0.8880540946656649,0.8944099378881988,0.8678414096916299,0.9092307692307692,0.09076923076923077,0.0,650,7,0,0.025083904925066798,0.07865655825673575,0.10601806053684325,0.6972860682526674,0.8821788579373513,0.8627467243422464,0.0031387521637707525,0.3979416371036327
0.65,0.3,1.2,0.08,0.72,0.34,0.5,0.9034974093264249,0.9050790472658536,0.9327731092436975,0.8880540946656649,0.8944099378881988,0.8678414096916299,0.9092307692307692,0.09076923076923077,0.0,650,7,0,0.025083904925066798,0.07865655825673575,0.10601806053684325,0.6972860682526674,0.8821788579373513,0.8627467243422464,0.0031387521637707525,0.3979416371036327
0.55,0.1,1.2,0.12,0.66,0.38,0.5,0.9034974093264249,0.9050790472658536,0.9327731092436975,0.8880540946656649,0.8944099378881988,0.8678414096916299,0.9092307692307692,0.09076923076923077,0.0,650,7,0,0.024064174015212044,0.07865655825673575,0.10601806053684325,0.6972860682526674,0.8821788579373513,0.8627467243422464,0.0031387521637707525,0.3979416371036327
0.55,0.1,1.2,0.08,0.66,0.38,0.5,0.9034974093264249,0.9050790472658536,0.9327731092436975,0.8880540946656649,0.8944099378881988,0.8678414096916299,0.9092307692307692,0.09076923076923077,0.0,650,7,0,0.024064174015212044,0.07865655825673575,0.10601806053684325,0.6972860682526674,0.8821788579373513,0.8627467243422464,0.0031387521637707525,0.3979416371036327
0.55,0.1,1.2,0.08,0.72,0.34,0.25,0.9015544041450777,0.9030444793573373,0.9326315789473684,0.8862275449101796,0.8902743142144638,0.8629737609329446,0.9107692307692308,0.08923076923076922,0.0,650,8,0,0.025505586799275073,0.07865655825673575,0.10601806053684325,0.6972860682526674,0.8821788579373513,0.8627467243422464,0.0031387521637707525,0.3986884409627268
0.55,0.1,1.2,0.12,0.72,0.34,0.25,0.9015544041450777,0.9030444793573373,0.9326315789473684,0.8862275449101796,0.8902743142144638,0.8629737609329446,0.9107692307692308,0.08923076923076922,0.0,650,8,0,0.025505586799275073,0.07865655825673575,0.10601806053684325,0.6972860682526674,0.8821788579373513,0.8627467243422464,0.0031387521637707525,0.3986884409627268
0.55,0.1,1.2,0.04,0.72,0.34,0.25,0.9015544041450777,0.9030444793573373,0.9326315789473684,0.8862275449101796,0.8902743142144638,0.8629737609329446,0.9107692307692308,0.08923076923076922,0.0,650,8,0,0.025505586799275073,0.07865655825673575,0.10601806053684325,0.6972860682526674,0.8821788579373513,0.8627467243422464,0.0031387521637707525,0.3986884409627268
0.55,0.3,1.2,0.08,0.66,0.38,0.25,0.9028497409326425,0.9043984408339106,0.9327731092436975,0.8873873873873874,0.8930348258706468,0.8665689149560117,0.9092307692307692,0.09076923076923077,0.0,650,8,0,0.025052386977766045,0.07865655825673575,0.10601806053684325,0.6972860682526674,0.8821788579373513,0.8627467243422464,0.0031387521637707525,0.39926991192935807
0.55,0.3,1.2,0.04,0.66,0.38,0.25,0.9028497409326425,0.9043984408339106,0.9327731092436975,0.8873873873873874,0.8930348258706468,0.8665689149560117,0.9092307692307692,0.09076923076923077,0.0,650,8,0,0.025052386977766045,0.07865655825673575,0.10601806053684325,0.6972860682526674,0.8821788579373513,0.8627467243422464,0.0031387521637707525,0.39926991192935807
0.55,0.3,1.2,0.12,0.66,0.38,0.25,0.9028497409326425,0.9043984408339106,0.9327731092436975,0.8873873873873874,0.8930348258706468,0.8665689149560117,0.9092307692307692,0.09076923076923077,0.0,650,8,0,0.025052386977766045,0.07865655825673575,0.10601806053684325,0.6972860682526674,0.8821788579373513,0.8627467243422464,0.0031387521637707525,0.39926991192935807
0.55,0.2,1.0,0.12,0.6,0.34,0.25,0.9041450777202072,0.9059137790867271,0.930672268907563,0.8885542168674698,0.8985148514851485,0.8702064896755162,0.9076923076923077,0.09230769230769231,0.0,650,7,0,0.02554695987193204,0.07865655825673575,0.10601806053684325,0.6972860682526674,0.8821788579373513,0.8627467243422464,0.0031387521637707525,0.39969000611974603
0.55,0.2,1.0,0.08,0.6,0.34,0.25,0.9041450777202072,0.9059137790867271,0.930672268907563,0.8885542168674698,0.8985148514851485,0.8702064896755162,0.9076923076923077,0.09230769230769231,0.0,650,7,0,0.02554695987193204,0.07865655825673575,0.10601806053684325,0.6972860682526674,0.8821788579373513,0.8627467243422464,0.0031387521637707525,0.39969000611974603
0.55,0.2,1.0,0.04,0.6,0.34,0.25,0.9041450777202072,0.9059137790867271,0.930672268907563,0.8885542168674698,0.8985148514851485,0.8702064896755162,0.9076923076923077,0.09230769230769231,0.0,650,7,0,0.02554695987193204,0.07865655825673575,0.10601806053684325,0.6972860682526674,0.8821788579373513,0.8627467243422464,0.0031387521637707525,0.39969000611974603
0.55,0.1,1.0,0.12,0.6,0.38,0.5,0.9041450777202072,0.9058328295309024,0.9317943336831059,0.8885542168674698,0.8971499380421314,0.8702064896755162,0.9076923076923077,0.09230769230769231,0.0,650,7,0,0.024728270314863715,0.07865655825673575,0.10601806053684325,0.6972860682526674,0.8821788579373513,0.8627467243422464,0.0031387521637707525,0.39977095567557075
0.55,0.1,1.0,0.08,0.6,0.38,0.5,0.9041450777202072,0.9058328295309024,0.9317943336831059,0.8885542168674698,0.8971499380421314,0.8702064896755162,0.9076923076923077,0.09230769230769231,0.0,650,7,0,0.024728270314863715,0.07865655825673575,0.10601806053684325,0.6972860682526674,0.8821788579373513,0.8627467243422464,0.0031387521637707525,0.39977095567557075
0.55,0.1,1.0,0.04,0.6,0.38,0.5,0.9041450777202072,0.9058328295309024,0.9317943336831059,0.8885542168674698,0.8971499380421314,0.8702064896755162,0.9076923076923077,0.09230769230769231,0.0,650,7,0,0.024728270314863715,0.07865655825673575,0.10601806053684325,0.6972860682526674,0.8821788579373513,0.8627467243422464,0.0031387521637707525,0.39977095567557075
0.55,0.2,1.0,0.12,0.66,0.34,0.25,0.9034974093264249,0.9052359450805477,0.930672268907563,0.8878856282919488,0.8971499380421314,0.8689248895434463,0.9076923076923077,0.09230769230769231,0.0,650,7,0,0.025542067907839656,0.07865655825673575,0.10601806053684325,0.6972860682526674,0.8821788579373513,0.8627467243422464,0.0031387521637707525,0.4010155085197078
0.55,0.2,1.0,0.04,0.66,0.34,0.25,0.9034974093264249,0.9052359450805477,0.930672268907563,0.8878856282919488,0.8971499380421314,0.8689248895434463,0.9076923076923077,0.09230769230769231,0.0,650,7,0,0.025542067907839656,0.07865655825673575,0.10601806053684325,0.6972860682526674,0.8821788579373513,0.8627467243422464,0.0031387521637707525,0.4010155085197078
0.55,0.2,1.0,0.08,0.66,0.34,0.25,0.9034974093264249,0.9052359450805477,0.930672268907563,0.8878856282919488,0.8971499380421314,0.8689248895434463,0.9076923076923077,0.09230769230769231,0.0,650,7,0,0.025542067907839656,0.07865655825673575,0.10601806053684325,0.6972860682526674,0.8821788579373513,0.8627467243422464,0.0031387521637707525,0.4010155085197078
0.55,0.3,1.0,0.04,0.72,0.42,0.5,0.9002590673575129,0.9015881392735451,0.9337539432176656,0.8849028400597907,0.886107634543179,0.8604651162790697,0.9107692307692308,0.08923076923076922,0.0,650,7,0,0.02398333382544857,0.07865655825673575,0.10601806053684325,0.6972860682526674,0.8821788579373513,0.8627467243422464,0.0031387521637707525,0.40144011783408384
0.55,0.3,1.0,0.12,0.72,0.42,0.5,0.9002590673575129,0.9015881392735451,0.9337539432176656,0.8849028400597907,0.886107634543179,0.8604651162790697,0.9107692307692308,0.08923076923076922,0.0,650,7,0,0.02398333382544857,0.07865655825673575,0.10601806053684325,0.6972860682526674,0.8821788579373513,0.8627467243422464,0.0031387521637707525,0.40144011783408384
0.55,0.3,1.0,0.08,0.72,0.42,0.5,0.9002590673575129,0.9015881392735451,0.9337539432176656,0.8849028400597907,0.886107634543179,0.8604651162790697,0.9107692307692308,0.08923076923076922,0.0,650,7,0,0.02398333382544857,0.07865655825673575,0.10601806053684325,0.6972860682526674,0.8821788579373513,0.8627467243422464,0.0031387521637707525,0.40144011783408384
0.55,0.2,1.2,0.08,0.6,0.42,0.5,0.9028497409326425,0.9044741055613622,0.9317943336831059,0.8872180451127819,0.8944099378881988,0.8676470588235294,0.9076923076923077,0.09230769230769231,0.0,650,7,0,0.023843944499644443,0.07865655825673575,0.10601806053684325,0.6972860682526674,0.8821788579373513,0.8627467243422464,0.0031387521637707525,0.4024250164326757
0.55,0.2,1.2,0.12,0.6,0.42,0.5,0.9028497409326425,0.9044741055613622,0.9317943336831059,0.8872180451127819,0.8944099378881988,0.8676470588235294,0.9076923076923077,0.09230769230769231,0.0,650,7,0,0.023843944499644443,0.07865655825673575,0.10601806053684325,0.6972860682526674,0.8821788579373513,0.8627467243422464,0.0031387521637707525,0.4024250164326757
0.55,0.2,1.2,0.04,0.6,0.42,0.5,0.9028497409326425,0.9044741055613622,0.9317943336831059,0.8872180451127819,0.8944099378881988,0.8676470588235294,0.9076923076923077,0.09230769230769231,0.0,650,7,0,0.023843944499644443,0.07865655825673575,0.10601806053684325,0.6972860682526674,0.8821788579373513,0.8627467243422464,0.0031387521637707525,0.4024250164326757
0.65,0.2,1.2,0.04,0.6,0.34,0.5,0.9041450777202072,0.9059061950760943,0.9308176100628931,0.8883861236802413,0.8985148514851485,0.871301775147929,0.9061538461538462,0.09384615384615384,0.0,650,7,0,0.025430465849732596,0.07865655825673575,0.10601806053684325,0.6972860682526674,0.8821788579373513,0.8627467243422464,0.0031387521637707525,0.402928359361148
0.65,0.2,1.2,0.08,0.6,0.34,0.5,0.9041450777202072,0.9059061950760943,0.9308176100628931,0.8883861236802413,0.8985148514851485,0.871301775147929,0.9061538461538462,0.09384615384615384,0.0,650,7,0,0.025430465849732596,0.07865655825673575,0.10601806053684325,0.6972860682526674,0.8821788579373513,0.8627467243422464,0.0031387521637707525,0.402928359361148
0.65,0.2,1.2,0.12,0.6,0.34,0.5,0.9041450777202072,0.9059061950760943,0.9308176100628931,0.8883861236802413,0.8985148514851485,0.871301775147929,0.9061538461538462,0.09384615384615384,0.0,650,7,0,0.025430465849732596,0.07865655825673575,0.10601806053684325,0.6972860682526674,0.8821788579373513,0.8627467243422464,0.0031387521637707525,0.402928359361148
0.55,0.3,1.2,0.04,0.72,0.38,0.25,0.9009067357512953,0.9023517521865175,0.9327731092436975,0.8853932584269663,0.8888888888888888,0.8627737226277372,0.9092307692307692,0.09076923076923077,0.0,650,9,0,0.025075274585512234,0.07865655825673575,0.10601806053684325,0.6972860682526674,0.8821788579373513,0.8627467243422464,0.0031387521637707525,0.4032596057580983
0.55,0.3,1.2,0.12,0.72,0.38,0.25,0.9009067357512953,0.9023517521865175,0.9327731092436975,0.8853932584269663,0.8888888888888888,0.8627737226277372,0.9092307692307692,0.09076923076923077,0.0,650,9,0,0.025075274585512234,0.07865655825673575,0.10601806053684325,0.6972860682526674,0.8821788579373513,0.8627467243422464,0.0031387521637707525,0.4032596057580983
0.55,0.3,1.2,0.08,0.72,0.38,0.25,0.9009067357512953,0.9023517521865175,0.9327731092436975,0.8853932584269663,0.8888888888888888,0.8627737226277372,0.9092307692307692,0.09076923076923077,0.0,650,9,0,0.025075274585512234,0.07865655825673575,0.10601806053684325,0.6972860682526674,0.8821788579373513,0.8627467243422464,0.0031387521637707525,0.4032596057580983
0.55,0.1,1.0,0.04,0.66,0.38,0.5,0.9022020725388601,0.9037935415392048,0.9317943336831059,0.8865514650638617,0.8930348258706468,0.8663729809104258,0.9076923076923077,0.09230769230769231,0.0,650,7,0,0.02473282686446064,0.07865655825673575,0.10601806053684325,0.6972860682526674,0.8821788579373513,0.8627467243422464,0.0031387521637707525,0.4037532488486155
0.55,0.1,1.0,0.12,0.66,0.38,0.5,0.9022020725388601,0.9037935415392048,0.9317943336831059,0.8865514650638617,0.8930348258706468,0.8663729809104258,0.9076923076923077,0.09230769230769231,0.0,650,7,0,0.02473282686446064,0.07865655825673575,0.10601806053684325,0.6972860682526674,0.8821788579373513,0.8627467243422464,0.0031387521637707525,0.4037532488486155
0.55,0.1,1.0,0.08,0.66,0.38,0.5,0.9022020725388601,0.9037935415392048,0.9317943336831059,0.8865514650638617,0.8930348258706468,0.8663729809104258,0.9076923076923077,0.09230769230769231,0.0,650,7,0,0.02473282686446064,0.07865655825673575,0.10601806053684325,0.6972860682526674,0.8821788579373513,0.8627467243422464,0.0031387521637707525,0.4037532488486155
0.65,0.2,1.2,0.08,0.66,0.34,0.5,0.9034974093264249,0.905228067404011,0.9308176100628931,0.8877166541070083,0.8971499380421314,0.8700147710487445,0.9061538461538462,0.09384615384615384,0.0,650,7,0,0.025432237110142652,0.07865655825673575,0.10601806053684325,0.6972860682526674,0.8821788579373513,0.8627467243422464,0.0031387521637707525,0.4042541554270137
0.65,0.2,1.2,0.12,0.66,0.34,0.5,0.9034974093264249,0.905228067404011,0.9308176100628931,0.8877166541070083,0.8971499380421314,0.8700147710487445,0.9061538461538462,0.09384615384615384,0.0,650,7,0,0.025432237110142652,0.07865655825673575,0.10601806053684325,0.6972860682526674,0.8821788579373513,0.8627467243422464,0.0031387521637707525,0.4042541554270137
0.55,0.2,1.0,0.08,0.6,0.42,0.5,0.9034974093264249,0.905228067404011,0.9308176100628931,0.8877166541070083,0.8971499380421314,0.8700147710487445,0.9061538461538462,0.09384615384615384,0.0,650,7,0,0.024539861139248234,0.07865655825673575,0.10601806053684325,0.6972860682526674,0.8821788579373513,0.8627467243422464,0.0031387521637707525,0.4042541554270137
0.55,0.2,1.0,0.04,0.6,0.42,0.5,0.9034974093264249,0.905228067404011,0.9308176100628931,0.8877166541070083,0.8971499380421314,0.8700147710487445,0.9061538461538462,0.09384615384615384,0.0,650,7,0,0.024539861139248234,0.07865655825673575,0.10601806053684325,0.6972860682526674,0.8821788579373513,0.8627467243422464,0.0031387521637707525,0.4042541554270137
0.55,0.2,1.0,0.12,0.6,0.42,0.5,0.9034974093264249,0.905228067404011,0.9308176100628931,0.8877166541070083,0.8971499380421314,0.8700147710487445,0.9061538461538462,0.09384615384615384,0.0,650,7,0,0.024539861139248234,0.07865655825673575,0.10601806053684325,0.6972860682526674,0.8821788579373513,0.8627467243422464,0.0031387521637707525,0.4042541554270137
0.65,0.2,1.2,0.04,0.66,0.34,0.5,0.9034974093264249,0.905228067404011,0.9308176100628931,0.8877166541070083,0.8971499380421314,0.8700147710487445,0.9061538461538462,0.09384615384615384,0.0,650,7,0,0.025432237110142652,0.07865655825673575,0.10601806053684325,0.6972860682526674,0.8821788579373513,0.8627467243422464,0.0031387521637707525,0.4042541554270137
0.55,0.2,1.0,0.12,0.72,0.34,0.25,0.9015544041450777,0.9031976602213652,0.930672268907563,0.8858858858858859,0.8930348258706468,0.8651026392961877,0.9076923076923077,0.09230769230769231,0.0,650,7,0,0.02555826791123055,0.07865655825673575,0.10601806053684325,0.6972860682526674,0.8821788579373513,0.8627467243422464,0.0031387521637707525,0.4049967985602375
0.55,0.2,1.0,0.08,0.72,0.34,0.25,0.9015544041450777,0.9031976602213652,0.930672268907563,0.8858858858858859,0.8930348258706468,0.8651026392961877,0.9076923076923077,0.09230769230769231,0.0,650,7,0,0.02555826791123055,0.07865655825673575,0.10601806053684325,0.6972860682526674,0.8821788579373513,0.8627467243422464,0.0031387521637707525,0.4049967985602375
0.55,0.2,1.0,0.04,0.72,0.34,0.25,0.9015544041450777,0.9031976602213652,0.930672268907563,0.8858858858858859,0.8930348258706468,0.8651026392961877,0.9076923076923077,0.09230769230769231,0.0,650,7,0,0.02555826791123055,0.07865655825673575,0.10601806053684325,0.6972860682526674,0.8821788579373513,0.8627467243422464,0.0031387521637707525,0.4049967985602375
0.55,0.1,1.2,0.04,0.72,0.38,0.5,0.8996113989637305,0.9009831848524192,0.9327731092436975,0.8840688107703815,0.886107634543179,0.8602620087336245,0.9092307692307692,0.09076923076923077,0.0,650,7,0,0.02410689169520681,0.07865655825673575,0.10601806053684325,0.6972860682526674,0.8821788579373513,0.8627467243422464,0.0031387521637707525,0.4059235098797614
0.55,0.1,1.2,0.08,0.72,0.38,0.5,0.8996113989637305,0.9009831848524192,0.9327731092436975,0.8840688107703815,0.886107634543179,0.8602620087336245,0.9092307692307692,0.09076923076923077,0.0,650,7,0,0.02410689169520681,0.07865655825673575,0.10601806053684325,0.6972860682526674,0.8821788579373513,0.8627467243422464,0.0031387521637707525,0.4059235098797614
0.55,0.1,1.2,0.12,0.72,0.38,0.5,0.8996113989637305,0.9009831848524192,0.9327731092436975,0.8840688107703815,0.886107634543179,0.8602620087336245,0.9092307692307692,0.09076923076923077,0.0,650,7,0,0.02410689169520681,0.07865655825673575,0.10601806053684325,0.6972860682526674,0.8821788579373513,0.8627467243422464,0.0031387521637707525,0.4059235098797614
0.55,0.2,1.2,0.08,0.66,0.42,0.5,0.9009067357512953,0.902429984407967,0.9317943336831059,0.8852213053263316,0.8902743142144638,0.8638360175695461,0.9076923076923077,0.09230769230769231,0.0,650,7,0,0.023865933253656744,0.07865655825673575,0.10601806053684325,0.6972860682526674,0.8821788579373513,0.8627467243422464,0.0031387521637707525,0.4064121427674181
0.55,0.2,1.2,0.12,0.66,0.42,0.5,0.9009067357512953,0.902429984407967,0.9317943336831059,0.8852213053263316,0.8902743142144638,0.8638360175695461,0.9076923076923077,0.09230769230769231,0.0,650,7,0,0.023865933253656744,0.07865655825673575,0.10601806053684325,0.6972860682526674,0.8821788579373513,0.8627467243422464,0.0031387521637707525,0.4064121427674181
0.55,0.2,1.2,0.04,0.66,0.42,0.5,0.9009067357512953,0.902429984407967,0.9317943336831059,0.8852213053263316,0.8902743142144638,0.8638360175695461,0.9076923076923077,0.09230769230769231,0.0,650,7,0,0.023865933253656744,0.07865655825673575,0.10601806053684325,0.6972860682526674,0.8821788579373513,0.8627467243422464,0.0031387521637707525,0.4064121427674181
0.65,0.2,1.2,0.12,0.72,0.34,0.5,0.9022020725388601,0.9038694284492101,0.9308176100628931,0.8863807373965388,0.8944099378881988,0.8674521354933726,0.9061538461538462,0.09384615384615384,0.0,650,7,0,0.025432945481143217,0.07865655825673575,0.10601806053684325,0.6972860682526674,0.8821788579373513,0.8627467243422464,0.0031387521637707525,0.4069081311693793
0.65,0.2,1.2,0.04,0.72,0.34,0.5,0.9022020725388601,0.9038694284492101,0.9308176100628931,0.8863807373965388,0.8944099378881988,0.8674521354933726,0.9061538461538462,0.09384615384615384,0.0,650,7,0,0.025432945481143217,0.07865655825673575,0.10601806053684325,0.6972860682526674,0.8821788579373513,0.8627467243422464,0.0031387521637707525,0.4069081311693793
0.65,0.2,1.2,0.08,0.72,0.34,0.5,0.9022020725388601,0.9038694284492101,0.9308176100628931,0.8863807373965388,0.8944099378881988,0.8674521354933726,0.9061538461538462,0.09384615384615384,0.0,650,7,0,0.025432945481143217,0.07865655825673575,0.10601806053684325,0.6972860682526674,0.8821788579373513,0.8627467243422464,0.0031387521637707525,0.4069081311693793
0.65,0.3,1.0,0.04,0.6,0.34,0.5,0.9034974093264249,0.9053016510778807,0.9298429319371728,0.8875471698113208,0.8985148514851485,0.8711111111111111,0.9046153846153846,0.09538461538461539,0.0,650,7,0,0.025875113950000247,0.07865655825673575,0.10601806053684325,0.6972860682526674,0.8821788579373513,0.8627467243422464,0.0031387521637707525,0.4074113409839132
0.65,0.3,1.0,0.12,0.6,0.34,0.5,0.9034974093264249,0.9053016510778807,0.9298429319371728,0.8875471698113208,0.8985148514851485,0.8711111111111111,0.9046153846153846,0.09538461538461539,0.0,650,7,0,0.025875113950000247,0.07865655825673575,0.10601806053684325,0.6972860682526674,0.8821788579373513,0.8627467243422464,0.0031387521637707525,0.4074113409839132
0.65,0.3,1.0,0.08,0.6,0.34,0.5,0.9034974093264249,0.9053016510778807,0.9298429319371728,0.8875471698113208,0.8985148514851485,0.8711111111111111,0.9046153846153846,0.09538461538461539,0.0,650,7,0,0.025875113950000247,0.07865655825673575,0.10601806053684325,0.6972860682526674,0.8821788579373513,0.8627467243422464,0.0031387521637707525,0.4074113409839132
0.55,0.1,1.0,0.12,0.72,0.38,0.5,0.9002590673575129,0.9017469812371418,0.9317943336831059,0.8845577211394303,0.8888888888888888,0.8625730994152047,0.9076923076923077,0.09230769230769231,0.0,650,7,0,0.02475739539606449,0.07865655825673575,0.10601806053684325,0.6972860682526674,0.8821788579373513,0.8627467243422464,0.0031387521637707525,0.40774281433202564
0.55,0.1,1.0,0.04,0.72,0.38,0.5,0.9002590673575129,0.9017469812371418,0.9317943336831059,0.8845577211394303,0.8888888888888888,0.8625730994152047,0.9076923076923077,0.09230769230769231,0.0,650,7,0,0.02475739539606449,0.07865655825673575,0.10601806053684325,0.6972860682526674,0.8821788579373513,0.8627467243422464,0.0031387521637707525,0.40774281433202564
0.55,0.1,1.0,0.08,0.72,0.38,0.5,0.9002590673575129,0.9017469812371418,0.9317943336831059,0.8845577211394303,0.8888888888888888,0.8625730994152047,0.9076923076923077,0.09230769230769231,0.0,650,7,0,0.02475739539606449,0.07865655825673575,0.10601806053684325,0.6972860682526674,0.8821788579373513,0.8627467243422464,0.0031387521637707525,0.40774281433202564
0.55,0.2,1.0,0.08,0.66,0.42,0.5,0.9015544041450777,0.9031889072159419,0.9308176100628931,0.8857142857142857,0.8930348258706468,0.8661764705882353,0.9061538461538462,0.09384615384615384,0.0,650,7,0,0.024556426474589065,0.07865655825673575,0.10601806053684325,0.6972860682526674,0.8821788579373513,0.8627467243422464,0.0031387521637707525,0.4082363207964299
0.55,0.2,1.0,0.04,0.66,0.42,0.5,0.9015544041450777,0.9031889072159419,0.9308176100628931,0.8857142857142857,0.8930348258706468,0.8661764705882353,0.9061538461538462,0.09384615384615384,0.0,650,7,0,0.024556426474589065,0.07865655825673575,0.10601806053684325,0.6972860682526674,0.8821788579373513,0.8627467243422464,0.0031387521637707525,0.4082363207964299
0.55,0.2,1.0,0.12,0.66,0.42,0.5,0.9015544041450777,0.9031889072159419,0.9308176100628931,0.8857142857142857,0.8930348258706468,0.8661764705882353,0.9061538461538462,0.09384615384615384,0.0,650,7,0,0.024556426474589065,0.07865655825673575,0.10601806053684325,0.6972860682526674,0.8821788579373513,0.8627467243422464,0.0031387521637707525,0.4082363207964299
0.65,0.3,1.0,0.04,0.66,0.34,0.5,0.9028497409326425,0.904623566011201,0.9298429319371728,0.8868778280542986,0.8971499380421314,0.8698224852071006,0.9046153846153846,0.09538461538461539,0.0,650,7,0,0.0258772733409948,0.07865655825673575,0.10601806053684325,0.6972860682526674,0.8821788579373513,0.8627467243422464,0.0031387521637707525,0.40873709444437534
0.65,0.3,1.0,0.08,0.66,0.34,0.5,0.9028497409326425,0.904623566011201,0.9298429319371728,0.8868778280542986,0.8971499380421314,0.8698224852071006,0.9046153846153846,0.09538461538461539,0.0,650,7,0,0.0258772733409948,0.07865655825673575,0.10601806053684325,0.6972860682526674,0.8821788579373513,0.8627467243422464,0.0031387521637707525,0.40873709444437534
0.65,0.3,1.0,0.12,0.66,0.34,0.5,0.9028497409326425,0.904623566011201,0.9298429319371728,0.8868778280542986,0.8971499380421314,0.8698224852071006,0.9046153846153846,0.09538461538461539,0.0,650,7,0,0.0258772733409948,0.07865655825673575,0.10601806053684325,0.6972860682526674,0.8821788579373513,0.8627467243422464,0.0031387521637707525,0.40873709444437534
0.55,0.2,1.2,0.12,0.72,0.42,0.5,0.8983160621761658,0.8996930125298229,0.9317943336831059,0.8825729244577412,0.8847117794486216,0.858806404657933,0.9076923076923077,0.09230769230769231,0.0,650,8,0,0.02391231873224331,0.07865655825673575,0.10601806053684325,0.6972860682526674,0.8821788579373513,0.8627467243422464,0.0031387521637707525,0.4117397882206917
0.55,0.2,1.2,0.08,0.72,0.42,0.5,0.8983160621761658,0.8996930125298229,0.9317943336831059,0.8825729244577412,0.8847117794486216,0.858806404657933,0.9076923076923077,0.09230769230769231,0.0,650,8,0,0.02391231873224331,0.07865655825673575,0.10601806053684325,0.6972860682526674,0.8821788579373513,0.8627467243422464,0.0031387521637707525,0.4117397882206917
0.55,0.2,1.2,0.04,0.72,0.42,0.5,0.8983160621761658,0.8996930125298229,0.9317943336831059,0.8825729244577412,0.8847117794486216,0.858806404657933,0.9076923076923077,0.09230769230769231,0.0,650,8,0,0.02391231873224331,0.07865655825673575,0.10601806053684325,0.6972860682526674,0.8821788579373513,0.8627467243422464,0.0031387521637707525,0.4117397882206917
0.65,0.1,1.2,0.04,0.6,0.34,0.5,0.9028497409326425,0.9046973643375537,0.9288702928870293,0.8867069486404834,0.8985148514851485,0.870919881305638,0.9030769230769231,0.09692307692307692,0.0,650,7,0,0.025785889701911962,0.07865655825673575,0.10601806053684325,0.6972860682526674,0.8821788579373513,0.8627467243422464,0.0031387521637707525,0.41189406534879186
0.65,0.1,1.2,0.08,0.6,0.34,0.5,0.9028497409326425,0.9046973643375537,0.9288702928870293,0.8867069486404834,0.8985148514851485,0.870919881305638,0.9030769230769231,0.09692307692307692,0.0,650,7,0,0.025785889701911962,0.07865655825673575,0.10601806053684325,0.6972860682526674,0.8821788579373513,0.8627467243422464,0.0031387521637707525,0.41189406534879186
0.65,0.1,1.2,0.12,0.6,0.34,0.5,0.9028497409326425,0.9046973643375537,0.9288702928870293,0.8867069486404834,0.8985148514851485,0.870919881305638,0.9030769230769231,0.09692307692307692,0.0,650,7,0,0.025785889701911962,0.07865655825673575,0.10601806053684325,0.6972860682526674,0.8821788579373513,0.8627467243422464,0.0031387521637707525,0.41189406534879186
0.55,0.2,1.0,0.08,0.72,0.42,0.5,0.8996113989637305,0.9011424763947801,0.9308176100628931,0.8837209302325582,0.8888888888888888,0.862371888726208,0.9061538461538462,0.09384615384615384,0.0,650,7,0,0.02458993819551937,0.07865655825673575,0.10601806053684325,0.6972860682526674,0.8821788579373513,0.8627467243422464,0.0031387521637707525,0.4122257567989389
0.55,0.2,1.0,0.12,0.72,0.42,0.5,0.8996113989637305,0.9011424763947801,0.9308176100628931,0.8837209302325582,0.8888888888888888,0.862371888726208,0.9061538461538462,0.09384615384615384,0.0,650,7,0,0.02458993819551937,0.07865655825673575,0.10601806053684325,0.6972860682526674,0.8821788579373513,0.8627467243422464,0.0031387521637707525,0.4122257567989389
0.55,0.2,1.0,0.04,0.72,0.42,0.5,0.8996113989637305,0.9011424763947801,0.9308176100628931,0.8837209302325582,0.8888888888888888,0.862371888726208,0.9061538461538462,0.09384615384615384,0.0,650,7,0,0.02458993819551937,0.07865655825673575,0.10601806053684325,0.6972860682526674,0.8821788579373513,0.8627467243422464,0.0031387521637707525,0.4122257567989389
0.65,0.3,1.0,0.04,0.72,0.34,0.5,0.9009067357512953,0.9025845347696494,0.9298429319371728,0.8848758465011287,0.8930348258706468,0.865979381443299,0.9046153846153846,0.09538461538461539,0.0,650,7,0,0.025870416355567756,0.07865655825673575,0.10601806053684325,0.6972860682526674,0.8821788579373513,0.8627467243422464,0.0031387521637707525,0.4127191308672741
0.65,0.3,1.0,0.08,0.72,0.34,0.5,0.9009067357512953,0.9025845347696494,0.9298429319371728,0.8848758465011287,0.8930348258706468,0.865979381443299,0.9046153846153846,0.09538461538461539,0.0,650,7,0,0.025870416355567756,0.07865655825673575,0.10601806053684325,0.6972860682526674,0.8821788579373513,0.8627467243422464,0.0031387521637707525,0.4127191308672741
0.65,0.3,1.0,0.12,0.72,0.34,0.5,0.9009067357512953,0.9025845347696494,0.9298429319371728,0.8848758465011287,0.8930348258706468,0.865979381443299,0.9046153846153846,0.09538461538461539,0.0,650,7,0,0.025870416355567756,0.07865655825673575,0.10601806053684325,0.6972860682526674,0.8821788579373513,0.8627467243422464,0.0031387521637707525,0.4127191308672741
0.65,0.1,1.2,0.12,0.66,0.34,0.5,0.9022020725388601,0.9040193222594057,0.9288702928870293,0.8860377358490567,0.8971499380421314,0.8696296296296296,0.9030769230769231,0.09692307692307692,0.0,650,7,0,0.025794376881240196,0.07865655825673575,0.10601806053684325,0.6972860682526674,0.8821788579373513,0.8627467243422464,0.0031387521637707525,0.41321977582072217
0.65,0.1,1.2,0.08,0.66,0.34,0.5,0.9022020725388601,0.9040193222594057,0.9288702928870293,0.8860377358490567,0.8971499380421314,0.8696296296296296,0.9030769230769231,0.09692307692307692,0.0,650,7,0,0.025794376881240196,0.07865655825673575,0.10601806053684325,0.6972860682526674,0.8821788579373513,0.8627467243422464,0.0031387521637707525,0.41321977582072217
0.65,0.1,1.2,0.04,0.66,0.34,0.5,0.9022020725388601,0.9040193222594057,0.9288702928870293,0.8860377358490567,0.8971499380421314,0.8696296296296296,0.9030769230769231,0.09692307692307692,0.0,650,7,0,0.025794376881240196,0.07865655825673575,0.10601806053684325,0.6972860682526674,0.8821788579373513,0.8627467243422464,0.0031387521637707525,0.41321977582072217
0.65,0.1,1.2,0.08,0.72,0.34,0.5,0.9009067357512953,0.9026608556238954,0.9288702928870293,0.8847023360964582,0.8944099378881988,0.8670605612998523,0.9030769230769231,0.09692307692307692,0.0,650,7,0,0.02578900108313337,0.07865655825673575,0.10601806053684325,0.6972860682526674,0.8821788579373513,0.8627467243422464,0.0031387521637707525,0.41587357924379725
0.65,0.1,1.2,0.04,0.72,0.34,0.5,0.9009067357512953,0.9026608556238954,0.9288702928870293,0.8847023360964582,0.8944099378881988,0.8670605612998523,0.9030769230769231,0.09692307692307692,0.0,650,7,0,0.02578900108313337,0.07865655825673575,0.10601806053684325,0.6972860682526674,0.8821788579373513,0.8627467243422464,0.0031387521637707525,0.41587357924379725
0.65,0.1,1.2,0.12,0.72,0.34,0.5,0.9009067357512953,0.9026608556238954,0.9288702928870293,0.8847023360964582,0.8944099378881988,0.8670605612998523,0.9030769230769231,0.09692307692307692,0.0,650,7,0,0.02578900108313337,0.07865655825673575,0.10601806053684325,0.6972860682526674,0.8821788579373513,0.8627467243422464,0.0031387521637707525,0.41587357924379725
0.55,0.1,1.2,0.04,0.6,0.42,0.5,0.9022020725388601,0.9040113948267368,0.9290187891440501,0.8858654572940288,0.8971499380421314,0.8707280832095097,0.9015384615384615,0.09846153846153846,0.0,650,6,0,0.02442168592253703,0.07865655825673575,0.10601806053684325,0.6972860682526674,0.8821788579373513,0.8627467243422464,0.0031387521637707525,0.4164584724841604
0.55,0.1,1.2,0.12,0.6,0.42,0.5,0.9022020725388601,0.9040113948267368,0.9290187891440501,0.8858654572940288,0.8971499380421314,0.8707280832095097,0.9015384615384615,0.09846153846153846,0.0,650,6,0,0.02442168592253703,0.07865655825673575,0.10601806053684325,0.6972860682526674,0.8821788579373513,0.8627467243422464,0.0031387521637707525,0.4164584724841604
0.55,0.1,1.2,0.08,0.6,0.42,0.5,0.9022020725388601,0.9040113948267368,0.9290187891440501,0.8858654572940288,0.8971499380421314,0.8707280832095097,0.9015384615384615,0.09846153846153846,0.0,650,6,0,0.02442168592253703,0.07865655825673575,0.10601806053684325,0.6972860682526674,0.8821788579373513,0.8627467243422464,0.0031387521637707525,0.4164584724841604
0.65,0.3,1.2,0.04,0.6,0.38,0.5,0.9015544041450777,0.9034153330616213,0.9278996865203761,0.8851963746223565,0.8971499380421314,0.8694362017804155,0.9015384615384615,0.09846153846153846,0.0,650,7,0,0.025540891317211642,0.07865655825673575,0.10601806053684325,0.6972860682526674,0.8821788579373513,0.8627467243422464,0.0031387521637707525,0.4177022026430583
0.65,0.3,1.2,0.12,0.6,0.38,0.5,0.9015544041450777,0.9034153330616213,0.9278996865203761,0.8851963746223565,0.8971499380421314,0.8694362017804155,0.9015384615384615,0.09846153846153846,0.0,650,7,0,0.025540891317211642,0.07865655825673575,0.10601806053684325,0.6972860682526674,0.8821788579373513,0.8627467243422464,0.0031387521637707525,0.4177022026430583
0.65,0.3,1.2,0.08,0.6,0.38,0.5,0.9015544041450777,0.9034153330616213,0.9278996865203761,0.8851963746223565,0.8971499380421314,0.8694362017804155,0.9015384615384615,0.09846153846153846,0.0,650,7,0,0.025540891317211642,0.07865655825673575,0.10601806053684325,0.6972860682526674,0.8821788579373513,0.8627467243422464,0.0031387521637707525,0.4177022026430583
0.65,0.3,1.2,0.08,0.66,0.38,0.5,0.9009067357512953,0.9027365420414301,0.9278996865203761,0.8845283018867924,0.8957816377171216,0.8681481481481481,0.9015384615384615,0.09846153846153846,0.0,650,7,0,0.025541873010181772,0.07865655825673575,0.10601806053684325,0.6972860682526674,0.8821788579373513,0.8627467243422464,0.0031387521637707525,0.4190286620570319
0.65,0.3,1.2,0.12,0.66,0.38,0.5,0.9009067357512953,0.9027365420414301,0.9278996865203761,0.8845283018867924,0.8957816377171216,0.8681481481481481,0.9015384615384615,0.09846153846153846,0.0,650,7,0,0.025541873010181772,0.07865655825673575,0.10601806053684325,0.6972860682526674,0.8821788579373513,0.8627467243422464,0.0031387521637707525,0.4190286620570319
0.65,0.3,1.2,0.04,0.66,0.38,0.5,0.9009067357512953,0.9027365420414301,0.9278996865203761,0.8845283018867924,0.8957816377171216,0.8681481481481481,0.9015384615384615,0.09846153846153846,0.0,650,7,0,0.025541873010181772,0.07865655825673575,0.10601806053684325,0.6972860682526674,0.8821788579373513,0.8627467243422464,0.0031387521637707525,0.4190286620570319
0.55,0.1,1.2,0.04,0.66,0.42,0.5,0.9009067357512953,0.9026523429730138,0.9290187891440501,0.8845283018867924,0.8944099378881988,0.8681481481481481,0.9015384615384615,0.09846153846153846,0.0,650,6,0,0.024439284218837207,0.07865655825673575,0.10601806053684325,0.6972860682526674,0.8821788579373513,0.8627467243422464,0.0031387521637707525,0.41911286112544816
0.55,0.1,1.2,0.12,0.66,0.42,0.5,0.9009067357512953,0.9026523429730138,0.9290187891440501,0.8845283018867924,0.8944099378881988,0.8681481481481481,0.9015384615384615,0.09846153846153846,0.0,650,6,0,0.024439284218837207,0.07865655825673575,0.10601806053684325,0.6972860682526674,0.8821788579373513,0.8627467243422464,0.0031387521637707525,0.41911286112544816
0.55,0.1,1.2,0.08,0.66,0.42,0.5,0.9009067357512953,0.9026523429730138,0.9290187891440501,0.8845283018867924,0.8944099378881988,0.8681481481481481,0.9015384615384615,0.09846153846153846,0.0,650,6,0,0.024439284218837207,0.07865655825673575,0.10601806053684325,0.6972860682526674,0.8821788579373513,0.8627467243422464,0.0031387521637707525,0.41911286112544816
0.55,0.1,1.0,0.04,0.6,0.34,0.25,0.9022020725388601,0.9041667180518246,0.9269311064718163,0.8856926570779712,0.899876390605686,0.8718330849478391,0.9,0.1,0.0,650,8,0,0.026027691429250786,0.07865655825673575,0.10601806053684325,0.6972860682526674,0.8821788579373513,0.8627467243422464,0.0031387521637707525,0.4195339184898418
0.55,0.1,1.0,0.12,0.6,0.34,0.25,0.9022020725388601,0.9041667180518246,0.9269311064718163,0.8856926570779712,0.899876390605686,0.8718330849478391,0.9,0.1,0.0,650,8,0,0.026027691429250786,0.07865655825673575,0.10601806053684325,0.6972860682526674,0.8821788579373513,0.8627467243422464,0.0031387521637707525,0.4195339184898418
0.55,0.1,1.0,0.08,0.6,0.34,0.25,0.9022020725388601,0.9041667180518246,0.9269311064718163,0.8856926570779712,0.899876390605686,0.8718330849478391,0.9,0.1,0.0,650,8,0,0.026027691429250786,0.07865655825673575,0.10601806053684325,0.6972860682526674,0.8821788579373513,0.8627467243422464,0.0031387521637707525,0.4195339184898418
0.65,0.3,1.2,0.08,0.72,0.38,0.5,0.9002590673575129,0.902056953736996,0.9278996865203761,0.8838612368024132,0.8944099378881988,0.8668639053254438,0.9015384615384615,0.09846153846153846,0.0,650,7,0,0.02554727810416216,0.07865655825673575,0.10601806053684325,0.6972860682526674,0.8821788579373513,0.8627467243422464,0.0031387521637707525,0.4203559187552483
0.65,0.3,1.2,0.04,0.72,0.38,0.5,0.9002590673575129,0.902056953736996,0.9278996865203761,0.8838612368024132,0.8944099378881988,0.8668639053254438,0.9015384615384615,0.09846153846153846,0.0,650,7,0,0.02554727810416216,0.07865655825673575,0.10601806053684325,0.6972860682526674,0.8821788579373513,0.8627467243422464,0.0031387521637707525,0.4203559187552483
0.65,0.3,1.2,0.12,0.72,0.38,0.5,0.9002590673575129,0.902056953736996,0.9278996865203761,0.8838612368024132,0.8944099378881988,0.8668639053254438,0.9015384615384615,0.09846153846153846,0.0,650,7,0,0.02554727810416216,0.07865655825673575,0.10601806053684325,0.6972860682526674,0.8821788579373513,0.8627467243422464,0.0031387521637707525,0.4203559187552483
0.55,0.1,1.0,0.04,0.66,0.34,0.25,0.9009067357512953,0.9028115953368488,0.9269311064718163,0.8843537414965986,0.8971499380421314,0.8692421991084696,0.9,0.1,0.0,650,8,0,0.026023635008768663,0.07865655825673575,0.10601806053684325,0.6972860682526674,0.8821788579373513,0.8627467243422464,0.0031387521637707525,0.4221843779923823
0.55,0.2,1.2,0.12,0.6,0.38,0.25,0.9009067357512953,0.9028115953368488,0.9269311064718163,0.8843537414965986,0.8971499380421314,0.8692421991084696,0.9,0.1,0.0,650,8,0,0.025575950961449413,0.07865655825673575,0.10601806053684325,0.6972860682526674,0.8821788579373513,0.8627467243422464,0.0031387521637707525,0.4221843779923823
0.55,0.2,1.2,0.08,0.6,0.38,0.25,0.9009067357512953,0.9028115953368488,0.9269311064718163,0.8843537414965986,0.8971499380421314,0.8692421991084696,0.9,0.1,0.0,650,8,0,0.025575950961449413,0.07865655825673575,0.10601806053684325,0.6972860682526674,0.8821788579373513,0.8627467243422464,0.0031387521637707525,0.4221843779923823
0.55,0.2,1.2,0.04,0.6,0.38,0.25,0.9009067357512953,0.9028115953368488,0.9269311064718163,0.8843537414965986,0.8971499380421314,0.8692421991084696,0.9,0.1,0.0,650,8,0,0.025575950961449413,0.07865655825673575,0.10601806053684325,0.6972860682526674,0.8821788579373513,0.8627467243422464,0.0031387521637707525,0.4221843779923823
0.55,0.1,1.0,0.08,0.66,0.34,0.25,0.9009067357512953,0.9028115953368488,0.9269311064718163,0.8843537414965986,0.8971499380421314,0.8692421991084696,0.9,0.1,0.0,650,8,0,0.026023635008768663,0.07865655825673575,0.10601806053684325,0.6972860682526674,0.8821788579373513,0.8627467243422464,0.0031387521637707525,0.4221843779923823
0.55,0.1,1.0,0.12,0.66,0.34,0.25,0.9009067357512953,0.9028115953368488,0.9269311064718163,0.8843537414965986,0.8971499380421314,0.8692421991084696,0.9,0.1,0.0,650,8,0,0.026023635008768663,0.07865655825673575,0.10601806053684325,0.6972860682526674,0.8821788579373513,0.8627467243422464,0.0031387521637707525,0.4221843779923823
0.55,0.2,1.2,0.12,0.66,0.38,0.25,0.9002590673575129,0.9021328482643892,0.9269311064718163,0.8836858006042296,0.8957816377171216,0.8679525222551929,0.9,0.1,0.0,650,8,0,0.02557943421893428,0.07865655825673575,0.10601806053684325,0.6972860682526674,0.8821788579373513,0.8627467243422464,0.0031387521637707525,0.4235107934586243
0.55,0.2,1.2,0.08,0.66,0.38,0.25,0.9002590673575129,0.9021328482643892,0.9269311064718163,0.8836858006042296,0.8957816377171216,0.8679525222551929,0.9,0.1,0.0,650,8,0,0.02557943421893428,0.07865655825673575,0.10601806053684325,0.6972860682526674,0.8821788579373513,0.8627467243422464,0.0031387521637707525,0.4235107934586243
0.55,0.2,1.2,0.04,0.66,0.38,0.25,0.9002590673575129,0.9021328482643892,0.9269311064718163,0.8836858006042296,0.8957816377171216,0.8679525222551929,0.9,0.1,0.0,650,8,0,0.02557943421893428,0.07865655825673575,0.10601806053684325,0.6972860682526674,0.8821788579373513,0.8627467243422464,0.0031387521637707525,0.4235107934586243
0.55,0.1,1.0,0.12,0.72,0.34,0.25,0.8989637305699482,0.9007729578396445,0.9269311064718163,0.8823529411764706,0.8930348258706468,0.8653846153846154,0.9,0.1,0.0,650,8,0,0.026031470935211628,0.07865655825673575,0.10601806053684325,0.6972860682526674,0.8821788579373513,0.8627467243422464,0.0031387521637707525,0.4261660206709338
0.55,0.1,1.0,0.04,0.72,0.34,0.25,0.8989637305699482,0.9007729578396445,0.9269311064718163,0.8823529411764706,0.8930348258706468,0.8653846153846154,0.9,0.1,0.0,650,8,0,0.026031470935211628,0.07865655825673575,0.10601806053684325,0.6972860682526674,0.8821788579373513,0.8627467243422464,0.0031387521637707525,0.4261660206709338
0.55,0.1,1.0,0.08,0.72,0.34,0.25,0.8989637305699482,0.9007729578396445,0.9269311064718163,0.8823529411764706,0.8930348258706468,0.8653846153846154,0.9,0.1,0.0,650,8,0,0.026031470935211628,0.07865655825673575,0.10601806053684325,0.6972860682526674,0.8821788579373513,0.8627467243422464,0.0031387521637707525,0.4261660206709338
0.55,0.3,1.0,0.08,0.6,0.38,0.25,0.9002590673575129,0.9022081060100368,0.9259645464025026,0.8835098335854765,0.8971499380421314,0.8690476190476191,0.8984615384615384,0.10153846153846154,0.0,650,8,0,0.02558254946724177,0.07865655825673575,0.10601806053684325,0.6972860682526674,0.8821788579373513,0.8627467243422464,0.0031387521637707525,0.426666304943746
0.55,0.3,1.0,0.04,0.6,0.38,0.25,0.9002590673575129,0.9022081060100368,0.9259645464025026,0.8835098335854765,0.8971499380421314,0.8690476190476191,0.8984615384615384,0.10153846153846154,0.0,650,8,0,0.02558254946724177,0.07865655825673575,0.10601806053684325,0.6972860682526674,0.8821788579373513,0.8627467243422464,0.0031387521637707525,0.426666304943746
0.55,0.3,1.0,0.12,0.6,0.38,0.25,0.9002590673575129,0.9022081060100368,0.9259645464025026,0.8835098335854765,0.8971499380421314,0.8690476190476191,0.8984615384615384,0.10153846153846154,0.0,650,8,0,0.02558254946724177,0.07865655825673575,0.10601806053684325,0.6972860682526674,0.8821788579373513,0.8627467243422464,0.0031387521637707525,0.426666304943746
0.55,0.1,1.2,0.04,0.72,0.42,0.5,0.897020725388601,0.898555790114626,0.9290187891440501,0.8805409466566492,0.886107634543179,0.8604992657856094,0.9015384615384615,0.09846153846153846,0.0,650,6,0,0.024484542587724343,0.07865655825673575,0.10601806053684325,0.6972860682526674,0.8821788579373513,0.8627467243422464,0.0031387521637707525,0.4270954243465302
0.55,0.1,1.2,0.08,0.72,0.42,0.5,0.897020725388601,0.898555790114626,0.9290187891440501,0.8805409466566492,0.886107634543179,0.8604992657856094,0.9015384615384615,0.09846153846153846,0.0,650,6,0,0.024484542587724343,0.07865655825673575,0.10601806053684325,0.6972860682526674,0.8821788579373513,0.8627467243422464,0.0031387521637707525,0.4270954243465302
0.55,0.1,1.2,0.12,0.72,0.42,0.5,0.897020725388601,0.898555790114626,0.9290187891440501,0.8805409466566492,0.886107634543179,0.8604992657856094,0.9015384615384615,0.09846153846153846,0.0,650,6,0,0.024484542587724343,0.07865655825673575,0.10601806053684325,0.6972860682526674,0.8821788579373513,0.8627467243422464,0.0031387521637707525,0.4270954243465302
0.55,0.3,1.0,0.04,0.66,0.38,0.25,0.8996113989637305,0.901529403272931,0.9259645464025026,0.8828420256991686,0.8957816377171216,0.8677563150074294,0.8984615384615384,0.10153846153846154,0.0,650,8,0,0.025586624346309,0.07865655825673575,0.10601806053684325,0.6972860682526674,0.8821788579373513,0.8627467243422464,0.0031387521637707525,0.4279926760746342
0.55,0.3,1.0,0.12,0.66,0.38,0.25,0.8996113989637305,0.901529403272931,0.9259645464025026,0.8828420256991686,0.8957816377171216,0.8677563150074294,0.8984615384615384,0.10153846153846154,0.0,650,8,0,0.025586624346309,0.07865655825673575,0.10601806053684325,0.6972860682526674,0.8821788579373513,0.8627467243422464,0.0031387521637707525,0.4279926760746342
0.55,0.3,1.0,0.08,0.66,0.38,0.25,0.8996113989637305,0.901529403272931,0.9259645464025026,0.8828420256991686,0.8957816377171216,0.8677563150074294,0.8984615384615384,0.10153846153846154,0.0,650,8,0,0.025586624346309,0.07865655825673575,0.10601806053684325,0.6972860682526674,0.8821788579373513,0.8627467243422464,0.0031387521637707525,0.4279926760746342
0.65,0.2,1.2,0.04,0.6,0.38,0.5,0.9009067357512953,0.9028788368388015,0.9261186264308012,0.8840030326004549,0.8985148514851485,0.8714499252615845,0.8969230769230769,0.10307692307692308,0.0,650,9,0,0.02597208009193591,0.07865655825673575,0.10601806053684325,0.6972860682526674,0.8821788579373513,0.8627467243422464,0.0031387521637707525,0.428578674951968
0.65,0.2,1.2,0.08,0.6,0.38,0.5,0.9009067357512953,0.9028788368388015,0.9261186264308012,0.8840030326004549,0.8985148514851485,0.8714499252615845,0.8969230769230769,0.10307692307692308,0.0,650,9,0,0.02597208009193591,0.07865655825673575,0.10601806053684325,0.6972860682526674,0.8821788579373513,0.8627467243422464,0.0031387521637707525,0.428578674951968
0.65,0.2,1.2,0.12,0.6,0.38,0.5,0.9009067357512953,0.9028788368388015,0.9261186264308012,0.8840030326004549,0.8985148514851485,0.8714499252615845,0.8969230769230769,0.10307692307692308,0.0,650,9,0,0.02597208009193591,0.07865655825673575,0.10601806053684325,0.6972860682526674,0.8821788579373513,0.8627467243422464,0.0031387521637707525,0.428578674951968
0.55,0.2,1.2,0.12,0.72,0.38,0.25,0.8976683937823834,0.8994098390239408,0.9269311064718163,0.8810240963855421,0.8902743142144638,0.8628318584070797,0.9,0.1,0.0,650,8,0,0.025607040530884785,0.07865655825673575,0.10601806053684325,0.6972860682526674,0.8821788579373513,0.8627467243422464,0.0031387521637707525,0.4288244762742023
0.55,0.2,1.2,0.08,0.72,0.38,0.25,0.8976683937823834,0.8994098390239408,0.9269311064718163,0.8810240963855421,0.8902743142144638,0.8628318584070797,0.9,0.1,0.0,650,8,0,0.025607040530884785,0.07865655825673575,0.10601806053684325,0.6972860682526674,0.8821788579373513,0.8627467243422464,0.0031387521637707525,0.4288244762742023
0.55,0.2,1.2,0.04,0.72,0.38,0.25,0.8976683937823834,0.8994098390239408,0.9269311064718163,0.8810240963855421,0.8902743142144638,0.8628318584070797,0.9,0.1,0.0,650,8,0,0.025607040530884785,0.07865655825673575,0.10601806053684325,0.6972860682526674,0.8821788579373513,0.8627467243422464,0.0031387521637707525,0.4288244762742023
0.65,0.2,1.0,0.04,0.6,0.34,0.5,0.9002590673575129,0.9022827282728273,0.925,0.8833333333333333,0.8985148514851485,0.8701492537313433,0.8969230769230769,0.10307692307692308,0.0,650,9,0,0.02625584002238919,0.07865655825673575,0.10601806053684325,0.6972860682526674,0.8821788579373513,0.8627467243422464,0.0031387521637707525,0.42982245191172463
0.65,0.2,1.0,0.08,0.6,0.34,0.5,0.9002590673575129,0.9022827282728273,0.925,0.8833333333333333,0.8985148514851485,0.8701492537313433,0.8969230769230769,0.10307692307692308,0.0,650,9,0,0.02625584002238919,0.07865655825673575,0.10601806053684325,0.6972860682526674,0.8821788579373513,0.8627467243422464,0.0031387521637707525,0.42982245191172463
0.65,0.2,1.0,0.12,0.6,0.34,0.5,0.9002590673575129,0.9022827282728273,0.925,0.8833333333333333,0.8985148514851485,0.8701492537313433,0.8969230769230769,0.10307692307692308,0.0,650,9,0,0.02625584002238919,0.07865655825673575,0.10601806053684325,0.6972860682526674,0.8821788579373513,0.8627467243422464,0.0031387521637707525,0.42982245191172463
0.65,0.2,1.2,0.12,0.66,0.38,0.5,0.9002590673575129,0.9022006326020886,0.9261186264308012,0.8833333333333333,0.8971499380421314,0.8701492537313433,0.8969230769230769,0.10307692307692308,0.0,650,9,0,0.02597572515232987,0.07865655825673575,0.10601806053684325,0.6972860682526674,0.8821788579373513,0.8627467243422464,0.0031387521637707525,0.4299045475824633
0.55,0.1,1.0,0.08,0.6,0.42,0.5,0.9002590673575129,0.9022006326020886,0.9261186264308012,0.8833333333333333,0.8971499380421314,0.8701492537313433,0.8969230769230769,0.10307692307692308,0.0,650,8,0,0.025179897862200287,0.07865655825673575,0.10601806053684325,0.6972860682526674,0.8821788579373513,0.8627467243422464,0.0031387521637707525,0.4299045475824633
0.55,0.1,1.0,0.12,0.6,0.42,0.5,0.9002590673575129,0.9022006326020886,0.9261186264308012,0.8833333333333333,0.8971499380421314,0.8701492537313433,0.8969230769230769,0.10307692307692308,0.0,650,8,0,0.025179897862200287,0.07865655825673575,0.10601806053684325,0.6972860682526674,0.8821788579373513,0.8627467243422464,0.0031387521637707525,0.4299045475824633
0.65,0.2,1.2,0.04,0.66,0.38,0.5,0.9002590673575129,0.9022006326020886,0.9261186264308012,0.8833333333333333,0.8971499380421314,0.8701492537313433,0.8969230769230769,0.10307692307692308,0.0,650,9,0,0.02597572515232987,0.07865655825673575,0.10601806053684325,0.6972860682526674,0.8821788579373513,0.8627467243422464,0.0031387521637707525,0.4299045475824633
0.65,0.2,1.2,0.08,0.66,0.38,0.5,0.9002590673575129,0.9022006326020886,0.9261186264308012,0.8833333333333333,0.8971499380421314,0.8701492537313433,0.8969230769230769,0.10307692307692308,0.0,650,9,0,0.02597572515232987,0.07865655825673575,0.10601806053684325,0.6972860682526674,0.8821788579373513,0.8627467243422464,0.0031387521637707525,0.4299045475824633
0.55,0.1,1.0,0.04,0.6,0.42,0.5,0.9002590673575129,0.9022006326020886,0.9261186264308012,0.8833333333333333,0.8971499380421314,0.8701492537313433,0.8969230769230769,0.10307692307692308,0.0,650,8,0,0.025179897862200287,0.07865655825673575,0.10601806053684325,0.6972860682526674,0.8821788579373513,0.8627467243422464,0.0031387521637707525,0.4299045475824633
0.65,0.2,1.0,0.08,0.66,0.34,0.5,0.8996113989637305,0.9016048620120252,0.925,0.882664647993944,0.8971499380421314,0.8688524590163934,0.8969230769230769,0.10307692307692308,0.0,650,9,0,0.026266253534605134,0.07865655825673575,0.10601806053684325,0.6972860682526674,0.8821788579373513,0.8627467243422464,0.0031387521637707525,0.43114798656630915
0.65,0.2,1.0,0.12,0.66,0.34,0.5,0.8996113989637305,0.9016048620120252,0.925,0.882664647993944,0.8971499380421314,0.8688524590163934,0.8969230769230769,0.10307692307692308,0.0,650,9,0,0.026266253534605134,0.07865655825673575,0.10601806053684325,0.6972860682526674,0.8821788579373513,0.8627467243422464,0.0031387521637707525,0.43114798656630915
0.65,0.2,1.0,0.04,0.66,0.34,0.5,0.8996113989637305,0.9016048620120252,0.925,0.882664647993944,0.8971499380421314,0.8688524590163934,0.8969230769230769,0.10307692307692308,0.0,650,9,0,0.026266253534605134,0.07865655825673575,0.10601806053684325,0.6972860682526674,0.8821788579373513,0.8627467243422464,0.0031387521637707525,0.43114798656630915
0.55,0.3,1.0,0.12,0.72,0.38,0.25,0.8976683937823834,0.8994884936231978,0.9259645464025026,0.8808446455505279,0.8916562889165629,0.863905325443787,0.8984615384615384,0.10153846153846154,0.0,650,8,0,0.0256072404255578,0.07865655825673575,0.10601806053684325,0.6972860682526674,0.8821788579373513,0.8627467243422464,0.0031387521637707525,0.4319765909057145
0.55,0.3,1.0,0.08,0.72,0.38,0.25,0.8976683937823834,0.8994884936231978,0.9259645464025026,0.8808446455505279,0.8916562889165629,0.863905325443787,0.8984615384615384,0.10153846153846154,0.0,650,8,0,0.0256072404255578,0.07865655825673575,0.10601806053684325,0.6972860682526674,0.8821788579373513,0.8627467243422464,0.0031387521637707525,0.4319765909057145
0.55,0.3,1.0,0.04,0.72,0.38,0.25,0.8976683937823834,0.8994884936231978,0.9259645464025026,0.8808446455505279,0.8916562889165629,0.863905325443787,0.8984615384615384,0.10153846153846154,0.0,650,8,0,0.0256072404255578,0.07865655825673575,0.10601806053684325,0.6972860682526674,0.8821788579373513,0.8627467243422464,0.0031387521637707525,0.4319765909057145
0.65,0.2,1.2,0.04,0.72,0.38,0.5,0.8989637305699482,0.9008418462001306,0.9261186264308012,0.8819969742813918,0.8944099378881988,0.8675595238095238,0.8969230769230769,0.10307692307692308,0.0,650,9,0,0.025977471090068968,0.07865655825673575,0.10601806053684325,0.6972860682526674,0.8821788579373513,0.8627467243422464,0.0031387521637707525,0.43255867077198606
0.65,0.2,1.2,0.12,0.72,0.38,0.5,0.8989637305699482,0.9008418462001306,0.9261186264308012,0.8819969742813918,0.8944099378881988,0.8675595238095238,0.8969230769230769,0.10307692307692308,0.0,650,9,0,0.025977471090068968,0.07865655825673575,0.10601806053684325,0.6972860682526674,0.8821788579373513,0.8627467243422464,0.0031387521637707525,0.43255867077198606
0.65,0.2,1.2,0.08,0.72,0.38,0.5,0.8989637305699482,0.9008418462001306,0.9261186264308012,0.8819969742813918,0.8944099378881988,0.8675595238095238,0.8969230769230769,0.10307692307692308,0.0,650,9,0,0.025977471090068968,0.07865655825673575,0.10601806053684325,0.6972860682526674,0.8821788579373513,0.8627467243422464,0.0031387521637707525,0.43255867077198606
0.65,0.2,1.0,0.04,0.72,0.34,0.5,0.8983160621761658,0.9002467492633124,0.925,0.8813303099017384,0.8944099378881988,0.8662704309063893,0.8969230769230769,0.10307692307692308,0.0,650,9,0,0.026257639314539647,0.07865655825673575,0.10601806053684325,0.6972860682526674,0.8821788579373513,0.8627467243422464,0.0031387521637707525,0.4338014361025867
0.65,0.2,1.0,0.12,0.72,0.34,0.5,0.8983160621761658,0.9002467492633124,0.925,0.8813303099017384,0.8944099378881988,0.8662704309063893,0.8969230769230769,0.10307692307692308,0.0,650,9,0,0.026257639314539647,0.07865655825673575,0.10601806053684325,0.6972860682526674,0.8821788579373513,0.8627467243422464,0.0031387521637707525,0.4338014361025867
0.65,0.2,1.0,0.08,0.72,0.34,0.5,0.8983160621761658,0.9002467492633124,0.925,0.8813303099017384,0.8944099378881988,0.8662704309063893,0.8969230769230769,0.10307692307692308,0.0,650,9,0,0.026257639314539647,0.07865655825673575,0.10601806053684325,0.6972860682526674,0.8821788579373513,0.8627467243422464,0.0031387521637707525,0.4338014361025867
0.55,0.1,1.0,0.12,0.66,0.42,0.5,0.8983160621761658,0.9001612540677288,0.9261186264308012,0.8813303099017384,0.8930348258706468,0.8662704309063893,0.8969230769230769,0.10307692307692308,0.0,650,8,0,0.02519287342680879,0.07865655825673575,0.10601806053684325,0.6972860682526674,0.8821788579373513,0.8627467243422464,0.0031387521637707525,0.43388693129817024
0.55,0.1,1.0,0.04,0.66,0.42,0.5,0.8983160621761658,0.9001612540677288,0.9261186264308012,0.8813303099017384,0.8930348258706468,0.8662704309063893,0.8969230769230769,0.10307692307692308,0.0,650,8,0,0.02519287342680879,0.07865655825673575,0.10601806053684325,0.6972860682526674,0.8821788579373513,0.8627467243422464,0.0031387521637707525,0.43388693129817024
0.55,0.1,1.0,0.08,0.66,0.42,0.5,0.8983160621761658,0.9001612540677288,0.9261186264308012,0.8813303099017384,0.8930348258706468,0.8662704309063893,0.8969230769230769,0.10307692307692308,0.0,650,8,0,0.02519287342680879,0.07865655825673575,0.10601806053684325,0.6972860682526674,0.8821788579373513,0.8627467243422464,0.0031387521637707525,0.43388693129817024
0.65,0.3,1.2,0.04,0.6,0.42,0.5,0.8996113989637305,0.9015975318570222,0.9251559251559252,0.8824867323730099,0.8971499380421314,0.8699551569506726,0.8953846153846153,0.10461538461538461,0.0,650,9,0,0.02578863383054809,0.07865655825673575,0.10601806053684325,0.6972860682526674,0.8821788579373513,0.8627467243422464,0.0031387521637707525,0.4343860859520815
0.65,0.3,1.2,0.08,0.6,0.42,0.5,0.8996113989637305,0.9015975318570222,0.9251559251559252,0.8824867323730099,0.8971499380421314,0.8699551569506726,0.8953846153846153,0.10461538461538461,0.0,650,9,0,0.02578863383054809,0.07865655825673575,0.10601806053684325,0.6972860682526674,0.8821788579373513,0.8627467243422464,0.0031387521637707525,0.4343860859520815
0.65,0.3,1.2,0.12,0.6,0.42,0.5,0.8996113989637305,0.9015975318570222,0.9251559251559252,0.8824867323730099,0.8971499380421314,0.8699551569506726,0.8953846153846153,0.10461538461538461,0.0,650,9,0,0.02578863383054809,0.07865655825673575,0.10601806053684325,0.6972860682526674,0.8821788579373513,0.8627467243422464,0.0031387521637707525,0.4343860859520815
0.55,0.3,1.2,0.04,0.6,0.42,0.25,0.8989637305699482,0.901001860279487,0.9240374609781478,0.8818181818181818,0.8971499380421314,0.8686567164179104,0.8953846153846153,0.10461538461538461,0.0,650,8,0,0.02521480268173961,0.07865655825673575,0.10601806053684325,0.6972860682526674,0.8821788579373513,0.8627467243422464,0.0031387521637707525,0.43562942592339904
0.55,0.3,1.2,0.08,0.6,0.42,0.25,0.8989637305699482,0.901001860279487,0.9240374609781478,0.8818181818181818,0.8971499380421314,0.8686567164179104,0.8953846153846153,0.10461538461538461,0.0,650,8,0,0.02521480268173961,0.07865655825673575,0.10601806053684325,0.6972860682526674,0.8821788579373513,0.8627467243422464,0.0031387521637707525,0.43562942592339904
0.55,0.3,1.2,0.12,0.6,0.42,0.25,0.8989637305699482,0.901001860279487,0.9240374609781478,0.8818181818181818,0.8971499380421314,0.8686567164179104,0.8953846153846153,0.10461538461538461,0.0,650,8,0,0.02521480268173961,0.07865655825673575,0.10601806053684325,0.6972860682526674,0.8821788579373513,0.8627467243422464,0.0031387521637707525,0.43562942592339904
0.65,0.3,1.2,0.08,0.66,0.42,0.5,0.8989637305699482,0.9009185815637428,0.9251559251559252,0.8818181818181818,0.8957816377171216,0.8686567164179104,0.8953846153846153,0.10461538461538461,0.0,650,9,0,0.0257922423388942,0.07865655825673575,0.10601806053684325,0.6972860682526674,0.8821788579373513,0.8627467243422464,0.0031387521637707525,0.43571270463914324
0.65,0.3,1.2,0.12,0.66,0.42,0.5,0.8989637305699482,0.9009185815637428,0.9251559251559252,0.8818181818181818,0.8957816377171216,0.8686567164179104,0.8953846153846153,0.10461538461538461,0.0,650,9,0,0.0257922423388942,0.07865655825673575,0.10601806053684325,0.6972860682526674,0.8821788579373513,0.8627467243422464,0.0031387521637707525,0.43571270463914324
0.65,0.3,1.2,0.04,0.66,0.42,0.5,0.8989637305699482,0.9009185815637428,0.9251559251559252,0.8818181818181818,0.8957816377171216,0.8686567164179104,0.8953846153846153,0.10461538461538461,0.0,650,9,0,0.0257922423388942,0.07865655825673575,0.10601806053684325,0.6972860682526674,0.8821788579373513,0.8627467243422464,0.0031387521637707525,0.43571270463914324
0.65,0.1,1.0,0.08,0.6,0.34,0.5,0.9002590673575129,0.9024300714608043,0.9230769230769231,0.8829787234042553,0.9012345679012346,0.8723723723723724,0.8938461538461538,0.10615384615384615,0.0,650,9,0,0.02663831227074983,0.07865655825673575,0.10601806053684325,0.6972860682526674,0.8821788579373513,0.8627467243422464,0.0031387521637707525,0.4361366471852861
0.65,0.1,1.0,0.04,0.6,0.34,0.5,0.9002590673575129,0.9024300714608043,0.9230769230769231,0.8829787234042553,0.9012345679012346,0.8723723723723724,0.8938461538461538,0.10615384615384615,0.0,650,9,0,0.02663831227074983,0.07865655825673575,0.10601806053684325,0.6972860682526674,0.8821788579373513,0.8627467243422464,0.0031387521637707525,0.4361366471852861
0.65,0.1,1.0,0.12,0.6,0.34,0.5,0.9002590673575129,0.9024300714608043,0.9230769230769231,0.8829787234042553,0.9012345679012346,0.8723723723723724,0.8938461538461538,0.10615384615384615,0.0,650,9,0,0.02663831227074983,0.07865655825673575,0.10601806053684325,0.6972860682526674,0.8821788579373513,0.8627467243422464,0.0031387521637707525,0.4361366471852861
0.65,0.3,1.2,0.08,0.72,0.42,0.5,0.8983160621761658,0.9002388354986848,0.9251559251559252,0.8811506434519304,0.8944099378881988,0.8673621460506706,0.8953846153846153,0.10461538461538461,0.0,650,9,0,0.025799171414016435,0.07865655825673575,0.10601806053684325,0.6972860682526674,0.8821788579373513,0.8627467243422464,0.0031387521637707525,0.4370401190979837
0.65,0.3,1.2,0.04,0.72,0.42,0.5,0.8983160621761658,0.9002388354986848,0.9251559251559252,0.8811506434519304,0.8944099378881988,0.8673621460506706,0.8953846153846153,0.10461538461538461,0.0,650,9,0,0.025799171414016435,0.07865655825673575,0.10601806053684325,0.6972860682526674,0.8821788579373513,0.8627467243422464,0.0031387521637707525,0.4370401190979837
0.65,0.3,1.2,0.12,0.72,0.42,0.5,0.8983160621761658,0.9002388354986848,0.9251559251559252,0.8811506434519304,0.8944099378881988,0.8673621460506706,0.8953846153846153,0.10461538461538461,0.0,650,9,0,0.025799171414016435,0.07865655825673575,0.10601806053684325,0.6972860682526674,0.8821788579373513,0.8627467243422464,0.0031387521637707525,0.4370401190979837
0.55,0.1,1.0,0.08,0.72,0.42,0.5,0.8963730569948186,0.8981146217480918,0.9261186264308012,0.8793363499245852,0.8888888888888888,0.8624260355029586,0.8969230769230769,0.10307692307692308,0.0,650,8,0,0.025220755345682147,0.07865655825673575,0.10601806053684325,0.6972860682526674,0.8821788579373513,0.8627467243422464,0.0031387521637707525,0.4378765687991545
0.55,0.1,1.0,0.04,0.72,0.42,0.5,0.8963730569948186,0.8981146217480918,0.9261186264308012,0.8793363499245852,0.8888888888888888,0.8624260355029586,0.8969230769230769,0.10307692307692308,0.0,650,8,0,0.025220755345682147,0.07865655825673575,0.10601806053684325,0.6972860682526674,0.8821788579373513,0.8627467243422464,0.0031387521637707525,0.4378765687991545
0.55,0.1,1.0,0.12,0.72,0.42,0.5,0.8963730569948186,0.8981146217480918,0.9261186264308012,0.8793363499245852,0.8888888888888888,0.8624260355029586,0.8969230769230769,0.10307692307692308,0.0,650,8,0,0.025220755345682147,0.07865655825673575,0.10601806053684325,0.6972860682526674,0.8821788579373513,0.8627467243422464,0.0031387521637707525,0.4378765687991545
0.65,0.1,1.0,0.04,0.66,0.34,0.5,0.8989637305699482,0.9010768737665176,0.9230769230769231,0.881638846737481,0.8985148514851485,0.8697604790419161,0.8938461538461538,0.10615384615384615,0.0,650,9,0,0.026655400837986266,0.07865655825673575,0.10601806053684325,0.6972860682526674,0.8821788579373513,0.8627467243422464,0.0031387521637707525,0.43878518166713765
0.65,0.1,1.0,0.08,0.66,0.34,0.5,0.8989637305699482,0.9010768737665176,0.9230769230769231,0.881638846737481,0.8985148514851485,0.8697604790419161,0.8938461538461538,0.10615384615384615,0.0,650,9,0,0.026655400837986266,0.07865655825673575,0.10601806053684325,0.6972860682526674,0.8821788579373513,0.8627467243422464,0.0031387521637707525,0.43878518166713765
0.65,0.1,1.0,0.12,0.66,0.34,0.5,0.8989637305699482,0.9010768737665176,0.9230769230769231,0.881638846737481,0.8985148514851485,0.8697604790419161,0.8938461538461538,0.10615384615384615,0.0,650,9,0,0.026655400837986266,0.07865655825673575,0.10601806053684325,0.6972860682526674,0.8821788579373513,0.8627467243422464,0.0031387521637707525,0.43878518166713765
0.65,0.3,1.0,0.04,0.6,0.38,0.5,0.8989637305699482,0.9010768737665176,0.9230769230769231,0.881638846737481,0.8985148514851485,0.8697604790419161,0.8938461538461538,0.10615384615384615,0.0,650,9,0,0.02641649281782644,0.07865655825673575,0.10601806053684325,0.6972860682526674,0.8821788579373513,0.8627467243422464,0.0031387521637707525,0.43878518166713765
0.65,0.3,1.0,0.08,0.6,0.38,0.5,0.8989637305699482,0.9010768737665176,0.9230769230769231,0.881638846737481,0.8985148514851485,0.8697604790419161,0.8938461538461538,0.10615384615384615,0.0,650,9,0,0.02641649281782644,0.07865655825673575,0.10601806053684325,0.6972860682526674,0.8821788579373513,0.8627467243422464,0.0031387521637707525,0.43878518166713765
0.65,0.3,1.0,0.12,0.6,0.38,0.5,0.8989637305699482,0.9010768737665176,0.9230769230769231,0.881638846737481,0.8985148514851485,0.8697604790419161,0.8938461538461538,0.10615384615384615,0.0,650,9,0,0.02641649281782644,0.07865655825673575,0.10601806053684325,0.6972860682526674,0.8821788579373513,0.8627467243422464,0.0031387521637707525,0.43878518166713765
0.55,0.3,1.2,0.08,0.66,0.42,0.25,0.897020725388601,0.8989636269843676,0.9240374609781478,0.8798185941043084,0.8930348258706468,0.8647845468053492,0.8953846153846153,0.10461538461538461,0.0,650,8,0,0.025230864843243425,0.07865655825673575,0.10601806053684325,0.6972860682526674,0.8821788579373513,0.8627467243422464,0.0031387521637707525,0.4396106643998656
0.55,0.3,1.2,0.04,0.66,0.42,0.25,0.897020725388601,0.8989636269843676,0.9240374609781478,0.8798185941043084,0.8930348258706468,0.8647845468053492,0.8953846153846153,0.10461538461538461,0.0,650,8,0,0.025230864843243425,0.07865655825673575,0.10601806053684325,0.6972860682526674,0.8821788579373513,0.8627467243422464,0.0031387521637707525,0.4396106643998656
0.55,0.3,1.2,0.12,0.66,0.42,0.25,0.897020725388601,0.8989636269843676,0.9240374609781478,0.8798185941043084,0.8930348258706468,0.8647845468053492,0.8953846153846153,0.10461538461538461,0.0,650,8,0,0.025230864843243425,0.07865655825673575,0.10601806053684325,0.6972860682526674,0.8821788579373513,0.8627467243422464,0.0031387521637707525,0.4396106643998656
0.65,0.3,1.0,0.08,0.66,0.38,0.5,0.8983160621761658,0.9003990977548731,0.9230769230769231,0.8809704321455648,0.8971499380421314,0.8684603886397608,0.8938461538461538,0.10615384615384615,0.0,650,9,0,0.026421622262605356,0.07865655825673575,0.10601806053684325,0.6972860682526674,0.8821788579373513,0.8627467243422464,0.0031387521637707525,0.44011062607256446
0.65,0.3,1.0,0.12,0.66,0.38,0.5,0.8983160621761658,0.9003990977548731,0.9230769230769231,0.8809704321455648,0.8971499380421314,0.8684603886397608,0.8938461538461538,0.10615384615384615,0.0,650,9,0,0.026421622262605356,0.07865655825673575,0.10601806053684325,0.6972860682526674,0.8821788579373513,0.8627467243422464,0.0031387521637707525,0.44011062607256446
0.65,0.3,1.0,0.04,0.66,0.38,0.5,0.8983160621761658,0.9003990977548731,0.9230769230769231,0.8809704321455648,0.8971499380421314,0.8684603886397608,0.8938461538461538,0.10615384615384615,0.0,650,9,0,0.026421622262605356,0.07865655825673575,0.10601806053684325,0.6972860682526674,0.8821788579373513,0.8627467243422464,0.0031387521637707525,0.44011062607256446
0.65,0.1,1.2,0.04,0.6,0.38,0.5,0.8989637305699482,0.9010701108577733,0.9232365145228216,0.8814589665653495,0.8985148514851485,0.8708708708708709,0.8923076923076924,0.1076923076923077,0.0,650,9,0,0.0264214447628961,0.07865655825673575,0.10601806053684325,0.6972860682526674,0.8821788579373513,0.8627467243422464,0.0031387521637707525,0.44202271380665104
0.65,0.1,1.2,0.12,0.6,0.38,0.5,0.8989637305699482,0.9010701108577733,0.9232365145228216,0.8814589665653495,0.8985148514851485,0.8708708708708709,0.8923076923076924,0.1076923076923077,0.0,650,9,0,0.0264214447628961,0.07865655825673575,0.10601806053684325,0.6972860682526674,0.8821788579373513,0.8627467243422464,0.0031387521637707525,0.44202271380665104
0.65,0.1,1.2,0.08,0.6,0.38,0.5,0.8989637305699482,0.9010701108577733,0.9232365145228216,0.8814589665653495,0.8985148514851485,0.8708708708708709,0.8923076923076924,0.1076923076923077,0.0,650,9,0,0.0264214447628961,0.07865655825673575,0.10601806053684325,0.6972860682526674,0.8821788579373513,0.8627467243422464,0.0031387521637707525,0.44202271380665104
0.65,0.1,1.0,0.08,0.72,0.34,0.5,0.897020725388601,0.8990411666250129,0.9230769230769231,0.8796366389099167,0.8944099378881988,0.8658718330849479,0.8938461538461538,0.10615384615384615,0.0,650,9,0,0.026646394600426306,0.07865655825673575,0.10601806053684325,0.6972860682526674,0.8821788579373513,0.8627467243422464,0.0031387521637707525,0.4427638939899895
0.65,0.1,1.0,0.12,0.72,0.34,0.5,0.897020725388601,0.8990411666250129,0.9230769230769231,0.8796366389099167,0.8944099378881988,0.8658718330849479,0.8938461538461538,0.10615384615384615,0.0,650,9,0,0.026646394600426306,0.07865655825673575,0.10601806053684325,0.6972860682526674,0.8821788579373513,0.8627467243422464,0.0031387521637707525,0.4427638939899895
0.65,0.1,1.0,0.04,0.72,0.34,0.5,0.897020725388601,0.8990411666250129,0.9230769230769231,0.8796366389099167,0.8944099378881988,0.8658718330849479,0.8938461538461538,0.10615384615384615,0.0,650,9,0,0.026646394600426306,0.07865655825673575,0.10601806053684325,0.6972860682526674,0.8821788579373513,0.8627467243422464,0.0031387521637707525,0.4427638939899895
0.65,0.1,1.2,0.04,0.66,0.38,0.5,0.8983160621761658,0.9003920420217776,0.9232365145228216,0.8807896735003796,0.8971499380421314,0.8695652173913043,0.8923076923076924,0.1076923076923077,0.0,650,9,0,0.026432346592841906,0.07865655825673575,0.10601806053684325,0.6972860682526674,0.8821788579373513,0.8627467243422464,0.0031387521637707525,0.44334845103642917
0.65,0.1,1.2,0.08,0.66,0.38,0.5,0.8983160621761658,0.9003920420217776,0.9232365145228216,0.8807896735003796,0.8971499380421314,0.8695652173913043,0.8923076923076924,0.1076923076923077,0.0,650,9,0,0.026432346592841906,0.07865655825673575,0.10601806053684325,0.6972860682526674,0.8821788579373513,0.8627467243422464,0.0031387521637707525,0.44334845103642917
0.65,0.1,1.2,0.12,0.66,0.38,0.5,0.8983160621761658,0.9003920420217776,0.9232365145228216,0.8807896735003796,0.8971499380421314,0.8695652173913043,0.8923076923076924,0.1076923076923077,0.0,650,9,0,0.026432346592841906,0.07865655825673575,0.10601806053684325,0.6972860682526674,0.8821788579373513,0.8627467243422464,0.0031387521637707525,0.44334845103642917
0.55,0.3,1.2,0.12,0.72,0.42,0.25,0.8950777202072538,0.8969181347218931,0.9240374609781478,0.8778280542986425,0.8888888888888888,0.8609467455621301,0.8953846153846153,0.10461538461538461,0.0,650,9,0,0.025256467339758434,0.07865655825673575,0.10601806053684325,0.6972860682526674,0.8821788579373513,0.8627467243422464,0.0031387521637707525,0.4435991618436873
0.55,0.3,1.2,0.08,0.72,0.42,0.25,0.8950777202072538,0.8969181347218931,0.9240374609781478,0.8778280542986425,0.8888888888888888,0.8609467455621301,0.8953846153846153,0.10461538461538461,0.0,650,9,0,0.025256467339758434,0.07865655825673575,0.10601806053684325,0.6972860682526674,0.8821788579373513,0.8627467243422464,0.0031387521637707525,0.4435991618436873
0.55,0.3,1.2,0.04,0.72,0.42,0.25,0.8950777202072538,0.8969181347218931,0.9240374609781478,0.8778280542986425,0.8888888888888888,0.8609467455621301,0.8953846153846153,0.10461538461538461,0.0,650,9,0,0.025256467339758434,0.07865655825673575,0.10601806053684325,0.6972860682526674,0.8821788579373513,0.8627467243422464,0.0031387521637707525,0.4435991618436873
0.65,0.3,1.0,0.04,0.72,0.38,0.5,0.8963730569948186,0.898361001540264,0.9230769230769231,0.8789712556732224,0.8930348258706468,0.8645833333333334,0.8938461538461538,0.10615384615384615,0.0,650,9,0,0.026416664178505803,0.07865655825673575,0.10601806053684325,0.6972860682526674,0.8821788579373513,0.8627467243422464,0.0031387521637707525,0.44409172746852077
0.65,0.3,1.0,0.12,0.72,0.38,0.5,0.8963730569948186,0.898361001540264,0.9230769230769231,0.8789712556732224,0.8930348258706468,0.8645833333333334,0.8938461538461538,0.10615384615384615,0.0,650,9,0,0.026416664178505803,0.07865655825673575,0.10601806053684325,0.6972860682526674,0.8821788579373513,0.8627467243422464,0.0031387521637707525,0.44409172746852077
0.65,0.3,1.0,0.08,0.72,0.38,0.5,0.8963730569948186,0.898361001540264,0.9230769230769231,0.8789712556732224,0.8930348258706468,0.8645833333333334,0.8938461538461538,0.10615384615384615,0.0,650,9,0,0.026416664178505803,0.07865655825673575,0.10601806053684325,0.6972860682526674,0.8821788579373513,0.8627467243422464,0.0031387521637707525,0.44409172746852077
0.65,0.1,1.2,0.08,0.72,0.38,0.5,0.897020725388601,0.8990335281097134,0.9232365145228216,0.8794541319181198,0.8944099378881988,0.866965620328849,0.8923076923076924,0.1076923076923077,0.0,650,9,0,0.02642841896853771,0.07865655825673575,0.10601806053684325,0.6972860682526674,0.8821788579373513,0.8627467243422464,0.0031387521637707525,0.44600230173605815
0.65,0.1,1.2,0.12,0.72,0.38,0.5,0.897020725388601,0.8990335281097134,0.9232365145228216,0.8794541319181198,0.8944099378881988,0.866965620328849,0.8923076923076924,0.1076923076923077,0.0,650,9,0,0.02642841896853771,0.07865655825673575,0.10601806053684325,0.6972860682526674,0.8821788579373513,0.8627467243422464,0.0031387521637707525,0.44600230173605815
0.65,0.1,1.2,0.04,0.72,0.38,0.5,0.897020725388601,0.8990335281097134,0.9232365145228216,0.8794541319181198,0.8944099378881988,0.866965620328849,0.8923076923076924,0.1076923076923077,0.0,650,9,0,0.02642841896853771,0.07865655825673575,0.10601806053684325,0.6972860682526674,0.8821788579373513,0.8627467243422464,0.0031387521637707525,0.44600230173605815
0.55,0.1,1.2,0.12,0.6,0.38,0.25,0.8976683937823834,0.8998719623125778,0.921161825726141,0.8799392097264438,0.8985148514851485,0.8693693693693694,0.8907692307692308,0.10923076923076923,0.0,650,8,0,0.02610372056656383,0.07865655825673575,0.10601806053684325,0.6972860682526674,0.8821788579373513,0.8627467243422464,0.0031387521637707525,0.4477469683701807
0.55,0.1,1.2,0.08,0.6,0.38,0.25,0.8976683937823834,0.8998719623125778,0.921161825726141,0.8799392097264438,0.8985148514851485,0.8693693693693694,0.8907692307692308,0.10923076923076923,0.0,650,8,0,0.02610372056656383,0.07865655825673575,0.10601806053684325,0.6972860682526674,0.8821788579373513,0.8627467243422464,0.0031387521637707525,0.4477469683701807
0.55,0.1,1.2,0.04,0.6,0.38,0.25,0.8976683937823834,0.8998719623125778,0.921161825726141,0.8799392097264438,0.8985148514851485,0.8693693693693694,0.8907692307692308,0.10923076923076923,0.0,650,8,0,0.02610372056656383,0.07865655825673575,0.10601806053684325,0.6972860682526674,0.8821788579373513,0.8627467243422464,0.0031387521637707525,0.4477469683701807
0.55,0.1,1.2,0.12,0.66,0.38,0.25,0.8963730569948186,0.8985158029383461,0.921161825726141,0.8786039453717754,0.8957816377171216,0.8667664670658682,0.8907692307692308,0.10923076923076923,0.0,650,8,0,0.026105593257689283,0.07865655825673575,0.10601806053684325,0.6972860682526674,0.8821788579373513,0.8627467243422464,0.0031387521637707525,0.4503984645319772
0.55,0.1,1.2,0.08,0.66,0.38,0.25,0.8963730569948186,0.8985158029383461,0.921161825726141,0.8786039453717754,0.8957816377171216,0.8667664670658682,0.8907692307692308,0.10923076923076923,0.0,650,8,0,0.026105593257689283,0.07865655825673575,0.10601806053684325,0.6972860682526674,0.8821788579373513,0.8627467243422464,0.0031387521637707525,0.4503984645319772
0.55,0.1,1.2,0.04,0.66,0.38,0.25,0.8963730569948186,0.8985158029383461,0.921161825726141,0.8786039453717754,0.8957816377171216,0.8667664670658682,0.8907692307692308,0.10923076923076923,0.0,650,8,0,0.026105593257689283,0.07865655825673575,0.10601806053684325,0.6972860682526674,0.8821788579373513,0.8627467243422464,0.0031387521637707525,0.4503984645319772
0.65,0.2,1.2,0.04,0.6,0.42,0.5,0.8976683937823834,0.8998654573475159,0.9213250517598344,0.8797564687975646,0.8985148514851485,0.8704819277108434,0.8892307692307693,0.11076923076923077,0.0,650,8,0,0.026285936797198862,0.07865655825673575,0.10601806053684325,0.6972860682526674,0.8821788579373513,0.8627467243422464,0.0031387521637707525,0.4509842425660118
0.65,0.2,1.0,0.08,0.6,0.38,0.5,0.8976683937823834,0.8998654573475159,0.9213250517598344,0.8797564687975646,0.8985148514851485,0.8704819277108434,0.8892307692307693,0.11076923076923077,0.0,650,10,0,0.026865805178515827,0.07865655825673575,0.10601806053684325,0.6972860682526674,0.8821788579373513,0.8627467243422464,0.0031387521637707525,0.4509842425660118
0.65,0.3,1.0,0.04,0.6,0.42,0.5,0.8976683937823834,0.8998654573475159,0.9213250517598344,0.8797564687975646,0.8985148514851485,0.8704819277108434,0.8892307692307693,0.11076923076923077,0.0,650,10,0,0.026694691697998808,0.07865655825673575,0.10601806053684325,0.6972860682526674,0.8821788579373513,0.8627467243422464,0.0031387521637707525,0.4509842425660118
0.65,0.2,1.2,0.08,0.6,0.42,0.5,0.8976683937823834,0.8998654573475159,0.9213250517598344,0.8797564687975646,0.8985148514851485,0.8704819277108434,0.8892307692307693,0.11076923076923077,0.0,650,8,0,0.026285936797198862,0.07865655825673575,0.10601806053684325,0.6972860682526674,0.8821788579373513,0.8627467243422464,0.0031387521637707525,0.4509842425660118
0.65,0.2,1.0,0.12,0.6,0.38,0.5,0.8976683937823834,0.8998654573475159,0.9213250517598344,0.8797564687975646,0.8985148514851485,0.8704819277108434,0.8892307692307693,0.11076923076923077,0.0,650,10,0,0.026865805178515827,0.07865655825673575,0.10601806053684325,0.6972860682526674,0.8821788579373513,0.8627467243422464,0.0031387521637707525,0.4509842425660118
0.65,0.3,1.0,0.08,0.6,0.42,0.5,0.8976683937823834,0.8998654573475159,0.9213250517598344,0.8797564687975646,0.8985148514851485,0.8704819277108434,0.8892307692307693,0.11076923076923077,0.0,650,10,0,0.026694691697998808,0.07865655825673575,0.10601806053684325,0.6972860682526674,0.8821788579373513,0.8627467243422464,0.0031387521637707525,0.4509842425660118
0.65,0.3,1.0,0.12,0.6,0.42,0.5,0.8976683937823834,0.8998654573475159,0.9213250517598344,0.8797564687975646,0.8985148514851485,0.8704819277108434,0.8892307692307693,0.11076923076923077,0.0,650,10,0,0.026694691697998808,0.07865655825673575,0.10601806053684325,0.6972860682526674,0.8821788579373513,0.8627467243422464,0.0031387521637707525,0.4509842425660118
0.65,0.2,1.0,0.04,0.6,0.38,0.5,0.8976683937823834,0.8998654573475159,0.9213250517598344,0.8797564687975646,0.8985148514851485,0.8704819277108434,0.8892307692307693,0.11076923076923077,0.0,650,10,0,0.026865805178515827,0.07865655825673575,0.10601806053684325,0.6972860682526674,0.8821788579373513,0.8627467243422464,0.0031387521637707525,0.4509842425660118
0.65,0.2,1.2,0.12,0.6,0.42,0.5,0.8976683937823834,0.8998654573475159,0.9213250517598344,0.8797564687975646,0.8985148514851485,0.8704819277108434,0.8892307692307693,0.11076923076923077,0.0,650,8,0,0.026285936797198862,0.07865655825673575,0.10601806053684325,0.6972860682526674,0.8821788579373513,0.8627467243422464,0.0031387521637707525,0.4509842425660118
0.65,0.2,1.0,0.12,0.66,0.38,0.5,0.897020725388601,0.8991874807578162,0.9213250517598344,0.8790874524714829,0.8971499380421314,0.869172932330827,0.8892307692307693,0.11076923076923077,0.0,650,10,0,0.02687995192150352,0.07865655825673575,0.10601806053684325,0.6972860682526674,0.8821788579373513,0.8627467243422464,0.0031387521637707525,0.45230988754949386
0.65,0.2,1.2,0.04,0.66,0.42,0.5,0.897020725388601,0.8991874807578162,0.9213250517598344,0.8790874524714829,0.8971499380421314,0.869172932330827,0.8892307692307693,0.11076923076923077,0.0,650,8,0,0.026293250356928415,0.07865655825673575,0.10601806053684325,0.6972860682526674,0.8821788579373513,0.8627467243422464,0.0031387521637707525,0.45230988754949386
0.65,0.2,1.2,0.08,0.66,0.42,0.5,0.897020725388601,0.8991874807578162,0.9213250517598344,0.8790874524714829,0.8971499380421314,0.869172932330827,0.8892307692307693,0.11076923076923077,0.0,650,8,0,0.026293250356928415,0.07865655825673575,0.10601806053684325,0.6972860682526674,0.8821788579373513,0.8627467243422464,0.0031387521637707525,0.45230988754949386
0.65,0.2,1.2,0.12,0.66,0.42,0.5,0.897020725388601,0.8991874807578162,0.9213250517598344,0.8790874524714829,0.8971499380421314,0.869172932330827,0.8892307692307693,0.11076923076923077,0.0,650,8,0,0.026293250356928415,0.07865655825673575,0.10601806053684325,0.6972860682526674,0.8821788579373513,0.8627467243422464,0.0031387521637707525,0.45230988754949386
0.65,0.3,1.0,0.04,0.66,0.42,0.5,0.897020725388601,0.8991874807578162,0.9213250517598344,0.8790874524714829,0.8971499380421314,0.869172932330827,0.8892307692307693,0.11076923076923077,0.0,650,10,0,0.026704070106852006,0.07865655825673575,0.10601806053684325,0.6972860682526674,0.8821788579373513,0.8627467243422464,0.0031387521637707525,0.45230988754949386
0.65,0.2,1.0,0.08,0.66,0.38,0.5,0.897020725388601,0.8991874807578162,0.9213250517598344,0.8790874524714829,0.8971499380421314,0.869172932330827,0.8892307692307693,0.11076923076923077,0.0,650,10,0,0.02687995192150352,0.07865655825673575,0.10601806053684325,0.6972860682526674,0.8821788579373513,0.8627467243422464,0.0031387521637707525,0.45230988754949386
0.65,0.3,1.0,0.12,0.66,0.42,0.5,0.897020725388601,0.8991874807578162,0.9213250517598344,0.8790874524714829,0.8971499380421314,0.869172932330827,0.8892307692307693,0.11076923076923077,0.0,650,10,0,0.026704070106852006,0.07865655825673575,0.10601806053684325,0.6972860682526674,0.8821788579373513,0.8627467243422464,0.0031387521637707525,0.45230988754949386
0.65,0.3,1.0,0.08,0.66,0.42,0.5,0.897020725388601,0.8991874807578162,0.9213250517598344,0.8790874524714829,0.8971499380421314,0.869172932330827,0.8892307692307693,0.11076923076923077,0.0,650,10,0,0.026704070106852006,0.07865655825673575,0.10601806053684325,0.6972860682526674,0.8821788579373513,0.8627467243422464,0.0031387521637707525,0.45230988754949386
0.65,0.2,1.0,0.04,0.66,0.38,0.5,0.897020725388601,0.8991874807578162,0.9213250517598344,0.8790874524714829,0.8971499380421314,0.869172932330827,0.8892307692307693,0.11076923076923077,0.0,650,10,0,0.02687995192150352,0.07865655825673575,0.10601806053684325,0.6972860682526674,0.8821788579373513,0.8627467243422464,0.0031387521637707525,0.45230988754949386
0.65,0.2,1.0,0.08,0.72,0.38,0.5,0.8957253886010362,0.8978291524592406,0.9213250517598344,0.8777524677296887,0.8944099378881988,0.8665667166416792,0.8892307692307693,0.11076923076923077,0.0,650,10,0,0.026873819653578605,0.07865655825673575,0.10601806053684325,0.6972860682526674,0.8821788579373513,0.8627467243422464,0.0031387521637707525,0.45496355263563426
0.65,0.2,1.0,0.04,0.72,0.38,0.5,0.8957253886010362,0.8978291524592406,0.9213250517598344,0.8777524677296887,0.8944099378881988,0.8665667166416792,0.8892307692307693,0.11076923076923077,0.0,650,10,0,0.026873819653578605,0.07865655825673575,0.10601806053684325,0.6972860682526674,0.8821788579373513,0.8627467243422464,0.0031387521637707525,0.45496355263563426
0.65,0.2,1.2,0.12,0.72,0.42,0.5,0.8957253886010362,0.8978291524592406,0.9213250517598344,0.8777524677296887,0.8944099378881988,0.8665667166416792,0.8892307692307693,0.11076923076923077,0.0,650,8,0,0.026296706911437776,0.07865655825673575,0.10601806053684325,0.6972860682526674,0.8821788579373513,0.8627467243422464,0.0031387521637707525,0.45496355263563426
0.65,0.2,1.0,0.12,0.72,0.38,0.5,0.8957253886010362,0.8978291524592406,0.9213250517598344,0.8777524677296887,0.8944099378881988,0.8665667166416792,0.8892307692307693,0.11076923076923077,0.0,650,10,0,0.026873819653578605,0.07865655825673575,0.10601806053684325,0.6972860682526674,0.8821788579373513,0.8627467243422464,0.0031387521637707525,0.45496355263563426
0.65,0.2,1.2,0.04,0.72,0.42,0.5,0.8957253886010362,0.8978291524592406,0.9213250517598344,0.8777524677296887,0.8944099378881988,0.8665667166416792,0.8892307692307693,0.11076923076923077,0.0,650,8,0,0.026296706911437776,0.07865655825673575,0.10601806053684325,0.6972860682526674,0.8821788579373513,0.8627467243422464,0.0031387521637707525,0.45496355263563426
0.65,0.2,1.2,0.08,0.72,0.42,0.5,0.8957253886010362,0.8978291524592406,0.9213250517598344,0.8777524677296887,0.8944099378881988,0.8665667166416792,0.8892307692307693,0.11076923076923077,0.0,650,8,0,0.026296706911437776,0.07865655825673575,0.10601806053684325,0.6972860682526674,0.8821788579373513,0.8627467243422464,0.0031387521637707525,0.45496355263563426
0.55,0.1,1.2,0.04,0.72,0.38,0.25,0.8937823834196891,0.8957938923352193,0.921161825726141,0.875945537065053,0.8902743142144638,0.8616071428571429,0.8907692307692308,0.10923076923076923,0.0,650,8,0,0.02612847861912739,0.07865655825673575,0.10601806053684325,0.6972860682526674,0.8821788579373513,0.8627467243422464,0.0031387521637707525,0.4557110487102335
0.55,0.1,1.2,0.08,0.72,0.38,0.25,0.8937823834196891,0.8957938923352193,0.921161825726141,0.875945537065053,0.8902743142144638,0.8616071428571429,0.8907692307692308,0.10923076923076923,0.0,650,8,0,0.02612847861912739,0.07865655825673575,0.10601806053684325,0.6972860682526674,0.8821788579373513,0.8627467243422464,0.0031387521637707525,0.4557110487102335
0.55,0.1,1.2,0.12,0.72,0.38,0.25,0.8937823834196891,0.8957938923352193,0.921161825726141,0.875945537065053,0.8902743142144638,0.8616071428571429,0.8907692307692308,0.10923076923076923,0.0,650,8,0,0.02612847861912739,0.07865655825673575,0.10601806053684325,0.6972860682526674,0.8821788579373513,0.8627467243422464,0.0031387521637707525,0.4557110487102335
0.65,0.3,1.0,0.08,0.72,0.42,0.5,0.8950777202072538,0.8971487907731346,0.9213250517598344,0.8770864946889226,0.8930348258706468,0.8652694610778443,0.8892307692307693,0.11076923076923077,0.0,650,10,0,0.026700414036157666,0.07865655825673575,0.10601806053684325,0.6972860682526674,0.8821788579373513,0.8627467243422464,0.0031387521637707525,0.4562915827155226
0.65,0.3,1.0,0.04,0.72,0.42,0.5,0.8950777202072538,0.8971487907731346,0.9213250517598344,0.8770864946889226,0.8930348258706468,0.8652694610778443,0.8892307692307693,0.11076923076923077,0.0,650,10,0,0.026700414036157666,0.07865655825673575,0.10601806053684325,0.6972860682526674,0.8821788579373513,0.8627467243422464,0.0031387521637707525,0.4562915827155226
0.65,0.3,1.0,0.12,0.72,0.42,0.5,0.8950777202072538,0.8971487907731346,0.9213250517598344,0.8770864946889226,0.8930348258706468,0.8652694610778443,0.8892307692307693,0.11076923076923077,0.0,650,10,0,0.026700414036157666,0.07865655825673575,0.10601806053684325,0.6972860682526674,0.8821788579373513,0.8627467243422464,0.0031387521637707525,0.4562915827155226
0.55,0.2,1.0,0.04,0.6,0.38,0.25,0.8963730569948186,0.8986679695508619,0.9192546583850931,0.878234398782344,0.8985148514851485,0.8689759036144579,0.8876923076923077,0.1123076923076923,0.0,650,10,0,0.026114856981660016,0.07865655825673575,0.10601806053684325,0.6972860682526674,0.8821788579373513,0.8627467243422464,0.0031387521637707525,0.4567078363809998
0.55,0.2,1.0,0.08,0.6,0.38,0.25,0.8963730569948186,0.8986679695508619,0.9192546583850931,0.878234398782344,0.8985148514851485,0.8689759036144579,0.8876923076923077,0.1123076923076923,0.0,650,10,0,0.026114856981660016,0.07865655825673575,0.10601806053684325,0.6972860682526674,0.8821788579373513,0.8627467243422464,0.0031387521637707525,0.4567078363809998
0.55,0.2,1.0,0.12,0.6,0.38,0.25,0.8963730569948186,0.8986679695508619,0.9192546583850931,0.878234398782344,0.8985148514851485,0.8689759036144579,0.8876923076923077,0.1123076923076923,0.0,650,10,0,0.026114856981660016,0.07865655825673575,0.10601806053684325,0.6972860682526674,0.8821788579373513,0.8627467243422464,0.0031387521637707525,0.4567078363809998
0.55,0.2,1.2,0.04,0.6,0.42,0.25,0.8963730569948186,0.8985855407477654,0.9203722854188211,0.878234398782344,0.8971499380421314,0.8689759036144579,0.8876923076923077,0.1123076923076923,0.0,650,9,0,0.025745866064135457,0.07865655825673575,0.10601806053684325,0.6972860682526674,0.8821788579373513,0.8627467243422464,0.0031387521637707525,0.4567902651840963
0.55,0.2,1.2,0.12,0.6,0.42,0.25,0.8963730569948186,0.8985855407477654,0.9203722854188211,0.878234398782344,0.8971499380421314,0.8689759036144579,0.8876923076923077,0.1123076923076923,0.0,650,9,0,0.025745866064135457,0.07865655825673575,0.10601806053684325,0.6972860682526674,0.8821788579373513,0.8627467243422464,0.0031387521637707525,0.4567902651840963
0.55,0.2,1.2,0.08,0.6,0.42,0.25,0.8963730569948186,0.8985855407477654,0.9203722854188211,0.878234398782344,0.8971499380421314,0.8689759036144579,0.8876923076923077,0.1123076923076923,0.0,650,9,0,0.025745866064135457,0.07865655825673575,0.10601806053684325,0.6972860682526674,0.8821788579373513,0.8627467243422464,0.0031387521637707525,0.4567902651840963
0.55,0.2,1.0,0.08,0.66,0.38,0.25,0.8957253886010362,0.8979903787837262,0.9192546583850931,0.8775665399239544,0.8971499380421314,0.8676691729323308,0.8876923076923077,0.1123076923076923,0.0,650,10,0,0.02611828286947419,0.07865655825673575,0.10601806053684325,0.6972860682526674,0.8821788579373513,0.8627467243422464,0.0031387521637707525,0.4580330955419179
0.55,0.2,1.0,0.04,0.66,0.38,0.25,0.8957253886010362,0.8979903787837262,0.9192546583850931,0.8775665399239544,0.8971499380421314,0.8676691729323308,0.8876923076923077,0.1123076923076923,0.0,650,10,0,0.02611828286947419,0.07865655825673575,0.10601806053684325,0.6972860682526674,0.8821788579373513,0.8627467243422464,0.0031387521637707525,0.4580330955419179
0.55,0.2,1.0,0.12,0.66,0.38,0.25,0.8957253886010362,0.8979903787837262,0.9192546583850931,0.8775665399239544,0.8971499380421314,0.8676691729323308,0.8876923076923077,0.1123076923076923,0.0,650,10,0,0.02611828286947419,0.07865655825673575,0.10601806053684325,0.6972860682526674,0.8821788579373513,0.8627467243422464,0.0031387521637707525,0.4580330955419179
0.55,0.2,1.2,0.04,0.66,0.42,0.25,0.8957253886010362,0.8979068210199657,0.9203722854188211,0.8775665399239544,0.8957816377171216,0.8676691729323308,0.8876923076923077,0.1123076923076923,0.0,650,9,0,0.025758216215241755,0.07865655825673575,0.10601806053684325,0.6972860682526674,0.8821788579373513,0.8627467243422464,0.0031387521637707525,0.45811665330567847
0.55,0.2,1.2,0.08,0.66,0.42,0.25,0.8957253886010362,0.8979068210199657,0.9203722854188211,0.8775665399239544,0.8957816377171216,0.8676691729323308,0.8876923076923077,0.1123076923076923,0.0,650,9,0,0.025758216215241755,0.07865655825673575,0.10601806053684325,0.6972860682526674,0.8821788579373513,0.8627467243422464,0.0031387521637707525,0.45811665330567847
0.55,0.2,1.2,0.12,0.66,0.42,0.25,0.8957253886010362,0.8979068210199657,0.9203722854188211,0.8775665399239544,0.8957816377171216,0.8676691729323308,0.8876923076923077,0.1123076923076923,0.0,650,9,0,0.025758216215241755,0.07865655825673575,0.10601806053684325,0.6972860682526674,0.8821788579373513,0.8627467243422464,0.0031387521637707525,0.45811665330567847
0.55,0.2,1.0,0.12,0.72,0.38,0.25,0.8937823834196891,0.8959528427539366,0.9192546583850931,0.8755690440060698,0.8930348258706468,0.8637724550898204,0.8876923076923077,0.1123076923076923,0.0,650,10,0,0.026138786678621004,0.07865655825673575,0.10601806053684325,0.6972860682526674,0.8821788579373513,0.8627467243422464,0.0031387521637707525,0.4620136367530547
0.55,0.2,1.0,0.08,0.72,0.38,0.25,0.8937823834196891,0.8959528427539366,0.9192546583850931,0.8755690440060698,0.8930348258706468,0.8637724550898204,0.8876923076923077,0.1123076923076923,0.0,650,10,0,0.026138786678621004,0.07865655825673575,0.10601806053684325,0.6972860682526674,0.8821788579373513,0.8627467243422464,0.0031387521637707525,0.4620136367530547
0.55,0.2,1.0,0.04,0.72,0.38,0.25,0.8937823834196891,0.8959528427539366,0.9192546583850931,0.8755690440060698,0.8930348258706468,0.8637724550898204,0.8876923076923077,0.1123076923076923,0.0,650,10,0,0.026138786678621004,0.07865655825673575,0.10601806053684325,0.6972860682526674,0.8821788579373513,0.8627467243422464,0.0031387521637707525,0.4620136367530547
0.55,0.2,1.2,0.08,0.72,0.42,0.25,0.8931347150259067,0.8951839436230232,0.9203722854188211,0.8749052312357847,0.8902743142144638,0.8624813153961136,0.8876923076923077,0.1123076923076923,0.0,650,9,0,0.02578879991430183,0.07865655825673575,0.10601806053684325,0.6972860682526674,0.8821788579373513,0.8627467243422464,0.0031387521637707525,0.46343020427775045
0.55,0.2,1.2,0.12,0.72,0.42,0.25,0.8931347150259067,0.8951839436230232,0.9203722854188211,0.8749052312357847,0.8902743142144638,0.8624813153961136,0.8876923076923077,0.1123076923076923,0.0,650,9,0,0.02578879991430183,0.07865655825673575,0.10601806053684325,0.6972860682526674,0.8821788579373513,0.8627467243422464,0.0031387521637707525,0.46343020427775045
0.55,0.2,1.2,0.04,0.72,0.42,0.25,0.8931347150259067,0.8951839436230232,0.9203722854188211,0.8749052312357847,0.8902743142144638,0.8624813153961136,0.8876923076923077,0.1123076923076923,0.0,650,9,0,0.02578879991430183,0.07865655825673575,0.10601806053684325,0.6972860682526674,0.8821788579373513,0.8627467243422464,0.0031387521637707525,0.46343020427775045
0.65,0.3,1.2,0.08,0.6,0.34,0.25,0.8957253886010362,0.8981415816542175,0.9173553719008265,0.8771929824561403,0.899876390605686,0.869894099848714,0.8846153846153846,0.11538461538461539,0.0,650,9,0,0.02728468422620148,0.07865655825673575,0.10601806053684325,0.6972860682526674,0.8821788579373513,0.8627467243422464,0.0031387521637707525,0.46434343113296506
0.65,0.3,1.2,0.04,0.6,0.34,0.25,0.8957253886010362,0.8981415816542175,0.9173553719008265,0.8771929824561403,0.899876390605686,0.869894099848714,0.8846153846153846,0.11538461538461539,0.0,650,9,0,0.02728468422620148,0.07865655825673575,0.10601806053684325,0.6972860682526674,0.8821788579373513,0.8627467243422464,0.0031387521637707525,0.46434343113296506
0.65,0.3,1.2,0.12,0.6,0.34,0.25,0.8957253886010362,0.8981415816542175,0.9173553719008265,0.8771929824561403,0.899876390605686,0.869894099848714,0.8846153846153846,0.11538461538461539,0.0,650,9,0,0.02728468422620148,0.07865655825673575,0.10601806053684325,0.6972860682526674,0.8821788579373513,0.8627467243422464,0.0031387521637707525,0.46434343113296506
0.65,0.3,1.2,0.08,0.66,0.34,0.25,0.8950777202072538,0.8974648712099591,0.9173553719008265,0.8765243902439024,0.8985148514851485,0.8685800604229608,0.8846153846153846,0.11538461538461539,0.0,650,9,0,0.027281041918098856,0.07865655825673575,0.10601806053684325,0.6972860682526674,0.8821788579373513,0.8627467243422464,0.0031387521637707525,0.4656678099710059
0.65,0.3,1.2,0.04,0.66,0.34,0.25,0.8950777202072538,0.8974648712099591,0.9173553719008265,0.8765243902439024,0.8985148514851485,0.8685800604229608,0.8846153846153846,0.11538461538461539,0.0,650,9,0,0.027281041918098856,0.07865655825673575,0.10601806053684325,0.6972860682526674,0.8821788579373513,0.8627467243422464,0.0031387521637707525,0.4656678099710059
0.65,0.3,1.2,0.12,0.66,0.34,0.25,0.8950777202072538,0.8974648712099591,0.9173553719008265,0.8765243902439024,0.8985148514851485,0.8685800604229608,0.8846153846153846,0.11538461538461539,0.0,650,9,0,0.027281041918098856,0.07865655825673575,0.10601806053684325,0.6972860682526674,0.8821788579373513,0.8627467243422464,0.0031387521637707525,0.4656678099710059
0.65,0.1,1.0,0.08,0.6,0.38,0.5,0.8963730569948186,0.8988120606919013,0.9175257731958762,0.8776758409785933,0.9012345679012346,0.8723404255319149,0.8830769230769231,0.11692307692307692,0.0,650,10,0,0.027309496143106293,0.07865655825673575,0.10601806053684325,0.6972860682526674,0.8821788579373513,0.8627467243422464,0.0031387521637707525,0.4662560529322681
0.65,0.1,1.0,0.04,0.6,0.38,0.5,0.8963730569948186,0.8988120606919013,0.9175257731958762,0.8776758409785933,0.9012345679012346,0.8723404255319149,0.8830769230769231,0.11692307692307692,0.0,650,10,0,0.027309496143106293,0.07865655825673575,0.10601806053684325,0.6972860682526674,0.8821788579373513,0.8627467243422464,0.0031387521637707525,0.4662560529322681
0.75,0.3,1.2,0.04,0.6,0.34,0.5,0.8963730569948186,0.8988120606919013,0.9175257731958762,0.8776758409785933,0.9012345679012346,0.8723404255319149,0.8830769230769231,0.11692307692307692,0.0,650,11,0,0.02782901434811549,0.07865655825673575,0.10601806053684325,0.6972860682526674,0.8821788579373513,0.8627467243422464,0.0031387521637707525,0.4662560529322681
0.65,0.1,1.0,0.12,0.6,0.38,0.5,0.8963730569948186,0.8988120606919013,0.9175257731958762,0.8776758409785933,0.9012345679012346,0.8723404255319149,0.8830769230769231,0.11692307692307692,0.0,650,10,0,0.027309496143106293,0.07865655825673575,0.10601806053684325,0.6972860682526674,0.8821788579373513,0.8627467243422464,0.0031387521637707525,0.4662560529322681
0.75,0.3,1.2,0.08,0.6,0.34,0.5,0.8963730569948186,0.8988120606919013,0.9175257731958762,0.8776758409785933,0.9012345679012346,0.8723404255319149,0.8830769230769231,0.11692307692307692,0.0,650,11,0,0.02782901434811549,0.07865655825673575,0.10601806053684325,0.6972860682526674,0.8821788579373513,0.8627467243422464,0.0031387521637707525,0.4662560529322681
0.75,0.3,1.2,0.12,0.6,0.34,0.5,0.8963730569948186,0.8988120606919013,0.9175257731958762,0.8776758409785933,0.9012345679012346,0.8723404255319149,0.8830769230769231,0.11692307692307692,0.0,650,11,0,0.02782901434811549,0.07865655825673575,0.10601806053684325,0.6972860682526674,0.8821788579373513,0.8627467243422464,0.0031387521637707525,0.4662560529322681
0.65,0.3,1.2,0.08,0.72,0.34,0.25,0.8944300518134715,0.8967873754646112,0.9173553719008265,0.8758568164508759,0.8971499380421314,0.8672699849170438,0.8846153846153846,0.11538461538461539,0.0,650,9,0,0.027276016500554275,0.07865655825673575,0.10601806053684325,0.6972860682526674,0.8821788579373513,0.8627467243422464,0.0031387521637707525,0.4669929741101362
0.55,0.3,1.0,0.08,0.6,0.42,0.25,0.8944300518134715,0.8967873754646112,0.9173553719008265,0.8758568164508759,0.8971499380421314,0.8672699849170438,0.8846153846153846,0.11538461538461539,0.0,650,10,0,0.025759675185397242,0.07865655825673575,0.10601806053684325,0.6972860682526674,0.8821788579373513,0.8627467243422464,0.0031387521637707525,0.4669929741101362
0.55,0.3,1.0,0.12,0.6,0.42,0.25,0.8944300518134715,0.8967873754646112,0.9173553719008265,0.8758568164508759,0.8971499380421314,0.8672699849170438,0.8846153846153846,0.11538461538461539,0.0,650,10,0,0.025759675185397242,0.07865655825673575,0.10601806053684325,0.6972860682526674,0.8821788579373513,0.8627467243422464,0.0031387521637707525,0.4669929741101362
0.55,0.3,1.0,0.04,0.6,0.42,0.25,0.8944300518134715,0.8967873754646112,0.9173553719008265,0.8758568164508759,0.8971499380421314,0.8672699849170438,0.8846153846153846,0.11538461538461539,0.0,650,10,0,0.025759675185397242,0.07865655825673575,0.10601806053684325,0.6972860682526674,0.8821788579373513,0.8627467243422464,0.0031387521637707525,0.4669929741101362
0.65,0.3,1.2,0.04,0.72,0.34,0.25,0.8944300518134715,0.8967873754646112,0.9173553719008265,0.8758568164508759,0.8971499380421314,0.8672699849170438,0.8846153846153846,0.11538461538461539,0.0,650,9,0,0.027276016500554275,0.07865655825673575,0.10601806053684325,0.6972860682526674,0.8821788579373513,0.8627467243422464,0.0031387521637707525,0.4669929741101362
0.65,0.3,1.2,0.12,0.72,0.34,0.25,0.8944300518134715,0.8967873754646112,0.9173553719008265,0.8758568164508759,0.8971499380421314,0.8672699849170438,0.8846153846153846,0.11538461538461539,0.0,650,9,0,0.027276016500554275,0.07865655825673575,0.10601806053684325,0.6972860682526674,0.8821788579373513,0.8627467243422464,0.0031387521637707525,0.4669929741101362
0.55,0.3,1.0,0.08,0.66,0.42,0.25,0.8937823834196891,0.8961090894566169,0.9173553719008265,0.8751902587519026,0.8957816377171216,0.8659638554216867,0.8846153846153846,0.11538461538461539,0.0,650,10,0,0.02577228857992966,0.07865655825673575,0.10601806053684325,0.6972860682526674,0.8821788579373513,0.8627467243422464,0.0031387521637707525,0.4683189285119128
0.55,0.3,1.0,0.12,0.66,0.42,0.25,0.8937823834196891,0.8961090894566169,0.9173553719008265,0.8751902587519026,0.8957816377171216,0.8659638554216867,0.8846153846153846,0.11538461538461539,0.0,650,10,0,0.02577228857992966,0.07865655825673575,0.10601806053684325,0.6972860682526674,0.8821788579373513,0.8627467243422464,0.0031387521637707525,0.4683189285119128
0.55,0.3,1.0,0.04,0.66,0.42,0.25,0.8937823834196891,0.8961090894566169,0.9173553719008265,0.8751902587519026,0.8957816377171216,0.8659638554216867,0.8846153846153846,0.11538461538461539,0.0,650,10,0,0.02577228857992966,0.07865655825673575,0.10601806053684325,0.6972860682526674,0.8821788579373513,0.8627467243422464,0.0031387521637707525,0.4683189285119128
0.75,0.3,1.2,0.08,0.72,0.34,0.5,0.8950777202072538,0.8974588341812068,0.9175257731958762,0.8763358778625954,0.8985148514851485,0.8696969696969697,0.8830769230769231,0.11692307692307692,0.0,650,11,0,0.02784647280270449,0.07865655825673575,0.10601806053684325,0.6972860682526674,0.8821788579373513,0.8627467243422464,0.0031387521637707525,0.4689046162305274
0.75,0.3,1.2,0.04,0.72,0.34,0.5,0.8950777202072538,0.8974588341812068,0.9175257731958762,0.8763358778625954,0.8985148514851485,0.8696969696969697,0.8830769230769231,0.11692307692307692,0.0,650,11,0,0.02784647280270449,0.07865655825673575,0.10601806053684325,0.6972860682526674,0.8821788579373513,0.8627467243422464,0.0031387521637707525,0.4689046162305274
0.75,0.3,1.2,0.04,0.66,0.34,0.5,0.8950777202072538,0.8974588341812068,0.9175257731958762,0.8763358778625954,0.8985148514851485,0.8696969696969697,0.8830769230769231,0.11692307692307692,0.0,650,11,0,0.027841970045175614,0.07865655825673575,0.10601806053684325,0.6972860682526674,0.8821788579373513,0.8627467243422464,0.0031387521637707525,0.4689046162305274
0.75,0.3,1.2,0.08,0.66,0.34,0.5,0.8950777202072538,0.8974588341812068,0.9175257731958762,0.8763358778625954,0.8985148514851485,0.8696969696969697,0.8830769230769231,0.11692307692307692,0.0,650,11,0,0.027841970045175614,0.07865655825673575,0.10601806053684325,0.6972860682526674,0.8821788579373513,0.8627467243422464,0.0031387521637707525,0.4689046162305274
0.65,0.1,1.0,0.08,0.66,0.38,0.5,0.8950777202072538,0.8974588341812068,0.9175257731958762,0.8763358778625954,0.8985148514851485,0.8696969696969697,0.8830769230769231,0.11692307692307692,0.0,650,10,0,0.02733114368427149,0.07865655825673575,0.10601806053684325,0.6972860682526674,0.8821788579373513,0.8627467243422464,0.0031387521637707525,0.4689046162305274
0.65,0.1,1.0,0.12,0.66,0.38,0.5,0.8950777202072538,0.8974588341812068,0.9175257731958762,0.8763358778625954,0.8985148514851485,0.8696969696969697,0.8830769230769231,0.11692307692307692,0.0,650,10,0,0.02733114368427149,0.07865655825673575,0.10601806053684325,0.6972860682526674,0.8821788579373513,0.8627467243422464,0.0031387521637707525,0.4689046162305274
0.65,0.1,1.0,0.04,0.66,0.38,0.5,0.8950777202072538,0.8974588341812068,0.9175257731958762,0.8763358778625954,0.8985148514851485,0.8696969696969697,0.8830769230769231,0.11692307692307692,0.0,650,10,0,0.02733114368427149,0.07865655825673575,0.10601806053684325,0.6972860682526674,0.8821788579373513,0.8627467243422464,0.0031387521637707525,0.4689046162305274
0.75,0.3,1.2,0.12,0.72,0.34,0.5,0.8950777202072538,0.8974588341812068,0.9175257731958762,0.8763358778625954,0.8985148514851485,0.8696969696969697,0.8830769230769231,0.11692307692307692,0.0,650,11,0,0.02784647280270449,0.07865655825673575,0.10601806053684325,0.6972860682526674,0.8821788579373513,0.8627467243422464,0.0031387521637707525,0.4689046162305274
0.75,0.3,1.2,0.12,0.66,0.34,0.5,0.8950777202072538,0.8974588341812068,0.9175257731958762,0.8763358778625954,0.8985148514851485,0.8696969696969697,0.8830769230769231,0.11692307692307692,0.0,650,11,0,0.027841970045175614,0.07865655825673575,0.10601806053684325,0.6972860682526674,0.8821788579373513,0.8627467243422464,0.0031387521637707525,0.4689046162305274
0.65,0.1,1.2,0.08,0.6,0.42,0.5,0.8950777202072538,0.8974523712423345,0.9176954732510288,0.8761467889908257,0.8985148514851485,0.8708206686930091,0.8815384615384615,0.11846153846153847,0.0,650,10,0,0.026802566800361742,0.07865655825673575,0.10601806053684325,0.6972860682526674,0.8821788579373513,0.8627467243422464,0.0031387521637707525,0.472141848400169
0.65,0.1,1.2,0.04,0.6,0.42,0.5,0.8950777202072538,0.8974523712423345,0.9176954732510288,0.8761467889908257,0.8985148514851485,0.8708206686930091,0.8815384615384615,0.11846153846153847,0.0,650,10,0,0.026802566800361742,0.07865655825673575,0.10601806053684325,0.6972860682526674,0.8821788579373513,0.8627467243422464,0.0031387521637707525,0.472141848400169
0.65,0.1,1.2,0.12,0.6,0.42,0.5,0.8950777202072538,0.8974523712423345,0.9176954732510288,0.8761467889908257,0.8985148514851485,0.8708206686930091,0.8815384615384615,0.11846153846153847,0.0,650,10,0,0.026802566800361742,0.07865655825673575,0.10601806053684325,0.6972860682526674,0.8821788579373513,0.8627467243422464,0.0031387521637707525,0.472141848400169
0.55,0.3,1.0,0.08,0.72,0.42,0.25,0.8918393782383419,0.8940694399636806,0.9173553719008265,0.8731966590736523,0.8916562889165629,0.8620689655172413,0.8846153846153846,0.11538461538461539,0.0,650,10,0,0.025796513934144828,0.07865655825673575,0.10601806053684325,0.6972860682526674,0.8821788579373513,0.8627467243422464,0.0031387521637707525,0.4723015831861963
0.55,0.3,1.0,0.04,0.72,0.42,0.25,0.8918393782383419,0.8940694399636806,0.9173553719008265,0.8731966590736523,0.8916562889165629,0.8620689655172413,0.8846153846153846,0.11538461538461539,0.0,650,10,0,0.025796513934144828,0.07865655825673575,0.10601806053684325,0.6972860682526674,0.8821788579373513,0.8627467243422464,0.0031387521637707525,0.4723015831861963
0.55,0.3,1.0,0.12,0.72,0.42,0.25,0.8918393782383419,0.8940694399636806,0.9173553719008265,0.8731966590736523,0.8916562889165629,0.8620689655172413,0.8846153846153846,0.11538461538461539,0.0,650,10,0,0.025796513934144828,0.07865655825673575,0.10601806053684325,0.6972860682526674,0.8821788579373513,0.8627467243422464,0.0031387521637707525,0.4723015831861963
0.65,0.1,1.0,0.08,0.72,0.38,0.5,0.8931347150259067,0.8954230994296498,0.9175257731958762,0.8743335872048743,0.8944099378881988,0.8657616892911011,0.8830769230769231,0.11692307692307692,0.0,650,10,0,0.027325134704849444,0.07865655825673575,0.10601806053684325,0.6972860682526674,0.8821788579373513,0.8627467243422464,0.0031387521637707525,0.4728833561634315
0.65,0.1,1.0,0.12,0.72,0.38,0.5,0.8931347150259067,0.8954230994296498,0.9175257731958762,0.8743335872048743,0.8944099378881988,0.8657616892911011,0.8830769230769231,0.11692307692307692,0.0,650,10,0,0.027325134704849444,0.07865655825673575,0.10601806053684325,0.6972860682526674,0.8821788579373513,0.8627467243422464,0.0031387521637707525,0.4728833561634315
0.65,0.1,1.0,0.04,0.72,0.38,0.5,0.8931347150259067,0.8954230994296498,0.9175257731958762,0.8743335872048743,0.8944099378881988,0.8657616892911011,0.8830769230769231,0.11692307692307692,0.0,650,10,0,0.027325134704849444,0.07865655825673575,0.10601806053684325,0.6972860682526674,0.8821788579373513,0.8627467243422464,0.0031387521637707525,0.4728833561634315
0.65,0.2,1.0,0.08,0.6,0.42,0.5,0.8944300518134715,0.8968577198960409,0.9165808444902163,0.8754774637127578,0.8985148514851485,0.8694992412746586,0.8815384615384615,0.11846153846153847,0.0,650,10,0,0.027183291222194008,0.07865655825673575,0.10601806053684325,0.6972860682526674,0.8821788579373513,0.8627467243422464,0.0031387521637707525,0.4733841681402449
0.65,0.2,1.0,0.04,0.6,0.42,0.5,0.8944300518134715,0.8968577198960409,0.9165808444902163,0.8754774637127578,0.8985148514851485,0.8694992412746586,0.8815384615384615,0.11846153846153847,0.0,650,10,0,0.027183291222194008,0.07865655825673575,0.10601806053684325,0.6972860682526674,0.8821788579373513,0.8627467243422464,0.0031387521637707525,0.4733841681402449
0.65,0.2,1.0,0.12,0.6,0.42,0.5,0.8944300518134715,0.8968577198960409,0.9165808444902163,0.8754774637127578,0.8985148514851485,0.8694992412746586,0.8815384615384615,0.11846153846153847,0.0,650,10,0,0.027183291222194008,0.07865655825673575,0.10601806053684325,0.6972860682526674,0.8821788579373513,0.8627467243422464,0.0031387521637707525,0.4733841681402449
0.65,0.1,1.2,0.04,0.66,0.42,0.5,0.8944300518134715,0.8967742916686393,0.9176954732510288,0.8754774637127578,0.8971499380421314,0.8694992412746586,0.8815384615384615,0.11846153846153847,0.0,650,10,0,0.02681783701712415,0.07865655825673575,0.10601806053684325,0.6972860682526674,0.8821788579373513,0.8627467243422464,0.0031387521637707525,0.4734675963676465
0.65,0.1,1.2,0.12,0.66,0.42,0.5,0.8944300518134715,0.8967742916686393,0.9176954732510288,0.8754774637127578,0.8971499380421314,0.8694992412746586,0.8815384615384615,0.11846153846153847,0.0,650,10,0,0.02681783701712415,0.07865655825673575,0.10601806053684325,0.6972860682526674,0.8821788579373513,0.8627467243422464,0.0031387521637707525,0.4734675963676465
0.65,0.1,1.2,0.08,0.66,0.42,0.5,0.8944300518134715,0.8967742916686393,0.9176954732510288,0.8754774637127578,0.8971499380421314,0.8694992412746586,0.8815384615384615,0.11846153846153847,0.0,650,10,0,0.02681783701712415,0.07865655825673575,0.10601806053684325,0.6972860682526674,0.8821788579373513,0.8627467243422464,0.0031387521637707525,0.4734675963676465
0.75,0.2,1.2,0.04,0.6,0.34,0.5,0.8957253886010362,0.898285202793457,0.9156378600823045,0.8766283524904215,0.9025893958076449,0.8732824427480916,0.88,0.12,0.0,650,10,0,0.028078762597916564,0.07865655825673575,0.10601806053684325,0.6972860682526674,0.8821788579373513,0.8627467243422464,0.0031387521637707525,0.47389211768603323
0.75,0.2,1.2,0.12,0.6,0.34,0.5,0.8957253886010362,0.898285202793457,0.9156378600823045,0.8766283524904215,0.9025893958076449,0.8732824427480916,0.88,0.12,0.0,650,10,0,0.028078762597916564,0.07865655825673575,0.10601806053684325,0.6972860682526674,0.8821788579373513,0.8627467243422464,0.0031387521637707525,0.47389211768603323
0.75,0.2,1.2,0.08,0.6,0.34,0.5,0.8957253886010362,0.898285202793457,0.9156378600823045,0.8766283524904215,0.9025893958076449,0.8732824427480916,0.88,0.12,0.0,650,10,0,0.028078762597916564,0.07865655825673575,0.10601806053684325,0.6972860682526674,0.8821788579373513,0.8627467243422464,0.0031387521637707525,0.47389211768603323
0.65,0.2,1.0,0.04,0.66,0.42,0.5,0.8937823834196891,0.896179980945897,0.9165808444902163,0.8748091603053435,0.8971499380421314,0.8681818181818182,0.8815384615384615,0.11846153846153847,0.0,650,10,0,0.027202299878655557,0.07865655825673575,0.10601806053684325,0.6972860682526674,0.8821788579373513,0.8627467243422464,0.0031387521637707525,0.4747095754841712
0.65,0.2,1.0,0.12,0.66,0.42,0.5,0.8937823834196891,0.896179980945897,0.9165808444902163,0.8748091603053435,0.8971499380421314,0.8681818181818182,0.8815384615384615,0.11846153846153847,0.0,650,10,0,0.027202299878655557,0.07865655825673575,0.10601806053684325,0.6972860682526674,0.8821788579373513,0.8627467243422464,0.0031387521637707525,0.4747095754841712
0.65,0.2,1.0,0.08,0.66,0.42,0.5,0.8937823834196891,0.896179980945897,0.9165808444902163,0.8748091603053435,0.8971499380421314,0.8681818181818182,0.8815384615384615,0.11846153846153847,0.0,650,10,0,0.027202299878655557,0.07865655825673575,0.10601806053684325,0.6972860682526674,0.8821788579373513,0.8627467243422464,0.0031387521637707525,0.4747095754841712
0.75,0.2,1.2,0.12,0.66,0.34,0.5,0.8950777202072538,0.8976098496545437,0.9156378600823045,0.8759571209800919,0.9012345679012346,0.8719512195121951,0.88,0.12,0.0,650,10,0,0.028098188951223776,0.07865655825673575,0.10601806053684325,0.6972860682526674,0.8821788579373513,0.8627467243422464,0.0031387521637707525,0.47521513921872893
0.75,0.2,1.2,0.04,0.66,0.34,0.5,0.8950777202072538,0.8976098496545437,0.9156378600823045,0.8759571209800919,0.9012345679012346,0.8719512195121951,0.88,0.12,0.0,650,10,0,0.028098188951223776,0.07865655825673575,0.10601806053684325,0.6972860682526674,0.8821788579373513,0.8627467243422464,0.0031387521637707525,0.47521513921872893
0.75,0.2,1.2,0.08,0.66,0.34,0.5,0.8950777202072538,0.8976098496545437,0.9156378600823045,0.8759571209800919,0.9012345679012346,0.8719512195121951,0.88,0.12,0.0,650,10,0,0.028098188951223776,0.07865655825673575,0.10601806053684325,0.6972860682526674,0.8821788579373513,0.8627467243422464,0.0031387521637707525,0.47521513921872893
0.65,0.1,1.2,0.08,0.72,0.42,0.5,0.8931347150259067,0.8954157625231445,0.9176954732510288,0.8741418764302059,0.8944099378881988,0.8668683812405447,0.8815384615384615,0.11846153846153847,0.0,650,10,0,0.026815972403717997,0.07865655825673575,0.10601806053684325,0.6972860682526674,0.8821788579373513,0.8627467243422464,0.0031387521637707525,0.4761214623007061
0.65,0.1,1.2,0.04,0.72,0.42,0.5,0.8931347150259067,0.8954157625231445,0.9176954732510288,0.8741418764302059,0.8944099378881988,0.8668683812405447,0.8815384615384615,0.11846153846153847,0.0,650,10,0,0.026815972403717997,0.07865655825673575,0.10601806053684325,0.6972860682526674,0.8821788579373513,0.8627467243422464,0.0031387521637707525,0.4761214623007061
0.65,0.1,1.2,0.12,0.72,0.42,0.5,0.8931347150259067,0.8954157625231445,0.9176954732510288,0.8741418764302059,0.8944099378881988,0.8668683812405447,0.8815384615384615,0.11846153846153847,0.0,650,10,0,0.026815972403717997,0.07865655825673575,0.10601806053684325,0.6972860682526674,0.8821788579373513,0.8627467243422464,0.0031387521637707525,0.4761214623007061
0.65,0.2,1.0,0.12,0.72,0.42,0.5,0.8924870466321243,0.8948221307115042,0.9165808444902163,0.8734756097560976,0.8944099378881988,0.8655589123867069,0.8815384615384615,0.11846153846153847,0.0,650,10,0,0.02719762362435005,0.07865655825673575,0.10601806053684325,0.6972860682526674,0.8821788579373513,0.8627467243422464,0.0031387521637707525,0.4773627625061288
0.65,0.2,1.0,0.08,0.72,0.42,0.5,0.8924870466321243,0.8948221307115042,0.9165808444902163,0.8734756097560976,0.8944099378881988,0.8655589123867069,0.8815384615384615,0.11846153846153847,0.0,650,10,0,0.02719762362435005,0.07865655825673575,0.10601806053684325,0.6972860682526674,0.8821788579373513,0.8627467243422464,0.0031387521637707525,0.4773627625061288
0.65,0.2,1.0,0.04,0.72,0.42,0.5,0.8924870466321243,0.8948221307115042,0.9165808444902163,0.8734756097560976,0.8944099378881988,0.8655589123867069,0.8815384615384615,0.11846153846153847,0.0,650,10,0,0.02719762362435005,0.07865655825673575,0.10601806053684325,0.6972860682526674,0.8821788579373513,0.8627467243422464,0.0031387521637707525,0.4773627625061288
0.75,0.2,1.2,0.12,0.72,0.34,0.5,0.8937823834196891,0.8962568161901704,0.9156378600823045,0.8746177370030581,0.8985148514851485,0.8693009118541033,0.88,0.12,0.0,650,10,0,0.028104949809997157,0.07865655825673575,0.10601806053684325,0.6972860682526674,0.8821788579373513,0.8627467243422464,0.0031387521637707525,0.477863509470667
0.75,0.2,1.2,0.08,0.72,0.34,0.5,0.8937823834196891,0.8962568161901704,0.9156378600823045,0.8746177370030581,0.8985148514851485,0.8693009118541033,0.88,0.12,0.0,650,10,0,0.028104949809997157,0.07865655825673575,0.10601806053684325,0.6972860682526674,0.8821788579373513,0.8627467243422464,0.0031387521637707525,0.477863509470667
0.75,0.2,1.2,0.04,0.72,0.34,0.5,0.8937823834196891,0.8962568161901704,0.9156378600823045,0.8746177370030581,0.8985148514851485,0.8693009118541033,0.88,0.12,0.0,650,10,0,0.028104949809997157,0.07865655825673575,0.10601806053684325,0.6972860682526674,0.8821788579373513,0.8627467243422464,0.0031387521637707525,0.477863509470667
0.75,0.1,1.2,0.12,0.6,0.34,0.5,0.8944300518134715,0.8970837211831459,0.9137577002053389,0.8749040675364543,0.9025893958076449,0.8728943338437979,0.8769230769230769,0.12307692307692308,0.0,650,9,0,0.028331561641383375,0.07865655825673575,0.10601806053684325,0.6972860682526674,0.8821788579373513,0.8627467243422464,0.0031387521637707525,0.4828504745454475
0.75,0.1,1.2,0.08,0.6,0.34,0.5,0.8944300518134715,0.8970837211831459,0.9137577002053389,0.8749040675364543,0.9025893958076449,0.8728943338437979,0.8769230769230769,0.12307692307692308,0.0,650,9,0,0.028331561641383375,0.07865655825673575,0.10601806053684325,0.6972860682526674,0.8821788579373513,0.8627467243422464,0.0031387521637707525,0.4828504745454475
0.75,0.1,1.2,0.04,0.6,0.34,0.5,0.8944300518134715,0.8970837211831459,0.9137577002053389,0.8749040675364543,0.9025893958076449,0.8728943338437979,0.8769230769230769,0.12307692307692308,0.0,650,9,0,0.028331561641383375,0.07865655825673575,0.10601806053684325,0.6972860682526674,0.8821788579373513,0.8627467243422464,0.0031387521637707525,0.4828504745454475
0.75,0.1,1.2,0.12,0.66,0.34,0.5,0.8937823834196891,0.8964084656469765,0.9137577002053389,0.8742331288343558,0.9012345679012346,0.8715596330275229,0.8769230769230769,0.12307692307692308,0.0,650,9,0,0.028358284814529715,0.07865655825673575,0.10601806053684325,0.6972860682526674,0.8821788579373513,0.8627467243422464,0.0031387521637707525,0.4841733984753993
0.65,0.2,1.2,0.04,0.6,0.34,0.25,0.8937823834196891,0.8964084656469765,0.9137577002053389,0.8742331288343558,0.9012345679012346,0.8715596330275229,0.8769230769230769,0.12307692307692308,0.0,650,12,0,0.027621163551360083,0.07865655825673575,0.10601806053684325,0.6972860682526674,0.8821788579373513,0.8627467243422464,0.0031387521637707525,0.4841733984753993
0.75,0.1,1.2,0.04,0.66,0.34,0.5,0.8937823834196891,0.8964084656469765,0.9137577002053389,0.8742331288343558,0.9012345679012346,0.8715596330275229,0.8769230769230769,0.12307692307692308,0.0,650,9,0,0.028358284814529715,0.07865655825673575,0.10601806053684325,0.6972860682526674,0.8821788579373513,0.8627467243422464,0.0031387521637707525,0.4841733984753993
0.65,0.2,1.2,0.08,0.6,0.34,0.25,0.8937823834196891,0.8964084656469765,0.9137577002053389,0.8742331288343558,0.9012345679012346,0.8715596330275229,0.8769230769230769,0.12307692307692308,0.0,650,12,0,0.027621163551360083,0.07865655825673575,0.10601806053684325,0.6972860682526674,0.8821788579373513,0.8627467243422464,0.0031387521637707525,0.4841733984753993
0.65,0.2,1.2,0.12,0.6,0.34,0.25,0.8937823834196891,0.8964084656469765,0.9137577002053389,0.8742331288343558,0.9012345679012346,0.8715596330275229,0.8769230769230769,0.12307692307692308,0.0,650,12,0,0.027621163551360083,0.07865655825673575,0.10601806053684325,0.6972860682526674,0.8821788579373513,0.8627467243422464,0.0031387521637707525,0.4841733984753993
0.75,0.1,1.2,0.08,0.66,0.34,0.5,0.8937823834196891,0.8964084656469765,0.9137577002053389,0.8742331288343558,0.9012345679012346,0.8715596330275229,0.8769230769230769,0.12307692307692308,0.0,650,9,0,0.028358284814529715,0.07865655825673575,0.10601806053684325,0.6972860682526674,0.8821788579373513,0.8627467243422464,0.0031387521637707525,0.4841733984753993
0.65,0.2,1.2,0.08,0.66,0.34,0.25,0.8924870466321243,0.8950556285114284,0.9137577002053389,0.8728943338437979,0.8985148514851485,0.8689024390243902,0.8769230769230769,0.12307692307692308,0.0,650,12,0,0.027618442299621408,0.07865655825673575,0.10601806053684325,0.6972860682526674,0.8821788579373513,0.8627467243422464,0.0031387521637707525,0.4868215723985122
0.75,0.1,1.2,0.12,0.72,0.34,0.5,0.8924870466321243,0.8950556285114284,0.9137577002053389,0.8728943338437979,0.8985148514851485,0.8689024390243902,0.8769230769230769,0.12307692307692308,0.0,650,9,0,0.028367723674096148,0.07865655825673575,0.10601806053684325,0.6972860682526674,0.8821788579373513,0.8627467243422464,0.0031387521637707525,0.4868215723985122
0.75,0.1,1.2,0.04,0.72,0.34,0.5,0.8924870466321243,0.8950556285114284,0.9137577002053389,0.8728943338437979,0.8985148514851485,0.8689024390243902,0.8769230769230769,0.12307692307692308,0.0,650,9,0,0.028367723674096148,0.07865655825673575,0.10601806053684325,0.6972860682526674,0.8821788579373513,0.8627467243422464,0.0031387521637707525,0.4868215723985122
0.75,0.1,1.2,0.08,0.72,0.34,0.5,0.8924870466321243,0.8950556285114284,0.9137577002053389,0.8728943338437979,0.8985148514851485,0.8689024390243902,0.8769230769230769,0.12307692307692308,0.0,650,9,0,0.028367723674096148,0.07865655825673575,0.10601806053684325,0.6972860682526674,0.8821788579373513,0.8627467243422464,0.0031387521637707525,0.4868215723985122
0.65,0.2,1.2,0.12,0.66,0.34,0.25,0.8924870466321243,0.8950556285114284,0.9137577002053389,0.8728943338437979,0.8985148514851485,0.8689024390243902,0.8769230769230769,0.12307692307692308,0.0,650,12,0,0.027618442299621408,0.07865655825673575,0.10601806053684325,0.6972860682526674,0.8821788579373513,0.8627467243422464,0.0031387521637707525,0.4868215723985122
0.65,0.2,1.2,0.04,0.66,0.34,0.25,0.8924870466321243,0.8950556285114284,0.9137577002053389,0.8728943338437979,0.8985148514851485,0.8689024390243902,0.8769230769230769,0.12307692307692308,0.0,650,12,0,0.027618442299621408,0.07865655825673575,0.10601806053684325,0.6972860682526674,0.8821788579373513,0.8627467243422464,0.0031387521637707525,0.4868215723985122
0.75,0.3,1.0,0.04,0.6,0.34,0.5,0.8937823834196891,0.8964832823947417,0.9128205128205128,0.8740399385560675,0.9025893958076449,0.8726993865030674,0.8753846153846154,0.12461538461538461,0.0,650,10,0,0.028778484480202506,0.07865655825673575,0.10601806053684325,0.6972860682526674,0.8821788579373513,0.8627467243422464,0.0031387521637707525,0.4873293509584033
0.75,0.3,1.0,0.08,0.6,0.34,0.5,0.8937823834196891,0.8964832823947417,0.9128205128205128,0.8740399385560675,0.9025893958076449,0.8726993865030674,0.8753846153846154,0.12461538461538461,0.0,650,10,0,0.028778484480202506,0.07865655825673575,0.10601806053684325,0.6972860682526674,0.8821788579373513,0.8627467243422464,0.0031387521637707525,0.4873293509584033
0.75,0.3,1.0,0.12,0.6,0.34,0.5,0.8937823834196891,0.8964832823947417,0.9128205128205128,0.8740399385560675,0.9025893958076449,0.8726993865030674,0.8753846153846154,0.12461538461538461,0.0,650,10,0,0.028778484480202506,0.07865655825673575,0.10601806053684325,0.6972860682526674,0.8821788579373513,0.8627467243422464,0.0031387521637707525,0.4873293509584033
0.75,0.3,1.2,0.08,0.6,0.38,0.5,0.8937823834196891,0.89640297756227,0.9139344262295082,0.8740399385560675,0.9012345679012346,0.8726993865030674,0.8753846153846154,0.12461538461538461,0.0,650,9,0,0.028185066772554886,0.07865655825673575,0.10601806053684325,0.6972860682526674,0.8821788579373513,0.8627467243422464,0.0031387521637707525,0.487409655790875
0.75,0.3,1.2,0.04,0.6,0.38,0.5,0.8937823834196891,0.89640297756227,0.9139344262295082,0.8740399385560675,0.9012345679012346,0.8726993865030674,0.8753846153846154,0.12461538461538461,0.0,650,9,0,0.028185066772554886,0.07865655825673575,0.10601806053684325,0.6972860682526674,0.8821788579373513,0.8627467243422464,0.0031387521637707525,0.487409655790875
0.75,0.3,1.2,0.12,0.6,0.38,0.5,0.8937823834196891,0.89640297756227,0.9139344262295082,0.8740399385560675,0.9012345679012346,0.8726993865030674,0.8753846153846154,0.12461538461538461,0.0,650,9,0,0.028185066772554886,0.07865655825673575,0.10601806053684325,0.6972860682526674,0.8821788579373513,0.8627467243422464,0.0031387521637707525,0.487409655790875
0.65,0.2,1.2,0.08,0.72,0.34,0.25,0.8918393782383419,0.8943780370286772,0.9137577002053389,0.8722264728385616,0.8971499380421314,0.867579908675799,0.8769230769230769,0.12307692307692308,0.0,650,12,0,0.02761435644682041,0.07865655825673575,0.10601806053684325,0.6972860682526674,0.8821788579373513,0.8627467243422464,0.0031387521637707525,0.48814683227504574
0.65,0.2,1.2,0.04,0.72,0.34,0.25,0.8918393782383419,0.8943780370286772,0.9137577002053389,0.8722264728385616,0.8971499380421314,0.867579908675799,0.8769230769230769,0.12307692307692308,0.0,650,12,0,0.02761435644682041,0.07865655825673575,0.10601806053684325,0.6972860682526674,0.8821788579373513,0.8627467243422464,0.0031387521637707525,0.48814683227504574
0.65,0.2,1.2,0.12,0.72,0.34,0.25,0.8918393782383419,0.8943780370286772,0.9137577002053389,0.8722264728385616,0.8971499380421314,0.867579908675799,0.8769230769230769,0.12307692307692308,0.0,650,12,0,0.02761435644682041,0.07865655825673575,0.10601806053684325,0.6972860682526674,0.8821788579373513,0.8627467243422464,0.0031387521637707525,0.48814683227504574
0.65,0.1,1.2,0.12,0.6,0.34,0.25,0.8931347150259067,0.8958080762804904,0.9128205128205128,0.8733691481197237,0.9012345679012346,0.8713629402756509,0.8753846153846154,0.12461538461538461,0.0,650,12,0,0.027961012240271567,0.07865655825673575,0.10601806053684325,0.6972860682526674,0.8821788579373513,0.8627467243422464,0.0031387521637707525,0.488652225466437
0.75,0.3,1.0,0.08,0.66,0.34,0.5,0.8931347150259067,0.8958080762804904,0.9128205128205128,0.8733691481197237,0.9012345679012346,0.8713629402756509,0.8753846153846154,0.12461538461538461,0.0,650,10,0,0.028799653830831346,0.07865655825673575,0.10601806053684325,0.6972860682526674,0.8821788579373513,0.8627467243422464,0.0031387521637707525,0.488652225466437
0.65,0.1,1.2,0.04,0.6,0.34,0.25,0.8931347150259067,0.8958080762804904,0.9128205128205128,0.8733691481197237,0.9012345679012346,0.8713629402756509,0.8753846153846154,0.12461538461538461,0.0,650,12,0,0.027961012240271567,0.07865655825673575,0.10601806053684325,0.6972860682526674,0.8821788579373513,0.8627467243422464,0.0031387521637707525,0.488652225466437
0.75,0.3,1.0,0.04,0.66,0.34,0.5,0.8931347150259067,0.8958080762804904,0.9128205128205128,0.8733691481197237,0.9012345679012346,0.8713629402756509,0.8753846153846154,0.12461538461538461,0.0,650,10,0,0.028799653830831346,0.07865655825673575,0.10601806053684325,0.6972860682526674,0.8821788579373513,0.8627467243422464,0.0031387521637707525,0.488652225466437
0.75,0.3,1.0,0.12,0.66,0.34,0.5,0.8931347150259067,0.8958080762804904,0.9128205128205128,0.8733691481197237,0.9012345679012346,0.8713629402756509,0.8753846153846154,0.12461538461538461,0.0,650,10,0,0.028799653830831346,0.07865655825673575,0.10601806053684325,0.6972860682526674,0.8821788579373513,0.8627467243422464,0.0031387521637707525,0.488652225466437
0.65,0.1,1.2,0.08,0.6,0.34,0.25,0.8931347150259067,0.8958080762804904,0.9128205128205128,0.8733691481197237,0.9012345679012346,0.8713629402756509,0.8753846153846154,0.12461538461538461,0.0,650,12,0,0.027961012240271567,0.07865655825673575,0.10601806053684325,0.6972860682526674,0.8821788579373513,0.8627467243422464,0.0031387521637707525,0.488652225466437
0.65,0.3,1.2,0.08,0.6,0.38,0.25,0.8931347150259067,0.8957266549849726,0.9139344262295082,0.8733691481197237,0.899876390605686,0.8713629402756509,0.8753846153846154,0.12461538461538461,0.0,650,12,0,0.027606666626426305,0.07865655825673575,0.10601806053684325,0.6972860682526674,0.8821788579373513,0.8627467243422464,0.0031387521637707525,0.4887336467619548
0.65,0.3,1.2,0.04,0.6,0.38,0.25,0.8931347150259067,0.8957266549849726,0.9139344262295082,0.8733691481197237,0.899876390605686,0.8713629402756509,0.8753846153846154,0.12461538461538461,0.0,650,12,0,0.027606666626426305,0.07865655825673575,0.10601806053684325,0.6972860682526674,0.8821788579373513,0.8627467243422464,0.0031387521637707525,0.4887336467619548
0.65,0.3,1.2,0.12,0.6,0.38,0.25,0.8931347150259067,0.8957266549849726,0.9139344262295082,0.8733691481197237,0.899876390605686,0.8713629402756509,0.8753846153846154,0.12461538461538461,0.0,650,12,0,0.027606666626426305,0.07865655825673575,0.10601806053684325,0.6972860682526674,0.8821788579373513,0.8627467243422464,0.0031387521637707525,0.4887336467619548
0.55,0.1,1.2,0.08,0.6,0.42,0.25,0.8924870466321243,0.8950495547392414,0.9139344262295082,0.8726993865030674,0.8985148514851485,0.8700305810397554,0.8753846153846154,0.12461538461538461,0.0,650,12,0,0.026283162068126618,0.07865655825673575,0.10601806053684325,0.6972860682526674,0.8821788579373513,0.8627467243422464,0.0031387521637707525,0.4900584154014684
0.55,0.1,1.2,0.04,0.6,0.42,0.25,0.8924870466321243,0.8950495547392414,0.9139344262295082,0.8726993865030674,0.8985148514851485,0.8700305810397554,0.8753846153846154,0.12461538461538461,0.0,650,12,0,0.026283162068126618,0.07865655825673575,0.10601806053684325,0.6972860682526674,0.8821788579373513,0.8627467243422464,0.0031387521637707525,0.4900584154014684
0.55,0.1,1.2,0.12,0.6,0.42,0.25,0.8924870466321243,0.8950495547392414,0.9139344262295082,0.8726993865030674,0.8985148514851485,0.8700305810397554,0.8753846153846154,0.12461538461538461,0.0,650,12,0,0.026283162068126618,0.07865655825673575,0.10601806053684325,0.6972860682526674,0.8821788579373513,0.8627467243422464,0.0031387521637707525,0.4900584154014684
0.75,0.3,1.2,0.08,0.66,0.38,0.5,0.8924870466321243,0.8950495547392414,0.9139344262295082,0.8726993865030674,0.8985148514851485,0.8700305810397554,0.8753846153846154,0.12461538461538461,0.0,650,9,0,0.028199505642818073,0.07865655825673575,0.10601806053684325,0.6972860682526674,0.8821788579373513,0.8627467243422464,0.0031387521637707525,0.4900584154014684
0.65,0.3,1.2,0.12,0.66,0.38,0.25,0.8924870466321243,0.8950495547392414,0.9139344262295082,0.8726993865030674,0.8985148514851485,0.8700305810397554,0.8753846153846154,0.12461538461538461,0.0,650,12,0,0.027605099539383865,0.07865655825673575,0.10601806053684325,0.6972860682526674,0.8821788579373513,0.8627467243422464,0.0031387521637707525,0.4900584154014684
0.75,0.3,1.2,0.08,0.72,0.38,0.5,0.8924870466321243,0.8950495547392414,0.9139344262295082,0.8726993865030674,0.8985148514851485,0.8700305810397554,0.8753846153846154,0.12461538461538461,0.0,650,9,0,0.028204612339805646,0.07865655825673575,0.10601806053684325,0.6972860682526674,0.8821788579373513,0.8627467243422464,0.0031387521637707525,0.4900584154014684
0.75,0.3,1.2,0.04,0.66,0.38,0.5,0.8924870466321243,0.8950495547392414,0.9139344262295082,0.8726993865030674,0.8985148514851485,0.8700305810397554,0.8753846153846154,0.12461538461538461,0.0,650,9,0,0.028199505642818073,0.07865655825673575,0.10601806053684325,0.6972860682526674,0.8821788579373513,0.8627467243422464,0.0031387521637707525,0.4900584154014684
0.75,0.3,1.2,0.04,0.72,0.38,0.5,0.8924870466321243,0.8950495547392414,0.9139344262295082,0.8726993865030674,0.8985148514851485,0.8700305810397554,0.8753846153846154,0.12461538461538461,0.0,650,9,0,0.028204612339805646,0.07865655825673575,0.10601806053684325,0.6972860682526674,0.8821788579373513,0.8627467243422464,0.0031387521637707525,0.4900584154014684
0.65,0.3,1.2,0.04,0.66,0.38,0.25,0.8924870466321243,0.8950495547392414,0.9139344262295082,0.8726993865030674,0.8985148514851485,0.8700305810397554,0.8753846153846154,0.12461538461538461,0.0,650,12,0,0.027605099539383865,0.07865655825673575,0.10601806053684325,0.6972860682526674,0.8821788579373513,0.8627467243422464,0.0031387521637707525,0.4900584154014684
0.75,0.3,1.2,0.12,0.66,0.38,0.5,0.8924870466321243,0.8950495547392414,0.9139344262295082,0.8726993865030674,0.8985148514851485,0.8700305810397554,0.8753846153846154,0.12461538461538461,0.0,650,9,0,0.028199505642818073,0.07865655825673575,0.10601806053684325,0.6972860682526674,0.8821788579373513,0.8627467243422464,0.0031387521637707525,0.4900584154014684
0.65,0.3,1.2,0.08,0.66,0.38,0.25,0.8924870466321243,0.8950495547392414,0.9139344262295082,0.8726993865030674,0.8985148514851485,0.8700305810397554,0.8753846153846154,0.12461538461538461,0.0,650,12,0,0.027605099539383865,0.07865655825673575,0.10601806053684325,0.6972860682526674,0.8821788579373513,0.8627467243422464,0.0031387521637707525,0.4900584154014684
0.75,0.3,1.2,0.12,0.72,0.38,0.5,0.8924870466321243,0.8950495547392414,0.9139344262295082,0.8726993865030674,0.8985148514851485,0.8700305810397554,0.8753846153846154,0.12461538461538461,0.0,650,9,0,0.028204612339805646,0.07865655825673575,0.10601806053684325,0.6972860682526674,0.8821788579373513,0.8627467243422464,0.0031387521637707525,0.4900584154014684
0.75,0.2,1.0,0.04,0.6,0.34,0.5,0.8937823834196891,0.8965574288157668,0.9118852459016393,0.8738461538461538,0.9039408866995073,0.8738461538461538,0.8738461538461538,0.12615384615384614,0.0,650,10,0,0.02901595011267095,0.07865655825673575,0.10601806053684325,0.6972860682526674,0.8821788579373513,0.8627467243422464,0.0031387521637707525,0.4904859737681475
0.75,0.2,1.0,0.12,0.6,0.34,0.5,0.8937823834196891,0.8965574288157668,0.9118852459016393,0.8738461538461538,0.9039408866995073,0.8738461538461538,0.8738461538461538,0.12615384615384614,0.0,650,10,0,0.02901595011267095,0.07865655825673575,0.10601806053684325,0.6972860682526674,0.8821788579373513,0.8627467243422464,0.0031387521637707525,0.4904859737681475
0.75,0.2,1.0,0.08,0.6,0.34,0.5,0.8937823834196891,0.8965574288157668,0.9118852459016393,0.8738461538461538,0.9039408866995073,0.8738461538461538,0.8738461538461538,0.12615384615384614,0.0,650,10,0,0.02901595011267095,0.07865655825673575,0.10601806053684325,0.6972860682526674,0.8821788579373513,0.8627467243422464,0.0031387521637707525,0.4904859737681475
0.55,0.1,1.0,0.04,0.6,0.38,0.25,0.8918393782383419,0.8945371180205574,0.9117043121149897,0.8720306513409962,0.899876390605686,0.8687022900763359,0.8753846153846154,0.12461538461538461,0.0,650,12,0,0.02664210358890433,0.07865655825673575,0.10601806053684325,0.6972860682526674,0.8821788579373513,0.8627467243422464,0.0031387521637707525,0.49121852051393483
0.55,0.1,1.0,0.08,0.6,0.38,0.25,0.8918393782383419,0.8945371180205574,0.9117043121149897,0.8720306513409962,0.899876390605686,0.8687022900763359,0.8753846153846154,0.12461538461538461,0.0,650,12,0,0.02664210358890433,0.07865655825673575,0.10601806053684325,0.6972860682526674,0.8821788579373513,0.8627467243422464,0.0031387521637707525,0.49121852051393483
0.55,0.1,1.0,0.12,0.6,0.38,0.25,0.8918393782383419,0.8945371180205574,0.9117043121149897,0.8720306513409962,0.899876390605686,0.8687022900763359,0.8753846153846154,0.12461538461538461,0.0,650,12,0,0.02664210358890433,0.07865655825673575,0.10601806053684325,0.6972860682526674,0.8821788579373513,0.8627467243422464,0.0031387521637707525,0.49121852051393483
0.65,0.1,1.2,0.04,0.66,0.34,0.25,0.8918393782383419,0.8944553385488859,0.9128205128205128,0.8720306513409962,0.8985148514851485,0.8687022900763359,0.8753846153846154,0.12461538461538461,0.0,650,12,0,0.027960106077235414,0.07865655825673575,0.10601806053684325,0.6972860682526674,0.8821788579373513,0.8627467243422464,0.0031387521637707525,0.49130029998560626
0.75,0.3,1.0,0.04,0.72,0.34,0.5,0.8918393782383419,0.8944553385488859,0.9128205128205128,0.8720306513409962,0.8985148514851485,0.8687022900763359,0.8753846153846154,0.12461538461538461,0.0,650,10,0,0.028810620169155553,0.07865655825673575,0.10601806053684325,0.6972860682526674,0.8821788579373513,0.8627467243422464,0.0031387521637707525,0.49130029998560626
0.65,0.1,1.2,0.08,0.66,0.34,0.25,0.8918393782383419,0.8944553385488859,0.9128205128205128,0.8720306513409962,0.8985148514851485,0.8687022900763359,0.8753846153846154,0.12461538461538461,0.0,650,12,0,0.027960106077235414,0.07865655825673575,0.10601806053684325,0.6972860682526674,0.8821788579373513,0.8627467243422464,0.0031387521637707525,0.49130029998560626
0.75,0.3,1.0,0.12,0.72,0.34,0.5,0.8918393782383419,0.8944553385488859,0.9128205128205128,0.8720306513409962,0.8985148514851485,0.8687022900763359,0.8753846153846154,0.12461538461538461,0.0,650,10,0,0.028810620169155553,0.07865655825673575,0.10601806053684325,0.6972860682526674,0.8821788579373513,0.8627467243422464,0.0031387521637707525,0.49130029998560626
0.75,0.3,1.0,0.08,0.72,0.34,0.5,0.8918393782383419,0.8944553385488859,0.9128205128205128,0.8720306513409962,0.8985148514851485,0.8687022900763359,0.8753846153846154,0.12461538461538461,0.0,650,10,0,0.028810620169155553,0.07865655825673575,0.10601806053684325,0.6972860682526674,0.8821788579373513,0.8627467243422464,0.0031387521637707525,0.49130029998560626
0.65,0.1,1.2,0.12,0.66,0.34,0.25,0.8918393782383419,0.8944553385488859,0.9128205128205128,0.8720306513409962,0.8985148514851485,0.8687022900763359,0.8753846153846154,0.12461538461538461,0.0,650,12,0,0.027960106077235414,0.07865655825673575,0.10601806053684325,0.6972860682526674,0.8821788579373513,0.8627467243422464,0.0031387521637707525,0.49130029998560626
0.65,0.3,1.2,0.04,0.72,0.38,0.25,0.8918393782383419,0.8943716718708785,0.9139344262295082,0.8720306513409962,0.8971499380421314,0.8687022900763359,0.8753846153846154,0.12461538461538461,0.0,650,12,0,0.027600915697714664,0.07865655825673575,0.10601806053684325,0.6972860682526674,0.8821788579373513,0.8627467243422464,0.0031387521637707525,0.49138396666361367
0.65,0.3,1.2,0.08,0.72,0.38,0.25,0.8918393782383419,0.8943716718708785,0.9139344262295082,0.8720306513409962,0.8971499380421314,0.8687022900763359,0.8753846153846154,0.12461538461538461,0.0,650,12,0,0.027600915697714664,0.07865655825673575,0.10601806053684325,0.6972860682526674,0.8821788579373513,0.8627467243422464,0.0031387521637707525,0.49138396666361367
0.65,0.3,1.2,0.12,0.72,0.38,0.25,0.8918393782383419,0.8943716718708785,0.9139344262295082,0.8720306513409962,0.8971499380421314,0.8687022900763359,0.8753846153846154,0.12461538461538461,0.0,650,12,0,0.027600915697714664,0.07865655825673575,0.10601806053684325,0.6972860682526674,0.8821788579373513,0.8627467243422464,0.0031387521637707525,0.49138396666361367
0.75,0.2,1.0,0.12,0.66,0.34,0.5,0.8931347150259067,0.8958830409592053,0.9118852459016393,0.8731744811683321,0.9025893958076449,0.8725038402457758,0.8738461538461538,0.12615384615384614,0.0,650,10,0,0.029045061716827258,0.07865655825673575,0.10601806053684325,0.6972860682526674,0.8821788579373513,0.8627467243422464,0.0031387521637707525,0.4918080300184914
0.75,0.2,1.0,0.04,0.66,0.34,0.5,0.8931347150259067,0.8958830409592053,0.9118852459016393,0.8731744811683321,0.9025893958076449,0.8725038402457758,0.8738461538461538,0.12615384615384614,0.0,650,10,0,0.029045061716827258,0.07865655825673575,0.10601806053684325,0.6972860682526674,0.8821788579373513,0.8627467243422464,0.0031387521637707525,0.4918080300184914
0.75,0.2,1.0,0.08,0.66,0.34,0.5,0.8931347150259067,0.8958830409592053,0.9118852459016393,0.8731744811683321,0.9025893958076449,0.8725038402457758,0.8738461538461538,0.12615384615384614,0.0,650,10,0,0.029045061716827258,0.07865655825673575,0.10601806053684325,0.6972860682526674,0.8821788579373513,0.8627467243422464,0.0031387521637707525,0.4918080300184914
0.65,0.1,1.0,0.08,0.6,0.42,0.5,0.8931347150259067,0.8958026751760378,0.9129989764585466,0.8731744811683321,0.9012345679012346,0.8725038402457758,0.8738461538461538,0.12615384615384614,0.0,650,9,0,0.02770176834291342,0.07865655825673575,0.10601806053684325,0.6972860682526674,0.8821788579373513,0.8627467243422464,0.0031387521637707525,0.4918883958016589
0.65,0.1,1.0,0.04,0.6,0.42,0.5,0.8931347150259067,0.8958026751760378,0.9129989764585466,0.8731744811683321,0.9012345679012346,0.8725038402457758,0.8738461538461538,0.12615384615384614,0.0,650,9,0,0.02770176834291342,0.07865655825673575,0.10601806053684325,0.6972860682526674,0.8821788579373513,0.8627467243422464,0.0031387521637707525,0.4918883958016589
0.65,0.1,1.0,0.12,0.6,0.42,0.5,0.8931347150259067,0.8958026751760378,0.9129989764585466,0.8731744811683321,0.9012345679012346,0.8725038402457758,0.8738461538461538,0.12615384615384614,0.0,650,9,0,0.02770176834291342,0.07865655825673575,0.10601806053684325,0.6972860682526674,0.8821788579373513,0.8627467243422464,0.0031387521637707525,0.4918883958016589
0.65,0.1,1.2,0.12,0.72,0.34,0.25,0.8911917098445595,0.8937777970460984,0.9128205128205128,0.8713629402756509,0.8971499380421314,0.8673780487804879,0.8753846153846154,0.12461538461538461,0.0,650,12,0,0.02795532329675993,0.07865655825673575,0.10601806053684325,0.6972860682526674,0.8821788579373513,0.8627467243422464,0.0031387521637707525,0.4926255098821762
0.65,0.1,1.2,0.08,0.72,0.34,0.25,0.8911917098445595,0.8937777970460984,0.9128205128205128,0.8713629402756509,0.8971499380421314,0.8673780487804879,0.8753846153846154,0.12461538461538461,0.0,650,12,0,0.02795532329675993,0.07865655825673575,0.10601806053684325,0.6972860682526674,0.8821788579373513,0.8627467243422464,0.0031387521637707525,0.4926255098821762
0.65,0.1,1.2,0.04,0.72,0.34,0.25,0.8911917098445595,0.8937777970460984,0.9128205128205128,0.8713629402756509,0.8971499380421314,0.8673780487804879,0.8753846153846154,0.12461538461538461,0.0,650,12,0,0.02795532329675993,0.07865655825673575,0.10601806053684325,0.6972860682526674,0.8821788579373513,0.8627467243422464,0.0031387521637707525,0.4926255098821762
0.55,0.1,1.2,0.08,0.66,0.42,0.25,0.8911917098445595,0.8936930014074269,0.9139344262295082,0.8713629402756509,0.8957816377171216,0.8673780487804879,0.8753846153846154,0.12461538461538461,0.0,650,12,0,0.026295646783303234,0.07865655825673575,0.10601806053684325,0.6972860682526674,0.8821788579373513,0.8627467243422464,0.0031387521637707525,0.49271030552084766
0.55,0.1,1.2,0.12,0.66,0.42,0.25,0.8911917098445595,0.8936930014074269,0.9139344262295082,0.8713629402756509,0.8957816377171216,0.8673780487804879,0.8753846153846154,0.12461538461538461,0.0,650,12,0,0.026295646783303234,0.07865655825673575,0.10601806053684325,0.6972860682526674,0.8821788579373513,0.8627467243422464,0.0031387521637707525,0.49271030552084766
0.55,0.1,1.2,0.04,0.66,0.42,0.25,0.8911917098445595,0.8936930014074269,0.9139344262295082,0.8713629402756509,0.8957816377171216,0.8673780487804879,0.8753846153846154,0.12461538461538461,0.0,650,12,0,0.026295646783303234,0.07865655825673575,0.10601806053684325,0.6972860682526674,0.8821788579373513,0.8627467243422464,0.0031387521637707525,0.49271030552084766
0.55,0.1,1.0,0.08,0.66,0.38,0.25,0.8905440414507773,0.8931835003711699,0.9117043121149897,0.8706962509563887,0.8971499380421314,0.8660578386605784,0.8753846153846154,0.12461538461538461,0.0,650,12,0,0.02664800053540287,0.07865655825673575,0.10601806053684325,0.6972860682526674,0.8821788579373513,0.8627467243422464,0.0031387521637707525,0.49386747495088695
0.55,0.1,1.0,0.12,0.66,0.38,0.25,0.8905440414507773,0.8931835003711699,0.9117043121149897,0.8706962509563887,0.8971499380421314,0.8660578386605784,0.8753846153846154,0.12461538461538461,0.0,650,12,0,0.02664800053540287,0.07865655825673575,0.10601806053684325,0.6972860682526674,0.8821788579373513,0.8627467243422464,0.0031387521637707525,0.49386747495088695
0.55,0.1,1.0,0.04,0.66,0.38,0.25,0.8905440414507773,0.8931835003711699,0.9117043121149897,0.8706962509563887,0.8971499380421314,0.8660578386605784,0.8753846153846154,0.12461538461538461,0.0,650,12,0,0.02664800053540287,0.07865655825673575,0.10601806053684325,0.6972860682526674,0.8821788579373513,0.8627467243422464,0.0031387521637707525,0.49386747495088695
0.75,0.2,1.0,0.12,0.72,0.34,0.5,0.8918393782383419,0.8945319550701062,0.9118852459016393,0.8718342287029931,0.899876390605686,0.8698315467075038,0.8738461538461538,0.12615384615384614,0.0,650,10,0,0.02906175553227902,0.07865655825673575,0.10601806053684325,0.6972860682526674,0.8821788579373513,0.8627467243422464,0.0031387521637707525,0.4944544526951553
0.75,0.2,1.0,0.04,0.72,0.34,0.5,0.8918393782383419,0.8945319550701062,0.9118852459016393,0.8718342287029931,0.899876390605686,0.8698315467075038,0.8738461538461538,0.12615384615384614,0.0,650,10,0,0.02906175553227902,0.07865655825673575,0.10601806053684325,0.6972860682526674,0.8821788579373513,0.8627467243422464,0.0031387521637707525,0.4944544526951553
0.75,0.2,1.0,0.08,0.72,0.34,0.5,0.8918393782383419,0.8945319550701062,0.9118852459016393,0.8718342287029931,0.899876390605686,0.8698315467075038,0.8738461538461538,0.12615384615384614,0.0,650,10,0,0.02906175553227902,0.07865655825673575,0.10601806053684325,0.6972860682526674,0.8821788579373513,0.8627467243422464,0.0031387521637707525,0.4944544526951553
0.65,0.1,1.0,0.08,0.66,0.42,0.5,0.8918393782383419,0.8944493522155628,0.9129989764585466,0.8718342287029931,0.8985148514851485,0.8698315467075038,0.8738461538461538,0.12615384615384614,0.0,650,9,0,0.027728909229250427,0.07865655825673575,0.10601806053684325,0.6972860682526674,0.8821788579373513,0.8627467243422464,0.0031387521637707525,0.49453705554969873
0.65,0.1,1.0,0.12,0.66,0.42,0.5,0.8918393782383419,0.8944493522155628,0.9129989764585466,0.8718342287029931,0.8985148514851485,0.8698315467075038,0.8738461538461538,0.12615384615384614,0.0,650,9,0,0.027728909229250427,0.07865655825673575,0.10601806053684325,0.6972860682526674,0.8821788579373513,0.8627467243422464,0.0031387521637707525,0.49453705554969873
0.55,0.2,1.0,0.04,0.6,0.42,0.25,0.8918393782383419,0.8944493522155628,0.9129989764585466,0.8718342287029931,0.8985148514851485,0.8698315467075038,0.8738461538461538,0.12615384615384614,0.0,650,12,0,0.026295723781226705,0.07865655825673575,0.10601806053684325,0.6972860682526674,0.8821788579373513,0.8627467243422464,0.0031387521637707525,0.49453705554969873
0.55,0.2,1.0,0.08,0.6,0.42,0.25,0.8918393782383419,0.8944493522155628,0.9129989764585466,0.8718342287029931,0.8985148514851485,0.8698315467075038,0.8738461538461538,0.12615384615384614,0.0,650,12,0,0.026295723781226705,0.07865655825673575,0.10601806053684325,0.6972860682526674,0.8821788579373513,0.8627467243422464,0.0031387521637707525,0.49453705554969873
0.65,0.1,1.0,0.04,0.66,0.42,0.5,0.8918393782383419,0.8944493522155628,0.9129989764585466,0.8718342287029931,0.8985148514851485,0.8698315467075038,0.8738461538461538,0.12615384615384614,0.0,650,9,0,0.027728909229250427,0.07865655825673575,0.10601806053684325,0.6972860682526674,0.8821788579373513,0.8627467243422464,0.0031387521637707525,0.49453705554969873
0.55,0.2,1.0,0.12,0.6,0.42,0.25,0.8918393782383419,0.8944493522155628,0.9129989764585466,0.8718342287029931,0.8985148514851485,0.8698315467075038,0.8738461538461538,0.12615384615384614,0.0,650,12,0,0.026295723781226705,0.07865655825673575,0.10601806053684325,0.6972860682526674,0.8821788579373513,0.8627467243422464,0.0031387521637707525,0.49453705554969873
0.75,0.1,1.0,0.04,0.6,0.34,0.5,0.8931347150259067,0.8959573316772657,0.9109518935516888,0.8729792147806005,0.9039408866995073,0.8736517719568567,0.8723076923076923,0.1276923076923077,0.0,650,10,0,0.02925919021542514,0.07865655825673575,0.10601806053684325,0.6972860682526674,0.8821788579373513,0.8627467243422464,0.0031387521637707525,0.4949645085312002
0.75,0.1,1.0,0.08,0.6,0.34,0.5,0.8931347150259067,0.8959573316772657,0.9109518935516888,0.8729792147806005,0.9039408866995073,0.8736517719568567,0.8723076923076923,0.1276923076923077,0.0,650,10,0,0.02925919021542514,0.07865655825673575,0.10601806053684325,0.6972860682526674,0.8821788579373513,0.8627467243422464,0.0031387521637707525,0.4949645085312002
0.75,0.1,1.0,0.12,0.6,0.34,0.5,0.8931347150259067,0.8959573316772657,0.9109518935516888,0.8729792147806005,0.9039408866995073,0.8736517719568567,0.8723076923076923,0.1276923076923077,0.0,650,10,0,0.02925919021542514,0.07865655825673575,0.10601806053684325,0.6972860682526674,0.8821788579373513,0.8627467243422464,0.0031387521637707525,0.4949645085312002
0.75,0.2,1.2,0.12,0.6,0.38,0.5,0.8931347150259067,0.8958780167536823,0.9120654396728016,0.8729792147806005,0.9025893958076449,0.8736517719568567,0.8723076923076923,0.1276923076923077,0.0,650,9,0,0.02848864744950127,0.07865655825673575,0.10601806053684325,0.6972860682526674,0.8821788579373513,0.8627467243422464,0.0031387521637707525,0.4950438234547836
0.75,0.2,1.2,0.08,0.6,0.38,0.5,0.8931347150259067,0.8958780167536823,0.9120654396728016,0.8729792147806005,0.9025893958076449,0.8736517719568567,0.8723076923076923,0.1276923076923077,0.0,650,9,0,0.02848864744950127,0.07865655825673575,0.10601806053684325,0.6972860682526674,0.8821788579373513,0.8627467243422464,0.0031387521637707525,0.4950438234547836
0.75,0.2,1.2,0.04,0.6,0.38,0.5,0.8931347150259067,0.8958780167536823,0.9120654396728016,0.8729792147806005,0.9025893958076449,0.8736517719568567,0.8723076923076923,0.1276923076923077,0.0,650,9,0,0.02848864744950127,0.07865655825673575,0.10601806053684325,0.6972860682526674,0.8821788579373513,0.8627467243422464,0.0031387521637707525,0.4950438234547836
0.55,0.2,1.0,0.12,0.66,0.42,0.25,0.8911917098445595,0.8937715195574857,0.9129989764585466,0.8711656441717791,0.8971499380421314,0.8685015290519877,0.8738461538461538,0.12615384615384614,0.0,650,12,0,0.02630976053850342,0.07865655825673575,0.10601806053684325,0.6972860682526674,0.8821788579373513,0.8627467243422464,0.0031387521637707525,0.4958625566015582
0.55,0.2,1.0,0.04,0.66,0.42,0.25,0.8911917098445595,0.8937715195574857,0.9129989764585466,0.8711656441717791,0.8971499380421314,0.8685015290519877,0.8738461538461538,0.12615384615384614,0.0,650,12,0,0.02630976053850342,0.07865655825673575,0.10601806053684325,0.6972860682526674,0.8821788579373513,0.8627467243422464,0.0031387521637707525,0.4958625566015582
0.55,0.2,1.0,0.08,0.66,0.42,0.25,0.8911917098445595,0.8937715195574857,0.9129989764585466,0.8711656441717791,0.8971499380421314,0.8685015290519877,0.8738461538461538,0.12615384615384614,0.0,650,12,0,0.02630976053850342,0.07865655825673575,0.10601806053684325,0.6972860682526674,0.8821788579373513,0.8627467243422464,0.0031387521637707525,0.4958625566015582
0.75,0.3,1.0,0.12,0.6,0.38,0.5,0.8924870466321243,0.8952829938890087,0.9109518935516888,0.8723076923076923,0.9025893958076449,0.8723076923076923,0.8723076923076923,0.1276923076923077,0.0,650,10,0,0.02912817144565205,0.07865655825673575,0.10601806053684325,0.6972860682526674,0.8821788579373513,0.8627467243422464,0.0031387521637707525,0.4962865147132396
0.75,0.3,1.0,0.04,0.6,0.38,0.5,0.8924870466321243,0.8952829938890087,0.9109518935516888,0.8723076923076923,0.9025893958076449,0.8723076923076923,0.8723076923076923,0.1276923076923077,0.0,650,10,0,0.02912817144565205,0.07865655825673575,0.10601806053684325,0.6972860682526674,0.8821788579373513,0.8627467243422464,0.0031387521637707525,0.4962865147132396
0.75,0.1,1.0,0.04,0.66,0.34,0.5,0.8924870466321243,0.8952829938890087,0.9109518935516888,0.8723076923076923,0.9025893958076449,0.8723076923076923,0.8723076923076923,0.1276923076923077,0.0,650,10,0,0.029295871713121396,0.07865655825673575,0.10601806053684325,0.6972860682526674,0.8821788579373513,0.8627467243422464,0.0031387521637707525,0.4962865147132396
0.75,0.1,1.0,0.08,0.66,0.34,0.5,0.8924870466321243,0.8952829938890087,0.9109518935516888,0.8723076923076923,0.9025893958076449,0.8723076923076923,0.8723076923076923,0.1276923076923077,0.0,650,10,0,0.029295871713121396,0.07865655825673575,0.10601806053684325,0.6972860682526674,0.8821788579373513,0.8627467243422464,0.0031387521637707525,0.4962865147132396
0.75,0.3,1.0,0.08,0.6,0.38,0.5,0.8924870466321243,0.8952829938890087,0.9109518935516888,0.8723076923076923,0.9025893958076449,0.8723076923076923,0.8723076923076923,0.1276923076923077,0.0,650,10,0,0.02912817144565205,0.07865655825673575,0.10601806053684325,0.6972860682526674,0.8821788579373513,0.8627467243422464,0.0031387521637707525,0.4962865147132396
0.75,0.1,1.0,0.12,0.66,0.34,0.5,0.8924870466321243,0.8952829938890087,0.9109518935516888,0.8723076923076923,0.9025893958076449,0.8723076923076923,0.8723076923076923,0.1276923076923077,0.0,650,10,0,0.029295871713121396,0.07865655825673575,0.10601806053684325,0.6972860682526674,0.8821788579373513,0.8627467243422464,0.0031387521637707525,0.4962865147132396
0.75,0.3,1.2,0.04,0.6,0.42,0.5,0.8924870466321243,0.8952025666272428,0.9120654396728016,0.8723076923076923,0.9012345679012346,0.8723076923076923,0.8723076923076923,0.1276923076923077,0.0,650,9,0,0.028375963558625966,0.07865655825673575,0.10601806053684325,0.6972860682526674,0.8821788579373513,0.8627467243422464,0.0031387521637707525,0.4963669419750054
0.75,0.2,1.2,0.04,0.66,0.38,0.5,0.8924870466321243,0.8952025666272428,0.9120654396728016,0.8723076923076923,0.9012345679012346,0.8723076923076923,0.8723076923076923,0.1276923076923077,0.0,650,9,0,0.028509882084199824,0.07865655825673575,0.10601806053684325,0.6972860682526674,0.8821788579373513,0.8627467243422464,0.0031387521637707525,0.4963669419750054
0.75,0.2,1.2,0.12,0.66,0.38,0.5,0.8924870466321243,0.8952025666272428,0.9120654396728016,0.8723076923076923,0.9012345679012346,0.8723076923076923,0.8723076923076923,0.1276923076923077,0.0,650,9,0,0.028509882084199824,0.07865655825673575,0.10601806053684325,0.6972860682526674,0.8821788579373513,0.8627467243422464,0.0031387521637707525,0.4963669419750054
0.75,0.3,1.2,0.08,0.6,0.42,0.5,0.8924870466321243,0.8952025666272428,0.9120654396728016,0.8723076923076923,0.9012345679012346,0.8723076923076923,0.8723076923076923,0.1276923076923077,0.0,650,9,0,0.028375963558625966,0.07865655825673575,0.10601806053684325,0.6972860682526674,0.8821788579373513,0.8627467243422464,0.0031387521637707525,0.4963669419750054
0.75,0.3,1.2,0.12,0.6,0.42,0.5,0.8924870466321243,0.8952025666272428,0.9120654396728016,0.8723076923076923,0.9012345679012346,0.8723076923076923,0.8723076923076923,0.1276923076923077,0.0,650,9,0,0.028375963558625966,0.07865655825673575,0.10601806053684325,0.6972860682526674,0.8821788579373513,0.8627467243422464,0.0031387521637707525,0.4963669419750054
0.75,0.2,1.2,0.08,0.66,0.38,0.5,0.8924870466321243,0.8952025666272428,0.9120654396728016,0.8723076923076923,0.9012345679012346,0.8723076923076923,0.8723076923076923,0.1276923076923077,0.0,650,9,0,0.028509882084199824,0.07865655825673575,0.10601806053684325,0.6972860682526674,0.8821788579373513,0.8627467243422464,0.0031387521637707525,0.4963669419750054
0.75,0.3,1.0,0.04,0.66,0.38,0.5,0.8918393782383419,0.8946078878683714,0.9109518935516888,0.8716372021521906,0.9012345679012346,0.8709677419354839,0.8723076923076923,0.1276923076923077,0.0,650,10,0,0.029151339496255795,0.07865655825673575,0.10601806053684325,0.6972860682526674,0.8821788579373513,0.8627467243422464,0.0031387521637707525,0.4976092891276592
0.75,0.3,1.0,0.12,0.66,0.38,0.5,0.8918393782383419,0.8946078878683714,0.9109518935516888,0.8716372021521906,0.9012345679012346,0.8709677419354839,0.8723076923076923,0.1276923076923077,0.0,650,10,0,0.029151339496255795,0.07865655825673575,0.10601806053684325,0.6972860682526674,0.8821788579373513,0.8627467243422464,0.0031387521637707525,0.4976092891276592
0.75,0.3,1.0,0.08,0.66,0.38,0.5,0.8918393782383419,0.8946078878683714,0.9109518935516888,0.8716372021521906,0.9012345679012346,0.8709677419354839,0.8723076923076923,0.1276923076923077,0.0,650,10,0,0.029151339496255795,0.07865655825673575,0.10601806053684325,0.6972860682526674,0.8821788579373513,0.8627467243422464,0.0031387521637707525,0.4976092891276592
0.65,0.3,1.0,0.04,0.6,0.34,0.25,0.8918393782383419,0.8945209033688926,0.9100204498977505,0.8723076923076923,0.9012345679012346,0.8723076923076923,0.8723076923076923,0.1276923076923077,0.0,650,13,0,0.02789944097669308,0.07865655825673575,0.10601806053684325,0.6972860682526674,0.8821788579373513,0.8627467243422464,0.0031387521637707525,0.4976962736271381
0.65,0.3,1.0,0.12,0.6,0.34,0.25,0.8918393782383419,0.8945209033688926,0.9100204498977505,0.8723076923076923,0.9012345679012346,0.8723076923076923,0.8723076923076923,0.1276923076923077,0.0,650,13,0,0.02789944097669308,0.07865655825673575,0.10601806053684325,0.6972860682526674,0.8821788579373513,0.8627467243422464,0.0031387521637707525,0.4976962736271381
0.65,0.3,1.0,0.08,0.6,0.34,0.25,0.8918393782383419,0.8945209033688926,0.9100204498977505,0.8723076923076923,0.9012345679012346,0.8723076923076923,0.8723076923076923,0.1276923076923077,0.0,650,13,0,0.02789944097669308,0.07865655825673575,0.10601806053684325,0.6972860682526674,0.8821788579373513,0.8627467243422464,0.0031387521637707525,0.4976962736271381
0.55,0.1,1.0,0.04,0.6,0.42,0.25,0.8918393782383419,0.8944392976411977,0.9111338100102145,0.8723076923076923,0.899876390605686,0.8723076923076923,0.8723076923076923,0.1276923076923077,0.0,650,13,0,0.026863718570647503,0.07865655825673575,0.10601806053684325,0.6972860682526674,0.8821788579373513,0.8627467243422464,0.0031387521637707525,0.497777879354833
0.55,0.1,1.0,0.08,0.6,0.42,0.25,0.8918393782383419,0.8944392976411977,0.9111338100102145,0.8723076923076923,0.899876390605686,0.8723076923076923,0.8723076923076923,0.1276923076923077,0.0,650,13,0,0.026863718570647503,0.07865655825673575,0.10601806053684325,0.6972860682526674,0.8821788579373513,0.8627467243422464,0.0031387521637707525,0.497777879354833
0.55,0.1,1.0,0.12,0.6,0.42,0.25,0.8918393782383419,0.8944392976411977,0.9111338100102145,0.8723076923076923,0.899876390605686,0.8723076923076923,0.8723076923076923,0.1276923076923077,0.0,650,13,0,0.026863718570647503,0.07865655825673575,0.10601806053684325,0.6972860682526674,0.8821788579373513,0.8627467243422464,0.0031387521637707525,0.497777879354833
0.55,0.1,1.0,0.08,0.72,0.38,0.25,0.8886010362694301,0.8911471426873242,0.9117043121149897,0.8687022900763359,0.8930348258706468,0.8621212121212121,0.8753846153846154,0.12461538461538461,0.0,650,12,0,0.026660529937840478,0.07865655825673575,0.10601806053684325,0.6972860682526674,0.8821788579373513,0.8627467243422464,0.0031387521637707525,0.4978468378160798
0.55,0.1,1.0,0.04,0.72,0.38,0.25,0.8886010362694301,0.8911471426873242,0.9117043121149897,0.8687022900763359,0.8930348258706468,0.8621212121212121,0.8753846153846154,0.12461538461538461,0.0,650,12,0,0.026660529937840478,0.07865655825673575,0.10601806053684325,0.6972860682526674,0.8821788579373513,0.8627467243422464,0.0031387521637707525,0.4978468378160798
0.55,0.1,1.0,0.12,0.72,0.38,0.25,0.8886010362694301,0.8911471426873242,0.9117043121149897,0.8687022900763359,0.8930348258706468,0.8621212121212121,0.8753846153846154,0.12461538461538461,0.0,650,12,0,0.026660529937840478,0.07865655825673575,0.10601806053684325,0.6972860682526674,0.8821788579373513,0.8627467243422464,0.0031387521637707525,0.4978468378160798
0.55,0.1,1.2,0.08,0.72,0.42,0.25,0.8886010362694301,0.8909703435067694,0.9139344262295082,0.8687022900763359,0.8902743142144638,0.8621212121212121,0.8753846153846154,0.12461538461538461,0.0,650,12,0,0.02632219523971512,0.07865655825673575,0.10601806053684325,0.6972860682526674,0.8821788579373513,0.8627467243422464,0.0031387521637707525,0.4980236369966346
0.55,0.1,1.2,0.04,0.72,0.42,0.25,0.8886010362694301,0.8909703435067694,0.9139344262295082,0.8687022900763359,0.8902743142144638,0.8621212121212121,0.8753846153846154,0.12461538461538461,0.0,650,12,0,0.02632219523971512,0.07865655825673575,0.10601806053684325,0.6972860682526674,0.8821788579373513,0.8627467243422464,0.0031387521637707525,0.4980236369966346
0.55,0.1,1.2,0.12,0.72,0.42,0.25,0.8886010362694301,0.8909703435067694,0.9139344262295082,0.8687022900763359,0.8902743142144638,0.8621212121212121,0.8753846153846154,0.12461538461538461,0.0,650,12,0,0.02632219523971512,0.07865655825673575,0.10601806053684325,0.6972860682526674,0.8821788579373513,0.8627467243422464,0.0031387521637707525,0.4980236369966346
0.75,0.2,1.0,0.04,0.6,0.38,0.5,0.8931347150259067,0.8959526809644075,0.9111338100102145,0.8727833461835004,0.9039408866995073,0.874806800618238,0.8707692307692307,0.12923076923076923,0.0,650,10,0,0.029410883157015736,0.07865655825673575,0.10601806053684325,0.6972860682526674,0.8821788579373513,0.8627467243422464,0.0031387521637707525,0.49819992847482775
0.75,0.2,1.0,0.08,0.6,0.38,0.5,0.8931347150259067,0.8959526809644075,0.9111338100102145,0.8727833461835004,0.9039408866995073,0.874806800618238,0.8707692307692307,0.12923076923076923,0.0,650,10,0,0.029410883157015736,0.07865655825673575,0.10601806053684325,0.6972860682526674,0.8821788579373513,0.8627467243422464,0.0031387521637707525,0.49819992847482775
0.75,0.2,1.0,0.12,0.6,0.38,0.5,0.8931347150259067,0.8959526809644075,0.9111338100102145,0.8727833461835004,0.9039408866995073,0.874806800618238,0.8707692307692307,0.12923076923076923,0.0,650,10,0,0.029410883157015736,0.07865655825673575,0.10601806053684325,0.6972860682526674,0.8821788579373513,0.8627467243422464,0.0031387521637707525,0.49819992847482775
0.65,0.1,1.0,0.08,0.72,0.42,0.5,0.8898963730569949,0.8924134870180831,0.9129989764585466,0.8698315467075038,0.8944099378881988,0.8658536585365854,0.8738461538461538,0.12615384615384614,0.0,650,9,0,0.027724896476282387,0.07865655825673575,0.10601806053684325,0.6972860682526674,0.8821788579373513,0.8627467243422464,0.0031387521637707525,0.49851592592852545
0.65,0.1,1.0,0.12,0.72,0.42,0.5,0.8898963730569949,0.8924134870180831,0.9129989764585466,0.8698315467075038,0.8944099378881988,0.8658536585365854,0.8738461538461538,0.12615384615384614,0.0,650,9,0,0.027724896476282387,0.07865655825673575,0.10601806053684325,0.6972860682526674,0.8821788579373513,0.8627467243422464,0.0031387521637707525,0.49851592592852545
0.65,0.1,1.0,0.04,0.72,0.42,0.5,0.8898963730569949,0.8924134870180831,0.9129989764585466,0.8698315467075038,0.8944099378881988,0.8658536585365854,0.8738461538461538,0.12615384615384614,0.0,650,9,0,0.027724896476282387,0.07865655825673575,0.10601806053684325,0.6972860682526674,0.8821788579373513,0.8627467243422464,0.0031387521637707525,0.49851592592852545
0.75,0.1,1.0,0.04,0.72,0.34,0.5,0.8911917098445595,0.8939320086976196,0.9109518935516888,0.8709677419354839,0.899876390605686,0.8696319018404908,0.8723076923076923,0.1276923076923077,0.0,650,10,0,0.029319037353215734,0.07865655825673575,0.10601806053684325,0.6972860682526674,0.8821788579373513,0.8627467243422464,0.0031387521637707525,0.49893283669219346
0.75,0.1,1.0,0.08,0.72,0.34,0.5,0.8911917098445595,0.8939320086976196,0.9109518935516888,0.8709677419354839,0.899876390605686,0.8696319018404908,0.8723076923076923,0.1276923076923077,0.0,650,10,0,0.029319037353215734,0.07865655825673575,0.10601806053684325,0.6972860682526674,0.8821788579373513,0.8627467243422464,0.0031387521637707525,0.49893283669219346
0.75,0.1,1.0,0.12,0.72,0.34,0.5,0.8911917098445595,0.8939320086976196,0.9109518935516888,0.8709677419354839,0.899876390605686,0.8696319018404908,0.8723076923076923,0.1276923076923077,0.0,650,10,0,0.029319037353215734,0.07865655825673575,0.10601806053684325,0.6972860682526674,0.8821788579373513,0.8627467243422464,0.0031387521637707525,0.49893283669219346
0.75,0.2,1.2,0.12,0.72,0.38,0.5,0.8911917098445595,0.893849344364478,0.9120654396728016,0.8709677419354839,0.8985148514851485,0.8696319018404908,0.8723076923076923,0.1276923076923077,0.0,650,9,0,0.02851730463997031,0.07865655825673575,0.10601806053684325,0.6972860682526674,0.8821788579373513,0.8627467243422464,0.0031387521637707525,0.499015501025335
0.75,0.3,1.2,0.04,0.66,0.42,0.5,0.8911917098445595,0.893849344364478,0.9120654396728016,0.8709677419354839,0.8985148514851485,0.8696319018404908,0.8723076923076923,0.1276923076923077,0.0,650,9,0,0.028390694614944968,0.07865655825673575,0.10601806053684325,0.6972860682526674,0.8821788579373513,0.8627467243422464,0.0031387521637707525,0.499015501025335
0.75,0.2,1.2,0.04,0.72,0.38,0.5,0.8911917098445595,0.893849344364478,0.9120654396728016,0.8709677419354839,0.8985148514851485,0.8696319018404908,0.8723076923076923,0.1276923076923077,0.0,650,9,0,0.02851730463997031,0.07865655825673575,0.10601806053684325,0.6972860682526674,0.8821788579373513,0.8627467243422464,0.0031387521637707525,0.499015501025335
0.75,0.2,1.2,0.08,0.72,0.38,0.5,0.8911917098445595,0.893849344364478,0.9120654396728016,0.8709677419354839,0.8985148514851485,0.8696319018404908,0.8723076923076923,0.1276923076923077,0.0,650,9,0,0.02851730463997031,0.07865655825673575,0.10601806053684325,0.6972860682526674,0.8821788579373513,0.8627467243422464,0.0031387521637707525,0.499015501025335
0.75,0.3,1.2,0.12,0.66,0.42,0.5,0.8911917098445595,0.893849344364478,0.9120654396728016,0.8709677419354839,0.8985148514851485,0.8696319018404908,0.8723076923076923,0.1276923076923077,0.0,650,9,0,0.028390694614944968,0.07865655825673575,0.10601806053684325,0.6972860682526674,0.8821788579373513,0.8627467243422464,0.0031387521637707525,0.499015501025335
0.75,0.3,1.2,0.12,0.72,0.42,0.5,0.8911917098445595,0.893849344364478,0.9120654396728016,0.8709677419354839,0.8985148514851485,0.8696319018404908,0.8723076923076923,0.1276923076923077,0.0,650,9,0,0.028396338331057706,0.07865655825673575,0.10601806053684325,0.6972860682526674,0.8821788579373513,0.8627467243422464,0.0031387521637707525,0.499015501025335
0.75,0.3,1.2,0.08,0.72,0.42,0.5,0.8911917098445595,0.893849344364478,0.9120654396728016,0.8709677419354839,0.8985148514851485,0.8696319018404908,0.8723076923076923,0.1276923076923077,0.0,650,9,0,0.028396338331057706,0.07865655825673575,0.10601806053684325,0.6972860682526674,0.8821788579373513,0.8627467243422464,0.0031387521637707525,0.499015501025335
0.75,0.3,1.2,0.04,0.72,0.42,0.5,0.8911917098445595,0.893849344364478,0.9120654396728016,0.8709677419354839,0.8985148514851485,0.8696319018404908,0.8723076923076923,0.1276923076923077,0.0,650,9,0,0.028396338331057706,0.07865655825673575,0.10601806053684325,0.6972860682526674,0.8821788579373513,0.8627467243422464,0.0031387521637707525,0.499015501025335
0.75,0.3,1.2,0.08,0.66,0.42,0.5,0.8911917098445595,0.893849344364478,0.9120654396728016,0.8709677419354839,0.8985148514851485,0.8696319018404908,0.8723076923076923,0.1276923076923077,0.0,650,9,0,0.028390694614944968,0.07865655825673575,0.10601806053684325,0.6972860682526674,0.8821788579373513,0.8627467243422464,0.0031387521637707525,0.499015501025335
0.65,0.3,1.0,0.04,0.66,0.34,0.25,0.8911917098445595,0.8938446808852091,0.9100204498977505,0.8716372021521906,0.899876390605686,0.8709677419354839,0.8723076923076923,0.1276923076923077,0.0,650,13,0,0.02789622007022141,0.07865655825673575,0.10601806053684325,0.6972860682526674,0.8821788579373513,0.8627467243422464,0.0031387521637707525,0.49902016450460396
0.65,0.3,1.0,0.08,0.66,0.34,0.25,0.8911917098445595,0.8938446808852091,0.9100204498977505,0.8716372021521906,0.899876390605686,0.8709677419354839,0.8723076923076923,0.1276923076923077,0.0,650,13,0,0.02789622007022141,0.07865655825673575,0.10601806053684325,0.6972860682526674,0.8821788579373513,0.8627467243422464,0.0031387521637707525,0.49902016450460396
0.65,0.3,1.0,0.12,0.66,0.34,0.25,0.8911917098445595,0.8938446808852091,0.9100204498977505,0.8716372021521906,0.899876390605686,0.8709677419354839,0.8723076923076923,0.1276923076923077,0.0,650,13,0,0.02789622007022141,0.07865655825673575,0.10601806053684325,0.6972860682526674,0.8821788579373513,0.8627467243422464,0.0031387521637707525,0.49902016450460396
0.75,0.2,1.0,0.08,0.66,0.38,0.5,0.8924870466321243,0.8952780485751365,0.9111338100102145,0.8721109399075501,0.9025893958076449,0.8734567901234568,0.8707692307692307,0.12923076923076923,0.0,650,10,0,0.029442473852334616,0.07865655825673575,0.10601806053684325,0.6972860682526674,0.8821788579373513,0.8627467243422464,0.0031387521637707525,0.49952222925788115
0.75,0.2,1.0,0.12,0.66,0.38,0.5,0.8924870466321243,0.8952780485751365,0.9111338100102145,0.8721109399075501,0.9025893958076449,0.8734567901234568,0.8707692307692307,0.12923076923076923,0.0,650,10,0,0.029442473852334616,0.07865655825673575,0.10601806053684325,0.6972860682526674,0.8821788579373513,0.8627467243422464,0.0031387521637707525,0.49952222925788115
0.75,0.2,1.0,0.04,0.66,0.38,0.5,0.8924870466321243,0.8952780485751365,0.9111338100102145,0.8721109399075501,0.9025893958076449,0.8734567901234568,0.8707692307692307,0.12923076923076923,0.0,650,10,0,0.029442473852334616,0.07865655825673575,0.10601806053684325,0.6972860682526674,0.8821788579373513,0.8627467243422464,0.0031387521637707525,0.49952222925788115
0.55,0.2,1.0,0.08,0.72,0.42,0.25,0.8892487046632125,0.8917332771344696,0.9129989764585466,0.8691660290742158,0.8930348258706468,0.8645357686453576,0.8738461538461538,0.12615384615384614,0.0,650,12,0,0.026334425542138367,0.07865655825673575,0.10601806053684325,0.6972860682526674,0.8821788579373513,0.8627467243422464,0.0031387521637707525,0.49984380420592134
0.55,0.2,1.0,0.04,0.72,0.42,0.25,0.8892487046632125,0.8917332771344696,0.9129989764585466,0.8691660290742158,0.8930348258706468,0.8645357686453576,0.8738461538461538,0.12615384615384614,0.0,650,12,0,0.026334425542138367,0.07865655825673575,0.10601806053684325,0.6972860682526674,0.8821788579373513,0.8627467243422464,0.0031387521637707525,0.49984380420592134
0.55,0.2,1.0,0.12,0.72,0.42,0.25,0.8892487046632125,0.8917332771344696,0.9129989764585466,0.8691660290742158,0.8930348258706468,0.8645357686453576,0.8738461538461538,0.12615384615384614,0.0,650,12,0,0.026334425542138367,0.07865655825673575,0.10601806053684325,0.6972860682526674,0.8821788579373513,0.8627467243422464,0.0031387521637707525,0.49984380420592134
0.75,0.3,1.0,0.04,0.72,0.38,0.5,0.8905440414507773,0.8932553514410332,0.9109518935516888,0.8702993092862624,0.8985148514851485,0.8683001531393568,0.8723076923076923,0.1276923076923077,0.0,650,10,0,0.029163254857089822,0.07865655825673575,0.10601806053684325,0.6972860682526674,0.8821788579373513,0.8627467243422464,0.0031387521637707525,0.5002571623425621
0.75,0.3,1.0,0.12,0.72,0.38,0.5,0.8905440414507773,0.8932553514410332,0.9109518935516888,0.8702993092862624,0.8985148514851485,0.8683001531393568,0.8723076923076923,0.1276923076923077,0.0,650,10,0,0.029163254857089822,0.07865655825673575,0.10601806053684325,0.6972860682526674,0.8821788579373513,0.8627467243422464,0.0031387521637707525,0.5002571623425621
0.75,0.3,1.0,0.08,0.72,0.38,0.5,0.8905440414507773,0.8932553514410332,0.9109518935516888,0.8702993092862624,0.8985148514851485,0.8683001531393568,0.8723076923076923,0.1276923076923077,0.0,650,10,0,0.029163254857089822,0.07865655825673575,0.10601806053684325,0.6972860682526674,0.8821788579373513,0.8627467243422464,0.0031387521637707525,0.5002571623425621
0.55,0.1,1.0,0.08,0.66,0.42,0.25,0.8905440414507773,0.8930838299959433,0.9111338100102145,0.8709677419354839,0.8971499380421314,0.8696319018404908,0.8723076923076923,0.1276923076923077,0.0,650,13,0,0.02688171370294474,0.07865655825673575,0.10601806053684325,0.6972860682526674,0.8821788579373513,0.8627467243422464,0.0031387521637707525,0.500428683787652
0.55,0.1,1.0,0.04,0.66,0.42,0.25,0.8905440414507773,0.8930838299959433,0.9111338100102145,0.8709677419354839,0.8971499380421314,0.8696319018404908,0.8723076923076923,0.1276923076923077,0.0,650,13,0,0.02688171370294474,0.07865655825673575,0.10601806053684325,0.6972860682526674,0.8821788579373513,0.8627467243422464,0.0031387521637707525,0.500428683787652
0.55,0.1,1.0,0.12,0.66,0.42,0.25,0.8905440414507773,0.8930838299959433,0.9111338100102145,0.8709677419354839,0.8971499380421314,0.8696319018404908,0.8723076923076923,0.1276923076923077,0.0,650,13,0,0.02688171370294474,0.07865655825673575,0.10601806053684325,0.6972860682526674,0.8821788579373513,0.8627467243422464,0.0031387521637707525,0.500428683787652
0.65,0.2,1.2,0.12,0.6,0.38,0.25,0.8918393782383419,0.8945165298138126,0.9102040816326531,0.8721109399075501,0.9012345679012346,0.8734567901234568,0.8707692307692307,0.12923076923076923,0.0,650,13,0,0.027999812017087792,0.07865655825673575,0.10601806053684325,0.6972860682526674,0.8821788579373513,0.8627467243422464,0.0031387521637707525,0.5009314164129874
0.65,0.2,1.2,0.04,0.6,0.38,0.25,0.8918393782383419,0.8945165298138126,0.9102040816326531,0.8721109399075501,0.9012345679012346,0.8734567901234568,0.8707692307692307,0.12923076923076923,0.0,650,13,0,0.027999812017087792,0.07865655825673575,0.10601806053684325,0.6972860682526674,0.8821788579373513,0.8627467243422464,0.0031387521637707525,0.5009314164129874
0.65,0.2,1.2,0.08,0.6,0.38,0.25,0.8918393782383419,0.8945165298138126,0.9102040816326531,0.8721109399075501,0.9012345679012346,0.8734567901234568,0.8707692307692307,0.12923076923076923,0.0,650,13,0,0.027999812017087792,0.07865655825673575,0.10601806053684325,0.6972860682526674,0.8821788579373513,0.8627467243422464,0.0031387521637707525,0.5009314164129874
0.65,0.3,1.0,0.04,0.72,0.34,0.25,0.8898963730569949,0.8924898990753815,0.9100204498977505,0.8702993092862624,0.8971499380421314,0.8683001531393568,0.8723076923076923,0.1276923076923077,0.0,650,13,0,0.027890281734350326,0.07865655825673575,0.10601806053684325,0.6972860682526674,0.8821788579373513,0.8627467243422464,0.0031387521637707525,0.5016702831019962
0.65,0.3,1.0,0.12,0.72,0.34,0.25,0.8898963730569949,0.8924898990753815,0.9100204498977505,0.8702993092862624,0.8971499380421314,0.8683001531393568,0.8723076923076923,0.1276923076923077,0.0,650,13,0,0.027890281734350326,0.07865655825673575,0.10601806053684325,0.6972860682526674,0.8821788579373513,0.8627467243422464,0.0031387521637707525,0.5016702831019962
0.65,0.3,1.0,0.08,0.72,0.34,0.25,0.8898963730569949,0.8924898990753815,0.9100204498977505,0.8702993092862624,0.8971499380421314,0.8683001531393568,0.8723076923076923,0.1276923076923077,0.0,650,13,0,0.027890281734350326,0.07865655825673575,0.10601806053684325,0.6972860682526674,0.8821788579373513,0.8627467243422464,0.0031387521637707525,0.5016702831019962
0.75,0.2,1.0,0.04,0.72,0.38,0.5,0.8911917098445595,0.8939264771283771,0.9111338100102145,0.8707692307692307,0.899876390605686,0.8707692307692307,0.8707692307692307,0.12923076923076923,0.0,650,10,0,0.029460295640869442,0.07865655825673575,0.10601806053684325,0.6972860682526674,0.8821788579373513,0.8627467243422464,0.0031387521637707525,0.5021691374922053
0.75,0.2,1.0,0.12,0.72,0.38,0.5,0.8911917098445595,0.8939264771283771,0.9111338100102145,0.8707692307692307,0.899876390605686,0.8707692307692307,0.8707692307692307,0.12923076923076923,0.0,650,10,0,0.029460295640869442,0.07865655825673575,0.10601806053684325,0.6972860682526674,0.8821788579373513,0.8627467243422464,0.0031387521637707525,0.5021691374922053
0.75,0.2,1.0,0.08,0.72,0.38,0.5,0.8911917098445595,0.8939264771283771,0.9111338100102145,0.8707692307692307,0.899876390605686,0.8707692307692307,0.8707692307692307,0.12923076923076923,0.0,650,10,0,0.029460295640869442,0.07865655825673575,0.10601806053684325,0.6972860682526674,0.8821788579373513,0.8627467243422464,0.0031387521637707525,0.5021691374922053
0.65,0.2,1.2,0.04,0.66,0.38,0.25,0.8905440414507773,0.8931627212956775,0.9102040816326531,0.8707692307692307,0.8985148514851485,0.8707692307692307,0.8707692307692307,0.12923076923076923,0.0,650,13,0,0.027999424239450642,0.07865655825673575,0.10601806053684325,0.6972860682526674,0.8821788579373513,0.8627467243422464,0.0031387521637707525,0.5035805617186871
0.65,0.2,1.2,0.08,0.66,0.38,0.25,0.8905440414507773,0.8931627212956775,0.9102040816326531,0.8707692307692307,0.8985148514851485,0.8707692307692307,0.8707692307692307,0.12923076923076923,0.0,650,13,0,0.027999424239450642,0.07865655825673575,0.10601806053684325,0.6972860682526674,0.8821788579373513,0.8627467243422464,0.0031387521637707525,0.5035805617186871
0.65,0.2,1.2,0.12,0.66,0.38,0.25,0.8905440414507773,0.8931627212956775,0.9102040816326531,0.8707692307692307,0.8985148514851485,0.8707692307692307,0.8707692307692307,0.12923076923076923,0.0,650,13,0,0.027999424239450642,0.07865655825673575,0.10601806053684325,0.6972860682526674,0.8821788579373513,0.8627467243422464,0.0031387521637707525,0.5035805617186871
0.75,0.1,1.2,0.08,0.6,0.38,0.5,0.8918393782383419,0.8946782678591793,0.9102040816326531,0.8712413261372398,0.9025893958076449,0.8732612055641422,0.8692307692307693,0.13076923076923078,0.0,650,9,0,0.02879888823877836,0.07865655825673575,0.10601806053684325,0.6972860682526674,0.8821788579373513,0.8627467243422464,0.0031387521637707525,0.5040004475983899
0.75,0.3,1.0,0.08,0.6,0.42,0.5,0.8918393782383419,0.8946782678591793,0.9102040816326531,0.8712413261372398,0.9025893958076449,0.8732612055641422,0.8692307692307693,0.13076923076923078,0.0,650,9,0,0.029300085021800867,0.07865655825673575,0.10601806053684325,0.6972860682526674,0.8821788579373513,0.8627467243422464,0.0031387521637707525,0.5040004475983899
0.75,0.3,1.0,0.04,0.6,0.42,0.5,0.8918393782383419,0.8946782678591793,0.9102040816326531,0.8712413261372398,0.9025893958076449,0.8732612055641422,0.8692307692307693,0.13076923076923078,0.0,650,9,0,0.029300085021800867,0.07865655825673575,0.10601806053684325,0.6972860682526674,0.8821788579373513,0.8627467243422464,0.0031387521637707525,0.5040004475983899
0.75,0.3,1.0,0.12,0.6,0.42,0.5,0.8918393782383419,0.8946782678591793,0.9102040816326531,0.8712413261372398,0.9025893958076449,0.8732612055641422,0.8692307692307693,0.13076923076923078,0.0,650,9,0,0.029300085021800867,0.07865655825673575,0.10601806053684325,0.6972860682526674,0.8821788579373513,0.8627467243422464,0.0031387521637707525,0.5040004475983899
0.75,0.1,1.2,0.12,0.6,0.38,0.5,0.8918393782383419,0.8946782678591793,0.9102040816326531,0.8712413261372398,0.9025893958076449,0.8732612055641422,0.8692307692307693,0.13076923076923078,0.0,650,9,0,0.02879888823877836,0.07865655825673575,0.10601806053684325,0.6972860682526674,0.8821788579373513,0.8627467243422464,0.0031387521637707525,0.5040004475983899
0.75,0.1,1.2,0.04,0.6,0.38,0.5,0.8918393782383419,0.8946782678591793,0.9102040816326531,0.8712413261372398,0.9025893958076449,0.8732612055641422,0.8692307692307693,0.13076923076923078,0.0,650,9,0,0.02879888823877836,0.07865655825673575,0.10601806053684325,0.6972860682526674,0.8821788579373513,0.8627467243422464,0.0031387521637707525,0.5040004475983899
0.65,0.1,1.0,0.12,0.6,0.34,0.25,0.8918393782383419,0.8945930749267829,0.90927624872579,0.8719135802469136,0.9025893958076449,0.8746130030959752,0.8692307692307693,0.13076923076923078,0.0,650,13,0,0.028591815064205155,0.07865655825673575,0.10601806053684325,0.6972860682526674,0.8821788579373513,0.8627467243422464,0.0031387521637707525,0.5040856405307863
0.65,0.1,1.0,0.08,0.6,0.34,0.25,0.8918393782383419,0.8945930749267829,0.90927624872579,0.8719135802469136,0.9025893958076449,0.8746130030959752,0.8692307692307693,0.13076923076923078,0.0,650,13,0,0.028591815064205155,0.07865655825673575,0.10601806053684325,0.6972860682526674,0.8821788579373513,0.8627467243422464,0.0031387521637707525,0.5040856405307863
0.65,0.1,1.0,0.04,0.6,0.34,0.25,0.8918393782383419,0.8945930749267829,0.90927624872579,0.8719135802469136,0.9025893958076449,0.8746130030959752,0.8692307692307693,0.13076923076923078,0.0,650,13,0,0.028591815064205155,0.07865655825673575,0.10601806053684325,0.6972860682526674,0.8821788579373513,0.8627467243422464,0.0031387521637707525,0.5040856405307863
0.55,0.1,1.0,0.04,0.72,0.42,0.25,0.8886010362694301,0.8910447177074134,0.9111338100102145,0.8689655172413793,0.8930348258706468,0.8656488549618321,0.8723076923076923,0.1276923076923077,0.0,650,13,0,0.026898778334428133,0.07865655825673575,0.10601806053684325,0.6972860682526674,0.8821788579373513,0.8627467243422464,0.0031387521637707525,0.504410801257529
0.55,0.1,1.0,0.08,0.72,0.42,0.25,0.8886010362694301,0.8910447177074134,0.9111338100102145,0.8689655172413793,0.8930348258706468,0.8656488549618321,0.8723076923076923,0.1276923076923077,0.0,650,13,0,0.026898778334428133,0.07865655825673575,0.10601806053684325,0.6972860682526674,0.8821788579373513,0.8627467243422464,0.0031387521637707525,0.504410801257529
0.55,0.1,1.0,0.12,0.72,0.42,0.25,0.8886010362694301,0.8910447177074134,0.9111338100102145,0.8689655172413793,0.8930348258706468,0.8656488549618321,0.8723076923076923,0.1276923076923077,0.0,650,13,0,0.026898778334428133,0.07865655825673575,0.10601806053684325,0.6972860682526674,0.8821788579373513,0.8627467243422464,0.0031387521637707525,0.504410801257529
0.65,0.2,1.2,0.08,0.72,0.38,0.25,0.8898963730569949,0.8924846476036112,0.9102040816326531,0.8700999231360492,0.8971499380421314,0.869431643625192,0.8707692307692307,0.12923076923076923,0.0,650,13,0,0.02799706379034255,0.07865655825673575,0.10601806053684325,0.6972860682526674,0.8821788579373513,0.8627467243422464,0.0031387521637707525,0.5049063038045358
0.65,0.2,1.2,0.12,0.72,0.38,0.25,0.8898963730569949,0.8924846476036112,0.9102040816326531,0.8700999231360492,0.8971499380421314,0.869431643625192,0.8707692307692307,0.12923076923076923,0.0,650,13,0,0.02799706379034255,0.07865655825673575,0.10601806053684325,0.6972860682526674,0.8821788579373513,0.8627467243422464,0.0031387521637707525,0.5049063038045358
0.65,0.2,1.2,0.04,0.72,0.38,0.25,0.8898963730569949,0.8924846476036112,0.9102040816326531,0.8700999231360492,0.8971499380421314,0.869431643625192,0.8707692307692307,0.12923076923076923,0.0,650,13,0,0.02799706379034255,0.07865655825673575,0.10601806053684325,0.6972860682526674,0.8821788579373513,0.8627467243422464,0.0031387521637707525,0.5049063038045358
0.75,0.1,1.2,0.08,0.66,0.38,0.5,0.8911917098445595,0.8940029191307103,0.9102040816326531,0.8705701078582434,0.9012345679012346,0.8719135802469136,0.8692307692307693,0.13076923076923078,0.0,650,9,0,0.028827662127412768,0.07865655825673575,0.10601806053684325,0.6972860682526674,0.8821788579373513,0.8627467243422464,0.0031387521637707525,0.5053234647206413
0.75,0.1,1.2,0.12,0.66,0.38,0.5,0.8911917098445595,0.8940029191307103,0.9102040816326531,0.8705701078582434,0.9012345679012346,0.8719135802469136,0.8692307692307693,0.13076923076923078,0.0,650,9,0,0.028827662127412768,0.07865655825673575,0.10601806053684325,0.6972860682526674,0.8821788579373513,0.8627467243422464,0.0031387521637707525,0.5053234647206413
0.75,0.1,1.2,0.04,0.66,0.38,0.5,0.8911917098445595,0.8940029191307103,0.9102040816326531,0.8705701078582434,0.9012345679012346,0.8719135802469136,0.8692307692307693,0.13076923076923078,0.0,650,9,0,0.028827662127412768,0.07865655825673575,0.10601806053684325,0.6972860682526674,0.8821788579373513,0.8627467243422464,0.0031387521637707525,0.5053234647206413
0.75,0.3,1.0,0.12,0.66,0.42,0.5,0.8911917098445595,0.8940029191307103,0.9102040816326531,0.8705701078582434,0.9012345679012346,0.8719135802469136,0.8692307692307693,0.13076923076923078,0.0,650,9,0,0.029325428988002375,0.07865655825673575,0.10601806053684325,0.6972860682526674,0.8821788579373513,0.8627467243422464,0.0031387521637707525,0.5053234647206413
0.75,0.3,1.0,0.08,0.66,0.42,0.5,0.8911917098445595,0.8940029191307103,0.9102040816326531,0.8705701078582434,0.9012345679012346,0.8719135802469136,0.8692307692307693,0.13076923076923078,0.0,650,9,0,0.029325428988002375,0.07865655825673575,0.10601806053684325,0.6972860682526674,0.8821788579373513,0.8627467243422464,0.0031387521637707525,0.5053234647206413
0.75,0.3,1.0,0.04,0.66,0.42,0.5,0.8911917098445595,0.8940029191307103,0.9102040816326531,0.8705701078582434,0.9012345679012346,0.8719135802469136,0.8692307692307693,0.13076923076923078,0.0,650,9,0,0.029325428988002375,0.07865655825673575,0.10601806053684325,0.6972860682526674,0.8821788579373513,0.8627467243422464,0.0031387521637707525,0.5053234647206413
0.65,0.2,1.0,0.04,0.6,0.34,0.25,0.8911917098445595,0.8939979957503357,0.9081632653061225,0.8712413261372398,0.9025893958076449,0.8732612055641422,0.8692307692307693,0.13076923076923078,0.0,650,13,0,0.02824062994695353,0.07865655825673575,0.10601806053684325,0.6972860682526674,0.8821788579373513,0.8627467243422464,0.0031387521637707525,0.5053283881010159
0.65,0.2,1.0,0.12,0.6,0.34,0.25,0.8911917098445595,0.8939979957503357,0.9081632653061225,0.8712413261372398,0.9025893958076449,0.8732612055641422,0.8692307692307693,0.13076923076923078,0.0,650,13,0,0.02824062994695353,0.07865655825673575,0.10601806053684325,0.6972860682526674,0.8821788579373513,0.8627467243422464,0.0031387521637707525,0.5053283881010159
0.65,0.2,1.0,0.08,0.6,0.34,0.25,0.8911917098445595,0.8939979957503357,0.9081632653061225,0.8712413261372398,0.9025893958076449,0.8732612055641422,0.8692307692307693,0.13076923076923078,0.0,650,13,0,0.02824062994695353,0.07865655825673575,0.10601806053684325,0.6972860682526674,0.8821788579373513,0.8627467243422464,0.0031387521637707525,0.5053283881010159
0.65,0.3,1.0,0.08,0.6,0.38,0.25,0.8911917098445595,0.8939173809214215,0.90927624872579,0.8712413261372398,0.9012345679012346,0.8732612055641422,0.8692307692307693,0.13076923076923078,0.0,650,13,0,0.028255976624962965,0.07865655825673575,0.10601806053684325,0.6972860682526674,0.8821788579373513,0.8627467243422464,0.0031387521637707525,0.5054090029299301
0.65,0.1,1.2,0.04,0.6,0.38,0.25,0.8911917098445595,0.8939173809214215,0.90927624872579,0.8712413261372398,0.9012345679012346,0.8732612055641422,0.8692307692307693,0.13076923076923078,0.0,650,13,0,0.0283990179489983,0.07865655825673575,0.10601806053684325,0.6972860682526674,0.8821788579373513,0.8627467243422464,0.0031387521637707525,0.5054090029299301
0.65,0.3,1.0,0.04,0.6,0.38,0.25,0.8911917098445595,0.8939173809214215,0.90927624872579,0.8712413261372398,0.9012345679012346,0.8732612055641422,0.8692307692307693,0.13076923076923078,0.0,650,13,0,0.028255976624962965,0.07865655825673575,0.10601806053684325,0.6972860682526674,0.8821788579373513,0.8627467243422464,0.0031387521637707525,0.5054090029299301
0.65,0.1,1.2,0.08,0.6,0.38,0.25,0.8911917098445595,0.8939173809214215,0.90927624872579,0.8712413261372398,0.9012345679012346,0.8732612055641422,0.8692307692307693,0.13076923076923078,0.0,650,13,0,0.0283990179489983,0.07865655825673575,0.10601806053684325,0.6972860682526674,0.8821788579373513,0.8627467243422464,0.0031387521637707525,0.5054090029299301
0.65,0.3,1.0,0.12,0.6,0.38,0.25,0.8911917098445595,0.8939173809214215,0.90927624872579,0.8712413261372398,0.9012345679012346,0.8732612055641422,0.8692307692307693,0.13076923076923078,0.0,650,13,0,0.028255976624962965,0.07865655825673575,0.10601806053684325,0.6972860682526674,0.8821788579373513,0.8627467243422464,0.0031387521637707525,0.5054090029299301
0.65,0.2,1.2,0.12,0.6,0.42,0.25,0.8911917098445595,0.8939173809214215,0.90927624872579,0.8712413261372398,0.9012345679012346,0.8732612055641422,0.8692307692307693,0.13076923076923078,0.0,650,13,0,0.028131659852521848,0.07865655825673575,0.10601806053684325,0.6972860682526674,0.8821788579373513,0.8627467243422464,0.0031387521637707525,0.5054090029299301
0.65,0.2,1.2,0.08,0.6,0.42,0.25,0.8911917098445595,0.8939173809214215,0.90927624872579,0.8712413261372398,0.9012345679012346,0.8732612055641422,0.8692307692307693,0.13076923076923078,0.0,650,13,0,0.028131659852521848,0.07865655825673575,0.10601806053684325,0.6972860682526674,0.8821788579373513,0.8627467243422464,0.0031387521637707525,0.5054090029299301
0.65,0.1,1.2,0.12,0.6,0.38,0.25,0.8911917098445595,0.8939173809214215,0.90927624872579,0.8712413261372398,0.9012345679012346,0.8732612055641422,0.8692307692307693,0.13076923076923078,0.0,650,13,0,0.0283990179489983,0.07865655825673575,0.10601806053684325,0.6972860682526674,0.8821788579373513,0.8627467243422464,0.0031387521637707525,0.5054090029299301
0.65,0.2,1.2,0.04,0.6,0.42,0.25,0.8911917098445595,0.8939173809214215,0.90927624872579,0.8712413261372398,0.9012345679012346,0.8732612055641422,0.8692307692307693,0.13076923076923078,0.0,650,13,0,0.028131659852521848,0.07865655825673575,0.10601806053684325,0.6972860682526674,0.8821788579373513,0.8627467243422464,0.0031387521637707525,0.5054090029299301
0.65,0.3,1.2,0.12,0.6,0.42,0.25,0.8905440414507773,0.8932409157299065,0.90927624872579,0.8705701078582434,0.899876390605686,0.8719135802469136,0.8692307692307693,0.13076923076923078,0.0,650,13,0,0.02771267947009773,0.07865655825673575,0.10601806053684325,0.6972860682526674,0.8821788579373513,0.8627467243422464,0.0031387521637707525,0.5067331365152273
0.65,0.3,1.0,0.04,0.66,0.38,0.25,0.8905440414507773,0.8932409157299065,0.90927624872579,0.8705701078582434,0.899876390605686,0.8719135802469136,0.8692307692307693,0.13076923076923078,0.0,650,13,0,0.028256864900190647,0.07865655825673575,0.10601806053684325,0.6972860682526674,0.8821788579373513,0.8627467243422464,0.0031387521637707525,0.5067331365152273
0.65,0.3,1.2,0.04,0.6,0.42,0.25,0.8905440414507773,0.8932409157299065,0.90927624872579,0.8705701078582434,0.899876390605686,0.8719135802469136,0.8692307692307693,0.13076923076923078,0.0,650,13,0,0.02771267947009773,0.07865655825673575,0.10601806053684325,0.6972860682526674,0.8821788579373513,0.8627467243422464,0.0031387521637707525,0.5067331365152273
0.65,0.3,1.2,0.08,0.6,0.42,0.25,0.8905440414507773,0.8932409157299065,0.90927624872579,0.8705701078582434,0.899876390605686,0.8719135802469136,0.8692307692307693,0.13076923076923078,0.0,650,13,0,0.02771267947009773,0.07865655825673575,0.10601806053684325,0.6972860682526674,0.8821788579373513,0.8627467243422464,0.0031387521637707525,0.5067331365152273
0.65,0.3,1.0,0.12,0.66,0.38,0.25,0.8905440414507773,0.8932409157299065,0.90927624872579,0.8705701078582434,0.899876390605686,0.8719135802469136,0.8692307692307693,0.13076923076923078,0.0,650,13,0,0.028256864900190647,0.07865655825673575,0.10601806053684325,0.6972860682526674,0.8821788579373513,0.8627467243422464,0.0031387521637707525,0.5067331365152273
0.65,0.3,1.0,0.08,0.66,0.38,0.25,0.8905440414507773,0.8932409157299065,0.90927624872579,0.8705701078582434,0.899876390605686,0.8719135802469136,0.8692307692307693,0.13076923076923078,0.0,650,13,0,0.028256864900190647,0.07865655825673575,0.10601806053684325,0.6972860682526674,0.8821788579373513,0.8627467243422464,0.0031387521637707525,0.5067331365152273
0.65,0.1,1.0,0.12,0.66,0.34,0.25,0.8905440414507773,0.8932409157299065,0.90927624872579,0.8705701078582434,0.899876390605686,0.8719135802469136,0.8692307692307693,0.13076923076923078,0.0,650,13,0,0.028599296189761227,0.07865655825673575,0.10601806053684325,0.6972860682526674,0.8821788579373513,0.8627467243422464,0.0031387521637707525,0.5067331365152273
0.65,0.1,1.0,0.04,0.66,0.34,0.25,0.8905440414507773,0.8932409157299065,0.90927624872579,0.8705701078582434,0.899876390605686,0.8719135802469136,0.8692307692307693,0.13076923076923078,0.0,650,13,0,0.028599296189761227,0.07865655825673575,0.10601806053684325,0.6972860682526674,0.8821788579373513,0.8627467243422464,0.0031387521637707525,0.5067331365152273
0.65,0.1,1.0,0.08,0.66,0.34,0.25,0.8905440414507773,0.8932409157299065,0.90927624872579,0.8705701078582434,0.899876390605686,0.8719135802469136,0.8692307692307693,0.13076923076923078,0.0,650,13,0,0.028599296189761227,0.07865655825673575,0.10601806053684325,0.6972860682526674,0.8821788579373513,0.8627467243422464,0.0031387521637707525,0.5067331365152273
0.75,0.1,1.0,0.04,0.6,0.38,0.5,0.8918393782383419,0.8947532021559228,0.90927624872579,0.871042471042471,0.9039408866995073,0.8744186046511628,0.8676923076923077,0.13230769230769232,0.0,650,9,0,0.02968000895421963,0.07865655825673575,0.10601806053684325,0.6972860682526674,0.8821788579373513,0.8627467243422464,0.0031387521637707525,0.5071562825324156
0.75,0.1,1.0,0.12,0.6,0.38,0.5,0.8918393782383419,0.8947532021559228,0.90927624872579,0.871042471042471,0.9039408866995073,0.8744186046511628,0.8676923076923077,0.13230769230769232,0.0,650,9,0,0.02968000895421963,0.07865655825673575,0.10601806053684325,0.6972860682526674,0.8821788579373513,0.8627467243422464,0.0031387521637707525,0.5071562825324156
0.75,0.1,1.0,0.08,0.6,0.38,0.5,0.8918393782383419,0.8947532021559228,0.90927624872579,0.871042471042471,0.9039408866995073,0.8744186046511628,0.8676923076923077,0.13230769230769232,0.0,650,9,0,0.02968000895421963,0.07865655825673575,0.10601806053684325,0.6972860682526674,0.8821788579373513,0.8627467243422464,0.0031387521637707525,0.5071562825324156
0.75,0.2,1.2,0.04,0.6,0.42,0.5,0.8918393782383419,0.8946729440756327,0.9103869653767821,0.871042471042471,0.9025893958076449,0.8744186046511628,0.8676923076923077,0.13230769230769232,0.0,650,9,0,0.028716740812641833,0.07865655825673575,0.10601806053684325,0.6972860682526674,0.8821788579373513,0.8627467243422464,0.0031387521637707525,0.5072365406127057
0.75,0.2,1.2,0.12,0.6,0.42,0.5,0.8918393782383419,0.8946729440756327,0.9103869653767821,0.871042471042471,0.9025893958076449,0.8744186046511628,0.8676923076923077,0.13230769230769232,0.0,650,9,0,0.028716740812641833,0.07865655825673575,0.10601806053684325,0.6972860682526674,0.8821788579373513,0.8627467243422464,0.0031387521637707525,0.5072365406127057
0.75,0.2,1.2,0.08,0.6,0.42,0.5,0.8918393782383419,0.8946729440756327,0.9103869653767821,0.871042471042471,0.9025893958076449,0.8744186046511628,0.8676923076923077,0.13230769230769232,0.0,650,9,0,0.028716740812641833,0.07865655825673575,0.10601806053684325,0.6972860682526674,0.8821788579373513,0.8627467243422464,0.0031387521637707525,0.5072365406127057
0.75,0.3,1.0,0.12,0.72,0.42,0.5,0.8898963730569949,0.8926499007828569,0.9102040816326531,0.8692307692307693,0.8985148514851485,0.8692307692307693,0.8692307692307693,0.13076923076923078,0.0,650,9,0,0.02933878487709028,0.07865655825673575,0.10601806053684325,0.6972860682526674,0.8821788579373513,0.8627467243422464,0.0031387521637707525,0.5079718198560593
0.75,0.1,1.2,0.08,0.72,0.38,0.5,0.8898963730569949,0.8926499007828569,0.9102040816326531,0.8692307692307693,0.8985148514851485,0.8692307692307693,0.8692307692307693,0.13076923076923078,0.0,650,9,0,0.028837745914421637,0.07865655825673575,0.10601806053684325,0.6972860682526674,0.8821788579373513,0.8627467243422464,0.0031387521637707525,0.5079718198560593
0.75,0.3,1.0,0.04,0.72,0.42,0.5,0.8898963730569949,0.8926499007828569,0.9102040816326531,0.8692307692307693,0.8985148514851485,0.8692307692307693,0.8692307692307693,0.13076923076923078,0.0,650,9,0,0.02933878487709028,0.07865655825673575,0.10601806053684325,0.6972860682526674,0.8821788579373513,0.8627467243422464,0.0031387521637707525,0.5079718198560593
0.75,0.1,1.2,0.12,0.72,0.38,0.5,0.8898963730569949,0.8926499007828569,0.9102040816326531,0.8692307692307693,0.8985148514851485,0.8692307692307693,0.8692307692307693,0.13076923076923078,0.0,650,9,0,0.028837745914421637,0.07865655825673575,0.10601806053684325,0.6972860682526674,0.8821788579373513,0.8627467243422464,0.0031387521637707525,0.5079718198560593
0.75,0.3,1.0,0.08,0.72,0.42,0.5,0.8898963730569949,0.8926499007828569,0.9102040816326531,0.8692307692307693,0.8985148514851485,0.8692307692307693,0.8692307692307693,0.13076923076923078,0.0,650,9,0,0.02933878487709028,0.07865655825673575,0.10601806053684325,0.6972860682526674,0.8821788579373513,0.8627467243422464,0.0031387521637707525,0.5079718198560593
0.75,0.1,1.2,0.04,0.72,0.38,0.5,0.8898963730569949,0.8926499007828569,0.9102040816326531,0.8692307692307693,0.8985148514851485,0.8692307692307693,0.8692307692307693,0.13076923076923078,0.0,650,9,0,0.028837745914421637,0.07865655825673575,0.10601806053684325,0.6972860682526674,0.8821788579373513,0.8627467243422464,0.0031387521637707525,0.5079718198560593
0.65,0.2,1.0,0.08,0.66,0.34,0.25,0.8898963730569949,0.8926465263098381,0.9081632653061225,0.8698999230177059,0.899876390605686,0.8705701078582434,0.8692307692307693,0.13076923076923078,0.0,650,13,0,0.028242331320010663,0.07865655825673575,0.10601806053684325,0.6972860682526674,0.8821788579373513,0.8627467243422464,0.0031387521637707525,0.5079751943290781
0.65,0.2,1.0,0.04,0.66,0.34,0.25,0.8898963730569949,0.8926465263098381,0.9081632653061225,0.8698999230177059,0.899876390605686,0.8705701078582434,0.8692307692307693,0.13076923076923078,0.0,650,13,0,0.028242331320010663,0.07865655825673575,0.10601806053684325,0.6972860682526674,0.8821788579373513,0.8627467243422464,0.0031387521637707525,0.5079751943290781
0.65,0.2,1.0,0.12,0.66,0.34,0.25,0.8898963730569949,0.8926465263098381,0.9081632653061225,0.8698999230177059,0.899876390605686,0.8705701078582434,0.8692307692307693,0.13076923076923078,0.0,650,13,0,0.028242331320010663,0.07865655825673575,0.10601806053684325,0.6972860682526674,0.8821788579373513,0.8627467243422464,0.0031387521637707525,0.5079751943290781
0.65,0.2,1.2,0.08,0.66,0.42,0.25,0.8898963730569949,0.8925636744095482,0.90927624872579,0.8698999230177059,0.8985148514851485,0.8705701078582434,0.8692307692307693,0.13076923076923078,0.0,650,13,0,0.028136882608382676,0.07865655825673575,0.10601806053684325,0.6972860682526674,0.8821788579373513,0.8627467243422464,0.0031387521637707525,0.508058046229368
0.65,0.2,1.2,0.04,0.66,0.42,0.25,0.8898963730569949,0.8925636744095482,0.90927624872579,0.8698999230177059,0.8985148514851485,0.8705701078582434,0.8692307692307693,0.13076923076923078,0.0,650,13,0,0.028136882608382676,0.07865655825673575,0.10601806053684325,0.6972860682526674,0.8821788579373513,0.8627467243422464,0.0031387521637707525,0.508058046229368
0.65,0.2,1.2,0.12,0.66,0.42,0.25,0.8898963730569949,0.8925636744095482,0.90927624872579,0.8698999230177059,0.8985148514851485,0.8705701078582434,0.8692307692307693,0.13076923076923078,0.0,650,13,0,0.028136882608382676,0.07865655825673575,0.10601806053684325,0.6972860682526674,0.8821788579373513,0.8627467243422464,0.0031387521637707525,0.508058046229368
0.65,0.1,1.2,0.04,0.66,0.38,0.25,0.8898963730569949,0.8925636744095482,0.90927624872579,0.8698999230177059,0.8985148514851485,0.8705701078582434,0.8692307692307693,0.13076923076923078,0.0,650,13,0,0.028401328630104763,0.07865655825673575,0.10601806053684325,0.6972860682526674,0.8821788579373513,0.8627467243422464,0.0031387521637707525,0.508058046229368
0.65,0.3,1.2,0.08,0.66,0.42,0.25,0.8898963730569949,0.8925636744095482,0.90927624872579,0.8698999230177059,0.8985148514851485,0.8705701078582434,0.8692307692307693,0.13076923076923078,0.0,650,13,0,0.02771524483138224,0.07865655825673575,0.10601806053684325,0.6972860682526674,0.8821788579373513,0.8627467243422464,0.0031387521637707525,0.508058046229368
0.65,0.1,1.0,0.12,0.72,0.34,0.25,0.8898963730569949,0.8925636744095482,0.90927624872579,0.8698999230177059,0.8985148514851485,0.8705701078582434,0.8692307692307693,0.13076923076923078,0.0,650,13,0,0.028593736905229962,0.07865655825673575,0.10601806053684325,0.6972860682526674,0.8821788579373513,0.8627467243422464,0.0031387521637707525,0.508058046229368
0.65,0.1,1.0,0.04,0.72,0.34,0.25,0.8898963730569949,0.8925636744095482,0.90927624872579,0.8698999230177059,0.8985148514851485,0.8705701078582434,0.8692307692307693,0.13076923076923078,0.0,650,13,0,0.028593736905229962,0.07865655825673575,0.10601806053684325,0.6972860682526674,0.8821788579373513,0.8627467243422464,0.0031387521637707525,0.508058046229368
0.65,0.3,1.2,0.12,0.66,0.42,0.25,0.8898963730569949,0.8925636744095482,0.90927624872579,0.8698999230177059,0.8985148514851485,0.8705701078582434,0.8692307692307693,0.13076923076923078,0.0,650,13,0,0.02771524483138224,0.07865655825673575,0.10601806053684325,0.6972860682526674,0.8821788579373513,0.8627467243422464,0.0031387521637707525,0.508058046229368
0.65,0.3,1.2,0.04,0.66,0.42,0.25,0.8898963730569949,0.8925636744095482,0.90927624872579,0.8698999230177059,0.8985148514851485,0.8705701078582434,0.8692307692307693,0.13076923076923078,0.0,650,13,0,0.02771524483138224,0.07865655825673575,0.10601806053684325,0.6972860682526674,0.8821788579373513,0.8627467243422464,0.0031387521637707525,0.508058046229368
0.65,0.1,1.0,0.08,0.72,0.34,0.25,0.8898963730569949,0.8925636744095482,0.90927624872579,0.8698999230177059,0.8985148514851485,0.8705701078582434,0.8692307692307693,0.13076923076923078,0.0,650,13,0,0.028593736905229962,0.07865655825673575,0.10601806053684325,0.6972860682526674,0.8821788579373513,0.8627467243422464,0.0031387521637707525,0.508058046229368
0.65,0.1,1.2,0.12,0.66,0.38,0.25,0.8898963730569949,0.8925636744095482,0.90927624872579,0.8698999230177059,0.8985148514851485,0.8705701078582434,0.8692307692307693,0.13076923076923078,0.0,650,13,0,0.028401328630104763,0.07865655825673575,0.10601806053684325,0.6972860682526674,0.8821788579373513,0.8627467243422464,0.0031387521637707525,0.508058046229368
0.65,0.1,1.2,0.08,0.66,0.38,0.25,0.8898963730569949,0.8925636744095482,0.90927624872579,0.8698999230177059,0.8985148514851485,0.8705701078582434,0.8692307692307693,0.13076923076923078,0.0,650,13,0,0.028401328630104763,0.07865655825673575,0.10601806053684325,0.6972860682526674,0.8821788579373513,0.8627467243422464,0.0031387521637707525,0.508058046229368
0.75,0.1,1.0,0.08,0.66,0.38,0.5,0.8911917098445595,0.8940786716346018,0.90927624872579,0.8703703703703703,0.9025893958076449,0.8730650154798761,0.8676923076923077,0.13230769230769232,0.0,650,9,0,0.029719688226696402,0.07865655825673575,0.10601806053684325,0.6972860682526674,0.8821788579373513,0.8627467243422464,0.0031387521637707525,0.5084784814475191
0.75,0.1,1.0,0.12,0.66,0.38,0.5,0.8911917098445595,0.8940786716346018,0.90927624872579,0.8703703703703703,0.9025893958076449,0.8730650154798761,0.8676923076923077,0.13230769230769232,0.0,650,9,0,0.029719688226696402,0.07865655825673575,0.10601806053684325,0.6972860682526674,0.8821788579373513,0.8627467243422464,0.0031387521637707525,0.5084784814475191
0.75,0.1,1.0,0.04,0.66,0.38,0.5,0.8911917098445595,0.8940786716346018,0.90927624872579,0.8703703703703703,0.9025893958076449,0.8730650154798761,0.8676923076923077,0.13230769230769232,0.0,650,9,0,0.029719688226696402,0.07865655825673575,0.10601806053684325,0.6972860682526674,0.8821788579373513,0.8627467243422464,0.0031387521637707525,0.5084784814475191
0.75,0.2,1.2,0.12,0.66,0.42,0.5,0.8911917098445595,0.8939973012161291,0.9103869653767821,0.8703703703703703,0.9012345679012346,0.8730650154798761,0.8676923076923077,0.13230769230769232,0.0,650,9,0,0.028738625509479775,0.07865655825673575,0.10601806053684325,0.6972860682526674,0.8821788579373513,0.8627467243422464,0.0031387521637707525,0.5085598518659917
0.75,0.2,1.2,0.08,0.66,0.42,0.5,0.8911917098445595,0.8939973012161291,0.9103869653767821,0.8703703703703703,0.9012345679012346,0.8730650154798761,0.8676923076923077,0.13230769230769232,0.0,650,9,0,0.028738625509479775,0.07865655825673575,0.10601806053684325,0.6972860682526674,0.8821788579373513,0.8627467243422464,0.0031387521637707525,0.5085598518659917
0.75,0.2,1.2,0.04,0.66,0.42,0.5,0.8911917098445595,0.8939973012161291,0.9103869653767821,0.8703703703703703,0.9012345679012346,0.8730650154798761,0.8676923076923077,0.13230769230769232,0.0,650,9,0,0.028738625509479775,0.07865655825673575,0.10601806053684325,0.6972860682526674,0.8821788579373513,0.8627467243422464,0.0031387521637707525,0.5085598518659917
0.65,0.2,1.0,0.12,0.72,0.34,0.25,0.8892487046632125,0.8919696286740134,0.9081632653061225,0.8692307692307693,0.8985148514851485,0.8692307692307693,0.8692307692307693,0.13076923076923078,0.0,650,13,0,0.02823756416940155,0.07865655825673575,0.10601806053684325,0.6972860682526674,0.8821788579373513,0.8627467243422464,0.0031387521637707525,0.5092997603586852
0.65,0.2,1.0,0.04,0.72,0.34,0.25,0.8892487046632125,0.8919696286740134,0.9081632653061225,0.8692307692307693,0.8985148514851485,0.8692307692307693,0.8692307692307693,0.13076923076923078,0.0,650,13,0,0.02823756416940155,0.07865655825673575,0.10601806053684325,0.6972860682526674,0.8821788579373513,0.8627467243422464,0.0031387521637707525,0.5092997603586852
0.65,0.2,1.0,0.08,0.72,0.34,0.25,0.8892487046632125,0.8919696286740134,0.9081632653061225,0.8692307692307693,0.8985148514851485,0.8692307692307693,0.8692307692307693,0.13076923076923078,0.0,650,13,0,0.02823756416940155,0.07865655825673575,0.10601806053684325,0.6972860682526674,0.8821788579373513,0.8627467243422464,0.0031387521637707525,0.5092997603586852
0.65,0.2,1.2,0.12,0.72,0.42,0.25,0.8892487046632125,0.8918856519995635,0.90927624872579,0.8692307692307693,0.8971499380421314,0.8692307692307693,0.8692307692307693,0.13076923076923078,0.0,650,13,0,0.028136859086468687,0.07865655825673575,0.10601806053684325,0.6972860682526674,0.8821788579373513,0.8627467243422464,0.0031387521637707525,0.5093837370331351
0.65,0.3,1.2,0.12,0.72,0.42,0.25,0.8892487046632125,0.8918856519995635,0.90927624872579,0.8692307692307693,0.8971499380421314,0.8692307692307693,0.8692307692307693,0.13076923076923078,0.0,650,13,0,0.027713209525588076,0.07865655825673575,0.10601806053684325,0.6972860682526674,0.8821788579373513,0.8627467243422464,0.0031387521637707525,0.5093837370331351
0.65,0.3,1.0,0.04,0.72,0.38,0.25,0.8892487046632125,0.8918856519995635,0.90927624872579,0.8692307692307693,0.8971499380421314,0.8692307692307693,0.8692307692307693,0.13076923076923078,0.0,650,13,0,0.028253791111657395,0.07865655825673575,0.10601806053684325,0.6972860682526674,0.8821788579373513,0.8627467243422464,0.0031387521637707525,0.5093837370331351
0.65,0.1,1.2,0.08,0.72,0.38,0.25,0.8892487046632125,0.8918856519995635,0.90927624872579,0.8692307692307693,0.8971499380421314,0.8692307692307693,0.8692307692307693,0.13076923076923078,0.0,650,13,0,0.0283988481025235,0.07865655825673575,0.10601806053684325,0.6972860682526674,0.8821788579373513,0.8627467243422464,0.0031387521637707525,0.5093837370331351
0.65,0.1,1.2,0.12,0.72,0.38,0.25,0.8892487046632125,0.8918856519995635,0.90927624872579,0.8692307692307693,0.8971499380421314,0.8692307692307693,0.8692307692307693,0.13076923076923078,0.0,650,13,0,0.0283988481025235,0.07865655825673575,0.10601806053684325,0.6972860682526674,0.8821788579373513,0.8627467243422464,0.0031387521637707525,0.5093837370331351
0.65,0.3,1.0,0.12,0.72,0.38,0.25,0.8892487046632125,0.8918856519995635,0.90927624872579,0.8692307692307693,0.8971499380421314,0.8692307692307693,0.8692307692307693,0.13076923076923078,0.0,650,13,0,0.028253791111657395,0.07865655825673575,0.10601806053684325,0.6972860682526674,0.8821788579373513,0.8627467243422464,0.0031387521637707525,0.5093837370331351
0.65,0.3,1.2,0.08,0.72,0.42,0.25,0.8892487046632125,0.8918856519995635,0.90927624872579,0.8692307692307693,0.8971499380421314,0.8692307692307693,0.8692307692307693,0.13076923076923078,0.0,650,13,0,0.027713209525588076,0.07865655825673575,0.10601806053684325,0.6972860682526674,0.8821788579373513,0.8627467243422464,0.0031387521637707525,0.5093837370331351
0.65,0.1,1.2,0.04,0.72,0.38,0.25,0.8892487046632125,0.8918856519995635,0.90927624872579,0.8692307692307693,0.8971499380421314,0.8692307692307693,0.8692307692307693,0.13076923076923078,0.0,650,13,0,0.0283988481025235,0.07865655825673575,0.10601806053684325,0.6972860682526674,0.8821788579373513,0.8627467243422464,0.0031387521637707525,0.5093837370331351
0.65,0.3,1.2,0.04,0.72,0.42,0.25,0.8892487046632125,0.8918856519995635,0.90927624872579,0.8692307692307693,0.8971499380421314,0.8692307692307693,0.8692307692307693,0.13076923076923078,0.0,650,13,0,0.027713209525588076,0.07865655825673575,0.10601806053684325,0.6972860682526674,0.8821788579373513,0.8627467243422464,0.0031387521637707525,0.5093837370331351
0.65,0.2,1.2,0.08,0.72,0.42,0.25,0.8892487046632125,0.8918856519995635,0.90927624872579,0.8692307692307693,0.8971499380421314,0.8692307692307693,0.8692307692307693,0.13076923076923078,0.0,650,13,0,0.028136859086468687,0.07865655825673575,0.10601806053684325,0.6972860682526674,0.8821788579373513,0.8627467243422464,0.0031387521637707525,0.5093837370331351
0.65,0.2,1.2,0.04,0.72,0.42,0.25,0.8892487046632125,0.8918856519995635,0.90927624872579,0.8692307692307693,0.8971499380421314,0.8692307692307693,0.8692307692307693,0.13076923076923078,0.0,650,13,0,0.028136859086468687,0.07865655825673575,0.10601806053684325,0.6972860682526674,0.8821788579373513,0.8627467243422464,0.0031387521637707525,0.5093837370331351
0.65,0.3,1.0,0.08,0.72,0.38,0.25,0.8892487046632125,0.8918856519995635,0.90927624872579,0.8692307692307693,0.8971499380421314,0.8692307692307693,0.8692307692307693,0.13076923076923078,0.0,650,13,0,0.028253791111657395,0.07865655825673575,0.10601806053684325,0.6972860682526674,0.8821788579373513,0.8627467243422464,0.0031387521637707525,0.5093837370331351
0.75,0.2,1.0,0.12,0.6,0.42,0.5,0.8918393782383419,0.8947482405513268,0.9094608341810784,0.8708430007733952,0.9039408866995073,0.8755832037325039,0.8661538461538462,0.13384615384615384,0.0,650,9,0,0.02959305779039532,0.07865655825673575,0.10601806053684325,0.6972860682526674,0.8821788579373513,0.8627467243422464,0.0031387521637707525,0.5103920133677807
0.75,0.2,1.0,0.04,0.6,0.42,0.5,0.8918393782383419,0.8947482405513268,0.9094608341810784,0.8708430007733952,0.9039408866995073,0.8755832037325039,0.8661538461538462,0.13384615384615384,0.0,650,9,0,0.02959305779039532,0.07865655825673575,0.10601806053684325,0.6972860682526674,0.8821788579373513,0.8627467243422464,0.0031387521637707525,0.5103920133677807
0.75,0.2,1.0,0.08,0.6,0.42,0.5,0.8918393782383419,0.8947482405513268,0.9094608341810784,0.8708430007733952,0.9039408866995073,0.8755832037325039,0.8661538461538462,0.13384615384615384,0.0,650,9,0,0.02959305779039532,0.07865655825673575,0.10601806053684325,0.6972860682526674,0.8821788579373513,0.8627467243422464,0.0031387521637707525,0.5103920133677807
0.75,0.1,1.0,0.12,0.72,0.38,0.5,0.8898963730569949,0.8927273050468042,0.90927624872579,0.8690292758089369,0.899876390605686,0.8703703703703703,0.8676923076923077,0.13230769230769232,0.0,650,9,0,0.029744185800006494,0.07865655825673575,0.10601806053684325,0.6972860682526674,0.8821788579373513,0.8627467243422464,0.0031387521637707525,0.5111251848228813
0.75,0.1,1.0,0.04,0.72,0.38,0.5,0.8898963730569949,0.8927273050468042,0.90927624872579,0.8690292758089369,0.899876390605686,0.8703703703703703,0.8676923076923077,0.13230769230769232,0.0,650,9,0,0.029744185800006494,0.07865655825673575,0.10601806053684325,0.6972860682526674,0.8821788579373513,0.8627467243422464,0.0031387521637707525,0.5111251848228813
0.75,0.1,1.0,0.08,0.72,0.38,0.5,0.8898963730569949,0.8927273050468042,0.90927624872579,0.8690292758089369,0.899876390605686,0.8703703703703703,0.8676923076923077,0.13230769230769232,0.0,650,9,0,0.029744185800006494,0.07865655825673575,0.10601806053684325,0.6972860682526674,0.8821788579373513,0.8627467243422464,0.0031387521637707525,0.5111251848228813
0.75,0.2,1.2,0.08,0.72,0.42,0.5,0.8898963730569949,0.8926436975569558,0.9103869653767821,0.8690292758089369,0.8985148514851485,0.8703703703703703,0.8676923076923077,0.13230769230769232,0.0,650,9,0,0.028746903548201735,0.07865655825673575,0.10601806053684325,0.6972860682526674,0.8821788579373513,0.8627467243422464,0.0031387521637707525,0.5112087923127296
0.75,0.2,1.2,0.12,0.72,0.42,0.5,0.8898963730569949,0.8926436975569558,0.9103869653767821,0.8690292758089369,0.8985148514851485,0.8703703703703703,0.8676923076923077,0.13230769230769232,0.0,650,9,0,0.028746903548201735,0.07865655825673575,0.10601806053684325,0.6972860682526674,0.8821788579373513,0.8627467243422464,0.0031387521637707525,0.5112087923127296
0.75,0.2,1.2,0.04,0.72,0.42,0.5,0.8898963730569949,0.8926436975569558,0.9103869653767821,0.8690292758089369,0.8985148514851485,0.8703703703703703,0.8676923076923077,0.13230769230769232,0.0,650,9,0,0.028746903548201735,0.07865655825673575,0.10601806053684325,0.6972860682526674,0.8821788579373513,0.8627467243422464,0.0031387521637707525,0.5112087923127296
0.75,0.2,1.0,0.12,0.66,0.42,0.5,0.8911917098445595,0.8940734151482245,0.9094608341810784,0.8701700154559505,0.9025893958076449,0.8742236024844721,0.8661538461538462,0.13384615384615384,0.0,650,9,0,0.029627557002836875,0.07865655825673575,0.10601806053684325,0.6972860682526674,0.8821788579373513,0.8627467243422464,0.0031387521637707525,0.5117145071646655
0.75,0.2,1.0,0.04,0.66,0.42,0.5,0.8911917098445595,0.8940734151482245,0.9094608341810784,0.8701700154559505,0.9025893958076449,0.8742236024844721,0.8661538461538462,0.13384615384615384,0.0,650,9,0,0.029627557002836875,0.07865655825673575,0.10601806053684325,0.6972860682526674,0.8821788579373513,0.8627467243422464,0.0031387521637707525,0.5117145071646655
0.75,0.2,1.0,0.08,0.66,0.42,0.5,0.8911917098445595,0.8940734151482245,0.9094608341810784,0.8701700154559505,0.9025893958076449,0.8742236024844721,0.8661538461538462,0.13384615384615384,0.0,650,9,0,0.029627557002836875,0.07865655825673575,0.10601806053684325,0.6972860682526674,0.8821788579373513,0.8627467243422464,0.0031387521637707525,0.5117145071646655
0.75,0.2,1.0,0.12,0.72,0.42,0.5,0.8898963730569949,0.8927214617601972,0.9094608341810784,0.8688271604938271,0.899876390605686,0.871517027863777,0.8661538461538462,0.13384615384615384,0.0,650,9,0,0.02964705403282634,0.07865655825673575,0.10601806053684325,0.6972860682526674,0.8821788579373513,0.8627467243422464,0.0031387521637707525,0.5143617973402574
0.75,0.2,1.0,0.08,0.72,0.42,0.5,0.8898963730569949,0.8927214617601972,0.9094608341810784,0.8688271604938271,0.899876390605686,0.871517027863777,0.8661538461538462,0.13384615384615384,0.0,650,9,0,0.02964705403282634,0.07865655825673575,0.10601806053684325,0.6972860682526674,0.8821788579373513,0.8627467243422464,0.0031387521637707525,0.5143617973402574
0.75,0.2,1.0,0.04,0.72,0.42,0.5,0.8898963730569949,0.8927214617601972,0.9094608341810784,0.8688271604938271,0.899876390605686,0.871517027863777,0.8661538461538462,0.13384615384615384,0.0,650,9,0,0.02964705403282634,0.07865655825673575,0.10601806053684325,0.6972860682526674,0.8821788579373513,0.8627467243422464,0.0031387521637707525,0.5143617973402574
0.65,0.2,1.0,0.08,0.6,0.38,0.25,0.8898963730569949,0.8927965570705969,0.9065040650406504,0.8692962103634957,0.9025893958076449,0.8740279937791602,0.8646153846153846,0.13538461538461538,0.0,650,11,0,0.028678969146818202,0.07865655825673575,0.10601806053684325,0.6972860682526674,0.8821788579373513,0.8627467243422464,0.0031387521637707525,0.5175174712606271
0.65,0.2,1.0,0.12,0.6,0.38,0.25,0.8898963730569949,0.8927965570705969,0.9065040650406504,0.8692962103634957,0.9025893958076449,0.8740279937791602,0.8646153846153846,0.13538461538461538,0.0,650,11,0,0.028678969146818202,0.07865655825673575,0.10601806053684325,0.6972860682526674,0.8821788579373513,0.8627467243422464,0.0031387521637707525,0.5175174712606271
0.65,0.2,1.0,0.04,0.6,0.38,0.25,0.8898963730569949,0.8927965570705969,0.9065040650406504,0.8692962103634957,0.9025893958076449,0.8740279937791602,0.8646153846153846,0.13538461538461538,0.0,650,11,0,0.028678969146818202,0.07865655825673575,0.10601806053684325,0.6972860682526674,0.8821788579373513,0.8627467243422464,0.0031387521637707525,0.5175174712606271
0.65,0.2,1.0,0.12,0.66,0.38,0.25,0.8886010362694301,0.8914447078666682,0.9065040650406504,0.8679536679536679,0.899876390605686,0.8713178294573644,0.8646153846153846,0.13538461538461538,0.0,650,11,0,0.028686042894253392,0.07865655825673575,0.10601806053684325,0.6972860682526674,0.8821788579373513,0.8627467243422464,0.0031387521637707525,0.5201646572521206
0.65,0.2,1.0,0.04,0.66,0.38,0.25,0.8886010362694301,0.8914447078666682,0.9065040650406504,0.8679536679536679,0.899876390605686,0.8713178294573644,0.8646153846153846,0.13538461538461538,0.0,650,11,0,0.028686042894253392,0.07865655825673575,0.10601806053684325,0.6972860682526674,0.8821788579373513,0.8627467243422464,0.0031387521637707525,0.5201646572521206
0.65,0.2,1.0,0.08,0.66,0.38,0.25,0.8886010362694301,0.8914447078666682,0.9065040650406504,0.8679536679536679,0.899876390605686,0.8713178294573644,0.8646153846153846,0.13538461538461538,0.0,650,11,0,0.028686042894253392,0.07865655825673575,0.10601806053684325,0.6972860682526674,0.8821788579373513,0.8627467243422464,0.0031387521637707525,0.5201646572521206
0.75,0.1,1.2,0.08,0.6,0.42,0.5,0.8898963730569949,0.8928748872123977,0.9076142131979695,0.868421052631579,0.9025893958076449,0.8738317757009346,0.8630769230769231,0.13692307692307693,0.0,650,9,0,0.02903412385454924,0.07865655825673575,0.10601806053684325,0.6972860682526674,0.8821788579373513,0.8627467243422464,0.0031387521637707525,0.5206699103495954
0.75,0.1,1.2,0.04,0.6,0.42,0.5,0.8898963730569949,0.8928748872123977,0.9076142131979695,0.868421052631579,0.9025893958076449,0.8738317757009346,0.8630769230769231,0.13692307692307693,0.0,650,9,0,0.02903412385454924,0.07865655825673575,0.10601806053684325,0.6972860682526674,0.8821788579373513,0.8627467243422464,0.0031387521637707525,0.5206699103495954
0.75,0.1,1.2,0.12,0.6,0.42,0.5,0.8898963730569949,0.8928748872123977,0.9076142131979695,0.868421052631579,0.9025893958076449,0.8738317757009346,0.8630769230769231,0.13692307692307693,0.0,650,9,0,0.02903412385454924,0.07865655825673575,0.10601806053684325,0.6972860682526674,0.8821788579373513,0.8627467243422464,0.0031387521637707525,0.5206699103495954
0.65,0.2,1.0,0.04,0.72,0.38,0.25,0.8879533678756477,0.8907676223810276,0.9065040650406504,0.8672839506172839,0.8985148514851485,0.8699690402476781,0.8646153846153846,0.13538461538461538,0.0,650,11,0,0.028684971941716916,0.07865655825673575,0.10601806053684325,0.6972860682526674,0.8821788579373513,0.8627467243422464,0.0031387521637707525,0.5214894111315436
0.65,0.2,1.0,0.12,0.72,0.38,0.25,0.8879533678756477,0.8907676223810276,0.9065040650406504,0.8672839506172839,0.8985148514851485,0.8699690402476781,0.8646153846153846,0.13538461538461538,0.0,650,11,0,0.028684971941716916,0.07865655825673575,0.10601806053684325,0.6972860682526674,0.8821788579373513,0.8627467243422464,0.0031387521637707525,0.5214894111315436
0.65,0.2,1.0,0.08,0.72,0.38,0.25,0.8879533678756477,0.8907676223810276,0.9065040650406504,0.8672839506172839,0.8985148514851485,0.8699690402476781,0.8646153846153846,0.13538461538461538,0.0,650,11,0,0.028684971941716916,0.07865655825673575,0.10601806053684325,0.6972860682526674,0.8821788579373513,0.8627467243422464,0.0031387521637707525,0.5214894111315436
0.75,0.1,1.2,0.04,0.66,0.42,0.5,0.8892487046632125,0.8921994003509335,0.9076142131979695,0.8677494199535963,0.9012345679012346,0.8724727838258165,0.8630769230769231,0.13692307692307693,0.0,650,9,0,0.02906430921658702,0.07865655825673575,0.10601806053684325,0.6972860682526674,0.8821788579373513,0.8627467243422464,0.0031387521637707525,0.521993065604842
0.75,0.1,1.2,0.12,0.66,0.42,0.5,0.8892487046632125,0.8921994003509335,0.9076142131979695,0.8677494199535963,0.9012345679012346,0.8724727838258165,0.8630769230769231,0.13692307692307693,0.0,650,9,0,0.02906430921658702,0.07865655825673575,0.10601806053684325,0.6972860682526674,0.8821788579373513,0.8627467243422464,0.0031387521637707525,0.521993065604842
0.75,0.1,1.2,0.08,0.66,0.42,0.5,0.8892487046632125,0.8921994003509335,0.9076142131979695,0.8677494199535963,0.9012345679012346,0.8724727838258165,0.8630769230769231,0.13692307692307693,0.0,650,9,0,0.02906430921658702,0.07865655825673575,0.10601806053684325,0.6972860682526674,0.8821788579373513,0.8627467243422464,0.0031387521637707525,0.521993065604842
0.65,0.3,1.0,0.04,0.6,0.42,0.25,0.8886010362694301,0.8915225814000028,0.9055837563451776,0.8677494199535963,0.9012345679012346,0.8724727838258165,0.8630769230769231,0.13692307692307693,0.0,650,11,0,0.028409895258352733,0.07865655825673575,0.10601806053684325,0.6972860682526674,0.8821788579373513,0.8627467243422464,0.0031387521637707525,0.5233175529495551
0.65,0.3,1.0,0.12,0.6,0.42,0.25,0.8886010362694301,0.8915225814000028,0.9055837563451776,0.8677494199535963,0.9012345679012346,0.8724727838258165,0.8630769230769231,0.13692307692307693,0.0,650,11,0,0.028409895258352733,0.07865655825673575,0.10601806053684325,0.6972860682526674,0.8821788579373513,0.8627467243422464,0.0031387521637707525,0.5233175529495551
0.65,0.3,1.0,0.08,0.6,0.42,0.25,0.8886010362694301,0.8915225814000028,0.9055837563451776,0.8677494199535963,0.9012345679012346,0.8724727838258165,0.8630769230769231,0.13692307692307693,0.0,650,11,0,0.028409895258352733,0.07865655825673575,0.10601806053684325,0.6972860682526674,0.8821788579373513,0.8627467243422464,0.0031387521637707525,0.5233175529495551
0.65,0.3,1.0,0.04,0.66,0.42,0.25,0.8879533678756477,0.8908463240995408,0.9055837563451776,0.8670788253477589,0.899876390605686,0.8711180124223602,0.8630769230769231,0.13692307692307693,0.0,650,11,0,0.028417045411203257,0.07865655825673575,0.10601806053684325,0.6972860682526674,0.8821788579373513,0.8627467243422464,0.0031387521637707525,0.5246414786437995
0.65,0.3,1.0,0.08,0.66,0.42,0.25,0.8879533678756477,0.8908463240995408,0.9055837563451776,0.8670788253477589,0.899876390605686,0.8711180124223602,0.8630769230769231,0.13692307692307693,0.0,650,11,0,0.028417045411203257,0.07865655825673575,0.10601806053684325,0.6972860682526674,0.8821788579373513,0.8627467243422464,0.0031387521637707525,0.5246414786437995
0.65,0.3,1.0,0.12,0.66,0.42,0.25,0.8879533678756477,0.8908463240995408,0.9055837563451776,0.8670788253477589,0.899876390605686,0.8711180124223602,0.8630769230769231,0.13692307692307693,0.0,650,11,0,0.028417045411203257,0.07865655825673575,0.10601806053684325,0.6972860682526674,0.8821788579373513,0.8627467243422464,0.0031387521637707525,0.5246414786437995
0.75,0.1,1.2,0.04,0.72,0.42,0.5,0.8879533678756477,0.8908461103641282,0.9076142131979695,0.8664092664092664,0.8985148514851485,0.8697674418604651,0.8630769230769231,0.13692307692307693,0.0,650,9,0,0.029075606283365807,0.07865655825673575,0.10601806053684325,0.6972860682526674,0.8821788579373513,0.8627467243422464,0.0031387521637707525,0.5246416923792121
0.75,0.1,1.2,0.12,0.72,0.42,0.5,0.8879533678756477,0.8908461103641282,0.9076142131979695,0.8664092664092664,0.8985148514851485,0.8697674418604651,0.8630769230769231,0.13692307692307693,0.0,650,9,0,0.029075606283365807,0.07865655825673575,0.10601806053684325,0.6972860682526674,0.8821788579373513,0.8627467243422464,0.0031387521637707525,0.5246416923792121
0.75,0.1,1.2,0.08,0.72,0.42,0.5,0.8879533678756477,0.8908461103641282,0.9076142131979695,0.8664092664092664,0.8985148514851485,0.8697674418604651,0.8630769230769231,0.13692307692307693,0.0,650,9,0,0.029075606283365807,0.07865655825673575,0.10601806053684325,0.6972860682526674,0.8821788579373513,0.8627467243422464,0.0031387521637707525,0.5246416923792121
0.75,0.3,1.2,0.12,0.66,0.34,0.25,0.8886010362694301,0.8915997497754103,0.9046653144016227,0.8675445391169636,0.9025893958076449,0.8736349453978159,0.8615384615384616,0.13846153846153847,0.0,650,11,0,0.029893123073210896,0.07865655825673575,0.10601806053684325,0.6972860682526674,0.8821788579373513,0.8627467243422464,0.0031387521637707525,0.5264711538049167
0.75,0.3,1.2,0.12,0.6,0.34,0.25,0.8886010362694301,0.8915997497754103,0.9046653144016227,0.8675445391169636,0.9025893958076449,0.8736349453978159,0.8615384615384616,0.13846153846153847,0.0,650,11,0,0.029887254705444333,0.07865655825673575,0.10601806053684325,0.6972860682526674,0.8821788579373513,0.8627467243422464,0.0031387521637707525,0.5264711538049167
0.75,0.3,1.2,0.08,0.6,0.34,0.25,0.8886010362694301,0.8915997497754103,0.9046653144016227,0.8675445391169636,0.9025893958076449,0.8736349453978159,0.8615384615384616,0.13846153846153847,0.0,650,11,0,0.029887254705444333,0.07865655825673575,0.10601806053684325,0.6972860682526674,0.8821788579373513,0.8627467243422464,0.0031387521637707525,0.5264711538049167
0.75,0.3,1.2,0.08,0.66,0.34,0.25,0.8886010362694301,0.8915997497754103,0.9046653144016227,0.8675445391169636,0.9025893958076449,0.8736349453978159,0.8615384615384616,0.13846153846153847,0.0,650,11,0,0.029893123073210896,0.07865655825673575,0.10601806053684325,0.6972860682526674,0.8821788579373513,0.8627467243422464,0.0031387521637707525,0.5264711538049167
0.75,0.3,1.2,0.04,0.6,0.34,0.25,0.8886010362694301,0.8915997497754103,0.9046653144016227,0.8675445391169636,0.9025893958076449,0.8736349453978159,0.8615384615384616,0.13846153846153847,0.0,650,11,0,0.029887254705444333,0.07865655825673575,0.10601806053684325,0.6972860682526674,0.8821788579373513,0.8627467243422464,0.0031387521637707525,0.5264711538049167
0.75,0.3,1.2,0.04,0.66,0.34,0.25,0.8886010362694301,0.8915997497754103,0.9046653144016227,0.8675445391169636,0.9025893958076449,0.8736349453978159,0.8615384615384616,0.13846153846153847,0.0,650,11,0,0.029893123073210896,0.07865655825673575,0.10601806053684325,0.6972860682526674,0.8821788579373513,0.8627467243422464,0.0031387521637707525,0.5264711538049167
0.65,0.3,1.0,0.08,0.72,0.42,0.25,0.8866580310880829,0.8894914783760166,0.9055837563451776,0.8657407407407407,0.8971499380421314,0.868421052631579,0.8630769230769231,0.13692307692307693,0.0,650,11,0,0.028415755746019882,0.07865655825673575,0.10601806053684325,0.6972860682526674,0.8821788579373513,0.8627467243422464,0.0031387521637707525,0.5272916611548885
0.65,0.3,1.0,0.04,0.72,0.42,0.25,0.8866580310880829,0.8894914783760166,0.9055837563451776,0.8657407407407407,0.8971499380421314,0.868421052631579,0.8630769230769231,0.13692307692307693,0.0,650,11,0,0.028415755746019882,0.07865655825673575,0.10601806053684325,0.6972860682526674,0.8821788579373513,0.8627467243422464,0.0031387521637707525,0.5272916611548885
0.65,0.3,1.0,0.12,0.72,0.42,0.25,0.8866580310880829,0.8894914783760166,0.9055837563451776,0.8657407407407407,0.8971499380421314,0.868421052631579,0.8630769230769231,0.13692307692307693,0.0,650,11,0,0.028415755746019882,0.07865655825673575,0.10601806053684325,0.6972860682526674,0.8821788579373513,0.8627467243422464,0.0031387521637707525,0.5272916611548885
0.75,0.1,1.0,0.04,0.6,0.42,0.5,0.8892487046632125,0.8923516617284699,0.9057750759878419,0.8673390224980605,0.9039408866995073,0.8748043818466353,0.86,0.14,0.0,650,9,0,0.029877633711835192,0.07865655825673575,0.10601806053684325,0.6972860682526674,0.8821788579373513,0.8627467243422464,0.0031387521637707525,0.5283023426888441
0.75,0.1,1.0,0.12,0.6,0.42,0.5,0.8892487046632125,0.8923516617284699,0.9057750759878419,0.8673390224980605,0.9039408866995073,0.8748043818466353,0.86,0.14,0.0,650,9,0,0.029877633711835192,0.07865655825673575,0.10601806053684325,0.6972860682526674,0.8821788579373513,0.8627467243422464,0.0031387521637707525,0.5283023426888441
0.75,0.1,1.0,0.08,0.6,0.42,0.5,0.8892487046632125,0.8923516617284699,0.9057750759878419,0.8673390224980605,0.9039408866995073,0.8748043818466353,0.86,0.14,0.0,650,9,0,0.029877633711835192,0.07865655825673575,0.10601806053684325,0.6972860682526674,0.8821788579373513,0.8627467243422464,0.0031387521637707525,0.5283023426888441
0.75,0.3,1.2,0.04,0.72,0.34,0.25,0.8873056994818653,0.8902481115170019,0.9046653144016227,0.8662026295436969,0.899876390605686,0.8709175738724728,0.8615384615384616,0.13846153846153847,0.0,650,11,0,0.02989341842160752,0.07865655825673575,0.10601806053684325,0.6972860682526674,0.8821788579373513,0.8627467243422464,0.0031387521637707525,0.5291181288508899
0.75,0.3,1.2,0.12,0.72,0.34,0.25,0.8873056994818653,0.8902481115170019,0.9046653144016227,0.8662026295436969,0.899876390605686,0.8709175738724728,0.8615384615384616,0.13846153846153847,0.0,650,11,0,0.02989341842160752,0.07865655825673575,0.10601806053684325,0.6972860682526674,0.8821788579373513,0.8627467243422464,0.0031387521637707525,0.5291181288508899
0.75,0.3,1.2,0.08,0.72,0.34,0.25,0.8873056994818653,0.8902481115170019,0.9046653144016227,0.8662026295436969,0.899876390605686,0.8709175738724728,0.8615384615384616,0.13846153846153847,0.0,650,11,0,0.02989341842160752,0.07865655825673575,0.10601806053684325,0.6972860682526674,0.8821788579373513,0.8627467243422464,0.0031387521637707525,0.5291181288508899
0.75,0.1,1.0,0.08,0.66,0.42,0.5,0.8886010362694301,0.8916770461540512,0.9057750759878419,0.8666666666666667,0.9025893958076449,0.8734375,0.86,0.14,0.0,650,9,0,0.029920929799147268,0.07865655825673575,0.10601806053684325,0.6972860682526674,0.8821788579373513,0.8627467243422464,0.0031387521637707525,0.5296246266570452
0.75,0.1,1.0,0.04,0.66,0.42,0.5,0.8886010362694301,0.8916770461540512,0.9057750759878419,0.8666666666666667,0.9025893958076449,0.8734375,0.86,0.14,0.0,650,9,0,0.029920929799147268,0.07865655825673575,0.10601806053684325,0.6972860682526674,0.8821788579373513,0.8627467243422464,0.0031387521637707525,0.5296246266570452
0.75,0.1,1.0,0.12,0.66,0.42,0.5,0.8886010362694301,0.8916770461540512,0.9057750759878419,0.8666666666666667,0.9025893958076449,0.8734375,0.86,0.14,0.0,650,9,0,0.029920929799147268,0.07865655825673575,0.10601806053684325,0.6972860682526674,0.8821788579373513,0.8627467243422464,0.0031387521637707525,0.5296246266570452
0.65,0.1,1.0,0.08,0.6,0.38,0.25,0.8879533678756477,0.8910015986700931,0.9037487335359676,0.8666666666666667,0.9025893958076449,0.8734375,0.86,0.14,0.0,650,11,0,0.029096246090938055,0.07865655825673575,0.10601806053684325,0.6972860682526674,0.8821788579373513,0.8627467243422464,0.0031387521637707525,0.5309477425347857
0.65,0.1,1.0,0.04,0.6,0.38,0.25,0.8879533678756477,0.8910015986700931,0.9037487335359676,0.8666666666666667,0.9025893958076449,0.8734375,0.86,0.14,0.0,650,11,0,0.029096246090938055,0.07865655825673575,0.10601806053684325,0.6972860682526674,0.8821788579373513,0.8627467243422464,0.0031387521637707525,0.5309477425347857
0.75,0.2,1.2,0.04,0.66,0.34,0.25,0.8879533678756477,0.8910015986700931,0.9037487335359676,0.8666666666666667,0.9025893958076449,0.8734375,0.86,0.14,0.0,650,11,0,0.030141632447026587,0.07865655825673575,0.10601806053684325,0.6972860682526674,0.8821788579373513,0.8627467243422464,0.0031387521637707525,0.5309477425347857
0.75,0.2,1.2,0.12,0.66,0.34,0.25,0.8879533678756477,0.8910015986700931,0.9037487335359676,0.8666666666666667,0.9025893958076449,0.8734375,0.86,0.14,0.0,650,11,0,0.030141632447026587,0.07865655825673575,0.10601806053684325,0.6972860682526674,0.8821788579373513,0.8627467243422464,0.0031387521637707525,0.5309477425347857
0.65,0.1,1.0,0.12,0.6,0.38,0.25,0.8879533678756477,0.8910015986700931,0.9037487335359676,0.8666666666666667,0.9025893958076449,0.8734375,0.86,0.14,0.0,650,11,0,0.029096246090938055,0.07865655825673575,0.10601806053684325,0.6972860682526674,0.8821788579373513,0.8627467243422464,0.0031387521637707525,0.5309477425347857
0.75,0.2,1.2,0.12,0.6,0.34,0.25,0.8879533678756477,0.8910015986700931,0.9037487335359676,0.8666666666666667,0.9025893958076449,0.8734375,0.86,0.14,0.0,650,11,0,0.030132130356654793,0.07865655825673575,0.10601806053684325,0.6972860682526674,0.8821788579373513,0.8627467243422464,0.0031387521637707525,0.5309477425347857
0.75,0.2,1.2,0.08,0.6,0.34,0.25,0.8879533678756477,0.8910015986700931,0.9037487335359676,0.8666666666666667,0.9025893958076449,0.8734375,0.86,0.14,0.0,650,11,0,0.030132130356654793,0.07865655825673575,0.10601806053684325,0.6972860682526674,0.8821788579373513,0.8627467243422464,0.0031387521637707525,0.5309477425347857
0.75,0.2,1.2,0.04,0.6,0.34,0.25,0.8879533678756477,0.8910015986700931,0.9037487335359676,0.8666666666666667,0.9025893958076449,0.8734375,0.86,0.14,0.0,650,11,0,0.030132130356654793,0.07865655825673575,0.10601806053684325,0.6972860682526674,0.8821788579373513,0.8627467243422464,0.0031387521637707525,0.5309477425347857
0.75,0.2,1.2,0.08,0.66,0.34,0.25,0.8879533678756477,0.8910015986700931,0.9037487335359676,0.8666666666666667,0.9025893958076449,0.8734375,0.86,0.14,0.0,650,11,0,0.030141632447026587,0.07865655825673575,0.10601806053684325,0.6972860682526674,0.8821788579373513,0.8627467243422464,0.0031387521637707525,0.5309477425347857
0.65,0.1,1.2,0.08,0.6,0.42,0.25,0.8873056994818653,0.8903262179590571,0.9037487335359676,0.8659953524399691,0.9012345679012346,0.8720748829953198,0.86,0.14,0.0,650,11,0,0.028563884489449482,0.07865655825673575,0.10601806053684325,0.6972860682526674,0.8821788579373513,0.8627467243422464,0.0031387521637707525,0.5322707916396041
0.65,0.1,1.2,0.04,0.6,0.42,0.25,0.8873056994818653,0.8903262179590571,0.9037487335359676,0.8659953524399691,0.9012345679012346,0.8720748829953198,0.86,0.14,0.0,650,11,0,0.028563884489449482,0.07865655825673575,0.10601806053684325,0.6972860682526674,0.8821788579373513,0.8627467243422464,0.0031387521637707525,0.5322707916396041
0.65,0.1,1.2,0.12,0.6,0.42,0.25,0.8873056994818653,0.8903262179590571,0.9037487335359676,0.8659953524399691,0.9012345679012346,0.8720748829953198,0.86,0.14,0.0,650,11,0,0.028563884489449482,0.07865655825673575,0.10601806053684325,0.6972860682526674,0.8821788579373513,0.8627467243422464,0.0031387521637707525,0.5322707916396041
0.75,0.1,1.0,0.08,0.72,0.42,0.5,0.8873056994818653,0.8903255146643029,0.9057750759878419,0.8653250773993808,0.899876390605686,0.8707165109034268,0.86,0.14,0.0,650,9,0,0.029947087835428113,0.07865655825673575,0.10601806053684325,0.6972860682526674,0.8821788579373513,0.8627467243422464,0.0031387521637707525,0.5322714949343583
0.75,0.1,1.0,0.04,0.72,0.42,0.5,0.8873056994818653,0.8903255146643029,0.9057750759878419,0.8653250773993808,0.899876390605686,0.8707165109034268,0.86,0.14,0.0,650,9,0,0.029947087835428113,0.07865655825673575,0.10601806053684325,0.6972860682526674,0.8821788579373513,0.8627467243422464,0.0031387521637707525,0.5322714949343583
0.75,0.1,1.0,0.12,0.72,0.42,0.5,0.8873056994818653,0.8903255146643029,0.9057750759878419,0.8653250773993808,0.899876390605686,0.8707165109034268,0.86,0.14,0.0,650,9,0,0.029947087835428113,0.07865655825673575,0.10601806053684325,0.6972860682526674,0.8821788579373513,0.8627467243422464,0.0031387521637707525,0.5322714949343583
0.75,0.3,1.0,0.12,0.6,0.34,0.25,0.8886010362694301,0.891593881391001,0.901010101010101,0.8684824902723736,0.9052890528905289,0.878740157480315,0.8584615384615385,0.14153846153846153,0.0,650,12,0,0.03065705747966223,0.07865655825673575,0.10601806053684325,0.6972860682526674,0.8821788579373513,0.8627467243422464,0.0031387521637707525,0.5329385606508645
0.75,0.3,1.0,0.08,0.6,0.34,0.25,0.8886010362694301,0.891593881391001,0.901010101010101,0.8684824902723736,0.9052890528905289,0.878740157480315,0.8584615384615385,0.14153846153846153,0.0,650,12,0,0.03065705747966223,0.07865655825673575,0.10601806053684325,0.6972860682526674,0.8821788579373513,0.8627467243422464,0.0031387521637707525,0.5329385606508645
0.75,0.3,1.0,0.04,0.6,0.34,0.25,0.8886010362694301,0.891593881391001,0.901010101010101,0.8684824902723736,0.9052890528905289,0.878740157480315,0.8584615384615385,0.14153846153846153,0.0,650,12,0,0.03065705747966223,0.07865655825673575,0.10601806053684325,0.6972860682526674,0.8821788579373513,0.8627467243422464,0.0031387521637707525,0.5329385606508645
0.65,0.1,1.0,0.12,0.66,0.38,0.25,0.8866580310880829,0.8896500671803448,0.9037487335359676,0.8653250773993808,0.899876390605686,0.8707165109034268,0.86,0.14,0.0,650,11,0,0.02911029432353535,0.07865655825673575,0.10601806053684325,0.6972860682526674,0.8821788579373513,0.8627467243422464,0.0031387521637707525,0.5335946108120988
0.65,0.1,1.0,0.08,0.66,0.38,0.25,0.8866580310880829,0.8896500671803448,0.9037487335359676,0.8653250773993808,0.899876390605686,0.8707165109034268,0.86,0.14,0.0,650,11,0,0.02911029432353535,0.07865655825673575,0.10601806053684325,0.6972860682526674,0.8821788579373513,0.8627467243422464,0.0031387521637707525,0.5335946108120988
0.65,0.1,1.0,0.04,0.66,0.38,0.25,0.8866580310880829,0.8896500671803448,0.9037487335359676,0.8653250773993808,0.899876390605686,0.8707165109034268,0.86,0.14,0.0,650,11,0,0.02911029432353535,0.07865655825673575,0.10601806053684325,0.6972860682526674,0.8821788579373513,0.8627467243422464,0.0031387521637707525,0.5335946108120988
0.75,0.2,1.2,0.12,0.72,0.34,0.25,0.8866580310880829,0.8896500671803448,0.9037487335359676,0.8653250773993808,0.899876390605686,0.8707165109034268,0.86,0.14,0.0,650,11,0,0.03014510297900807,0.07865655825673575,0.10601806053684325,0.6972860682526674,0.8821788579373513,0.8627467243422464,0.0031387521637707525,0.5335946108120988
0.75,0.2,1.2,0.08,0.72,0.34,0.25,0.8866580310880829,0.8896500671803448,0.9037487335359676,0.8653250773993808,0.899876390605686,0.8707165109034268,0.86,0.14,0.0,650,11,0,0.03014510297900807,0.07865655825673575,0.10601806053684325,0.6972860682526674,0.8821788579373513,0.8627467243422464,0.0031387521637707525,0.5335946108120988
0.75,0.2,1.2,0.04,0.72,0.34,0.25,0.8866580310880829,0.8896500671803448,0.9037487335359676,0.8653250773993808,0.899876390605686,0.8707165109034268,0.86,0.14,0.0,650,11,0,0.03014510297900807,0.07865655825673575,0.10601806053684325,0.6972860682526674,0.8821788579373513,0.8627467243422464,0.0031387521637707525,0.5335946108120988
0.65,0.1,1.0,0.12,0.72,0.38,0.25,0.8860103626943006,0.8889731413849712,0.9037487335359676,0.8646558391337974,0.8985148514851485,0.8693623639191291,0.86,0.14,0.0,650,11,0,0.02910910804929239,0.07865655825673575,0.10601806053684325,0.6972860682526674,0.8821788579373513,0.8627467243422464,0.0031387521637707525,0.5349192050012548
0.65,0.1,1.2,0.12,0.66,0.42,0.25,0.8860103626943006,0.8889731413849712,0.9037487335359676,0.8646558391337974,0.8985148514851485,0.8693623639191291,0.86,0.14,0.0,650,11,0,0.028572771586257945,0.07865655825673575,0.10601806053684325,0.6972860682526674,0.8821788579373513,0.8627467243422464,0.0031387521637707525,0.5349192050012548
0.65,0.1,1.2,0.08,0.66,0.42,0.25,0.8860103626943006,0.8889731413849712,0.9037487335359676,0.8646558391337974,0.8985148514851485,0.8693623639191291,0.86,0.14,0.0,650,11,0,0.028572771586257945,0.07865655825673575,0.10601806053684325,0.6972860682526674,0.8821788579373513,0.8627467243422464,0.0031387521637707525,0.5349192050012548
0.65,0.1,1.0,0.04,0.72,0.38,0.25,0.8860103626943006,0.8889731413849712,0.9037487335359676,0.8646558391337974,0.8985148514851485,0.8693623639191291,0.86,0.14,0.0,650,11,0,0.02910910804929239,0.07865655825673575,0.10601806053684325,0.6972860682526674,0.8821788579373513,0.8627467243422464,0.0031387521637707525,0.5349192050012548
0.65,0.1,1.2,0.04,0.66,0.42,0.25,0.8860103626943006,0.8889731413849712,0.9037487335359676,0.8646558391337974,0.8985148514851485,0.8693623639191291,0.86,0.14,0.0,650,11,0,0.028572771586257945,0.07865655825673575,0.10601806053684325,0.6972860682526674,0.8821788579373513,0.8627467243422464,0.0031387521637707525,0.5349192050012548
0.65,0.1,1.0,0.08,0.72,0.38,0.25,0.8860103626943006,0.8889731413849712,0.9037487335359676,0.8646558391337974,0.8985148514851485,0.8693623639191291,0.86,0.14,0.0,650,11,0,0.02910910804929239,0.07865655825673575,0.10601806053684325,0.6972860682526674,0.8821788579373513,0.8627467243422464,0.0031387521637707525,0.5349192050012548
0.75,0.3,1.0,0.12,0.72,0.34,0.25,0.8873056994818653,0.8902441213168709,0.901010101010101,0.8671328671328671,0.9025893958076449,0.8759811616954474,0.8584615384615385,0.14153846153846153,0.0,650,11,0,0.03067307070845376,0.07865655825673575,0.10601806053684325,0.6972860682526674,0.8821788579373513,0.8627467243422464,0.0031387521637707525,0.5355836575125594
0.75,0.3,1.0,0.04,0.66,0.34,0.25,0.8873056994818653,0.8902441213168709,0.901010101010101,0.8671328671328671,0.9025893958076449,0.8759811616954474,0.8584615384615385,0.14153846153846153,0.0,650,11,0,0.030666169721488327,0.07865655825673575,0.10601806053684325,0.6972860682526674,0.8821788579373513,0.8627467243422464,0.0031387521637707525,0.5355836575125594
0.75,0.3,1.0,0.04,0.72,0.34,0.25,0.8873056994818653,0.8902441213168709,0.901010101010101,0.8671328671328671,0.9025893958076449,0.8759811616954474,0.8584615384615385,0.14153846153846153,0.0,650,11,0,0.03067307070845376,0.07865655825673575,0.10601806053684325,0.6972860682526674,0.8821788579373513,0.8627467243422464,0.0031387521637707525,0.5355836575125594
0.75,0.3,1.0,0.08,0.72,0.34,0.25,0.8873056994818653,0.8902441213168709,0.901010101010101,0.8671328671328671,0.9025893958076449,0.8759811616954474,0.8584615384615385,0.14153846153846153,0.0,650,11,0,0.03067307070845376,0.07865655825673575,0.10601806053684325,0.6972860682526674,0.8821788579373513,0.8627467243422464,0.0031387521637707525,0.5355836575125594
0.75,0.3,1.0,0.08,0.66,0.34,0.25,0.8873056994818653,0.8902441213168709,0.901010101010101,0.8671328671328671,0.9025893958076449,0.8759811616954474,0.8584615384615385,0.14153846153846153,0.0,650,11,0,0.030666169721488327,0.07865655825673575,0.10601806053684325,0.6972860682526674,0.8821788579373513,0.8627467243422464,0.0031387521637707525,0.5355836575125594
0.75,0.3,1.0,0.12,0.66,0.34,0.25,0.8873056994818653,0.8902441213168709,0.901010101010101,0.8671328671328671,0.9025893958076449,0.8759811616954474,0.8584615384615385,0.14153846153846153,0.0,650,11,0,0.030666169721488327,0.07865655825673575,0.10601806053684325,0.6972860682526674,0.8821788579373513,0.8627467243422464,0.0031387521637707525,0.5355836575125594
0.65,0.1,1.2,0.04,0.72,0.42,0.25,0.8853626943005182,0.8882954356058886,0.9037487335359676,0.8639876352395672,0.8971499380421314,0.8680124223602484,0.86,0.14,0.0,650,11,0,0.028573153375577465,0.07865655825673575,0.10601806053684325,0.6972860682526674,0.8821788579373513,0.8627467243422464,0.0031387521637707525,0.5362445791741197
0.65,0.1,1.2,0.08,0.72,0.42,0.25,0.8853626943005182,0.8882954356058886,0.9037487335359676,0.8639876352395672,0.8971499380421314,0.8680124223602484,0.86,0.14,0.0,650,11,0,0.028573153375577465,0.07865655825673575,0.10601806053684325,0.6972860682526674,0.8821788579373513,0.8627467243422464,0.0031387521637707525,0.5362445791741197
0.65,0.1,1.2,0.12,0.72,0.42,0.25,0.8853626943005182,0.8882954356058886,0.9037487335359676,0.8639876352395672,0.8971499380421314,0.8680124223602484,0.86,0.14,0.0,650,11,0,0.028573153375577465,0.07865655825673575,0.10601806053684325,0.6972860682526674,0.8821788579373513,0.8627467243422464,0.0031387521637707525,0.5362445791741197
0.75,0.1,1.2,0.08,0.6,0.34,0.25,0.8873056994818653,0.8904802949118,0.9019211324570273,0.8655788655788655,0.9039408866995073,0.8744113029827315,0.8569230769230769,0.14307692307692307,0.0,650,11,0,0.030378105238165514,0.07865655825673575,0.10601806053684325,0.6972860682526674,0.8821788579373513,0.8627467243422464,0.0031387521637707525,0.5385782531483996
0.75,0.1,1.2,0.12,0.6,0.34,0.25,0.8873056994818653,0.8904802949118,0.9019211324570273,0.8655788655788655,0.9039408866995073,0.8744113029827315,0.8569230769230769,0.14307692307692307,0.0,650,11,0,0.030378105238165514,0.07865655825673575,0.10601806053684325,0.6972860682526674,0.8821788579373513,0.8627467243422464,0.0031387521637707525,0.5385782531483996
0.75,0.1,1.2,0.04,0.6,0.34,0.25,0.8873056994818653,0.8904802949118,0.9019211324570273,0.8655788655788655,0.9039408866995073,0.8744113029827315,0.8569230769230769,0.14307692307692307,0.0,650,11,0,0.030378105238165514,0.07865655825673575,0.10601806053684325,0.6972860682526674,0.8821788579373513,0.8627467243422464,0.0031387521637707525,0.5385782531483996
0.75,0.1,1.2,0.04,0.6,0.38,0.25,0.8873056994818653,0.8904009772406832,0.901010101010101,0.8662519440124417,0.9039408866995073,0.8757861635220126,0.8569230769230769,0.14307692307692307,0.0,650,11,0,0.030694541661947235,0.07865655825673575,0.10601806053684325,0.6972860682526674,0.8821788579373513,0.8627467243422464,0.0031387521637707525,0.5386575708195164
0.75,0.1,1.2,0.08,0.6,0.38,0.25,0.8873056994818653,0.8904009772406832,0.901010101010101,0.8662519440124417,0.9039408866995073,0.8757861635220126,0.8569230769230769,0.14307692307692307,0.0,650,11,0,0.030694541661947235,0.07865655825673575,0.10601806053684325,0.6972860682526674,0.8821788579373513,0.8627467243422464,0.0031387521637707525,0.5386575708195164
0.75,0.1,1.2,0.12,0.6,0.38,0.25,0.8873056994818653,0.8904009772406832,0.901010101010101,0.8662519440124417,0.9039408866995073,0.8757861635220126,0.8569230769230769,0.14307692307692307,0.0,650,11,0,0.030694541661947235,0.07865655825673575,0.10601806053684325,0.6972860682526674,0.8821788579373513,0.8627467243422464,0.0031387521637707525,0.5386575708195164
0.75,0.1,1.2,0.12,0.66,0.34,0.25,0.8866580310880829,0.8898057868542696,0.9019211324570273,0.8649068322981367,0.9025893958076449,0.8730407523510971,0.8569230769230769,0.14307692307692307,0.0,650,11,0,0.030391013050795036,0.07865655825673575,0.10601806053684325,0.6972860682526674,0.8821788579373513,0.8627467243422464,0.0031387521637707525,0.5399004295997124
0.75,0.3,1.2,0.12,0.6,0.38,0.25,0.8866580310880829,0.8898057868542696,0.9019211324570273,0.8649068322981367,0.9025893958076449,0.8730407523510971,0.8569230769230769,0.14307692307692307,0.0,650,11,0,0.030138973894126817,0.07865655825673575,0.10601806053684325,0.6972860682526674,0.8821788579373513,0.8627467243422464,0.0031387521637707525,0.5399004295997124
0.65,0.2,1.0,0.08,0.6,0.42,0.25,0.8866580310880829,0.8898057868542696,0.9019211324570273,0.8649068322981367,0.9025893958076449,0.8730407523510971,0.8569230769230769,0.14307692307692307,0.0,650,11,0,0.028843565164762445,0.07865655825673575,0.10601806053684325,0.6972860682526674,0.8821788579373513,0.8627467243422464,0.0031387521637707525,0.5399004295997124
0.75,0.2,1.2,0.08,0.6,0.38,0.25,0.8866580310880829,0.8898057868542696,0.9019211324570273,0.8649068322981367,0.9025893958076449,0.8730407523510971,0.8569230769230769,0.14307692307692307,0.0,650,11,0,0.03042000568115631,0.07865655825673575,0.10601806053684325,0.6972860682526674,0.8821788579373513,0.8627467243422464,0.0031387521637707525,0.5399004295997124
0.75,0.2,1.2,0.04,0.6,0.38,0.25,0.8866580310880829,0.8898057868542696,0.9019211324570273,0.8649068322981367,0.9025893958076449,0.8730407523510971,0.8569230769230769,0.14307692307692307,0.0,650,11,0,0.03042000568115631,0.07865655825673575,0.10601806053684325,0.6972860682526674,0.8821788579373513,0.8627467243422464,0.0031387521637707525,0.5399004295997124
0.75,0.2,1.2,0.04,0.66,0.38,0.25,0.8866580310880829,0.8898057868542696,0.9019211324570273,0.8649068322981367,0.9025893958076449,0.8730407523510971,0.8569230769230769,0.14307692307692307,0.0,650,11,0,0.030432098637761567,0.07865655825673575,0.10601806053684325,0.6972860682526674,0.8821788579373513,0.8627467243422464,0.0031387521637707525,0.5399004295997124
0.75,0.2,1.2,0.12,0.6,0.38,0.25,0.8866580310880829,0.8898057868542696,0.9019211324570273,0.8649068322981367,0.9025893958076449,0.8730407523510971,0.8569230769230769,0.14307692307692307,0.0,650,11,0,0.03042000568115631,0.07865655825673575,0.10601806053684325,0.6972860682526674,0.8821788579373513,0.8627467243422464,0.0031387521637707525,0.5399004295997124
0.65,0.2,1.0,0.04,0.6,0.42,0.25,0.8866580310880829,0.8898057868542696,0.9019211324570273,0.8649068322981367,0.9025893958076449,0.8730407523510971,0.8569230769230769,0.14307692307692307,0.0,650,11,0,0.028843565164762445,0.07865655825673575,0.10601806053684325,0.6972860682526674,0.8821788579373513,0.8627467243422464,0.0031387521637707525,0.5399004295997124
0.75,0.2,1.2,0.08,0.66,0.38,0.25,0.8866580310880829,0.8898057868542696,0.9019211324570273,0.8649068322981367,0.9025893958076449,0.8730407523510971,0.8569230769230769,0.14307692307692307,0.0,650,11,0,0.030432098637761567,0.07865655825673575,0.10601806053684325,0.6972860682526674,0.8821788579373513,0.8627467243422464,0.0031387521637707525,0.5399004295997124
0.75,0.3,1.2,0.12,0.66,0.38,0.25,0.8866580310880829,0.8898057868542696,0.9019211324570273,0.8649068322981367,0.9025893958076449,0.8730407523510971,0.8569230769230769,0.14307692307692307,0.0,650,11,0,0.030147037713524498,0.07865655825673575,0.10601806053684325,0.6972860682526674,0.8821788579373513,0.8627467243422464,0.0031387521637707525,0.5399004295997124
0.75,0.3,1.2,0.04,0.6,0.38,0.25,0.8866580310880829,0.8898057868542696,0.9019211324570273,0.8649068322981367,0.9025893958076449,0.8730407523510971,0.8569230769230769,0.14307692307692307,0.0,650,11,0,0.030138973894126817,0.07865655825673575,0.10601806053684325,0.6972860682526674,0.8821788579373513,0.8627467243422464,0.0031387521637707525,0.5399004295997124
0.65,0.2,1.0,0.12,0.6,0.42,0.25,0.8866580310880829,0.8898057868542696,0.9019211324570273,0.8649068322981367,0.9025893958076449,0.8730407523510971,0.8569230769230769,0.14307692307692307,0.0,650,11,0,0.028843565164762445,0.07865655825673575,0.10601806053684325,0.6972860682526674,0.8821788579373513,0.8627467243422464,0.0031387521637707525,0.5399004295997124
0.75,0.1,1.2,0.08,0.66,0.34,0.25,0.8866580310880829,0.8898057868542696,0.9019211324570273,0.8649068322981367,0.9025893958076449,0.8730407523510971,0.8569230769230769,0.14307692307692307,0.0,650,11,0,0.030391013050795036,0.07865655825673575,0.10601806053684325,0.6972860682526674,0.8821788579373513,0.8627467243422464,0.0031387521637707525,0.5399004295997124
0.75,0.3,1.2,0.04,0.66,0.38,0.25,0.8866580310880829,0.8898057868542696,0.9019211324570273,0.8649068322981367,0.9025893958076449,0.8730407523510971,0.8569230769230769,0.14307692307692307,0.0,650,11,0,0.030147037713524498,0.07865655825673575,0.10601806053684325,0.6972860682526674,0.8821788579373513,0.8627467243422464,0.0031387521637707525,0.5399004295997124
0.75,0.3,1.2,0.08,0.6,0.38,0.25,0.8866580310880829,0.8898057868542696,0.9019211324570273,0.8649068322981367,0.9025893958076449,0.8730407523510971,0.8569230769230769,0.14307692307692307,0.0,650,11,0,0.030138973894126817,0.07865655825673575,0.10601806053684325,0.6972860682526674,0.8821788579373513,0.8627467243422464,0.0031387521637707525,0.5399004295997124
0.75,0.2,1.2,0.12,0.66,0.38,0.25,0.8866580310880829,0.8898057868542696,0.9019211324570273,0.8649068322981367,0.9025893958076449,0.8730407523510971,0.8569230769230769,0.14307692307692307,0.0,650,11,0,0.030432098637761567,0.07865655825673575,0.10601806053684325,0.6972860682526674,0.8821788579373513,0.8627467243422464,0.0031387521637707525,0.5399004295997124
0.75,0.3,1.2,0.08,0.66,0.38,0.25,0.8866580310880829,0.8898057868542696,0.9019211324570273,0.8649068322981367,0.9025893958076449,0.8730407523510971,0.8569230769230769,0.14307692307692307,0.0,650,11,0,0.030147037713524498,0.07865655825673575,0.10601806053684325,0.6972860682526674,0.8821788579373513,0.8627467243422464,0.0031387521637707525,0.5399004295997124
0.75,0.1,1.2,0.04,0.66,0.34,0.25,0.8866580310880829,0.8898057868542696,0.9019211324570273,0.8649068322981367,0.9025893958076449,0.8730407523510971,0.8569230769230769,0.14307692307692307,0.0,650,11,0,0.030391013050795036,0.07865655825673575,0.10601806053684325,0.6972860682526674,0.8821788579373513,0.8627467243422464,0.0031387521637707525,0.5399004295997124
0.75,0.3,1.2,0.04,0.6,0.42,0.25,0.8866580310880829,0.8897261207988705,0.901010101010101,0.8655788655788655,0.9025893958076449,0.8744113029827315,0.8569230769230769,0.14307692307692307,0.0,650,11,0,0.030221830169210002,0.07865655825673575,0.10601806053684325,0.6972860682526674,0.8821788579373513,0.8627467243422464,0.0031387521637707525,0.5399800956551115
0.75,0.1,1.2,0.08,0.66,0.38,0.25,0.8866580310880829,0.8897261207988705,0.901010101010101,0.8655788655788655,0.9025893958076449,0.8744113029827315,0.8569230769230769,0.14307692307692307,0.0,650,11,0,0.030710403161339158,0.07865655825673575,0.10601806053684325,0.6972860682526674,0.8821788579373513,0.8627467243422464,0.0031387521637707525,0.5399800956551115
0.65,0.1,1.0,0.04,0.6,0.42,0.25,0.8866580310880829,0.8897261207988705,0.901010101010101,0.8655788655788655,0.9025893958076449,0.8744113029827315,0.8569230769230769,0.14307692307692307,0.0,650,11,0,0.029266519809731103,0.07865655825673575,0.10601806053684325,0.6972860682526674,0.8821788579373513,0.8627467243422464,0.0031387521637707525,0.5399800956551115
0.75,0.3,1.2,0.08,0.66,0.42,0.25,0.8866580310880829,0.8897261207988705,0.901010101010101,0.8655788655788655,0.9025893958076449,0.8744113029827315,0.8569230769230769,0.14307692307692307,0.0,650,11,0,0.030230352156239863,0.07865655825673575,0.10601806053684325,0.6972860682526674,0.8821788579373513,0.8627467243422464,0.0031387521637707525,0.5399800956551115
0.65,0.1,1.0,0.08,0.6,0.42,0.25,0.8866580310880829,0.8897261207988705,0.901010101010101,0.8655788655788655,0.9025893958076449,0.8744113029827315,0.8569230769230769,0.14307692307692307,0.0,650,11,0,0.029266519809731103,0.07865655825673575,0.10601806053684325,0.6972860682526674,0.8821788579373513,0.8627467243422464,0.0031387521637707525,0.5399800956551115
0.75,0.3,1.2,0.04,0.66,0.42,0.25,0.8866580310880829,0.8897261207988705,0.901010101010101,0.8655788655788655,0.9025893958076449,0.8744113029827315,0.8569230769230769,0.14307692307692307,0.0,650,11,0,0.030230352156239863,0.07865655825673575,0.10601806053684325,0.6972860682526674,0.8821788579373513,0.8627467243422464,0.0031387521637707525,0.5399800956551115
0.75,0.3,1.2,0.08,0.6,0.42,0.25,0.8866580310880829,0.8897261207988705,0.901010101010101,0.8655788655788655,0.9025893958076449,0.8744113029827315,0.8569230769230769,0.14307692307692307,0.0,650,11,0,0.030221830169210002,0.07865655825673575,0.10601806053684325,0.6972860682526674,0.8821788579373513,0.8627467243422464,0.0031387521637707525,0.5399800956551115
0.75,0.1,1.2,0.04,0.66,0.38,0.25,0.8866580310880829,0.8897261207988705,0.901010101010101,0.8655788655788655,0.9025893958076449,0.8744113029827315,0.8569230769230769,0.14307692307692307,0.0,650,11,0,0.030710403161339158,0.07865655825673575,0.10601806053684325,0.6972860682526674,0.8821788579373513,0.8627467243422464,0.0031387521637707525,0.5399800956551115
0.75,0.3,1.2,0.12,0.66,0.42,0.25,0.8866580310880829,0.8897261207988705,0.901010101010101,0.8655788655788655,0.9025893958076449,0.8744113029827315,0.8569230769230769,0.14307692307692307,0.0,650,11,0,0.030230352156239863,0.07865655825673575,0.10601806053684325,0.6972860682526674,0.8821788579373513,0.8627467243422464,0.0031387521637707525,0.5399800956551115
0.75,0.3,1.2,0.12,0.6,0.42,0.25,0.8866580310880829,0.8897261207988705,0.901010101010101,0.8655788655788655,0.9025893958076449,0.8744113029827315,0.8569230769230769,0.14307692307692307,0.0,650,11,0,0.030221830169210002,0.07865655825673575,0.10601806053684325,0.6972860682526674,0.8821788579373513,0.8627467243422464,0.0031387521637707525,0.5399800956551115
0.65,0.1,1.0,0.12,0.6,0.42,0.25,0.8866580310880829,0.8897261207988705,0.901010101010101,0.8655788655788655,0.9025893958076449,0.8744113029827315,0.8569230769230769,0.14307692307692307,0.0,650,11,0,0.029266519809731103,0.07865655825673575,0.10601806053684325,0.6972860682526674,0.8821788579373513,0.8627467243422464,0.0031387521637707525,0.5399800956551115
0.75,0.1,1.2,0.12,0.66,0.38,0.25,0.8866580310880829,0.8897261207988705,0.901010101010101,0.8655788655788655,0.9025893958076449,0.8744113029827315,0.8569230769230769,0.14307692307692307,0.0,650,11,0,0.030710403161339158,0.07865655825673575,0.10601806053684325,0.6972860682526674,0.8821788579373513,0.8627467243422464,0.0031387521637707525,0.5399800956551115
0.75,0.1,1.2,0.12,0.72,0.34,0.25,0.8860103626943006,0.8891305140320144,0.9019211324570273,0.8642358417377812,0.9012345679012346,0.8716744913928013,0.8569230769230769,0.14307692307692307,0.0,650,11,0,0.030397485497890613,0.07865655825673575,0.10601806053684325,0.6972860682526674,0.8821788579373513,0.8627467243422464,0.0031387521637707525,0.54122337081575
0.75,0.1,1.2,0.08,0.72,0.34,0.25,0.8860103626943006,0.8891305140320144,0.9019211324570273,0.8642358417377812,0.9012345679012346,0.8716744913928013,0.8569230769230769,0.14307692307692307,0.0,650,11,0,0.030397485497890613,0.07865655825673575,0.10601806053684325,0.6972860682526674,0.8821788579373513,0.8627467243422464,0.0031387521637707525,0.54122337081575
0.75,0.1,1.2,0.04,0.72,0.34,0.25,0.8860103626943006,0.8891305140320144,0.9019211324570273,0.8642358417377812,0.9012345679012346,0.8716744913928013,0.8569230769230769,0.14307692307692307,0.0,650,11,0,0.030397485497890613,0.07865655825673575,0.10601806053684325,0.6972860682526674,0.8821788579373513,0.8627467243422464,0.0031387521637707525,0.54122337081575
0.75,0.1,1.2,0.12,0.72,0.38,0.25,0.8860103626943006,0.8890505004031574,0.901010101010101,0.8649068322981367,0.9012345679012346,0.8730407523510971,0.8569230769230769,0.14307692307692307,0.0,650,11,0,0.030717649484438392,0.07865655825673575,0.10601806053684325,0.6972860682526674,0.8821788579373513,0.8627467243422464,0.0031387521637707525,0.541303384444607
0.75,0.1,1.2,0.08,0.72,0.38,0.25,0.8860103626943006,0.8890505004031574,0.901010101010101,0.8649068322981367,0.9012345679012346,0.8730407523510971,0.8569230769230769,0.14307692307692307,0.0,650,11,0,0.030717649484438392,0.07865655825673575,0.10601806053684325,0.6972860682526674,0.8821788579373513,0.8627467243422464,0.0031387521637707525,0.541303384444607
0.75,0.1,1.2,0.04,0.72,0.38,0.25,0.8860103626943006,0.8890505004031574,0.901010101010101,0.8649068322981367,0.9012345679012346,0.8730407523510971,0.8569230769230769,0.14307692307692307,0.0,650,11,0,0.030717649484438392,0.07865655825673575,0.10601806053684325,0.6972860682526674,0.8821788579373513,0.8627467243422464,0.0031387521637707525,0.541303384444607
0.75,0.2,1.0,0.12,0.6,0.34,0.25,0.8873056994818653,0.8904004098309155,0.8991935483870968,0.8667186282151208,0.9052890528905289,0.8783570300157978,0.8553846153846154,0.14461538461538462,0.0,650,12,0,0.030891767597824023,0.07865655825673575,0.10601806053684325,0.6972860682526674,0.8821788579373513,0.8627467243422464,0.0031387521637707525,0.5418889074600532
0.75,0.1,1.0,0.12,0.6,0.34,0.25,0.8873056994818653,0.8904004098309155,0.8991935483870968,0.8667186282151208,0.9052890528905289,0.8783570300157978,0.8553846153846154,0.14461538461538462,0.0,650,12,0,0.03112624015038475,0.07865655825673575,0.10601806053684325,0.6972860682526674,0.8821788579373513,0.8627467243422464,0.0031387521637707525,0.5418889074600532
0.75,0.1,1.0,0.08,0.6,0.34,0.25,0.8873056994818653,0.8904004098309155,0.8991935483870968,0.8667186282151208,0.9052890528905289,0.8783570300157978,0.8553846153846154,0.14461538461538462,0.0,650,12,0,0.03112624015038475,0.07865655825673575,0.10601806053684325,0.6972860682526674,0.8821788579373513,0.8627467243422464,0.0031387521637707525,0.5418889074600532
0.75,0.1,1.0,0.04,0.6,0.34,0.25,0.8873056994818653,0.8904004098309155,0.8991935483870968,0.8667186282151208,0.9052890528905289,0.8783570300157978,0.8553846153846154,0.14461538461538462,0.0,650,12,0,0.03112624015038475,0.07865655825673575,0.10601806053684325,0.6972860682526674,0.8821788579373513,0.8627467243422464,0.0031387521637707525,0.5418889074600532
0.75,0.2,1.0,0.04,0.6,0.34,0.25,0.8873056994818653,0.8904004098309155,0.8991935483870968,0.8667186282151208,0.9052890528905289,0.8783570300157978,0.8553846153846154,0.14461538461538462,0.0,650,12,0,0.030891767597824023,0.07865655825673575,0.10601806053684325,0.6972860682526674,0.8821788579373513,0.8627467243422464,0.0031387521637707525,0.5418889074600532
0.75,0.2,1.0,0.08,0.6,0.34,0.25,0.8873056994818653,0.8904004098309155,0.8991935483870968,0.8667186282151208,0.9052890528905289,0.8783570300157978,0.8553846153846154,0.14461538461538462,0.0,650,12,0,0.030891767597824023,0.07865655825673575,0.10601806053684325,0.6972860682526674,0.8821788579373513,0.8627467243422464,0.0031387521637707525,0.5418889074600532
0.75,0.3,1.0,0.12,0.6,0.38,0.25,0.8873056994818653,0.8903239215970501,0.8982880161127895,0.8673946957878315,0.9052890528905289,0.879746835443038,0.8553846153846154,0.14461538461538462,0.0,650,12,0,0.030893902709560075,0.07865655825673575,0.10601806053684325,0.6972860682526674,0.8821788579373513,0.8627467243422464,0.0031387521637707525,0.5419653956939187
0.75,0.3,1.0,0.08,0.6,0.38,0.25,0.8873056994818653,0.8903239215970501,0.8982880161127895,0.8673946957878315,0.9052890528905289,0.879746835443038,0.8553846153846154,0.14461538461538462,0.0,650,12,0,0.030893902709560075,0.07865655825673575,0.10601806053684325,0.6972860682526674,0.8821788579373513,0.8627467243422464,0.0031387521637707525,0.5419653956939187
0.75,0.3,1.0,0.04,0.6,0.38,0.25,0.8873056994818653,0.8903239215970501,0.8982880161127895,0.8673946957878315,0.9052890528905289,0.879746835443038,0.8553846153846154,0.14461538461538462,0.0,650,12,0,0.030893902709560075,0.07865655825673575,0.10601806053684325,0.6972860682526674,0.8821788579373513,0.8627467243422464,0.0031387521637707525,0.5419653956939187
0.75,0.3,1.2,0.12,0.72,0.38,0.25,0.8853626943005182,0.8884544715118605,0.9019211324570273,0.8635658914728682,0.899876390605686,0.8703125,0.8569230769230769,0.14307692307692307,0.0,650,11,0,0.0301481508054568,0.07865655825673575,0.10601806053684325,0.6972860682526674,0.8821788579373513,0.8627467243422464,0.0031387521637707525,0.5425470817296862
0.75,0.2,1.2,0.08,0.72,0.38,0.25,0.8853626943005182,0.8884544715118605,0.9019211324570273,0.8635658914728682,0.899876390605686,0.8703125,0.8569230769230769,0.14307692307692307,0.0,650,11,0,0.03043632787055474,0.07865655825673575,0.10601806053684325,0.6972860682526674,0.8821788579373513,0.8627467243422464,0.0031387521637707525,0.5425470817296862
0.75,0.2,1.2,0.04,0.72,0.38,0.25,0.8853626943005182,0.8884544715118605,0.9019211324570273,0.8635658914728682,0.899876390605686,0.8703125,0.8569230769230769,0.14307692307692307,0.0,650,11,0,0.03043632787055474,0.07865655825673575,0.10601806053684325,0.6972860682526674,0.8821788579373513,0.8627467243422464,0.0031387521637707525,0.5425470817296862
0.75,0.2,1.2,0.12,0.72,0.38,0.25,0.8853626943005182,0.8884544715118605,0.9019211324570273,0.8635658914728682,0.899876390605686,0.8703125,0.8569230769230769,0.14307692307692307,0.0,650,11,0,0.03043632787055474,0.07865655825673575,0.10601806053684325,0.6972860682526674,0.8821788579373513,0.8627467243422464,0.0031387521637707525,0.5425470817296862
0.65,0.2,1.0,0.08,0.66,0.42,0.25,0.8853626943005182,0.8884544715118605,0.9019211324570273,0.8635658914728682,0.899876390605686,0.8703125,0.8569230769230769,0.14307692307692307,0.0,650,11,0,0.028857772152858185,0.07865655825673575,0.10601806053684325,0.6972860682526674,0.8821788579373513,0.8627467243422464,0.0031387521637707525,0.5425470817296862
0.65,0.2,1.0,0.04,0.66,0.42,0.25,0.8853626943005182,0.8884544715118605,0.9019211324570273,0.8635658914728682,0.899876390605686,0.8703125,0.8569230769230769,0.14307692307692307,0.0,650,11,0,0.028857772152858185,0.07865655825673575,0.10601806053684325,0.6972860682526674,0.8821788579373513,0.8627467243422464,0.0031387521637707525,0.5425470817296862
0.65,0.2,1.0,0.12,0.66,0.42,0.25,0.8853626943005182,0.8884544715118605,0.9019211324570273,0.8635658914728682,0.899876390605686,0.8703125,0.8569230769230769,0.14307692307692307,0.0,650,11,0,0.028857772152858185,0.07865655825673575,0.10601806053684325,0.6972860682526674,0.8821788579373513,0.8627467243422464,0.0031387521637707525,0.5425470817296862
0.75,0.3,1.2,0.04,0.72,0.38,0.25,0.8853626943005182,0.8884544715118605,0.9019211324570273,0.8635658914728682,0.899876390605686,0.8703125,0.8569230769230769,0.14307692307692307,0.0,650,11,0,0.0301481508054568,0.07865655825673575,0.10601806053684325,0.6972860682526674,0.8821788579373513,0.8627467243422464,0.0031387521637707525,0.5425470817296862
0.75,0.3,1.2,0.08,0.72,0.38,0.25,0.8853626943005182,0.8884544715118605,0.9019211324570273,0.8635658914728682,0.899876390605686,0.8703125,0.8569230769230769,0.14307692307692307,0.0,650,11,0,0.0301481508054568,0.07865655825673575,0.10601806053684325,0.6972860682526674,0.8821788579373513,0.8627467243422464,0.0031387521637707525,0.5425470817296862
0.75,0.3,1.2,0.04,0.72,0.42,0.25,0.8853626943005182,0.888374111117856,0.901010101010101,0.8642358417377812,0.899876390605686,0.8716744913928013,0.8569230769230769,0.14307692307692307,0.0,650,11,0,0.030232350541777444,0.07865655825673575,0.10601806053684325,0.6972860682526674,0.8821788579373513,0.8627467243422464,0.0031387521637707525,0.5426274421236907
0.65,0.1,1.0,0.12,0.66,0.42,0.25,0.8853626943005182,0.888374111117856,0.901010101010101,0.8642358417377812,0.899876390605686,0.8716744913928013,0.8569230769230769,0.14307692307692307,0.0,650,11,0,0.029288634844623376,0.07865655825673575,0.10601806053684325,0.6972860682526674,0.8821788579373513,0.8627467243422464,0.0031387521637707525,0.5426274421236907
0.65,0.1,1.0,0.08,0.66,0.42,0.25,0.8853626943005182,0.888374111117856,0.901010101010101,0.8642358417377812,0.899876390605686,0.8716744913928013,0.8569230769230769,0.14307692307692307,0.0,650,11,0,0.029288634844623376,0.07865655825673575,0.10601806053684325,0.6972860682526674,0.8821788579373513,0.8627467243422464,0.0031387521637707525,0.5426274421236907
0.75,0.3,1.2,0.12,0.72,0.42,0.25,0.8853626943005182,0.888374111117856,0.901010101010101,0.8642358417377812,0.899876390605686,0.8716744913928013,0.8569230769230769,0.14307692307692307,0.0,650,11,0,0.030232350541777444,0.07865655825673575,0.10601806053684325,0.6972860682526674,0.8821788579373513,0.8627467243422464,0.0031387521637707525,0.5426274421236907
0.65,0.1,1.0,0.04,0.66,0.42,0.25,0.8853626943005182,0.888374111117856,0.901010101010101,0.8642358417377812,0.899876390605686,0.8716744913928013,0.8569230769230769,0.14307692307692307,0.0,650,11,0,0.029288634844623376,0.07865655825673575,0.10601806053684325,0.6972860682526674,0.8821788579373513,0.8627467243422464,0.0031387521637707525,0.5426274421236907
0.75,0.3,1.2,0.08,0.72,0.42,0.25,0.8853626943005182,0.888374111117856,0.901010101010101,0.8642358417377812,0.899876390605686,0.8716744913928013,0.8569230769230769,0.14307692307692307,0.0,650,11,0,0.030232350541777444,0.07865655825673575,0.10601806053684325,0.6972860682526674,0.8821788579373513,0.8627467243422464,0.0031387521637707525,0.5426274421236907
0.65,0.2,1.0,0.04,0.72,0.42,0.25,0.8847150259067358,0.8877776543427186,0.9019211324570273,0.8628969790859798,0.8985148514851485,0.8689547581903276,0.8569230769230769,0.14307692307692307,0.0,650,11,0,0.028858841256717647,0.07865655825673575,0.10601806053684325,0.6972860682526674,0.8821788579373513,0.8627467243422464,0.0031387521637707525,0.5438715672926105
0.65,0.2,1.0,0.12,0.72,0.42,0.25,0.8847150259067358,0.8877776543427186,0.9019211324570273,0.8628969790859798,0.8985148514851485,0.8689547581903276,0.8569230769230769,0.14307692307692307,0.0,650,11,0,0.028858841256717647,0.07865655825673575,0.10601806053684325,0.6972860682526674,0.8821788579373513,0.8627467243422464,0.0031387521637707525,0.5438715672926105
0.65,0.2,1.0,0.08,0.72,0.42,0.25,0.8847150259067358,0.8877776543427186,0.9019211324570273,0.8628969790859798,0.8985148514851485,0.8689547581903276,0.8569230769230769,0.14307692307692307,0.0,650,11,0,0.028858841256717647,0.07865655825673575,0.10601806053684325,0.6972860682526674,0.8821788579373513,0.8627467243422464,0.0031387521637707525,0.5438715672926105
0.65,0.1,1.0,0.12,0.72,0.42,0.25,0.8847150259067358,0.8876969479893727,0.901010101010101,0.8635658914728682,0.8985148514851485,0.8703125,0.8569230769230769,0.14307692307692307,0.0,650,11,0,0.029290532651251568,0.07865655825673575,0.10601806053684325,0.6972860682526674,0.8821788579373513,0.8627467243422464,0.0031387521637707525,0.5439522736459564
0.65,0.1,1.0,0.04,0.72,0.42,0.25,0.8847150259067358,0.8876969479893727,0.901010101010101,0.8635658914728682,0.8985148514851485,0.8703125,0.8569230769230769,0.14307692307692307,0.0,650,11,0,0.029290532651251568,0.07865655825673575,0.10601806053684325,0.6972860682526674,0.8821788579373513,0.8627467243422464,0.0031387521637707525,0.5439522736459564
0.65,0.1,1.0,0.08,0.72,0.42,0.25,0.8847150259067358,0.8876969479893727,0.901010101010101,0.8635658914728682,0.8985148514851485,0.8703125,0.8569230769230769,0.14307692307692307,0.0,650,11,0,0.029290532651251568,0.07865655825673575,0.10601806053684325,0.6972860682526674,0.8821788579373513,0.8627467243422464,0.0031387521637707525,0.5439522736459564
0.75,0.2,1.0,0.08,0.72,0.34,0.25,0.8860103626943006,0.8890508646667298,0.8991935483870968,0.8653696498054475,0.9025893958076449,0.8755905511811024,0.8553846153846154,0.14461538461538462,0.0,650,11,0,0.03091704551242737,0.07865655825673575,0.10601806053684325,0.6972860682526674,0.8821788579373513,0.8627467243422464,0.0031387521637707525,0.5445337894118037
0.75,0.2,1.0,0.12,0.72,0.34,0.25,0.8860103626943006,0.8890508646667298,0.8991935483870968,0.8653696498054475,0.9025893958076449,0.8755905511811024,0.8553846153846154,0.14461538461538462,0.0,650,11,0,0.03091704551242737,0.07865655825673575,0.10601806053684325,0.6972860682526674,0.8821788579373513,0.8627467243422464,0.0031387521637707525,0.5445337894118037
0.75,0.2,1.0,0.12,0.66,0.34,0.25,0.8860103626943006,0.8890508646667298,0.8991935483870968,0.8653696498054475,0.9025893958076449,0.8755905511811024,0.8553846153846154,0.14461538461538462,0.0,650,11,0,0.03090567643884982,0.07865655825673575,0.10601806053684325,0.6972860682526674,0.8821788579373513,0.8627467243422464,0.0031387521637707525,0.5445337894118037
0.75,0.2,1.0,0.08,0.66,0.34,0.25,0.8860103626943006,0.8890508646667298,0.8991935483870968,0.8653696498054475,0.9025893958076449,0.8755905511811024,0.8553846153846154,0.14461538461538462,0.0,650,11,0,0.03090567643884982,0.07865655825673575,0.10601806053684325,0.6972860682526674,0.8821788579373513,0.8627467243422464,0.0031387521637707525,0.5445337894118037
0.75,0.2,1.0,0.04,0.72,0.34,0.25,0.8860103626943006,0.8890508646667298,0.8991935483870968,0.8653696498054475,0.9025893958076449,0.8755905511811024,0.8553846153846154,0.14461538461538462,0.0,650,11,0,0.03091704551242737,0.07865655825673575,0.10601806053684325,0.6972860682526674,0.8821788579373513,0.8627467243422464,0.0031387521637707525,0.5445337894118037
0.75,0.2,1.0,0.04,0.66,0.34,0.25,0.8860103626943006,0.8890508646667298,0.8991935483870968,0.8653696498054475,0.9025893958076449,0.8755905511811024,0.8553846153846154,0.14461538461538462,0.0,650,11,0,0.03090567643884982,0.07865655825673575,0.10601806053684325,0.6972860682526674,0.8821788579373513,0.8627467243422464,0.0031387521637707525,0.5445337894118037
0.75,0.1,1.0,0.04,0.72,0.34,0.25,0.8860103626943006,0.8890508646667298,0.8991935483870968,0.8653696498054475,0.9025893958076449,0.8755905511811024,0.8553846153846154,0.14461538461538462,0.0,650,11,0,0.03115912356329806,0.07865655825673575,0.10601806053684325,0.6972860682526674,0.8821788579373513,0.8627467243422464,0.0031387521637707525,0.5445337894118037
0.75,0.1,1.0,0.12,0.66,0.34,0.25,0.8860103626943006,0.8890508646667298,0.8991935483870968,0.8653696498054475,0.9025893958076449,0.8755905511811024,0.8553846153846154,0.14461538461538462,0.0,650,11,0,0.031143955589149813,0.07865655825673575,0.10601806053684325,0.6972860682526674,0.8821788579373513,0.8627467243422464,0.0031387521637707525,0.5445337894118037
0.75,0.1,1.0,0.12,0.72,0.34,0.25,0.8860103626943006,0.8890508646667298,0.8991935483870968,0.8653696498054475,0.9025893958076449,0.8755905511811024,0.8553846153846154,0.14461538461538462,0.0,650,11,0,0.03115912356329806,0.07865655825673575,0.10601806053684325,0.6972860682526674,0.8821788579373513,0.8627467243422464,0.0031387521637707525,0.5445337894118037
0.75,0.1,1.0,0.08,0.72,0.34,0.25,0.8860103626943006,0.8890508646667298,0.8991935483870968,0.8653696498054475,0.9025893958076449,0.8755905511811024,0.8553846153846154,0.14461538461538462,0.0,650,11,0,0.03115912356329806,0.07865655825673575,0.10601806053684325,0.6972860682526674,0.8821788579373513,0.8627467243422464,0.0031387521637707525,0.5445337894118037
0.75,0.1,1.0,0.08,0.66,0.34,0.25,0.8860103626943006,0.8890508646667298,0.8991935483870968,0.8653696498054475,0.9025893958076449,0.8755905511811024,0.8553846153846154,0.14461538461538462,0.0,650,11,0,0.031143955589149813,0.07865655825673575,0.10601806053684325,0.6972860682526674,0.8821788579373513,0.8627467243422464,0.0031387521637707525,0.5445337894118037
0.75,0.1,1.0,0.04,0.66,0.34,0.25,0.8860103626943006,0.8890508646667298,0.8991935483870968,0.8653696498054475,0.9025893958076449,0.8755905511811024,0.8553846153846154,0.14461538461538462,0.0,650,11,0,0.031143955589149813,0.07865655825673575,0.10601806053684325,0.6972860682526674,0.8821788579373513,0.8627467243422464,0.0031387521637707525,0.5445337894118037
0.75,0.3,1.0,0.04,0.72,0.38,0.25,0.8860103626943006,0.8889736752091998,0.8982880161127895,0.8660436137071651,0.9025893958076449,0.8769716088328076,0.8553846153846154,0.14461538461538462,0.0,650,11,0,0.030914157738686995,0.07865655825673575,0.10601806053684325,0.6972860682526674,0.8821788579373513,0.8627467243422464,0.0031387521637707525,0.5446109788693337
0.75,0.3,1.0,0.12,0.72,0.38,0.25,0.8860103626943006,0.8889736752091998,0.8982880161127895,0.8660436137071651,0.9025893958076449,0.8769716088328076,0.8553846153846154,0.14461538461538462,0.0,650,11,0,0.030914157738686995,0.07865655825673575,0.10601806053684325,0.6972860682526674,0.8821788579373513,0.8627467243422464,0.0031387521637707525,0.5446109788693337
0.75,0.3,1.0,0.04,0.66,0.38,0.25,0.8860103626943006,0.8889736752091998,0.8982880161127895,0.8660436137071651,0.9025893958076449,0.8769716088328076,0.8553846153846154,0.14461538461538462,0.0,650,11,0,0.03090597662045563,0.07865655825673575,0.10601806053684325,0.6972860682526674,0.8821788579373513,0.8627467243422464,0.0031387521637707525,0.5446109788693337
0.75,0.3,1.0,0.08,0.72,0.38,0.25,0.8860103626943006,0.8889736752091998,0.8982880161127895,0.8660436137071651,0.9025893958076449,0.8769716088328076,0.8553846153846154,0.14461538461538462,0.0,650,11,0,0.030914157738686995,0.07865655825673575,0.10601806053684325,0.6972860682526674,0.8821788579373513,0.8627467243422464,0.0031387521637707525,0.5446109788693337
0.75,0.3,1.0,0.12,0.66,0.38,0.25,0.8860103626943006,0.8889736752091998,0.8982880161127895,0.8660436137071651,0.9025893958076449,0.8769716088328076,0.8553846153846154,0.14461538461538462,0.0,650,11,0,0.03090597662045563,0.07865655825673575,0.10601806053684325,0.6972860682526674,0.8821788579373513,0.8627467243422464,0.0031387521637707525,0.5446109788693337
0.75,0.3,1.0,0.08,0.66,0.38,0.25,0.8860103626943006,0.8889736752091998,0.8982880161127895,0.8660436137071651,0.9025893958076449,0.8769716088328076,0.8553846153846154,0.14461538461538462,0.0,650,11,0,0.03090597662045563,0.07865655825673575,0.10601806053684325,0.6972860682526674,0.8821788579373513,0.8627467243422464,0.0031387521637707525,0.5446109788693337
0.75,0.2,1.0,0.08,0.6,0.38,0.25,0.8866580310880829,0.8897279657890751,0.89738430583501,0.8665105386416861,0.9052890528905289,0.8795562599049128,0.8538461538461538,0.14615384615384616,0.0,650,12,0,0.031155881621843247,0.07865655825673575,0.10601806053684325,0.6972860682526674,0.8821788579373513,0.8627467243422464,0.0031387521637707525,0.5464397891264454
0.75,0.1,1.0,0.12,0.6,0.38,0.25,0.8866580310880829,0.8897279657890751,0.89738430583501,0.8665105386416861,0.9052890528905289,0.8795562599049128,0.8538461538461538,0.14615384615384616,0.0,650,12,0,0.031412166740041624,0.07865655825673575,0.10601806053684325,0.6972860682526674,0.8821788579373513,0.8627467243422464,0.0031387521637707525,0.5464397891264454
0.75,0.1,1.0,0.08,0.6,0.38,0.25,0.8866580310880829,0.8897279657890751,0.89738430583501,0.8665105386416861,0.9052890528905289,0.8795562599049128,0.8538461538461538,0.14615384615384616,0.0,650,12,0,0.031412166740041624,0.07865655825673575,0.10601806053684325,0.6972860682526674,0.8821788579373513,0.8627467243422464,0.0031387521637707525,0.5464397891264454
0.75,0.2,1.0,0.08,0.6,0.42,0.25,0.8866580310880829,0.8897279657890751,0.89738430583501,0.8665105386416861,0.9052890528905289,0.8795562599049128,0.8538461538461538,0.14615384615384616,0.0,650,12,0,0.03122296175163155,0.07865655825673575,0.10601806053684325,0.6972860682526674,0.8821788579373513,0.8627467243422464,0.0031387521637707525,0.5464397891264454
0.75,0.2,1.0,0.12,0.6,0.38,0.25,0.8866580310880829,0.8897279657890751,0.89738430583501,0.8665105386416861,0.9052890528905289,0.8795562599049128,0.8538461538461538,0.14615384615384616,0.0,650,12,0,0.031155881621843247,0.07865655825673575,0.10601806053684325,0.6972860682526674,0.8821788579373513,0.8627467243422464,0.0031387521637707525,0.5464397891264454
0.75,0.3,1.0,0.08,0.6,0.42,0.25,0.8866580310880829,0.8897279657890751,0.89738430583501,0.8665105386416861,0.9052890528905289,0.8795562599049128,0.8538461538461538,0.14615384615384616,0.0,650,12,0,0.03096261070100533,0.07865655825673575,0.10601806053684325,0.6972860682526674,0.8821788579373513,0.8627467243422464,0.0031387521637707525,0.5464397891264454
0.75,0.2,1.0,0.04,0.6,0.42,0.25,0.8866580310880829,0.8897279657890751,0.89738430583501,0.8665105386416861,0.9052890528905289,0.8795562599049128,0.8538461538461538,0.14615384615384616,0.0,650,12,0,0.03122296175163155,0.07865655825673575,0.10601806053684325,0.6972860682526674,0.8821788579373513,0.8627467243422464,0.0031387521637707525,0.5464397891264454
0.75,0.2,1.0,0.04,0.6,0.38,0.25,0.8866580310880829,0.8897279657890751,0.89738430583501,0.8665105386416861,0.9052890528905289,0.8795562599049128,0.8538461538461538,0.14615384615384616,0.0,650,12,0,0.031155881621843247,0.07865655825673575,0.10601806053684325,0.6972860682526674,0.8821788579373513,0.8627467243422464,0.0031387521637707525,0.5464397891264454
0.75,0.1,1.0,0.04,0.6,0.38,0.25,0.8866580310880829,0.8897279657890751,0.89738430583501,0.8665105386416861,0.9052890528905289,0.8795562599049128,0.8538461538461538,0.14615384615384616,0.0,650,12,0,0.031412166740041624,0.07865655825673575,0.10601806053684325,0.6972860682526674,0.8821788579373513,0.8627467243422464,0.0031387521637707525,0.5464397891264454
0.75,0.2,1.0,0.12,0.6,0.42,0.25,0.8866580310880829,0.8897279657890751,0.89738430583501,0.8665105386416861,0.9052890528905289,0.8795562599049128,0.8538461538461538,0.14615384615384616,0.0,650,12,0,0.03122296175163155,0.07865655825673575,0.10601806053684325,0.6972860682526674,0.8821788579373513,0.8627467243422464,0.0031387521637707525,0.5464397891264454
0.75,0.3,1.0,0.04,0.6,0.42,0.25,0.8866580310880829,0.8897279657890751,0.89738430583501,0.8665105386416861,0.9052890528905289,0.8795562599049128,0.8538461538461538,0.14615384615384616,0.0,650,12,0,0.03096261070100533,0.07865655825673575,0.10601806053684325,0.6972860682526674,0.8821788579373513,0.8627467243422464,0.0031387521637707525,0.5464397891264454
0.75,0.3,1.0,0.12,0.6,0.42,0.25,0.8866580310880829,0.8897279657890751,0.89738430583501,0.8665105386416861,0.9052890528905289,0.8795562599049128,0.8538461538461538,0.14615384615384616,0.0,650,12,0,0.03096261070100533,0.07865655825673575,0.10601806053684325,0.6972860682526674,0.8821788579373513,0.8627467243422464,0.0031387521637707525,0.5464397891264454
0.75,0.3,1.0,0.08,0.72,0.42,0.25,0.8853626943005182,0.8883778278013837,0.89738430583501,0.8651597817614964,0.9025893958076449,0.8767772511848341,0.8538461538461538,0.14615384615384616,0.0,650,11,0,0.030988294691066127,0.07865655825673575,0.10601806053684325,0.6972860682526674,0.8821788579373513,0.8627467243422464,0.0031387521637707525,0.5490852639017015
0.75,0.3,1.0,0.12,0.66,0.42,0.25,0.8853626943005182,0.8883778278013837,0.89738430583501,0.8651597817614964,0.9025893958076449,0.8767772511848341,0.8538461538461538,0.14615384615384616,0.0,650,11,0,0.030977995730218328,0.07865655825673575,0.10601806053684325,0.6972860682526674,0.8821788579373513,0.8627467243422464,0.0031387521637707525,0.5490852639017015
0.75,0.3,1.0,0.08,0.66,0.42,0.25,0.8853626943005182,0.8883778278013837,0.89738430583501,0.8651597817614964,0.9025893958076449,0.8767772511848341,0.8538461538461538,0.14615384615384616,0.0,650,11,0,0.030977995730218328,0.07865655825673575,0.10601806053684325,0.6972860682526674,0.8821788579373513,0.8627467243422464,0.0031387521637707525,0.5490852639017015
0.75,0.3,1.0,0.04,0.72,0.42,0.25,0.8853626943005182,0.8883778278013837,0.89738430583501,0.8651597817614964,0.9025893958076449,0.8767772511848341,0.8538461538461538,0.14615384615384616,0.0,650,11,0,0.030988294691066127,0.07865655825673575,0.10601806053684325,0.6972860682526674,0.8821788579373513,0.8627467243422464,0.0031387521637707525,0.5490852639017015
0.75,0.2,1.0,0.04,0.66,0.42,0.25,0.8853626943005182,0.8883778278013837,0.89738430583501,0.8651597817614964,0.9025893958076449,0.8767772511848341,0.8538461538461538,0.14615384615384616,0.0,650,11,0,0.031244935795932065,0.07865655825673575,0.10601806053684325,0.6972860682526674,0.8821788579373513,0.8627467243422464,0.0031387521637707525,0.5490852639017015
0.75,0.1,1.0,0.12,0.72,0.38,0.25,0.8853626943005182,0.8883778278013837,0.89738430583501,0.8651597817614964,0.9025893958076449,0.8767772511848341,0.8538461538461538,0.14615384615384616,0.0,650,11,0,0.03145120712475866,0.07865655825673575,0.10601806053684325,0.6972860682526674,0.8821788579373513,0.8627467243422464,0.0031387521637707525,0.5490852639017015
0.75,0.3,1.0,0.12,0.72,0.42,0.25,0.8853626943005182,0.8883778278013837,0.89738430583501,0.8651597817614964,0.9025893958076449,0.8767772511848341,0.8538461538461538,0.14615384615384616,0.0,650,11,0,0.030988294691066127,0.07865655825673575,0.10601806053684325,0.6972860682526674,0.8821788579373513,0.8627467243422464,0.0031387521637707525,0.5490852639017015
0.75,0.2,1.0,0.12,0.72,0.42,0.25,0.8853626943005182,0.8883778278013837,0.89738430583501,0.8651597817614964,0.9025893958076449,0.8767772511848341,0.8538461538461538,0.14615384615384616,0.0,650,11,0,0.031260051373182225,0.07865655825673575,0.10601806053684325,0.6972860682526674,0.8821788579373513,0.8627467243422464,0.0031387521637707525,0.5490852639017015
0.75,0.2,1.0,0.12,0.72,0.38,0.25,0.8853626943005182,0.8883778278013837,0.89738430583501,0.8651597817614964,0.9025893958076449,0.8767772511848341,0.8538461538461538,0.14615384615384616,0.0,650,11,0,0.031186177075801173,0.07865655825673575,0.10601806053684325,0.6972860682526674,0.8821788579373513,0.8627467243422464,0.0031387521637707525,0.5490852639017015
0.75,0.2,1.0,0.08,0.72,0.38,0.25,0.8853626943005182,0.8883778278013837,0.89738430583501,0.8651597817614964,0.9025893958076449,0.8767772511848341,0.8538461538461538,0.14615384615384616,0.0,650,11,0,0.031186177075801173,0.07865655825673575,0.10601806053684325,0.6972860682526674,0.8821788579373513,0.8627467243422464,0.0031387521637707525,0.5490852639017015
0.75,0.2,1.0,0.12,0.66,0.38,0.25,0.8853626943005182,0.8883778278013837,0.89738430583501,0.8651597817614964,0.9025893958076449,0.8767772511848341,0.8538461538461538,0.14615384615384616,0.0,650,11,0,0.03117338418280499,0.07865655825673575,0.10601806053684325,0.6972860682526674,0.8821788579373513,0.8627467243422464,0.0031387521637707525,0.5490852639017015
0.75,0.3,1.0,0.04,0.66,0.42,0.25,0.8853626943005182,0.8883778278013837,0.89738430583501,0.8651597817614964,0.9025893958076449,0.8767772511848341,0.8538461538461538,0.14615384615384616,0.0,650,11,0,0.030977995730218328,0.07865655825673575,0.10601806053684325,0.6972860682526674,0.8821788579373513,0.8627467243422464,0.0031387521637707525,0.5490852639017015
0.75,0.2,1.0,0.12,0.66,0.42,0.25,0.8853626943005182,0.8883778278013837,0.89738430583501,0.8651597817614964,0.9025893958076449,0.8767772511848341,0.8538461538461538,0.14615384615384616,0.0,650,11,0,0.031244935795932065,0.07865655825673575,0.10601806053684325,0.6972860682526674,0.8821788579373513,0.8627467243422464,0.0031387521637707525,0.5490852639017015
0.75,0.2,1.0,0.04,0.66,0.38,0.25,0.8853626943005182,0.8883778278013837,0.89738430583501,0.8651597817614964,0.9025893958076449,0.8767772511848341,0.8538461538461538,0.14615384615384616,0.0,650,11,0,0.03117338418280499,0.07865655825673575,0.10601806053684325,0.6972860682526674,0.8821788579373513,0.8627467243422464,0.0031387521637707525,0.5490852639017015
0.75,0.1,1.0,0.08,0.72,0.38,0.25,0.8853626943005182,0.8883778278013837,0.89738430583501,0.8651597817614964,0.9025893958076449,0.8767772511848341,0.8538461538461538,0.14615384615384616,0.0,650,11,0,0.03145120712475866,0.07865655825673575,0.10601806053684325,0.6972860682526674,0.8821788579373513,0.8627467243422464,0.0031387521637707525,0.5490852639017015
0.75,0.1,1.0,0.04,0.66,0.38,0.25,0.8853626943005182,0.8883778278013837,0.89738430583501,0.8651597817614964,0.9025893958076449,0.8767772511848341,0.8538461538461538,0.14615384615384616,0.0,650,11,0,0.03143419943706221,0.07865655825673575,0.10601806053684325,0.6972860682526674,0.8821788579373513,0.8627467243422464,0.0031387521637707525,0.5490852639017015
0.75,0.2,1.0,0.04,0.72,0.42,0.25,0.8853626943005182,0.8883778278013837,0.89738430583501,0.8651597817614964,0.9025893958076449,0.8767772511848341,0.8538461538461538,0.14615384615384616,0.0,650,11,0,0.031260051373182225,0.07865655825673575,0.10601806053684325,0.6972860682526674,0.8821788579373513,0.8627467243422464,0.0031387521637707525,0.5490852639017015
0.75,0.2,1.0,0.08,0.66,0.38,0.25,0.8853626943005182,0.8883778278013837,0.89738430583501,0.8651597817614964,0.9025893958076449,0.8767772511848341,0.8538461538461538,0.14615384615384616,0.0,650,11,0,0.03117338418280499,0.07865655825673575,0.10601806053684325,0.6972860682526674,0.8821788579373513,0.8627467243422464,0.0031387521637707525,0.5490852639017015
0.75,0.2,1.0,0.08,0.72,0.42,0.25,0.8853626943005182,0.8883778278013837,0.89738430583501,0.8651597817614964,0.9025893958076449,0.8767772511848341,0.8538461538461538,0.14615384615384616,0.0,650,11,0,0.031260051373182225,0.07865655825673575,0.10601806053684325,0.6972860682526674,0.8821788579373513,0.8627467243422464,0.0031387521637707525,0.5490852639017015
0.75,0.2,1.0,0.08,0.66,0.42,0.25,0.8853626943005182,0.8883778278013837,0.89738430583501,0.8651597817614964,0.9025893958076449,0.8767772511848341,0.8538461538461538,0.14615384615384616,0.0,650,11,0,0.031244935795932065,0.07865655825673575,0.10601806053684325,0.6972860682526674,0.8821788579373513,0.8627467243422464,0.0031387521637707525,0.5490852639017015
0.75,0.2,1.0,0.04,0.72,0.38,0.25,0.8853626943005182,0.8883778278013837,0.89738430583501,0.8651597817614964,0.9025893958076449,0.8767772511848341,0.8538461538461538,0.14615384615384616,0.0,650,11,0,0.031186177075801173,0.07865655825673575,0.10601806053684325,0.6972860682526674,0.8821788579373513,0.8627467243422464,0.0031387521637707525,0.5490852639017015
0.75,0.1,1.0,0.08,0.66,0.38,0.25,0.8853626943005182,0.8883778278013837,0.89738430583501,0.8651597817614964,0.9025893958076449,0.8767772511848341,0.8538461538461538,0.14615384615384616,0.0,650,11,0,0.03143419943706221,0.07865655825673575,0.10601806053684325,0.6972860682526674,0.8821788579373513,0.8627467243422464,0.0031387521637707525,0.5490852639017015
0.75,0.1,1.0,0.12,0.66,0.38,0.25,0.8853626943005182,0.8883778278013837,0.89738430583501,0.8651597817614964,0.9025893958076449,0.8767772511848341,0.8538461538461538,0.14615384615384616,0.0,650,11,0,0.03143419943706221,0.07865655825673575,0.10601806053684325,0.6972860682526674,0.8821788579373513,0.8627467243422464,0.0031387521637707525,0.5490852639017015
0.75,0.1,1.0,0.04,0.72,0.38,0.25,0.8853626943005182,0.8883778278013837,0.89738430583501,0.8651597817614964,0.9025893958076449,0.8767772511848341,0.8538461538461538,0.14615384615384616,0.0,650,11,0,0.03145120712475866,0.07865655825673575,0.10601806053684325,0.6972860682526674,0.8821788579373513,0.8627467243422464,0.0031387521637707525,0.5490852639017015
0.75,0.1,1.0,0.12,0.6,0.42,0.25,0.8860103626943006,0.8891321549836101,0.8964824120603015,0.865625,0.9052890528905289,0.8793650793650793,0.8523076923076923,0.1476923076923077,0.0,650,12,0,0.03147445610147378,0.07865655825673575,0.10601806053684325,0.6972860682526674,0.8821788579373513,0.8627467243422464,0.0031387521637707525,0.550914037556462
0.75,0.1,1.0,0.08,0.6,0.42,0.25,0.8860103626943006,0.8891321549836101,0.8964824120603015,0.865625,0.9052890528905289,0.8793650793650793,0.8523076923076923,0.1476923076923077,0.0,650,12,0,0.03147445610147378,0.07865655825673575,0.10601806053684325,0.6972860682526674,0.8821788579373513,0.8627467243422464,0.0031387521637707525,0.550914037556462
0.75,0.1,1.0,0.04,0.6,0.42,0.25,0.8860103626943006,0.8891321549836101,0.8964824120603015,0.865625,0.9052890528905289,0.8793650793650793,0.8523076923076923,0.1476923076923077,0.0,650,12,0,0.03147445610147378,0.07865655825673575,0.10601806053684325,0.6972860682526674,0.8821788579373513,0.8627467243422464,0.0031387521637707525,0.550914037556462
0.75,0.1,1.2,0.08,0.6,0.42,0.25,0.8853626943005182,0.8884575190505634,0.8964824120603015,0.8649492583918813,0.9039408866995073,0.8779714738510301,0.8523076923076923,0.1476923076923077,0.0,650,11,0,0.030774965066132923,0.07865655825673575,0.10601806053684325,0.6972860682526674,0.8821788579373513,0.8627467243422464,0.0031387521637707525,0.5522363418832911
0.75,0.1,1.2,0.12,0.6,0.42,0.25,0.8853626943005182,0.8884575190505634,0.8964824120603015,0.8649492583918813,0.9039408866995073,0.8779714738510301,0.8523076923076923,0.1476923076923077,0.0,650,11,0,0.030774965066132923,0.07865655825673575,0.10601806053684325,0.6972860682526674,0.8821788579373513,0.8627467243422464,0.0031387521637707525,0.5522363418832911
0.75,0.1,1.2,0.04,0.6,0.42,0.25,0.8853626943005182,0.8884575190505634,0.8964824120603015,0.8649492583918813,0.9039408866995073,0.8779714738510301,0.8523076923076923,0.1476923076923077,0.0,650,11,0,0.030774965066132923,0.07865655825673575,0.10601806053684325,0.6972860682526674,0.8821788579373513,0.8627467243422464,0.0031387521637707525,0.5522363418832911
0.75,0.2,1.2,0.08,0.66,0.42,0.25,0.8847150259067358,0.8878582123168424,0.89738430583501,0.8636009353078722,0.9025893958076449,0.8751974723538705,0.8523076923076923,0.1476923076923077,0.0,650,11,0,0.030517360392853767,0.07865655825673575,0.10601806053684325,0.6972860682526674,0.8821788579373513,0.8627467243422464,0.0031387521637707525,0.5534833170107945
0.75,0.2,1.2,0.12,0.6,0.42,0.25,0.8847150259067358,0.8878582123168424,0.89738430583501,0.8636009353078722,0.9025893958076449,0.8751974723538705,0.8523076923076923,0.1476923076923077,0.0,650,11,0,0.030504056812152132,0.07865655825673575,0.10601806053684325,0.6972860682526674,0.8821788579373513,0.8627467243422464,0.0031387521637707525,0.5534833170107945
0.75,0.2,1.2,0.04,0.6,0.42,0.25,0.8847150259067358,0.8878582123168424,0.89738430583501,0.8636009353078722,0.9025893958076449,0.8751974723538705,0.8523076923076923,0.1476923076923077,0.0,650,11,0,0.030504056812152132,0.07865655825673575,0.10601806053684325,0.6972860682526674,0.8821788579373513,0.8627467243422464,0.0031387521637707525,0.5534833170107945
0.75,0.2,1.2,0.04,0.66,0.42,0.25,0.8847150259067358,0.8878582123168424,0.89738430583501,0.8636009353078722,0.9025893958076449,0.8751974723538705,0.8523076923076923,0.1476923076923077,0.0,650,11,0,0.030517360392853767,0.07865655825673575,0.10601806053684325,0.6972860682526674,0.8821788579373513,0.8627467243422464,0.0031387521637707525,0.5534833170107945
0.75,0.2,1.2,0.12,0.66,0.42,0.25,0.8847150259067358,0.8878582123168424,0.89738430583501,0.8636009353078722,0.9025893958076449,0.8751974723538705,0.8523076923076923,0.1476923076923077,0.0,650,11,0,0.030517360392853767,0.07865655825673575,0.10601806053684325,0.6972860682526674,0.8821788579373513,0.8627467243422464,0.0031387521637707525,0.5534833170107945
0.75,0.2,1.2,0.08,0.6,0.42,0.25,0.8847150259067358,0.8878582123168424,0.89738430583501,0.8636009353078722,0.9025893958076449,0.8751974723538705,0.8523076923076923,0.1476923076923077,0.0,650,11,0,0.030504056812152132,0.07865655825673575,0.10601806053684325,0.6972860682526674,0.8821788579373513,0.8627467243422464,0.0031387521637707525,0.5534833170107945
0.75,0.1,1.0,0.04,0.66,0.42,0.25,0.8847150259067358,0.8877821262835952,0.8964824120603015,0.8642745709828393,0.9025893958076449,0.8765822784810127,0.8523076923076923,0.1476923076923077,0.0,650,11,0,0.03150190751575121,0.07865655825673575,0.10601806053684325,0.6972860682526674,0.8821788579373513,0.8627467243422464,0.0031387521637707525,0.5535594030440416
0.75,0.1,1.2,0.12,0.66,0.42,0.25,0.8847150259067358,0.8877821262835952,0.8964824120603015,0.8642745709828393,0.9025893958076449,0.8765822784810127,0.8523076923076923,0.1476923076923077,0.0,650,11,0,0.03079323318166113,0.07865655825673575,0.10601806053684325,0.6972860682526674,0.8821788579373513,0.8627467243422464,0.0031387521637707525,0.5535594030440416
0.75,0.1,1.0,0.12,0.72,0.42,0.25,0.8847150259067358,0.8877821262835952,0.8964824120603015,0.8642745709828393,0.9025893958076449,0.8765822784810127,0.8523076923076923,0.1476923076923077,0.0,650,11,0,0.031521225460151334,0.07865655825673575,0.10601806053684325,0.6972860682526674,0.8821788579373513,0.8627467243422464,0.0031387521637707525,0.5535594030440416
0.75,0.1,1.0,0.08,0.72,0.42,0.25,0.8847150259067358,0.8877821262835952,0.8964824120603015,0.8642745709828393,0.9025893958076449,0.8765822784810127,0.8523076923076923,0.1476923076923077,0.0,650,11,0,0.031521225460151334,0.07865655825673575,0.10601806053684325,0.6972860682526674,0.8821788579373513,0.8627467243422464,0.0031387521637707525,0.5535594030440416
0.75,0.1,1.0,0.08,0.66,0.42,0.25,0.8847150259067358,0.8877821262835952,0.8964824120603015,0.8642745709828393,0.9025893958076449,0.8765822784810127,0.8523076923076923,0.1476923076923077,0.0,650,11,0,0.03150190751575121,0.07865655825673575,0.10601806053684325,0.6972860682526674,0.8821788579373513,0.8627467243422464,0.0031387521637707525,0.5535594030440416
0.75,0.1,1.0,0.12,0.66,0.42,0.25,0.8847150259067358,0.8877821262835952,0.8964824120603015,0.8642745709828393,0.9025893958076449,0.8765822784810127,0.8523076923076923,0.1476923076923077,0.0,650,11,0,0.03150190751575121,0.07865655825673575,0.10601806053684325,0.6972860682526674,0.8821788579373513,0.8627467243422464,0.0031387521637707525,0.5535594030440416
0.75,0.1,1.0,0.04,0.72,0.42,0.25,0.8847150259067358,0.8877821262835952,0.8964824120603015,0.8642745709828393,0.9025893958076449,0.8765822784810127,0.8523076923076923,0.1476923076923077,0.0,650,11,0,0.031521225460151334,0.07865655825673575,0.10601806053684325,0.6972860682526674,0.8821788579373513,0.8627467243422464,0.0031387521637707525,0.5535594030440416
0.75,0.1,1.2,0.08,0.66,0.42,0.25,0.8847150259067358,0.8877821262835952,0.8964824120603015,0.8642745709828393,0.9025893958076449,0.8765822784810127,0.8523076923076923,0.1476923076923077,0.0,650,11,0,0.03079323318166113,0.07865655825673575,0.10601806053684325,0.6972860682526674,0.8821788579373513,0.8627467243422464,0.0031387521637707525,0.5535594030440416
0.75,0.1,1.2,0.04,0.66,0.42,0.25,0.8847150259067358,0.8877821262835952,0.8964824120603015,0.8642745709828393,0.9025893958076449,0.8765822784810127,0.8523076923076923,0.1476923076923077,0.0,650,11,0,0.03079323318166113,0.07865655825673575,0.10601806053684325,0.6972860682526674,0.8821788579373513,0.8627467243422464,0.0031387521637707525,0.5535594030440416
0.75,0.1,1.2,0.12,0.72,0.42,0.25,0.8840673575129534,0.8871059717564694,0.8964824120603015,0.8636009353078722,0.9012345679012346,0.8751974723538705,0.8523076923076923,0.1476923076923077,0.0,650,11,0,0.030802276363977987,0.07865655825673575,0.10601806053684325,0.6972860682526674,0.8821788579373513,0.8627467243422464,0.0031387521637707525,0.5548832259649498
0.75,0.1,1.2,0.04,0.72,0.42,0.25,0.8840673575129534,0.8871059717564694,0.8964824120603015,0.8636009353078722,0.9012345679012346,0.8751974723538705,0.8523076923076923,0.1476923076923077,0.0,650,11,0,0.030802276363977987,0.07865655825673575,0.10601806053684325,0.6972860682526674,0.8821788579373513,0.8627467243422464,0.0031387521637707525,0.5548832259649498
0.75,0.1,1.2,0.08,0.72,0.42,0.25,0.8840673575129534,0.8871059717564694,0.8964824120603015,0.8636009353078722,0.9012345679012346,0.8751974723538705,0.8523076923076923,0.1476923076923077,0.0,650,11,0,0.030802276363977987,0.07865655825673575,0.10601806053684325,0.6972860682526674,0.8821788579373513,0.8627467243422464,0.0031387521637707525,0.5548832259649498
0.75,0.2,1.2,0.04,0.72,0.42,0.25,0.883419689119171,0.8865058352597391,0.89738430583501,0.8622568093385214,0.899876390605686,0.8724409448818897,0.8523076923076923,0.1476923076923077,0.0,650,11,0,0.030522959354460144,0.07865655825673575,0.10601806053684325,0.6972860682526674,0.8821788579373513,0.8627467243422464,0.0031387521637707525,0.5561310308554624
0.75,0.2,1.2,0.08,0.72,0.42,0.25,0.883419689119171,0.8865058352597391,0.89738430583501,0.8622568093385214,0.899876390605686,0.8724409448818897,0.8523076923076923,0.1476923076923077,0.0,650,11,0,0.030522959354460144,0.07865655825673575,0.10601806053684325,0.6972860682526674,0.8821788579373513,0.8627467243422464,0.0031387521637707525,0.5561310308554624
0.75,0.2,1.2,0.12,0.72,0.42,0.25,0.883419689119171,0.8865058352597391,0.89738430583501,0.8622568093385214,0.899876390605686,0.8724409448818897,0.8523076923076923,0.1476923076923077,0.0,650,11,0,0.030522959354460144,0.07865655825673575,0.10601806053684325,0.6972860682526674,0.8821788579373513,0.8627467243422464,0.0031387521637707525,0.5561310308554624
