feature,mi_stage,mi_q,spearman_abs_q,domain_instability_train_conditions,feature_score
ch3_wp_energy_ratio_8__rel,0.8261100945223057,2.0718638475145013,0.6766860490000878,0.4202977675798392,1.8589465589017162
ch2_iqr__rel,0.663731529442428,1.5944609473188258,0.6320413372807556,0.030733085890177963,1.6250321693911132
ch1_q25__rel,0.7319337266109069,2.2125938768892883,0.3980714613236273,0.6015118774899033,1.5879451027897775
ch2_skew__rel,0.6446061793095543,1.5705581809030145,0.6153640338047974,0.1269025765684784,1.552796477350236
ch2_kurtosis__online_rank,0.6609931520079844,1.1528241174616207,0.752285020307117,0.02070738959728733,1.537090083130214
ch2_q25__rel,0.5816327994800989,1.4953243866305228,0.6349933997271139,0.004888260893077805,1.5106950932861272
ch2_kurtosis__rel,0.50660807170763,1.7496971768021057,0.6645786223843838,0.17254483280318267,1.4747904415894273
ch1_q25__online_rank,0.7569410446075773,1.2338809785093643,0.5468393595186383,0.366341334904849,1.4370356720651665
ch3_wp_energy_8__rel,0.5599072968925656,1.228177982323674,0.7566009056905365,0.10992843199766658,1.4234158673257198
ch2_band_power_q4__rel,0.6346541612297116,1.2504935723183355,0.6049074238732042,0.12898699171985684,1.4233459636924126
ch2_std__rel,0.4727341407183592,1.4715674382227881,0.7329519663881526,0.046407338855464324,1.4219371710822424
ch3_band_ratio_q4_q1__rel,0.5729211129213858,1.5927180388631559,0.5639722798337541,0.21856282523842807,1.4213523028907438
ch3_wp_energy_ratio_6__rel,0.5225830879495259,1.2507350077643635,0.8038705636040128,0.11869455930709208,1.4131843636867303
ch3_band_power_q4__rel,0.5644358673940635,1.060551470264672,0.7440686686022664,0.0352287005783906,1.388980191254915
ch5_wp_energy_8__rel,0.501432202418469,1.5776850045519737,0.7354908910399043,0.3584129609620191,1.3828406279887473
ch2_q25__online_rank,0.542728956239364,1.1924320780628315,0.6597022846867555,0.007143671900588251,1.3746890505978013
ch5_q25__rel,0.5327771777898371,1.1788743291677561,0.7813932986507035,0.15576134462646718,1.3739107544161588
ch1_iqr__rel,0.5583329574287021,1.4709864173559302,0.535942007891008,0.147290978739062,1.3722277610275304
ch1_wp_energy_8__rel,0.4997024922220956,1.2218192130520698,0.7746530068633544,0.11690377313771973,1.3624522991891728
ch2_band_power_q1__rel,0.47053063957748553,1.3314921372850597,0.710585427801672,0.055105052539950405,1.3551411684869419
ch5_dom_power__rel,0.5317047210991652,1.2721397699482804,0.6221174983732974,0.05425716529760942,1.35329872894213
ch1_rms__rel,0.5532314415612194,1.7913820996371905,0.4011249213700915,0.30592841343635574,1.3490820826411836
ch2_var__rel,0.45538014715307096,1.3632189404257309,0.7191820035321536,0.07940531358568743,1.3458030332050777
ch5_q75__rel,0.5031111273111715,1.159436135533595,0.7712515629706945,0.11249514233440072,1.3440399472958886
ch5_wp_energy_1__rel,0.55524954922203,1.3736378541019634,0.5960244221895798,0.22005968205741683,1.3423402965640931
ch1_spec_centroid__online_rank,0.569494237835011,1.5194980133879996,0.32380370899882155,0.003976755162305051,1.334968141946857
ch1_band_power_q4__rel,0.5681496121611882,1.0474502429031771,0.6693989695994074,0.09996568796646121,1.3247536008848315
ch2_total_power__rel,0.44605964096664086,1.320705743939623,0.7129543251323028,0.05916966282462216,1.324328112276322
ch1_q75__rel,0.547031164560345,1.7090759545242031,0.3738990797638309,0.2437007343247816,1.3202601019562838
ch4_wp_energy_1__rel,0.4947792435493603,1.4012386641562458,0.6105912679878818,0.14580353345215796,1.319484661044062
ch3_skew__rel,0.5483275927947824,1.851924020837017,0.8935219338158709,1.2141009695588372,1.3178354836203525
ch1_mean_abs__rel,0.5448604734480942,1.8144171582108295,0.3600835981516124,0.3686702037939764,1.303403933822189
ch1_dom_power__slope,0.6554331228310823,0.9097728654125636,0.4834672051970011,0.007033337093525597,1.3028422328842044
ch2_dom_power__rel,0.4779031939359981,1.278127628570629,0.6801322079351731,0.14533417349336553,1.2962439369709853
ch4_q25__rel,0.5021912965950959,1.098851922454899,0.7368032442322058,0.15102142823329306,1.2893928835598805
ch3_wp_energy_ratio_5__rel,0.5112658212248613,1.0364094556676373,0.6693572479793914,0.01646622119953844,1.2875190217998473
ch2_skew__online_rank,0.555127715319256,1.0430719588609914,0.674424346482284,0.16956841109869505,1.2873001191332416
ch1_max__rel,0.5427575771642701,1.3854188762573285,0.4734525373868692,0.16899309779964627,1.283181252903664
ch6_wp_energy_ratio_1__rel,0.4976216893869836,1.1881677238304271,0.8168158916086645,0.38191641447091856,1.2788205569862754
ch1_var__rel,0.4529258151065114,1.3521747667791644,0.6353608781308266,0.12590751819130733,1.2768604165948674
ch1_total_power__rel,0.45202633312115936,1.3624238767845145,0.6295425872676034,0.13300841313637948,1.2737728017073044
ch3_wp_energy_ratio_8__online_rank,0.5585064892229956,1.238463452996292,0.5023268236746905,0.14541242261468526,1.2732047517999374
ch1_band_power_q1__rel,0.4512361744093736,1.3628261990125905,0.6295477438723246,0.13305931320935674,1.2730294610112212
ch1_wp_energy_1__rel,0.517088075197756,1.7662284541134592,0.3642893718403349,0.3472822193910946,1.2657872193825435
ch1_std__rel,0.45082979993961025,1.4235177485860828,0.556547050304774,0.11162876815394467,1.2611748007524455
ch4_band_power_q1__rel,0.5227587298498906,1.1921859764395277,0.5820393351602632,0.14854022757418422,1.2604322492758946
ch1_var__slope,0.6153678504228135,0.8521442842770313,0.5181867136588234,5.7795439379973456e-05,1.2601375990706258
ch2_rms__rel,0.4396625010463697,1.132757297610953,0.7487653979386588,0.09925493342223024,1.257175547483322
ch1_total_power__slope,0.6146273273925247,0.8668010669102206,0.5004484178163843,0.00246130006281411,1.2538556083273806
ch6_wp_energy_8__rel,0.4434126654111028,1.5621056324516713,0.7267358200315871,0.5157572829040717,1.2536805553112458
ch1_band_power_q1__slope,0.6131353654195864,0.8651992741202981,0.5004348700113401,0.002483575711696559,1.2516385749107928
ch4_wp_energy_7__rel,0.46531444614163164,1.253057199838449,0.6373984870472417,0.1465411473680292,1.249695676996425
ch6_wp_energy_7__rel,0.4415157661183322,1.333534150929884,0.6535242213309452,0.1789269679173439,1.2492181785165744
ch2_wp_energy_2__rel,0.5051708386739089,1.1811807863847434,0.6154581652800691,0.16872491643671952,1.2485494679271463
ch6_wp_energy_ratio_4__rel,0.46102794477161435,1.0462921299956767,0.8062158343093762,0.19794179852460694,1.247472064133807
ch1_wp_energy_4__rel,0.40804028983723195,1.1483340466667102,0.716726100216411,0.0006022240996063573,1.2447498118384677
ch2_mean_abs__rel,0.4437525218506049,1.083278120073179,0.74458123511154,0.09316003421240099,1.2441887833982848
ch1_wp_energy_2__rel,0.4241457588946429,1.2930551423990035,0.6684037448882425,0.12968070733482842,1.241363446745102
ch3_wp_energy_ratio_7__rel,0.553503327575054,1.141102261229281,0.5806443329485418,0.25945792544930296,1.2367835609772497
ch5_q25__online_rank,0.548595984004935,0.8678738305414533,0.7590245441625882,0.2584014755138632,1.2342344059545087
ch2_wp_energy_ratio_8__rel,0.4330280348464155,1.2397977160402234,0.8147164503138213,0.35908428016584104,1.2326745885596924
ch5_median__rel,0.5175451383785172,1.0134016471136857,0.5324134370368351,0.0241601217984921,1.2083615764469462
ch1_ptp__rel,0.4899459635951027,1.1357926207853581,0.49974147079353776,0.01188835590490458,1.2071648615992174
ch5_wp_energy_7__rel,0.4545933646422473,1.4476020426605922,0.46598830517490797,0.16828021776322674,1.2041089076667493
ch6_wp_energy_1__rel,0.45020267355257926,1.2348682111946272,0.5287470910801604,0.047529195070526296,1.2016024966453607
ch4_q75__rel,0.41501403029252537,1.0622426921216337,0.7547913124592419,0.13691282497208737,1.195516108676702
ch5_band_power_q4__rel,0.4060500386994188,1.5646652423392253,0.4024282766524521,0.061027019699853066,1.1942639726519895
ch2_band_ratio_q4_q1__rel,0.5242592118992162,1.386640661411361,0.3211244650412732,0.12765155933523573,1.1939497745884817
ch1_spec_centroid__rel,0.5535165293581088,1.8868540407523424,0.015320413260947968,0.24375195924044224,1.1923801381166061
ch4_dom_power__rel,0.4506720108905373,0.9535662382205761,0.6845987651881071,0.04362553912707798,1.1907477775157744
ch2_wp_energy_8__rel,0.39473044727266404,1.1275339409228868,0.7994114599888118,0.22496672947107746,1.1897783190019102
ch3_wp_energy_ratio_4__rel,0.4709970942603148,1.084664979600006,0.5344062772486264,0.04088364134841512,1.1773437245611478
ch2_crest_factor__online_rank,0.4433202395648388,0.8234619994115939,0.7363765444948297,0.019773411495106002,1.1739503687642499
ch1_dom_power__rel,0.42374331983194646,1.307813360211759,0.5820435542004895,0.2145187973426616,1.1688947036295945
ch1_band_ratio_q4_q1__rel,0.6560721112335035,2.0261177275632813,0.055121854313360225,0.8414554617874496,1.1666281352507433
ch2_impulse_factor__online_rank,0.44081025036119614,0.8205461174081683,0.738583249190608,0.03886595640836877,1.16470011880208
ch5_total_power__rel,0.3997577361454874,1.060618713630591,0.6731919805193213,0.04916533012860475,1.1639977832713582
ch5_q75__online_rank,0.49853046540083645,0.882425822170589,0.6678521139171611,0.17729609320261216,1.1624975797341508
ch5_var__rel,0.3997480866736842,1.0554364069651991,0.6757767520748656,0.05321460933187336,1.162177738153893
ch7_wp_energy_ratio_2__rel,0.5511078185425271,1.4611985760830777,0.5130018673466463,0.680896973124993,1.161475188472765
ch3_band_ratio_q4_q1__online_rank,0.537707498146071,1.0970948828677884,0.43496525831695737,0.16920624055807046,1.155470164843406
ch1_mean__rel,0.5013889512017489,1.6908140173775696,0.21032642140703864,0.2966837885500189,1.1551529581854378
ch4_q25__online_rank,0.5097105233956127,0.844067616626067,0.6869002196217261,0.25289924231763433,1.145385627535075
ch2_margin_factor__rel,0.47014455104638464,0.8391782447727665,0.7394087855505175,0.20810639011135482,1.1447089873353018
ch6_wp_energy_ratio_4__online_rank,0.43350390658154647,0.8957225781112839,0.7429377637639918,0.1598589919365097,1.1430223224710676
ch2_impulse_factor__rel,0.45396722583054894,0.8944660626213063,0.733438702995596,0.20991590589649584,1.1423477899148653
ch1_skew__rel,0.5952692933630277,1.5353846253101553,0.10721321891037731,0.311790792622295,1.142021334540789
ch1_min__rel,0.5271986200711214,1.276808308669355,0.45556736957233945,0.3869649443577499,1.1419257128520819
ch1_rms_freq__rel,0.4974204111484144,1.7383194086650264,0.19320733754115965,0.34440662109113135,1.141295963561757
ch1_band_power_q3__rel,0.46235823592274494,1.004733561495565,0.6025410110884843,0.15020713679626024,1.1390758642584426
ch2_wp_energy_1__rel,0.3905423307501743,1.0349077124202126,0.7249891373778894,0.1486555625629896,1.138528841833059
ch1_wp_energy_5__rel,0.42139717714020675,0.9763986457843248,0.6584141358314785,0.0882638637420125,1.13651184327635
ch2_margin_factor__online_rank,0.4392654690519091,0.7396837330766899,0.7385765846841065,0.03581321789911346,1.1357638178455105
ch4_wp_energy_5__rel,0.4386171102398204,0.7934477753398208,0.688466265607128,0.010889523863059105,1.1350306553645895
ch5_rms__rel,0.374715738188544,1.0953733678614355,0.6434451217431584,0.06428064222592667,1.1269645829385635
ch2_shape_factor__online_rank,0.45722423230127673,0.7495608788709891,0.7252226554918643,0.1389105212376641,1.1155467412235935
ch3_wp_energy_ratio_6__online_rank,0.39751667728421625,0.9174498594571663,0.7349121981262918,0.14352363593091794,1.1123442322162853
ch5_std__rel,0.3598360934240865,1.0892940754036284,0.646199873741599,0.058959208243462825,1.1118468368304326
ch3_wp_energy_ratio_4__online_rank,0.4454396423445617,0.9726895301566918,0.5320127347566539,0.03365600183591228,1.1112523456074506
ch2_crest_factor__rel,0.4217765283005759,0.9185662696307793,0.7197299631011035,0.20489436354600013,1.1095908279659132
ch1_shape_factor__online_rank,0.5018843502310062,1.4443936450972896,0.22689274008249072,0.21267518244031677,1.1079652542294172
ch1_wp_energy_1__slope,0.5324379350545903,0.6948942884316174,0.5085258160722289,0.0027572722208743807,1.1076188830735352
ch6_band_power_q1__rel,0.38982918494057905,1.2745268105778957,0.4786277996413761,0.08954499888451235,1.1068010273300781
ch2_band_ratio_q4_q1__online_rank,0.554851446695368,1.1488894073187796,0.1965448984945396,0.04293089248820247,1.1055217657276035
ch5_wp_energy_3__rel,0.38212328481112134,1.10859130816322,0.6100051964222208,0.11200760056275895,1.1046427689846163
ch2_shape_factor__rel,0.3376565565417138,1.03560469903961,0.6901980878635843,0.027143624934420255,1.1039925364576728
ch5_iqr__rel,0.3920062530198265,1.0474165758367207,0.6224435833045675,0.10542527130018643,1.1032478057271082
ch5_wp_energy_2__rel,0.32890119955042874,1.2019560696929323,0.6500275276695935,0.10922197193727663,1.1017633939382279
ch5_band_power_q1__rel,0.3930411103322433,1.1330053308705352,0.6032549664512277,0.16938942324935274,1.1014010205810567
ch2_q75__rel,0.3800567627104787,0.9978507636345744,0.6529851686246955,0.0718051578214972,1.1013202437596863
ch5_wp_energy_5__rel,0.42942350550000175,0.8006939208649446,0.6888255871997365,0.08691455745857275,1.101042706202087
ch1_rms_freq__online_rank,0.4125913333463136,1.5095191497462905,0.3674394622699553,0.24064672053280106,1.1000475211541416
ch3_wp_energy_ratio_7__online_rank,0.4808906738707259,0.8359357482930401,0.5198146847287559,0.02180149467375873,1.0998248066253626
ch1_min__online_rank,0.5504331908766691,0.778709827333453,0.5070344674493222,0.1703171725899972,1.0972828962216727
ch5_spec_entropy__online_rank,0.39483557929128144,1.0849712827134868,0.6134399523872616,0.16428098101031843,1.0939527166295127
ch4_wp_energy_8__rel,0.3362180716723635,1.5671375006134358,0.6160920057567371,0.47011881202836436,1.0926470230105803
ch5_mean_abs__rel,0.34705503123492787,1.109528456249925,0.6367180027369604,0.08084408972902717,1.0919949641460631
ch1_shape_factor__rel,0.5227780775677828,1.6444964398895223,0.09649324711221201,0.3412011329323818,1.0842805286712769
ch7_wp_energy_ratio_3__rel,0.5130213530082313,1.3786342625090056,0.48754910083461045,0.6893258154282915,1.07373345024634
ch6_band_power_q4__rel,0.33059216577522066,1.4014638422121686,0.4113806112304624,0.03470083756503243,1.068277770155995
ch4_band_ratio_q4_q1__rel,0.4620594450295117,1.474716203919741,0.27923942753397896,0.314360933835326,1.0679714192056966
ch6_wp_energy_5__rel,0.3977192763693178,0.918837068121086,0.6186877468168699,0.09293892032720658,1.066833816483386
ch2_wp_energy_7__rel,0.34558462799986156,1.0300072688571449,0.7125706268628312,0.19718663755350227,1.0635441565306798
ch6_spec_centroid__rel,0.36466524586535987,1.056377051971963,0.7536457961595703,0.35185240711657173,1.0622205840390464
ch6_wp_energy_ratio_1__online_rank,0.40841060412746244,1.0552277861820736,0.8083988148236241,0.5818866918716159,1.059540395701862
ch6_q25__rel,0.33867858645388416,0.830354477700495,0.7425827357578637,0.05152299751298835,1.0535579678317248
ch1_median__rel,0.39940365553037527,1.6214332439210128,0.19486570161945305,0.1823377199365939,1.0502035903686586
ch5_wp_energy_6__rel,0.38859753739434066,0.7349336473924115,0.6730437984509279,0.019575661041330312,1.0480066755046635
ch1_wp_energy_ratio_8__online_rank,0.5471687267414989,1.1798179457968967,0.0815499362088579,0.039194051485680455,1.0459564273394462
ch4_wp_energy_3__rel,0.35622283812583544,0.9299390510440246,0.6566862513459002,0.10643222419963969,1.0412499495741987
ch7_median__rel,0.45161721381548503,1.1246080633755842,0.3208469742573208,0.07892100626140108,1.0392352410285242
ch4_std__rel,0.3614179669640947,0.8882364250728325,0.6386868412976866,0.058647800050629695,1.039193545132003
ch4_total_power__rel,0.3425888616769863,0.9066290597050646,0.6564335308363435,0.046516277462753435,1.0389256635894828
ch4_rms__rel,0.35511039272405687,0.9101721475348841,0.637771215812125,0.06118369279736977,1.0385415598512613
ch6_q75__rel,0.2944761178192352,0.9289165176905181,0.7022539953103024,0.005272831735882323,1.0334387171059478
ch4_var__rel,0.3515023559976038,0.862513519266189,0.6579383218503987,0.049628282964281796,1.033028501320751
ch7_wp_energy_ratio_1__rel,0.4776766824700971,1.4551707857506027,0.5832186975381947,0.9219418252083752,1.0328447705528934
ch7_wp_energy_max_ratio__rel,0.4776766824700971,1.4551707857506027,0.5832186975381947,0.9219418252083752,1.0328447705528934
ch5_spec_entropy__rel,0.3901742110464672,1.0071607723090281,0.6115815704854494,0.25507664166323346,1.0287909416441394
ch4_mean_abs__rel,0.35159944123639075,0.9142989474024703,0.640872819795394,0.08942922207019689,1.0279438401137924
ch5_dom_power__online_rank,0.4285248649535396,0.8076583450018275,0.5588926429064265,0.09690763841468238,1.027531052352929
ch7_q25__rel,0.407807446009238,1.18500756769714,0.35881507339023133,0.09591809132870842,1.0271177977037402
ch5_band_power_q2__rel,0.31899040001725987,1.0863437656659234,0.5594223262190132,0.04169979682215226,1.024197108534763
ch6_wp_energy_4__rel,0.3226583074133311,1.0049206268483233,0.6946271894149534,0.2024028545942848,1.0178503126218021
ch7_wp_energy_ratio_5__rel,0.4897978697382477,1.4365429491027313,0.5590448627534315,0.9524198561880888,1.0156954137465848
ch5_wp_energy_8__online_rank,0.41891521658047703,1.0271321874617283,0.5962027767625556,0.4034881564486317,1.0069936763125142
ch4_wp_energy_6__rel,0.3746439765409646,0.8123471722596847,0.6373934241989702,0.11456021133061332,1.0069001938296698
ch5_band_power_q3__rel,0.40470839757731203,0.729828284232021,0.6587366111394437,0.16441183315161828,1.0053801313398782
ch2_band_power_q3__rel,0.3983535633149309,0.8538170884181069,0.6163251780465785,0.20253820233842507,1.0051153776999309
ch4_band_power_q2__rel,0.3525216106797411,0.8519223725026426,0.5883751147463573,0.019360566161165528,1.0027767170777289
ch3_q25__rel,0.3079472930040301,1.1663147587454152,0.4897846764940895,0.04043793238714925,1.0021804836015753
ch3_band_power_q3__rel,0.36241302810343523,0.8843402991182461,0.6286029132527519,0.15025911577652806,1.0013143473723936
ch3_q25__online_rank,0.400198164567773,0.7167649390473252,0.5817123067010268,0.030793695999850944,1.0002496847767313
ch2_ptp__rel,0.3986080615783687,0.8710595850877212,0.6501350663171399,0.2895421488768752,0.9995742568844287
ch2_min__rel,0.3668606941226846,0.8785225865971222,0.6862312993645705,0.2625958676763182,0.9965483298077483
ch4_iqr__rel,0.33844546644295326,0.8922932860627553,0.6519662235318137,0.13388141089856276,0.9963155923372136
ch4_wp_energy_2__rel,0.3659771544456938,1.0106287500839128,0.5149968170785508,0.1265171522807382,0.9952621785145772
ch4_q75__online_rank,0.4351770750185011,0.7826108709532016,0.5719431871051198,0.21058241875027867,0.9934734936991901
ch3_skew__online_rank,0.39428349662260787,1.147956322953176,0.8660810037487804,0.9097095393822259,0.9934427725965305
ch5_wp_energy_ratio_7__rel,0.4439803291157567,1.3446101866673206,0.2123404974546358,0.23781739653080503,0.9925431121751627
ch5_wp_energy_4__rel,0.32881954246671663,0.947626539547096,0.7292296947093667,0.29433719176093837,0.9914291005286953
ch3_wp_energy_ratio_5__online_rank,0.36813257883609496,0.8780721840399583,0.5850247767035143,0.12763533470021435,0.9893623611755475
ch4_dom_power__online_rank,0.4163352237163529,0.689219427690817,0.5469310865348822,0.032030521911298876,0.9887969607050049
ch3_wp_energy_3__rel,0.278191205521223,1.1062719103922598,0.6113311470089047,0.12250883336759347,0.9865595338868762
ch7_wp_energy_ratio_4__rel,0.46610025781506637,1.4217373254451067,0.4944449814498612,0.8461546245115704,0.9861089687207344
ch6_wp_energy_ratio_6__rel,0.29292482874709025,0.9482920547718026,0.7005608475892542,0.1576386691945051,0.984254462747943
ch3_ptp__rel,0.3966022158593241,0.8146701340583697,0.4929905376491735,0.029128949246482707,0.9823466478364624
ch7_wp_entropy__rel,0.4562125703979565,1.386991886960618,0.5614593257185067,0.9116931674776223,0.9769910084019793
ch6_rms__rel,0.2920643993415344,1.1324896037275245,0.5620805559527203,0.1497363707924719,0.9743787765769524
ch1_wp_energy_6__rel,0.2561003007793994,1.0035277102135498,0.6705220781076545,0.08452688202939897,0.9721477636810021
ch2_wp_energy_5__rel,0.29935630712679284,0.8590724890940553,0.6668108228116818,0.07042772914565557,0.9720635563678369
ch4_wp_energy_4__rel,0.29677348186864805,0.9987319903518368,0.6850068401344421,0.23574014432413198,0.9702517382391528
ch2_spec_entropy__rel,0.3857761099227843,1.440656762210498,0.42539776296549914,0.5508828229458226,0.9697433692887237
ch1_kurtosis__rel,0.41434656388509117,1.3921372256769295,0.06910773827249747,0.0327153379776868,0.9695881370182089
ch2_wp_energy_ratio_8__online_rank,0.36993052739685695,0.8633889957397409,0.7317038717757722,0.40776774815066213,0.9688281462693951
ch6_std__rel,0.2823525406151639,1.1256723279435632,0.5668069123271464,0.1437587769549233,0.9660013393026348
ch3_wp_energy_ratio_3__rel,0.391302332806885,1.1366333528157053,0.46967119914491484,0.35749624828954674,0.9614497122014322
ch5_wp_energy_2__online_rank,0.35686220984794703,0.9981841910226605,0.47815065503643617,0.12822979433323062,0.960015329944082
ch1_wp_energy_ratio_2__rel,0.5616904754355083,1.1561003877848988,0.03009066367638341,0.2420915517361494,0.9543124806181323
ch3_std__rel,0.2570703751580312,1.1978882610180297,0.53160624088509,0.12049709517823891,0.9522477532045607
ch5_wp_energy_ratio_8__rel,0.4546095668569117,1.4585799248146176,0.1668147563795979,0.4385726241520785,0.9488211947832702
ch5_band_power_q4__online_rank,0.3167706143338498,1.227623334611026,0.39074431365205214,0.1378181369813498,0.9447888674462501
ch1_spec_entropy__rel,0.40354234408051237,1.7053693550543554,0.09218415381616933,0.4285888247805225,0.9414710486832982
ch4_band_power_q3__rel,0.3492165314861755,0.7931079064639257,0.6216141199960723,0.17872423451633343,0.94106023581429
ch2_wp_energy_4__rel,0.2974654042671243,0.9058226847343218,0.685709122819226,0.22953959369492277,0.9410510441082007
ch6_wp_energy_ratio_5__online_rank,0.36599937180510156,0.710273812293519,0.6000409661830105,0.11783471695340762,0.9399755237553065
ch3_wp_energy_4__rel,0.28826310888328677,0.7943529118591024,0.6281999011546886,0.004765603160319467,0.9389549234512683
ch1_band_ratio_q4_q1__online_rank,0.5596178744201972,1.052401394895122,0.1280151846974025,0.3403819036021451,0.9351948353983301
ch7_wp_energy_ratio_6__rel,0.4371127584933481,1.4129237641689518,0.5927096160402073,1.0465885237946304,0.9350316572958095
ch3_wp_energy_2__rel,0.24678361178559816,0.9885358200312284,0.6308092368999951,0.08904054486852454,0.9332303995661017
ch4_wp_energy_1__online_rank,0.4051804686124796,0.8025436514625106,0.47867319514049816,0.16512785756942874,0.9320643006635804
ch1_skew__online_rank,0.4303036909294935,1.202990724090406,0.2786740879144666,0.33515978362285326,0.9303456375390429
ch3_wp_energy_5__rel,0.2787530072701363,0.8519264770748349,0.6299805705213205,0.06373758760831291,0.9289837330971589
ch4_wp_energy_8__online_rank,0.3348810477342141,1.109576564589546,0.5188487435719064,0.3239233336739523,0.9287145922926419
ch5_wp_energy_7__online_rank,0.355463999756475,1.2606741964237203,0.4168276167956423,0.38489852180389256,0.9267870750866656
ch6_wp_energy_ratio_5__rel,0.32236850480233326,0.7764104902627036,0.6672713076132726,0.1918741992672519,0.9261922763182746
ch3_band_power_q2__rel,0.2952454014336754,0.8767737270606646,0.5954970890395141,0.09648121594924483,0.9253957194377727
ch2_wp_entropy__online_rank,0.30047175791775915,0.9401670604482795,0.5754344323259623,0.1449709973632572,0.9253264935685721
ch5_min__rel,0.2995092681850722,0.6526513022504354,0.6713280554255564,0.006514409831803746,0.9248385378341565
ch6_rms_freq__rel,0.2988664775485377,0.9911959848150431,0.6795670440577448,0.3563590679896307,0.9247079204240456
ch6_mean_abs__rel,0.27484166849966796,1.0487464801544006,0.5517522986004568,0.1376409315630033,0.9246765415868751
ch6_q25__online_rank,0.3381584011241152,0.6440166240052458,0.6401155328179424,0.07314081990731225,0.9238443157206718
ch4_median__rel,0.48407033887748874,1.1275208332550704,0.34201170075579373,0.5474676598788965,0.923602418862585
ch6_var__rel,0.26026567224116004,1.0657314567187974,0.5724170638725377,0.14808987882695995,0.9222961768573149
ch7_wp_energy_ratio_8__rel,0.4777239428791311,1.5076721490244687,0.5897217855083748,1.310474892812302,0.9188623588709088
ch6_band_power_q3__rel,0.34779290168577726,0.8328090144439124,0.5664486220554821,0.1925088159176237,0.9182240034690712
ch1_spec_entropy__online_rank,0.413695271421167,1.5292945144760823,0.07604819874099968,0.3378548692659113,0.9138951836943934
ch3_shape_factor__online_rank,0.3055338324586214,1.052174216799623,0.7368581663213069,0.561628536699257,0.9130501952163304
ch3_wp_energy_7__rel,0.28232006208774574,0.8510945289465139,0.6207801094997778,0.10660281106843565,0.9125532297787255
ch6_wp_energy_max_ratio__rel,0.2929968501160878,0.9614166561994222,0.7332227818924578,0.43173384851125923,0.9109580478594053
ch1_wp_energy_ratio_1__rel,0.5187202675054106,1.1720674425624558,0.018927270750431553,0.23232562735706103,0.9099119284905771
ch1_wp_energy_max_ratio__rel,0.5187202675054106,1.1720674425624558,0.018927270750431553,0.23232562735706103,0.9099119284905771
ch2_wp_energy_ratio_1__online_rank,0.3120146907878323,0.8655964349707634,0.6067745258071361,0.2050152376267272,0.9081455681309529
ch1_wp_energy_3__rel,0.3373527230692004,1.052435076454866,0.3587916342778628,0.0907480502975838,0.9050138533839938
ch2_wp_energy_max_ratio__online_rank,0.30840960866263556,0.8637090328140218,0.6067745258071361,0.2050152376267272,0.9035193870383771
ch5_band_ratio_q4_q1__rel,0.31394397748374026,1.42901912981617,0.17001358580097128,0.12067161070103338,0.8967674791129464
ch4_band_ratio_q4_q1__online_rank,0.34424584853697726,1.1853664396853114,0.3312373646960146,0.2260730278142274,0.8966036781283624
ch5_median__online_rank,0.34957688570810697,0.7950571111330489,0.4448789572528977,0.039926608923676624,0.8935136765412918
ch7_wp_energy_ratio_7__rel,0.4379159286571985,1.4451139702556532,0.5905040893227845,1.1981025685370912,0.8929387612519466
ch6_band_ratio_q4_q1__rel,0.3420373593067325,1.5756729211728353,0.19051001136802187,0.39881374224174976,0.8929223141156977
ch6_wp_energy_max_ratio__online_rank,0.3070994649511918,0.8984671248818845,0.7351513876555404,0.49649986349069275,0.8828312161437755
ch3_rms__rel,0.2595854213679192,1.0196277101213482,0.5009023162726981,0.10802427383825494,0.8801014401537778
ch6_total_power__rel,0.23570069416980965,1.0274816125006283,0.5700782154839631,0.15072476004032434,0.8796786804640767
ch1_std__slope,0.41217305895764267,0.5734575430856101,0.4132758866285513,0.004966923908168761,0.8796638192112146
ch5_ptp__rel,0.2819627863892724,0.653054011148551,0.6674512262398129,0.07762146363815789,0.8786586310887343
ch7_q75__rel,0.3448796859591272,1.0739136039078758,0.25906875875062524,0.05550918370916808,0.8782970189374315
ch6_band_power_q4__online_rank,0.2802788935681306,1.2354448684354158,0.3657548814131141,0.1860012525698982,0.8767772332550877
ch6_wp_energy_6__rel,0.2982461220906665,0.7946050388427417,0.5823578726973506,0.14304105782462306,0.8764149576396176
ch1_wp_entropy__rel,0.4912060628552757,1.1348426650730685,0.02818529823195118,0.22016616842083356,0.8759653569966587
ch6_q75__online_rank,0.33687064523375065,0.7457324650383357,0.5120896625948631,0.10725173206131704,0.875675280726257
ch3_mean_abs__rel,0.23658188768562272,1.1009526543042565,0.5131458303748134,0.1493467006215837,0.875532366949268
ch6_wp_entropy__rel,0.2579578422480344,1.0626495725487337,0.6588802928982623,0.4089508394258738,0.8749323441598831
ch5_rms__online_rank,0.38663542378487015,0.6358152987152237,0.5303373324289321,0.19029355122178307,0.8729171106219742
ch3_band_power_q1__rel,0.23838416456650302,1.0288518152684718,0.5098641202521051,0.08929169241523403,0.8714938901604445
ch3_total_power__rel,0.23691294915895234,1.026672551105467,0.5098906064490815,0.08928896921993634,0.8691283312817782
ch4_spec_entropy__online_rank,0.24879835721389876,1.0080487201157022,0.7166937522861491,0.4396047736507291,0.8668151379554112
ch2_min__online_rank,0.2873136585920326,0.6090235205149952,0.6280369294367277,0.02236038054394104,0.8667974346313051
ch2_wp_entropy__rel,0.3027228802815649,1.0958775085561694,0.6614452349647432,0.6103251804661225,0.8667333623718465
ch2_wp_energy_ratio_7__rel,0.23850714195034417,0.9110232706397046,0.7684200781023331,0.3979948973101478,0.8645488297670068
ch3_iqr__rel,0.2430573823049038,1.1238385888505618,0.5003184948618244,0.20865719448279438,0.8628517807381162
ch3_var__rel,0.22973634621335348,1.029087234727565,0.5111788200648522,0.0904797906366531,0.8623709373021767
ch6_rms_freq__online_rank,0.29622273577757885,0.9142722579783893,0.5949930884361775,0.3204729007355299,0.8609209830302351
ch1_margin_factor__online_rank,0.36056044196546133,1.000801874964278,0.24259668796164485,0.06000203102112022,0.8593246099210173
ch6_wp_energy_ratio_8__rel,0.3592095526626726,1.5974440015773754,0.12413138270503385,0.46890079525048023,0.8583928906311218
ch5_wp_energy_1__online_rank,0.39736172853400276,0.7431995345924394,0.5026523956905763,0.33211272412130893,0.8574371026821158
ch6_shape_factor__rel,0.2864077843174788,0.6829070088578257,0.6030193564936999,0.08382345842953119,0.8563884514706648
ch1_wp_energy_ratio_5__rel,0.43151043739758776,1.205825351121621,0.0027483296816515766,0.12254071656878812,0.8553226845557464
ch6_kurtosis__rel,0.29632251089522743,0.6458679517350316,0.6059021798021217,0.08872479781587053,0.8542010647476235
ch3_min__rel,0.3037022328619361,0.7357382520455298,0.49474500208817757,0.03383803377878302,0.8518472836899887
ch6_wp_energy_ratio_8__online_rank,0.40828227883511103,1.234962135204476,0.19146280295536502,0.3851654832809134,0.8518438765173199
ch6_spec_centroid__online_rank,0.28469677484365574,0.8770256979257973,0.6753373403578329,0.4049460685856428,0.8498298597938835
ch4_median__online_rank,0.4437085541260284,1.064652911293949,0.348462307737401,0.5820913889887431,0.8486302116010238
ch7_wp_energy_1__rel,0.32931110972108213,1.0382606589115433,0.30264150610489815,0.12710181584075644,0.8476006441256597
ch2_wp_energy_ratio_5__rel,0.24875876224730042,0.7995961183160416,0.586348053430508,0.08223365330292548,0.8472029306134006
ch2_spec_entropy__online_rank,0.3991183029266814,1.054488555929546,0.2946640565869943,0.36945474486403573,0.840857198215125
ch1_rms__slope,0.39980146544875406,0.6212808949751247,0.3244618208759039,0.0015013393386067626,0.835158457948158
ch4_band_power_q4__rel,0.29040977643216026,1.3723124684367942,0.1543429922012385,0.1421779169120776,0.8348864928197084
ch7_min__rel,0.30856545800723145,0.8067485482854728,0.4547130175316829,0.10750882100148466,0.8342480679997762
ch2_wp_energy_3__rel,0.2734265635814075,0.9875387176565518,0.5909798564256397,0.3986246688484055,0.8319280580565013
ch3_dom_power__rel,0.22288672207079174,1.018177353489183,0.5021730443106419,0.1327833982834534,0.8312584529707293
ch5_total_power__online_rank,0.3635815558556801,0.6182855625683445,0.5079453779611337,0.18625957994821896,0.8305187632369156
ch4_wp_energy_ratio_8__rel,0.3693189026339525,1.5958825112324337,0.3766979441717489,0.9796985647506438,0.8290990434604362
ch5_min__online_rank,0.303802310676516,0.4909947916475388,0.6575883881028601,0.11755254627888503,0.8265609410797695
ch4_spec_entropy__rel,0.30789258968594146,0.8637623969175787,0.6668558259074293,0.528291560506757,0.8228673456474094
ch2_band_power_q2__rel,0.22011460836231178,0.951091792466586,0.6316413253890755,0.28560850520005715,0.8224479487058197
ch6_median__rel,0.44770103880845613,0.7704727080869604,0.1252710861048379,0.03309483448331575,0.8194524958082383
ch7_mean__rel,0.2827204055723964,1.0752261884869254,0.2983468513020745,0.09739814749043632,0.8173230286945482
ch3_q75__rel,0.25172722174432294,0.947167923172104,0.4326060869486215,0.08837623561587796,0.815410382385176
ch5_mean_abs__online_rank,0.34586274721404386,0.6450104230121378,0.506355483050408,0.1998125693697121,0.8147637863880217
ch5_wp_energy_5__online_rank,0.34596734519950223,0.563422516796515,0.48099793288961457,0.0822540124929049,0.8135219193150041
ch5_max__rel,0.2694197728766472,0.5098338503062996,0.658861119704345,0.073679150044926,0.8113895110931825
ch7_mean_abs__rel,0.2766202606747863,1.0750794139169004,0.29888801352843747,0.09891789348487408,0.8103272263341148
ch4_wp_energy_ratio_2__rel,0.4136738513480003,0.8800464281115983,0.37150941537964155,0.45217478774047104,0.8091264890714978
ch7_rms__rel,0.29478634735698606,1.05016744601506,0.27979934105023674,0.11303520765136944,0.8061509030976066
ch5_var__online_rank,0.3271615587648491,0.6529700221796828,0.5129024423905257,0.18601733465395057,0.8054074985901295
ch1_wp_energy_ratio_4__rel,0.46843411901900933,1.1477319122621368,0.038828717889121095,0.38769487126676383,0.8026462901083075
ch2_iqr__online_rank,0.3928046319752385,0.5780443633332775,0.38131838610972074,0.12220471744390574,0.801354083594389
ch6_iqr__rel,0.2205480982380963,0.8652812276517703,0.5379489584484451,0.11975318459413617,0.7994096502787228
ch6_wp_energy_8__online_rank,0.3272421910565757,0.9888609150764966,0.5514904000274737,0.6001769265768475,0.799325526152221
ch4_max__rel,0.2810043414879333,0.49903257473270024,0.6260962408196191,0.08522553323224948,0.7982901726126751
ch3_shape_factor__rel,0.2699187325751884,1.1642570982040947,0.6583214107029488,0.7666651367254849,0.7981445682368427
ch2_wp_energy_ratio_4__rel,0.2655904783243639,0.813796368944173,0.6109534022739745,0.33201814728126317,0.7967962749895049
ch4_ptp__rel,0.26337438921840906,0.5270006393949762,0.6152832157453509,0.04593820908199569,0.7964894474097362
ch4_iqr__online_rank,0.37627363168646766,0.7039955852605031,0.426791998375923,0.28160049695880424,0.7964748748674667
ch3_wp_energy_1__rel,0.2110372237435314,0.9231270739319988,0.4929420655647954,0.08541490177841371,0.7964583424322768
ch5_std__online_rank,0.32213609624848116,0.6415502394453743,0.5129024423905257,0.18601733465395057,0.7958825658651167
ch6_wp_energy_7__online_rank,0.29661737289359147,0.9093039007888883,0.5245880397668492,0.40444754425887947,0.7915022568402209
ch2_wp_energy_max_ratio__rel,0.28913483776212656,1.1124370341092074,0.5842024839625237,0.6830353987771299,0.7896502600839543
ch2_wp_energy_ratio_1__rel,0.28913483776212656,1.1124370341092074,0.5842024839625237,0.6830353987771299,0.7896502600839543
ch6_wp_energy_ratio_6__online_rank,0.24859748659998004,0.7489376379194348,0.6332796102830366,0.2721724888121513,0.7886288231031973
ch1_wp_energy_7__rel,0.23444194616572855,0.9725958893447131,0.43220780955125665,0.13640285715589068,0.7882679973015805
ch5_iqr__online_rank,0.3276965283065676,0.7040966954558172,0.48606571233571977,0.24600830457548672,0.7881332597299858
ch5_band_ratio_q4_q1__online_rank,0.28472267409529484,1.1028859308344683,0.18154092250077647,0.031242298782693294,0.7881177200983726
ch3_max__rel,0.27570783126014176,0.711679056247859,0.4505155845617898,0.03465656921101717,0.788020056358035
ch1_wp_energy_ratio_2__online_rank,0.4123080030608697,1.0334546314692594,0.08386102426843955,0.21121441358848356,0.7874464429728699
ch2_wp_energy_ratio_3__rel,0.3262526875486842,1.0481382481123949,0.5351765802375035,0.6782582311633922,0.7826830813663305
ch3_dom_power__slope,0.4320084054116018,0.5175347537589481,0.23874987433084227,0.016973686972944494,0.7817180502098265
ch6_wp_entropy__online_rank,0.22861402057863311,0.9791187610058412,0.6195456654025134,0.43905194686763915,0.7812489235562495
ch6_wp_energy_2__rel,0.21991034245055996,0.8446793330122708,0.544325943994083,0.16105322263353358,0.7805497845249196
ch3_min__online_rank,0.33505912992642717,0.4025923660184003,0.49849465301105006,0.01090057176176167,0.779829230064971
ch4_wp_energy_ratio_5__rel,0.31021745204674533,0.6233945155226368,0.5857058217516121,0.30106104373083803,0.7761941143419362
ch5_band_power_q2__online_rank,0.3129064230289129,0.7505309659945825,0.44044669376179235,0.2096217953151448,0.7757609566385933
ch3_wp_energy_6__rel,0.19198103722714732,0.8712605568253475,0.5543632282054044,0.1335035356193697,0.7742938738849267
ch5_band_power_q3__online_rank,0.2744019102292239,0.5852290617082243,0.49235986907869567,0.01716221623222818,0.7714634251620276
ch1_impulse_factor__online_rank,0.2924953405211579,0.9702543769696255,0.24085232628736422,0.07572523001656502,0.7672988554648953
ch7_iqr__rel,0.3611713183899474,0.9867902094985075,0.10385603484584259,0.0951796593457372,0.7664729619476252
ch2_rms_freq__rel,0.23857865552499558,0.9180147533866103,0.6563437121577476,0.5217832258112075,0.7621065974156473
ch2_max__rel,0.30092770195101215,0.6289043256624849,0.5934899509691781,0.3317607044529145,0.761440212602511
ch6_ptp__rel,0.23223072426076152,0.5297388088836223,0.6259031962901523,0.07054862764623943,0.7604171180795055
ch4_band_power_q3__online_rank,0.28699428940049443,0.6277533024908117,0.41911874310872577,0.016492647874062093,0.7601502561662055
ch4_wp_energy_7__online_rank,0.2697986468751681,0.8542649422592037,0.5222198635545652,0.3528038648605572,0.7595108136072221
ch3_band_power_q3__slope,0.4659874690548458,0.4507039596829432,0.16433712534013747,0.020728562725421878,0.7534630238325385
ch6_wp_energy_ratio_7__rel,0.3011148756123092,1.1269208427759612,0.2690846664914667,0.3458101439952362,0.7526116743171005
ch6_dom_power__rel,0.17526821085984046,1.0421634084948228,0.35291090161929,0.002019526573139634,0.7509463865090231
ch1_q75__slope,0.36140307877682387,0.5648439010836377,0.2779298909427344,0.0019675226869408603,0.7474115591118541
ch4_wp_energy_6__online_rank,0.30479578425746,0.5910397448845428,0.4298147079530285,0.09529564105914683,0.7451838883962604
ch3_wp_energy_ratio_3__online_rank,0.20412127591596319,0.8602875537546968,0.40382221156683906,0.012552644189823582,0.7433428382170266
ch1_margin_factor__rel,0.33092426173894895,1.0531345047646035,0.10918205747110334,0.1443275976957144,0.742149236996062
ch4_min__online_rank,0.27349891026039264,0.3940736454442524,0.6122862483986359,0.10791338235247655,0.7377623299878033
ch5_wp_energy_6__online_rank,0.286546461329112,0.6120156328930557,0.5048662368522423,0.19944095894370334,0.7372786736130299
ch4_min__rel,0.24869908630688053,0.4480945024425522,0.5886666035477714,0.05294138263493691,0.7356392188215082
ch6_max__rel,0.23004310798650596,0.48229052298253405,0.6290436154435035,0.09447231049918216,0.7347577816482566
ch4_mean_abs__online_rank,0.3065756198209624,0.6632659803252561,0.43154719563192734,0.2096811687532785,0.7333388234508109
ch1_mean_abs__slope,0.3165253228143481,0.6265482068904102,0.30079713381724393,0.0015850845941621082,0.732353371498954
ch4_wp_energy_5__online_rank,0.29402635929016685,0.6011472997523772,0.48570192330593664,0.19619617019918723,0.7322979483810652
ch5_skew__online_rank,0.24385420081887887,0.5931494317721855,0.5874954405485081,0.19750577051687937,0.7298373946418035
ch3_total_power__slope,0.39505899620712226,0.49901581568723063,0.22736803047789422,0.014304193972641698,0.7292663801907825
ch3_band_power_q1__slope,0.39469928008869326,0.4986054770003854,0.2273729995690177,0.014280596131272985,0.7287380661647116
ch2_band_power_q4__online_rank,0.4317794139844817,0.7173475115462806,0.29540302702671234,0.4591320248764442,0.7278044405820644
ch1_iqr__slope,0.34984671686168456,0.4302532430826904,0.354109062595126,0.009639513839830314,0.7268061782101733
ch5_skew__rel,0.23868670901394173,0.6205953437014178,0.6113413195836725,0.2603023621400187,0.7248956492328456
ch3_spec_centroid__rel,0.3297693249227922,1.4637110143916,0.4794835616339486,1.1829643735920277,0.7247235405935935
ch1_wp_entropy__online_rank,0.38769512139349227,0.9908621710630694,0.0833877753794041,0.27386732634709715,0.723276105642104
ch2_wp_energy_6__rel,0.20973640385845393,0.8973624789352765,0.6168919826618727,0.4595239399358173,0.7232441233581401
ch1_band_power_q3__slope,0.40006480538202926,0.4666198868155145,0.21485510897752227,0.001060232919659065,0.7211874747214188
ch5_wp_energy_ratio_8__online_rank,0.4046567498311979,1.0599372844468977,0.10537578387216903,0.4458019099864962,0.7180264870051511
ch5_rms_freq__rel,0.3384530025196286,0.8406646811267198,0.21022577385852848,0.1837519276641766,0.7178419421056723
ch6_shape_factor__online_rank,0.24161516778403835,0.5762904208519908,0.4690523663527592,0.022188597585112886,0.7176911241998669
ch1_wp_energy_ratio_5__online_rank,0.38707915495348755,1.007036573532912,0.00787986697077151,0.1897297349691475,0.7161783907800783
ch1_impulse_factor__rel,0.2950557606298243,1.0159784371505918,0.10901967130061463,0.0718124781884046,0.7149802415449102
ch4_var__online_rank,0.2897715027004273,0.6680091911137489,0.40724028886724983,0.1801301011106757,0.713488493348533
ch6_min__online_rank,0.25063737044672396,0.39265705426439235,0.5504206786351039,0.009140220907766264,0.7126633724155227
ch4_band_power_q4__online_rank,0.24664535715128721,1.1665186785211104,0.14656482325720196,0.14180613424528926,0.7105699361544143
ch6_wp_energy_5__online_rank,0.2760908004159257,0.6015496377246787,0.419728166216159,0.12065723928708287,0.7028627113295643
ch1_wp_energy_5__slope,0.39481412250793535,0.49175682084430283,0.20872864152625487,0.053766437774458616,0.7023929216726146
ch4_wp_energy_ratio_8__online_rank,0.37197026204946804,0.8565271676690314,0.30059398318901853,0.4911873757277348,0.7023629061878289
ch7_q25__online_rank,0.32415702472891517,0.8563012911268189,0.3811750827291072,0.46748385161755734,0.7023051265310573
ch4_std__online_rank,0.27858575580127387,0.6674609792827275,0.40724028886724983,0.1801301011106757,0.7009922976186069
ch6_kurtosis__online_rank,0.24606168943796702,0.4667562808390122,0.48513616975238993,0.0021099932771524144,0.7001189523922292
ch4_rms__online_rank,0.27385623995303243,0.6679575402069182,0.41444409347529215,0.18232944176662144,0.6991559498138502
ch5_ptp__online_rank,0.24461840379137145,0.5323933548340252,0.5004123132801553,0.09506818101962766,0.6973708273096333
ch4_wp_energy_ratio_4__rel,0.2248716444221579,0.8215912687437794,0.5093410530204905,0.33957669301367605,0.6962014895311797
ch7_median__online_rank,0.29625385200554666,0.9057751613930463,0.3506311985865629,0.4011866445790278,0.6953323773136173
ch1_wp_energy_ratio_3__online_rank,0.3395708999601752,1.1110368215297872,0.24376349012187662,0.575150815339065,0.6951580116899777
ch4_band_power_q1__online_rank,0.3241063755176403,0.6034397857279483,0.3691863574778854,0.23560399016814548,0.6883120381281724
ch4_wp_energy_ratio_5__online_rank,0.24076408724174003,0.590916026332998,0.5040728525103285,0.17616990113068293,0.6872417086674052
ch5_spec_centroid__rel,0.30605203857143737,0.7376598113007504,0.22185583951173637,0.08505451098716581,0.6870898092697907
ch6_median__online_rank,0.2955323567488266,0.7935419788060964,0.21363667054329058,0.0968865912959063,0.6864151468510856
ch3_wp_energy_7__slope,0.4558313309096742,0.43834941277357586,0.05975027367547152,0.006552826051828652,0.6854059198747626
ch1_crest_factor__online_rank,0.25170442637508406,0.8372140490876703,0.23776302270321972,0.046735163020973,0.6843121416227075
ch6_min__rel,0.20293218195559004,0.41849814531995877,0.5860962704854459,0.024610903584744864,0.6834388835254692
ch4_wp_energy_ratio_2__online_rank,0.3119274505779077,0.7241076256830383,0.442080133610759,0.4536671722071484,0.6809184278381775
ch6_wp_energy_6__online_rank,0.24990543076669502,0.6092842575205846,0.36038629322636284,0.018518240084141515,0.6798765412206191
ch4_total_power__online_rank,0.2676320530460401,0.6389405270560853,0.4077097772372374,0.18091956650336063,0.6789429720245782
ch5_wp_energy_ratio_7__online_rank,0.2654410283156654,1.0379167276716403,0.1936910088499987,0.2379150854540262,0.6785157607908963
ch5_wp_energy_4__online_rank,0.2761627033724696,0.751486635120814,0.4947208548795644,0.4590976726096423,0.6782115807723871
ch6_wp_energy_ratio_7__online_rank,0.24545749681983153,0.992534286836444,0.2571926305313508,0.23376900260864225,0.6770270427737882
ch6_band_power_q3__online_rank,0.25648180904958795,0.5902580600023377,0.3677502529103089,0.04352591731959652,0.675748878994176
ch6_band_power_q2__rel,0.24331308415184072,0.8057104362254757,0.39762293046934444,0.26660251028655035,0.6750247784037882
ch1_wp_energy_ratio_3__rel,0.3132633055427634,1.2792459268100846,0.13874088768784637,0.5535812371915403,0.6748797656918458
ch5_wp_energy_3__online_rank,0.26870838073072334,0.5871241112518324,0.3507014578274636,0.06311777984317157,0.6718672366019319
ch3_var__slope,0.36473202673137717,0.4283590858515467,0.22718933071032213,0.016105503600270927,0.6704481150831386
ch1_max__online_rank,0.39194477435529307,0.6967027064257829,0.17215179209453885,0.2876366724739665,0.6689958493259545
ch5_wp_energy_ratio_4__rel,0.22291716838982034,0.6635875330740832,0.594468252641213,0.39041248297642633,0.6677776917156495
ch3_wp_energy_1__slope,0.3387604718861532,0.4313665977945176,0.2804285011546392,0.028822764257353577,0.6677625364478275
ch4_wp_energy_ratio_4__online_rank,0.276400110009031,0.7476999039814727,0.4569625919422208,0.42958133829132983,0.6667110445697055
ch1_q25__slope,0.3081199459463124,0.588633482838889,0.22352578186602856,0.0066094420286754675,0.6655795348508341
ch6_band_ratio_q4_q1__online_rank,0.2302259102635409,1.053654636878751,0.14638765688290034,0.10919732906370623,0.6643217703107558
ch1_spec_entropy__slope,0.3060803885955705,0.3905152929571942,0.3566130592783859,0.018952480010480135,0.6628725945895897
ch2_band_power_q3__slope,0.42122008136332156,0.42203380024487425,0.1272092015428522,0.052038139979819216,0.6628056314409917
ch1_band_power_q2__rel,0.19891807025752417,0.8574282911127815,0.28952225988647246,0.046445772365831965,0.6618910017822689
ch3_margin_factor__online_rank,0.2099401938871861,0.585746565921275,0.5972454585422171,0.294297052759573,0.6614265450807197
ch5_max__online_rank,0.23969742586260168,0.41954123701792057,0.519836811718581,0.10238647340708272,0.6605815821578747
ch4_wp_energy_3__online_rank,0.2430633492184584,0.5976374600323076,0.3496165626540497,0.030628221535512333,0.6581120270739099
ch6_mean_abs__online_rank,0.25676641144177603,0.7184639868402534,0.28409537892628334,0.1032940594982682,0.6540049855651042
ch6_wp_energy_4__online_rank,0.2476593192032681,0.7042693223800436,0.5128805631768876,0.42008730351064766,0.6539732674751717
ch3_wp_energy_8__online_rank,0.2677427989525911,0.47939011610984794,0.4204310263839878,0.12260272736747815,0.650629729418873
ch1_wp_energy_ratio_7__rel,0.3855423079273421,1.3412368868796944,0.16552832413636726,0.9622283458708286,0.6477901063481815
ch5_band_power_q1__online_rank,0.2869745381383486,0.5694670090796081,0.38353862283802403,0.23058948287838368,0.6452253686835252
ch3_wp_energy_8__slope,0.38163278811152024,0.38220446851270173,0.17003536026864224,0.011002754487425152,0.6432361149792724
ch3_wp_energy_6__slope,0.3914889570459634,0.49135132594781306,0.07974444313152693,0.010324397874557661,0.642856721298539
ch5_wp_energy_ratio_3__rel,0.2711212850989746,0.9281279672657132,0.07657886158349508,0.06715283806188971,0.6416930827011327
ch1_ptp__online_rank,0.31191919686645764,0.4671959499220586,0.3492115411520823,0.16790660369098898,0.6399287353676231
ch7_band_power_q4__rel,0.30331845437700267,1.0343021847994756,0.061069060294609935,0.25780588041881763,0.6390119895099686
ch7_shape_factor__online_rank,0.22129948008596534,0.6766190642744494,0.3196956359449736,0.06271657177010187,0.634127900240819
ch1_kurtosis__online_rank,0.23282412352894055,0.9930194054788544,0.13476701008311062,0.1306008891279585,0.632074872150359
ch4_band_power_q2__online_rank,0.26891968554968404,0.663928065791966,0.29627012597553753,0.18211475555775478,0.6273948819731721
ch5_wp_energy_ratio_4__online_rank,0.23594705722629938,0.7028041996285466,0.5165696096016157,0.46591786990735085,0.6265652636322365
ch1_wp_energy_6__slope,0.3533294697467739,0.46793645635271375,0.2114455155371177,0.12917154028642017,0.6235251708900689
ch7_wp_energy_ratio_8__online_rank,0.21136065715913688,0.6417188056442855,0.45563879682148245,0.24777957199058911,0.6209767929056597
ch1_wp_energy_2__online_rank,0.2611738154677694,0.4887190505968264,0.31706425408399413,0.0472326353297104,0.6161967821042338
ch1_crest_factor__rel,0.2190287072681607,0.9442247040083926,0.10173174809188894,0.037015540869159855,0.6144072465442472
ch2_wp_energy_ratio_6__rel,0.21089479522691468,0.93595286878445,0.49765965571119564,0.6301698092622782,0.612721156223524
ch3_kurtosis__rel,0.37869225976644705,1.2054700750777152,0.21007360714103243,0.9829631186563034,0.6099794044181538
ch4_ptp__online_rank,0.2565509621425466,0.3732876948077011,0.4028026157166284,0.07759564181065179,0.6072397155499142
ch5_spec_centroid__online_rank,0.21922526993361857,0.5943223634659547,0.2894076167887042,0.0035230495718112337,0.6071017460237179
ch7_wp_energy_ratio_7__online_rank,0.1632833865614316,0.7440125444875716,0.39511468519115306,0.14406153809263952,0.6069076543109353
ch2_wp_energy_ratio_5__online_rank,0.21069256772296008,0.6431312202653081,0.373027923552127,0.1577308923327881,0.606817297225308
ch3_rms_freq__online_rank,0.342927347849717,0.9160899860571803,0.2330862633542819,0.6294679369886383,0.6057352446535336
ch7_q75__online_rank,0.24672723682346986,0.7976099991016148,0.3060766163366013,0.32428852684362225,0.605404614781245
ch2_wp_energy_ratio_4__online_rank,0.2058722866053595,0.6973426422625133,0.45042927714947856,0.32410149358783447,0.6048300197342462
ch3_mean__rel,0.16743310665142075,0.7104131542315173,0.4047648280080146,0.15226246416025557,0.6021498142459125
ch4_wp_energy_2__online_rank,0.18246362940880245,0.6910150859288122,0.3535736698550074,0.10730760417306792,0.5994731293844472
ch5_rms_freq__online_rank,0.2277821289240931,0.6633775623094533,0.23237944031029698,0.0357818025518231,0.5980275499023363
ch6_skew__online_rank,0.3014969910690384,0.6550658225798403,0.31970745084506536,0.4000733658569851,0.5967331479937273
ch4_wp_energy_4__online_rank,0.2350830560331254,0.6498532012572356,0.4533901664707898,0.4020561240459208,0.5946849302193326
ch2_wp_energy_ratio_7__online_rank,0.1763220335503004,0.573333344437585,0.6102669525933329,0.3933351701226172,0.5926004218419023
ch6_total_power__online_rank,0.25054201458305725,0.6952317969610364,0.22610679252003366,0.15631666247008763,0.5885752489992137
ch6_rms__online_rank,0.20317630867730196,0.6925440465360357,0.2797290236441046,0.09152655900078487,0.5877010231866274
ch3_impulse_factor__online_rank,0.1810210742266598,0.5137199968685993,0.5625896650671071,0.28961578765235335,0.5869839706619208
ch4_spec_centroid__rel,0.15654076004532835,0.6648048890990097,0.34165703371959594,0.024819487569825494,0.5841010951308535
ch4_max__online_rank,0.2446778956231781,0.3593674593604015,0.4116469205913364,0.11027610425249511,0.5827334657984983
ch6_wp_energy_3__rel,0.18523022778320608,0.6934443279588742,0.4968472560765048,0.3927385638464638,0.5822662588429481
ch7_wp_entropy__online_rank,0.25290458383421455,0.6796335389875239,0.44368930232672155,0.5167712836213857,0.5792259478754813
ch1_wp_energy_8__slope,0.3043628248696182,0.34793843341721375,0.22411482277322434,0.009638289078346532,0.576467310400457
ch6_skew__rel,0.2994841542776969,0.6592555211980216,0.34933207730819915,0.5054406438832608,0.5754004192851424
ch1_band_power_q2__slope,0.34863591776023917,0.4549391488413108,0.13363006420407578,0.12221698411897229,0.5734488025013232
ch6_var__online_rank,0.23110070343445055,0.6494117371089807,0.24873593837659694,0.13161534335946481,0.5722442776973545
ch2_wp_energy_5__slope,0.36630022823755404,0.4738728862245094,0.06853557990353719,0.10012817628177871,0.5714354684882107
ch1_wp_energy_4__online_rank,0.2679116160627939,0.46664301058016067,0.27180711066557933,0.11251555643675365,0.5681412974853345
ch3_wp_entropy__online_rank,0.21197550207124793,0.8137977988886105,0.13002691479543801,0.07779361153466563,0.5622893209897443
ch6_iqr__online_rank,0.2269002820638839,0.710392131674666,0.1951204374915399,0.12801767804666836,0.5607376096604184
ch4_wp_entropy__rel,0.13638323109853712,0.8444721849369952,0.24488439238795184,0.05743008641394769,0.5601727045048309
ch2_wp_energy_4__slope,0.3595116631218025,0.3770163514019358,0.15350061579888047,0.153298003738065,0.5581895898057219
ch7_shape_factor__rel,0.12447905551862304,0.8215600859239323,0.2713689955046722,0.05797871120006645,0.553433389751408
ch3_rms_freq__rel,0.33037528648607317,1.0163462265074248,0.17454567881208752,0.7524396035022992,0.5517802565331226
ch5_wp_energy_ratio_6__rel,0.18950720087188277,0.5922002030633466,0.41071334657955694,0.25787715484554247,0.5513633284540589
ch6_std__online_rank,0.2121249189996124,0.6482158714083113,0.24873593837659694,0.13161534335946481,0.5509523618237981
ch1_wp_energy_ratio_4__online_rank,0.3544199319396386,0.8334078760738626,0.013270054788039151,0.3949993745064749,0.5506034308156098
ch7_wp_energy_8__rel,0.23786225911340897,1.0426944190036438,0.05409133029896844,0.3054489855325693,0.5494346184040586
ch1_wp_energy_3__slope,0.2861010810363651,0.4425772545071851,0.22898396953560096,0.13286649915968587,0.549051136756207
ch6_ptp__online_rank,0.21191794468838454,0.3417387003951826,0.36281697577141486,0.015192472910306646,0.5469502554512078
ch1_wp_energy_8__online_rank,0.2559227291984225,0.35880372911446523,0.3711038177637142,0.20380390759758593,0.5398720394192155
ch2_wp_energy_2__online_rank,0.29402556107917643,0.4405593944554189,0.3379089631618986,0.3533532513940516,0.5398001969976168
ch3_wp_energy_5__slope,0.3176326178476563,0.4267448471154536,0.09857397013596597,0.044591883725838666,0.5373651003935684
ch6_wp_energy_1__online_rank,0.19338352224376987,0.6716769831904292,0.23007939601757516,0.10685571955195432,0.5369529845512794
ch5_wp_energy_ratio_6__online_rank,0.17989538062388943,0.49578326757507707,0.45726264826576224,0.24766563312417214,0.5362205472902644
ch2_wp_energy_ratio_3__online_rank,0.24388093803734834,0.8399533124069718,0.40230928500808444,0.7134529577525014,0.5338142627245943
ch6_band_power_q2__online_rank,0.22655868561985693,0.6790647447433464,0.19394882611402034,0.17107883285947195,0.5336814777039098
ch6_wp_energy_2__online_rank,0.21338304789267415,0.5700603593435414,0.30916222435835783,0.2040204735153093,0.5328745361189197
ch1_wp_energy_7__slope,0.2742288341403194,0.47722058500220665,0.1904604343058946,0.11609109301558453,0.5328002786179111
ch3_wp_energy_4__slope,0.3428494213023279,0.43619555759245854,0.05439720306717488,0.07936537221942122,0.53194339000007
ch3_band_power_q4__slope,0.32086195289643804,0.37924981728616114,0.09398299872006698,0.02026799254077348,0.5302824361430044
ch6_max__online_rank,0.22857676361417556,0.4128721815543632,0.3257302712719916,0.12899883503225784,0.5299417604579254
ch6_dom_power__online_rank,0.225523295312001,0.7670963650155667,0.07604319078254701,0.08489130377332901,0.528671151208385
ch1_band_power_q4__online_rank,0.2951655361808647,0.4777463240802917,0.2552130064103958,0.29987610785368746,0.5273038190039804
ch7_band_power_q2__rel,0.2230002715070536,0.5711685420176447,0.31400563158917355,0.27193967681629944,0.5227334988522753
ch4_wp_energy_ratio_3__rel,0.21658931165646877,0.7734379362962716,0.21317788318311143,0.30514702341862243,0.5193978980800041
ch3_median__rel,0.1426391887259808,0.6981890989688058,0.41890887909741426,0.32462268747992246,0.5180512351232659
ch2_mean__rel,0.15683351265909606,0.5606562935973805,0.34703424736626937,0.11885491675474835,0.518016181871375
ch1_band_power_q3__online_rank,0.24887627368588228,0.4609117505175049,0.21538693022713679,0.10589941168356509,0.5164810312712746
ch3_wp_energy_ratio_2__online_rank,0.2186574170801625,0.7370066850281152,0.056432903911386154,0.038316556356217335,0.5161028009746054
ch7_wp_energy_ratio_5__online_rank,0.19225850670667421,0.6343238385967318,0.4986292935104138,0.5521950791139324,0.5144755346270491
ch7_wp_energy_ratio_1__online_rank,0.26305491592566055,0.6610148862474174,0.3118991410349875,0.5087794034725182,0.5141873540586844
ch5_wp_entropy__rel,0.28947373451694913,0.85917538905304,0.016407800561945633,0.33049949513765325,0.5124819611480995
ch7_wp_energy_ratio_3__online_rank,0.20226976352836723,0.7927559293163808,0.4208677974000577,0.6278171462467228,0.511702602525616
ch3_crest_factor__online_rank,0.15811475168462796,0.3994241452887959,0.47774633862277577,0.19014753718965863,0.5099335259303155
ch2_total_power__online_rank,0.23646780003450485,0.47429148289181056,0.24698914816110762,0.1529099250044165,0.5084421567871525
ch7_wp_energy_max_ratio__online_rank,0.25746756414809946,0.6619983379163856,0.3118991410349875,0.5087794034725182,0.5083854751875061
ch2_std__online_rank,0.233712251987938,0.46875931008953575,0.2557879044843913,0.15389818091848464,0.5079682198630149
ch3_band_power_q2__slope,0.32478735647948365,0.39881800721279825,0.08566164621699113,0.10308945770911579,0.5078849898730661
ch1_spec_centroid__slope,0.23724568578560334,0.4586172815639178,0.15685587738445397,0.004327478187508955,0.5062424181073566
ch7_wp_energy_5__online_rank,0.21497262750178914,0.7387743784902518,0.09835744385466064,0.1331320357367442,0.502541304335759
ch7_wp_energy_5__rel,0.18923775277395438,0.8910513179731452,0.05753856743322279,0.1451045518503366,0.5008891082826054
ch7_wp_energy_8__online_rank,0.18107448689877348,0.7212258901042157,0.13625625151865497,0.08376172248131834,0.49723533259192515
ch6_spec_entropy__rel,0.249173096276615,0.9555134632297624,0.08477739430773551,0.4525978988724042,0.4967384202986064
ch3_impulse_factor__rel,0.15590641770260016,0.6515958633914747,0.39136642196128046,0.3456341780216561,0.49383518143100097
ch4_wp_energy_ratio_6__rel,0.21876461600116737,0.5195304348387619,0.25907705619640364,0.20519339987366675,0.49315142074708945
ch7_kurtosis__rel,0.11725452371754841,0.3516393046012287,0.46130559242771196,0.04045851083461636,0.4916113297428592
ch2_band_power_q1__online_rank,0.21761719648434052,0.4769851420983371,0.24465624670651073,0.15125908497351565,0.487943971815043
ch2_var__online_rank,0.20963412974157536,0.48517839839012833,0.2557879044843913,0.15389818091848464,0.48722896629722345
ch3_wp_energy_ratio_1__online_rank,0.11319720727856497,0.6701944973216447,0.24822110520510443,0.03423771549261577,0.483623409509389
ch3_wp_energy_max_ratio__online_rank,0.10975721502780167,0.6806522901905612,0.24822110520510443,0.03423771549261577,0.4834996455376701
ch7_mean_abs__online_rank,0.20766636098304025,0.7507527273501577,0.3284096678406041,0.5385740405970413,0.4833208547572674
ch7_wp_energy_ratio_4__online_rank,0.16012962623318527,0.7575507046514831,0.498121871907821,0.6633239660393188,0.4830889769200629
ch7_band_power_q2__online_rank,0.16665525215932186,0.5483795973479078,0.32699124931055545,0.20908315967300672,0.48191971768227504
ch7_iqr__online_rank,0.16389278967158516,0.8434112226456403,0.09578637045781459,0.13578556408446937,0.48063355288695153
ch7_wp_energy_ratio_6__online_rank,0.13605103334620283,0.5886505647380886,0.4224946584942685,0.3189952099835253,0.476407573016768
ch4_wp_energy_ratio_6__online_rank,0.16329334347904356,0.5272444464859669,0.21359455479032294,0.015724476209778515,0.4761316725582915
ch7_mean__online_rank,0.20348559662489873,0.7410776134049644,0.3288204031306968,0.5378246563709348,0.4758239129711822
ch1_wp_energy_5__online_rank,0.22581251602629426,0.494982998417441,0.17530627631746054,0.12221331412053789,0.47528160910744305
ch4_wp_energy_ratio_7__rel,0.1943448782485464,0.9558584758001021,0.052304004224423786,0.305443505749599,0.47019180791451026
ch5_wp_energy_ratio_2__rel,0.21605231907088895,0.8026464465409195,0.1997656480600799,0.4527494637738494,0.4699926013794964
ch3_margin_factor__rel,0.1509715180104001,0.5741520522683148,0.3912764626480104,0.3238798870020597,0.46886598211103514
ch4_rms_freq__rel,0.11845460920899131,0.6714083860377147,0.24407082079764256,0.08908261201648915,0.4683530424760229
ch5_wp_energy_ratio_1__online_rank,0.2298805212995234,0.6234094364488345,0.19557643114313403,0.3201461752582665,0.46657775197489826
ch7_std__rel,0.19101863427046095,0.7410273056798218,0.10245540724715282,0.1698300303545684,0.46639001804727975
ch7_wp_energy_1__online_rank,0.21074592921417978,0.7837143873258903,0.3161880517057794,0.611831838034118,0.4658828428258968
ch4_wp_entropy__online_rank,0.12438828907657729,0.7443043701192309,0.15856110458571263,0.05524613139139511,0.4652061090611195
ch5_wp_energy_ratio_2__online_rank,0.19675566954310164,0.7850055500893283,0.27068828919664006,0.5021931055785074,0.4642941511343512
ch7_band_ratio_q4_q1__rel,0.21886846480368827,1.083490148231915,0.20464890585270043,0.7692218211544332,0.4633061239801611
ch3_spec_entropy__online_rank,0.2811518777559616,0.7722486353972728,0.33540477705496646,0.8625506816743564,0.46213397671481016
ch1_wp_energy_2__slope,0.22182459812624966,0.29296290388989465,0.21426186512688614,0.013484337010216417,0.4596685821665494
ch7_wp_energy_ratio_2__online_rank,0.16163674052199695,0.7996492896088365,0.3949812884293674,0.6151804548450405,0.4596042153776774
ch3_spec_entropy__slope,0.15610635119216876,0.27035980792439407,0.35431551092883795,0.0049842102375024745,0.45947197651265864
ch7_kurtosis__online_rank,0.1343785965322153,0.3746544171394315,0.3912123143119645,0.1004841090952257,0.4589428368724893
ch2_spec_centroid__rel,0.16719065054998183,1.1552544920253718,0.07140772461276512,0.4861331606410873,0.45737643012650037
ch7_band_power_q3__online_rank,0.16797572995490562,0.7345916585034913,0.11979678473300322,0.149886830666007,0.45530822429666756
ch7_wp_energy_4__rel,0.17270234601648338,0.6526466100642168,0.14106665705171934,0.11739988799183948,0.4548955947219094
ch2_wp_energy_ratio_2__rel,0.1731992202259871,0.7647830050171289,0.18892224589618228,0.3084301346212939,0.45414988213002827
ch7_band_power_q3__rel,0.1543049383507269,0.7144766466241279,0.06365378497192964,0.006718030899980437,0.4524605294238125
ch7_band_power_q4__online_rank,0.14927690914765934,0.7981200179413155,0.10319724340224028,0.13926447629565486,0.45156252350963866
ch3_crest_factor__rel,0.16407989171399007,0.5700191943644475,0.34855282057839726,0.3445221683023775,0.45111589132523205
ch1_median__online_rank,0.2462830737453945,0.9299244106798481,0.06205395216697998,0.5152391422906673,0.45018089874798617
ch7_rms__online_rank,0.20130187416802414,0.7734981480398524,0.3160321566085147,0.6187032920031073,0.44942794733237046
ch2_wp_energy_8__online_rank,0.20296774047921184,0.44219912242512205,0.3287882953029274,0.3152503534044538,0.448530146100977
ch7_skew__online_rank,0.17493081609699668,0.6350030334434371,0.2797686845223815,0.34303854582388,0.44848424486085126
ch5_shape_factor__rel,0.1546371952118819,0.54276965538795,0.21785942397468896,0.08985333321292563,0.4484443106804076
ch2_wp_energy_8__slope,0.25253967576378233,0.32316202925915594,0.16316170089834756,0.09384527413210661,0.44779344312871905
ch2_wp_energy_3__slope,0.27189115786985285,0.39847382193830505,0.12218334089721382,0.16813774790996738,0.4468987370602239
ch2_ptp__online_rank,0.1683688466931803,0.33639988673661225,0.2720801552214923,0.01912234267222764,0.44589695715685373
ch1_wp_energy_4__slope,0.2443243353052973,0.3087119025456553,0.1874861519991927,0.10287355087693834,0.44391757551943395
ch2_median__rel,0.10446551818141203,0.49330979927746155,0.36139009427503044,0.125768774908945,0.4423159803798008
ch1_wp_energy_max_ratio__online_rank,0.21441827791193524,0.7884927244808697,0.0890141285612508,0.3440388949977844,0.4403767167308965
ch1_wp_energy_ratio_7__online_rank,0.33997360781689845,1.0232858224609709,0.17325171021416735,1.10742876688824,0.4398093786668362
ch3_spec_entropy__rel,0.31051199621441317,1.5235546881376854,0.03757374093468893,1.3055996498614977,0.4385130167465991
ch4_wp_energy_ratio_3__online_rank,0.1834314357190454,0.6213965765566911,0.2652453720959372,0.3620109816444768,0.43844449216299053
ch5_wp_energy_ratio_3__online_rank,0.22980708389297333,0.6430840554684378,0.012943816731743985,0.1349850922782923,0.4377415286012808
ch7_wp_energy_7__rel,0.23305899283996157,0.810093382159145,0.029208931147306633,0.3457735571509423,0.4349417430078474
ch1_mean__slope,0.1875038012175021,0.5012123619439781,0.0960049969033534,0.00034694514554792054,0.43435982551554725
ch5_wp_energy_ratio_1__rel,0.18454570271858706,0.6782759740227791,0.21517906771890594,0.3558210403003881,0.4342079870386809
ch5_shape_factor__online_rank,0.16668484918330306,0.5451174342316465,0.1708308712113851,0.10142347781686319,0.4326031980130693
ch7_wp_energy_3__rel,0.24346501817611843,0.5936323495923581,0.17831004713668716,0.4044177000646746,0.4321071732535975
ch5_band_power_q2__slope,0.2175626181881556,0.45266557556951303,0.14956265796175364,0.13907775631939875,0.43133407862347567
ch5_wp_energy_8__slope,0.26894768568301086,0.26923355655112724,0.10000070870523596,0.046471009988950505,0.4288097353359536
ch2_wp_energy_6__slope,0.2604491412057397,0.3744046104078729,0.11332813924589265,0.1520324674413567,0.4266547819498352
ch2_wp_energy_5__online_rank,0.14805421255536166,0.4148285536984666,0.22822622478690233,0.020145193501006957,0.42652323351280497
ch2_band_power_q2__slope,0.24913110225905388,0.40649759450830336,0.09846310315005097,0.12687849247042585,0.42606560493074447
ch1_wp_energy_ratio_1__online_rank,0.19802096611240638,0.7970358048238393,0.0890141285612508,0.3440388949977844,0.42532975187145416
ch1_wp_energy_ratio_8__rel,0.5576745771412968,1.8757451081624406,0.3982773973648966,3.040627075091322,0.42478591498101115
ch7_skew__rel,0.16647572086343065,0.5545338499674348,0.2229070837014619,0.2154895057715754,0.4243877094541285
ch1_band_power_q4__slope,0.2301302364022657,0.3465537846793789,0.09911775746645823,0.016753004775797636,0.42308829961529776
ch3_kurtosis__online_rank,0.1847251779756225,0.6420613814381939,0.3743336446640815,0.6056684898528168,0.4218187123933115
ch1_std__online_rank,0.2353269198574175,0.4891542781840399,0.2337026647386758,0.3919794483130243,0.4214072679042864
ch1_q75__online_rank,0.25375924535062344,0.6840049305050449,0.04109263570085705,0.34313459383171746,0.42104073735682185
ch1_wp_energy_1__online_rank,0.2883058321929046,0.7764423457122325,0.0333745044322031,0.532050192557943,0.42102964645390806
ch4_wp_energy_4__slope,0.2624118766998924,0.3673109971183437,0.05945737856849604,0.08299008428024479,0.42086694207588915
ch7_ptp__rel,0.1562560753554696,0.5943859068377368,0.09957980318534049,0.04696069088816902,0.41824940022530255
ch7_max__rel,0.1557386845515627,0.5935533739791214,0.09935797542588537,0.046795304275150995,0.4173247638873455
ch4_wp_energy_ratio_1__online_rank,0.14395332427860175,0.48873680583127044,0.31881070337621353,0.25282182488032634,0.41626478689620977
ch1_var__online_rank,0.22017867127628055,0.5219855797191186,0.2337026647386758,0.3919794483130243,0.41623515000231337
ch3_median__online_rank,0.14068775406361667,0.6017151486499368,0.25441815022037756,0.25535134182410046,0.4159138444802288
ch2_dom_power__slope,0.21941761264216098,0.28120265577873305,0.17696757053340112,0.06215027517793047,0.41535987091002863
ch1_band_power_q1__online_rank,0.2318936678593282,0.5027962786207931,0.23286621689599954,0.41107949668674965,0.415260327614976
ch2_wp_energy_1__slope,0.18130251090578753,0.25333542894079164,0.2565777544481582,0.05647453131678399,0.409451841111256
ch1_rms_freq__slope,0.25169519813411445,0.3436778611031075,0.028739676076915233,0.014668357266534766,0.4078248661326297
ch2_rms_freq__online_rank,0.1745360782186811,0.708904341161988,0.47847640527976254,0.8464147919715849,0.4070230511610598
ch2_total_power__slope,0.19825763335179758,0.2789639259182617,0.2033344587206443,0.0626350507396989,0.4056324552958287
ch2_wp_energy_7__slope,0.23898917372060313,0.3305003810916092,0.13701912498493246,0.1433543526261355,0.40374971979729213
ch1_dom_power__online_rank,0.2187247090506632,0.49715751808682795,0.23112542666167923,0.4002767781465658,0.4016244235987449
ch1_total_power__online_rank,0.22010169921289302,0.4995444770618038,0.23286621689599954,0.41107949668674965,0.40115103155825105
ch4_band_power_q2__slope,0.23298491172765723,0.42319148148762453,0.046729379803270785,0.08742986788313639,0.3995011265537927
ch4_wp_energy_ratio_1__rel,0.129127124871236,0.7213609675844719,0.3268854238356431,0.5052793412014711,0.3974553897020136
ch6_spec_entropy__online_rank,0.1779180350645384,0.7453979580417522,0.03785135828925821,0.22915426368330702,0.3972133786555401
ch2_q75__online_rank,0.17973772159527868,0.4952892726131677,0.11411051473983659,0.1069219400881772,0.3964008432454634
ch2_band_power_q1__slope,0.1874921482660883,0.2846678390246806,0.20094723233978326,0.060314225800795346,0.39528610550793775
ch3_total_power__online_rank,0.17871382550085868,0.31958989236800806,0.2537495053845137,0.1640850816713777,0.3905741197562477
ch7_band_power_q1__rel,0.1334517178536394,0.8198864070949439,0.02722115378378689,0.16764906889085862,0.39005159259151595
ch3_spec_centroid__online_rank,0.15737047706344898,0.8868164624630905,0.4003129118925739,0.8998308639552064,0.388724585788469
ch7_total_power__rel,0.13213046965739128,0.8191981770139516,0.027237139258422187,0.16762565724748618,0.38837432513352543
ch3_wp_energy_3__slope,0.20975571207231236,0.31778896488432373,0.17857839986533,0.15456322196455718,0.3860784132273934
ch4_skew__rel,0.19720884418682183,0.4810930220381828,0.09263104393258642,0.14541145870202427,0.38536534993608207
ch5_wp_entropy__online_rank,0.1841264358916308,0.7144073033177429,0.12192228361544968,0.38369349896696886,0.38534616699206214
ch1_band_power_q2__online_rank,0.2202155632910605,0.3922648548365002,0.07489930852885422,0.10175180432997757,0.38511130698831936
ch2_wp_energy_ratio_6__online_rank,0.1915278378312204,0.6354940229981048,0.31236166282625577,0.63381193597886,0.3830682666255188
ch3_band_power_q4__online_rank,0.14513469027031234,0.3913977480362534,0.21802344906753723,0.09932751926389245,0.3817856363548153
ch1_wp_energy_3__online_rank,0.1925222653261789,0.490117540089837,0.04506671598288046,0.08010538516807922,0.38006543987199626
ch1_wp_energy_ratio_2__slope,0.15403121336404824,0.27315316675312484,0.20726421286959562,0.004126133893529253,0.3775891132795891
ch4_spec_centroid__online_rank,0.11784595249744001,0.6082356243929303,0.25952235119870937,0.3084851437423409,0.37728050913418054
ch6_band_power_q1__online_rank,0.1646619562470779,0.607790206727862,0.0351940152678373,0.10468860287023707,0.3765704216192649
ch7_var__rel,0.11633355101786003,0.6904290552396359,0.09442029201434528,0.13403937263401344,0.37463445563950387
ch3_band_power_q1__online_rank,0.15678106602135022,0.3407329800584753,0.2539097893462071,0.1635732162851842,0.37411547408455104
ch2_band_power_q4__slope,0.23467553389844364,0.2397424394735106,0.07723195815178012,0.040549700309803406,0.37033812297906465
ch1_rms__online_rank,0.25455703516158956,0.7511337964724278,0.03571933315849979,0.5511397708044715,0.36965628089870817
ch6_margin_factor__online_rank,0.12134618554372101,0.16423932722003265,0.3492661996560939,0.03847856418798917,0.36959348097016
ch2_mean_abs__online_rank,0.17051614172655527,0.45112405971453606,0.1991002720651851,0.24404343598941008,0.3695511238388567
ch2_var__slope,0.17653995765050956,0.20332889691560663,0.22885327306341027,0.0666297154195856,0.36790796712404356
ch1_wp_energy_max_ratio__slope,0.1503243460774415,0.2715691070548054,0.19392473462687543,0.003980805702396434,0.3656712902033103
ch1_wp_energy_ratio_1__slope,0.1503243460774415,0.2715691070548054,0.19392473462687543,0.003980805702396434,0.3656712902033103
ch3_std__online_rank,0.1636665778583637,0.3100951454406182,0.245796130812669,0.1667999577516166,0.3653744232823186
ch3_wp_energy_3__online_rank,0.2012410718958606,0.4530325674840179,0.16620657385349197,0.3036684475441102,0.36505623668383497
ch2_wp_energy_4__online_rank,0.13641362246003252,0.36636175228718404,0.23789267588788862,0.12954062380700537,0.36378335141243706
ch3_var__online_rank,0.15918934622244985,0.31821634808118837,0.245796130812669,0.1667999577516166,0.3632918894070129
ch2_wp_energy_1__online_rank,0.19311687875947636,0.46525884875466383,0.14723615616760957,0.26716698472985007,0.3627406049362941
ch1_wp_energy_ratio_6__rel,0.1995450537724821,1.0330956613365352,0.08327940063626715,0.7582898627878362,0.36148525899172185
ch1_wp_entropy__slope,0.15562883008210782,0.26373242099688365,0.1782210472084039,0.0037571402090870757,0.3602046373306695
ch7_wp_energy_7__online_rank,0.1313141872892183,0.6995206817425781,0.05770425892331253,0.17806188741337495,0.3586935264411831
ch7_wp_energy_4__online_rank,0.12181614000737051,0.5355276874470385,0.10075795726129742,0.05432639607536836,0.35783508248190565
ch3_mean_abs__online_rank,0.17016843457516018,0.2818411418385218,0.21144541758527188,0.1351250175132277,0.35483090121842875
ch3_wp_entropy__rel,0.23214548691338766,1.0561137511751526,0.08687992956541124,0.9092827243021853,0.3545348562712411
ch5_kurtosis__rel,0.10521279414362428,0.46908000718267573,0.24811420831587636,0.17680269684280714,0.3544939467506727
ch1_mean_abs__online_rank,0.290437331191606,0.759193445795729,0.074583398702871,0.7872385947224854,0.35068613147298094
ch3_dom_power__online_rank,0.17110071833815077,0.3200860512201764,0.23937937466662082,0.2345857729004302,0.3497945436505185
ch5_wp_energy_1__slope,0.1333218488075234,0.26102925947183975,0.2269879887633855,0.03863335044153151,0.3493359956687457
ch3_wp_energy_ratio_2__slope,0.14099731012319205,0.17054021040409006,0.2765349369900965,0.06495120821498795,0.34414740724625015
ch2_band_power_q2__online_rank,0.1492012347209053,0.44733382491405127,0.1937757072152776,0.24621638435255333,0.3410891013579228
ch2_wp_energy_6__online_rank,0.2012678379806112,0.43430526562559457,0.2215621232435024,0.44416206917351314,0.33980390832082713
ch6_wp_energy_3__online_rank,0.2121575897493495,0.4769842694068416,0.15747310970380488,0.4207430273528149,0.33966799378028656
ch6_impulse_factor__online_rank,0.12259076400064695,0.11333615131989783,0.32344218338719016,0.03808934211305358,0.3390794244860617
ch3_mean__online_rank,0.13039984792371495,0.5970752363591383,0.12253074109149671,0.2326398876989066,0.3383841123474908
ch3_q75__online_rank,0.16378662359005647,0.41949816840138565,0.03202122153201899,0.020965097137776875,0.3372635327339356
ch4_kurtosis__online_rank,0.15131990392875738,0.32132820735488377,0.2634417744402803,0.24744668466029549,0.3372034032068932
ch7_wp_energy_3__online_rank,0.14058922630811743,0.5610802587821171,0.20154393998922135,0.36568939625637664,0.33388411781701016
ch2_wp_energy_7__online_rank,0.14574315904245227,0.3208230580264124,0.20875034455973487,0.16095694087221082,0.3310833054585222
ch7_band_power_q1__online_rank,0.1636974298459295,0.7530657315134124,0.1002548052212023,0.4797010584810089,0.3308849512635249
ch2_wp_energy_3__online_rank,0.17845554166542343,0.3558340561483009,0.18708818268587143,0.2689164833054849,0.3296207468041807
ch1_mean__online_rank,0.23305165034040565,0.8844377985899006,0.09715039408144499,0.8301011630773542,0.3288073545486322
ch4_kurtosis__rel,0.12357243537792173,0.28013391847878166,0.3395653742100591,0.26363734188702487,0.3284644365383613
ch6_margin_factor__rel,0.07642277690544397,0.12204294880213817,0.4320070301147084,0.10262944030156201,0.3284636491342797
ch3_wp_energy_max_ratio__rel,0.25374514787389346,1.1178611894489103,0.04937833421859243,1.0549304914748538,0.3283034907724285
ch3_wp_energy_ratio_1__rel,0.25374514787389346,1.1178611894489103,0.04937833421859243,1.0549304914748538,0.3283034907724285
ch3_wp_energy_5__online_rank,0.1816479822675845,0.4870900102129534,0.055795515747125594,0.20854677704522154,0.3279904457639682
ch3_rms__online_rank,0.1466762592356936,0.3458117959428906,0.15449120792963025,0.11474290910565793,0.327188159913591
ch1_median__slope,0.12770777733109506,0.47185995807065506,0.04545271861313793,0.01046856464575804,0.3269645380001444
ch3_wp_energy_1__online_rank,0.16829825051321046,0.3115180265566453,0.13945400195074234,0.12760663578168974,0.3261967634086742
ch5_kurtosis__online_rank,0.12730714196791904,0.4794749373896279,0.18637882466442976,0.24078517982450437,0.3260876248779406
ch3_iqr__online_rank,0.14676436144107208,0.2812408654848708,0.25851316828862514,0.21801385563882467,0.32575249359003927
ch2_rms__online_rank,0.15029777519986798,0.44785294210708004,0.1721874957965704,0.2629058278973891,0.32476216538136027
ch4_wp_energy_ratio_7__online_rank,0.11307392863226662,0.7578749265356368,0.044101751829535796,0.2635034559871004,0.32166729969372576
ch7_wp_energy_6__rel,0.1520224021736578,0.5745942501797674,0.04205389287279666,0.2011465018660803,0.3210609953808523
ch4_skew__online_rank,0.1995371444967846,0.4955120828603041,0.0298502813593474,0.253155291768858,0.3207333905761103
ch2_band_power_q3__online_rank,0.1943968544442165,0.3522531320185207,0.09854712490527151,0.21096110291367764,0.3174896687732326
ch1_wp_energy_6__online_rank,0.168719375960646,0.35498288242863163,0.05121010578649805,0.05965740747778897,0.3171207879720795
ch3_iqr__slope,0.174062531991114,0.28793597820442063,0.049755299512591736,0.008652125986168055,0.31658354819853923
ch4_wp_energy_1__slope,0.1372373592187084,0.19948250673361967,0.20020116549799155,0.042019531857130483,0.3161837773712458
ch1_wp_energy_ratio_6__online_rank,0.2430514180935328,0.8324347245771557,0.17880504999034905,0.9765248419214724,0.3152677963270673
ch1_wp_energy_ratio_4__slope,0.12143604853297707,0.2270016352040285,0.1868558743562213,0.0021995356781985675,0.31503111911623705
ch3_wp_energy_ratio_2__rel,0.21787394895470658,1.137331919452388,0.12942266856576454,1.1317681525828944,0.31279112996567054
ch7_total_power__online_rank,0.14687481222351817,0.7527094540545964,0.1002548052212023,0.4797010584810089,0.3122553747682869
ch5_wp_energy_max_ratio__online_rank,0.23005352916593869,0.6128165294077124,0.14128490044872608,0.6665119562758784,0.31197217792547377
ch1_wp_energy_7__online_rank,0.15496257732736152,0.4412628454948355,0.006701455900247828,0.049448107838216446,0.3112797939850506
ch6_wp_energy_8__slope,0.19181609506045816,0.22264685283371932,0.06135041477366312,0.047400491998663946,0.30607665898428804
ch6_crest_factor__online_rank,0.11523317113442433,0.1181229917857376,0.2693283617552745,0.0402032544224252,0.3021589952904271
ch2_mean__online_rank,0.17547847796664762,0.47250393836004223,0.011231390252340474,0.17890979931584136,0.30196153906756995
ch1_kurtosis__slope,0.10973110681781706,0.265892669496139,0.16993766606202623,0.018541968620757063,0.3007426791400969
ch2_median__online_rank,0.12922894466416057,0.4719196596839508,0.06274551117332244,0.11864050517837303,0.3003095743528562
ch3_wp_energy_max_ratio__slope,0.11194475607566612,0.16448063712612582,0.2582924190332802,0.06715532044116145,0.2992639229912744
ch3_wp_energy_ratio_1__slope,0.11194475607566612,0.16448063712612582,0.2582924190332802,0.06715532044116145,0.2992639229912744
ch4_rms_freq__online_rank,0.07661337484994157,0.6282057677307176,0.15530359739034286,0.2585670569172597,0.29906523968433457
ch3_rms__slope,0.1610620214673819,0.285348416489124,0.04695762984742309,0.012040498963849105,0.298652691164049
ch4_shape_factor__rel,0.1521436950129995,0.3235060646110375,0.3330473320861879,0.47392324599297114,0.29788808367802605
ch2_wp_energy_ratio_2__online_rank,0.06805653266912648,0.5100429540381959,0.2488094013898588,0.2642093808596469,0.2977491073129536
ch5_wp_energy_4__slope,0.19707352794161848,0.236974129688738,0.041834778168440896,0.07368738643993361,0.29694036886550434
ch4_wp_energy_7__slope,0.1865492755550895,0.23813899775029324,0.018642201644728115,0.007890579089104408,0.296044360546615
ch7_rms_freq__rel,0.13445707474095547,0.7808286748086011,0.07051952288867464,0.47481311145638216,0.2937939669770987
ch5_wp_energy_ratio_5__online_rank,0.11264564276943023,0.4632980338016033,0.407992198540205,0.6204143481378007,0.29331520622581686
ch3_wp_entropy__slope,0.12291391304570598,0.1370067398246455,0.2446472948082489,0.07028811081331814,0.2931128366487781
ch7_dom_power__rel,0.12741198663416942,0.5424677684064183,0.01686959795382906,0.13573530412896678,0.29178782666930037
ch3_wp_energy_6__online_rank,0.18477058187413498,0.33549085594851036,0.10135915210817488,0.24406602928057622,0.29099386305482167
ch2_wp_energy_ratio_5__slope,0.17443758953638122,0.2731920137818791,0.018410248221342282,0.020104798230081978,0.29058751045488657
ch3_mean_abs__slope,0.1540868618773128,0.2680874712124841,0.049486287812430224,0.010161814841663938,0.2869869860916678
ch3_wp_energy_7__online_rank,0.15269546232194786,0.411584227763397,0.01677084603072473,0.10057894877052889,0.2860408215185451
ch1_ptp__slope,0.12580759087356896,0.16530504195859352,0.17409344561633666,0.022958655129933205,0.28396098043994217
ch3_ptp__online_rank,0.18901576874187542,0.27341853426393703,0.030330351380941183,0.1051499907702548,0.2834930290983694
ch3_mean__slope,0.16775639947018117,0.2494384769285687,0.02413811018371526,0.006514050813407708,0.282831549158549
ch6_wp_energy_ratio_2__rel,0.13912273110164142,0.5990054140437491,0.09098135232586935,0.37415230484844486,0.28177333620939016
ch3_max__online_rank,0.1865401397782629,0.30635807403645554,0.00967985979245475,0.12660634508928797,0.27343118177344794
ch7_dom_power__online_rank,0.15688487190543632,0.47128894110001784,0.05755144704006425,0.27577708402755535,0.27265580494337716
ch6_dom_power__slope,0.15604928327875323,0.23374164514298368,0.05643392101095909,0.03629119188859905,0.2718005268016907
ch6_impulse_factor__rel,0.03123625908181693,0.14335361281478987,0.4098243010474212,0.11042452371051609,0.2712884317525761
ch7_impulse_factor__rel,0.05880910533384842,0.3620198337639273,0.1511651173463225,0.013282347061482137,0.26988895075356645
ch6_band_power_q3__slope,0.15934861309999016,0.2554478789304455,0.01603333504847338,0.01759196071144701,0.267351380063299
ch7_wp_energy_6__online_rank,0.09729080703383963,0.47306633875650084,0.04009883751091808,0.07981769491024884,0.2667112737144168
ch6_crest_factor__rel,0.0641591788549829,0.10803710130324928,0.3613667489191114,0.1197201706089055,0.2652377343890129
ch3_band_power_q2__online_rank,0.18889840817520342,0.4514107227047801,0.06453653283445163,0.3919987597816799,0.26407752907475723
ch6_wp_energy_ratio_3__rel,0.13652081505287783,0.7284562455922501,0.0007786941911050256,0.40801296788710384,0.2627563255600746
ch3_std__slope,0.13522961475971074,0.2689886687406995,0.04369940617341157,0.017630512163621413,0.2607626044330355
ch4_wp_energy_ratio_4__slope,0.15229030778437802,0.24404790145408395,0.054930208407493575,0.0651699478680763,0.26033823694204
ch6_wp_energy_ratio_3__online_rank,0.10854189072290188,0.6928679078255908,0.07723203736628398,0.42384073530444744,0.25603321072904844
ch2_kurtosis__slope,0.11554487082541565,0.12260406080198605,0.1563840012405975,0.009336071998341609,0.2527543546715614
ch5_band_power_q1__slope,0.11398919099677518,0.1362554557843434,0.16006984802053578,0.028182881131340914,0.2512519276362983
ch3_wp_energy_2__slope,0.17288256989679973,0.18736916434994377,0.04308862986918885,0.08129171374642959,0.25099668102576356
ch3_q75__slope,0.11725835324230638,0.2676157411178246,0.05260681654874784,0.003821621202028037,0.2502458796388771
ch1_iqr__online_rank,0.2035624710388002,0.4860217779478029,0.13173853445173603,0.6186495011275399,0.24995520897822707
ch4_dom_power__slope,0.11247785321726633,0.22566583950377206,0.0830195898422891,0.0002570692848183043,0.2482794825288858
ch4_mean__online_rank,0.17728092305215615,0.19195355518698376,0.25702673818164334,0.4454131192535603,0.24766287393397385
ch6_wp_energy_7__slope,0.13210047294553529,0.2433188750026405,0.028282332180683985,0.006852287320778947,0.24362910862811657
ch4_band_power_q3__slope,0.1556488582569897,0.1921890100075605,0.012200759445738492,0.004751195815469793,0.24352739674507662
ch3_band_power_q3__online_rank,0.1732599865833817,0.4140018819115805,0.0055162998924941165,0.27334494593143766,0.2428498777756417
ch6_var__slope,0.1539590188902784,0.2171642860317582,0.006655628777698167,0.020424801295041536,0.24187433626489105
ch4_wp_energy_6__slope,0.15397807714824063,0.17406233705615026,0.028824009991359673,0.015255163105356875,0.24081160124109022
ch7_std__online_rank,0.08022190066270518,0.6242216065344852,0.10093017718130697,0.35024342954291265,0.23964805012574497
ch7_var__online_rank,0.07909227356581616,0.6229205172941703,0.10093017718130697,0.35024342954291265,0.23795007908505683
ch5_wp_energy_3__slope,0.11041714712104223,0.30745441006063157,0.131491620526915,0.1858012498284717,0.23635785920420568
ch3_q25__slope,0.1426540253177444,0.21841598193563838,0.013905734925769717,0.0143286050728793,0.23599816396065787
ch1_max__slope,0.09655355724212211,0.16789705595963467,0.1337662065964946,0.012567764950971675,0.2341455784474384
ch2_dom_power__online_rank,0.15546609309225712,0.4662661055521937,0.1370371098920229,0.5023063434177024,0.2337690295891674
ch6_wp_energy_4__slope,0.1472097369127141,0.21480610395235278,0.006368827839081649,0.019814426800708315,0.233680652918556
ch6_wp_energy_2__slope,0.152465029000189,0.1840840816837459,0.01225396622333407,0.015518348147778709,0.23344922006063018
ch6_total_power__slope,0.15680550449386077,0.17384145529491368,0.007097971644122728,0.01988049189998522,0.23027627653573932
ch2_mean_abs__slope,0.12634295261164485,0.13351677662265216,0.11528160147424978,0.05879039681253761,0.22853636161718682
ch6_wp_energy_6__slope,0.15734886999269815,0.1655079107359012,0.013541429606492626,0.03017810422931473,0.22789697555284422
ch4_total_power__slope,0.1526457923417004,0.1542164862232811,0.02436031293772675,0.022551239134129653,0.22739138017282315
ch7_margin_factor__online_rank,0.03173558176644686,0.28455758543292076,0.17738309004799438,0.017833213684679116,0.22582336958137306
ch2_iqr__slope,0.09485173578569372,0.18399992068744586,0.1382670574795056,0.05868463563870649,0.22424414074504997
ch4_wp_energy_max_ratio__online_rank,0.07330685661869074,0.4170476060173107,0.13199134353849865,0.21764781309518472,0.22302270874947816
ch3_spec_centroid__slope,0.10368754579190909,0.13456445402370498,0.12142377312859608,0.015635247223307162,0.22246459797196708
ch7_margin_factor__rel,0.029667330476208287,0.3990082786949549,0.13673665606744395,0.0727297797291428,0.2220366989989575
ch4_shape_factor__online_rank,0.12086341925740385,0.3434324092675891,0.24392821437289436,0.4740003488411502,0.22141150023748973
ch2_max__online_rank,0.08637380311838272,0.258044294097755,0.06649350653667223,0.002350264374942859,0.22107552242837497
ch2_q25__slope,0.07382223685157352,0.1590873901440677,0.17029453712908832,0.031106098800148974,0.21965990792810103
ch4_wp_energy_max_ratio__rel,0.09497702287954035,0.432019162883194,0.09651870198824417,0.26644740972831166,0.2155101248652375
ch3_rms_freq__slope,0.07722622182059391,0.12707925907253825,0.17592181124300274,0.03800186850828462,0.2128829268837936
ch7_impulse_factor__online_rank,0.019408677003088126,0.2953090459044718,0.1750516595428427,0.03241058663427743,0.20964241819652846
ch7_max__online_rank,0.08431088754917848,0.453099798545503,0.10792449855541608,0.29085580789575133,0.20888584723698828
ch3_wp_energy_4__online_rank,0.15916428371847302,0.42063829436151856,0.022558686347528573,0.36219879531345084,0.20794181424828476
ch7_ptp__online_rank,0.08301623356709986,0.4537096147716748,0.10799236827051141,0.29089085505989826,0.2077002253717129
ch6_wp_energy_5__slope,0.12481169213707655,0.20638039713284329,0.013778680268528944,0.03012551706234776,0.20656034352314856
ch4_var__slope,0.12720044347231707,0.16702260405995872,0.028992724698466713,0.026584819809731996,0.20501971089128485
ch7_crest_factor__rel,0.03227678893669972,0.30631202414059544,0.13399474870258135,0.035250750584212065,0.2040730253615236
ch6_min__slope,0.14005323174906104,0.1393729725270072,0.008141268243536656,0.011239008740584167,0.20338313978316036
ch2_std__slope,0.09630473419967145,0.12321544352134195,0.14202890640174676,0.07166554182299303,0.20209357173502143
ch5_wp_energy_max_ratio__rel,0.10897226370373181,0.6055715509326669,0.19372102912782688,0.6773863241778959,0.20128088545857967
ch5_wp_energy_ratio_5__rel,0.04231021819640768,0.5206345399568173,0.35883288711563127,0.6467083110763483,0.19977350803780983
ch5_band_power_q4__slope,0.09021460901070011,0.16626578748758858,0.10415805660328553,0.04276466143516887,0.19974839516192408
ch6_wp_energy_3__slope,0.12401481052934771,0.24121295527630293,0.015586913777070126,0.09831388322093368,0.1950037693790503
ch5_total_power__slope,0.08006076522325456,0.18318314141120773,0.09870326026161233,0.03660272411115135,0.19365678094448652
ch6_wp_energy_ratio_2__online_rank,0.08107319192713369,0.5536381737372134,0.15626307630898548,0.5014502150460712,0.1933909886316888
ch7_crest_factor__online_rank,0.01183237714447305,0.30455304430733365,0.16423970795206178,0.05182177192604717,0.1918033995660046
ch6_band_power_q2__slope,0.09375492428595633,0.3065915220331812,0.008732943258396724,0.06812370042206567,0.1913972730705606
ch5_var__slope,0.08673176106972269,0.1428902110721837,0.10658128545568257,0.03688622647680378,0.19112603878570336
ch4_ptp__slope,0.11385476419702645,0.17806088680066745,0.009790793842569062,0.009228014457923959,0.18971668255010235
ch5_dom_power__slope,0.07243647535333264,0.18406056506612334,0.09805784095417981,0.02607146702047069,0.18890811972944324
ch4_band_power_q1__slope,0.07877115328956741,0.10344044040432898,0.1207901671321363,0.00318082662046092,0.18817372536555296
ch2_wp_energy_ratio_4__slope,0.11644012112020286,0.17540170557738488,0.029729650287720004,0.05128163689768086,0.18787746492836555
ch7_mean__slope,0.07039997924602082,0.16829820218291625,0.12527870964138654,0.062475961884630456,0.18338105157778553
ch4_wp_energy_2__slope,0.11164065489823938,0.12081364870591571,0.0435811324290295,0.018337619926002264,0.18264095329699925
ch1_shape_factor__slope,0.04361864480662958,0.3571469026976759,0.01738652169347247,0.002899099053865836,0.1815298274940359
ch4_wp_energy_3__slope,0.11204028497427743,0.25518774162591296,0.008999539684992367,0.11111475983018296,0.17861960392695647
ch7_q25__slope,0.05825584695167363,0.1679303713346587,0.12606112935135041,0.04534099874438442,0.17632133319667972
ch2_wp_energy_ratio_6__slope,0.09729380152493605,0.203807743551065,0.021863719673931407,0.053957757026015546,0.17149572278185923
ch1_min__slope,0.10148836113471527,0.16327882227782675,0.006899868174701643,0.004926205266581991,0.17085554069820835
ch5_wp_energy_ratio_8__slope,0.1201388546978559,0.08930512898427345,0.06134774271522881,0.08363336600797706,0.16787911570272107
ch6_std__slope,0.106160033029296,0.10731257412051853,0.036026426305511436,0.019091451042103226,0.16746796387770227
ch6_wp_energy_ratio_8__slope,0.08887567621661097,0.12267949915424525,0.08512751579943692,0.06686200997956014,0.1641194987391022
ch6_ptp__slope,0.10421347103245204,0.14124323598353117,0.006127210396354424,0.010415097466875165,0.1637946323345218
ch5_wp_energy_7__slope,0.0842262901248243,0.13671092884892833,0.04863188540850334,0.012090584708295507,0.16301357656120505
ch4_wp_energy_5__slope,0.08924173352804021,0.21394351671428513,0.017565033948171993,0.05682506038884688,0.16281813526624223
ch7_spec_centroid__online_rank,0.018326015912385918,0.2641309396507334,0.09624072924499909,0.008255744855319424,0.1626473367667689
ch3_margin_factor__slope,0.09299988852886609,0.11220833554503074,0.050452776035943905,0.019315017510663106,0.1625615655135505
ch2_spec_entropy__slope,0.048464600804503766,0.0582796144098352,0.18819504441399476,0.0498279981819829,0.15977640099239956
ch2_mean__slope,0.04353050463961772,0.21160410710896738,0.06964228087752522,0.005010677034898355,0.15849451011214252
ch3_median__slope,0.0807163579808916,0.07812445464896145,0.07491165199883718,0.00038269661830849834,0.15719901768906977
ch6_band_power_q4__slope,0.06557060036871643,0.18676593218892013,0.06072693447232286,0.03946512912924862,0.1570827554362507
ch2_skew__slope,0.06465888919606422,0.0989392081792726,0.1491363943241531,0.09077697281552854,0.15600657737126525
ch7_wp_energy_1__slope,0.03430357112643034,0.2208378765305099,0.15845217446875764,0.13217527337680096,0.15591453530068822
ch7_mean_abs__slope,0.04837917944063408,0.16039944189753452,0.12531958744760976,0.06404817929159916,0.15586581239296024
ch6_rms__slope,0.09424509667796199,0.1425141961265779,0.01650586748738389,0.020441202155014153,0.15547338135386662
ch1_wp_energy_ratio_3__slope,0.06692554434864584,0.22251331902831195,0.008879906472284071,0.006025927603236787,0.15427263434204297
ch6_mean__online_rank,0.07986773462036756,0.15702121139522474,0.22599695684541043,0.3281548918957778,0.15225604617218652
ch7_median__slope,0.017936294724674395,0.20048645354551908,0.14401659143568446,0.04992099586668118,0.15163695967436158
ch3_skew__slope,0.03800408343901651,0.105048116135114,0.14368281681615172,0.01751656360628091,0.15146608441689322
ch4_mean__slope,0.07728046995773186,0.08298070082253606,0.07284589142739678,0.021193584161839224,0.14669924806981716
ch2_rms__slope,0.05512783500933316,0.1409121480225397,0.10496047106328862,0.06226622086532243,0.14589495210010128
ch1_margin_factor__slope,0.08052707965189376,0.11017938079217604,0.04996374246424606,0.02520792372121172,0.14579985594725597
ch2_wp_entropy__slope,0.09061714244226304,0.09535902676549668,0.061431279699964765,0.06470023456316479,0.14419663779228617
ch3_wp_energy_2__online_rank,0.14503469689595172,0.38737800133313005,0.030074463750292622,0.47961951649627005,0.14379459134110884
ch4_q25__slope,0.09256119695246579,0.07028205113152719,0.045340017274930824,0.025476485857646346,0.14243627399478265
ch5_median__slope,0.06604192758206162,0.05269247716998704,0.10468882626943392,0.02010968801917889,0.1416289509912393
ch4_wp_energy_8__slope,0.0780803909061707,0.09076366800228586,0.05974385135958553,0.025627784769396283,0.14154510737607118
ch1_skew__slope,0.047624890229288175,0.20681364535842173,0.030560051043956194,0.012921797895318145,0.13705755393847915
ch5_crest_factor__rel,0.04824243714093046,0.09730943533161796,0.1140444075754912,0.03981587915602749,0.13591384968300033
ch6_band_power_q1__slope,0.05423647306627766,0.11866108092354555,0.0637332346020184,0.004158576548954951,0.13478927593512224
ch6_max__slope,0.08793168157965536,0.10071766270049931,0.003240363980634025,0.003931066241026212,0.13238235868778522
ch7_rms__slope,0.018625378542946214,0.1722494457800927,0.13233322517728804,0.06117199507764778,0.132148297990605
ch3_shape_factor__slope,0.00022030980114928767,0.07768877229281479,0.19608957074085237,0.011146368407775812,0.13138144604849666
ch7_q75__slope,0.028265381984956983,0.12530021114379508,0.13972407046571494,0.05838662983521145,0.13135991239760017
ch3_wp_energy_ratio_3__slope,0.030904052090771295,0.1732704688943172,0.10659459886963601,0.06890597345097783,0.129149060083317
ch6_wp_energy_ratio_7__slope,0.09640504717018561,0.060731614164471814,0.032756248685872714,0.04763610611789094,0.12864491648073748
ch7_wp_entropy__slope,0.110164752893807,0.02948852214854325,0.07382213032028481,0.12517501836175163,0.12829312618472144
ch5_wp_energy_ratio_5__slope,0.07653115686474177,0.0945910905241103,0.03050618797130657,0.017219489708095177,0.12804273622103987
ch5_mean_abs__slope,0.04474357239676041,0.10742354614638616,0.0892872076083938,0.02438871182976901,0.12738808583186906
ch5_wp_energy_2__slope,0.06485705500289951,0.0997061982687022,0.09734637023737973,0.09368158870370145,0.1269918774814986
ch2_wp_energy_2__slope,0.081232940644409,0.10358542425319017,0.027961310142820973,0.04828524057369291,0.12409001957522547
ch4_min__slope,0.09072052710200174,0.058816211271151886,0.008741527682769944,0.005975347029658631,0.12309472252224804
ch5_mean__slope,0.03672205852379595,0.08139136889243304,0.1107258356001783,0.019766695836640983,0.12286210952580083
ch6_median__slope,0.016892983475492285,0.1358550313196898,0.11382255203145883,0.01786146768468789,0.12248243271259453
ch5_wp_entropy__slope,0.037274783351765484,0.15174117151049327,0.056943393485768566,0.00928489375607833,0.12218082531815999
ch6_mean__slope,0.03446674480916445,0.09544616022895847,0.10157783259831793,0.019561245797461733,0.1203409472701796
ch6_iqr__slope,0.06155302783727157,0.09739542826808201,0.03468632580551566,0.0036908966365187842,0.11958239588507948
ch5_band_ratio_q4_q1__slope,0.07242808699311687,0.06992501598682699,0.07473808382463726,0.07500289385154535,0.11899958454332762
ch3_crest_factor__slope,0.06626066869171354,0.05202119795013305,0.05855694175434988,0.015681339451008986,0.11781200400047076
ch4_iqr__slope,0.0982095557982503,0.0,0.02745259736114003,0.01604310829298941,0.11751435202415607
ch5_impulse_factor__rel,0.009290746812977257,0.14462640168626884,0.1290085932066633,0.04577697200255751,0.11577184814723877
ch6_wp_entropy__slope,0.0595333132973388,0.08913101602401108,0.042389488123761136,0.01639311075766354,0.11425912993836294
ch6_mean_abs__slope,0.058565612866112726,0.13274490093693458,0.015542051322304518,0.014831394077362557,0.11424002978084169
ch7_band_ratio_q4_q1__online_rank,0.09497246059545339,0.614855084194355,0.038844867210247304,0.6501244018858885,0.11349012242859804
ch7_wp_energy_2__online_rank,0.062092041226341044,0.3946754306924345,0.019921877389378454,0.29770719197304785,0.1131971614649186
ch6_q25__slope,0.06603184820621588,0.0600383824347408,0.04706264675292714,0.01841359390142834,0.11308816472760676
ch5_wp_energy_ratio_2__slope,0.0859633887131197,0.06719575581481152,0.018126963149086704,0.04297687978260273,0.11300616392770245
ch6_mean__rel,0.07406494011849829,0.2090672796220634,0.0544037267886153,0.20485629873029926,0.11286732717620399
ch5_margin_factor__rel,0.0,0.15436039833665705,0.13664013380271064,0.048033615410793117,0.11236644761554322
ch5_wp_energy_max_ratio__slope,0.0635187648524107,0.10145966867507061,0.02956412329944689,0.028541772488533457,0.11165217281763558
ch2_q75__slope,0.0344698677858426,0.11723125566426695,0.07774287864452606,0.02972918014637286,0.11130116425017912
ch3_kurtosis__slope,0.0,0.10258495066964768,0.14610337361011444,0.016567832409808067,0.1104628468765068
ch5_wp_energy_6__slope,0.06121461717046972,0.06798006209064811,0.039685083718925096,0.009486994090142363,0.1096354487331025
ch6_band_ratio_q4_q1__slope,0.04932580007678489,0.05673426398850978,0.13261908855154164,0.11175923673480512,0.10794013832660793
ch4_mean__rel,0.08447758366217362,0.2320106535123907,0.08151401357089937,0.3208094377803784,0.10667847499858993
ch6_wp_energy_1__slope,0.047785418721351114,0.12257001889076147,0.035852695629062785,0.025897388013127045,0.10611836399664282
ch6_crest_factor__slope,0.0792773139798515,0.05185312597382552,0.002218417917317667,0.0024243396681511175,0.1057252504393474
ch4_margin_factor__rel,0.020952457169493233,0.06941280469110866,0.13520978540953765,0.0475761304262361,0.10505592085439368
ch2_spec_centroid__slope,0.0,0.1405155938739746,0.15072340952126387,0.07819746750288063,0.10470921946657802
ch2_wp_energy_ratio_3__slope,0.06539290512064921,0.13822169550358288,0.003948599192645953,0.05860678746395006,0.1019691430025409
ch2_median__slope,0.03380129881139515,0.11549879968716237,0.05244485026312806,0.01389216079399891,0.10158841994986231
ch5_spec_entropy__slope,0.050012612257473554,0.07260202617832734,0.059755008375504244,0.03527492673313853,0.10094361289556433
ch4_mean_abs__slope,0.052373091193820276,0.09988685474224512,0.026544697268670505,0.02115207333820397,0.0997671573023855
ch7_rms_freq__online_rank,0.10187336043736406,0.558898730811372,0.013183426872694031,0.6158824680315405,0.0993672732340232
ch4_max__slope,0.0497175156484535,0.13233599793238504,0.0005772237143123875,0.008629361481353126,0.09830406301403183
ch4_wp_energy_ratio_7__slope,0.07582694111582611,0.07599022920911969,0.004405193037386862,0.04135876600689328,0.09795350351875075
ch7_wp_energy_3__slope,0.05944584194394276,0.10200996441594201,0.0176355387882634,0.03744051897042838,0.09768927837781168
ch7_spec_entropy__online_rank,0.08047495530187576,0.17952618292881217,0.06747037113244472,0.2611781517787042,0.09705296585744573
ch7_wp_energy_2__rel,0.07823984482840074,0.5654780696690342,0.03888665937489594,0.6004922112893141,0.0951965424003356
ch5_wp_energy_ratio_7__slope,0.04063507828815349,0.14068981845876882,0.024088466150698765,0.03570278394305035,0.09469270458035461
ch5_margin_factor__online_rank,0.0638495681395439,0.10855864410934002,0.09741766462894853,0.19200337238510756,0.09460858560290136
ch5_max__slope,0.05860209325396237,0.07748794624715094,0.007491762618588323,0.009007985736657382,0.09255075819825494
ch5_rms__slope,0.03502750563917778,0.041634706403621546,0.09084028297556693,0.03199549295748365,0.09186613654580562
ch1_impulse_factor__slope,0.03553055248580894,0.105138736384776,0.04961267148855152,0.035358050344803674,0.09079381716708348
ch7_std__slope,0.04512880422811194,0.09105990190805757,0.019995669559036075,0.004935916869603145,0.09078269767185203
ch4_wp_entropy__slope,0.04761794359030391,0.10725664039864835,0.015530941184603943,0.023006278816476624,0.09040938215462659
ch5_mean__rel,0.06876361797239539,0.1744195013138654,0.052962783916651754,0.2157595427052957,0.09030049643679282
ch5_q75__slope,0.014083729342433848,0.12517425667701687,0.0630494279924811,0.014228457284417847,0.0890003174599515
ch5_impulse_factor__online_rank,0.05600211628667906,0.1198785451154114,0.08810052729424624,0.18753260390518442,0.08637869735076185
ch3_impulse_factor__slope,0.04273273646811093,0.04542341901043656,0.05332036351814577,0.017770039674468312,0.0860108928174911
ch5_crest_factor__online_rank,0.07630903177850934,0.06270819419863027,0.07599731071217054,0.17686297687958177,0.08578428190972107
ch4_wp_energy_ratio_3__slope,0.04303272302757977,0.06483278543317761,0.05655922648806304,0.04585758539564124,0.08508488991191016
ch5_band_power_q3__slope,0.02594189741996722,0.13495631328105073,0.021074899897190615,0.006562295467985484,0.08506518833999162
ch4_rms_freq__slope,0.07105125803788304,0.045950426363603025,0.011626595029887705,0.04465417145429467,0.0850047003263675
ch7_wp_energy_7__slope,0.04797477984743792,0.020346685331890324,0.05184735614756581,0.014838329769156229,0.08321622816029985
ch4_crest_factor__online_rank,0.05865600380721281,0.08635213016386789,0.02354389669022434,0.07133834784179273,0.08272557118028379
ch6_q75__slope,0.0,0.07497188538282318,0.11198164050684982,0.01695197380727216,0.08189687133021026
ch4_band_ratio_q4_q1__slope,0.05300035995225527,0.08576437550112104,0.03527745301419464,0.07709757706935062,0.0807363745564075
ch1_crest_factor__slope,0.037344513815134706,0.0711061212216415,0.053915904401471086,0.04274387615940163,0.08065949838924123
ch4_wp_energy_ratio_8__slope,0.039118328329020846,0.05189873883644047,0.056008876207030364,0.0324931492361282,0.08062699943589893
ch7_spec_entropy__rel,0.08045596140643951,0.1189839033681177,0.02714305466137518,0.18455185726288909,0.08048145374766984
ch4_margin_factor__online_rank,0.021730671955596303,0.08818686876101722,0.06045287993447787,0.022813881431747753,0.08003336868036307
ch5_wp_energy_ratio_4__slope,0.054372985357995285,0.09730752212008076,0.0008216345294429083,0.042326876261551245,0.07950540893547375
ch4_std__slope,0.06897832238809953,0.018803417207378992,0.009623723159604811,0.023620482802827015,0.07948322940628533
ch7_kurtosis__slope,0.06442230347337641,0.02532417702077261,0.008575010541463242,0.015603707834448078,0.07898295383373244
ch5_wp_energy_ratio_1__slope,0.03428145734783894,0.07645006878664917,0.0297957485753057,0.014785489231485904,0.07567986764334811
ch6_skew__slope,0.03722410700452139,0.031640767326503116,0.05748600886080717,0.02342001024929552,0.07544108755544013
ch4_rms__slope,0.0543792946565802,0.03236583280504002,0.02059083541661622,0.02394595065520074,0.0740891423538209
ch7_wp_energy_ratio_4__slope,0.05963258777486313,0.02446332405769258,0.07762878226838504,0.1255428888153387,0.07291382913478509
ch7_wp_energy_2__slope,0.014133492564038175,0.09681816303227597,0.04080392615141291,0.004489099941907521,0.07030417328534805
ch2_wp_energy_ratio_2__slope,0.027712869381862903,0.020082338017574752,0.09140057143884653,0.05040403053385187,0.0701418782307178
ch4_impulse_factor__online_rank,0.015169953117039947,0.10835693053365025,0.04980700894971931,0.034953861333549836,0.06977187757112471
ch5_ptp__slope,0.034090376748216134,0.0873151871127793,0.010080255264991459,0.014447858623882679,0.06854711978989687
ch7_wp_energy_ratio_1__slope,0.05942172747430807,0.023114976161151768,0.07026618308282878,0.12559069720072907,0.06814379855344266
ch7_wp_energy_max_ratio__slope,0.05942172747430807,0.023114976161151768,0.07026618308282878,0.12559069720072907,0.06814379855344266
ch5_std__slope,0.02427750176252652,0.03356114517044162,0.07221069157152005,0.03003939063044708,0.0676537463921133
ch4_median__slope,0.025661408848587364,0.041872552986030875,0.05860898828749739,0.021535831053430314,0.06758034596797986
ch5_q25__slope,0.0,0.0662237334754523,0.09250155395953305,0.019847667714355456,0.06710747769412707
ch3_min__slope,0.03501750929923575,0.023555503095473718,0.04938066973363022,0.020166000409196964,0.06686495452285282
ch4_impulse_factor__rel,0.0,0.0588298037380075,0.12219460885002786,0.06278362431574591,0.06582319766530689
ch5_mean__online_rank,0.044778889460109106,0.09628560413543719,0.20829145168133326,0.3807638706398159,0.06424968355432079
ch4_wp_energy_ratio_1__slope,0.03643066690478425,0.03821858613987272,0.03805198723337693,0.02903548576710463,0.06421641170408883
ch7_min__slope,0.05560359285498029,0.0019717101433791573,0.0,0.0,0.06185405069066103
ch4_band_power_q4__slope,0.0005494442884983464,0.15195581479884668,0.032540233856656484,0.0290393067944709,0.061522295140040775
ch6_wp_energy_ratio_5__slope,0.0260248499385336,0.06698365867241529,0.01577559860510731,0.004843683464006635,0.05905290548813901
ch5_wp_energy_5__slope,0.012665048983410365,0.14600488522214272,0.004882178907021231,0.02491275122290137,0.05899899918034755
ch6_wp_energy_ratio_6__slope,0.05217099068619069,0.008214297036851281,0.006269024112649063,0.015824191186285606,0.058172590064464735
ch6_margin_factor__slope,0.03023425305265115,0.0655273446718927,0.005357852186547516,0.004601073757306993,0.05752869188062239
ch5_skew__slope,0.023165852258805852,0.062301037840677864,0.023195295460365244,0.0077801174893613705,0.0573221721108481
ch4_crest_factor__rel,0.016067552350975012,0.04671768603502802,0.0965144360697931,0.08510614630352631,0.05732128633048432
ch6_impulse_factor__slope,0.03731296847752241,0.04284921863519031,0.004493511600373708,0.003720818835694456,0.05721063663530374
ch2_rms_freq__slope,0.03564156555796005,0.0803221757921988,0.05449691303717118,0.114982654614793,0.05704785669629224
ch4_q75__slope,0.01593814012836514,0.09162099986861261,0.019156832064835087,0.008838239950044848,0.057042177748359665
ch6_rms_freq__slope,0.027767318389705364,0.0,0.07083476899072022,0.03677565111981924,0.0566316952816353
ch5_shape_factor__slope,0.04316963392356876,0.01447390618801947,0.025789114148595145,0.02888896316035142,0.0566253401573368
ch6_spec_entropy__slope,0.012177572687241511,0.08327477356725987,0.05987726676842871,0.05566331748018477,0.05599183630907774
ch6_spec_centroid__slope,0.02500354798700899,0.0,0.07571132251156396,0.03782178656631163,0.055907504868860994
ch6_wp_energy_ratio_3__slope,0.02952181336304771,0.06185353961265028,0.03364280954744767,0.04925821510628961,0.055385903527674946
ch5_iqr__slope,0.014852708631287515,0.01499405983190849,0.06722020316179866,0.009763185840438664,0.055139897130419974
ch6_wp_energy_ratio_4__slope,0.010065283304669936,0.09093158413747116,0.020090972976526657,0.0013724763983640677,0.053467534480914077
ch4_wp_energy_max_ratio__slope,0.05332825975269673,0.001056226308526309,0.0011975040825366059,0.02011918976639382,0.052647675763107915
ch7_wp_energy_ratio_3__slope,0.04120594273991984,0.0223100053075731,0.07744919181466815,0.1256324712254229,0.05176072944073189
ch7_skew__slope,0.024233474582150638,0.012002990010152814,0.03869084359026904,0.004702587446254555,0.05049192691237806
ch4_kurtosis__slope,0.020241499026129484,0.062940023226977,0.013221767036955843,0.0037179972420512426,0.05026532989379216
ch2_margin_factor__slope,0.024644795057352065,0.06726615951828174,0.008481769765571077,0.014680974189867739,0.05017906279909627
ch4_skew__slope,0.0,0.0676255091888982,0.04081381745544169,0.0028981155561406966,0.04510218737195806
ch4_spec_entropy__slope,0.0,0.03249850260879006,0.07104225198423389,0.022641337482923688,0.04252324638538187
ch6_wp_energy_ratio_1__slope,0.007499322582054102,0.06926900290215832,0.03162723368004724,0.024394233207724474,0.04135040275733734
ch7_var__slope,0.002205919282868063,0.07047340804032354,0.02999985633711288,0.00789664514763045,0.04082829920900954
ch5_kurtosis__slope,0.026778374496099655,0.005770012035588135,0.02312296236976614,0.017435952664963113,0.038090762028799754
ch4_wp_energy_ratio_5__slope,0.028275861908284572,0.027351902468671696,0.001531886412571196,0.010267881431508937,0.03792539298903415
ch3_max__slope,0.0,0.07091847816320662,0.029156761832300586,0.011567621197550787,0.03680901894574486
ch7_wp_energy_8__slope,0.01031352051359713,0.048646061168152066,0.029574108359911967,0.024417112189917472,0.03609076430529053
ch5_spec_centroid__slope,0.028416012294314008,0.0,0.04077097076405635,0.05539954874566847,0.034291805382992445
ch2_wp_energy_ratio_1__slope,0.011867799571327442,0.01403828617217151,0.07035792375574029,0.06413385397724199,0.03421798886234268
ch2_wp_energy_max_ratio__slope,0.011867799571327442,0.01403828617217151,0.07035792375574029,0.06413385397724199,0.03421798886234268
ch7_spec_entropy__slope,0.010786854111986433,0.03439809496181434,0.025178900382990175,0.01869947161878909,0.031208452903888514
ch7_shape_factor__slope,0.03284232121082309,0.021889853185884878,0.017457026533563878,0.06421524138543894,0.030914032055521613
ch6_kurtosis__slope,0.014456559308750672,0.020238011061839423,0.026283210567852763,0.02056526488232259,0.03024344221477565
ch7_iqr__slope,0.0,0.09727601759553872,0.02798714452111012,0.05563249357317795,0.029968162894436837
ch7_wp_energy_ratio_8__slope,0.033660302917926765,0.02188290664971082,0.052082450411567414,0.12552030780780232,0.029398590530749495
ch3_ptp__slope,0.0,0.02744476095195436,0.04511506650161069,0.017122880136212295,0.02842594486139561
ch2_shape_factor__slope,0.003228543992659816,0.0450146184648168,0.035951936816877625,0.0342529960174697,0.027091531497779972
ch7_wp_energy_ratio_7__slope,0.03728208289609758,0.010911012438374446,0.04497397804658001,0.12570384779271118,0.025568486737308493
ch7_margin_factor__slope,0.022354361324029792,0.0,0.03436074945835188,0.05341080617884413,0.024794427495930863
ch4_crest_factor__slope,2.5071534928144956e-06,0.04698349838221905,0.01677747988332114,0.002768103856861097,0.024705759888544003
ch5_wp_energy_ratio_3__slope,0.030273149363888585,0.10065108842693826,0.005234562472823842,0.1338252708891308,0.02456850979856317
ch5_crest_factor__slope,0.012326567467531024,0.026189995250875953,0.00265185392229451,0.00039396445681499654,0.02404635464946744
ch7_min__online_rank,0.3096689513243964,1.3162947748332638,0.4591047811574163,2.9444638078553704,0.02328431453567803
ch6_shape_factor__slope,0.015025381808235094,0.0,0.02902596135513214,0.027685249745555415,0.02280236132343688
ch5_wp_energy_ratio_6__slope,0.015403494828313713,0.054467425667909186,0.005775208962700321,0.047561408147368596,0.022537315372819472
ch7_impulse_factor__slope,0.017579276900485885,0.0,0.030852571125186506,0.03991681195349628,0.022335234525663356
ch2_max__slope,0.01693531115947544,0.0,0.04484453120312409,0.06084918641065488,0.02199611919341203
ch7_wp_energy_6__slope,0.011857954791247405,0.01861556874377568,0.017062265058557385,0.022125977793755035,0.021199352885085933
ch4_margin_factor__slope,0.007820981604096833,0.01885666572011946,0.012949732737055276,0.0036567643358218303,0.021045398254391088
ch4_wp_energy_ratio_2__slope,0.0030412789714215904,0.0,0.0415236943128248,0.015047509321876724,0.02091681047796054
ch7_wp_energy_5__slope,0.008129452703742324,0.06593443741248084,0.004064716538993307,0.0419582151755343,0.01956966985349416
ch5_min__slope,0.0,0.06006270639641054,0.00492230340524158,0.012674977609890484,0.019292971948164886
ch7_total_power__slope,0.02761763750711399,0.04699515972965118,0.06578260966470201,0.18358039014409547,0.01875500592835601
ch7_band_power_q1__slope,0.02710907970688936,0.047008847132095966,0.06580004836185228,0.18358088814313892,0.01820979992273203
ch7_ptp__slope,0.0,0.04594228263465938,0.014884276609376081,0.01828176634152725,0.017867532837753095
ch7_wp_energy_ratio_5__slope,0.016193508812960555,0.0010880303825004933,0.0788215516508889,0.1255507204465843,0.017602771579816177
ch7_max__slope,0.0,0.04305185607797535,0.015252125829212685,0.018281492249188874,0.017058296546142243
ch6_wp_energy_ratio_2__slope,0.0,0.03798739405248197,0.013297381602825155,0.010157914391795171,0.017053877762794215
ch4_impulse_factor__slope,0.004203623734002182,0.008358977986654192,0.014761107086212234,0.0032419087323445786,0.014533569243827493
ch7_wp_energy_ratio_2__slope,0.008213447308663913,0.04474805246619784,0.060795751696561026,0.12519386751837425,0.014316420204377137
ch6_wp_energy_max_ratio__slope,0.0,0.011634945528207208,0.03207890531188284,0.022010690797416948,0.014011887077312154
ch2_ptp__slope,0.0,0.05515202986031831,0.02899781574171546,0.060715458858363845,0.014001598508627568
ch2_min__slope,0.013684939606842583,0.023963311946260557,0.013624784825256605,0.05022246022000464,0.013356363325607544
ch4_shape_factor__slope,0.0,0.02430831751719209,0.015647949217096068,0.011578724067266356,0.013061729776876845
ch4_wp_energy_ratio_6__slope,0.010587927997014468,0.02039641607056275,0.013255706866893462,0.04156106981922243,0.01152973076147643
ch7_dom_power__slope,0.02399661942250697,0.040875787820587206,0.04131663322327444,0.1549446548433485,0.009196326179592158
ch4_spec_centroid__slope,0.008293250633812033,0.020865766100540917,0.014610393614873218,0.04459883668581952,0.008851717480525994
ch2_impulse_factor__slope,0.0,0.029532005031895903,0.007204244564659449,0.020742044804721162,0.007038820590073857
ch7_wp_energy_4__slope,0.0,0.03309436641159769,0.018465892666281444,0.04312279916027798,0.006646289504416694
ch2_crest_factor__slope,0.0,0.030605402434780604,0.00886748374447541,0.030188195832738202,0.005023138370176317
ch7_crest_factor__slope,0.0,0.0,0.026683316159727886,0.028481733055187888,0.004707217318534577
ch5_impulse_factor__slope,0.0,0.006493733886096198,0.00031277147146933785,0.0014675155736852026,0.001931200718651984
ch5_margin_factor__slope,0.0,0.004824683804395047,0.0008260410819486214,0.0022667340687364153,0.0013496050025522627
ch5_rms_freq__slope,0.0,0.0,0.03368204661603578,0.06235086153632558,-0.0032976758988942714
ch7_wp_energy_ratio_6__slope,0.009875435286852419,0.01503485016058792,0.03102648931450774,0.1257452257792124,-0.010821083528001652
ch7_spec_centroid__slope,0.0,0.0,0.039327496670908284,0.09882280561523725,-0.012957858796333474
ch7_band_ratio_q4_q1__slope,0.015552075859492254,0.0166113403590753,0.003998008834571715,0.11771772390359433,-0.016081045936125738
ch7_rms_freq__slope,0.0,0.03281008854592038,0.008509099766750128,0.09340879635844533,-0.016529542862671158
ch2_spec_centroid__online_rank,0.10962823897025253,0.8842561849120956,0.0688993084146666,1.4755017158769241,-0.04845025334234554
ch7_spec_centroid__rel,0.03692041029540305,0.3579476073928469,0.1307676985899163,1.0525532027229576,-0.13057727281614134
