feature,MI_stage,MI_q,Spearman_q,distribution_instability,final_score,instability_group,selected,rank,max_abs_corr_with_selected
position_control_deviation_axis_y__dominant_freq__rel,0.714731263715567,2.7189072652721804,0.1618415281565283,0.8109907054015941,2.1143190361590705,domain_id,True,1,0.0
force_sensor_y__shape_factor__rel,0.5409412021283084,1.4565273774734568,0.8278470353653967,0.11914505751955756,2.1134141708965513,domain_id,True,2,0.07066832750648633
force_sensor_y__shape_factor__rank,0.5681555091881632,1.3801549100056958,0.8180369544354434,0.3005969061607083,2.1029582427990183,domain_id,False,3,
force_sensor_x__spectral_rolloff95__rank,0.5163412843904769,1.393877092990511,0.738977412027395,0.09113088521107542,1.9687252584531105,domain_id,True,4,0.4410690765280644
force_sensor_y__dominant_freq__rel,0.6431954101668373,2.0243822819977173,0.3506228218566819,1.1384554834030476,1.928381072708745,domain_id,True,5,0.3267311064301243
force_sensor_z__spectral_rolloff95__rel,0.4704337846548734,2.0152935264162006,0.49646166421195176,0.2893109082987017,1.8789198520484562,domain_id,True,6,0.22865530294885678
force_sensor_y__spectral_rolloff95__rel,0.5159094529481902,2.514866632137057,0.17415350370189744,0.6140414708890755,1.7849497530519172,domain_id,True,7,0.38245674004718305
force_sensor_y__zero_crossing_rate__rel,0.5178833889197421,1.130204799258641,0.6400880821744109,0.23898181612112523,1.7663524465419962,domain_id,True,8,0.37973280907150636
position_control_deviation_axis_y__dominant_freq__rank,0.6518826743648272,2.272111643262698,0.05769758546735183,1.4122738818951084,1.7226787693103789,domain_id,True,9,0.7050269420591162
force_sensor_x__spectral_rolloff95__rel,0.6135126102788564,1.6741649322891377,0.225678261225229,0.26917170397108797,1.684036725103903,domain_id,True,10,0.29944816555580384
position_control_deviation_axis_x__dominant_freq__rel,0.5582735556142546,1.7037583221529644,0.19509537244214628,0.20637686732913785,1.5907313204953715,domain_id,True,11,0.09980783389134078
force_sensor_z__dominant_freq__rel,0.47613624815037725,1.0402432929922543,0.521323311727405,0.011219288256186285,1.569437182449237,domain_id,True,12,0.1078521664465363
position_control_deviation_axis_x__spectral_rolloff95__rel,0.579332643629934,1.9925392302503955,0.044728895443466275,0.9938048433874416,1.529899547529454,domain_id,True,13,0.30516734212622687
force_sensor_y__zero_crossing_rate__rank,0.37898417536171514,0.8427305379871144,0.6894670466296867,0.04455441055288797,1.5270552617350055,domain_id,True,14,0.7545317898077952
force_sensor_y__energy__rel,0.35222270927274146,1.0642829431431697,0.6402241579740934,0.054284984499982696,1.5212853095848167,domain_id,True,15,0.47620188666557867
force_sensor_z__mean__rel,0.34756371672624087,0.7798618917940896,0.6684284420578609,0.2201418045717944,1.428643591698026,domain_id,True,16,0.5415034092262373
force_sensor_y__variance__rel,0.32590750401724344,1.002761362338365,0.5772002097701736,0.09075017269305363,1.3966789318716095,domain_id,False,17,
position_control_deviation_axis_y__spectral_rolloff95__rel,0.35317302045623733,1.8767467032562544,0.1908721853216989,0.011258218810184304,1.3746041886975735,domain_id,True,18,0.21712403336407612
force_sensor_y__total_power__rel,0.34240651644408926,0.9700671336192084,0.5390212577505606,0.13257657838055995,1.3671084834125093,domain_id,False,19,
force_sensor_x__energy__rel,0.2735034727581509,0.8668521058128187,0.6553599937249736,0.010602712212216779,1.3562285733205734,domain_id,True,20,0.6690818708126244
force_sensor_y__rms__rel,0.32286870126956546,1.0776786398041538,0.5069286033070461,0.06333747112584794,1.3513161714459367,domain_id,False,21,
force_sensor_x__dominant_freq__rel,0.4113986882525502,0.9632743816825795,0.4187295043845013,0.16500895225987663,1.3389467453226966,domain_id,True,22,0.08367917292324417
force_sensor_y__mean__rel,0.2942222693496994,0.9127471880008171,0.617018600419373,0.46000638964365403,1.3374211974440071,domain_id,True,23,0.6420189217361957
force_sensor_x__rms__rel,0.24749749583455238,0.8940133385551352,0.6319989156408451,0.018662373296395647,1.3059993038269448,domain_id,False,24,
force_sensor_y__peak__rel,0.30542486321506734,0.6289948356487356,0.6574317291619824,0.2194418377565926,1.303242155237198,domain_id,True,25,0.7980270933239697
force_sensor_x__mean__rel,0.30175533341917027,0.8839631898386751,0.5805266399305375,0.42779040777453603,1.3027701414017843,domain_id,True,26,0.84921110004847
force_sensor_y__std__rel,0.32639138082575014,1.0535954121929887,0.45651507423707205,0.07217827050065061,1.2964555793052754,domain_id,False,27,
force_sensor_y__spectral_rms__rel,0.3477612215153538,1.0295910051567683,0.4352954245115418,0.11037007018941818,1.2940683940585218,domain_id,False,28,
force_sensor_z__dominant_freq__rank,0.30030448037872737,0.7193469390162266,0.6094521210514335,0.03516621256923027,1.2921277116107455,domain_id,True,29,0.357387648687138
force_sensor_y__dominant_freq__rank,0.3344510406215424,1.1237968149772117,0.4655827910188611,1.4013771566581683,1.2647310055205814,domain_id,True,30,0.7987399237287888
position_control_deviation_axis_y__spectral_rolloff95__rank,0.29313184515738877,1.5434356258560475,0.2960941116723715,0.44581916336336036,1.2477663491562991,domain_id,True,31,0.7664927967456951
position_control_deviation_axis_y__energy__rel,0.2683558611139685,0.5381320636258691,0.7190087398572556,0.8003341160290275,1.2454968899829781,domain_id,True,32,0.6133807001892522
position_control_deviation_axis_y__rms__rel,0.2635508917384113,0.5219175191907199,0.7175242081979757,0.7871696127509108,1.232097383762999,domain_id,False,33,
position_control_deviation_axis_y__variance__rel,0.2570666294999877,0.5423424930372471,0.7189461362913461,0.7999894966104635,1.2312079827851812,domain_id,False,34,
force_sensor_z__spectral_kurtosis__rank,0.3225482069740939,0.626695645141365,0.5565040187103734,0.20916776697772824,1.226028592340149,domain_id,True,35,0.677702447855488
position_control_deviation_axis_y__std__rel,0.2567313245384031,0.5241854735210394,0.7175286686638904,0.7869983327239987,1.2234045803340658,domain_id,False,36,
force_sensor_y__abs_mean__rel,0.309386426857881,1.0090591580604582,0.40805211689251225,0.004743219230084902,1.2117718877547277,domain_id,False,37,
force_sensor_y__peak__rank,0.28723268661876644,0.527787733005491,0.6303593165517825,0.31182352743729147,1.2080797355710455,domain_id,False,38,
force_sensor_z__spectral_entropy__rank,0.31622419260244405,0.7894504128970095,0.49504625856171297,0.5183909413090246,1.1974632093337985,domain_id,True,39,0.7814294516573858
force_sensor_z__spectral_entropy__rel,0.30248259197149285,0.7368131513542151,0.5184902966366712,0.3281805574318023,1.1934672491198137,domain_id,False,40,
force_sensor_x__abs_mean__rel,0.25164305643245655,0.8009500295504104,0.5617522485059826,0.3370613437888031,1.1886670349658155,domain_id,True,41,0.8700936905022396
position_control_deviation_axis_x__spectral_rolloff95__rank,0.3400209687864777,1.8066150587880898,0.12556328928126032,1.4252508223616653,1.1822426023762413,domain_id,True,42,0.7254530301196584
force_sensor_z__spectral_kurtosis__rel,0.28991627303497514,0.9671272107737603,0.42322074205615323,0.06322659426926297,1.1808499238853476,domain_id,False,43,
force_sensor_y__dominant_amp__rel,0.32859287737321297,0.9563157655553023,0.3716394732114617,0.11048722970356939,1.1766363711367467,domain_id,True,44,0.9107776665077089
position_control_deviation_axis_x__dominant_freq__rank,0.3835432388966249,1.7850073008008054,0.023224241377608538,0.8557790670833989,1.1662194750257877,domain_id,True,45,0.3110279415787252
force_sensor_z__crest_factor__rel,0.3904792569675284,0.9806297422218115,0.3524002434419033,1.6376533144063383,1.1634376284856587,domain_id,True,46,0.4691669144208307
force_sensor_z__spectral_skewness__rel,0.2522335893609613,0.7720197371784705,0.5317606723381659,0.28183553712332177,1.152097403744903,domain_id,True,47,0.8849913364958195
force_sensor_x__shape_factor__rel,0.38859328457661624,1.4546394949504267,0.07148644892659613,0.01182411380626507,1.1494939058772358,domain_id,True,48,0.45281127346041516
position_control_deviation_axis_y__crest_factor__rank,0.2548740408720793,0.38005695271343987,0.665019617318019,0.24876626237817606,1.1468265916122637,domain_id,True,49,0.5730307970147653
position_control_deviation_axis_y__crest_factor__rel,0.235505018532288,0.40081492121867957,0.6763445725568813,0.4084629420749847,1.1293285751937432,domain_id,True,50,0.9149558274484841
force_sensor_z__spectral_skewness__rank,0.2492620824617935,0.6788129742617377,0.5369068809098545,0.29031687709645826,1.118308141507711,domain_id,False,51,
force_sensor_y__energy__rank,0.3025282825041753,0.6225062660446024,0.48328693461428945,0.35210576677706285,1.1148843628590943,domain_id,True,52,0.8995553190415594
torque_axis_z__dominant_freq__rel,0.3607411195711703,1.173400275624208,0.20998400146198742,0.5966726104507643,1.1113134132014637,domain_id,True,53,0.45019217508547715
force_sensor_y__rms__rank,0.28955542137575896,0.617529538795107,0.48328278226765026,0.3521057646564502,1.0948991124066143,domain_id,False,54,
position_control_deviation_axis_y__kurtosis__rank,0.23720754333565952,0.4059887694730442,0.6342085672142149,0.530410924230834,1.0843316166227315,domain_id,True,55,0.6982241517912936
force_sensor_x__kurtosis__rank,0.2887593428252948,1.0726620522206,0.29635099327879166,0.2406197343784974,1.0807817541483884,domain_id,True,56,0.5921679069586796
position_control_deviation_axis_y__kurtosis__rel,0.233859567120682,0.4586718092939792,0.6140944500223164,0.6839115138023653,1.0699149649591562,domain_id,False,57,
force_sensor_y__spectral_rolloff95__rank,0.200504207472888,1.8963835738330093,0.10892869441336704,0.496958943272483,1.0578188116954588,domain_id,True,58,0.7311683797401941
force_sensor_z__dominant_amp__rank,0.2347946517936823,0.660536713710159,0.5111240099815426,0.5228512464607503,1.0519355141465097,domain_id,True,59,0.8357916462773376
position_control_deviation_axis_y__energy__rank,0.22697661209422093,0.3883419549978262,0.6280929565719062,0.8153897388481801,1.0407120150235296,domain_id,True,60,0.9156516396974493
force_sensor_z__dominant_amp__rel,0.2230966229796616,0.7273331853388969,0.492337647387938,0.5929164447089468,1.0372438309672327,domain_id,False,61,
position_control_deviation_axis_y__rms__rank,0.2213602239560919,0.3897938001494272,0.6283503976108098,0.8154548097852662,1.033641582363849,domain_id,False,62,
position_control_deviation_axis_y__std__rank,0.2213831892102993,0.3860321341604842,0.6285556270565794,0.8159904434326118,1.032464034769868,domain_id,False,63,
position_control_deviation_axis_y__variance__rank,0.22159824178331133,0.3842738819483218,0.6285556270565794,0.8159904434326118,1.0321182446381485,domain_id,False,64,
force_sensor_z__abs_mean__rel,0.27168614355389153,0.8356066803945321,0.3402855274464138,0.18413335125957675,1.0169509657408897,domain_id,True,65,0.4425262895668525
force_sensor_y__std__rank,0.2698583021212533,0.552294617501802,0.45787708345385403,0.3933724027132266,1.0155234255745509,domain_id,False,66,
force_sensor_y__variance__rank,0.2685052252342608,0.5550010584673979,0.45787708345385403,0.3933724027132266,1.0146257137665287,domain_id,False,67,
force_sensor_z__band2_energy_ratio__rank,0.28681302792391583,0.5301089615014529,0.4255019419409749,0.14667218676922109,1.013166491049175,domain_id,True,68,0.6044773435002463
force_sensor_y__abs_mean__rank,0.27448148628216074,0.5703916811992134,0.43396643311265226,0.28262959449527514,1.01122651956937,domain_id,False,69,
force_sensor_y__total_power__rank,0.26603844095008666,0.5395089254366003,0.4613058063505167,0.4246247799076244,1.0070738362169551,domain_id,False,70,
force_sensor_z__impulse_factor__rel,0.3497054254346792,0.976729165138063,0.26976087634809576,1.9108909028893728,1.0063046738922063,domain_id,False,71,
position_control_deviation_axis_y__spectral_variance__rel,0.22114262877629498,0.9571920808652195,0.3569020056679385,0.2065063220545621,1.0062581013942649,domain_id,False,72,
force_sensor_x__impulse_factor__rel,0.3087620730222811,1.0431825171829132,0.2216453116001194,0.5423728638564457,1.0055378658189786,domain_id,False,73,
force_sensor_y__spectral_rms__rank,0.25832556590890343,0.5441085245088582,0.46135514667397814,0.4243490541840075,0.9980397484543067,domain_id,False,74,
force_sensor_z__band2_energy_ratio__rel,0.2515121139153451,0.48645616404370706,0.473707599008852,0.13166638748438692,0.9968057150201711,domain_id,False,75,
force_sensor_x__clearance_factor__rel,0.3201875662418834,1.0389217646624442,0.19347610917817065,0.5032911599325155,0.9940774123241938,domain_id,False,76,
position_control_deviation_axis_y__spectral_skewness__rel,0.19097354383256482,0.687308993490352,0.489916617052917,0.2795048047724106,0.9935231523049709,domain_id,False,77,
position_control_deviation_axis_y__abs_mean__rel,0.17070281332295822,0.56543707755828,0.6067448848472773,1.0424778234467365,0.9924574811799093,domain_id,False,78,
force_sensor_x__crest_factor__rel,0.3184196623949478,1.0764042287998103,0.19456164431925782,0.8353895036519815,0.9870149582654317,domain_id,False,79,
position_control_deviation_axis_y__dominant_amp__rank,0.24094483184017434,0.5076646426292957,0.5279767652633436,1.1101296243677397,0.9867542177746667,domain_id,False,80,
position_control_deviation_axis_y__spectral_skewness__rank,0.21956503833692254,0.6376387282876097,0.45405619502146494,0.22198084663961923,0.9827681968119029,domain_id,False,81,
position_control_deviation_axis_y__clearance_factor__rank,0.22995166020435365,0.38328081902128686,0.5665546011755752,0.8022941858662826,0.9822420451405739,domain_id,False,82,
force_sensor_y__dominant_amp__rank,0.27256978868790593,0.5743984533026611,0.41000841366871266,0.3623795029599619,0.9813942710038234,domain_id,False,83,
position_control_deviation_axis_y__shape_factor__rank,0.24307227691647126,0.47227391486979453,0.5189645586706559,0.935187949802025,0.9779532962552224,domain_id,False,84,
position_control_deviation_axis_y__impulse_factor__rank,0.22452405472664605,0.378286315138884,0.5710467299948336,0.7965196581761337,0.9776416866885681,domain_id,False,85,
force_sensor_z__energy__rel,0.2349273328806596,0.8406668196362332,0.3409300899743112,0.048320614172037805,0.9759847315094033,domain_id,False,86,
force_sensor_z__crest_factor__rank,0.33663017224118197,0.7487909859586064,0.32234751953710294,1.644768581959003,0.9723571479205476,domain_id,False,87,
force_sensor_z__p2p__rel,0.3348817409240614,1.0089191338123031,0.22851309102938297,1.6808249181801804,0.9696373942142639,domain_id,False,88,
force_sensor_y__clearance_factor__rel,0.24755235085858973,0.5494413520564727,0.4394249925768822,0.31232703077080765,0.9695621563814918,domain_id,False,89,
force_sensor_y__clearance_factor__rank,0.2641267163930836,0.5102750485789702,0.4203370490359067,0.15027401535160442,0.9687546904974298,domain_id,False,90,
position_control_deviation_axis_y__dominant_amp__rel,0.23531070565900158,0.6592410063819463,0.4627127232361192,1.1661183192735827,0.9660754875503139,domain_id,False,91,
force_sensor_z__rms__rel,0.22369376711747102,0.8351378236804283,0.3452289820330539,0.03580656588570083,0.9632661984483494,domain_id,False,92,
force_sensor_x__skewness__rel,0.28936851475574277,1.0481319895282635,0.1614329657010753,0.004950664013349082,0.9515037589367289,domain_id,False,93,
position_control_deviation_axis_y__spectral_spread__rel,0.18538673157559993,0.8870672003553128,0.3739776636622242,0.23266681500486727,0.9459821865912093,domain_id,False,94,
force_sensor_x__p2p__rel,0.3003449805712213,1.2088013572713,0.20264568020237794,2.1174453423202864,0.9433791908553253,domain_id,False,95,
position_control_deviation_axis_y__abs_mean__rank,0.19556818928461217,0.44173208830830557,0.5517686777816669,1.0243542916403345,0.9278350497861778,domain_id,False,96,
force_sensor_x__std__rel,0.2183009052158955,1.1474941851440588,0.28719888218171286,1.5443152183255613,0.9241781501638922,domain_id,False,97,
torque_axis_y__spectral_rolloff95__rel,0.21830315130055178,1.025031565183586,0.2503483641213065,0.17848271922679854,0.9223248093091573,domain_id,False,98,
force_sensor_x__skewness__rank,0.32847144991939015,0.8722808557116375,0.15097235795016428,0.16768460143211297,0.9215401034040809,domain_id,False,99,
force_sensor_x__variance__rel,0.21451522251980726,1.1652787733467425,0.2804620871425384,1.522319185380369,0.9199747077304787,domain_id,False,100,
force_sensor_x__kurtosis__rel,0.25229908770503795,1.0887588062615476,0.17969919617156196,0.25376613218916744,0.9182673690593033,domain_id,False,101,
position_control_deviation_axis_y__spectral_kurtosis__rel,0.18329944281097088,0.7313936175754785,0.4091096851071113,0.28889368104860585,0.9176431025621424,domain_id,False,102,
force_sensor_z__spectral_rolloff95__rank,0.28833834677724024,1.14136709828664,0.14131077402765188,1.0934774487001493,0.900446049678265,domain_id,False,103,
force_sensor_y__energy__slope,0.2550938652685719,0.3650776396627782,0.40762206982016397,0.08423302201532089,0.893868623435482,domain_id,False,104,
force_sensor_x__shape_factor__rank,0.3705811267223935,0.9619074973090678,0.026002403432179154,0.13798706220146872,0.8901913787202496,domain_id,False,105,
force_sensor_z__spectral_spread__rel,0.20064658814649183,0.43642332491790015,0.45110004451781965,0.04155704344586432,0.8899092313988308,domain_id,False,106,
force_sensor_x__impulse_factor__rank,0.24412924164679817,0.6625019862318666,0.32736576298503944,0.41012466816227583,0.8885659235779386,domain_id,False,107,
force_sensor_z__spectral_variance__rel,0.19378542157565648,0.4254480548075641,0.4604461460465884,0.07473369301606317,0.883674952519591,domain_id,False,108,
force_sensor_z__band4_energy_ratio__rel,0.19909077496663574,0.6392503853176894,0.39324097625259063,0.4183881013623869,0.8823905504681755,domain_id,False,109,
force_sensor_y__p2p__rel,0.18001962078272382,0.4540606982639428,0.4638719266538676,0.006761674013999942,0.8823472371260507,domain_id,False,110,
force_sensor_z__clearance_factor__rel,0.3215020697731952,0.9085930759799972,0.21445788780518704,2.0665324380586365,0.8773612070352621,domain_id,False,111,
position_control_deviation_axis_x__energy__rel,0.20326861430678433,0.7343400826345912,0.4242763881997394,1.753264769530621,0.8760235896534423,domain_id,False,112,
position_control_deviation_axis_x__std__rel,0.2039892502129983,0.7192723435531736,0.4233457473614789,1.7992512523346762,0.8678646545793336,domain_id,False,113,
position_control_deviation_axis_x__variance__rel,0.19720767399211492,0.7287467497456674,0.424424633474338,1.7533064419822992,0.8656321672956097,domain_id,False,114,
position_control_deviation_axis_y__total_power__rel,0.14711800714976464,0.6007410345231561,0.5342490887746755,1.646769804971527,0.8645378068539321,domain_id,False,115,
position_control_deviation_axis_y__spectral_variance__rank,0.17205998298524672,0.6563812877306447,0.4088935295546273,0.4663244457681858,0.8637152653888823,domain_id,False,116,
position_control_deviation_axis_x__rms__rel,0.200223460655079,0.7201110009001823,0.4232829473912803,1.799100416822587,0.8628503282506773,domain_id,False,117,
position_control_deviation_axis_y__spectral_spread__rank,0.17137652737087805,0.6565101798279627,0.4088935295546273,0.4663244457681858,0.8628064298480361,domain_id,False,118,
force_sensor_z__shape_factor__rank,0.24003234830768916,0.6889403236535991,0.35111842676133426,1.3482680799461804,0.8613370001662157,domain_id,False,119,
position_control_deviation_axis_y__spectral_kurtosis__rank,0.19642326527430964,0.655623630873376,0.36789137145608475,0.4102307969397758,0.8598087572916283,domain_id,False,120,
force_sensor_z__shape_factor__rel,0.2099148124670751,0.7180899067426028,0.37885121960912566,1.4865982256837278,0.8495467130843921,domain_id,False,121,
force_sensor_x__clearance_factor__rank,0.24684009707255772,0.5702442737670621,0.31271589210139294,0.36843765674277057,0.8462197544777386,domain_id,False,122,
force_sensor_x__p2p__rank,0.2354501148625232,0.9563581739403109,0.2963475958425576,2.271318038385573,0.8444209925820958,domain_id,False,123,
force_sensor_x__peak__rel,0.2571990185100894,1.0329900706669437,0.2076728546275166,1.853747853767615,0.8388293578011334,domain_id,False,124,
force_sensor_z__spectral_variance__rank,0.19404559496089901,0.3971998221763817,0.4248405963997832,0.2126029487735965,0.8299649923820991,domain_id,False,125,
force_sensor_z__spectral_spread__rank,0.19355527940178696,0.3975699008104012,0.4248405963997832,0.2126029487735965,0.8294150915171314,domain_id,False,126,
position_control_deviation_axis_y__spectral_rms__rel,0.1456233052469058,0.5722000023691365,0.5056008319921614,1.5586300002701725,0.8284658508340565,domain_id,False,127,
torque_spindle__spectral_rolloff95__rel,0.20817369129988017,1.1774246054086066,0.16183398331840115,0.9927602982902111,0.8279722986957279,domain_id,False,128,
force_sensor_z__impulse_factor__rank,0.30695695102540954,0.7409801254709376,0.23866809210116827,1.9342815117844774,0.8273234139678014,domain_id,False,129,
position_control_deviation_axis_x__total_power__rel,0.189125941149072,0.5301331262998037,0.4482353783126214,1.3740758236347326,0.827308661255847,domain_id,False,130,
force_sensor_x__crest_factor__rank,0.22685276713846658,0.6406023200298256,0.31609885978941954,0.7389213872058964,0.8258055961719603,domain_id,False,131,
force_sensor_z__kurtosis__rel,0.28787483569785777,1.0505286240040754,0.15625448386166524,2.152963271530684,0.8192475016445787,domain_id,False,132,
force_sensor_z__p2p__rank,0.27034477323736095,0.8269187461605338,0.2434221132538222,1.843902318531509,0.8177561646234982,domain_id,False,133,
force_sensor_z__abs_mean__rank,0.22035216177634087,0.765297505793022,0.24666295117540424,0.3864007136743062,0.8137937882832684,domain_id,False,134,
position_control_deviation_axis_x__spectral_rms__rel,0.19000827262802544,0.5144101887361074,0.4388074474872533,1.446840221522866,0.809068556069277,domain_id,False,135,
position_control_deviation_axis_y__band4_energy_ratio__rel,0.22620899910495473,0.9197031925883445,0.18101228978022985,0.4595886071191925,0.8088385295383667,domain_id,False,136,
force_sensor_z__energy__rank,0.19162233178066335,0.7544603424791894,0.26843586593092544,0.1407580406590204,0.8057783491188085,domain_id,False,137,
force_sensor_z__rms__rank,0.19158555042922365,0.7524671222529169,0.268437274890218,0.14076115948749954,0.8049950174607192,domain_id,False,138,
force_sensor_y__p2p__rank,0.18281119077222208,0.39681363046250695,0.41668547565441955,0.23463777822068094,0.8046582725623092,domain_id,False,139,
torque_axis_z__spectral_rolloff95__rel,0.29026796131614163,1.0471497515345982,0.05819884300232251,0.8380433379364,0.8003491896579384,domain_id,False,140,
position_control_deviation_axis_x__spectral_rms__rank,0.21632816209390127,0.5354964777519653,0.39048911700162015,1.6196734126810237,0.7952028365895689,domain_id,False,141,
position_control_deviation_axis_x__total_power__rank,0.2150288605640156,0.5330851668840788,0.39054127645676107,1.6195980332405833,0.7925546572961235,domain_id,False,142,
force_sensor_z__mean__rank,0.18145572184449787,0.5947916081590683,0.314191095570054,0.012618000838284158,0.7860926239813849,domain_id,False,143,
force_sensor_z__band0_energy_ratio__rank,0.21198731373165347,0.4476483009362937,0.3295833528368308,0.14403358393371635,0.7823832183881764,domain_id,False,144,
position_control_deviation_axis_x__abs_mean__rel,0.18472112052532141,0.5925389294330996,0.4115870386402707,1.8031801851997986,0.7823052594755022,domain_id,False,145,
force_sensor_x__dominant_freq__rank,0.29082390960447513,0.8476284148818005,0.07378697982196378,0.3014746048550002,0.7747741488094679,domain_id,False,146,
force_sensor_x__energy__rank,0.19997799476172506,0.4670069975490434,0.33647237378347367,0.24413415909971878,0.7737240012358535,domain_id,False,147,
force_sensor_x__peak__rank,0.19976259200002278,0.8831855944633555,0.27909173513761243,1.8960229183264719,0.7723128206363041,domain_id,False,148,
force_sensor_y__kurtosis__rank,0.1592538100426224,0.43039671549492287,0.4140746163467751,0.45608890726265416,0.7684627148657963,domain_id,False,149,
position_control_deviation_axis_x__rms__rank,0.2039377324490097,0.5724149989517318,0.38754425395143527,1.9759648123578206,0.7676226371140602,domain_id,False,150,
force_sensor_y__impulse_factor__rank,0.2536172018060079,0.4310657744258011,0.25457744571136154,0.07625471293678951,0.7634955666911718,domain_id,False,151,
position_control_deviation_axis_x__energy__rank,0.20037432599760097,0.5737217506545771,0.387424709509917,1.9759292070538172,0.7630001364467502,domain_id,False,152,
force_sensor_x__rms__rank,0.19316841362596548,0.4622361295375792,0.33647050773510206,0.2441407015946145,0.7624395806355208,domain_id,False,153,
position_control_deviation_axis_x__variance__rank,0.1993150364346925,0.57146616606245,0.38750865108911786,1.9759437378446343,0.7607715533157472,domain_id,False,154,
force_sensor_z__zero_crossing_rate__rel,0.1554991677175277,0.5623832033783005,0.3534917791557488,0.29893288351119496,0.7603796414154301,domain_id,False,155,
force_sensor_x__shape_factor__slope,0.15491345720142502,0.2361051544593682,0.45586736944137185,0.0023691538041865695,0.7593104357394929,domain_id,False,156,
position_control_deviation_axis_x__std__rank,0.19781442832464724,0.5712519912146496,0.38750865108911786,1.9759437378446343,0.7585932391922053,domain_id,False,157,
position_control_deviation_axis_y__impulse_factor__rel,0.16363804377718227,0.4306722472026605,0.41942725827909594,0.8460624148284072,0.7571991011029685,domain_id,False,158,
position_control_deviation_axis_y__band2_energy_ratio__rel,0.160439583669288,0.8975582603353205,0.20113995174073393,0.03058912614889185,0.7539401602961509,domain_id,False,159,
torque_axis_y__dominant_freq__rel,0.23031368813557163,1.1036267264943764,0.06768352285713257,0.8149716242746178,0.7480741077166927,domain_id,False,160,
position_control_deviation_axis_y__band1_energy_ratio__rel,0.14762367151340272,0.30369494005433495,0.4573630489518696,0.49877054731789205,0.7463777853912826,domain_id,False,161,
force_sensor_x__spectral_rms__rank,0.22124215502856814,0.9034546675366153,0.1762720619756032,1.2393923960614803,0.7454779326455894,domain_id,False,162,
force_sensor_x__total_power__rank,0.22051424006717357,0.9037133734146341,0.17627152979097183,1.2393943744499032,0.7445539895413583,domain_id,False,163,
position_control_deviation_axis_y__spectral_entropy__rel,0.20128915040085538,0.5834988581907554,0.32169872220016493,1.4375357394136778,0.7336988937279355,domain_id,False,164,
force_sensor_x__std__rank,0.20679944588879007,0.9344792298162927,0.19959833415229092,1.6934386158566235,0.7334014566351782,domain_id,False,165,
force_sensor_x__variance__rank,0.2047637842526513,0.9351903910254968,0.19959833415229092,1.6934386158566235,0.7308148683394325,domain_id,False,166,
force_sensor_y__skewness__rel,0.1938464432824667,0.9109999920092364,0.17522791336082938,0.8669235184059711,0.7307047861727988,domain_id,False,167,
torque_axis_z__dominant_freq__rank,0.2881256217012076,1.0308593413092901,0.046849196247399034,1.7039032602471011,0.7292728863486944,domain_id,False,168,
force_sensor_z__clearance_factor__rank,0.2875236040897975,0.7256956710120117,0.1815733532705432,2.0972650264098007,0.7278668866356076,domain_id,False,169,
force_sensor_x__dominant_amp__rel,0.27120882320102435,1.1196612708904317,0.004718304180235679,1.1726986380537667,0.7272616965196252,domain_id,False,170,
force_sensor_y__impulse_factor__rel,0.20305575153099742,0.44316900278901983,0.28749689476373946,0.17354919214323455,0.7244233477124782,domain_id,False,171,
position_control_deviation_axis_y__band1_energy_ratio__rank,0.13038131880070902,0.2619339419269062,0.47285794389709124,0.4801323090975106,0.7234811206683324,domain_id,False,172,
force_sensor_x__total_power__rel,0.20107020737753967,1.1014859286455794,0.10550310170224642,1.1720152099189372,0.723268895035228,domain_id,False,173,
position_control_deviation_axis_y__total_power__rank,0.15505913181720143,0.38279491278267885,0.448621454869453,1.4479478403767065,0.7215119469074449,domain_id,False,174,
force_sensor_y__skewness__rank,0.21160172277240585,0.6053300667058092,0.2501597202172469,0.8500893244196905,0.7190411257907205,domain_id,False,175,
force_sensor_x__energy__slope,0.1615276073225833,0.2624845293662208,0.39660794461970017,0.01836037026619921,0.7180701916108939,domain_id,False,176,
force_sensor_z__peak__rel,0.22681223854995225,0.883540708142907,0.15666772993275754,1.3919347034702263,0.7174039201298629,domain_id,False,177,
position_control_deviation_axis_x__abs_mean__rank,0.19983108800746363,0.54206032030562,0.35615708782531263,2.0261019963478946,0.7163875169621641,domain_id,False,178,
position_control_deviation_axis_y__spectral_entropy__rank,0.1709969617286975,0.4417522139101684,0.4008121902143134,1.4817842008742956,0.715703178944646,domain_id,False,179,
torque_axis_x__spectral_rolloff95__rel,0.2703110737522789,0.8984370329935549,0.013511541027651452,0.16754380142610836,0.7123338753432238,domain_id,False,180,
force_sensor_x__band4_energy_ratio__rel,0.15632753550483702,0.48944427690349457,0.31159314376119723,0.05920142029254642,0.7068612404825783,domain_id,False,181,
position_control_deviation_axis_y__spectral_rms__rank,0.14456102391617454,0.38124751872454876,0.4478275136822516,1.4481622608494995,0.7054481285580029,domain_id,False,182,
position_control_deviation_axis_y__clearance_factor__rel,0.17144577392820626,0.5074528510497096,0.32369213415928355,0.7783038010452568,0.704598017423705,domain_id,False,183,
force_sensor_x__spectral_rms__rel,0.1875669906046693,1.0568131880201603,0.12127435101102142,1.202444436514161,0.7019339290757988,domain_id,False,184,
force_sensor_y__band1_energy_ratio__rank,0.1527077881988137,0.4386771017732567,0.35008783152187384,0.43948616081170794,0.6993355844783221,domain_id,False,185,
position_control_deviation_axis_y__zero_crossing_rate__rank,0.16199467613057816,0.4081745258329308,0.33412344680438816,0.2517615987031364,0.6961463460254733,domain_id,False,186,
force_sensor_x__zero_crossing_rate__rank,0.1359589864924624,0.6532066791447062,0.2669396999632398,0.038064471145887596,0.6951791515959693,domain_id,False,187,
force_sensor_z__band4_energy_ratio__rank,0.16445242611803246,0.35747810563290106,0.3537186159522682,0.3599495060241433,0.694194736792823,domain_id,False,188,
position_control_deviation_axis_y__band0_energy_ratio__rel,0.12894801306909587,0.5686850460354336,0.30546032605073725,0.10274314671737488,0.6890138693074873,domain_id,False,189,
position_control_deviation_axis_y__shape_factor__rel,0.16112445848792145,0.5368064976214351,0.31341156451930835,0.9727489739782812,0.67927862067979,domain_id,False,190,
position_control_deviation_axis_y__band2_energy_ratio__rank,0.15553852392971868,0.6724900718126703,0.21580043588610393,0.04127257077254623,0.6783384956553763,domain_id,False,191,
force_sensor_z__peak__rank,0.22322448843319664,0.7630427975936724,0.15725546656560424,1.4433755430518789,0.665639096751842,domain_id,False,192,
position_control_deviation_axis_y__band0_energy_ratio__rank,0.1397353757077071,0.41170099724368825,0.3267226408625567,0.1861012610833675,0.6627465330251963,domain_id,False,193,
force_sensor_x__band2_energy_ratio__rel,0.1391689498594615,0.4676840833990772,0.3258739721359074,0.5457228858834979,0.6606225174020868,domain_id,False,194,
force_sensor_x__zero_crossing_rate__rel,0.1850948362436553,0.6876565569708228,0.16329600533986632,0.2666347181197618,0.6595594748215825,domain_id,False,195,
force_sensor_y__band1_energy_ratio__rel,0.14470416105578354,0.44106096957055385,0.31795913694124756,0.47142751546981027,0.6550138693333332,domain_id,False,196,
force_sensor_x__variance__slope,0.13345283083438186,0.2000053116190661,0.396266794787667,0.03883693891498257,0.6542694365590022,domain_id,False,197,
force_sensor_y__band0_energy_ratio__rank,0.14440387653354292,0.4687332485647593,0.30421424836205774,0.46805114105924484,0.6512244143108382,domain_id,False,198,
force_sensor_y__band0_energy_ratio__rel,0.13406400193900114,0.4520910169511536,0.32573419212715476,0.49486498424742664,0.6505853915358492,domain_id,False,199,
position_control_deviation_axis_y__zero_crossing_rate__rel,0.15061253067707758,0.368262141310006,0.3307144730508888,0.4492353563492022,0.6505611525153975,domain_id,False,200,
force_sensor_z__band0_energy_ratio__rel,0.14091695039206065,0.3951345887316773,0.3193087021034363,0.24005759019558093,0.6477309915641974,domain_id,False,201,
position_control_deviation_axis_x__dominant_amp__rank,0.20231626555601312,0.49996624056974115,0.30367297375406344,2.1103744128137434,0.6469602970579486,domain_id,False,202,
force_sensor_y__mean__slope,0.1489571434700998,0.21784454493945837,0.35903740929269695,0.017090730324338256,0.6465680210939293,domain_id,False,203,
force_sensor_x__dominant_amp__rank,0.2460098890446225,0.8603912691855369,0.055719666773634914,1.1951460754011332,0.6463330038422314,domain_id,False,204,
force_sensor_y__spectral_skewness__rank,0.12126411095118983,0.40052876426205586,0.34349144071758553,0.31162635178004827,0.642207064968489,domain_id,False,205,
force_sensor_z__kurtosis__rank,0.213988991284642,0.8012460786745006,0.17688584069757002,2.2494313064870903,0.6391654898577653,domain_id,False,206,
position_control_deviation_axis_x__dominant_amp__rel,0.1609792066784108,0.49132645311226053,0.3450648850445963,1.9098656212288108,0.63908816173554,domain_id,False,207,
force_sensor_x__band4_energy_ratio__rank,0.14489244357842535,0.3926309042451521,0.2964201760998657,0.17029740350509745,0.6335716567658066,domain_id,False,208,
force_sensor_x__std__slope,0.1286192421675647,0.17721762984157952,0.38358676680067905,0.039991478588517974,0.626377757820515,domain_id,False,209,
force_sensor_z__band1_energy_ratio__rel,0.14846561611610487,0.4335634912375985,0.2673909641947788,0.25867330848819736,0.6194179036603942,domain_id,False,210,
force_sensor_x__band0_energy_ratio__rank,0.17836954414724837,0.31164171517863704,0.2727656485446114,0.3072375721841111,0.6189440195775961,domain_id,False,211,
force_sensor_x__spectral_centroid__rank,0.19886772557832644,0.5634069732738105,0.1709432235741379,0.7256990870911388,0.6138780780946215,domain_id,False,212,
force_sensor_z__band2_energy_ratio__slope,0.31691443851872325,0.43562218051310664,0.011016097075427353,0.01575585222718438,0.6137160470546594,domain_id,False,213,
torque_axis_y__spectral_rolloff95__rank,0.1614493998691382,0.8972123848637388,0.13070118930450214,1.3071908935550953,0.6099806453603988,domain_id,False,214,
force_sensor_y__variance__slope,0.1877375120303677,0.2252178394727089,0.26827805830619683,0.1308322900611577,0.6061141645753133,domain_id,False,215,
force_sensor_y__rms__slope,0.14498875682782075,0.1614769401433538,0.34250485133040737,0.014516989356679704,0.6039022885425337,domain_id,False,216,
position_control_deviation_axis_y__spectral_centroid__rank,0.16124865891330775,0.715423140208816,0.21919144044873567,1.8191149780505373,0.6013311278748309,domain_id,False,217,
force_sensor_y__kurtosis__rel,0.18922753094561418,0.6370440748890811,0.11772757311150589,0.39765187100083654,0.5934808472571113,domain_id,False,218,
force_sensor_y__spectral_skewness__rel,0.10718227804347902,0.3978143687770528,0.3121619281724936,0.34538986550477446,0.5881984586166594,domain_id,False,219,
force_sensor_x__band2_energy_ratio__rank,0.14597874191183058,0.3445393959358327,0.28532437176453906,0.49223355010608055,0.5874430769558981,domain_id,False,220,
position_control_deviation_axis_y__band4_energy_ratio__rank,0.1170155733868421,0.6486002012912646,0.21527897555242798,0.5555309886197881,0.584997402283027,domain_id,False,221,
force_sensor_x__band0_energy_ratio__slope,0.24913694816119003,0.4171192707180773,0.07875603638739308,0.00029990019552304033,0.5807270661579208,domain_id,False,222,
position_control_deviation_axis_y__band3_energy_ratio__rel,0.11087925589683167,0.26009783528027164,0.36489896496645385,0.7096450049480731,0.5741119617014523,domain_id,False,223,
force_sensor_x__rms__slope,0.12442846738016011,0.20689419039861523,0.32472541511589015,0.029107947115300195,0.573205617981435,domain_id,False,224,
force_sensor_x__spectral_entropy__rank,0.17170369448572576,0.5340053574185122,0.15411689158130268,0.34287244873006756,0.5706649506185503,domain_id,False,225,
force_sensor_x__band1_energy_ratio__slope,0.23895988899841702,0.4207164603939755,0.07880600119672483,0.0001933980230594891,0.5678672985301344,domain_id,False,226,
force_sensor_x__spectral_spread__rel,0.1726404860939057,0.5030613564343973,0.14543087925614556,0.10977281583859597,0.5655677749409563,domain_id,False,227,
force_sensor_x__spectral_centroid__rel,0.15142690768493527,0.6069364953986227,0.18099223887037447,0.872417968185644,0.5649638405033797,domain_id,False,228,
position_control_deviation_axis_y__band3_energy_ratio__rank,0.11610733243345162,0.21299919637846276,0.36710709782580503,0.73283482926824,0.5649533247228459,domain_id,False,229,
position_control_deviation_axis_x__band3_energy_ratio__rank,0.14758291691371062,0.3778568197570218,0.2950634483204563,1.3212028711707449,0.5631045700788396,domain_id,False,230,
position_control_deviation_axis_x__spectral_entropy__rank,0.15224851069776535,0.43314917958375343,0.2481381035831409,1.1956027385405006,0.5504031538400711,domain_id,False,231,
force_sensor_x__spectral_variance__rel,0.16513761745629574,0.5059542583006129,0.13735533695482732,0.07650789057257451,0.5500080193527377,domain_id,False,232,
force_sensor_x__abs_mean__rank,0.14512215388904726,0.442127035196866,0.18400907725287938,0.13247598479705983,0.5419026345305552,domain_id,False,233,
force_sensor_z__band1_energy_ratio__slope,0.21099534944654108,0.3209771149875773,0.11842422354295196,0.018500045606272,0.5306032225186497,domain_id,False,234,
force_sensor_x__spectral_skewness__rel,0.16502429682139685,0.44193145603852546,0.16729997470660105,0.5203360676400232,0.5302393766622908,domain_id,False,235,
force_sensor_x__band0_energy_ratio__rel,0.1290489870179825,0.3282523288090422,0.24871383707424066,0.3474867732911114,0.5296372437826563,domain_id,False,236,
force_sensor_y__total_power__slope,0.17235502275061032,0.22996653431934,0.20954103274543953,0.13913793626799206,0.5271149293162277,domain_id,False,237,
force_sensor_x__band1_energy_ratio__rel,0.1318556473029866,0.33647828721599193,0.23917938845116254,0.3637387738385668,0.5261027990584344,domain_id,False,238,
torque_axis_z__energy__rel,0.09663630150700775,0.5534531777979859,0.22058481395725846,0.5975707954126419,0.524332011979452,domain_id,False,239,
force_sensor_y__abs_mean__slope,0.1119521796227525,0.1282648738665202,0.3191698314184269,0.012379881826899974,0.5222548971820475,domain_id,False,240,
torque_axis_z__abs_mean__rel,0.09585680838261146,0.543267135912012,0.22474045428417105,0.6276514247866982,0.5218880019149431,domain_id,False,241,
position_control_deviation_axis_x__spectral_kurtosis__rel,0.1466654335490194,0.65939378303705,0.12580659124660262,0.9175891631296696,0.5197628581409371,domain_id,False,242,
torque_spindle__dominant_freq__rel,0.12742908819888799,0.9450557060484766,0.0075977946128097445,0.2463664828559363,0.5190372960441242,domain_id,False,243,
force_sensor_z__band1_energy_ratio__rank,0.14895438773044511,0.3846624573069026,0.17314423364554524,0.08306142327166312,0.5181599979279357,domain_id,False,244,
torque_axis_x__dominant_freq__rel,0.13192312779699011,0.9249171690461497,0.007606957826961173,0.24636648400199262,0.5179273430031529,domain_id,False,245,
position_control_deviation_axis_x__band1_energy_ratio__rank,0.14125861312372345,0.3897920036617091,0.2728520981823784,1.6413653446099377,0.5176735090713341,domain_id,False,246,
torque_axis_z__mean__rel,0.0887077806851424,0.5490239875844574,0.22474045428417105,0.6276514247866982,0.51400294253452,domain_id,False,247,
position_control_deviation_axis_y__spectral_centroid__rel,0.13564017534456818,0.7849149557581185,0.13474581759350873,1.6955073436461892,0.5138578760589746,domain_id,False,248,
torque_axis_y__dominant_freq__rank,0.15489145045601638,1.1228836111977647,0.009704549366619887,2.1804645032341567,0.5116371568414714,domain_id,False,249,
torque_axis_z__rms__rel,0.08758792927502945,0.5488459128919003,0.21999949055301884,0.6006176578442315,0.5092137958410086,domain_id,False,250,
force_sensor_x__spectral_entropy__rel,0.17913223307387383,0.510624749227989,0.09049095348024634,0.3758059499727884,0.5069033772165168,domain_id,False,251,
force_sensor_x__total_power__slope,0.09762846806948033,0.15324290170845378,0.3133192235767957,0.03128423709761971,0.5044426243358546,domain_id,False,252,
torque_axis_z__dominant_amp__rel,0.11178984662893043,0.4194014311018206,0.23970224252077058,0.9049744137122393,0.4973343816285324,domain_id,False,253,
force_sensor_y__band3_energy_ratio__rank,0.11774436781112585,0.28065998744440623,0.23134379867090996,0.07539100684597178,0.4948906753134236,domain_id,False,254,
force_sensor_y__mean__rank,0.14152710884138253,0.32465020959898405,0.1873515981106651,0.22872081378580777,0.4913681008165356,domain_id,False,255,
position_control_deviation_axis_x__spectral_entropy__rel,0.1302312178005236,0.43336372404157064,0.22514541335762212,1.3236849542891769,0.4891790061653775,domain_id,False,256,
torque_axis_z__spectral_kurtosis__rel,0.10522443738765608,0.4487354265518446,0.2064512598661767,0.523245766624954,0.48805501023363146,domain_id,False,257,
force_sensor_y__band3_energy_ratio__rel,0.10109393768945263,0.35810598046898434,0.21529492854460303,0.05318179078926179,0.48533138646650614,domain_id,False,258,
torque_spindle__spectral_centroid__rel,0.09183470865859533,0.32257128405731095,0.25517188330454627,0.3621122745623071,0.48108129342433475,domain_id,False,259,
torque_spindle__band0_energy_ratio__rel,0.15636847374683005,0.5412802721508418,0.13217297233300895,1.1858425602982516,0.48054435826324016,domain_id,False,260,
position_control_deviation_axis_x__band3_energy_ratio__rel,0.10759338131853347,0.41967789683380907,0.2492906602046449,1.3530743879881266,0.4748952982392835,domain_id,False,261,
force_sensor_y__spectral_centroid__rel,0.09792697179260346,0.6437335930382542,0.12196503661609312,0.39100377111152973,0.4728271448541369,domain_id,False,262,
force_sensor_y__crest_factor__rank,0.21273544749514128,0.3934819418661011,0.03699495678591658,0.17370364228692534,0.46918084234039,domain_id,False,263,
force_sensor_y__spectral_centroid__rank,0.10060926338815701,0.5955117295047385,0.13695235607923736,0.4811635144703422,0.46854839299500756,domain_id,False,264,
force_sensor_x__band1_energy_ratio__rank,0.13327861045154732,0.24787607483739027,0.2064513146520382,0.3594052592304232,0.4630321329181954,domain_id,False,265,
force_sensor_x__abs_mean__slope,0.09530676783609748,0.18293685322561837,0.26026136158156365,0.025192224301739796,0.45941466990693325,domain_id,False,266,
position_control_deviation_axis_x__band1_energy_ratio__rel,0.14046630626529644,0.46856436925349954,0.20096682055662365,1.894687022367159,0.4588075991109263,domain_id,False,267,
force_sensor_y__spectral_entropy__rank,0.11365745779697178,0.6766341382739811,0.07876669707629594,0.568683174790132,0.4533267366830986,domain_id,False,268,
force_sensor_y__spectral_kurtosis__rank,0.0953400583565247,0.32435591182814516,0.19827669721756994,0.12741634015893988,0.4434996438605955,domain_id,False,269,
torque_spindle__spectral_kurtosis__rel,0.15102609981558057,0.6047252077926295,0.10458641302363801,1.621367838819101,0.4432969146433374,domain_id,False,270,
force_sensor_x__spectral_rms__slope,0.07268010525450186,0.12717189622179337,0.2929395461958062,0.029621357855576343,0.4396656730877394,domain_id,False,271,
torque_axis_y__dominant_amp__rel,0.15995021957504618,0.45514818684845615,0.06493234634020448,0.28384769178244657,0.43949127650070285,domain_id,False,272,
torque_axis_z__total_power__rel,0.14242270793054468,0.34152918131662835,0.24778242791685165,2.287480225844574,0.4386206531515095,domain_id,False,273,
force_sensor_y__spectral_spread__rel,0.10985911052941288,0.31789669057479664,0.1734852263375729,0.1284047820147196,0.43658858588792415,domain_id,False,274,
torque_axis_z__spectral_rms__rel,0.14109823483943762,0.35198396418613953,0.24185522150096056,2.2821008239134666,0.43500077785410407,domain_id,False,275,
force_sensor_x__spectral_variance__rank,0.16211684816407956,0.3902673857565562,0.07025909359383774,0.09974847228070964,0.4347744499051691,domain_id,False,276,
force_sensor_x__spectral_spread__rank,0.16061623666858615,0.3906354681660824,0.07025909359383774,0.09974847228070964,0.43281028224634455,domain_id,False,277,
force_sensor_z__variance__rel,0.1505233825305392,0.5411660373089617,0.03813548101847791,0.27504844611717466,0.43165760482408355,domain_id,False,278,
force_sensor_y__spectral_entropy__rel,0.10960186661469806,0.733998444196585,0.03207461595907434,0.4076415298783888,0.43149539170759293,domain_id,False,279,
force_sensor_x__zero_crossing_rate__slope,0.21370170611824446,0.2904543221064877,0.024380843473187162,0.007217501945957916,0.4297813901518301,domain_id,False,280,
force_sensor_z__energy__slope,0.08992085185032717,0.17749246517755335,0.23696813260634442,0.003775946961755571,0.42783839387801254,domain_id,False,281,
force_sensor_y__spectral_variance__rel,0.10239285795550335,0.3145283105772396,0.1743017918469431,0.0945079702307108,0.4277063289583088,domain_id,False,282,
position_control_deviation_axis_x__p2p__rel,0.10310955077043427,0.35691770171005643,0.2563753729909304,1.8241994156226853,0.42501666852897413,domain_id,False,283,
force_sensor_z__std__rel,0.1475221872287924,0.540880395033172,0.03300370363703649,0.26515606062517577,0.42280139023268576,domain_id,False,284,
force_sensor_y__crest_factor__rel,0.16492320821746387,0.39815403781969216,0.048866670176381445,0.08058066386201525,0.4213323477366123,domain_id,False,285,
torque_spindle__dominant_amp__rel,0.08018326256322483,0.6445521581407241,0.08270598760406872,0.20579356384767303,0.41989641355205803,domain_id,False,286,
torque_axis_y__variance__rel,0.11332116102001466,0.3197369318227632,0.25930330618456976,2.119305814429433,0.41126438351660016,domain_id,False,287,
torque_spindle__kurtosis__rel,0.13981255591502184,0.5691728921227863,0.049658426653780535,0.7692508345808697,0.40953620963077536,domain_id,False,288,
force_sensor_y__spectral_spread__rank,0.10428556847176407,0.35162717704449786,0.15139481764794344,0.3003858550447278,0.40902822127354344,domain_id,False,289,
position_control_deviation_axis_y__skewness__rank,0.07506894758998395,0.15159762053043302,0.29906584241567863,0.8701105576616374,0.40886687165473007,domain_id,False,290,
position_control_deviation_axis_x__zero_crossing_rate__rel,0.12664855616260473,0.4267517312476663,0.15660883676116807,1.4255243154711466,0.40723038305134873,domain_id,False,291,
force_sensor_y__spectral_variance__rank,0.10296247413770931,0.3511634587448311,0.15139481764794344,0.3003858550447278,0.4070064907261404,domain_id,False,292,
torque_axis_y__spectral_kurtosis__rel,0.11189288508195094,0.4825931693828678,0.12038686740424027,0.859714133675097,0.404056929398827,domain_id,False,293,
position_control_deviation_axis_y__skewness__rel,0.055250351639090756,0.24177511832866827,0.28290760028711587,0.7798152747444324,0.40343783734297733,domain_id,False,294,
force_sensor_z__std__rank,0.11416664464164716,0.48916709178781836,0.07045912952963593,0.14004845847207245,0.4018993463843059,domain_id,False,295,
force_sensor_z__variance__rank,0.11318066568993768,0.4880928473464472,0.07045912952963593,0.14004845847207245,0.4001247348100896,domain_id,False,296,
force_sensor_x__spectral_skewness__rank,0.10277590331792696,0.3028684471685068,0.1676370756799589,0.4161880587982083,0.39843927158452097,domain_id,False,297,
torque_spindle__dominant_freq__rank,0.10518315825085622,1.0733032123178328,0.027783414422748738,2.9357842443278743,0.39767210031724953,domain_id,False,298,
force_sensor_y__std__slope,0.08900988046972325,0.10632055869009971,0.23515479124872776,0.042472423526786096,0.3963062903698527,domain_id,False,299,
force_sensor_z__skewness__rank,0.1253495199994299,0.4541640306829766,0.12382081348184312,1.2139218900371542,0.39510643873428686,domain_id,False,300,
torque_axis_y__std__rel,0.09926039511877516,0.3338717186211464,0.25764520263913376,2.1214711627048173,0.39500529508548127,domain_id,False,301,
force_sensor_z__zero_crossing_rate__rank,0.10579615983615387,0.45753763172308837,0.11059851309918477,0.5476381049625539,0.39481023736804655,domain_id,False,302,
force_sensor_z__shape_factor__slope,0.09816944310439224,0.07557603746481067,0.23098395719633136,0.024181617418458517,0.39471498057987986,domain_id,False,303,
torque_axis_x__dominant_freq__rank,0.10383694070124072,1.0683259816891462,0.027783414422748738,2.9357842443278743,0.3939579710074822,domain_id,False,304,
torque_axis_x__spectral_rolloff95__rank,0.1651207965815742,0.946757891247012,0.002024252362297315,3.1965325530897886,0.39395126094182803,domain_id,False,305,
force_sensor_z__variance__slope,0.08890352913624544,0.1396130730344658,0.21695383889662698,0.0037862460352994574,0.3924682886129735,domain_id,False,306,
position_control_deviation_axis_x__p2p__rank,0.10518993132116239,0.315732771309186,0.2364775771076553,1.8514363137580643,0.391285956135765,domain_id,False,307,
position_control_deviation_axis_x__band0_energy_ratio__rel,0.13993012341979538,0.49384830270767566,0.11043185263420843,1.656423726212451,0.3907835126824178,domain_id,False,308,
position_control_deviation_axis_x__spectral_spread__rel,0.11030572034790875,0.49516648673786445,0.11794103806517749,1.1019120643003952,0.3898225237062221,domain_id,False,309,
force_sensor_x__band2_energy_ratio__slope,0.15836782414096318,0.31027233567103885,0.052136639525840175,0.003061320696100134,0.38765054999464793,domain_id,False,310,
force_sensor_z__spectral_centroid__rank,0.10446595241072476,0.37760028153440217,0.1267181328175012,0.4261211331556686,0.3867888448245005,domain_id,False,311,
force_sensor_z__rms__slope,0.07710219781740313,0.15805117709701078,0.2195765205584718,0.0013218719462922022,0.38550525251392226,domain_id,False,312,
force_sensor_x__dominant_amp__slope,0.054448342935372596,0.11933656846846397,0.25740594023469626,0.03825817074680843,0.37523561780810033,domain_id,False,313,
force_sensor_x__spectral_centroid__slope,0.15733225608936152,0.1968732576797141,0.08249343408810911,0.01104759384526447,0.3743828797122874,domain_id,False,314,
position_control_deviation_axis_x__band0_energy_ratio__rank,0.13951205141876843,0.45471568937362683,0.09834614766954303,1.4855369916656551,0.3737337326497687,domain_id,False,315,
torque_axis_z__spectral_entropy__rel,0.08716602722873534,0.26667659180552095,0.1987195799060351,0.7755808761594505,0.37331066941428526,domain_id,False,316,
position_control_deviation_axis_x__spectral_variance__rel,0.10215418282013622,0.48206008954104007,0.11476643886303343,1.1019857692236454,0.3704181021523141,domain_id,False,317,
force_sensor_x__mean__slope,0.08141528369941753,0.19923404298099223,0.18171631501199056,0.016641702997135226,0.36792873508463714,domain_id,False,318,
torque_axis_y__spectral_spread__rel,0.0957355087096603,0.34122448423497254,0.22016473554826665,1.9488673139442774,0.3654116251981657,domain_id,False,319,
force_sensor_x__spectral_variance__slope,0.1600690467630157,0.29416989296837714,0.03148880903943511,0.00835667295659378,0.3631502540655326,domain_id,False,320,
force_sensor_y__shape_factor__slope,0.07541065734846719,0.21033207925074038,0.17979481112135964,0.021303130907968766,0.36141464426407416,domain_id,False,321,
position_control_deviation_axis_x__zero_crossing_rate__rank,0.0932653554856906,0.4010279231827223,0.1608954325104873,1.3478588876834943,0.3598995935313639,domain_id,False,322,
torque_spindle__spectral_rolloff95__rank,0.15704253542239877,0.5216851931279356,0.03474087375640998,1.5327710459698993,0.35651904876523005,domain_id,False,323,
torque_spindle__spectral_spread__rel,0.10816037293024494,0.6217391026487293,0.05886486564447277,1.4061282770546726,0.35647100568600654,domain_id,False,324,
torque_spindle__spectral_skewness__rel,0.10311143391252275,0.5304850180070839,0.10023661433694923,1.4369870222810661,0.3554076037838682,domain_id,False,325,
force_sensor_x__mean__rank,0.14272856059459582,0.3868758719697789,0.03859386802323837,0.43429741027577223,0.3551312384745442,domain_id,False,326,
position_control_deviation_axis_x__spectral_centroid__rel,0.09924688998446962,0.47415297178603044,0.14047737029615479,1.7530010443850748,0.35100492380987275,domain_id,False,327,
torque_axis_z__kurtosis__rel,0.12090990896992793,0.43911185529667973,0.1765386771702402,2.678215157262496,0.3502718467309573,domain_id,False,328,
force_sensor_y__band1_energy_ratio__slope,0.06768385719889625,0.14213172659346496,0.202799393870424,0.0066805003282928415,0.34938157197425407,domain_id,False,329,
force_sensor_z__std__slope,0.06485294876802383,0.14612919672729063,0.20501411470461203,0.006361220115918423,0.34912444963221495,domain_id,False,330,
force_sensor_x__skewness__slope,0.08585087909497946,0.13269735723471676,0.17985345306414993,0.009318789429902174,0.34822909606493657,domain_id,False,331,
torque_spindle__variance__rel,0.12066631104478698,0.5522959386739426,0.12543800576402134,2.559229631514013,0.34743119249679477,domain_id,False,332,
position_control_deviation_axis_x__peak__rel,0.11577341460152102,0.37991195432185254,0.17404274481409132,2.2462911056529724,0.3441258051081956,domain_id,False,333,
position_control_deviation_axis_x__spectral_skewness__rel,0.09438341755813284,0.46075671338468904,0.10140030422209358,1.0095534063337388,0.3437607648937794,domain_id,False,334,
force_sensor_z__band0_energy_ratio__slope,0.12992558297455625,0.3147846049103542,0.04565657361008899,0.017099076354730566,0.3422131727320827,domain_id,False,335,
force_sensor_z__spectral_rms__rank,0.09835700078136167,0.4380596256666873,0.06782470010688194,0.4262795907994025,0.3415755594104329,domain_id,False,336,
force_sensor_z__total_power__rank,0.09814152169127288,0.43781976262111666,0.06782444041130056,0.4262760100731732,0.3411858064830424,domain_id,False,337,
torque_axis_y__kurtosis__rel,0.07500119726254328,0.2734731503212391,0.19575729367161337,1.0284905453397672,0.34100795778316395,domain_id,False,338,
torque_spindle__total_power__rel,0.0970466584174472,0.6241485360297383,0.08496906933265985,1.8655924117347353,0.34098817287891103,domain_id,False,339,
torque_axis_x__band3_energy_ratio__rel,0.08037618087336496,0.16388681448518216,0.24253393093916767,1.35063770327158,0.33612239239723607,domain_id,False,340,
force_sensor_y__dominant_amp__slope,0.08300116202381802,0.09754235380582266,0.1855292634983718,0.029894162674157423,0.33578228437927654,domain_id,False,341,
torque_axis_y__spectral_variance__rel,0.07131273603044086,0.33624256761520455,0.22707503035038257,1.9726514143284424,0.3349253272514291,domain_id,False,342,
force_sensor_z__spectral_centroid__slope,0.11678897233368901,0.26459963417582877,0.07429157330391277,0.012826158194335474,0.33426099491693284,domain_id,False,343,
force_sensor_y__spectral_kurtosis__rel,0.051240095221448456,0.30128180120114134,0.16274197277510266,0.1991570962912488,0.33357305019001793,domain_id,False,344,
force_sensor_x__spectral_kurtosis__rank,0.099719958516302,0.35614232393733936,0.10068364793881322,0.6428253640619898,0.333523534697745,domain_id,False,345,
torque_spindle__skewness__rel,0.11411340805398096,0.4948317564022888,0.0635845871580905,1.2600207941208237,0.33140553362987685,domain_id,False,346,
force_sensor_z__band3_energy_ratio__rank,0.070470216586203,0.2290480567373594,0.18675488793383538,0.6617750677460658,0.33081563434112826,domain_id,False,347,
torque_spindle__spectral_variance__rel,0.09958581799701682,0.6212803945945007,0.041264649500314624,1.3535267891479035,0.3297875312750835,domain_id,False,348,
torque_spindle__spectral_rms__rel,0.0901142370405339,0.626065999125335,0.08659880633574989,1.9382235068742186,0.32936776092732295,domain_id,False,349,
position_control_deviation_axis_x__spectral_centroid__rank,0.09618326316265291,0.40134589473126425,0.14838144389114388,1.7351887221444398,0.3288882957478761,domain_id,False,350,
force_sensor_y__spectral_rms__slope,0.07636610644088826,0.10124589482590896,0.18596986639755725,0.04899451547778166,0.32718249942796795,domain_id,False,351,
position_control_deviation_axis_x__band4_energy_ratio__rel,0.093300245773563,0.5022308902036166,0.07602850033962397,1.099421696047637,0.3268613445656,domain_id,False,352,
torque_axis_z__spectral_rms__rank,0.12198159228270167,0.21937479652456737,0.15898887660174346,1.4469823607311205,0.3255511846323216,domain_id,False,353,
torque_spindle__std__rel,0.10751636267700238,0.5544350531687448,0.1266580875186165,2.670653888382557,0.3245103314871451,domain_id,False,354,
force_sensor_z__total_power__rel,0.1034271246330476,0.4433845370564109,0.03445772254449852,0.3202510014983245,0.32347387613103473,domain_id,False,355,
torque_axis_y__variance__rank,0.10009759855815914,0.23158043449399068,0.18413003875201114,1.468331729486563,0.32331199296976654,domain_id,False,356,
force_sensor_y__band0_energy_ratio__slope,0.04988380009387883,0.1600430156218846,0.19400855317296126,0.007434579604843247,0.32222967769611927,domain_id,False,357,
force_sensor_z__mean__slope,0.16133794376619526,0.22993022855904854,0.01096482250252364,0.004314556112060319,0.3210114605666582,domain_id,False,358,
torque_spindle__band2_energy_ratio__rel,0.1011901881008268,0.6321244293522015,0.017376574029703162,1.2381806877882127,0.3188916127306827,domain_id,False,359,
force_sensor_z__skewness__rel,0.06328925444857925,0.42226075773081373,0.1382156935743766,1.105819219811155,0.31727185871659547,domain_id,False,360,
torque_axis_z__total_power__rank,0.11328166272201678,0.221577339801025,0.15852665437191302,1.4468973842041442,0.3137317171907285,domain_id,False,361,
torque_axis_z__zero_crossing_rate__rel,0.08521456488667223,0.4062091495974962,0.08466056667007399,0.696934610026849,0.31244918314857684,domain_id,False,362,
torque_axis_y__std__rank,0.0923006729217184,0.2203906315662434,0.18413003875201114,1.468331729486563,0.3082875501893747,domain_id,False,363,
force_sensor_z__total_power__slope,0.07040444616508856,0.12695319571692298,0.16055128495777216,0.002029615582891908,0.3056298611627937,domain_id,False,364,
force_sensor_y__band2_energy_ratio__rank,0.10486919828481978,0.39203169775333624,0.046936316672359035,0.5604546027229954,0.3050073387012273,domain_id,False,365,
torque_axis_z__shape_factor__rel,0.08523819669710542,0.4591232939881009,0.17676296355136092,2.734260981443151,0.30466279396581963,domain_id,False,366,
force_sensor_x__spectral_kurtosis__rel,0.09544990767750616,0.4550130979272806,0.022300260701823806,0.40737134727688895,0.2993271126229044,domain_id,False,367,
torque_spindle__shape_factor__rel,0.09566274298062494,0.4667857119639578,0.02150161316298901,0.4731866107796942,0.2992995076154099,domain_id,False,368,
torque_axis_z__peak__rel,0.06531921006840613,0.3157014499360198,0.10423000755947633,0.21276773100454757,0.29926547356921596,domain_id,False,369,
torque_axis_y__band2_energy_ratio__rel,0.11528976778768274,0.5200066720487873,0.008802479485559232,1.074077294662167,0.29842443705604693,domain_id,False,370,
force_sensor_z__spectral_rms__rel,0.08726596609573001,0.44583905298009885,0.030880344334606687,0.35130406204235587,0.2963680890849939,domain_id,False,371,
position_control_deviation_axis_x__spectral_skewness__rank,0.10048166527069147,0.40295088479059604,0.060996943799065055,0.927877054881656,0.2954150217297581,domain_id,False,372,
position_control_deviation_axis_x__peak__rank,0.07210481772193522,0.31326710414874626,0.19839246128285795,2.0736628398784007,0.29298165007778354,domain_id,False,373,
torque_axis_z__skewness__rel,0.10318750219276884,0.42137555568311136,0.16493009116255547,2.9437515813542476,0.29178411650631453,domain_id,False,374,
force_sensor_z__spectral_rms__slope,0.06650981403498646,0.11273633643002867,0.15418333195210107,0.001048668103854552,0.2886414166189585,domain_id,False,375,
position_control_deviation_axis_x__spectral_spread__rank,0.08132545099072175,0.3524962825801152,0.10176605323169129,1.004904387863639,0.2863115550080109,domain_id,False,376,
force_sensor_z__band3_energy_ratio__slope,0.11258047603799537,0.2624029665453351,0.03471439041709546,0.043453930718531514,0.28619293870954626,domain_id,False,377,
force_sensor_x__band3_energy_ratio__slope,0.0972720916002392,0.25572099326053,0.056760779296339506,0.01389724661051722,0.28609531907178265,domain_id,False,378,
position_control_deviation_axis_x__band4_energy_ratio__rank,0.09665485349872749,0.4838840448648183,0.034396795632302364,1.0606142959513334,0.2854493272117912,domain_id,False,379,
position_control_deviation_axis_x__spectral_variance__rank,0.08058477013475263,0.352135093978335,0.10176605323169129,1.004904387863639,0.2851424049302251,domain_id,False,380,
force_sensor_y__band3_energy_ratio__slope,0.09452291103785293,0.36681576785319514,0.018683416475881,0.01294304873333141,0.28508749920747317,domain_id,False,381,
torque_axis_z__dominant_amp__rank,0.0912868308271646,0.368122396751986,0.13288392140343674,1.942528606705634,0.2821708933598939,domain_id,False,382,
torque_axis_z__spectral_spread__rel,0.06667393866699789,0.3686411687375064,0.11134167206636969,0.9935835218959974,0.28198922981234154,domain_id,False,383,
torque_axis_y__band0_energy_ratio__rel,0.08556449996335846,0.4420359570074548,0.07168331510628591,1.2339102428409385,0.28167271240762637,domain_id,False,384,
force_sensor_y__band2_energy_ratio__rel,0.07184326666198548,0.38740108606976964,0.071350247974326,0.5712555009497484,0.2808777617432136,domain_id,False,385,
torque_axis_x__zero_crossing_rate__rel,0.08156712282168588,0.28843872354487976,0.14088883092451407,1.392185023439717,0.27951852546145295,domain_id,False,386,
torque_axis_y__spectral_entropy__rel,0.10325284182764571,0.295021689412172,0.033470576290686435,0.13020314007093597,0.2788122379826722,domain_id,False,387,
torque_spindle__band0_energy_ratio__rank,0.13284261622197202,0.43574197367131484,0.0604685001422766,2.1832937878117473,0.2786590589923044,domain_id,False,388,
torque_axis_y__band4_energy_ratio__rel,0.05345680034789457,0.2160277170234477,0.24263976833857712,2.0177076856739546,0.27865272912232564,domain_id,False,389,
force_sensor_z__zero_crossing_rate__slope,0.1361043720724222,0.22731329001427847,0.004569978737609846,0.008772012492391915,0.27808794380420393,domain_id,False,390,
force_sensor_x__band3_energy_ratio__rel,0.09208974286360094,0.324600064472337,0.030951904578729685,0.07228249123994246,0.2749477815302513,domain_id,False,391,
torque_axis_y__total_power__rel,0.09776897588062172,0.32740147078007453,0.02990867766491837,0.2303725641346426,0.2736170935867052,domain_id,False,392,
torque_axis_y__skewness__rank,0.11855848611369724,0.18166195167096522,0.10778431137989469,1.146026383688584,0.2733221094634405,domain_id,False,393,
torque_axis_y__spectral_rms__rel,0.09611046479149499,0.3237149773311301,0.02556949272200683,0.1808830563828694,0.2685015571259092,domain_id,False,394,
torque_axis_y__spectral_variance__rank,0.09457275067999471,0.30145491862616813,0.11618932235774963,1.5672631491434372,0.2675435938803963,domain_id,False,395,
torque_spindle__spectral_skewness__rank,0.12632035965731592,0.46377938281506514,0.04785531834527035,2.1863869723670897,0.2670511693022747,domain_id,False,396,
force_sensor_y__peak__slope,0.10795651359357716,0.137841579701246,0.062294085679125116,0.0023597611743239842,0.26389812867372947,domain_id,False,397,
force_sensor_x__spectral_entropy__slope,0.11463220951558695,0.15642876027278252,0.046931373804591274,0.022125259369325457,0.2635536135771596,domain_id,False,398,
torque_axis_z__spectral_variance__rel,0.05838675224133172,0.358756576386714,0.1047980343412986,0.9779569633075161,0.2611309479638335,domain_id,False,399,
torque_axis_y__spectral_spread__rank,0.08888417999876874,0.3037909829099066,0.11618932235774963,1.5672631491434372,0.26044375186287333,domain_id,False,400,
force_sensor_x__spectral_spread__slope,0.11699539913001766,0.22365129012274565,0.014519785721485465,0.009905524051435532,0.2598885795182947,domain_id,False,401,
force_sensor_z__spectral_kurtosis__slope,0.12646314984451945,0.213836441493374,0.003797240561347489,0.0011919594913769108,0.25931337017558026,domain_id,False,402,
torque_axis_z__band2_energy_ratio__rel,0.10672927943801902,0.5016324308145328,0.03133440603065163,1.8276414313152562,0.2580637944684256,domain_id,False,403,
torque_spindle__band1_energy_ratio__rel,0.06377340166308887,0.2327867477484249,0.140272428622064,0.9912822203282233,0.2570300658883792,domain_id,False,404,
torque_axis_z__clearance_factor__rel,0.04704083931176206,0.40957073226483454,0.07218515986113824,0.5409283822168769,0.256941912885231,domain_id,False,405,
torque_axis_z__variance__rank,0.09365483934799945,0.1971566257941073,0.13003756034509423,1.355179002098018,0.2541749077549525,domain_id,False,406,
force_sensor_x__spectral_rolloff95__slope,0.11346591414120955,0.1429467108512883,0.041708532564026915,0.00816040054506199,0.25255866258408066,domain_id,False,407,
torque_axis_y__spectral_skewness__rel,0.10136899732362448,0.4698339470821149,0.00631355362380351,1.2353402696565097,0.24855561398802112,domain_id,False,408,
torque_axis_z__std__rel,0.10384277200560477,0.3896798682542659,0.15813089712164272,3.4012496915505817,0.2474357114296083,domain_id,False,409,
torque_axis_z__shape_factor__rank,0.07025297543553077,0.2926377140385412,0.13440998769256998,1.5868817364813472,0.24734526498431392,domain_id,False,410,
torque_axis_z__impulse_factor__rel,0.03827663749627774,0.4180500243846623,0.07059019104972292,0.5319037041989032,0.2467321787642331,domain_id,False,411,
torque_axis_y__p2p__rel,0.03250365880789152,0.057777723432759664,0.1939051817855826,0.24714263735651287,0.24615020219827102,domain_id,False,412,
torque_axis_z__std__rank,0.08690309976624544,0.19944554789686997,0.13003756034509423,1.355179002098018,0.2455702184889199,domain_id,False,413,
force_sensor_z__band3_energy_ratio__rel,0.03890034584497304,0.21843996009800826,0.1426922383331484,0.5526301710208443,0.24507679534333066,domain_id,False,414,
torque_axis_y__abs_mean__rank,0.08336486017155864,0.16855402016310173,0.12867274146886296,1.0693617383778196,0.24464154901409121,domain_id,False,415,
torque_axis_z__spectral_rolloff95__rank,0.12121002626307265,0.3884285415771771,0.017234800058829495,1.4752529462094315,0.24323807844100753,domain_id,False,416,
force_sensor_z__spectral_centroid__rel,0.06890214648996773,0.3845743118461389,0.022200595164591885,0.29471835228866344,0.24277797842851448,domain_id,False,417,
force_sensor_z__abs_mean__slope,0.04955664751976685,0.09888639336994309,0.13616838851932228,0.003673442675777203,0.24165909164124358,domain_id,False,418,
torque_axis_x__spectral_variance__rel,0.051903191804239635,0.15397535304687127,0.1168990866388467,0.07694413032305111,0.24164081664246106,domain_id,False,419,
force_sensor_x__spectral_kurtosis__slope,0.06559399111804387,0.1670745079627869,0.0876629044247955,0.018525343401979966,0.2398008346471308,domain_id,False,420,
torque_axis_z__crest_factor__rel,0.0336788202751952,0.4133003879749344,0.06894121261361902,0.5128993282015519,0.23801699702797544,domain_id,False,421,
torque_spindle__spectral_entropy__rel,0.08467244521258843,0.4096602561505853,0.009233406184933627,0.7131612215490123,0.23658197919295007,domain_id,False,422,
torque_axis_z__variance__rel,0.09128857201366558,0.3879784109289717,0.1603333785792417,3.3566174832636446,0.2340628435397351,domain_id,False,423,
force_sensor_x__kurtosis__slope,0.051645696377951245,0.11147085422972935,0.11941601499719194,0.006011030994308092,0.23232108464906262,domain_id,False,424,
torque_axis_z__band0_energy_ratio__rel,0.08149320214226186,0.42372886463453563,0.059895256302317644,1.675438936021491,0.23158240583067824,domain_id,False,425,
force_sensor_x__band3_energy_ratio__rank,0.10006589826184209,0.26245546865216074,0.0005505730485092998,0.09542653215052505,0.23149345007916372,domain_id,False,426,
torque_axis_y__rms__rank,0.07987339603210009,0.153850611920749,0.12343855723642612,1.0647982863500298,0.22938193424914993,domain_id,False,427,
force_sensor_z__p2p__slope,0.08527706557131398,0.09933005302586384,0.07091607978884051,0.02861857792516072,0.2250856326960402,domain_id,False,428,
position_control_deviation_axis_x__shape_factor__rank,0.05807100319553471,0.30954455840154704,0.03389778340116106,0.08530313369870897,0.22399679242909357,domain_id,False,429,
torque_axis_z__spectral_centroid__rel,0.06834715494687282,0.38836553919397065,0.037831863455352194,0.9156273320608591,0.22264306739364306,domain_id,False,430,
position_control_deviation_axis_y__mean__rank,0.05097772526969058,0.15795741336340896,0.12675230733105655,0.6201322806622582,0.21983399450626645,domain_id,False,431,
torque_spindle__kurtosis__rank,0.09915708171088355,0.4858883655084627,0.05082370315096376,2.5336821256956066,0.21979541399492356,domain_id,False,432,
force_sensor_x__p2p__slope,0.07113882436882535,0.05308839226646356,0.1026817313633842,0.06203969973343173,0.21810422902181845,domain_id,False,433,
torque_spindle__zero_crossing_rate__rel,0.03513045996533837,0.25864482134227984,0.08589089618509597,0.23286509764155755,0.21652565953975322,domain_id,False,434,
position_control_deviation_axis_x__spectral_kurtosis__rank,0.07500701738089388,0.34593362758615065,0.03692926196574559,0.9228594855234438,0.21502843361808222,domain_id,False,435,
position_control_deviation_axis_y__spectral_kurtosis__slope,0.09617716466091353,0.17920242377420958,0.014815609942021158,0.02464985130740899,0.21384499241389232,domain_id,False,436,
force_sensor_y__spectral_spread__slope,0.04794047783367117,0.15615109246033043,0.08992844757988415,0.01256434466649572,0.21369859342836509,domain_id,False,437,
force_sensor_y__spectral_centroid__slope,0.03400558204596216,0.14916060830061495,0.11118701487554158,0.0009276427589967192,0.21357129251539259,domain_id,False,438,
position_control_deviation_axis_y__mean__rel,0.03091579796883326,0.15559810596757195,0.13501026632927565,0.37580995762594577,0.21347184009900816,domain_id,False,439,
force_sensor_y__p2p__slope,0.10803751201859213,0.10434814251192748,0.022793039592635952,0.005096039606277129,0.21203135645002436,domain_id,False,440,
position_control_deviation_axis_x__shape_factor__rel,0.03285830964603087,0.3053412503941768,0.056240706763536874,0.05281608174542661,0.2114216724794126,domain_id,False,441,
force_sensor_x__peak__slope,0.07704482244363953,0.07246951373398502,0.07824054563293588,0.04856937705890222,0.20984389720462032,domain_id,False,442,
torque_axis_y__energy__rank,0.06496207704844292,0.15625051978418458,0.12337560442062281,1.0694149157667832,0.20906829653794098,domain_id,False,443,
torque_spindle__spectral_variance__rank,0.09935853675369954,0.4871718423736815,0.00870197661291015,2.039920186004848,0.20736110268378616,domain_id,False,444,
torque_axis_x__band4_energy_ratio__rel,0.03901655673513016,0.07665713904120208,0.1787747531800267,0.9297397054710635,0.20707702552728965,domain_id,False,445,
torque_axis_y__spectral_skewness__rank,0.0830160560645774,0.34393803337035767,0.0725792810665179,1.8863939397184604,0.20468888630078227,domain_id,False,446,
torque_axis_x__spectral_spread__rel,0.029587269340274114,0.15818392152257266,0.10881504085491771,0.1118983522431702,0.20183359488852134,domain_id,False,447,
position_control_deviation_axis_x__mean__rel,0.06475816265482126,0.1421967014550134,0.06309425290651385,0.08793178434881047,0.20084574079856884,domain_id,False,448,
force_sensor_x__band4_energy_ratio__slope,0.07504872148138864,0.23615968327544978,0.009276664579684964,0.0068968475508543094,0.20073354271066476,domain_id,False,449,
torque_axis_x__band0_energy_ratio__rel,0.014486050453772048,0.23852558624314701,0.10184787314660701,0.16593400481564768,0.20012076285829392,domain_id,False,450,
position_control_deviation_axis_x__skewness__rank,0.11006727043064579,0.18535300118398013,0.006266718671054062,0.5265024540881953,0.19758468226114795,domain_id,False,451,
torque_spindle__spectral_spread__rank,0.09176525098872945,0.4879095450878932,0.00870197661291015,2.039920186004848,0.19700845275485768,domain_id,False,452,
torque_axis_y__peak__rel,0.03994807788497812,0.11477732930325324,0.10382404341736634,0.09968598166773315,0.19608958893246445,domain_id,False,453,
position_control_deviation_axis_x__mean__rank,0.07576742027708017,0.1244704412742692,0.04842495527018712,0.11162505016326318,0.1936717893742683,domain_id,False,454,
force_sensor_z__peak__slope,0.07206630318187068,0.09153773181491864,0.05979931040222765,0.019650528305040906,0.193144860492419,domain_id,False,455,
position_control_deviation_axis_y__total_power__slope,0.06869629876748728,0.15324069471298607,0.04228382175921557,0.027564280500330444,0.19314460610412718,domain_id,False,456,
position_control_deviation_axis_x__skewness__rel,0.10633998045031356,0.18596330121318605,0.004797067722359579,0.5398475662708316,0.19034254560600758,domain_id,False,457,
force_sensor_y__spectral_variance__slope,0.02460959030373866,0.20186372089836846,0.08136799694558079,0.012529842607096244,0.1893101514399093,domain_id,False,458,
torque_axis_y__band4_energy_ratio__rank,0.0647825877140562,0.1756806100439734,0.13459589253521012,1.7245492463707004,0.1887941338457079,domain_id,False,459,
torque_axis_z__p2p__rel,0.03657597217006581,0.35162955474480606,0.03052519780720883,0.40816184415765794,0.1871096682785576,domain_id,False,460,
force_sensor_z__spectral_entropy__slope,0.07818089234543368,0.15096886547097643,0.02146519966944431,0.010912428921311246,0.18573633689302582,domain_id,False,461,
torque_axis_z__spectral_skewness__rel,0.05527355270113099,0.43762451340137254,0.02756940636091281,1.3817001902904198,0.18489520126866116,domain_id,False,462,
force_sensor_z__spectral_variance__slope,0.07388217395197794,0.16217612959505878,0.021542556450786027,0.0004784775599008461,0.18453262264840473,domain_id,False,463,
position_control_deviation_axis_x__band2_energy_ratio__rel,0.06541391573071098,0.3761520037805086,0.011574203359056323,1.0062453327885423,0.18247931714693347,domain_id,False,464,
force_sensor_y__band2_energy_ratio__slope,0.05917367000106033,0.11540006924897828,0.05773040236953396,0.027116178513385086,0.18137648914498708,domain_id,False,465,
torque_axis_x__shape_factor__rel,0.042246833927023886,0.07854007997923329,0.1811895471312731,1.5279135374853845,0.1796520908362465,domain_id,False,466,
torque_spindle__variance__rank,0.08649917069354784,0.3176933627631948,0.035409123479438545,1.610205774890987,0.17892348959740806,domain_id,False,467,
position_control_deviation_axis_y__peak__rel,0.07430054469187919,0.16565873855803215,0.05644454463475285,0.7239094211822129,0.17890919152488322,domain_id,False,468,
force_sensor_y__kurtosis__slope,0.03715003620215174,0.17621561393236318,0.06305172595572454,0.019889320810003382,0.1786750682099556,domain_id,False,469,
torque_axis_y__band1_energy_ratio__rel,0.05038229128680238,0.16124458715008094,0.14471506108177598,1.6555639728355196,0.17749836464949748,domain_id,False,470,
force_sensor_y__zero_crossing_rate__slope,0.08480061358759472,0.1213670018391797,0.014447512072277317,0.009756186941377733,0.1771608233236135,domain_id,False,471,
torque_axis_z__band4_energy_ratio__rel,0.05741059079983146,0.3162639575684265,0.03547899569991726,0.9434917669994359,0.17683716433650354,domain_id,False,472,
force_sensor_y__spectral_kurtosis__slope,0.04744081870136685,0.10003512108989554,0.07112183320011074,0.0005844345521616475,0.17425572855174623,domain_id,False,473,
position_control_deviation_axis_x__band3_energy_ratio__slope,0.07528503553627486,0.12664828542516737,0.020792752150590465,0.0044792948240750235,0.17244420312005118,domain_id,False,474,
torque_axis_x__total_power__rank,0.08122765837551982,0.1367065702396384,0.0918159139831453,1.427083413110073,0.1721193766418458,domain_id,False,475,
torque_axis_x__variance__rank,0.10043247481442896,0.1611798102777131,0.04922668464711626,1.3144785649697848,0.17199968752685166,domain_id,False,476,
force_sensor_y__spectral_entropy__slope,0.012170113903583246,0.07695218321065944,0.12424714179380386,0.01596428962001842,0.16864181754709132,domain_id,False,477,
torque_axis_x__dominant_amp__rank,0.07625419996611327,0.1190487522900554,0.11453731021971976,1.6645543165858165,0.16747248051036484,domain_id,False,478,
position_control_deviation_axis_x__kurtosis__slope,0.0872528481286956,0.11376961329103974,0.001631574007813696,0.0032374920395274007,0.16536357629657317,domain_id,False,479,
force_sensor_x__spectral_skewness__slope,0.05946627655030445,0.14219844747395527,0.027078286646794913,0.016016631346243673,0.16164048390587424,domain_id,False,480,
torque_axis_x__band1_energy_ratio__slope,0.07849260909442712,0.11677010187248094,0.008992244685439924,0.032518098531694226,0.15985533472375663,domain_id,False,481,
torque_axis_x__shape_factor__slope,0.06453768283637729,0.09220971940520606,0.03587178852048355,0.007152206555763663,0.15966337171300873,domain_id,False,482,
torque_spindle__peak__rank,0.08097405233957167,0.16370424685277962,0.07480450394840435,1.5379918506553376,0.15818372437288686,domain_id,False,483,
torque_axis_x__spectral_kurtosis__rel,0.05268095731072564,0.23059591038798644,0.05221972430673737,0.8975540854425228,0.15814412961570481,domain_id,False,484,
torque_axis_y__crest_factor__rel,0.12561966624174903,0.3111473456624547,0.131188269767586,4.512892681548421,0.15693773952181367,domain_id,False,485,
force_sensor_y__band4_energy_ratio__slope,0.062001734839870926,0.15047593115742153,0.015227018889967787,0.011952650600266127,0.1566192020115592,domain_id,False,486,
torque_spindle__std__rank,0.06832025845262857,0.32312300178157116,0.035409123479438545,1.610205774890987,0.15548587087666094,domain_id,False,487,
torque_axis_x__std__rank,0.08945026606260464,0.15782886902905657,0.04922668464711626,1.3144785649697848,0.15540172098156632,domain_id,False,488,
torque_axis_y__clearance_factor__rel,0.13699636989291175,0.28803665509294163,0.12591201946795624,4.599984684917845,0.15397552979579876,domain_id,False,489,
force_sensor_z__band4_energy_ratio__slope,0.04393711783326437,0.18741736433829503,0.023925683319270735,0.008609583399806876,0.15382593315904097,domain_id,False,490,
torque_axis_x__band2_energy_ratio__rel,0.03510965474693517,0.24831577403019844,0.027392671074767342,0.24357590265450516,0.1535717226887709,domain_id,False,491,
torque_spindle__clearance_factor__rel,0.029827950241386958,0.14527330804256522,0.09047507559492474,0.55406721681301,0.15317167302003126,domain_id,False,492,
torque_axis_x__spectral_rms__rank,0.0687526214358436,0.128409256454717,0.0918176833268322,1.4268413363532544,0.15162945786657234,domain_id,False,493,
position_control_deviation_axis_y__peak__rank,0.08016500357935841,0.13880176167316183,0.03117844753387285,0.7385315053142795,0.15111353592150714,domain_id,False,494,
torque_axis_y__energy__slope,0.03804654089497417,0.042226045923706934,0.09203451025570285,0.1716284802190624,0.1507398857940501,domain_id,False,495,
torque_axis_x__rms__rank,0.08222844880205771,0.09929995573310224,0.10192170259254892,1.7838696646740735,0.14896045292262158,domain_id,False,496,
torque_axis_x__energy__rank,0.08343338622599905,0.09414103162648901,0.1019206208835417,1.7839217634723301,0.1487447535823598,domain_id,False,497,
torque_spindle__band4_energy_ratio__rel,0.05477569149436712,0.2746661093785856,0.00834958993270338,0.65405482494745,0.1476821730011848,domain_id,False,498,
force_sensor_z__spectral_skewness__slope,0.0535137474871108,0.1290427703438093,0.025006158539634428,0.010045137014233853,0.146751338270219,domain_id,False,499,
force_sensor_z__kurtosis__slope,0.033225509350353954,0.10363353560643151,0.06275606781529831,0.022372862358085412,0.14604765457846644,domain_id,False,500,
position_control_deviation_axis_y__dominant_amp__slope,0.04968736698778842,0.0797779490118975,0.04987854266383402,0.05061238472347749,0.14577362064239457,domain_id,False,501,
torque_axis_y__band3_energy_ratio__rel,0.026089947707441663,0.07919820452960957,0.11152933654448048,0.5451530633891669,0.14521626430217685,domain_id,False,502,
torque_axis_y__abs_mean__slope,0.03457655689870931,0.0497011883415337,0.08854488575003741,0.17472488895553812,0.1449631871158097,domain_id,False,503,
force_sensor_x__clearance_factor__slope,0.017786596672408006,0.04064712233132717,0.10575847081412823,0.03067848868923597,0.14379628383437715,domain_id,False,504,
torque_axis_x__abs_mean__rank,0.07897388609295919,0.09473228959253355,0.10444057214045069,1.8173450709122727,0.14328421683300646,domain_id,False,505,
torque_spindle__energy__rank,0.07852906994768416,0.24146689133837196,0.024923685993043565,1.3748218664607115,0.143044209012683,domain_id,False,506,
force_sensor_z__skewness__slope,0.05135545220251014,0.14478820347260157,0.01796998753528561,0.0173321208971291,0.14205952296917634,domain_id,False,507,
force_sensor_y__band4_energy_ratio__rank,0.02679345188313076,0.11136767254383617,0.06774135810260998,0.08915361793604064,0.140965029812513,domain_id,False,508,
torque_axis_z__dominant_amp__slope,0.023329676793618193,0.07094949180099697,0.08548916385294619,0.06705829684175053,0.14029571922103626,domain_id,False,509,
torque_axis_z__spectral_skewness__rank,0.06835189241054485,0.3959716271882163,0.021472562841645258,2.09185439819212,0.14016323616527726,domain_id,False,510,
torque_axis_x__peak__rank,0.07261864745638325,0.09703856122630716,0.10207014895388371,1.713818707833105,0.13893668604140486,domain_id,False,511,
torque_axis_x__spectral_entropy__rel,0.03639403078445569,0.15243775856437036,0.11668707894247872,1.4594410211986026,0.13815234680982966,domain_id,False,512,
torque_axis_y__total_power__rank,0.09353545596837343,0.29021486024804943,0.04890102856037782,2.5591137136156656,0.1365494264586027,domain_id,False,513,
position_control_deviation_axis_x__total_power__slope,0.05494391843794588,0.07495974357409363,0.03213520587896485,0.012537354917552583,0.13584388068698477,domain_id,False,514,
torque_axis_z__energy__rank,0.08377931558929097,0.49353372072408996,0.04618504093943581,3.57067889010129,0.13568721052857613,domain_id,False,515,
torque_spindle__impulse_factor__rel,0.03287214299482644,0.12978952855340875,0.08257541811492883,0.712292441384803,0.13456468163531773,domain_id,False,516,
position_control_deviation_axis_x__spectral_kurtosis__slope,0.048239900767598876,0.11257258194808895,0.025510869766833755,0.0005686049745003156,0.13437492333069642,domain_id,False,517,
force_sensor_y__band4_energy_ratio__rel,0.011553654349121256,0.06862761672891082,0.1008120346175904,0.13624290616400356,0.13423437752410897,domain_id,False,518,
torque_spindle__dominant_amp__rank,0.10959907652303547,0.5409770393616062,0.015010282448104543,3.98101909708559,0.13404184517540552,domain_id,False,519,
torque_axis_y__impulse_factor__rel,0.11986342235735936,0.29026814222479347,0.1277578740584627,4.579004282097975,0.13390035087939545,domain_id,False,520,
position_control_deviation_axis_y__spectral_skewness__slope,0.06044100629104454,0.07106448026371393,0.02429312562077529,0.02084606928316438,0.13377339363442106,domain_id,False,521,
torque_axis_y__variance__slope,0.026839270832423434,0.02598457344847871,0.09149998828649734,0.10421115846740546,0.13250196238446005,domain_id,False,522,
torque_axis_y__mean__slope,0.02252772230904676,0.046685686359441814,0.09250590746195109,0.17456610742872375,0.13096657410354073,domain_id,False,523,
torque_axis_x__energy__rel,0.06498588287555607,0.09687145704411071,0.16015014533235947,2.6778690956234326,0.129784518984695,domain_id,False,524,
torque_axis_y__band0_energy_ratio__rank,0.05231647558689212,0.31311423354859436,0.046366092926601966,1.8036280431808778,0.1290361661897572,domain_id,False,525,
force_sensor_z__clearance_factor__slope,0.03343673150946058,0.06501320610020134,0.05967496087037984,0.023167880159520152,0.1290111307830266,domain_id,False,526,
torque_spindle__skewness__rank,0.06182579368323471,0.36571128432357103,0.04037428863323964,2.266224106506569,0.12858679323561523,domain_id,False,527,
torque_axis_y__dominant_amp__rank,0.10327051119446384,0.3424579181560947,0.029112954330661165,2.923533612476833,0.12824235578406842,domain_id,False,528,
torque_spindle__spectral_rms__rank,0.08611294950119275,0.40933209351495226,0.005395303225044787,2.5395681995814314,0.12761470038434106,domain_id,False,529,
torque_axis_x__p2p__rank,0.07160469250156698,0.1522595748379354,0.05066990533655765,1.3575283466116028,0.1273057213424387,domain_id,False,530,
torque_spindle__abs_mean__rank,0.08062027237690139,0.2060061864680094,0.01663308535849826,1.3361422369822478,0.12690375498615714,domain_id,False,531,
position_control_deviation_axis_x__spectral_rolloff95__slope,0.059072141790841304,0.11864188668103415,0.0010249230643720978,0.007095849274521843,0.12689443530192832,domain_id,False,532,
position_control_deviation_axis_x__band4_energy_ratio__slope,0.056099537802542176,0.10578801206372157,0.009501350684743502,0.0019314359320427427,0.1267868478309819,domain_id,False,533,
torque_axis_x__abs_mean__rel,0.06610977001313323,0.09236628829169913,0.1603878468728475,2.7413527469598993,0.1262176843568821,domain_id,False,534,
torque_axis_z__spectral_kurtosis__rank,0.06799328103477076,0.43479609787832807,0.09481887544396198,3.8380987843123617,0.12496069010075564,domain_id,False,535,
torque_axis_x__skewness__slope,0.04123331892848214,0.07921548164521441,0.03857530820987349,0.010001915908796078,0.12481491963376416,domain_id,False,536,
position_control_deviation_axis_x__band2_energy_ratio__rank,0.050887632135171,0.2906030252975995,0.005312010065691235,1.0029420633370851,0.12462209871836862,domain_id,False,537,
torque_spindle__crest_factor__rel,0.03325373874069526,0.14159472723424615,0.0719703106383115,0.8041168380574711,0.12345463342426419,domain_id,False,538,
position_control_deviation_axis_x__crest_factor__rank,0.04372269762949599,0.1014410718149037,0.07202560322465093,0.8099930543719598,0.123044690559975,domain_id,False,539,
force_sensor_y__spectral_skewness__slope,0.03001309027092125,0.06481801949266597,0.05706754532432952,0.0012937628718402293,0.12282359790988936,domain_id,False,540,
torque_spindle__total_power__rank,0.07918618484034257,0.41865638929491267,0.0064729547148686855,2.5357624933149165,0.12265336127240595,domain_id,False,541,
torque_axis_y__rms__slope,0.02698348669938211,0.030354821956566358,0.08330992063848572,0.17384514561101502,0.12204060842479011,domain_id,False,542,
torque_axis_z__abs_mean__rank,0.07544191741970052,0.48456897971365676,0.04860689131779214,3.602855321177553,0.12126131767391204,domain_id,False,543,
torque_axis_z__rms__rank,0.07396117491498821,0.49130593876876993,0.04626980927119694,3.572476410214042,0.12111045265672193,domain_id,False,544,
position_control_deviation_axis_y__dominant_freq__slope,0.07175054274149262,0.055255470365666026,0.000555980356607166,0.00807617782405318,0.12079354832193828,domain_id,False,545,
force_sensor_z__spectral_rolloff95__slope,0.04959900129505357,0.09380015761681859,0.01720738477245126,0.015323447266900122,0.1202039872569402,domain_id,False,546,
torque_axis_x__mean__rank,0.06361864532366557,0.09075196654526296,0.10265436476819303,1.8248863721669617,0.11810822549853371,domain_id,False,547,
torque_axis_x__mean__rel,0.05745237776773626,0.09281131173858359,0.15999824637888016,2.6832870674123215,0.11728150451284278,domain_id,False,548,
torque_spindle__rms__rank,0.059721687709768156,0.24061580189861242,0.024887789699807785,1.3739755493240817,0.11643095766814153,domain_id,False,549,
torque_axis_y__zero_crossing_rate__rel,0.04995259978712441,0.2978011665996112,0.015866175245889166,1.364232132011099,0.11534457213906793,domain_id,False,550,
position_control_deviation_axis_x__kurtosis__rank,0.04151106046465913,0.25200221112097854,0.012456535096549889,0.8234439987641266,0.11496866783109311,domain_id,False,551,
position_control_deviation_axis_x__rms__slope,0.04064918582470933,0.08068727917528307,0.03008033002095158,0.029782394567228577,0.11488488647599861,domain_id,False,552,
torque_axis_z__mean__rank,0.06786878000233898,0.49545697522548515,0.04860689131779214,3.602855321177553,0.1146700829292481,domain_id,False,553,
torque_axis_x__crest_factor__rel,0.02183078094562374,0.07158406751423341,0.12135379836204313,1.1038700755448412,0.1135414297588393,domain_id,False,554,
position_control_deviation_axis_x__std__slope,0.041065440591009805,0.07333004152779843,0.03010179492119485,0.0298125773399519,0.11278102224371123,domain_id,False,555,
position_control_deviation_axis_y__clearance_factor__slope,0.05788268676067321,0.07104992170118063,0.0078058966839636874,0.05394108818200913,0.1117620912094021,domain_id,False,556,
position_control_deviation_axis_y__spectral_rolloff95__slope,0.054046787521288886,0.07859237441174738,0.007319481999544113,0.0015108008873918719,0.11175515408398108,domain_id,False,557,
torque_axis_z__spectral_kurtosis__slope,0.023773820767292175,0.07582038371369038,0.05057150117868731,0.004916492802758793,0.11143234921695297,domain_id,False,558,
torque_axis_x__spectral_skewness__rel,0.037970916504249,0.19354655463631332,0.04949911670741657,1.0706470455432975,0.1110728280084574,domain_id,False,559,
position_control_deviation_axis_y__band1_energy_ratio__slope,0.052610839763543193,0.06991495290405325,0.011019071455719284,0.006632376803182751,0.10995404474652172,domain_id,False,560,
torque_axis_x__rms__rel,0.058895638299570674,0.10514674332210028,0.1553061220494197,2.849947678931575,0.10937960258454191,domain_id,False,561,
force_sensor_z__impulse_factor__slope,0.03330007067589036,0.052454278888228956,0.04378408323316885,0.021839657182476283,0.10838777021790222,domain_id,False,562,
torque_axis_z__spectral_entropy__rank,0.08279895779831148,0.23901484000945183,0.061374609898203876,2.678768038534661,0.10815866559304058,domain_id,False,563,
position_control_deviation_axis_x__crest_factor__rel,0.02949625359095065,0.12109479257670142,0.07084528772737365,0.8865450816163544,0.10470250469151879,domain_id,False,564,
torque_axis_z__band3_energy_ratio__rel,0.06952159337755504,0.1824511392156687,0.07935113969645993,2.387285449192757,0.10383495465546319,domain_id,False,565,
force_sensor_z__spectral_spread__slope,0.04527053708559903,0.09784707167793094,0.004090830833711725,0.0004455183437136397,0.10339161298759832,domain_id,False,566,
torque_axis_y__std__slope,0.005231402489114689,0.03353039950015413,0.08963265489231532,0.10280724825355661,0.10326005334243885,domain_id,False,567,
position_control_deviation_axis_x__abs_mean__slope,0.03224497262415427,0.06348405229115439,0.03376307250479426,0.02253495798973985,0.10090649323847092,domain_id,False,568,
torque_axis_y__spectral_entropy__rank,0.07827376049496815,0.2922663884393626,0.02397638549171407,2.396565392116939,0.10055128883708608,domain_id,False,569,
position_control_deviation_axis_y__band4_energy_ratio__slope,0.05170217260058729,0.07297494335257415,0.0010337183477534973,0.002184716074421549,0.10008342360572106,domain_id,False,570,
torque_axis_y__band2_energy_ratio__rank,0.12072649546496339,0.4254042470755923,0.005230845558183315,3.934140623788873,0.1000709977259302,domain_id,False,571,
torque_spindle__band3_energy_ratio__rel,0.012033913769033733,0.2010832330484993,0.0205754987532836,0.194453864704436,0.09997522491346467,domain_id,False,572,
position_control_deviation_axis_x__energy__slope,0.03354299795000393,0.061064842881314974,0.03234407280339034,0.035835162665820895,0.09963445712694331,domain_id,False,573,
position_control_deviation_axis_x__impulse_factor__rank,0.02863953279914755,0.16931035465671762,0.041842641981804325,0.773514228873205,0.09885802143801635,domain_id,False,574,
position_control_deviation_axis_x__peak__slope,0.04959009813915327,0.0596614068089254,0.00770712773509756,0.012935276003454694,0.09827516019867255,domain_id,False,575,
force_sensor_y__spectral_rolloff95__slope,0.03887788508248757,0.02821602497349973,0.032479707041640465,0.002426602147847916,0.09711032969598565,domain_id,False,576,
torque_axis_y__shape_factor__slope,0.03579091964856507,0.051535083950551286,0.030772169717293713,0.0576337967419948,0.09642532870696502,domain_id,False,577,
torque_axis_x__band1_energy_ratio__rel,0.060311886358225486,0.1627229697441619,0.08962991738217721,2.362825030646907,0.09540559501937318,domain_id,False,578,
position_control_deviation_axis_y__zero_crossing_rate__slope,0.05021686928179525,0.06050626512054791,0.003851422568151919,0.016805876334154205,0.09538031241791989,domain_id,False,579,
torque_spindle__spectral_centroid__rank,0.08111173865412868,0.3725179407369619,0.051061744451925385,3.5187877782511503,0.09536337688591764,domain_id,False,580,
position_control_deviation_axis_y__spectral_rms__slope,0.025883189881729107,0.054249849787136206,0.03967962780580876,0.03880630825866506,0.0935723432551916,domain_id,False,581,
torque_axis_z__band3_energy_ratio__slope,0.04630275186665034,0.07522399066261265,0.0022239539160524083,0.03407011275333655,0.09267794756009066,domain_id,False,582,
torque_axis_z__band2_energy_ratio__slope,0.04172734680673562,0.06405800633273184,0.013932483064976636,0.07054716526029846,0.09174062660653211,domain_id,False,583,
torque_axis_x__kurtosis__slope,0.021590724667594152,0.050411046860050046,0.041773538358240894,0.007423756679535432,0.09008761388839166,domain_id,False,584,
force_sensor_y__clearance_factor__slope,0.01841762185030893,0.038514654079012445,0.05029659702520582,0.01440114590974728,0.08938680471693539,domain_id,False,585,
torque_axis_x__peak__rel,0.066676160137082,0.08745132575796255,0.14054845915694197,3.0285320234871453,0.08853489875079795,domain_id,False,586,
torque_axis_x__clearance_factor__slope,0.032450091831540684,0.06838316684367207,0.01719757644523743,0.0018898884870765962,0.0876396152707402,domain_id,False,587,
torque_axis_y__spectral_kurtosis__rank,0.10707797271494512,0.40816221625918114,0.018281747489030907,3.9498957751673713,0.08676112824807483,domain_id,False,588,
torque_axis_y__spectral_rms__rank,0.05703543155824442,0.28964959936256474,0.048892159461753834,2.5590635216298834,0.08526741907307417,domain_id,False,589,
torque_axis_x__variance__slope,0.0443595269533863,0.05761125233521769,0.007658821852983868,0.10808604299167927,0.08457893183245796,domain_id,False,590,
torque_axis_x__spectral_rolloff95__slope,0.0343530760223727,0.06593199932349703,0.012524162261458017,0.006622805722031382,0.08444985162216025,domain_id,False,591,
torque_axis_y__band1_energy_ratio__slope,0.0346445520409453,0.08623661887484868,0.005510228781006889,0.023787551316785147,0.08430584301523082,domain_id,False,592,
torque_spindle__total_power__slope,0.031087451138038347,0.044352305967162664,0.025282487218917835,0.020438781213597,0.08389266285932838,domain_id,False,593,
torque_axis_x__spectral_centroid__slope,0.037704758561567964,0.06653017778872217,0.006561594250594625,0.0005055619715537559,0.08375517967463307,domain_id,False,594,
torque_axis_x__spectral_entropy__slope,0.03529059756063613,0.07310000048424703,0.007620365274305172,0.004175605367192108,0.08363752148138925,domain_id,False,595,
position_control_deviation_axis_y__p2p__rel,0.031225177397197434,0.10160546936624204,0.030907971145567117,0.48652208703690375,0.08345667684828476,domain_id,False,596,
torque_axis_z__impulse_factor__rank,0.041839715495059604,0.3579759100939581,0.05551380427182489,2.770146523872771,0.08338932911164287,domain_id,False,597,
torque_axis_z__band0_energy_ratio__rank,0.04121293262327996,0.3416776784729456,0.02522416253514111,2.1403051275701857,0.08313582493488827,domain_id,False,598,
torque_axis_x__spectral_variance__slope,0.03373723308740617,0.05967139227283935,0.014322026905174525,0.007206582900918667,0.08304924658138678,domain_id,False,599,
torque_spindle__spectral_kurtosis__rank,0.1494623908320447,0.5299944145711626,0.010415681115652446,5.6620945362422646,0.08267396125311505,domain_id,False,600,
position_control_deviation_axis_y__band2_energy_ratio__slope,0.03937892217519323,0.05783821350679652,0.007461311182628362,0.023235320430758682,0.08246848512681035,domain_id,False,601,
force_sensor_y__skewness__slope,0.027524850172071957,0.08398216056052021,0.01379956557041595,0.016448853080817397,0.08223466627021357,domain_id,False,602,
torque_spindle__mean__slope,0.02262473856721714,0.05599430263861427,0.034601105205352714,0.08849342293989633,0.08166486414917906,domain_id,False,603,
position_control_deviation_axis_x__clearance_factor__rank,0.028614917293964925,0.16839663273722127,0.02187804089256759,0.7310259288111817,0.08101265041737893,domain_id,False,604,
torque_axis_z__band0_energy_ratio__slope,0.026683242697182585,0.04945466218541883,0.0285464772103655,0.06109913833180116,0.08048860635439939,domain_id,False,605,
force_sensor_z__crest_factor__slope,0.027622085133630403,0.06504113862201866,0.018299569998146175,0.019698510686577735,0.07971388141548934,domain_id,False,606,
torque_spindle__band2_energy_ratio__rank,0.11367258790891,0.5675802828193834,0.030155165537235202,5.440075228830999,0.07917274746898273,domain_id,False,607,
torque_axis_y__shape_factor__rel,0.06441445424320924,0.378477158938904,0.03385623685491357,3.153316284814773,0.07840393794294051,domain_id,False,608,
force_sensor_y__impulse_factor__slope,0.01704231652909005,0.039616753721348985,0.04042449267870973,0.013460926134572422,0.0780509147969958,domain_id,False,609,
force_sensor_x__impulse_factor__slope,0.01359375198270274,0.021192275786076742,0.0531854804013854,0.03621866724024399,0.07787693458018646,domain_id,False,610,
torque_axis_x__zero_crossing_rate__slope,0.031166482791034733,0.06777815147456989,0.008596799559645664,0.00043982719415190094,0.07710535525531564,domain_id,False,611,
position_control_deviation_axis_y__shape_factor__slope,0.030955684609381473,0.026025676248677243,0.02798292199076706,0.07047725181774989,0.07673614214632225,domain_id,False,612,
torque_axis_x__band4_energy_ratio__slope,0.007388024227331869,0.04538091468969663,0.05051038966407999,0.022443089671200973,0.07622291923453434,domain_id,False,613,
torque_axis_x__spectral_centroid__rel,0.019862378302942796,0.16924898572139968,0.035813786844586935,0.8591555049789628,0.07550782524803595,domain_id,False,614,
torque_axis_x__impulse_factor__rel,0.004105403519909956,0.055024915724072976,0.09205749627625993,0.7503170245558345,0.07407222583445029,domain_id,False,615,
torque_axis_x__spectral_spread__slope,0.022175822987653193,0.07613327103882872,0.015411904927365142,0.006806206611927769,0.0740412954487876,domain_id,False,616,
position_control_deviation_axis_x__impulse_factor__rel,0.030003690651911663,0.1286955006631345,0.03154980241149,0.8065258366328341,0.07360146294720843,domain_id,False,617,
torque_axis_y__dominant_freq__slope,0.03696361928088976,0.0563369523578523,0.001023568957214326,0.005119125859725544,0.0731608447726077,domain_id,False,618,
torque_axis_z__spectral_centroid__slope,0.024301044719923004,0.06118811679651781,0.018015396268246338,0.033423873756998915,0.07256174821155358,domain_id,False,619,
torque_spindle__rms__slope,0.01699072224133258,0.040253570936323424,0.03905318570088246,0.08823439534815888,0.07246005775969994,domain_id,False,620,
position_control_deviation_axis_y__impulse_factor__slope,0.03146698441608797,0.035820949597090035,0.016749107748562895,0.042045188866923586,0.07148641625457537,domain_id,False,621,
torque_axis_x__energy__slope,0.03745390437310814,0.042061740868853725,0.0051394024397633025,0.026351133647599556,0.07146814597208512,domain_id,False,622,
position_control_deviation_axis_x__spectral_rms__slope,0.014306250950081756,0.0628457416211905,0.029034230571735774,0.011918294903459865,0.0714664453022995,domain_id,False,623,
torque_axis_z__clearance_factor__rank,0.03171279924252435,0.35932723981858317,0.056305688662807975,2.7605427530139095,0.0710721433659735,domain_id,False,624,
torque_spindle__shape_factor__rank,0.0831411857176827,0.4066512951709509,0.023443179345809643,3.72693706645829,0.07094119031003865,domain_id,False,625,
torque_axis_z__band1_energy_ratio__slope,0.03611045680170033,0.05673323210380943,0.0011909392822233259,0.029177699262082593,0.07087049582216792,domain_id,False,626,
position_control_deviation_axis_x__clearance_factor__slope,0.03546261972553366,0.055593691402751944,0.0005999024417721269,0.0025945131234616963,0.0705116587634853,domain_id,False,627,
torque_spindle__zero_crossing_rate__slope,0.014874308900163502,0.047743073327481955,0.03310498252781671,0.017116524395822553,0.07047269327729476,domain_id,False,628,
torque_axis_y__spectral_centroid__rel,0.03707538769878904,0.3021576617252806,0.055422830758345844,2.528533384696368,0.07026085642439761,domain_id,False,629,
torque_spindle__peak__slope,0.042903258922954324,0.01411497817379992,0.00797715206433722,0.060183401428926406,0.0696690559934099,domain_id,False,630,
position_control_deviation_axis_y__p2p__rank,0.03336176537097413,0.11431446014957647,0.009107572977262094,0.480870726441301,0.06965109694939617,domain_id,False,631,
torque_axis_z__band4_energy_ratio__rank,0.04772537162387058,0.29906250183575533,0.030604668309895208,2.367719030861645,0.06862840425294667,domain_id,False,632,
torque_axis_x__crest_factor__slope,0.027338891093425355,0.04081174546987976,0.01567480357172295,0.008098499734908325,0.06846118354615545,domain_id,False,633,
torque_spindle__spectral_kurtosis__slope,0.025308647934533024,0.06045205933514364,0.010185875474940603,0.013401653678906352,0.06704453793122944,domain_id,False,634,
torque_axis_z__kurtosis__slope,0.02579575200124795,0.05345859981076195,0.01632354520544541,0.09507126944241845,0.06650588802797923,domain_id,False,635,
position_control_deviation_axis_y__spectral_centroid__slope,0.034336813432066515,0.033011232101991084,0.008278618110729356,0.03472373164498943,0.06642680639388554,domain_id,False,636,
torque_spindle__p2p__rank,0.03994512460492894,0.11756603441082181,0.06808659943435441,1.7205068588396415,0.06639670526169882,domain_id,False,637,
torque_axis_z__crest_factor__rank,0.03405479043895321,0.3488803216977967,0.053743064739757665,2.793296941914698,0.06602460851833836,domain_id,False,638,
torque_axis_x__band4_energy_ratio__rank,0.03948199519259954,0.133331066376714,0.09331211043941062,2.2478346971502106,0.06587214152507834,domain_id,False,639,
torque_axis_y__band4_energy_ratio__slope,0.004520794995402699,0.05983038586535949,0.03937636576881813,0.03161736704409574,0.06585412237626703,domain_id,False,640,
torque_axis_z__spectral_entropy__slope,0.015461020219793564,0.05884418248164858,0.022944036488108478,0.008850453647264772,0.06569993726401618,domain_id,False,641,
position_control_deviation_axis_x__band2_energy_ratio__slope,0.020364590170043995,0.06888686533977761,0.011863993268673644,0.008632083119765243,0.06518705526575846,domain_id,False,642,
torque_axis_z__spectral_spread__rank,0.06466983833599316,0.3265702622166904,0.0016840738346351,2.5195574271765357,0.06463504955622765,domain_id,False,643,
torque_axis_z__peak__slope,0.033393298682795614,0.04449831297557738,0.0011066036353061873,0.0021792117046874303,0.06406662964560317,domain_id,False,644,
torque_spindle__spectral_rms__slope,0.018278071727611866,0.0393185867454795,0.024671209589833924,0.023330156969190458,0.06333862833194355,domain_id,False,645,
torque_axis_z__clearance_factor__slope,0.030042763449399823,0.05058256568623021,0.003133344359641682,0.013474390900177071,0.06298142604909354,domain_id,False,646,
torque_axis_y__kurtosis__slope,0.005455033094954764,0.030172438024783865,0.04797113712587781,0.06364341729826983,0.06297130742639025,domain_id,False,647,
force_sensor_y__crest_factor__slope,0.02059957233506826,0.031621039938220186,0.022368090268566267,0.00928053743420863,0.06227574661436181,domain_id,False,648,
torque_axis_z__spectral_spread__slope,0.02232424276509426,0.04605284622447048,0.013979543311693727,0.00027800046455214554,0.06213570794753886,domain_id,False,649,
position_control_deviation_axis_x__p2p__slope,0.029596134689700015,0.03320647403100807,0.009441639801818839,0.01663754391073645,0.06208863989624032,domain_id,False,650,
torque_axis_y__spectral_kurtosis__slope,0.025345732390354758,0.037401656903177205,0.01280238834479915,0.0034038027446332345,0.06182097292275442,domain_id,False,651,
position_control_deviation_axis_y__band0_energy_ratio__slope,0.020873858367217002,0.048527243564976175,0.015998345123962962,0.02290486276049386,0.06170941740444902,domain_id,False,652,
torque_axis_x__dominant_amp__rel,0.07782732847164242,0.16579402099109997,0.11603938087118887,3.849754019152214,0.06031973551856412,domain_id,False,653,
position_control_deviation_axis_x__shape_factor__slope,0.02364440962380665,0.05595913553343301,0.005940495337109385,0.005125060619144554,0.05930319490449082,domain_id,False,654,
torque_spindle__energy__slope,0.014009727789923154,0.04904712624685992,0.02614797869612336,0.0819038599076719,0.058989241373184,domain_id,False,655,
position_control_deviation_axis_x__crest_factor__slope,0.027062989179837516,0.05645975108628587,0.0003834325828066156,0.0018764718033870327,0.05890364487110439,domain_id,False,656,
position_control_deviation_axis_x__spectral_spread__slope,0.025642155155437996,0.019916396206343556,0.016291095557127894,0.010348649058811232,0.05888647044420533,domain_id,False,657,
position_control_deviation_axis_x__impulse_factor__slope,0.028976811893736798,0.04439006403473922,0.00018094598626276415,0.002345210258542911,0.0569122043087927,domain_id,False,658,
position_control_deviation_axis_y__kurtosis__slope,0.022063370975919927,0.0,0.027095961627055107,0.02821405372895208,0.056312136411922925,domain_id,False,659,
torque_spindle__dominant_amp__slope,0.016073510186520812,0.02689421553975979,0.02409348730852911,0.0038562232183491983,0.05624795953003531,domain_id,False,660,
torque_spindle__abs_mean__slope,0.005087680243649473,0.054147363386197966,0.033617559509901154,0.08849102745929502,0.055465587647741656,domain_id,False,661,
torque_axis_x__impulse_factor__slope,0.016138500339513362,0.04240414109837909,0.01661611229577031,0.005517161202256053,0.05446865648047868,domain_id,False,662,
torque_axis_x__spectral_skewness__slope,0.01899428955086635,0.05179096659815752,0.008625045318514267,0.0020314477624534468,0.054129883913901174,domain_id,False,663,
torque_axis_x__kurtosis__rel,0.015011871699239343,0.05092314863732694,0.03969656811463337,0.4430798733740863,0.053465730820141034,domain_id,False,664,
position_control_deviation_axis_x__spectral_entropy__slope,0.016051096306310075,0.04840830138326435,0.01324869029827652,0.007065126476139903,0.05309653636885349,domain_id,False,665,
torque_axis_x__clearance_factor__rel,0.0,0.06841606648109222,0.03955233872184235,0.21558672064811174,0.052082447126288886,domain_id,False,666,
force_sensor_x__crest_factor__slope,0.022970050731391467,0.018117986646591255,0.015474070382828102,0.037900969713713956,0.05205487251577314,domain_id,False,667,
torque_axis_z__spectral_variance__slope,0.013571248946952608,0.052584825323094275,0.01379172813455629,0.0027793379559893448,0.051957194949054666,domain_id,False,668,
torque_axis_y__skewness__slope,0.022522532466456857,0.03610693810118715,0.014927970241945424,0.14096253610838982,0.051459671355809616,domain_id,False,669,
position_control_deviation_axis_x__spectral_centroid__slope,0.02357059678138196,0.036809515515155766,0.004861450574568893,0.00655854696526764,0.05099374605511973,domain_id,False,670,
position_control_deviation_axis_y__band3_energy_ratio__slope,0.011566241798249166,0.047738698614423036,0.01693837320362276,0.002842605980115763,0.05051249217473907,domain_id,False,671,
position_control_deviation_axis_x__kurtosis__rel,0.0,0.26974594462771595,0.002854229466033357,0.904612748399679,0.04905682655896849,domain_id,False,672,
position_control_deviation_axis_x__dominant_amp__slope,0.006829407410964272,0.031229569845754312,0.028448730508695435,0.0156776110983006,0.04857133677508327,domain_id,False,673,
torque_spindle__spectral_entropy__rank,0.04338249571727637,0.3383537294800907,0.03812986764179551,3.0060442317862397,0.047123851085324825,domain_id,False,674,
torque_spindle__band2_energy_ratio__slope,0.01068893476285937,0.02742783086223355,0.023826089221804382,0.03539859910425038,0.04679479367111671,domain_id,False,675,
position_control_deviation_axis_y__peak__slope,0.02764579809883494,0.016814442433233268,0.0018981471622073539,0.004042762362443129,0.046525503810076925,domain_id,False,676,
torque_axis_z__impulse_factor__slope,0.01886805787665513,0.048341002836228775,0.002971925986595173,0.013153779439907969,0.04637952441832459,domain_id,False,677,
position_control_deviation_axis_x__skewness__slope,0.022809025178484932,0.03813320868475856,0.0005276587990849867,0.0031695578749697034,0.046279854398675116,domain_id,False,678,
position_control_deviation_axis_x__zero_crossing_rate__slope,0.025277558165774927,0.018579839226687156,0.00428014234833205,0.005498977903434785,0.04615800229684541,domain_id,False,679,
torque_axis_x__shape_factor__rank,0.06078230664246087,0.07072226433754336,0.08581117592368644,2.5740715253434914,0.0460290114303499,domain_id,False,680,
torque_spindle__spectral_skewness__slope,0.0,0.02561289781002385,0.03754988178191981,0.016270154591973902,0.04601677314889543,domain_id,False,681,
torque_spindle__impulse_factor__slope,0.014534677386390582,0.02219899012341875,0.01718856283052355,0.00011503334669915277,0.04568235906320571,domain_id,False,682,
position_control_deviation_axis_y__spectral_variance__slope,0.017822055256007552,0.03773229003767753,0.006864281705845525,0.008687073642229709,0.045168300116387984,domain_id,False,683,
torque_axis_y__crest_factor__slope,0.005772193789209457,0.0371782242147245,0.029471540805955813,0.11041418855563422,0.044751474095457676,domain_id,False,684,
torque_axis_z__spectral_variance__rank,0.04735770213882651,0.3379371478990709,0.0016840738346351,2.5195574271765357,0.04459384938322586,domain_id,False,685,
force_sensor_y__dominant_freq__slope,0.01678962344740298,0.04891334339012099,0.0035502105350830155,0.0075123786866683395,0.04459089378165506,domain_id,False,686,
torque_axis_y__spectral_entropy__slope,0.016750286479723986,0.02168616965069914,0.013845155131880203,0.01362275693025196,0.044458731186003554,domain_id,False,687,
torque_axis_z__total_power__slope,3.857187549405339e-05,0.042456809777833726,0.03396165932211582,0.0969837782083262,0.04394795841832072,domain_id,False,688,
torque_axis_x__band3_energy_ratio__slope,0.01412182929004202,0.03882302976662855,0.010287473812707365,0.011528656684882569,0.04364906230873394,domain_id,False,689,
torque_axis_z__p2p__rank,0.03198291247194596,0.34679370739313553,0.03758904291223823,2.8464956175480776,0.043086979964551714,domain_id,False,690,
torque_axis_x__total_power__slope,0.010203637435600932,0.055086357110078144,0.012517803997199858,0.07362826583274822,0.04273999354695122,domain_id,False,691,
torque_axis_z__spectral_skewness__slope,0.0,0.031649519202872956,0.03327523998573658,0.041767522498945525,0.042468272804776344,domain_id,False,692,
torque_axis_z__zero_crossing_rate__rank,0.06234298876093969,0.39166921435767676,0.004458893500247402,3.302335278416574,0.042228094594360915,domain_id,False,693,
position_control_deviation_axis_x__dominant_freq__slope,0.022076394180601255,0.025277958489587027,0.0019598235615028684,1.6926782973390303e-18,0.04214461074379247,domain_id,False,694,
torque_axis_z__zero_crossing_rate__slope,0.0,0.04253238370469958,0.02756693155357609,0.02891709317875143,0.0415156359167012,domain_id,False,695,
torque_axis_x__band2_energy_ratio__slope,0.0019518395429551916,0.03683712860043764,0.025393512970530278,0.005336799003412647,0.04136016373441026,domain_id,False,696,
torque_axis_y__clearance_factor__slope,0.003984408796084082,0.0321889097397694,0.03004491366407512,0.11059365472141394,0.04097794784576929,domain_id,False,697,
torque_axis_x__dominant_amp__slope,0.013544742606806937,0.022016270146034245,0.015434526324262274,0.037559268884714225,0.04028191433159447,domain_id,False,698,
position_control_deviation_axis_y__energy__slope,0.0,0.038310918327118415,0.026409469394130868,0.008105846326619232,0.040025039619193924,domain_id,False,699,
torque_spindle__band4_energy_ratio__slope,0.010711208005838246,0.02779147015852068,0.015903582823373383,0.028532839170523898,0.03943951531973675,domain_id,False,700,
torque_spindle__spectral_entropy__slope,0.013873425327908917,0.018272293936213213,0.013273779885670455,0.006892865261005983,0.03900101394255436,domain_id,False,701,
position_control_deviation_axis_x__spectral_variance__slope,0.01852229604923794,0.0,0.011975150866685104,0.01120917450490769,0.03723336430772234,domain_id,False,702,
torque_axis_z__spectral_rolloff95__slope,0.013904507323650561,0.028402411311974074,0.007806858363832005,0.00871114744066954,0.037196836923988806,domain_id,False,703,
torque_axis_y__dominant_amp__slope,0.0,0.05527321681262132,0.01720915398293994,0.013250044685301374,0.03676192956754894,domain_id,False,704,
torque_axis_z__dominant_freq__slope,0.019442291839218973,0.025040366728796615,0.0006132617966392047,0.005600217973245959,0.03669705757180995,domain_id,False,705,
torque_spindle__spectral_variance__slope,0.013807895712536045,0.03618435587732938,0.00609625061291588,0.03888951350355332,0.03644482203405101,domain_id,False,706,
position_control_deviation_axis_x__band1_energy_ratio__slope,0.0027685330335458502,0.0632857518395209,0.009730769169221345,0.009217418229206435,0.03634034780241429,domain_id,False,707,
torque_axis_x__skewness__rel,0.0015683847602963041,0.05974509955861329,0.015194315928249503,0.05790701141278717,0.03596938452768684,domain_id,False,708,
torque_axis_x__mean__slope,0.016917995748397807,0.0,0.013542610406301062,0.02416028521850438,0.03579729342912022,domain_id,False,709,
torque_spindle__band3_energy_ratio__slope,0.0,0.05877893077661023,0.01473102043764264,0.012069447190025841,0.03564236018539359,domain_id,False,710,
torque_spindle__spectral_centroid__slope,0.0022958953420189054,0.0383412690037046,0.01799304454329162,0.008603414073757577,0.034802870855413136,domain_id,False,711,
torque_axis_y__spectral_spread__slope,0.008046733784107918,0.054262751779999174,0.005598352133025906,0.03827086336749014,0.03457171682522812,domain_id,False,712,
torque_axis_z__spectral_rms__slope,0.0034898588823253363,0.014749381288960972,0.029254469169062474,0.08715094733800455,0.03445509436893469,domain_id,False,713,
torque_axis_z__spectral_centroid__rank,0.05200858418761434,0.41500250877120415,0.04471161428388219,4.025198479302654,0.03424514278048152,domain_id,False,714,
torque_axis_x__std__slope,0.008145410444911683,0.03312624871132108,0.01631976866517623,0.11830921299388844,0.03296720528779664,domain_id,False,715,
torque_axis_y__impulse_factor__slope,0.0,0.03115541341211081,0.027898025870557525,0.11087731392332188,0.032859628585688486,domain_id,False,716,
position_control_deviation_axis_y__std__slope,0.0,0.019662418387144776,0.02594817456004838,0.007943828240213809,0.03271441711039439,domain_id,False,717,
torque_spindle__p2p__slope,0.011057585841778073,0.043074977474130804,0.0037752641507084184,0.042080797318566815,0.032623133866880136,domain_id,False,718,
position_control_deviation_axis_y__rms__slope,0.0,0.01924700046738348,0.025910032365136046,0.00795735304209013,0.03252269383039751,domain_id,False,719,
torque_axis_y__zero_crossing_rate__slope,0.008458937836444136,0.04053493692882215,0.007549052928319669,0.040309082196253454,0.031930688704973675,domain_id,False,720,
position_control_deviation_axis_y__crest_factor__slope,0.005861518790735598,0.018440081087196525,0.01694712664958621,0.0021102189755422347,0.031806648902998384,domain_id,False,721,
torque_axis_y__band3_energy_ratio__slope,0.0,0.027772944492041596,0.022004963321802223,0.00845777823373682,0.03172409885757752,domain_id,False,722,
torque_spindle__spectral_rolloff95__slope,0.003787445649399146,0.024159638491502378,0.01789858114665073,0.009699552975055049,0.031515114339451554,domain_id,False,723,
torque_axis_y__spectral_skewness__slope,0.00859231214686007,0.038296737707466555,0.007382827576518309,0.033844622931191365,0.03150667776613152,domain_id,False,724,
position_control_deviation_axis_y__spectral_entropy__slope,0.007201660862933501,0.0,0.02233683768709497,0.016825633147483386,0.031426928103914196,domain_id,False,725,
torque_axis_x__spectral_kurtosis__slope,0.0030606675451680943,0.040456833405725146,0.01219107627022344,0.00041071394384753474,0.03132908628183863,domain_id,False,726,
torque_spindle__crest_factor__slope,0.0,0.04070041117259304,0.015986907147892818,0.0003593128049153576,0.03093525238815343,domain_id,False,727,
torque_axis_y__spectral_centroid__slope,0.011149420875966376,0.03592658836471063,0.005542800845964019,0.0627407498962601,0.030679385603409746,domain_id,False,728,
position_control_deviation_axis_y__skewness__slope,0.010539396490280017,0.017434994735556764,0.008962589821943784,0.00372664865760286,0.02990267310468157,domain_id,False,729,
torque_axis_y__spectral_rms__slope,0.013547270847429349,0.02241290043269517,0.004346757059116429,0.03198561025728795,0.029670166611797246,domain_id,False,730,
torque_axis_z__shape_factor__slope,0.0066661638508933585,0.029311468050778,0.015132905281739674,0.10301375795591076,0.029203915284762794,domain_id,False,731,
torque_axis_y__p2p__slope,0.0008099348928118921,0.049002277896613045,0.00990774816699673,0.003056315753041454,0.0288846397792243,domain_id,False,732,
torque_spindle__std__slope,0.0,0.03236647207063159,0.019758725891933473,0.05097045062738881,0.02867617641183976,domain_id,False,733,
torque_spindle__band1_energy_ratio__slope,0.0,0.02752954127119045,0.01917382104574226,0.011252666394633948,0.028639659079910635,domain_id,False,734,
torque_axis_z__crest_factor__slope,0.0058838783346399914,0.04785844116629123,0.0030118138661043617,0.012475190168894366,0.028115172996591865,domain_id,False,735,
torque_spindle__variance__slope,0.0011673916721619548,0.03740783754406296,0.015455801627598116,0.04807747966306513,0.028030292281227037,domain_id,False,736,
torque_axis_z__band4_energy_ratio__slope,0.00700171296857155,0.02242257432232231,0.010068540532951056,0.0017928305249212753,0.028006678272708977,domain_id,False,737,
torque_axis_y__spectral_variance__slope,0.0074645429641346794,0.03722543952985058,0.006091110982954579,0.04368606463311693,0.027666361127953003,domain_id,False,738,
torque_axis_y__total_power__slope,0.008570671607646574,0.028742826687808254,0.0065320814891858875,0.028141729476728675,0.027445953418448087,domain_id,False,739,
torque_axis_x__spectral_rms__slope,0.0,0.043325420145862825,0.015743110568276097,0.0793239814980507,0.027029743137610904,domain_id,False,740,
torque_axis_x__p2p__slope,0.009119565643489036,0.038651293214921445,0.0057852446660860216,0.09810469156930747,0.0270116771291586,domain_id,False,741,
torque_spindle__clearance_factor__slope,0.0,0.025701666289999814,0.016539476288652898,0.0006220036701267105,0.02595596772166865,domain_id,False,742,
torque_axis_z__std__slope,0.004952836461303178,0.029354576614508243,0.013371804503662538,0.11256859763675693,0.02450161135756089,domain_id,False,743,
torque_axis_z__variance__slope,0.0,0.033832331926480386,0.018347790505239617,0.11547470951569772,0.024024551456069614,domain_id,False,744,
torque_spindle__spectral_spread__slope,0.004278599550981532,0.03028281695713675,0.008691674910262579,0.03333829837677065,0.023862283310067935,domain_id,False,745,
torque_spindle__band0_energy_ratio__slope,0.0021564628675165842,0.035277122063369415,0.008965424790999005,0.027163465345788618,0.023365606736501773,domain_id,False,746,
force_sensor_z__dominant_amp__slope,0.00035227343121180255,0.03117095438933326,0.011739457686898273,0.008997180962163101,0.023169631054064107,domain_id,False,747,
position_control_deviation_axis_x__clearance_factor__rel,0.0,0.15424186614611557,0.009756323415618464,0.7397410862429897,0.023138280684167498,domain_id,False,748,
torque_axis_x__band0_energy_ratio__slope,0.0,0.03879737912662451,0.007495906460734346,0.007971946718757198,0.02129824070542011,domain_id,False,749,
torque_spindle__rms__rel,0.07791474357430239,0.37809781605569404,0.04075885053897224,4.568977012561987,0.02110066451578857,domain_id,False,750,
torque_axis_y__band0_energy_ratio__slope,0.009196049559333952,0.010389511430076048,0.0077371314124497935,0.05908504712837444,0.0209625136951501,domain_id,False,751,
position_control_deviation_axis_x__band0_energy_ratio__slope,0.0018435009061130714,0.04208613937008998,0.0016035683226059895,0.011712068571372577,0.018975619993752482,domain_id,False,752,
torque_spindle__kurtosis__slope,0.0,0.038829898427064524,0.00456552264371527,0.012719747714034916,0.018101605332532418,domain_id,False,753,
force_sensor_z__dominant_freq__slope,0.004850706897743695,0.026790098420802266,0.0009847361875381837,0.0,0.017624751820207965,domain_id,False,754,
torque_spindle__shape_factor__slope,0.0,0.021863718307740143,0.009443350324404444,0.0019301609911766926,0.017371608884441628,domain_id,False,755,
torque_axis_y__spectral_rolloff95__slope,0.0,0.02616787806372667,0.006563683508201942,0.0,0.01618809343124412,domain_id,False,756,
torque_axis_z__energy__slope,0.0,0.031108935844053498,0.005285524748297999,0.023532282670411853,0.015348283711835472,domain_id,False,757,
torque_axis_y__band2_energy_ratio__slope,0.0,0.039692349354002676,0.004421921881149684,0.063483642455649,0.01530054317611846,domain_id,False,758,
torque_axis_y__skewness__rel,0.08952356411194473,0.32214524534898636,0.07492709805787381,5.182105989312894,0.015003887776755098,domain_id,False,759,
torque_axis_x__abs_mean__slope,0.0012700753551819766,0.0,0.01392849667914554,0.025550804627063262,0.014208265843312385,domain_id,False,760,
torque_axis_z__rms__slope,0.0,0.03221835387665184,0.0037259761001358234,0.023690644939699884,0.014187493542213792,domain_id,False,761,
position_control_deviation_axis_x__spectral_skewness__slope,0.0,0.0004276741917577098,0.014333666952320835,0.0053133748881888515,0.014179609777508786,domain_id,False,762,
torque_axis_z__skewness__slope,0.0002304824965109198,0.03309591946457413,0.00822956846896819,0.1148750426006784,0.013993094403950445,domain_id,False,763,
torque_spindle__energy__rel,0.0631021568621406,0.37374217984081115,0.042108320664922545,4.338171310338639,0.013648229473926243,domain_id,False,764,
torque_axis_z__p2p__slope,0.0005122590358661583,0.034492824042696935,0.0006052799197563646,0.011908335771868677,0.013310471889934363,domain_id,False,765,
torque_axis_y__peak__slope,0.0,0.022624261726318373,0.004264642398486883,0.005789892268703229,0.012246452073473368,domain_id,False,766,
torque_axis_x__spectral_spread__rank,0.0499867536694969,0.19656895926253348,0.07078284683843653,3.433113058775135,0.011843914048571602,domain_id,False,767,
torque_axis_z__peak__rank,0.047998912832981855,0.3127870653766607,0.019954458178513417,3.2597793405422038,0.011135721892434641,domain_id,False,768,
torque_axis_x__band0_energy_ratio__rank,0.05779969974448518,0.2268604229538993,0.0018525907512434612,2.6551388590588836,0.010573795606836855,domain_id,False,769,
torque_axis_z__mean__slope,0.0011807819199800562,0.01790541148400626,0.0033890942047596698,0.02498943109092127,0.010162343435590521,domain_id,False,770,
torque_axis_z__abs_mean__slope,0.0,0.020583498372542586,0.0033890942047596698,0.02498943109092127,0.009495265731385647,domain_id,False,771,
torque_axis_x__rms__slope,0.0,0.0,0.010876476086117724,0.02670517630165125,0.009311604234213715,domain_id,False,772,
position_control_deviation_axis_y__p2p__slope,0.0021540866837272965,0.00864275243738799,0.002806812741813704,0.0016414964614684913,0.008903225180091458,domain_id,False,773,
torque_spindle__mean__rel,0.08000456314019111,0.3652296173899039,0.03530116812909748,4.6594182392790655,0.008534367328904224,domain_id,False,774,
torque_axis_x__peak__slope,0.0,0.0,0.009628925771190077,0.027555215595301694,0.008014243255292673,domain_id,False,775,
torque_spindle__skewness__slope,0.0,0.012117396420130877,0.00410487401721546,0.02985183506746319,0.0068123296259674565,domain_id,False,776,
torque_spindle__dominant_freq__slope,0.000338105514706033,0.00362133665905251,0.0016237266054370315,0.0,0.0034286881040709732,domain_id,False,777,
torque_axis_x__dominant_freq__slope,0.0,0.0030470680465863875,0.0016237266054370315,0.0,0.0027444224399381157,domain_id,False,778,
torque_axis_x__spectral_skewness__rank,0.034648503343893466,0.19307804951045782,0.036626934802853714,2.626734110280891,0.0021961511643418807,domain_id,False,779,
torque_axis_y__kurtosis__rank,0.06482253823898776,0.23696737878744445,0.04915215231190026,3.8439705739252927,0.0017532411823741878,domain_id,False,780,
position_control_deviation_axis_y__spectral_spread__slope,0.0,0.002862475798659503,0.0006654870151121491,0.0009430796481028443,0.0016630281281610779,domain_id,False,781,
force_sensor_x__dominant_freq__slope,0.0,0.003491786179838474,3.069978476518491e-05,0.0,0.0013149606436906691,domain_id,False,782,
torque_axis_x__spectral_kurtosis__rank,0.03149413866894735,0.20411915558564386,0.03391694656309716,2.6204015550647823,-0.0004952575872124998,domain_id,False,783,
torque_axis_z__band1_energy_ratio__rel,0.03224002082403454,0.1741020400133535,0.01914139628058561,2.2153388571245247,-0.001531470073290575,domain_id,False,784,
torque_axis_x__total_power__rel,0.10667920140782017,0.18320126948462256,0.06807860594635208,4.988458394566119,-0.00759718281632199,domain_id,False,785,
torque_axis_z__kurtosis__rank,0.13707990670462045,0.38430399522500736,0.0569501673482262,6.885148763303459,-0.013369024847738498,domain_id,False,786,
torque_spindle__band4_energy_ratio__rank,0.009072817012500067,0.2645462808029131,0.03661218521528906,2.7372299214176876,-0.01379143503747915,domain_id,False,787,
torque_axis_x__spectral_variance__rank,0.0305351349579861,0.1994324256939053,0.07078284683843653,3.433113058775135,-0.014318207975663383,domain_id,False,788,
torque_axis_z__band2_energy_ratio__rank,0.08078456027584724,0.48024058329144115,0.04124866032967021,5.963962265086968,-0.01857015320809413,domain_id,False,789,
torque_axis_y__energy__rel,0.10048988220250421,0.36213561007355866,0.08924596912147688,6.54322972614552,-0.02038494477061309,domain_id,False,790,
torque_spindle__band3_energy_ratio__rank,0.03033302572257024,0.2269881431734464,0.0238829355773526,2.9911419529794894,-0.025467390896898923,domain_id,False,791,
torque_axis_y__mean__rel,0.10805587110208004,0.369489588894806,0.08032109845831538,6.742799272401292,-0.02771366946602738,domain_id,False,792,
torque_axis_x__band3_energy_ratio__rank,0.08959966130270236,0.14459182548772054,0.07625024766696396,4.842901191829705,-0.028992973270628497,domain_id,False,793,
torque_spindle__abs_mean__rel,0.056864500308900334,0.35078123800937533,0.0353008868997861,4.659623740357351,-0.029167887796185232,domain_id,False,794,
torque_spindle__zero_crossing_rate__rank,0.0296310324199891,0.24476721721756034,0.003109316250515272,2.8137739185359596,-0.030290712003630066,domain_id,False,795,
torque_axis_x__band2_energy_ratio__rank,0.03226861361376643,0.265254732650261,0.030430848442845247,3.609616042752773,-0.038378480394095804,domain_id,False,796,
torque_axis_y__abs_mean__rel,0.10008754462434521,0.3600740870145893,0.08138586027821892,6.702846448362408,-0.03891942481629718,domain_id,False,797,
torque_axis_x__variance__rel,0.10689392005894871,0.2454134588196739,0.05093841795661113,5.770609205453061,-0.0473881610679866,domain_id,False,798,
torque_spindle__peak__rel,0.05236121838268293,0.16561792585659818,0.07446136441564642,4.459334892827979,-0.0526736409501562,domain_id,False,799,
torque_axis_y__rms__rel,0.08787931834934781,0.36735936200000996,0.08147901629788258,6.7272970723409395,-0.05466040411776868,domain_id,False,800,
torque_axis_x__spectral_rms__rel,0.09890217547602886,0.17453180623131503,0.0599305647443375,5.434226000927918,-0.05593597913991738,domain_id,False,801,
torque_axis_y__zero_crossing_rate__rank,0.05870275156480931,0.24651577760037435,0.007202079270836954,4.180013433477338,-0.06493880445440636,domain_id,False,802,
torque_spindle__p2p__rel,0.03771197091541789,0.12742314072907757,0.06802070012863333,3.9846588841268313,-0.06584321174187285,domain_id,False,803,
torque_spindle__clearance_factor__rank,0.04578653096684726,0.13990045203202017,0.013876352556553916,3.543031975173457,-0.07822264620223637,domain_id,False,804,
torque_axis_x__zero_crossing_rate__rank,0.0653504158275271,0.26875453052516596,0.011523698415143965,4.823789936519475,-0.08086102098827042,domain_id,False,805,
torque_axis_x__std__rel,0.11010074426315408,0.24601912700904993,0.045143804022658204,6.386401021713692,-0.08455747157040011,domain_id,False,806,
torque_axis_x__p2p__rel,0.07985634223191274,0.22050802057417673,0.05831928055379106,5.871175396022354,-0.09288938686355164,domain_id,False,807,
torque_axis_z__skewness__rank,0.1150307726640698,0.34280261698760617,0.05415333065530046,7.443574482445064,-0.09500206868305977,domain_id,False,808,
torque_axis_y__peak__rank,0.020836619660004496,0.12298931046477879,0.0077305101058882135,3.3118533183872936,-0.11194979645526855,domain_id,False,809,
torque_spindle__crest_factor__rank,0.03196539957988387,0.14317059881287575,0.01267201908582953,3.8962420616384446,-0.11825918861375935,domain_id,False,810,
torque_axis_x__spectral_centroid__rank,0.02442170133452337,0.1942810726810218,0.03889023841452941,4.5499621418358265,-0.12210413234430412,domain_id,False,811,
torque_spindle__impulse_factor__rank,0.02396414000594005,0.12459026606475598,0.015058478241354993,3.7203599185736853,-0.12359490544800945,domain_id,False,812,
torque_axis_z__band3_energy_ratio__rank,0.07930183975236993,0.1743847649683512,0.04656067175511759,6.05749977055131,-0.13330595872629647,domain_id,False,813,
torque_axis_y__band3_energy_ratio__rank,0.02749693646287299,0.07303695750622952,0.01940200525678606,3.7268633201358856,-0.13365067305982364,domain_id,False,814,
torque_axis_y__p2p__rank,0.012237049844620707,0.0901106641719438,0.03543815531220936,3.7625027332704244,-0.1347738265606099,domain_id,False,815,
torque_spindle__band1_energy_ratio__rank,0.01765677225064244,0.2384581928254419,0.008575396920632713,4.644165802368894,-0.15115600767573983,domain_id,False,816,
torque_axis_x__skewness__rank,0.003050223956347242,0.06615385039388677,0.030909611786589117,3.6807180341798347,-0.15617467491611475,domain_id,False,817,
torque_axis_x__clearance_factor__rank,0.01854927615421964,0.05949867271106557,0.017293376466031064,3.9119837760852745,-0.16410523021039997,domain_id,False,818,
torque_axis_y__shape_factor__rank,0.07545767144248772,0.3074573170952788,0.030072592596932526,7.145948016736692,-0.17001009266668005,domain_id,False,819,
torque_axis_x__kurtosis__rank,0.0,0.06861153465909631,0.00999444007895934,3.8714557111682764,-0.19163043478644678,domain_id,False,820,
torque_axis_x__band1_energy_ratio__rank,0.06784275373610726,0.13589557453247414,0.05876559277869774,6.82157504428147,-0.19606322029880147,domain_id,False,821,
torque_axis_y__spectral_centroid__rank,0.058868775485033664,0.2776005990770085,0.025752359934578084,6.992860874898043,-0.19955083673300208,domain_id,False,822,
torque_axis_x__crest_factor__rank,0.026956991330654656,0.08082831485590614,0.014330177856051342,4.869737565784515,-0.20358255925229368,domain_id,False,823,
torque_axis_x__impulse_factor__rank,0.010806036049249013,0.08646697958611016,0.003827624449277354,4.440006317668143,-0.20942706017718005,domain_id,False,824,
torque_axis_x__spectral_entropy__rank,0.034158523164675714,0.18367474680048756,0.001970934987946551,5.579232176532507,-0.20961457445245396,domain_id,False,825,
torque_axis_y__band1_energy_ratio__rank,0.0224655487305494,0.1199348773554818,0.02336291364269308,5.301798376865412,-0.21176866292973873,domain_id,False,826,
torque_axis_y__crest_factor__rank,0.14223132136955274,0.2539013813663664,0.08187376107996622,10.360104211032148,-0.2328250424798829,domain_id,False,827,
torque_axis_y__impulse_factor__rank,0.14492299992787916,0.2600173527246552,0.08143373145032114,10.466210165488514,-0.2334672530683633,domain_id,False,828,
torque_axis_z__band1_energy_ratio__rank,0.03436356662018536,0.1410902184128866,0.013289522184564508,6.164134902081326,-0.24794564639490613,domain_id,False,829,
torque_axis_y__clearance_factor__rank,0.1350327803343736,0.2530036723649536,0.08195643796422776,10.519066478050151,-0.25245909577887976,domain_id,False,830,
torque_spindle__mean__rank,0.13861261239852252,0.3463004949157624,0.02287217557901393,13.57546556969697,-0.45131972470812026,domain_id,False,831,
torque_axis_y__mean__rank,0.16088988480178812,0.34295567250805803,0.06589934247236642,17.06540779627228,-0.5828579138363483,domain_id,False,832,
