feature,MI_stage,MI_q,Spearman_q,distribution_instability,final_score,instability_group,selected,rank,max_abs_corr_with_selected
position_control_deviation_axis_y__dominant_freq__rel,0.5692454865412298,2.281436904010761,0.3314813126061995,0.28721557502157047,2.0719706589177167,domain_id,True,1,0.0
force_sensor_z__spectral_rolloff95__rel,0.47211338549574133,1.9288324303680038,0.5143737143343365,0.1676786649648182,1.9771471108412244,domain_id,True,2,0.07962593137756045
force_sensor_y__dominant_freq__rel,0.5471349637681273,2.2247900942710173,0.2892026322050245,0.9543449084790048,1.9198286544460441,domain_id,True,3,0.17650322745953814
force_sensor_y__spectral_rolloff95__rel,0.5095819898528762,2.689658600669763,0.09439563823796199,0.20323252174568135,1.8974410499952765,domain_id,True,4,0.20370123146543442
force_sensor_x__clearance_factor__rel,0.530151160097561,1.3005841444366562,0.5550493200504636,0.20403798162346357,1.874649924942717,domain_id,True,5,0.43063551384966847
force_sensor_x__impulse_factor__rel,0.5266240103552509,1.1961770694597122,0.5882122181761635,0.06579214400474355,1.8743598676600874,domain_id,False,6,
force_sensor_y__zero_crossing_rate__rel,0.48757537266927087,1.4885878605025438,0.5344370716497873,0.15222077702028367,1.8596225946221858,domain_id,True,7,0.3925261468064443
force_sensor_x__spectral_rolloff95__rank,0.4615783712054009,1.529867439057079,0.5403473689535422,0.12663570975022154,1.841126720767165,domain_id,True,8,0.3496272716766713
force_sensor_x__spectral_rolloff95__rel,0.6219965043776747,1.9829731665750843,0.11769780419750031,0.18276293384145478,1.840367295369295,domain_id,True,9,0.37542162608164537
force_sensor_x__crest_factor__rel,0.5157506743153022,1.0962175633278837,0.5988971305603944,0.09139260861457432,1.8283554506635613,domain_id,True,10,0.8294358791372244
force_sensor_x__impulse_factor__rank,0.48157908342499334,0.8428135009281039,0.6800400666373949,0.00585638895333057,1.7671736872233565,domain_id,False,11,
force_sensor_x__crest_factor__rank,0.4679557348553971,0.8155925933519206,0.6851589499056696,0.19768862038768792,1.7249560542089724,domain_id,False,12,
force_sensor_x__p2p__rel,0.4326053789833473,1.1502807701335978,0.6151664822724227,0.20092774832384078,1.7223065180730759,domain_id,True,13,0.8433707088015397
force_sensor_x__clearance_factor__rank,0.4498949818589002,0.8250300646682884,0.6611727670258797,0.18830436310941612,1.676191040461789,domain_id,False,14,
force_sensor_z__spectral_kurtosis__rank,0.41544183893566844,0.799343024005811,0.7158394327161166,0.09914455022224346,1.673033520352385,domain_id,True,15,0.6921049570104126
position_control_deviation_axis_x__spectral_rolloff95__rel,0.5632435749610814,2.0071354035886104,0.02436517304119884,0.68515146062976,1.6214554434933979,domain_id,True,16,0.11928519587609293
force_sensor_x__kurtosis__rank,0.3373638360629967,1.0642503529358884,0.6773721712968142,0.4702764395237047,1.5779030665935778,domain_id,True,17,0.5957674262774634
force_sensor_z__dominant_amp__rel,0.3373930266518348,1.0138374086478934,0.6982625904125203,0.684624439780912,1.5629864851411401,domain_id,True,18,0.6623019410399226
force_sensor_x__p2p__rank,0.35784839757880427,0.9381056438068676,0.6255519955418366,0.22576836501794992,1.5316348165650218,domain_id,False,19,
force_sensor_z__spectral_kurtosis__rel,0.389198778814964,1.0309513044959813,0.537084975212156,0.23127743431446193,1.5276503476972638,domain_id,False,20,
position_control_deviation_axis_x__dominant_freq__rel,0.4370646177214086,1.478688710327833,0.28450774954955166,0.23920321377074863,1.5178618503222414,domain_id,True,21,0.15946909028607822
force_sensor_x__kurtosis__rel,0.3149629412971706,1.0964898304327924,0.6248426721556132,0.30189421686842355,1.5147869090743586,domain_id,False,22,
position_control_deviation_axis_y__dominant_freq__rank,0.44593499178304663,1.7716281637624478,0.12922696281723492,0.0446641090034626,1.5012848461855823,domain_id,True,23,0.4145268924753739
force_sensor_z__spectral_skewness__rank,0.32732669630441813,0.7856516506433393,0.6913760188644563,0.14299246830315626,1.4983144859870063,domain_id,True,24,0.9187147275220874
force_sensor_y__shape_factor__rel,0.2902043019592755,1.4266326425264606,0.5168627539999135,0.2760622286434445,1.4918092097029978,domain_id,True,25,0.5475447386850728
force_sensor_y__zero_crossing_rate__rank,0.3175536009517681,1.0764764835345493,0.6189634895913398,0.49793269276473623,1.4899828543827947,domain_id,True,26,0.8022254939284895
force_sensor_z__dominant_amp__rank,0.31348915766138696,0.9326423857020498,0.6972429181464365,0.7473736773514192,1.4883390238520853,domain_id,False,27,
force_sensor_x__peak__rel,0.374206429092512,0.9053440656231437,0.5428288904187486,0.09392741802936679,1.4735547939287357,domain_id,False,28,
force_sensor_y__mean__rel,0.32954643829603647,1.0029944138508555,0.5766936247293211,0.2263837416580193,1.4613508055178055,domain_id,True,29,0.5086244956076669
force_sensor_y__shape_factor__rank,0.31957852472193893,1.2055518193396968,0.5020825092289994,0.10353432566130476,1.4558303802174384,domain_id,False,30,
force_sensor_x__shape_factor__rel,0.3531916753640292,1.630263648796063,0.3277251218805923,0.672964781624806,1.4479634902758316,domain_id,True,31,0.7446709450384259
force_sensor_y__dominant_freq__rank,0.3015881810431946,1.3481591758678044,0.48426323696395684,0.5908455085419453,1.4232077649036599,domain_id,True,32,0.7831664660527438
force_sensor_z__spectral_skewness__rel,0.28386186286413895,0.8180927350494107,0.6568651375780767,0.13668115858739666,1.4064892826349094,domain_id,False,33,
force_sensor_z__spectral_entropy__rel,0.2905406498765457,0.8064378495163336,0.6162292104923678,0.3071085494869732,1.3586531483688664,domain_id,True,34,0.80003992329258
position_control_deviation_axis_x__spectral_rolloff95__rank,0.37324749068125396,1.8178233018627252,0.06193350879251494,0.16963162652916922,1.3243291576079785,domain_id,True,35,0.4235951434799493
force_sensor_x__peak__rank,0.3248192541465649,0.8270672773392369,0.5005001924170439,0.09417270175519704,1.3227025953429474,domain_id,False,36,
force_sensor_z__spectral_entropy__rank,0.26322118906286596,0.8179437916120746,0.5664221687822333,0.094534743591841,1.2861707947034142,domain_id,False,37,
force_sensor_y__spectral_rolloff95__rank,0.3254323799645804,2.1248198589061444,0.0038318372702950357,0.5061503578234288,1.2766303259835472,domain_id,True,38,0.6493784707845819
position_control_deviation_axis_x__dominant_freq__rank,0.34542701541985155,1.6664292484096457,0.12715483445825898,0.3983723130232723,1.2702757182051188,domain_id,True,39,0.3245531214811185
force_sensor_x__shape_factor__rank,0.3115391231499216,0.8922204765320765,0.4650994599405753,0.7538389172204738,1.2375157065496778,domain_id,False,40,
force_sensor_x__mean__rel,0.25359184442942695,0.9266220133319454,0.5037441657369967,0.27448672782052824,1.2340524348315611,domain_id,True,41,0.764355076357242
position_control_deviation_axis_y__variance__rel,0.30520623476920394,0.4958095532020308,0.6067667396531629,0.8031990014114412,1.2176778262085912,domain_id,True,42,0.6247262030089741
position_control_deviation_axis_y__energy__rel,0.29378532664383705,0.4972031117517619,0.6067436678775244,0.8043831654009216,1.1997166520435927,domain_id,False,43,
position_control_deviation_axis_y__std__rel,0.3005075652831386,0.4840221325257832,0.5982457500756462,0.8357776469511674,1.1946195223697764,domain_id,False,44,
force_sensor_z__spectral_spread__rank,0.2503011544755811,0.6423059142239458,0.5735390481713217,0.3531784022337717,1.1865679643249802,domain_id,True,45,0.6511814966241317
force_sensor_z__spectral_variance__rank,0.2500778640313659,0.6425081631054645,0.5735390481713217,0.3531784022337717,1.1862841694561628,domain_id,False,46,
force_sensor_z__mean__rel,0.24082958775661067,0.7798323755817593,0.5117087887267214,0.0613596536236649,1.1839364983243557,domain_id,True,47,0.4820145817985021
position_control_deviation_axis_y__rms__rel,0.28023751051561674,0.48196606562850164,0.5982812126525464,0.8364923474098802,1.161244803020461,domain_id,False,48,
force_sensor_z__spectral_spread__rel,0.239847963659384,0.5848235041936292,0.5900234745090573,0.48292915122701313,1.1545173187685536,domain_id,False,49,
force_sensor_z__spectral_rolloff95__rank,0.33315857272459537,1.3160057080269563,0.1671524561410324,0.8162068060823396,1.126909211542555,domain_id,True,50,0.448955835354137
force_sensor_z__dominant_freq__rel,0.3351628125570798,1.3206225747722264,0.12680833442982778,0.3800911319161597,1.126317532830306,domain_id,True,51,0.21609095192986907
force_sensor_z__p2p__rel,0.2981228069208386,1.0146195320571927,0.36138731615508923,1.2127384847980969,1.1211086736224205,domain_id,True,52,0.6091237813026711
force_sensor_z__band2_energy_ratio__rel,0.23857260765928356,0.6165599796724113,0.5368686391952436,0.4074753398615981,1.1171347284265232,domain_id,True,53,0.5370258740029437
force_sensor_z__spectral_variance__rel,0.21188667885097723,0.5969540289431192,0.5926060529970808,0.4820211227224062,1.116728356529376,domain_id,True,54,0.9022005138332747
position_control_deviation_axis_y__spectral_rolloff95__rel,0.2734137310414475,1.7322751922668393,0.09789926142935867,0.8246840389145417,1.115692630120292,domain_id,True,55,0.45565658220197647
position_control_deviation_axis_y__total_power__rel,0.2532574409118922,0.6535198529045672,0.5676606597733743,1.2810027695525812,1.1155466520307515,domain_id,True,56,0.8139297970956696
position_control_deviation_axis_x__rms__rel,0.27838346437774075,0.6992941858593653,0.4588751014434812,0.699573251233134,1.1105890625718948,domain_id,True,57,0.5473489291213878
position_control_deviation_axis_x__energy__rel,0.2710709150336017,0.7076299782260511,0.45897969411517414,0.6742603998601279,1.1040569197644796,domain_id,False,58,
force_sensor_x__dominant_freq__rel,0.38800973446978415,1.2451984940408565,0.04911049458770631,0.45791188700536745,1.099328647318182,domain_id,True,59,0.2258347001798941
position_control_deviation_axis_x__variance__rel,0.2665678813681498,0.705836003350655,0.4589315209610196,0.6749128529367393,1.096050029014112,domain_id,False,60,
force_sensor_z__band2_energy_ratio__rank,0.23717352592474428,0.5835268599950587,0.518445893541037,0.3305813777922744,1.0903193004135443,domain_id,True,61,0.863610283768151
force_sensor_x__abs_mean__rel,0.19170437171071053,0.9070628383135388,0.4986970149004322,0.7004554551701179,1.0882315360680346,domain_id,True,62,0.47646698859471126
position_control_deviation_axis_y__spectral_rms__rel,0.24914158216775184,0.6481498503625631,0.5265607809359013,1.212502379126798,1.0713012189431623,domain_id,False,63,
position_control_deviation_axis_y__dominant_amp__rel,0.28927569318114177,0.6553670036045252,0.4278998931403339,0.8742649911403462,1.0668486395463939,domain_id,True,64,0.7363958385815255
position_control_deviation_axis_x__std__rel,0.24859766230006608,0.7013913601612711,0.4592786776172351,0.7002999691525919,1.0638269342225894,domain_id,False,65,
force_sensor_y__spectral_entropy__rank,0.2745455825135321,0.97388242935379,0.29136067813794864,0.6118797280287857,1.0459950265294589,domain_id,True,66,0.63640978323482
force_sensor_y__spectral_entropy__rel,0.22198272469687264,1.072935798615711,0.30928101235867683,0.38259084466488,1.0345395326089315,domain_id,False,67,
force_sensor_y__energy__rel,0.25237515629107254,1.178914437982725,0.23239971558304004,0.5534213265622759,1.0322863815951175,domain_id,True,68,0.5146883905667199
position_control_deviation_axis_y__crest_factor__rel,0.24367111626108584,0.3811659984376985,0.5655282630156533,0.8479679215843531,1.0313101509677955,domain_id,True,69,0.7638868381987011
force_sensor_x__band2_energy_ratio__rank,0.2630264038334562,0.5210485853326978,0.4178713343330586,0.07663389463414076,1.0283517891380924,domain_id,False,70,
force_sensor_x__energy__rel,0.15166686172887522,0.9076174443370482,0.49055813002058957,0.6875913910214227,1.016956396762828,domain_id,False,71,
position_control_deviation_axis_y__kurtosis__rel,0.2509345844543194,0.5800426430800565,0.5097671105348727,1.4140001613303572,1.0159834359169446,domain_id,False,72,
force_sensor_z__band4_energy_ratio__rel,0.19698714672409867,0.7269848744961216,0.4241038673472461,0.012694698993260346,1.0100812962042804,domain_id,False,73,
position_control_deviation_axis_y__abs_mean__rank,0.26596756356299234,0.4442912786810207,0.42153471318139524,0.058206652353950956,1.0096767954155335,domain_id,False,74,
force_sensor_z__crest_factor__rel,0.28547063157596364,0.7797010153488193,0.30753519780516153,0.6299247559137966,1.0060979966100327,domain_id,False,75,
force_sensor_x__rms__rel,0.1461767213786822,0.9234382115181665,0.47707316479259354,0.6611296588742345,1.0026392135156184,domain_id,False,76,
position_control_deviation_axis_y__dominant_amp__rank,0.26056932968637225,0.466756069887456,0.410133440178939,0.036057218379692474,0.9997170394639997,domain_id,False,77,
force_sensor_x__dominant_amp__rel,0.3092686733134522,1.1866287510214368,0.07723486802092447,0.2030705224989214,0.9994261910487834,domain_id,False,78,
force_sensor_z__band0_energy_ratio__rank,0.2294028922357878,0.605402556639997,0.4155466991823674,0.23258636686709647,0.9908829296134406,domain_id,False,79,
position_control_deviation_axis_x__abs_mean__rel,0.24720460377318987,0.6491361933728679,0.3797637738982721,0.41301679000392094,0.9855770467899584,domain_id,False,80,
force_sensor_x__total_power__rel,0.28146594267186664,1.3287162912191937,0.0563887140220511,0.2250932867915798,0.9849502101488126,domain_id,False,81,
position_control_deviation_axis_y__spectral_centroid__rel,0.2052842809400739,0.8090554438824551,0.37960754134397773,0.3408832841358222,0.9832396749547665,domain_id,False,82,
position_control_deviation_axis_y__shape_factor__rank,0.2748608350131796,0.5428575837442704,0.47371551912747545,1.6954525213289298,0.9821061083393203,domain_id,False,83,
force_sensor_x__band2_energy_ratio__rel,0.22415618993092368,0.47777751010218683,0.44685260256919734,0.05083488528471332,0.9808119057420158,domain_id,False,84,
position_control_deviation_axis_y__std__rank,0.26019183817041913,0.37415849816797087,0.4416144226994687,0.2718836396681658,0.977338629639328,domain_id,False,85,
position_control_deviation_axis_y__energy__rank,0.25970634155064287,0.37272874649210763,0.44159273954483774,0.2716307687448168,0.9760250130815317,domain_id,False,86,
position_control_deviation_axis_y__rms__rank,0.2586497656664408,0.372479554157116,0.4417331293073394,0.27118444092998084,0.9744096987783855,domain_id,False,87,
position_control_deviation_axis_y__abs_mean__rel,0.2100476138515981,0.6016829080762811,0.5063026082847669,1.1926284081620624,0.9725009774769439,domain_id,False,88,
force_sensor_x__skewness__rel,0.2675263602384508,1.16525982262276,0.1776650305769125,0.9072888635716392,0.9685859160972244,domain_id,False,89,
position_control_deviation_axis_y__variance__rank,0.2492607637025035,0.37060444695869954,0.4416144226994687,0.2718836396681658,0.9584430798362749,domain_id,False,90,
position_control_deviation_axis_y__total_power__rank,0.2454653830585758,0.4242488826409794,0.41031663630439785,0.06492436490382955,0.9575089253093513,domain_id,False,91,
force_sensor_y__skewness__rel,0.19538400022458546,1.1565462859184037,0.3100775737846324,1.2127242059410264,0.9573917844200625,domain_id,False,92,
position_control_deviation_axis_y__spectral_rms__rank,0.23959236230631276,0.4277033322943513,0.41078707036808404,0.06437028564266103,0.949865726072829,domain_id,False,93,
force_sensor_y__clearance_factor__rank,0.26185934974308767,0.6648539173574779,0.2987056148426075,0.2172444368275466,0.9495513159780103,domain_id,False,94,
force_sensor_z__dominant_freq__rank,0.2615408647180153,1.1610773889452757,0.16739078795840767,0.9259547576798056,0.9456435952151495,domain_id,False,95,
position_control_deviation_axis_y__spectral_entropy__rel,0.2397176873152589,0.654274324497714,0.368591597053155,0.6838029839416272,0.9426623353140381,domain_id,False,96,
force_sensor_x__spectral_rms__rel,0.2578111606552953,1.2660843440550398,0.0669535573762374,0.1793304231285672,0.9378515321883071,domain_id,False,97,
position_control_deviation_axis_y__kurtosis__rank,0.25582411973541985,0.40670805469573557,0.48957979846515043,1.499312238698527,0.932402151764486,domain_id,False,98,
force_sensor_z__p2p__rank,0.2555068328676098,0.8051985709697695,0.3232058506867893,1.2819257937820614,0.9310278647834567,domain_id,False,99,
force_sensor_y__rms__rel,0.23901091586882228,1.2261466134511632,0.1325571892849854,0.5634253415360498,0.9277198888010681,domain_id,False,100,
force_sensor_z__variance__rel,0.20345556254312247,0.7911198986968184,0.35589924234212594,0.6860375838425478,0.9223704542550588,domain_id,False,101,
force_sensor_z__std__rel,0.19625726617332617,0.7992832992179935,0.3584923519618607,0.7266064979857387,0.9131873015443025,domain_id,False,102,
force_sensor_y__variance__rel,0.2436884148547862,1.2053958378998653,0.12041541863914344,0.6059022463743374,0.9119924445342379,domain_id,False,103,
position_control_deviation_axis_y__crest_factor__rank,0.2427131162259668,0.3337429580743585,0.4895856231561951,1.1982269199261772,0.908235689568318,domain_id,False,104,
force_sensor_y__skewness__rank,0.1975252448932534,0.9147925148567442,0.35221131192943467,1.2837039726369865,0.9074192833807642,domain_id,False,105,
force_sensor_z__kurtosis__rel,0.24395089601239994,0.9431337769243138,0.20752029344612988,0.587882168866419,0.9034502343400417,domain_id,False,106,
force_sensor_y__clearance_factor__rel,0.23319322665211883,0.6700749416261162,0.30062821552216135,0.26805206376265656,0.9032719884341768,domain_id,False,107,
force_sensor_x__band1_energy_ratio__slope,0.3839367542272967,0.5678930662712447,0.07177976037096614,0.0074761746083894945,0.8995880825482445,domain_id,False,108,
force_sensor_x__zero_crossing_rate__rank,0.16846455728997567,0.6593479041717183,0.39127972309228665,0.10042324365974735,0.89925051946805,domain_id,False,109,
position_control_deviation_axis_x__total_power__rel,0.21189963083146912,0.5563938235182495,0.3631567332274068,0.15657845492039268,0.8981987977067861,domain_id,False,110,
force_sensor_y__dominant_amp__rel,0.28568775513093847,1.3163644045624334,0.009603966199746244,0.774114216821267,0.8965341216067864,domain_id,False,111,
force_sensor_y__peak__rel,0.1951752450923796,0.5281502445122719,0.40788784735673594,0.32765675056090865,0.8918842706940768,domain_id,False,112,
force_sensor_x__skewness__rank,0.24696392550783286,0.8297960267701869,0.25652543312336745,1.041831155701658,0.8789239369261781,domain_id,False,113,
force_sensor_y__total_power__rel,0.2489133075647394,1.1647488714111853,0.09327864089359571,0.6053932339834395,0.8781841813658539,domain_id,False,114,
position_control_deviation_axis_y__spectral_entropy__rank,0.26176485163656116,0.5795046628500913,0.3492871233559639,1.3471033939856223,0.8780556778753487,domain_id,False,115,
force_sensor_x__band0_energy_ratio__slope,0.3670364361265961,0.5645233873510618,0.07194953727678312,0.0073620292071060545,0.8713430614297125,domain_id,False,116,
force_sensor_z__std__rank,0.19845299128640992,0.7248277781610319,0.349102753526042,0.8615753068925635,0.868871575413974,domain_id,False,117,
position_control_deviation_axis_x__spectral_rms__rel,0.20811059937768683,0.5336348778024305,0.349480940550746,0.2001660261369634,0.866490182455015,domain_id,False,118,
force_sensor_y__impulse_factor__rank,0.24524112457659442,0.6517711060060698,0.2470210117125021,0.2378967551548333,0.8646364377303192,domain_id,False,119,
position_control_deviation_axis_y__clearance_factor__rank,0.2278658086620513,0.4484371065548469,0.461639731848156,1.6608076086415753,0.8621357742238183,domain_id,False,120,
force_sensor_z__band0_energy_ratio__rel,0.18748696245982677,0.4655760786464951,0.4040024562936489,0.2230102446966765,0.8607270818409644,domain_id,False,121,
force_sensor_x__spectral_centroid__rel,0.2067316475579819,0.8637591388029771,0.2966446350407999,1.124289453637963,0.8604055823182661,domain_id,False,122,
force_sensor_z__variance__rank,0.1932208342033579,0.7240314389950018,0.349102753526042,0.8615753068925635,0.8601636255909257,domain_id,False,123,
force_sensor_x__spectral_centroid__rank,0.21158830325229627,0.778178209101481,0.3092997679883988,1.0561608639003106,0.8544888534878978,domain_id,False,124,
force_sensor_x__abs_mean__rank,0.19326362306527,0.6125229508281831,0.38575776866036293,0.916179012782703,0.851070371872085,domain_id,False,125,
force_sensor_z__impulse_factor__rel,0.24870437017452907,0.7671809010341866,0.22483924147988937,0.7684797140287074,0.8485766778671949,domain_id,False,126,
force_sensor_z__peak__rel,0.23107643072442507,0.8890055619039963,0.23171490178441792,1.1278982273455749,0.843713994196119,domain_id,False,127,
force_sensor_y__peak__rank,0.19457566076410626,0.43724870064030563,0.3905147210984927,0.3163966902955457,0.8406493450869785,domain_id,False,128,
position_control_deviation_axis_y__impulse_factor__rank,0.22025919048836196,0.43110129139506315,0.45510964950067334,1.678443116945559,0.8355231911374656,domain_id,False,129,
force_sensor_x__dominant_amp__rank,0.26047158013810634,0.8694495695128643,0.10275836418675191,0.15390196643353088,0.8324968458619577,domain_id,False,130,
position_control_deviation_axis_y__spectral_rolloff95__rank,0.2748389732752905,1.3561666458335488,0.02365487889157264,1.7218566449731487,0.8322863209781417,domain_id,False,131,
force_sensor_y__impulse_factor__rel,0.22343746584544033,0.6451892553386607,0.257482259993843,0.3506074778860277,0.8285989617352744,domain_id,False,132,
force_sensor_y__spectral_rms__rel,0.24345196494004795,1.255954385352131,0.019769377799884334,0.6252041009408001,0.828222839503365,domain_id,False,133,
force_sensor_y__std__rel,0.2287394866637964,1.2710073652536633,0.036846241379426874,0.6221768500539159,0.827484336965896,domain_id,False,134,
force_sensor_y__spectral_skewness__rel,0.20075017806037332,0.660801070078695,0.33005702270795484,0.9495691294170286,0.8226900690533331,domain_id,False,135,
position_control_deviation_axis_x__rms__rank,0.267229401421303,0.5485867913184959,0.29952007420218696,1.4328949525661259,0.8187305845702283,domain_id,False,136,
force_sensor_y__abs_mean__rel,0.22039671717712372,1.1988859978771655,0.06480088057176178,0.5938404674528817,0.8174737659676276,domain_id,False,137,
position_control_deviation_axis_x__energy__rank,0.2652958599641553,0.5519985678857844,0.2995318794835095,1.4330059035575724,0.8168934073992989,domain_id,False,138,
force_sensor_z__crest_factor__rank,0.25327720614840965,0.531881744888687,0.2519924316823731,0.5702320481024078,0.811424272794877,domain_id,False,139,
position_control_deviation_axis_x__std__rank,0.2599837607900528,0.5538617868967366,0.29971760651827517,1.4338686338278692,0.809162599598483,domain_id,False,140,
force_sensor_x__spectral_rms__rank,0.25449153883732323,1.0462280169308875,0.010478402094196055,0.08317238861907894,0.8019739564325575,domain_id,False,141,
force_sensor_x__total_power__rank,0.2524263828879585,1.045967102011406,0.010461132248707063,0.08312480355912247,0.7985432733639308,domain_id,False,142,
force_sensor_x__band4_energy_ratio__rel,0.17680479624921297,0.4359900397755876,0.3686862806940278,0.22334961383419033,0.7972098948573544,domain_id,False,143,
position_control_deviation_axis_x__variance__rank,0.25130623208562786,0.5507891417967214,0.29971760651827517,1.4338686338278692,0.7940691181800339,domain_id,False,144,
force_sensor_x__rms__rank,0.15200917043527773,0.6152145109739187,0.37123517318016724,0.6425967673284393,0.7930617756540327,domain_id,False,145,
force_sensor_z__peak__rank,0.23599461071382555,0.7586861665771019,0.21824024235952,1.173904413470944,0.7860218805885145,domain_id,False,146,
force_sensor_x__band0_energy_ratio__rank,0.2304736119946451,0.46466527538831404,0.25011380143944495,0.10472833582962982,0.7850526002889054,domain_id,False,147,
force_sensor_y__spectral_variance__rank,0.21370856195546883,0.6701369128926893,0.22198349752090302,0.39626630017574527,0.7830893957002514,domain_id,False,148,
position_control_deviation_axis_y__shape_factor__rel,0.2281866002823172,0.6461701418853192,0.27824681864710243,1.2987804550086859,0.7816740523576386,domain_id,False,149,
force_sensor_y__spectral_spread__rank,0.21259590755803792,0.6705386740468122,0.22198349752090302,0.39626630017574527,0.7814499247570186,domain_id,False,150,
position_control_deviation_axis_y__spectral_centroid__rank,0.19181819536016076,0.5798055338008488,0.30269881326143105,0.6119443613460472,0.7778094424600592,domain_id,False,151,
force_sensor_x__energy__rank,0.14288037696650835,0.6135563252009248,0.37123232680463597,0.642570371642559,0.777767932863483,domain_id,False,152,
force_sensor_y__spectral_skewness__rank,0.19022560432061209,0.5459474553316963,0.35485657677080046,1.100536136203199,0.775815871934917,domain_id,False,153,
position_control_deviation_axis_y__clearance_factor__rel,0.26380111908409565,0.6534090741300851,0.20814472594593747,1.252421925347565,0.7752223903995394,domain_id,False,154,
force_sensor_x__dominant_freq__rank,0.20572144490946354,0.939083100584972,0.12234666800259505,0.35650139508778045,0.7737784545322081,domain_id,False,155,
force_sensor_z__band4_energy_ratio__rank,0.16102887417230605,0.4114836988445001,0.3640004454108502,0.043454128725100245,0.7724098302163221,domain_id,False,156,
force_axis_z__dominant_freq__rel,0.15477209101223655,0.6625322114694725,0.312829715198536,0.46350227070742256,0.7709873051067948,domain_id,False,157,
position_control_deviation_axis_y__band1_energy_ratio__rel,0.15059412780923553,0.2936382053400628,0.4591200751537052,0.6905066884223687,0.7552869197141288,domain_id,False,158,
force_sensor_x__band4_energy_ratio__rank,0.17178550101598922,0.38102582029941434,0.3541520966403572,0.2396917254388776,0.7528661342128338,domain_id,False,159,
force_sensor_z__kurtosis__rank,0.2102348628088906,0.7629681314010357,0.17099867759506926,0.5146978975397724,0.7515799495105366,domain_id,False,160,
force_sensor_x__zero_crossing_rate__rel,0.1652002912186712,0.7798703306353785,0.19745151505786787,0.03660381438997769,0.7500783193697528,domain_id,False,161,
force_sensor_z__total_power__rel,0.15193206840835005,0.561257975715324,0.3200504884168464,0.4426652695177254,0.7376522542241021,domain_id,False,162,
position_control_deviation_axis_x__abs_mean__rank,0.24981034915299682,0.6035120889968839,0.19743351458929695,1.102771757763516,0.7354125039774464,domain_id,False,163,
force_sensor_y__spectral_variance__rel,0.16485113725351952,0.6721163926429989,0.23702472652627676,0.22371609244827437,0.734091331841277,domain_id,False,164,
force_sensor_z__spectral_rms__rel,0.150148712175588,0.560177217041522,0.3207814411318438,0.486562803893132,0.7316100459004032,domain_id,False,165,
force_sensor_z__mean__rank,0.20432567788849498,0.6996879056258476,0.15868066537372658,0.21942977445851325,0.7298046154862101,domain_id,False,166,
force_sensor_y__kurtosis__rank,0.1973201500593198,0.6103204727775968,0.24785008634090383,0.830569491039841,0.7256995253035597,domain_id,False,167,
torque_spindle__spectral_rolloff95__rel,0.21168403374132172,0.5716260431771318,0.17635793215030304,0.07078440458622921,0.7235652803205708,domain_id,False,168,
force_sensor_y__spectral_spread__rel,0.16882731404621,0.6259358213865331,0.23643331519799063,0.22398910365082975,0.7227010523778175,domain_id,False,169,
force_sensor_x__variance__slope,0.1585225660544547,0.27830924409806324,0.36297712659152376,0.017823531876867298,0.719889542701939,domain_id,False,170,
force_sensor_z__clearance_factor__rel,0.20843219350087638,0.7405258021164816,0.176327667528386,0.8586156188254692,0.7182130123661723,domain_id,False,171,
position_control_deviation_axis_y__impulse_factor__rel,0.19677624205354372,0.517175999162713,0.3163922659382995,1.3693388542779124,0.7157285080277266,domain_id,False,172,
force_sensor_z__band1_energy_ratio__rel,0.17319932613146505,0.453674120866153,0.279819713045715,0.17581909194258613,0.7129157630483991,domain_id,False,173,
position_control_deviation_axis_y__spectral_skewness__rel,0.2299339873305044,0.8505480547820805,0.13242719262119965,1.3206327031924225,0.7129059175649077,domain_id,False,174,
position_control_deviation_axis_y__band4_energy_ratio__rel,0.20329943851851584,0.8380841779556225,0.13354553657251728,0.7960555060498513,0.7084444386187354,domain_id,False,175,
position_control_deviation_axis_y__spectral_variance__rel,0.23292658547140133,0.9835180351793644,0.05017337144366306,1.0403182375882951,0.7072774303470613,domain_id,False,176,
position_control_deviation_axis_x__spectral_rms__rank,0.23736944053252018,0.5659722386287251,0.18770164265055986,0.9260933258602815,0.7058255984388447,domain_id,False,177,
torque_spindle__dominant_freq__rel,0.21791678259857328,0.7214054949874447,0.0845538662925308,0.03374820983776221,0.7004254034429137,domain_id,False,178,
force_sensor_y__crest_factor__rank,0.2338472777907643,0.5355259857755756,0.1490150533633025,0.3079689947586153,0.6994993788150302,domain_id,False,179,
force_sensor_y__crest_factor__rel,0.22960448022151292,0.5597189645178906,0.15681959973613033,0.4482586788746055,0.698278628672579,domain_id,False,180,
force_sensor_y__rms__rank,0.20689177085140842,0.7248431853672046,0.15338674237360606,0.7309227393361734,0.6971580940890163,domain_id,False,181,
force_sensor_x__abs_mean__slope,0.16245605133625984,0.23957090731206376,0.3466381428291544,0.006728607821134183,0.6963574997148251,domain_id,False,182,
force_sensor_y__energy__rank,0.206532092910801,0.7214053267733229,0.1534091617672904,0.7310203889978251,0.6953162782677742,domain_id,False,183,
force_sensor_x__std__slope,0.1466954062586412,0.25009232092279143,0.3677270999506564,0.020019828754063437,0.6949584658744604,domain_id,False,184,
position_control_deviation_axis_y__spectral_kurtosis__rel,0.2264295405461625,0.8425158218216762,0.12232163585694089,1.3278672270143463,0.6936023233693258,domain_id,False,185,
force_sensor_y__band3_energy_ratio__rel,0.2174705852069705,0.5632387815386801,0.13925331283844933,0.08594495787626619,0.6914352977678716,domain_id,False,186,
position_control_deviation_axis_x__total_power__rank,0.22782718656804302,0.5662954740965036,0.18770620773360408,0.9263672326517088,0.6905871450653298,domain_id,False,187,
force_sensor_z__shape_factor__rank,0.1634548799641844,0.6957509447703121,0.23344588515691442,0.8436638262548487,0.6875665403836239,domain_id,False,188,
force_sensor_z__impulse_factor__rank,0.22419014282092098,0.5799186375183014,0.16570182812424802,0.695431443101924,0.6862352394863359,domain_id,False,189,
force_sensor_z__band1_energy_ratio__rank,0.19515016744712232,0.4715950608732604,0.2062280058544626,0.11737418351586544,0.6859433616534619,domain_id,False,190,
force_sensor_z__spectral_rms__rank,0.12716849736601077,0.5175871023608067,0.33014719049151314,0.640306083505418,0.6759223290874591,domain_id,False,191,
force_sensor_x__std__rel,0.14970648817426957,1.1401769610379295,0.021058276860805566,0.15533725946705862,0.6732571846520194,domain_id,False,192,
force_sensor_z__total_power__rank,0.12516841368112708,0.5182481744868896,0.33033935454881586,0.6406240578835444,0.6731193065347438,domain_id,False,193,
force_sensor_x__std__rank,0.17796536065767854,0.9942478024395087,0.02753491896129276,0.15093037491399386,0.6712624960872519,domain_id,False,194,
force_sensor_x__energy__slope,0.1457971121695234,0.2326603474824922,0.34734460384016325,0.0010767843724105804,0.6681628084573702,domain_id,False,195,
position_control_deviation_axis_x__band3_energy_ratio__rank,0.19341008583988972,0.43503551273529295,0.2243468155469573,0.36320710973933473,0.6680479449429579,domain_id,False,196,
force_sensor_x__variance__rank,0.17528761596669917,0.9946845997157929,0.02753491896129276,0.15093037491399386,0.6671198148998946,domain_id,False,197,
position_control_deviation_axis_y__spectral_spread__rel,0.21285162318716178,0.9256162283406844,0.06502643602653653,1.1270253044942204,0.6614063532924545,domain_id,False,198,
position_control_deviation_axis_y__spectral_skewness__rank,0.25383257152600125,0.6621325552487689,0.030641378876335782,0.31432680775413524,0.6598206726412355,domain_id,False,199,
force_sensor_x__spectral_kurtosis__rel,0.17069756856367535,0.7424732961702638,0.11014863890716643,0.016073703784409997,0.6593484012077032,domain_id,False,200,
force_sensor_x__variance__rel,0.13506051206876468,1.1653797398552266,0.01716216256745713,0.1286166003953304,0.6573176250712554,domain_id,False,201,
force_sensor_y__spectral_centroid__rank,0.1301775622015977,0.6952177248232454,0.24770372945478022,0.7458183498174628,0.6559360006248859,domain_id,False,202,
force_sensor_y__mean__rank,0.18392791208890413,0.44292201662138364,0.22168261235408326,0.39843203040490455,0.6502592746255522,domain_id,False,203,
force_sensor_z__zero_crossing_rate__rel,0.14337009518717525,0.6164801553836528,0.20199306209941614,0.15394987865775764,0.6494079970574855,domain_id,False,204,
force_sensor_x__spectral_skewness__rel,0.18486947643154594,0.6391295804164789,0.14337941867039183,0.37659467582818057,0.6481619341885457,domain_id,False,205,
force_sensor_y__total_power__rank,0.21803474703263515,0.7157481612992802,0.09772045260074191,0.8618805622913048,0.6455712556414156,domain_id,False,206,
force_sensor_x__band1_energy_ratio__rank,0.19325678195015428,0.42821872400952543,0.1821174842583675,0.09150549217329404,0.6447267264977996,domain_id,False,207,
position_control_deviation_axis_y__band0_energy_ratio__rel,0.22534122148061564,0.7678610545140092,0.06261606040420077,0.825690378069741,0.6444778955304264,domain_id,False,208,
position_control_deviation_axis_x__spectral_entropy__rank,0.1637424703585293,0.4308806327658292,0.22899825127178935,0.10072557735085885,0.6444102394534919,domain_id,False,209,
force_sensor_y__energy__slope,0.20765312878504982,0.2644621242439045,0.2113036028741713,0.005255403055258359,0.643059495785818,domain_id,False,210,
force_sensor_y__spectral_rms__rank,0.21481369979396092,0.7125248421100072,0.09769379278408719,0.8617828891116557,0.6391754190879189,domain_id,False,211,
position_control_deviation_axis_y__band1_energy_ratio__rank,0.15358532496951227,0.26397903893899777,0.3876488743222941,1.213858736531786,0.6358201968148782,domain_id,False,212,
force_sensor_x__total_power__slope,0.14366231579896205,0.22209919649676912,0.3204212551447607,0.0203363657036217,0.632343287519432,domain_id,False,213,
force_sensor_y__spectral_centroid__rel,0.10939571334352349,0.7353880806354587,0.23128202339956971,0.707137536882587,0.6241256468320833,domain_id,False,214,
force_sensor_y__std__rank,0.20467765406902183,0.7163839673556134,0.0953658852558424,0.852251464979445,0.6227471892436063,domain_id,False,215,
force_sensor_x__rms__slope,0.12560241897581004,0.21363867063874897,0.3405754677406843,0.005405685167469664,0.6215084229928531,domain_id,False,216,
force_sensor_y__variance__rank,0.20335715568179036,0.717055989591671,0.0953658852558424,0.852251464979445,0.6208740436542217,domain_id,False,217,
force_sensor_y__abs_mean__rank,0.17987226163811387,0.7391631865765773,0.11705549054795317,0.8023010034462865,0.617013081903529,domain_id,False,218,
force_sensor_z__shape_factor__rel,0.12100138244135916,0.6610261467071687,0.23506648113347597,0.8633815806472689,0.6064490538448611,domain_id,False,219,
force_sensor_y__band1_energy_ratio__rank,0.12610208777940013,0.508063991310546,0.23781238340644992,0.3056002436299681,0.6050508309345437,domain_id,False,220,
force_sensor_x__band0_energy_ratio__rel,0.1395296908234267,0.44915275183258174,0.21633030125756467,0.03374784164697131,0.604954851520131,domain_id,False,221,
force_sensor_x__spectral_spread__rel,0.18638966186168138,0.5141879252999848,0.14074110846831622,0.3497378019040861,0.6036589523289075,domain_id,False,222,
position_control_deviation_axis_y__band2_energy_ratio__rel,0.18935052495995253,0.9344887454783497,0.0006475673297290024,0.7178758747716858,0.5952039327618299,domain_id,False,223,
force_sensor_y__dominant_amp__rank,0.2137011297961824,0.7942498969373006,0.041887927299174836,1.0733554918518249,0.5950766332469967,domain_id,False,224,
force_sensor_x__band1_energy_ratio__rel,0.13914862290385477,0.44054125478910855,0.20517458796251212,0.018714872449156164,0.5911848104639718,domain_id,False,225,
force_sensor_x__spectral_variance__rel,0.17684865805697214,0.5260906797696903,0.1385315105912371,0.38892553964502297,0.5874071858090902,domain_id,False,226,
position_control_deviation_axis_x__spectral_kurtosis__rel,0.19764137572916418,0.6902451685270581,0.08928246327320097,0.9877313554675277,0.5848181955944661,domain_id,False,227,
force_sensor_z__band1_energy_ratio__slope,0.2326058370334283,0.41184938410024996,0.05936730155891308,0.02773174669507522,0.5842438607495676,domain_id,False,228,
position_control_deviation_axis_x__dominant_amp__rel,0.1456931074763661,0.48674886026440944,0.21734654411869608,0.658282286954574,0.5800037158745732,domain_id,False,229,
position_control_deviation_axis_x__band3_energy_ratio__rel,0.1913502306524033,0.45684739114286055,0.22517684741497943,1.5530769245661113,0.578692518090896,domain_id,False,230,
force_sensor_z__clearance_factor__rank,0.19520944442418386,0.5667983934999379,0.11471324388910774,0.7904357702099795,0.5761917212073744,domain_id,False,231,
force_sensor_x__band2_energy_ratio__slope,0.2285241148340662,0.3826952520843756,0.06391797845512973,0.00028072776481879465,0.5735842260879896,domain_id,False,232,
position_control_deviation_axis_x__band1_energy_ratio__rank,0.15418799505898773,0.34537135932994056,0.19661348883109142,0.012049345134112162,0.5719513548030809,domain_id,False,233,
force_sensor_y__band1_energy_ratio__rel,0.12158275781203454,0.5387621331510113,0.2011995713584601,0.3449136121030659,0.569447317274729,domain_id,False,234,
force_sensor_y__band0_energy_ratio__rel,0.11786212580979538,0.5539735891500426,0.19297766540974817,0.3061525345698665,0.5639933549607394,domain_id,False,235,
force_sensor_z__spectral_centroid__rank,0.1143285869892483,0.5542759161226991,0.18240576944460574,0.21580964325771754,0.5550646694756629,domain_id,False,236,
force_sensor_y__band0_energy_ratio__rank,0.12424150521281363,0.5394878921251594,0.16652657343264662,0.23915615395376713,0.5477609525966483,domain_id,False,237,
force_sensor_x__spectral_entropy__rank,0.20192278772320615,0.5512766548996852,0.04117265174647231,0.3000221091301019,0.5468215257423276,domain_id,False,238,
force_sensor_z__band2_energy_ratio__slope,0.2543621493957613,0.34612407204903706,0.006712693414081494,0.024910103043696452,0.5423563828452788,domain_id,False,239,
force_axis_z__skewness__rel,0.09337578630198462,0.2757452526800841,0.30111450239672954,0.18664485239978917,0.5388590253377814,domain_id,False,240,
force_sensor_x__spectral_rms__slope,0.10661773976445343,0.15298296465329164,0.3076828577640637,0.020234271516477925,0.5343584812626766,domain_id,False,241,
force_sensor_x__spectral_skewness__rank,0.13498395942024755,0.5197050864056232,0.15420406759196195,0.38490731143623513,0.533719408917428,domain_id,False,242,
position_control_deviation_axis_x__p2p__rel,0.11110421224985023,0.4800526216219927,0.24271243876435042,0.8286486701551977,0.5336707416346722,domain_id,False,243,
position_control_deviation_axis_x__spectral_entropy__rel,0.18854274015700678,0.5471948665610258,0.1374477045273333,1.4209137806133234,0.5305905245349097,domain_id,False,244,
force_sensor_y__band2_energy_ratio__rel,0.11783988640945586,0.4364953750892333,0.21810180393152917,0.5266524060728972,0.5278022327695638,domain_id,False,245,
force_sensor_z__energy__rel,0.13598263384512443,0.8907009154955929,0.015255243430195707,0.4733469140083134,0.5272505142063708,domain_id,False,246,
position_control_deviation_axis_x__dominant_amp__rank,0.18937260293610803,0.5241257531378793,0.12586032787466142,1.2486650095529068,0.5255104135114576,domain_id,False,247,
position_control_deviation_axis_x__peak__rel,0.1496731825802533,0.6350240767251205,0.13493303817483823,1.0844820089157787,0.5250948832810878,domain_id,False,248,
force_sensor_y__mean__slope,0.11513953792891973,0.1709522521677318,0.27787720127035526,0.04391867012184833,0.5230437763602395,domain_id,False,249,
force_sensor_x__spectral_entropy__rel,0.1976031588589766,0.5521374579290548,0.020407815264370712,0.2663427881187078,0.5221204580881447,domain_id,False,250,
force_sensor_y__spectral_kurtosis__rank,0.12913559835380184,0.3928051256405727,0.21458936843854473,0.6228512563316035,0.5185271869000116,domain_id,False,251,
force_sensor_x__zero_crossing_rate__slope,0.23902834218743307,0.3136000274830151,0.01163268162028968,0.0027867877411196017,0.512297581712155,domain_id,False,252,
force_sensor_y__band2_energy_ratio__rank,0.11091410142779234,0.4000798892756592,0.21942819504723715,0.4540074088185589,0.5102537912271675,domain_id,False,253,
force_sensor_z__spectral_centroid__rel,0.11832719508893086,0.6250365070640873,0.11043726078234697,0.2877644607812821,0.5100893072770374,domain_id,False,254,
position_control_deviation_axis_y__spectral_kurtosis__rank,0.17588434114809082,0.6416663988871436,0.01140029086726024,0.29053575899921,0.509550139199729,domain_id,False,255,
torque_spindle__spectral_skewness__rel,0.118499881116642,0.19236244798352775,0.33129770213531057,1.050659500395286,0.5094622410648173,domain_id,False,256,
force_sensor_x__spectral_variance__slope,0.20249490213812482,0.3532206035543384,0.04693266218063468,0.0021866552239706515,0.50364041280412,domain_id,False,257,
force_axis_z__band3_energy_ratio__rel,0.09984699386300777,0.1574859565811173,0.2884072414340283,0.05582098062586057,0.5030307799208057,domain_id,False,258,
force_sensor_z__rms__rel,0.12479262653708312,0.8695718013632296,0.01857287379989102,0.5009773027986347,0.5025163506416571,domain_id,False,259,
force_sensor_y__variance__slope,0.1806067692934905,0.2344140893249742,0.1227915483185953,0.004518557787610742,0.4999514326145557,domain_id,False,260,
force_axis_z__kurtosis__rel,0.0860308636633309,0.2474103529855589,0.2853973781532356,0.2701653800766846,0.4941313573196262,domain_id,False,261,
force_sensor_z__abs_mean__rel,0.12844272612895624,0.7894039131747688,0.02686535283140923,0.41527488627563147,0.4937125542499341,domain_id,False,262,
force_sensor_z__abs_mean__rank,0.12630122881209838,0.7334440039236996,0.05003831968122098,0.4676622931632434,0.4884550885531397,domain_id,False,263,
force_axis_y__spectral_kurtosis__rel,0.17130224710572262,0.3814934006882085,0.16068429768023304,1.140795294931186,0.48686316836052457,domain_id,False,264,
force_sensor_y__total_power__slope,0.18766947432401082,0.22799688645036653,0.09685778146864457,0.0025057764073856646,0.4831473543143312,domain_id,False,265,
position_control_deviation_axis_y__zero_crossing_rate__rel,0.17493319887922643,0.5620313234990393,0.025546954425506477,0.4888910858739767,0.4767257122420673,domain_id,False,266,
force_axis_y__dominant_freq__rel,0.1486675294456068,0.3871212061971685,0.09952122075578831,0.07698721759756194,0.4763222771777606,domain_id,False,267,
force_sensor_x__mean__rank,0.17010998638373032,0.46125319590429603,0.04327589329346736,0.17625522601142407,0.47418817374538835,domain_id,False,268,
force_axis_z__spectral_rms__rel,0.08341726624598422,0.26155550679255013,0.2723010913499606,0.3768830443024208,0.47357329811276694,domain_id,False,269,
force_axis_z__total_power__rel,0.08182288176904229,0.26438550066203437,0.275029842486646,0.4043255519237258,0.47260024842369536,domain_id,False,270,
position_control_deviation_axis_x__skewness__rel,0.1336522704399825,0.2544949694130656,0.19765184372523506,0.46524363585285844,0.4700095792925129,domain_id,False,271,
force_sensor_z__rms__rank,0.12127238657573591,0.7833621652933367,0.03136686212696764,0.5983960619943908,0.46982188537498115,domain_id,False,272,
force_axis_x__dominant_freq__rel,0.14509967857004247,0.3780192748358464,0.09952643522029926,0.07698721771741597,0.4672073176503613,domain_id,False,273,
force_axis_y__spectral_skewness__rel,0.16246172990177588,0.3400750867869127,0.1703334955702101,1.198272436545846,0.4623119320029409,domain_id,False,274,
force_sensor_z__energy__rank,0.11539787258008039,0.7825387887428894,0.031243606601785313,0.597803562880724,0.4599951909332234,domain_id,False,275,
force_sensor_x__spectral_variance__rank,0.17466598625035523,0.4143421276757211,0.05715964551275379,0.4021189377615717,0.45992551205773613,domain_id,False,276,
force_sensor_y__kurtosis__rel,0.10932354294019464,0.7796510965622323,0.06611759880973742,0.9007391705771438,0.45984736533418735,domain_id,False,277,
force_sensor_x__spectral_spread__rank,0.17346053693267582,0.4152325562750061,0.05715964551275379,0.4021189377615717,0.4583185361199391,domain_id,False,278,
position_control_deviation_axis_x__spectral_spread__rel,0.15048283129094875,0.48437188380709406,0.10277721421184571,0.8402244600495204,0.457727370862018,domain_id,False,279,
force_sensor_x__dominant_amp__slope,0.06617602013039847,0.1523261317212703,0.2944507607043443,0.014988396889621265,0.4562817306853404,domain_id,False,280,
force_axis_y__spectral_rolloff95__rel,0.12868977904780943,0.42359363276905415,0.18528610293182887,1.2043143383145836,0.45353791609598515,domain_id,False,281,
force_sensor_y__spectral_kurtosis__rel,0.10601681528730489,0.4659060204139349,0.1532447415567464,0.5450429519356654,0.4534035683155914,domain_id,False,282,
force_axis_z__mean__rel,0.12621933839785004,0.481110153999597,0.07566970650245117,0.06174483089922335,0.4525415335735126,domain_id,False,283,
force_axis_z__energy__rel,0.12569097426943654,0.49044352998961704,0.07040118268340334,0.04455371372437152,0.4512659510050966,domain_id,False,284,
position_control_deviation_axis_y__band3_energy_ratio__rel,0.12816276459572085,0.3682386015572181,0.23523594105934642,1.644076487667285,0.4469550338179199,domain_id,False,285,
force_axis_z__abs_mean__rel,0.12088748217928091,0.48234980646155146,0.07566970650245117,0.06174483089922335,0.4444302651318833,domain_id,False,286,
position_control_deviation_axis_y__spectral_spread__rank,0.16664420676420377,0.6561250849946392,0.10897246386848107,2.21725555342978,0.44383879720416575,domain_id,False,287,
force_sensor_x__spectral_centroid__slope,0.17653108963075814,0.2558286214057883,0.06294309689964399,0.008543002177218213,0.4411909499052419,domain_id,False,288,
force_axis_z__rms__rel,0.11439012805792559,0.48685229658937623,0.0805874119119424,0.0595374089986863,0.4407522165685969,domain_id,False,289,
force_sensor_x__shape_factor__slope,0.13780223082359488,0.2603867481085196,0.11988811628953613,0.008037532349161687,0.4376056089829926,domain_id,False,290,
position_control_deviation_axis_y__spectral_variance__rank,0.16155416305521908,0.6550690661067309,0.10897246386848107,2.21725555342978,0.4352627792926773,domain_id,False,291,
force_sensor_z__band0_energy_ratio__slope,0.1807145413437674,0.3234665459290227,0.022610117175286392,0.023519144623905208,0.4315357208759369,domain_id,False,292,
force_axis_z__std__rel,0.09861277896458565,0.19249335564518244,0.2455681794756807,0.5594210002680666,0.43102229558934035,domain_id,False,293,
force_axis_z__dominant_amp__rel,0.08765053876207518,0.1628937569123794,0.2479199644460375,0.2863427998690388,0.426543751480491,domain_id,False,294,
force_sensor_y__band1_energy_ratio__slope,0.12495242580203669,0.21056553593988392,0.14986383535819692,0.031677203960981434,0.4265120382822113,domain_id,False,295,
force_axis_z__band2_energy_ratio__rel,0.07366284545339652,0.23855488482183462,0.24544000218836978,0.4403688052970603,0.4174104148547228,domain_id,False,296,
position_control_deviation_axis_y__band0_energy_ratio__rank,0.15069103576967469,0.47895218265223516,0.0122851097056367,0.20815943911317497,0.41601061483386725,domain_id,False,297,
force_axis_z__dominant_freq__rank,0.13268119717942262,0.5200635293635385,0.11128516592841571,1.2980954014005754,0.4143348260135792,domain_id,False,298,
position_control_deviation_axis_y__peak__rel,0.14266951555523733,0.36650915207764445,0.07507699132010257,0.35817628090197645,0.4121250598629848,domain_id,False,299,
force_axis_z__variance__rel,0.08421366464748803,0.18412395595106945,0.24732536313842893,0.5676922229727658,0.4058576878343899,domain_id,False,300,
force_sensor_y__band0_energy_ratio__slope,0.1153180138926484,0.21063186121553112,0.1430098728763628,0.03127116267415477,0.4042256528132086,domain_id,False,301,
position_control_deviation_axis_x__spectral_variance__rel,0.13211724966352922,0.44421857716027935,0.09302589002898845,0.8569136041985795,0.4021882093945419,domain_id,False,302,
force_sensor_z__spectral_kurtosis__slope,0.1192359013562756,0.22818705119636284,0.1250229652920653,0.011945864035401236,0.4006072300287251,domain_id,False,303,
position_control_deviation_axis_x__band1_energy_ratio__rel,0.1306609458498007,0.36650366058853834,0.14584410672378006,1.1524220777528267,0.40018166915645614,domain_id,False,304,
force_axis_y__band2_energy_ratio__rel,0.11832394820832848,0.2249049495969726,0.22027634209803265,1.1794305117963237,0.3999777916551569,domain_id,False,305,
position_control_deviation_axis_x__spectral_skewness__rel,0.13897440349111267,0.5244802498783585,0.12391006378924103,1.800920180280269,0.39858077482769466,domain_id,False,306,
force_axis_y__spectral_variance__rel,0.1496511108334293,0.22748529544099338,0.17687301615775472,1.30232849031853,0.398088787363686,domain_id,False,307,
force_sensor_y__band3_energy_ratio__rank,0.14279159984385337,0.36476694922253916,0.0330497633232709,0.004602779847448347,0.39787095347873913,domain_id,False,308,
force_sensor_z__skewness__rank,0.11895549228471869,0.6017768070879885,0.050731138741718806,0.8819716904695739,0.39531192193267173,domain_id,False,309,
force_sensor_z__zero_crossing_rate__rank,0.10460044103123001,0.5504199242464423,0.04948298064136565,0.4037094563529718,0.39006863971425115,domain_id,False,310,
force_sensor_z__shape_factor__slope,0.0674979699533631,0.12259995230979026,0.23687069015120205,0.011983200269684033,0.3900148611094434,domain_id,False,311,
force_axis_x__spectral_rolloff95__rel,0.13386149535391434,0.4771695664148923,0.059771677641756595,0.8212243920484399,0.38683820940907987,domain_id,False,312,
force_sensor_y__p2p__rank,0.10764343821840217,0.39811442332477043,0.10611416831825726,0.5136664330595029,0.3861883052528372,domain_id,False,313,
force_sensor_x__spectral_kurtosis__rank,0.12397225072000229,0.5000636798564111,0.02194726654954361,0.31648213276578363,0.38191838386434807,domain_id,False,314,
torque_spindle__dominant_freq__rank,0.145621149563808,0.6567842455677737,0.16784603618204613,3.389206437923807,0.37560522243440275,domain_id,False,315,
force_axis_y__spectral_centroid__rel,0.13684650366157958,0.22289658077192276,0.17763879225648416,1.317430730600259,0.37535664309014494,domain_id,False,316,
force_axis_z__spectral_variance__rel,0.078967656346421,0.14819314426874897,0.21088079295136639,0.22445643423637493,0.37501945873934095,domain_id,False,317,
force_sensor_y__rms__slope,0.10801660687362569,0.14828499874271905,0.14686327747558725,0.01660612520128045,0.37433084142882456,domain_id,False,318,
force_axis_y__spectral_spread__rel,0.12910202485829725,0.2568506445620784,0.17091548005951254,1.2842535926232688,0.3714546805382817,domain_id,False,319,
force_sensor_x__mean__slope,0.09055970489431875,0.15957706359814683,0.1640532266281184,0.03750311730751629,0.36598506381895435,domain_id,False,320,
force_axis_y__band0_energy_ratio__rel,0.12212568465851859,0.21242236005111992,0.1902639442616922,1.2513326186150207,0.3656968841474425,domain_id,False,321,
force_sensor_x__spectral_kurtosis__slope,0.11342914598916942,0.1712587748918093,0.11857691168954994,0.010784371202384901,0.3637526082573561,domain_id,False,322,
force_axis_y__spectral_rolloff95__rank,0.09554179026182452,0.2690499886265787,0.16811614755750498,0.7798141163791935,0.3595030402544238,domain_id,False,323,
force_axis_z__spectral_skewness__rel,0.06321084137740995,0.20786561997333486,0.2086623379599291,0.40107310419265696,0.35555553817573554,domain_id,False,324,
force_sensor_z__zero_crossing_rate__slope,0.15309665426475338,0.19302218566008467,0.03373884102988485,0.00020399191540698385,0.35162513540603324,domain_id,False,325,
position_control_deviation_axis_y__band2_energy_ratio__rank,0.15655154260644877,0.6941373742790158,0.004423961988236283,2.041470781597618,0.3512291199734451,domain_id,False,326,
force_axis_z__spectral_spread__rel,0.06383455149006578,0.14874790915677094,0.21170434720570244,0.23251545934138906,0.35107605926473184,domain_id,False,327,
force_axis_x__dominant_freq__rank,0.13666112048688794,0.40899826296737896,0.1080972659806848,1.6620251349690969,0.34720082067461566,domain_id,False,328,
position_control_deviation_axis_y__band4_energy_ratio__rank,0.08619270420414304,0.6019636076613399,0.0006194187373142057,0.2412993065427978,0.3437387886844357,domain_id,False,329,
force_sensor_x__spectral_spread__slope,0.13289154170754136,0.28334093018767703,0.02291108871592954,0.0046975575472073955,0.3415343937340752,domain_id,False,330,
force_sensor_z__band3_energy_ratio__rank,0.08998167369128707,0.33546717526022096,0.1565239542755767,1.074227027504707,0.34016324685255367,domain_id,False,331,
position_control_deviation_axis_x__skewness__rank,0.1333309266714553,0.19069843168197131,0.13808153813076,1.144968360886129,0.3319433043036547,domain_id,False,332,
position_control_deviation_axis_x__p2p__rank,0.13007718687730407,0.3737585801497856,0.13895811881933945,1.9448389389107212,0.33179851923108006,domain_id,False,333,
force_sensor_y__abs_mean__slope,0.08391347975120977,0.13505889479775446,0.1455991690369895,0.016784145995555753,0.32938390481933244,domain_id,False,334,
force_sensor_x__spectral_rolloff95__slope,0.13859793281286792,0.13491391421164112,0.05412955357582832,0.002394384422536857,0.32692669391642887,domain_id,False,335,
force_sensor_z__skewness__rel,0.09105873981400148,0.507120885435409,0.05280210602122807,0.7836775127518532,0.32518650539150135,domain_id,False,336,
force_axis_y__dominant_freq__rank,0.1236002501496607,0.40421103595558594,0.1080972659806848,1.6620251349690969,0.32442265465840825,domain_id,False,337,
force_sensor_x__kurtosis__slope,0.04787618193009968,0.17105947242562802,0.18132393049995663,0.0027911486172399573,0.3216723898798111,domain_id,False,338,
force_sensor_y__p2p__rel,0.053824704696679104,0.5082368182134607,0.061888861538740576,0.21664085461005617,0.3200906607408364,domain_id,False,339,
position_control_deviation_axis_x__spectral_spread__rank,0.09099838805420069,0.29787845091102927,0.07368082345559358,0.1889796148372649,0.3156457641059058,domain_id,False,340,
position_control_deviation_axis_x__peak__rank,0.1374364384203517,0.4752812122321428,0.10021123115345298,2.283393068884092,0.3156031992049837,domain_id,False,341,
position_control_deviation_axis_y__skewness__rank,0.07843113930806433,0.19661808691594995,0.2851426398918006,2.1528329683740117,0.3124870351892256,domain_id,False,342,
position_control_deviation_axis_x__zero_crossing_rate__rank,0.08881904070077118,0.3477949001489269,0.07734793622466568,0.5073459768245601,0.30895362234920387,domain_id,False,343,
force_sensor_z__variance__slope,0.08184341982131604,0.153657601717756,0.12004457931987471,0.008209255272267473,0.3081006255323028,domain_id,False,344,
force_sensor_y__spectral_centroid__slope,0.049836568334677755,0.13980884567147323,0.1775414121250216,0.023573660080785923,0.30776382981820677,domain_id,False,345,
force_sensor_z__spectral_centroid__slope,0.1121494848088953,0.19058136533694459,0.056133184681100304,0.004668844804133736,0.30692374940752143,domain_id,False,346,
force_sensor_z__energy__slope,0.06543881173587018,0.16594583362239446,0.13860494693430392,0.009429996727878445,0.30475812503483973,domain_id,False,347,
force_axis_z__abs_mean__rank,0.10299179900955902,0.4781643117082335,0.07389722047175394,1.4762791120112082,0.29941275948261115,domain_id,False,348,
force_axis_y__spectral_variance__rank,0.11553770128049523,0.16351349065014364,0.11656398331720208,0.8194326522036746,0.29769833025505077,domain_id,False,349,
force_sensor_x__band3_energy_ratio__rel,0.10018444360372114,0.36053179310159056,0.02324141409208243,0.26390440855960456,0.2972881828546488,domain_id,False,350,
position_control_deviation_axis_x__spectral_centroid__rank,0.06055066071393633,0.3410490903628314,0.10980034723516831,0.4756354096805166,0.2959815154529667,domain_id,False,351,
torque_spindle__abs_mean__rank,0.09988623220967896,0.2015521527602555,0.16660876014368195,1.3476381227848477,0.29455752534542834,domain_id,False,352,
position_control_deviation_axis_y__total_power__slope,0.11400867963373851,0.1270458601876019,0.06938259982892758,0.07462442893856813,0.29395577640559317,domain_id,False,353,
force_axis_z__shape_factor__rel,0.06813382181405037,0.2334291617305735,0.11879495073465497,0.3028698586686348,0.2909465717738793,domain_id,False,354,
force_axis_y__spectral_spread__rank,0.10964584140231426,0.17023167206776657,0.11656398331720208,0.8194326522036746,0.290723615701016,domain_id,False,355,
torque_spindle__band0_energy_ratio__rank,0.10970337475524405,0.14456245037396664,0.17982006969273273,1.49980251631054,0.2902168865351649,domain_id,False,356,
force_axis_z__peak__rel,0.0867724148526392,0.23707920270719818,0.07081784031532937,0.10708197621283327,0.289921367130247,domain_id,False,357,
position_control_deviation_axis_y__p2p__rel,0.06785175495085793,0.24166300877483238,0.1000459163204947,0.1368157325029704,0.28806089235518906,domain_id,False,358,
position_control_deviation_axis_x__spectral_variance__rank,0.06990230590714552,0.304761613563838,0.07368082345559358,0.1889796148372649,0.2842881640260698,domain_id,False,359,
force_axis_z__energy__rank,0.09418967063166872,0.4711819886621591,0.07381316471396086,1.4751090667704396,0.2826747045850553,domain_id,False,360,
position_control_deviation_axis_y__spectral_kurtosis__slope,0.12377791714819164,0.2013025538813391,0.010557396301348049,0.02280578838136919,0.2825815615001901,domain_id,False,361,
torque_spindle__rms__rank,0.09447173673505516,0.19610018976897914,0.16327336856995633,1.343378812245834,0.28083010535611125,domain_id,False,362,
force_sensor_z__rms__slope,0.0621098235761961,0.14451965710589043,0.1280762143612757,0.01378985179456834,0.2805631264062987,domain_id,False,363,
force_axis_z__rms__rank,0.09445695088675543,0.46290896137370297,0.07382877853027549,1.4750810414638174,0.28004640380392093,domain_id,False,364,
position_control_deviation_axis_y__skewness__rel,0.022777948434845374,0.14902051573916086,0.2647507224510889,0.9762257855667571,0.27884811984700253,domain_id,False,365,
force_sensor_z__band3_energy_ratio__rel,0.06484464070303964,0.35021106377611133,0.11481457182301254,0.8928983665324434,0.27799695395793045,domain_id,False,366,
force_sensor_z__mean__slope,0.12324508147023772,0.18057536114502737,0.01389188845074581,0.02648165210561073,0.27705971383942735,domain_id,False,367,
position_control_deviation_axis_y__zero_crossing_rate__rank,0.13362276494838676,0.5006541418078778,0.014470711497703353,1.7432274861519208,0.2762844541480229,domain_id,False,368,
force_axis_y__spectral_centroid__rank,0.1027828268861044,0.15228152470644485,0.11720154377826882,0.8123851995479071,0.27421613899589514,domain_id,False,369,
force_sensor_y__band4_energy_ratio__rel,0.05091834871775047,0.238195585942921,0.14606695216369883,0.5788461310943541,0.27028267929369854,domain_id,False,370,
torque_spindle__energy__rank,0.0874207325486076,0.19563782537567675,0.1633558327681231,1.344179457235028,0.269340668962484,domain_id,False,371,
force_sensor_y__spectral_rms__slope,0.10095289915127426,0.13757249952918205,0.0562008351808743,0.010962949489084356,0.2687795205914163,domain_id,False,372,
position_control_deviation_axis_x__band2_energy_ratio__rank,0.06179581308937854,0.3361575517615747,0.07135574462490663,0.3428564462399294,0.26831942872599235,domain_id,False,373,
force_axis_y__band2_energy_ratio__rank,0.09348289799451504,0.18179394122096504,0.1215988897165304,0.9190263679823683,0.266121491646602,domain_id,False,374,
force_axis_z__spectral_entropy__rel,0.038968715482343264,0.1406936661663245,0.22638130041551272,0.9744995192675173,0.2635509422191402,domain_id,False,375,
force_sensor_y__dominant_amp__slope,0.0762923465479004,0.1528418769872535,0.0834944432986431,0.001495344045353878,0.26285855134632446,domain_id,False,376,
force_sensor_z__total_power__slope,0.06642709068321184,0.15083800585439322,0.10009660434783854,0.007519485539889643,0.26237416824480264,domain_id,False,377,
force_axis_z__zero_crossing_rate__rel,0.04830147728590184,0.13068753082985518,0.20106375066125978,0.8281535990963064,0.2611999950924725,domain_id,False,378,
position_control_deviation_axis_x__band0_energy_ratio__rel,0.11950907046231807,0.45087725177494553,0.04829929458523404,1.8478591549671317,0.26056291908823837,domain_id,False,379,
torque_spindle__peak__rank,0.08768895020077117,0.1861045619255246,0.1683223556792105,1.5590386488582237,0.254042510982414,domain_id,False,380,
force_sensor_z__spectral_skewness__slope,0.060278943441614,0.12031911350431912,0.11180062952397864,0.005256298547673594,0.2530275661829207,domain_id,False,381,
torque_spindle__spectral_skewness__rank,0.10636990917004607,0.17281404023795677,0.20277537324994527,2.35718240452823,0.2498749172280986,domain_id,False,382,
force_sensor_x__band3_energy_ratio__rank,0.08813081703920878,0.2997855757508221,0.01254538698189225,0.1982991580568332,0.24986516943803438,domain_id,False,383,
force_axis_z__spectral_rolloff95__rel,0.09572756146417016,0.31987021288386885,0.03524771664151563,0.7320140393621036,0.24964367279056238,domain_id,False,384,
force_axis_z__p2p__rel,0.04798411944526326,0.06320223521988266,0.2015857325765032,0.676352415107114,0.24823887623360122,domain_id,False,385,
force_axis_z__band2_energy_ratio__rank,0.09938144068969845,0.23278215634757737,0.1034788299879047,1.2787733255297435,0.2477244144973075,domain_id,False,386,
force_axis_z__total_power__rank,0.09392491957612048,0.22296227004878455,0.11654335598609024,1.290170164628132,0.2474555991184066,domain_id,False,387,
force_sensor_y__std__slope,0.0783109053278328,0.1299609203966332,0.07385681892929628,0.012815117675579137,0.24705558558595161,domain_id,False,388,
force_axis_z__skewness__rank,0.09520138254635468,0.22019947731062106,0.11933392915604461,1.3530443143982447,0.24625215207541457,domain_id,False,389,
force_axis_x__spectral_rolloff95__rank,0.09942340133205141,0.5221990649213368,0.02579351624810831,1.7186031815434735,0.2426000074195357,domain_id,False,390,
position_control_deviation_axis_y__dominant_amp__slope,0.07106196288021316,0.12735455445989086,0.08599117799603644,0.07812314872863937,0.2413532778731045,domain_id,False,391,
force_sensor_z__band4_energy_ratio__slope,0.0757698511774707,0.27145021973919325,0.018431601063974543,0.0021451353114973377,0.24100172640525894,domain_id,False,392,
position_control_deviation_axis_y__peak__rank,0.09966165220999557,0.33940917589472663,0.008734466023141438,0.6803915625358801,0.2408406883448282,domain_id,False,393,
torque_spindle__std__rank,0.07948067103384115,0.15630755724988665,0.16162830278706297,1.3753295335664528,0.23773831572592016,domain_id,False,394,
force_axis_y__skewness__rel,0.02920217570905259,0.03867731661896956,0.18345202833991964,0.08978819624451773,0.23761417499112275,domain_id,False,395,
force_sensor_z__kurtosis__slope,0.04400654708968954,0.10177127588188206,0.1274523604779656,0.003937239431402429,0.23572705512054554,domain_id,False,396,
force_axis_z__spectral_centroid__rel,0.041476266023262376,0.13054706708910935,0.190255601950033,0.884237078213393,0.2348895968914163,domain_id,False,397,
force_sensor_y__band4_energy_ratio__rank,0.062201094186864925,0.21860408575395418,0.11026096023851253,0.7156719877600904,0.23440989298537662,domain_id,False,398,
force_axis_y__band3_energy_ratio__rel,0.0770468132729285,0.16789970097936902,0.14786292731776043,1.2709704636956636,0.2327004917241709,domain_id,False,399,
position_control_deviation_axis_x__mean__rel,0.10077334534713667,0.1873463848367214,0.008711276408604744,0.10204545939543214,0.2322361294257066,domain_id,False,400,
force_sensor_x__band4_energy_ratio__slope,0.08919912532186758,0.22393346923949142,0.0037574292714033894,0.012427470557746572,0.22943088293000824,domain_id,False,401,
force_sensor_z__std__slope,0.050674008168471785,0.1166187855206351,0.10556800216230484,0.012859649537552338,0.22937012273181262,domain_id,False,402,
force_sensor_z__spectral_entropy__slope,0.07449761697209167,0.12553680639106535,0.063422739715567,0.006974561039622869,0.22931215445520503,domain_id,False,403,
position_control_deviation_axis_x__zero_crossing_rate__rel,0.10342420446173084,0.39117955173146335,0.05578059266291773,1.7844344922702016,0.22505186595676208,domain_id,False,404,
torque_spindle__variance__rank,0.07322779516718825,0.14693036216394262,0.16162830278706297,1.3753295335664528,0.22419901553678304,domain_id,False,405,
force_sensor_z__skewness__slope,0.0374178081429386,0.16190673355749885,0.10343150066970482,0.003146947789227386,0.22353442049786934,domain_id,False,406,
position_control_deviation_axis_x__shape_factor__rel,0.03753763168056712,0.32827644612341267,0.04242884007330994,0.023998329817066004,0.22291523466197047,domain_id,False,407,
position_control_deviation_axis_x__spectral_centroid__rel,0.08561297681137492,0.4055093599996713,0.07685355246891162,1.8055522823987349,0.22113123079797264,domain_id,False,408,
force_sensor_y__p2p__slope,0.1070979199230222,0.1135332834158147,0.008183506204409562,0.026326421784947672,0.2204776414928466,domain_id,False,409,
force_sensor_x__spectral_entropy__slope,0.09256929649015477,0.13846640282362177,0.019034048558875062,0.011529128164899646,0.21842134944597205,domain_id,False,410,
force_axis_y__p2p__rel,0.07378295871098461,0.11777307868445064,0.15094755719324282,1.214196593089612,0.216433007515271,domain_id,False,411,
torque_spindle__skewness__rank,0.08823286497813276,0.10872424844885709,0.14398666139951422,1.3886544228390127,0.21541291598274764,domain_id,False,412,
force_sensor_y__peak__slope,0.1001318975126102,0.09193280176333474,0.02096325042477232,0.019404496015801166,0.21457954583977507,domain_id,False,413,
force_sensor_y__kurtosis__slope,0.04107996363415456,0.15967987730283983,0.08733389038896497,0.0057974493033107226,0.21228503978693822,domain_id,False,414,
force_axis_x__band1_energy_ratio__rel,0.0666157212972256,0.13990008003369825,0.1449109612836023,1.1543338405346233,0.21187879468932638,domain_id,False,415,
force_axis_z__spectral_rms__rank,0.06946561047900857,0.22769840507352956,0.1165480729361873,1.2901264895737603,0.20990080190622118,domain_id,False,416,
force_axis_z__spectral_rolloff95__rank,0.07989886528715706,0.3045252409608845,0.05215636748221931,1.0838954982903792,0.20730942668181523,domain_id,False,417,
torque_spindle__kurtosis__rank,0.07182704762908854,0.11374657335455529,0.1664320751366905,1.4908531310380186,0.2051913620699662,domain_id,False,418,
force_sensor_z__spectral_variance__slope,0.08172429734054099,0.17116905677494998,0.010740510071253623,0.02693476031728135,0.20362090669384503,domain_id,False,419,
force_axis_z__std__rank,0.07884261660269876,0.16779364572312128,0.1104309797215083,1.2277975764410154,0.20156261977327433,domain_id,False,420,
force_sensor_z__spectral_rms__slope,0.044527503943539104,0.1262632570483766,0.08242877245653704,0.01181483657339346,0.20001816229385344,domain_id,False,421,
force_sensor_x__spectral_skewness__slope,0.0651138866055605,0.09005476373591392,0.06155574835868674,0.0002154526651265891,0.199706227316273,domain_id,False,422,
position_control_deviation_axis_x__peak__slope,0.1045342563086209,0.08266222972285231,0.0011855255171245465,0.004123160106821346,0.1996527189284016,domain_id,False,423,
force_axis_z__band0_energy_ratio__rel,0.04264542109382119,0.1893492474019245,0.15268523992290176,1.1549587779117267,0.1994504333710312,domain_id,False,424,
force_sensor_y__spectral_entropy__slope,0.04401004284664678,0.09700317239066258,0.0908408448385792,0.0010737909681385386,0.19757698500535825,domain_id,False,425,
force_axis_y__band3_energy_ratio__rank,0.07023842741617514,0.13462913868777315,0.10082993541885374,0.8452843673557985,0.19633276266810967,domain_id,False,426,
torque_spindle__spectral_rms__rank,0.07357037227862273,0.12563214502017983,0.167135061554831,1.7316035423656717,0.19389782939991815,domain_id,False,427,
force_sensor_y__spectral_variance__slope,0.053203808487819026,0.1836300082279836,0.039463579276597285,0.006666204784792876,0.19274172487685498,domain_id,False,428,
force_axis_z__peak__rank,0.09069329389164138,0.24765447272447005,0.06628951239002266,1.4219011532185661,0.190670966987807,domain_id,False,429,
force_axis_z__mean__rank,0.07887652372937426,0.41194797011521866,0.017598388134542658,1.3493409303946975,0.18985735396240916,domain_id,False,430,
position_control_deviation_axis_x__shape_factor__rank,0.09111892608282401,0.29303811466511087,0.014641410793993549,1.028495606047914,0.18798479240250127,domain_id,False,431,
force_axis_z__variance__rank,0.06971264051184556,0.17033040529978338,0.1104309797215083,1.2277975764410154,0.18782727212747313,domain_id,False,432,
torque_spindle__spectral_spread__rank,0.06823718855308192,0.10965500469197886,0.16786870089681596,1.635297320737208,0.18780476106095384,domain_id,False,433,
force_sensor_y__spectral_kurtosis__slope,0.05032879451821892,0.16558326128267975,0.04544302240068436,0.012679924750824209,0.18690919859300117,domain_id,False,434,
force_sensor_y__zero_crossing_rate__slope,0.061932966475255036,0.0870336483959484,0.05435534282753815,0.0072926981765532115,0.18570358704982598,domain_id,False,435,
torque_spindle__total_power__rank,0.06782280559392695,0.1242206303215383,0.1673561319648332,1.7343387716848617,0.18413524954542437,domain_id,False,436,
position_control_deviation_axis_x__band4_energy_ratio__rank,0.06422359169236991,0.4215109966448849,0.08232921490588331,1.990645641885423,0.1833925587888734,domain_id,False,437,
force_axis_z__band1_energy_ratio__rel,0.024619793786904598,0.12147555505775376,0.1865530075425345,1.1025159097322859,0.18328920932142378,domain_id,False,438,
force_axis_y__zero_crossing_rate__rank,0.061142039251741886,0.12201070968929795,0.11025024674829267,0.8910513274822086,0.1827836896500692,domain_id,False,439,
force_sensor_z__abs_mean__slope,0.03986255879676226,0.11426291361445795,0.07295481956401081,0.01084233993247009,0.17866022611843368,domain_id,False,440,
position_control_deviation_axis_y__clearance_factor__slope,0.07147449360902614,0.10304020603490649,0.02340342191471156,0.0343315952326519,0.17388455226948987,domain_id,False,441,
position_control_deviation_axis_x__mean__rank,0.08489515039372186,0.16847820698274907,0.027875076079791995,0.6676113126200621,0.17370983610957164,domain_id,False,442,
force_sensor_z__dominant_amp__slope,0.038337246049571894,0.10901999551135289,0.07187071531676686,0.01298859560538386,0.17300322083214237,domain_id,False,443,
position_control_deviation_axis_x__kurtosis__rel,0.02827247733651239,0.29491407853307816,0.09205660233610466,0.9292622442208899,0.17297904820021434,domain_id,False,444,
force_axis_y__std__rank,0.06016582692642691,0.08353808983749866,0.10349086925624633,0.8178103765141304,0.1659975046793143,domain_id,False,445,
force_sensor_y__spectral_spread__slope,0.045233219493953536,0.1309036281759699,0.04509962269343894,0.006679594678015551,0.16595880292261478,domain_id,False,446,
position_control_deviation_axis_y__band3_energy_ratio__rank,0.07343683706260995,0.2472946637846838,0.19539143979920698,3.028328345285708,0.16365977776061838,domain_id,False,447,
force_axis_y__total_power__rank,0.05940038397924674,0.07516471674751113,0.10344129986049364,0.8075863081225628,0.16242029252292556,domain_id,False,448,
force_sensor_z__band3_energy_ratio__slope,0.04781179007397873,0.19092781899238975,0.016647392615294927,0.03190185766548032,0.16195545737041803,domain_id,False,449,
force_sensor_y__spectral_skewness__slope,0.04980659701179868,0.09363846389584829,0.048581072032552276,0.022009185919984638,0.16171430147167204,domain_id,False,450,
force_axis_y__zero_crossing_rate__rel,0.058387294930885236,0.09256616924396965,0.13779415866894154,1.3099810821062314,0.16150965716209492,domain_id,False,451,
torque_spindle__spectral_variance__rank,0.05080258899162815,0.10446264915949399,0.16786870089681596,1.635297320737208,0.15784421200204035,domain_id,False,452,
position_control_deviation_axis_x__band4_energy_ratio__rel,0.041773882203948176,0.3381494676518635,0.07017230302497474,1.3213480946055531,0.15757708879169036,domain_id,False,453,
force_axis_y__spectral_kurtosis__slope,0.06575981248889073,0.054786809011575954,0.03279670805591204,0.019557649034764896,0.1573292083508453,domain_id,False,454,
position_control_deviation_axis_y__dominant_freq__slope,0.08598700569109208,0.026361586187041208,0.00743105256696685,0.009319494948930968,0.15473227768199113,domain_id,False,455,
torque_spindle__band4_energy_ratio__rel,0.027745768607822408,0.06917867759489837,0.1662898439188556,1.0284769150940545,0.15451835507773226,domain_id,False,456,
position_control_deviation_axis_y__band4_energy_ratio__slope,0.07220162047560641,0.10278869652085953,0.001537689726751232,0.021669063873185568,0.15410513841739512,domain_id,False,457,
position_control_deviation_axis_x__crest_factor__rel,0.02597152931037905,0.16644426509624566,0.12458303360951023,0.9381847259759786,0.15332957665042263,domain_id,False,458,
force_axis_y__spectral_rms__rank,0.0484338028210185,0.09764802929467553,0.10351956625161107,0.8070133506666893,0.15327220732874103,domain_id,False,459,
force_axis_z__clearance_factor__rel,0.050894042898196545,0.18969495160791627,0.0028604310663497673,0.051446565156288454,0.15110535253681318,domain_id,False,460,
torque_spindle__p2p__rank,0.05037694108957047,0.11127016780838428,0.16805926503985777,1.7544084835838591,0.1503732042274562,domain_id,False,461,
force_axis_z__shape_factor__rank,0.06670735233264247,0.24681290878206275,0.05188672848692601,1.2612681255612015,0.15021526555613196,domain_id,False,462,
force_axis_y__peak__rank,0.056754618089144504,0.10505433264681763,0.08568346116940911,0.8480074762754232,0.14829489270195784,domain_id,False,463,
position_control_deviation_axis_x__energy__slope,0.05844799251828747,0.07149446691663286,0.027549213137947177,0.0006612558733995383,0.14804655899046654,domain_id,False,464,
force_sensor_z__peak__slope,0.058617350314312144,0.06249880610579428,0.031531976160388345,0.01545148676182759,0.14777641221813884,domain_id,False,465,
position_control_deviation_axis_x__band4_energy_ratio__slope,0.05856625684201067,0.0701691460001932,0.025784581997757294,0.00014988544055780903,0.14602013857910492,domain_id,False,466,
position_control_deviation_axis_y__spectral_rolloff95__slope,0.06180977853262459,0.11204884636499202,0.0029720319002832936,0.0003232549038642868,0.14397908136514848,domain_id,False,467,
force_axis_z__crest_factor__rel,0.04666991141589927,0.18918087418798057,0.0008347399014109393,0.044158027837185705,0.14267910337832704,domain_id,False,468,
force_axis_z__zero_crossing_rate__rank,0.04980814843216996,0.14056738056593066,0.1016866276357308,1.1463549782767217,0.14251751222144987,domain_id,False,469,
force_axis_y__p2p__rank,0.04405249043258497,0.10168919194537374,0.11196311332162528,0.9920080254547647,0.14140678244462174,domain_id,False,470,
position_control_deviation_axis_y__band2_energy_ratio__slope,0.044687337456263077,0.07818871882636724,0.04142095985602047,0.01249371096214918,0.1413392819452351,domain_id,False,471,
force_sensor_z__p2p__slope,0.052597032953313416,0.07459710999183145,0.029335503920157206,0.017368155225211904,0.14024599916822886,domain_id,False,472,
position_control_deviation_axis_x__band1_energy_ratio__slope,0.06352594442273318,0.06961315305342186,0.012408577862329026,0.005544530566631643,0.13998060204153204,domain_id,False,473,
force_axis_z__impulse_factor__rel,0.04493969209590931,0.18407130177093212,0.00272535629992583,0.04928244248109784,0.13947922585067682,domain_id,False,474,
force_axis_z__dominant_amp__rank,0.06546880567503699,0.15231539204991384,0.10179996413194767,1.581433907893534,0.1374458512798178,domain_id,False,475,
force_axis_y__spectral_skewness__rank,0.1120237950160814,0.23387725537815518,0.01194549767976448,1.7874033327716325,0.13632145183588656,domain_id,False,476,
force_sensor_y__band2_energy_ratio__slope,0.05764605847504711,0.11772922607914893,0.0015214106081309178,0.025903688120104785,0.13590427206637956,domain_id,False,477,
position_control_deviation_axis_x__band0_energy_ratio__rank,0.11590662675575114,0.4714377286526559,0.0006765679475503842,2.8388673641560978,0.13568386377781236,domain_id,False,478,
position_control_deviation_axis_x__band3_energy_ratio__slope,0.06563441051789232,0.06324544258963183,0.005272477968440545,0.0006493461247525652,0.13425762512267245,domain_id,False,479,
force_sensor_z__spectral_rolloff95__slope,0.04690099079063814,0.061151088603195625,0.03584466797486895,0.005410095953241942,0.13355290397423863,domain_id,False,480,
force_axis_y__variance__rank,0.039684172231988724,0.08356435326991107,0.10349086925624633,0.8178103765141304,0.13307837892045538,domain_id,False,481,
force_axis_x__spectral_rolloff95__slope,0.05725187517446528,0.05230315687398468,0.020612026602734475,0.00892095922496213,0.1313917774773978,domain_id,False,482,
force_sensor_z__clearance_factor__slope,0.034882811676179015,0.03914290785692831,0.061197728299259416,0.0077752942332409885,0.1312127001937404,domain_id,False,483,
force_axis_y__spectral_entropy__rel,0.07522332099455498,0.1573105962893835,0.0676661304137,1.4665839789769937,0.13001987915735036,domain_id,False,484,
position_control_deviation_axis_x__p2p__slope,0.07082132913316808,0.03982465237356614,0.001065896369724196,0.003122158527374096,0.12948507293829006,domain_id,False,485,
position_control_deviation_axis_y__shape_factor__slope,0.04658970337507884,0.050611992156058605,0.041685591909434876,0.08045768014969767,0.12898418946687615,domain_id,False,486,
force_axis_z__band4_energy_ratio__rel,0.04148084925806317,0.13603532147471675,0.09995905253489723,1.1157861562225067,0.12815713327532696,domain_id,False,487,
force_axis_y__total_power__rel,0.085397534184799,0.10596826560598904,0.07068174956285396,1.497490078572018,0.12783692514038808,domain_id,False,488,
force_axis_y__spectral_kurtosis__rank,0.10892418614982424,0.22479995868735902,0.01138453025179483,1.7823757813504557,0.12780360688704864,domain_id,False,489,
position_control_deviation_axis_x__spectral_kurtosis__rank,0.043365370661263114,0.3421191944110271,0.05471781115935555,1.5750544202710284,0.12590467292435242,domain_id,False,490,
position_control_deviation_axis_y__spectral_variance__slope,0.04430449904495504,0.0716169737161998,0.026930515027205157,0.004124023398038093,0.12445812384357972,domain_id,False,491,
force_axis_y__energy__rank,0.04700656047259866,0.060886447662811705,0.08251772873229539,0.7147914887287868,0.12366976638321417,domain_id,False,492,
position_control_deviation_axis_x__band2_energy_ratio__rel,0.05579438035580764,0.390696053469898,0.01406495528973006,1.60185302550531,0.12115562149236767,domain_id,False,493,
force_axis_x__p2p__rank,0.04527423707000566,0.04382684407144222,0.09565969410431066,0.7997121520989765,0.1209050339302285,domain_id,False,494,
force_axis_z__kurtosis__rank,0.08515278170466822,0.23030688235868535,0.013204384554422844,1.4432446061945705,0.12052470016421425,domain_id,False,495,
force_sensor_y__skewness__slope,0.008574298385616519,0.06945480669715742,0.0813970925234984,0.007600923928572414,0.12039889512331461,domain_id,False,496,
position_control_deviation_axis_x__spectral_skewness__rank,0.08311090611800509,0.44369642320090596,0.03309406240231688,2.6513736614675665,0.12002775339763647,domain_id,False,497,
force_axis_z__spectral_centroid__rank,0.03975689271832983,0.14302616890684972,0.09364921215721499,1.1366026288683309,0.12001309184506675,domain_id,False,498,
force_axis_z__p2p__rank,0.056841787621786155,0.0867816916201325,0.0956634356785019,1.2468640859773548,0.11978196315613392,domain_id,False,499,
force_axis_x__energy__rel,0.035413273845548376,0.0037326569982787383,0.14174814621786214,1.0060923203787004,0.11975832866783902,domain_id,False,500,
force_axis_y__std__rel,0.06902664293401184,0.10634957734145312,0.08959870658076609,1.5078896435351066,0.11974558062067397,domain_id,False,501,
force_sensor_y__shape_factor__slope,0.04353632303063515,0.11316701102153459,0.007298442794086984,0.000463304923971201,0.11933132896096454,domain_id,False,502,
force_axis_y__band0_energy_ratio__rank,0.1098004555765546,0.19379427454367737,0.011367957181638503,1.7844228488251404,0.11750468483761634,domain_id,False,503,
force_axis_y__spectral_rolloff95__slope,0.05584836392300008,0.06801944270016569,0.005592183505295834,0.04080653815554704,0.11741338111909079,domain_id,False,504,
force_axis_x__variance__rank,0.05547160058292966,0.05106868649607055,0.07373991112005496,0.8186312768040072,0.1165620444605722,domain_id,False,505,
force_axis_y__spectral_entropy__rank,0.03490650415000407,0.11004287856743522,0.08851808290277,0.8707750205445275,0.1160409887725126,domain_id,False,506,
force_sensor_x__skewness__slope,0.033994400662317625,0.12413337900880439,0.015448663162746509,0.008683287465576789,0.11556181250297973,domain_id,False,507,
force_axis_x__dominant_amp__rank,0.04732261341156274,0.06031938479947696,0.08463140069496693,0.8470640878764301,0.11552185687387664,domain_id,False,508,
position_control_deviation_axis_x__kurtosis__slope,0.049577130972778605,0.0760625731813187,0.005461308180481543,0.003387334796848059,0.1131775211951735,domain_id,False,509,
force_axis_y__peak__rel,0.060458282986327605,0.10320281888961347,0.09458663827662923,1.466205364545952,0.11311550538190339,domain_id,False,510,
force_axis_y__abs_mean__rank,0.04789065423125893,0.06122979661677119,0.07219651879037203,0.7693551872762896,0.11054195549786677,domain_id,False,511,
position_control_deviation_axis_y__impulse_factor__slope,0.04181566611538279,0.042575975693204704,0.027250949235557823,0.029079840230641658,0.10798777705474073,domain_id,False,512,
force_sensor_z__spectral_spread__slope,0.03694374932293365,0.11713704865403507,0.005898667542464234,0.02744345726915356,0.10665480387153833,domain_id,False,513,
force_axis_x__std__rank,0.0470914329129577,0.06016133477935437,0.07373991112005496,0.8186312768040072,0.10646962606030061,domain_id,False,514,
force_axis_y__rms__rank,0.036024286125329485,0.06173507358507102,0.08252545531900103,0.7145456203700649,0.10635614532405525,domain_id,False,515,
force_axis_y__band2_energy_ratio__slope,0.035815620434795914,0.011837392344347553,0.04899702053503085,0.06090233072803845,0.10611870285012438,domain_id,False,516,
force_axis_x__rms__rel,0.03760956041643615,0.0032931556479440793,0.12852087977580537,1.0580741734727153,0.10574914857631562,domain_id,False,517,
torque_spindle__total_power__rel,0.06281343235597392,0.11516732137575758,0.1620649348188409,2.507398684937156,0.10571360704055568,domain_id,False,518,
force_axis_y__spectral_skewness__slope,0.04480002897304014,0.016879565311698208,0.029347279790925208,0.036041137714317294,0.10477266718200881,domain_id,False,519,
position_control_deviation_axis_x__band0_energy_ratio__slope,0.03894360812264375,0.0674346075229284,0.017702707900542874,0.011639722739612389,0.10445653923371646,domain_id,False,520,
torque_spindle__band2_energy_ratio__rel,0.057312191217458786,0.11479376588337775,0.14257599999272777,2.1733128492740206,0.10391024745904201,domain_id,False,521,
force_axis_x__spectral_rms__rank,0.03812877548227034,0.06106355908330885,0.08448679141633997,0.8145238189091982,0.10347033479134193,domain_id,False,522,
force_axis_x__total_power__rank,0.037727779304007836,0.061781868091500325,0.08449314773290238,0.8150494740767922,0.10305710107435236,domain_id,False,523,
force_sensor_x__peak__slope,0.03233735383158054,0.05649388972724889,0.029183561569568528,0.00044016952816671557,0.10214267072972334,domain_id,False,524,
position_control_deviation_axis_x__spectral_kurtosis__slope,0.03879861482782099,0.07523137596875529,0.01421132601048453,0.0374121493207552,0.10157351643944458,domain_id,False,525,
force_axis_x__peak__rel,0.03278441718611136,0.011462837568275042,0.12989968095024915,1.0774780186031143,0.10085893935321932,domain_id,False,526,
force_axis_y__mean__rank,0.034492210579038396,0.07299161847290625,0.0738515710812959,0.7016904624697531,0.10043040767644695,domain_id,False,527,
force_sensor_x__p2p__slope,0.03357244805211046,0.04261088272261304,0.030676366188362256,0.0009238988675343746,0.10042092981616077,domain_id,False,528,
position_control_deviation_axis_y__spectral_rms__slope,0.015422577115812075,0.04456769946362993,0.06294858181326227,0.05705321731361468,0.09976004321309213,domain_id,False,529,
position_control_deviation_axis_y__spectral_centroid__slope,0.01967341725729943,0.07063066103200377,0.04105359862447189,0.012779819790566064,0.0979235062639148,domain_id,False,530,
force_axis_x__abs_mean__rel,0.02907322680193647,0.012114245665040713,0.12676602239740123,1.007941289727302,0.0975517765850918,domain_id,False,531,
position_control_deviation_axis_x__impulse_factor__rel,0.010312858765120225,0.19107409210090331,0.07809858723054097,0.8567057611537102,0.09733170104157249,domain_id,False,532,
position_control_deviation_axis_x__spectral_entropy__slope,0.04657712484640131,0.05444013348872101,0.000408421132580433,0.011099523364315148,0.09464670601482708,domain_id,False,533,
position_control_deviation_axis_y__kurtosis__slope,0.036866725390644284,0.04505507982235368,0.021844315906321497,0.05178342084954278,0.09373396912553732,domain_id,False,534,
force_axis_x__mean__rel,0.026531030860799554,0.011179175550041442,0.12583747321623157,1.0061640965203462,0.09233028622900497,domain_id,False,535,
position_control_deviation_axis_x__band2_energy_ratio__slope,0.03658511675771692,0.0707906182529463,0.007243961041208066,0.010026449434149657,0.09158251248120124,domain_id,False,536,
force_axis_x__spectral_kurtosis__slope,0.04629733448988227,0.029132176953852174,0.00981197483322366,0.057471841310375166,0.09048933064457951,domain_id,False,537,
force_axis_z__spectral_skewness__rank,0.0707299318140191,0.2119088767893107,0.023581465598554688,1.5741371204694594,0.09042480423989938,domain_id,False,538,
force_axis_y__spectral_variance__slope,0.028086260772840044,0.009634906095985496,0.04645978410548329,0.07388336026527001,0.08929966930465494,domain_id,False,539,
position_control_deviation_axis_y__spectral_spread__slope,0.027521550955001528,0.05345553852884777,0.025429490666430694,0.0052959919090961325,0.0891288420171402,domain_id,False,540,
force_sensor_z__impulse_factor__slope,0.022776050016023897,0.020891991350653782,0.04490581797694451,0.006374551439152107,0.08878266151819401,domain_id,False,541,
force_axis_x__band2_energy_ratio__slope,0.05334193720942748,0.016921305528624586,0.0028631318489139887,0.08426617177264362,0.088187444179579,domain_id,False,542,
force_axis_z__spectral_entropy__rank,0.060743200418779564,0.16884418103435994,0.023734097830270976,1.2038752526556222,0.08806705638720336,domain_id,False,543,
force_axis_z__spectral_kurtosis__rank,0.029812325086638225,0.06990561867463363,0.09443843272581415,1.0129109477356355,0.08750225212795094,domain_id,False,544,
force_axis_y__spectral_rms__rel,0.058010229807888836,0.12087319247059192,0.06725077120066233,1.5013165624289952,0.0856107763059194,domain_id,False,545,
position_control_deviation_axis_x__clearance_factor__rel,0.015472325437557055,0.19788648194145608,0.05025318168332252,0.7991547734057671,0.08490821499972541,domain_id,False,546,
position_control_deviation_axis_y__band1_energy_ratio__slope,0.03371823560208642,0.048919604636295855,0.012893521265464187,0.005355480810943123,0.08486426050561681,domain_id,False,547,
force_axis_y__variance__rel,0.047663803718204,0.09655206973949682,0.09084919593364546,1.5044585761437792,0.08328170842741055,domain_id,False,548,
torque_spindle__spectral_rms__rel,0.05058044617909796,0.11314816094907565,0.15899867060146264,2.521831815427774,0.08107719109000194,domain_id,False,549,
torque_spindle__energy__slope,0.028555188426846456,0.032862075616144626,0.0324078149012005,0.11959662303320047,0.08098820262902201,domain_id,False,550,
force_sensor_y__dominant_freq__slope,0.03815576060080961,0.04027919359700882,0.004284403262134846,0.007004588684547252,0.08004536799939013,domain_id,False,551,
position_control_deviation_axis_y__spectral_skewness__slope,0.0313476844321563,0.048184425477896475,0.013838275171849396,0.028992977839236034,0.0798375800073039,domain_id,False,552,
force_axis_y__band3_energy_ratio__slope,0.036689007284083086,0.025326952302978878,0.016316343372533272,0.062393169074701216,0.07973852670664644,domain_id,False,553,
position_control_deviation_axis_y__zero_crossing_rate__slope,0.031017773486843092,0.025374261751301752,0.01943615294025644,0.013837094320824037,0.0776342035229679,domain_id,False,554,
force_axis_z__clearance_factor__rank,0.041196155648928645,0.20452016372688497,0.047616630974103555,1.4139583503750175,0.07701719849856169,domain_id,False,555,
force_axis_y__spectral_centroid__slope,0.01866019060204338,0.0021910505990132556,0.05173534142282323,0.07621868112188261,0.07646668321196262,domain_id,False,556,
force_axis_x__band1_energy_ratio__slope,0.03608919585897796,0.014857394243174227,0.015081285662805383,0.030724998439992,0.07617457716664247,domain_id,False,557,
position_control_deviation_axis_x__total_power__slope,0.028892984822330492,0.029881721829251084,0.01623593420298546,0.0024874163042771526,0.07359976171451187,domain_id,False,558,
force_axis_z__impulse_factor__rank,0.037396196195844444,0.2103200818530011,0.047509278215076244,1.4149816998687261,0.07287523834999497,domain_id,False,559,
force_axis_z__spectral_kurtosis__rel,0.060939162236506084,0.08205980537949342,0.061136855812351315,1.4671127862455329,0.0725055546244192,domain_id,False,560,
position_control_deviation_axis_x__skewness__slope,0.029337879425996638,0.054585319146588596,0.0038004590736225884,0.0015689414472946997,0.07113753309395533,domain_id,False,561,
force_axis_x__band0_energy_ratio__rank,0.04034427520911166,0.0979756957635396,0.03752891609886048,0.8597577014285971,0.07018723291005738,domain_id,False,562,
position_control_deviation_axis_y__skewness__slope,0.033061777458370356,0.03323990086980633,0.0032933096956066638,0.002906037086966661,0.0685745489021032,domain_id,False,563,
position_control_deviation_axis_x__dominant_amp__slope,0.031227649742409103,0.031173937612066993,0.006927652399387685,0.0075206474369673496,0.06812363424084034,domain_id,False,564,
position_control_deviation_axis_x__spectral_centroid__slope,0.030772491741157815,0.039756874080149274,0.0017985280175165112,0.008534240171054586,0.06537291646465397,domain_id,False,565,
force_axis_x__spectral_entropy__slope,0.024634750552062323,0.0,0.030654504881685196,0.0634939405447209,0.06519245545612241,domain_id,False,566,
force_axis_z__band1_energy_ratio__rank,0.0531998268499978,0.10199156506244256,0.02953823874549084,1.1269310395332945,0.06303028884651689,domain_id,False,567,
position_control_deviation_axis_y__energy__slope,0.016917934746581986,0.008964212783650893,0.0345146760414634,0.02855637397868331,0.06276789327551519,domain_id,False,568,
force_axis_x__skewness__slope,0.02045488459939815,0.008490909115993261,0.03632671699303078,0.12277779372181923,0.0625690296802159,domain_id,False,569,
force_axis_z__rms__slope,0.014708991139871008,0.0,0.0395254981431846,0.008879079651404338,0.06246526734458246,domain_id,False,570,
force_axis_x__spectral_centroid__rel,0.05249840891208768,0.16854371075312446,0.0663410966109911,1.8996363258808204,0.061766706587492115,domain_id,False,571,
position_control_deviation_axis_y__mean__rel,0.0006488137809013139,0.020337215035054257,0.0712669520314859,0.2298043968031518,0.061527344179612815,domain_id,False,572,
force_axis_z__spectral_variance__rank,0.05880277588755267,0.16493450937268017,0.024410451074947416,1.4883109767587956,0.06146459618079808,domain_id,False,573,
force_axis_z__band3_energy_ratio__rank,0.056544963488618816,0.1579460161817572,0.01997672355239537,1.3552051632084199,0.06142803210348731,domain_id,False,574,
position_control_deviation_axis_x__crest_factor__rank,0.0242706592310713,0.1443962596160464,0.11178899360664918,1.7950427241568552,0.06120358311421917,domain_id,False,575,
force_axis_y__peak__slope,0.031367157918447575,0.0039144296112820776,0.011949176825390343,0.03490188986919082,0.061048764637482045,domain_id,False,576,
force_axis_z__spectral_spread__rank,0.061227778222205265,0.1530102506658486,0.024410451074947416,1.4883109767587956,0.06092996308508272,domain_id,False,577,
force_axis_x__impulse_factor__slope,0.03535399236670034,0.0,0.004360206154331053,0.010837516758925341,0.06033514673633091,domain_id,False,578,
force_axis_x__crest_factor__slope,0.029137617474809696,0.012921108872451903,0.009100446331147325,0.013402278231554744,0.0596804184952451,domain_id,False,579,
force_sensor_y__spectral_rolloff95__slope,0.01178802765197684,0.05189872965979214,0.02206719013279226,0.011150303461668391,0.059425202943276204,domain_id,False,580,
position_control_deviation_axis_x__kurtosis__rank,0.018200960338776495,0.23502890286533829,0.10557926794021702,2.0457301209423195,0.05892062056950234,domain_id,False,581,
force_axis_z__band0_energy_ratio__rank,0.05965728275128934,0.18688037962617865,0.03363198242923848,1.7664331673650837,0.058017731979509546,domain_id,False,582,
force_sensor_x__clearance_factor__slope,0.017954466767171606,0.04664184104688385,0.011712318256483023,0.006234304292875766,0.05742222199772061,domain_id,False,583,
force_axis_z__spectral_rolloff95__slope,0.019558597830656277,0.06363552261455308,0.0021041434443216044,6.935126923993519e-05,0.05720333362320517,domain_id,False,584,
force_sensor_y__clearance_factor__slope,0.023748794774028914,0.03720750323171362,0.00521568469240826,0.003900288951327804,0.05691996332609046,domain_id,False,585,
position_control_deviation_axis_y__rms__slope,0.015188196188014702,0.0,0.031919834672414826,0.008320346299486447,0.05567463613247782,domain_id,False,586,
torque_spindle__rms__slope,0.016113360160180834,0.033487078270003856,0.026621399725332485,0.11795090008629099,0.05556248072064945,domain_id,False,587,
force_axis_x__spectral_spread__slope,0.02845795281936736,0.0008496144535166117,0.015547939549575973,0.07869916108470576,0.05533465232700208,domain_id,False,588,
position_control_deviation_axis_x__impulse_factor__slope,0.028422975415206997,0.021228917277824166,0.0019511190241931738,0.0034274208192540566,0.05526719849446324,domain_id,False,589,
torque_spindle__dominant_freq__slope,0.025352353234243008,0.030891041037055977,0.00313670325873212,0.003742397892571378,0.05508324329942911,domain_id,False,590,
force_axis_z__dominant_freq__slope,0.025079288681158385,0.025415411015533795,0.005523129368396704,0.008798720238326323,0.05459121861291594,domain_id,False,591,
force_axis_x__zero_crossing_rate__slope,0.027668716535906412,0.02757684814221273,0.002636534434208007,0.03774427569889288,0.05436069812936374,domain_id,False,592,
force_axis_z__crest_factor__rank,0.026481633710131458,0.21080039954137852,0.0463748317727077,1.4169275488547424,0.05421641401657665,domain_id,False,593,
force_axis_y__std__slope,0.025612179890811104,0.0,0.01667213836153003,0.05774287909738165,0.05324061548745436,domain_id,False,594,
force_sensor_z__crest_factor__slope,0.018126077183451494,0.0126195192140921,0.018885744139893777,0.0048237086366052515,0.05233484487385349,domain_id,False,595,
force_axis_x__band0_energy_ratio__slope,0.019023464542448965,0.01525820164744296,0.02336628751193698,0.09390841049426989,0.05212785617639001,domain_id,False,596,
force_axis_x__variance__slope,0.02908838705999961,0.019941240302001173,0.006854829972767459,0.11233735471925885,0.052068043863816325,domain_id,False,597,
position_control_deviation_axis_x__spectral_rolloff95__slope,0.008328979553494431,0.08108803239542506,0.008634531501088005,0.0073108213295700105,0.051590254677328334,domain_id,False,598,
force_sensor_x__crest_factor__slope,0.014272446646161008,0.0012045112468213048,0.028037069168693533,0.0034293744809216543,0.05115785659328055,domain_id,False,599,
position_control_deviation_axis_y__band3_energy_ratio__slope,0.018649413541059978,0.06500257728844927,0.001570538311184482,0.05720046396270377,0.051155687670418976,domain_id,False,600,
force_axis_z__peak__slope,0.02073537087956634,0.009822394872230245,0.015011543881625844,0.011171724160073218,0.051108978219839125,domain_id,False,601,
position_control_deviation_axis_x__spectral_skewness__slope,0.027105484110584888,0.0057649193797093545,0.006440865410926689,0.01962230175787021,0.050596569027034966,domain_id,False,602,
force_axis_x__band0_energy_ratio__rel,0.04613901891103822,0.18363004764650936,0.05849314873697285,1.8850741405347857,0.05046606745107085,domain_id,False,603,
force_axis_x__skewness__rel,0.04683776738944334,0.15641151057036096,0.07041697872728127,1.9226982508201562,0.05039018765939421,domain_id,False,604,
force_axis_z__dominant_amp__slope,0.01866018692435034,0.005604310405783242,0.019299832593902368,0.02608941914232723,0.0493018499225687,domain_id,False,605,
force_axis_z__energy__slope,0.006035035092353258,0.0,0.040255740567816396,0.009430015767838489,0.04920618506003084,domain_id,False,606,
force_axis_y__band4_energy_ratio__rank,0.020226977905702714,0.09098053339037371,0.07768863240615877,1.1967207528136528,0.04850445517323977,domain_id,False,607,
torque_spindle__spectral_entropy__slope,0.009670668045449471,0.03572408373141256,0.0199975679350929,0.004565317653454111,0.04846346104237555,domain_id,False,608,
force_axis_x__shape_factor__rel,0.0,0.018811776176200556,0.06289918711796143,0.2724497429826679,0.048145080088272785,domain_id,False,609,
force_axis_x__spectral_variance__slope,0.023448982002715946,0.0,0.01582485321522379,0.083767951611407,0.04683800657728518,domain_id,False,610,
force_axis_x__peak__rank,0.03467833580195734,0.009110105456869633,0.08293030162864477,1.198529207242275,0.0463966200348858,domain_id,False,611,
position_control_deviation_axis_x__crest_factor__slope,0.02242926824203617,0.026593398931226808,0.0001903677082846083,0.0031114745503872067,0.045889913012936656,domain_id,False,612,
force_axis_x__energy__rank,0.0349918447360309,0.007379840794196735,0.08396592081304755,1.2191562242102503,0.04564638753025728,domain_id,False,613,
force_axis_x__spectral_skewness__slope,0.022967084954801154,0.0,0.014613703103604807,0.07759073879252061,0.045345204162567765,domain_id,False,614,
torque_spindle__spectral_spread__slope,0.02115540159784901,0.03680390480678941,0.0008411220431789996,0.04128049621029144,0.045241942836900424,domain_id,False,615,
torque_spindle__band3_energy_ratio__rel,0.007854102733257484,0.06856648888324113,0.0237674625456825,0.21212617118927046,0.044954552829537836,domain_id,False,616,
position_control_deviation_axis_y__std__slope,0.008469179408936434,0.0,0.031767993335136684,0.008257690070460165,0.04472545794278633,domain_id,False,617,
force_axis_x__energy__slope,0.022833816675375207,0.00819281674675576,0.005856754796108501,0.013265867179442593,0.044554878741696155,domain_id,False,618,
position_control_deviation_axis_x__dominant_freq__slope,0.015978539280111725,0.031500006041970785,0.006025014124755091,6.610283750801382e-06,0.04342565418082618,domain_id,False,619,
force_axis_y__skewness__slope,0.012337907480257648,0.0,0.022780297287509597,0.0009384813129051674,0.04254188474757552,domain_id,False,620,
position_control_deviation_axis_y__crest_factor__slope,0.0,0.049938493693586494,0.02337046196860002,0.0028455527366351633,0.04171069092481822,domain_id,False,621,
force_sensor_y__impulse_factor__slope,0.016552529821385775,0.026038885522237543,0.005561553588983907,0.0046685403820267354,0.041482452972539906,domain_id,False,622,
torque_spindle__mean__slope,0.0,0.06111312652822498,0.02749144283340551,0.11620773116771867,0.04093701580561026,domain_id,False,623,
force_axis_z__mean__slope,0.0,0.0,0.041458268904790346,0.00838300100541748,0.040789609773474005,domain_id,False,624,
force_axis_z__abs_mean__slope,0.0,0.0,0.041458268904790346,0.00838300100541748,0.040789609773474005,domain_id,False,625,
force_axis_x__spectral_kurtosis__rank,0.023818256497317503,0.07205481328998875,0.03660782805568628,0.7658941760094486,0.04055240464491687,domain_id,False,626,
torque_spindle__spectral_rms__slope,0.016228160442415707,0.023826079531822142,0.0080366019303624,0.03385149899608303,0.04028371778611111,domain_id,False,627,
torque_spindle__dominant_amp__slope,0.016918430191535716,0.03122055211920438,0.0014875694915060076,0.0035813110546101027,0.04001004091907511,domain_id,False,628,
torque_spindle__zero_crossing_rate__slope,0.020332022165714836,0.019030638679801815,0.0009544486489567334,0.009615307334706578,0.03995122573037123,domain_id,False,629,
torque_spindle__abs_mean__slope,0.0036859710981600458,0.04589374181486594,0.026112195884375373,0.11649314419704279,0.03980253517154346,domain_id,False,630,
force_axis_y__p2p__slope,0.022034343997074934,0.007657617581831033,0.0026434092627569245,0.01708604052773318,0.03955226447942748,domain_id,False,631,
position_control_deviation_axis_y__band0_energy_ratio__slope,0.0,0.039246670588123145,0.024902112657300243,0.01032398920774953,0.038670203219421835,domain_id,False,632,
force_axis_y__spectral_spread__slope,0.0,0.0,0.044045779864227835,0.07091368403125724,0.03838550637512801,domain_id,False,633,
force_axis_z__band4_energy_ratio__rank,0.025149863038322007,0.11831245368104026,0.047971535297138525,1.1791750590836663,0.03826447750158313,domain_id,False,634,
force_axis_z__total_power__slope,0.01602976135732992,0.0,0.015707833955372806,0.05036422601386202,0.037459420010138536,domain_id,False,635,
position_control_deviation_axis_x__shape_factor__slope,0.004404281866865478,0.042404917353970006,0.014207775708934675,0.00523513887213893,0.03663718936096868,domain_id,False,636,
torque_spindle__band4_energy_ratio__slope,0.005245959799838662,0.021466726746108833,0.020819276198948897,0.011322636830060394,0.03633123093079696,domain_id,False,637,
force_axis_x__dominant_amp__slope,0.017095812335824245,0.003795291782111132,0.012161203355778324,0.0705083419291325,0.03542973849072208,domain_id,False,638,
torque_spindle__spectral_variance__slope,0.015132485705762644,0.03712471826479513,0.0004530977753510935,0.041488464773848016,0.035273394843433815,domain_id,False,639,
force_axis_x__std__slope,0.025654260375899796,0.0031608915301006846,0.0016673661598144488,0.11696624302279808,0.03475109675748364,domain_id,False,640,
torque_spindle__total_power__slope,0.01143689991896979,0.02110988495902344,0.010686846996718772,0.033813883959733886,0.03422406512260044,domain_id,False,641,
position_control_deviation_axis_x__zero_crossing_rate__slope,0.009896303829576958,0.012824165091942064,0.014095319243279832,0.009754185705230825,0.033995701517191744,domain_id,False,642,
force_axis_x__rms__rank,0.029355704503546187,0.0,0.08395166294958066,1.2190146844587655,0.03383827521859219,domain_id,False,643,
torque_spindle__band1_energy_ratio__rel,0.043708009761221245,0.12080638403147947,0.13468823368313992,2.706933042728966,0.033789034230156084,domain_id,False,644,
force_axis_x__band2_energy_ratio__rel,0.037633204168364465,0.16765557503440043,0.05986212089231113,1.867475935726623,0.03362560558007627,domain_id,False,645,
force_sensor_z__dominant_freq__slope,0.011193952761344939,0.041189657684839176,0.0008065509456729305,0.007259560254145097,0.03353846605520333,domain_id,False,646,
position_control_deviation_axis_y__spectral_entropy__slope,0.013350508533304994,0.024499699113350815,0.002974281713586326,0.0007243748522744609,0.03348979657252697,domain_id,False,647,
force_axis_x__spectral_skewness__rank,0.02521348054057082,0.060701507400011234,0.03359967396896348,0.7928174489941652,0.03341709867325224,domain_id,False,648,
force_axis_y__band0_energy_ratio__slope,0.0015287292300016908,0.0,0.034770523644248395,0.05705749032449097,0.032674121397698264,domain_id,False,649,
torque_spindle__spectral_skewness__slope,0.0,0.04229644355689244,0.017139286265942515,0.00618790165976451,0.03237143530673902,domain_id,False,650,
force_axis_z__band2_energy_ratio__slope,0.004881622978114564,0.0,0.0261146589697248,0.020286472572374457,0.032344098253075576,domain_id,False,651,
force_axis_x__kurtosis__slope,0.010278660864746936,0.0,0.02217879760983267,0.08035371216732003,0.03229022949852338,domain_id,False,652,
force_axis_x__band1_energy_ratio__rank,0.060346634496699414,0.12585417745516825,0.030915621493727313,1.7873752790418358,0.0320487213076274,domain_id,False,653,
position_control_deviation_axis_x__spectral_spread__slope,0.007785464570538636,0.0055156271922021105,0.017424357208201617,0.012992753860966929,0.03095529069656265,domain_id,False,654,
force_axis_y__abs_mean__rel,0.053460062602751046,0.16381759121679407,0.03315833791130853,1.8686643753517918,0.030845265598350435,domain_id,False,655,
force_axis_z__kurtosis__slope,0.00935892975468855,0.0,0.018380744467290485,0.033430287322430814,0.030759240035221583,domain_id,False,656,
force_axis_y__dominant_freq__slope,0.015264798730545426,0.010404208772988977,0.002446679204552105,0.005343908040041735,0.030430462173307492,domain_id,False,657,
force_sensor_x__impulse_factor__slope,0.0,0.03783637268958984,0.016661663678606373,0.005135036112806715,0.030319630076264543,domain_id,False,658,
force_axis_z__spectral_kurtosis__slope,0.013068369226600263,0.0,0.010486465134649639,0.015303203560678914,0.030275747473091617,domain_id,False,659,
force_axis_x__rms__slope,0.015259516594005706,0.0,0.00692557479513641,0.014911481637258915,0.030268891740264675,domain_id,False,660,
torque_spindle__spectral_kurtosis__slope,0.010170885010801989,0.03417844368941436,0.004396822042480973,0.041485997666214386,0.030145012847860916,domain_id,False,661,
force_axis_x__abs_mean__slope,0.014903538416698003,0.0,0.006859552629941009,0.013859561278646036,0.029714525444870382,domain_id,False,662,
force_axis_y__band1_energy_ratio__rel,0.00880994554950254,0.04552872214180459,0.020737671734777224,0.27949868905328706,0.029518061058280247,domain_id,False,663,
position_control_deviation_axis_y__p2p__slope,0.01136787266308703,0.02429237437892029,0.0020225304554009173,0.001576275979670506,0.02920542334435773,domain_id,False,664,
torque_spindle__std__slope,0.015068216060303952,0.028603073281830316,0.0008693825191545878,0.0903215869362627,0.02851986764647122,domain_id,False,665,
force_axis_z__spectral_entropy__slope,0.0,0.0,0.028578135881080945,0.005663210743126665,0.028126588469427095,domain_id,False,666,
torque_spindle__spectral_rolloff95__slope,0.0086236980420753,0.029872968220162388,0.0031206371974934225,0.0038249912743706363,0.02778697512752873,domain_id,False,667,
position_control_deviation_axis_y__p2p__rank,0.032073515647143,0.11877489955397635,0.012130758946951098,1.0035334895942896,0.02774784921954007,domain_id,False,668,
force_axis_y__abs_mean__slope,0.01791632941542387,0.0,0.007514112260827632,0.11888403395905921,0.026829076898971294,domain_id,False,669,
force_axis_y__zero_crossing_rate__slope,0.015380460257293782,0.0,0.0037970362152116464,0.028305569575830504,0.026265592398195193,domain_id,False,670,
force_axis_x__clearance_factor__slope,0.014982344995752683,0.0,0.0025513251060445977,0.00841079480578373,0.025967954035889557,domain_id,False,671,
force_axis_x__p2p__rel,0.07652002426258386,0.08128671238026941,0.011149746624162396,1.74327356576983,0.02523578469076848,domain_id,False,672,
force_axis_x__crest_factor__rel,0.008232458404564547,0.011113187279718328,0.08720632701310106,0.9966717863651972,0.025013253074539,domain_id,False,673,
force_axis_x__dominant_freq__slope,0.011479315452693761,0.010131371021421254,0.002446679204552105,0.005343907764899601,0.02424300246719777,domain_id,False,674,
force_axis_x__total_power__slope,0.009228532572505443,0.01785310667060891,0.009786783368496638,0.08800097573818642,0.024237126302336036,domain_id,False,675,
force_axis_y__total_power__slope,0.010438574470217343,0.005422254272649418,0.00938949629319793,0.059455747052060075,0.02344220356773346,domain_id,False,676,
force_axis_x__spectral_spread__rel,0.046403015876837594,0.14187819249749167,0.04528641881507398,1.870120362026185,0.023354376390933546,domain_id,False,677,
torque_spindle__band3_energy_ratio__slope,0.0040281827350767685,0.024361025921019408,0.007935792270569909,0.005224623345328615,0.023052763208869897,domain_id,False,678,
force_axis_x__mean__slope,0.010643958655573549,0.0,0.00691172994341232,0.013887387656560677,0.022916244012316046,domain_id,False,679,
force_axis_x__band4_energy_ratio__slope,0.004279233997290355,0.007496652794559022,0.015209557391380342,0.026678175462263008,0.022747505544548415,domain_id,False,680,
force_axis_y__band4_energy_ratio__slope,0.005733336319345028,0.015529219360519875,0.008167906561093185,0.005563872887929738,0.022715600028555903,domain_id,False,681,
force_axis_x__spectral_variance__rel,0.038227455207570094,0.15946332622584714,0.05211187042707414,1.8817929275113723,0.02264203843663204,domain_id,False,682,
force_axis_x__spectral_centroid__slope,0.007049420230063497,0.005875975988220539,0.016875409224133546,0.09877409425370196,0.02250932446984745,domain_id,False,683,
torque_spindle__band0_energy_ratio__slope,0.008472854259208962,0.02291372720398588,0.0027555466371932237,0.046080138776688914,0.021218875789050823,domain_id,False,684,
force_axis_x__spectral_kurtosis__rel,0.05386891891865031,0.13477525673700286,0.02867224452182765,1.8071159811459452,0.021131925449382277,domain_id,False,685,
force_axis_y__kurtosis__rel,0.014909401951210155,0.028210354789216296,0.06888473099070151,1.0345376478284332,0.020760279895462114,domain_id,False,686,
position_control_deviation_axis_x__spectral_rms__slope,0.0030096437271689425,0.0008611926159103334,0.015693585202646642,0.0019055936572967768,0.02070086503273995,domain_id,False,687,
torque_spindle__kurtosis__slope,0.010338302838271307,0.012059772889733367,0.003285232946665854,0.05092489964287462,0.02032551203132,domain_id,False,688,
force_sensor_y__crest_factor__slope,0.0,0.04396139219713291,0.00402448054567201,0.004386497745513095,0.020019448186469203,domain_id,False,689,
torque_spindle__peak__slope,0.0,0.0357140239648861,0.010210799785249922,0.04624316365688244,0.01979816509517207,domain_id,False,690,
force_axis_y__dominant_amp__slope,0.0,0.0,0.01956958713655776,0.0034818751434194037,0.019292168417759284,domain_id,False,691,
force_axis_x__spectral_entropy__rank,0.045870988110830124,0.13838167635832943,0.05014446707139542,1.957404181013682,0.01908951057645683,domain_id,False,692,
torque_spindle__clearance_factor__rel,0.07477179388249788,0.0779765647040973,0.09742296572321074,2.852447569697423,0.018925999328214954,domain_id,False,693,
force_axis_y__band4_energy_ratio__rel,0.0289178385643023,0.06515437458998852,0.007591862664888622,0.7471647751507251,0.01866473102438959,domain_id,False,694,
force_axis_x__p2p__slope,0.013163596503190877,0.0005588314784970017,0.0035774759330669493,0.08548555052269896,0.018125207075926984,domain_id,False,695,
force_axis_x__spectral_rms__slope,0.005715812876310178,0.0,0.015329204375459194,0.08882317572670363,0.01742873774368555,domain_id,False,696,
force_axis_x__spectral_centroid__rank,0.0417765015988254,0.131646515016427,0.058741004941639266,1.9721402761358047,0.01742280748427813,domain_id,False,697,
force_axis_z__band4_energy_ratio__slope,0.0,0.0,0.017671538982722102,0.004880666147947576,0.01728245947718864,domain_id,False,698,
force_axis_y__clearance_factor__slope,0.008010694724999379,0.0,0.006368842652507951,0.02495779601458053,0.017256076123316838,domain_id,False,699,
force_axis_z__skewness__slope,0.0,0.0,0.019956883929837792,0.03760650377675411,0.01695541074693257,domain_id,False,700,
position_control_deviation_axis_x__spectral_variance__slope,0.0,0.0,0.017364369554654664,0.008602238732346734,0.016678209412113867,domain_id,False,701,
force_axis_x__impulse_factor__rel,0.017099484695182854,0.0,0.0453567288512461,0.7041905145007343,0.016635380892875043,domain_id,False,702,
force_axis_y__variance__slope,0.0026289620782815604,0.0,0.016971897012573452,0.05876144317302768,0.016508346975596278,domain_id,False,703,
torque_spindle__shape_factor__slope,0.004534451910005455,0.023341560494973823,0.0027720807823574454,0.0395156630928679,0.015586623836694643,domain_id,False,704,
force_axis_y__impulse_factor__slope,0.008969252938867633,0.0,0.0025670474976159517,0.01914659376479041,0.015459268758556088,domain_id,False,705,
torque_spindle__variance__slope,0.005850365273341485,0.0308748119260569,0.0014020734200946904,0.09098717246922203,0.01502426770604462,domain_id,False,706,
position_control_deviation_axis_y__peak__slope,0.0046186257632667704,0.009581196541908366,0.0039683534811374875,1.2565853099698052e-05,0.014955598347835976,domain_id,False,707,
force_axis_y__skewness__rank,0.017683238825131342,0.052153668316005763,0.0903870188795157,1.5476769579869392,0.014661940228311313,domain_id,False,708,
force_axis_y__energy__slope,0.008184324085221295,0.0,0.011086685103499952,0.12276060511712825,0.014445797336656251,domain_id,False,709,
force_axis_z__shape_factor__slope,0.005532902714392662,0.0,0.006481543154931082,0.01955489170291993,0.013816461496935908,domain_id,False,710,
force_axis_z__impulse_factor__slope,0.0007634302907253421,0.0,0.01267941653001229,0.0020352624471546782,0.013744862829448793,domain_id,False,711,
torque_spindle__band1_energy_ratio__slope,0.0,0.02307299439598287,0.007847253465291647,0.03496717242888029,0.013634879296473088,domain_id,False,712,
torque_spindle__skewness__slope,0.0,0.014239105882948966,0.015065952245649494,0.08526687262012955,0.0135539317286196,domain_id,False,713,
force_axis_y__spectral_rms__slope,0.005499121936678009,0.0,0.008886499150927665,0.05770915157576221,0.013121380867047096,domain_id,False,714,
torque_spindle__band2_energy_ratio__slope,0.004587094811218773,0.019708536886981598,8.308046411235251e-05,0.023067505692368182,0.012944522207268674,domain_id,False,715,
force_axis_x__band4_energy_ratio__rank,0.047733744623578156,0.09965129174400689,0.050620932869816414,1.900864447596143,0.012674415544424805,domain_id,False,716,
force_axis_y__rms__rel,0.042836273769522926,0.16638990649431862,0.03022593814696334,1.8575828687114684,0.012673695345692931,domain_id,False,717,
force_axis_y__mean__rel,0.043546995063523886,0.16309830123671998,0.028849059357117998,1.8405717274531326,0.012573603577652664,domain_id,False,718,
force_axis_z__clearance_factor__slope,0.0,0.0,0.012685152797356465,0.0021647704823275064,0.012512874118916944,domain_id,False,719,
force_axis_z__crest_factor__slope,0.0,0.0,0.012637769120499307,0.001759728677374662,0.012497823568634936,domain_id,False,720,
force_axis_x__spectral_skewness__rel,0.0462571236333611,0.14149252048514005,0.03328350644249911,1.8526951833666983,0.012364512033963215,domain_id,False,721,
torque_spindle__spectral_centroid__slope,0.0,0.024909213680635034,0.006268871600696014,0.04446089423822041,0.011981341556794966,domain_id,False,722,
torque_spindle__clearance_factor__slope,0.0,0.024573359641998138,0.004734575095812005,0.024511508315350903,0.011914668861261213,domain_id,False,723,
torque_spindle__p2p__rel,0.06689533011899695,0.12428648578715018,0.10685371962270546,3.120393903860818,0.011522070558974473,domain_id,False,724,
torque_spindle__spectral_rolloff95__rank,0.017342260466850723,0.048365482744982424,0.016595658755364895,0.6389012778030387,0.011458463702658683,domain_id,False,725,
force_axis_z__p2p__slope,0.0,0.0,0.0122221535030087,0.011919121103006483,0.011271217783690302,domain_id,False,726,
force_axis_y__rms__slope,0.004896697793217442,0.0,0.013339671147313197,0.12475077887498899,0.01125431197359778,domain_id,False,727,
torque_spindle__impulse_factor__slope,0.00260822550498796,0.020445903076384386,0.0009940435807458687,0.024253201266499862,0.010853504060972517,domain_id,False,728,
force_axis_z__std__slope,0.005244960469904747,0.00012828638354056565,0.005271620185774753,0.040770429084936,0.01049773735447384,domain_id,False,729,
torque_spindle__zero_crossing_rate__rel,0.02031223195754528,0.1434008134739435,0.08114713095030641,1.9634853312400955,0.010381344956211846,domain_id,False,730,
force_axis_z__spectral_rms__slope,0.0,0.0,0.013608031938860841,0.04631984215549355,0.009911002225131086,domain_id,False,731,
position_control_deviation_axis_x__impulse_factor__rank,0.007647197324164523,0.15911106222314686,0.08972336312276837,1.9000569781725978,0.00949992549643891,domain_id,False,732,
torque_spindle__crest_factor__slope,0.0008402908757032534,0.013564799193810373,0.0041366234853881245,0.022120295913065295,0.008765636153443687,domain_id,False,733,
force_axis_x__spectral_variance__rank,0.03885511001762265,0.11750768876205786,0.059635773099717626,1.970150659516522,0.008522866232047177,domain_id,False,734,
force_axis_y__kurtosis__slope,0.0,0.0,0.008700316811388293,0.0040232273334764755,0.008379683765898554,domain_id,False,735,
force_sensor_x__dominant_freq__slope,0.0,0.014753604263592068,0.0031857457153159252,0.005247254191000838,0.008252710131912389,domain_id,False,736,
force_axis_z__spectral_centroid__slope,0.0034777015908722397,0.0,0.003080763426372676,0.014062309602011942,0.007549935705366053,domain_id,False,737,
force_axis_x__band2_energy_ratio__rank,0.04846490128669512,0.09392955773490352,0.05163647694639761,1.966495041883586,0.007499080744097497,domain_id,False,738,
torque_spindle__crest_factor__rel,0.04464582545486073,0.07127758687267027,0.11747985655559995,2.614217861320439,0.00707501999097962,domain_id,False,739,
force_axis_x__spectral_rms__rel,0.061873832735119594,0.08644976189507436,0.013135227193536526,1.7287013570835164,0.006757044560813774,domain_id,False,740,
force_axis_x__peak__slope,0.0,0.0,0.007881976766114863,0.015785084454231796,0.0066224341799457275,domain_id,False,741,
force_axis_x__skewness__rank,0.02586364839588673,0.06693035310427264,0.01825665494758563,0.9784032520868412,0.006620530209403272,domain_id,False,742,
force_axis_z__spectral_skewness__slope,0.0,0.0,0.007698293217730068,0.019440105839776296,0.006146982553183309,domain_id,False,743,
force_axis_y__mean__slope,0.0,0.0,0.015204731383389512,0.11585693417092682,0.0059567892198579015,domain_id,False,744,
force_axis_z__spectral_variance__slope,0.0,0.0,0.0059130278311922135,0.00695351914657984,0.00535847943440625,domain_id,False,745,
force_axis_z__spectral_spread__slope,0.0,0.0,0.005904685519532989,0.007086397483935557,0.0053395298914729146,domain_id,False,746,
force_axis_z__band1_energy_ratio__slope,0.0,0.0,0.0057059413039323185,0.005124835148331309,0.0052973706073696876,domain_id,False,747,
force_axis_x__shape_factor__slope,0.001372243049890809,0.0,0.003300114547601635,0.0038549741182409784,0.0051991035265760805,domain_id,False,748,
force_axis_y__kurtosis__rank,0.00895621621869891,0.0373273744949012,0.07808362322277991,1.2801752615657784,0.004169311535802217,domain_id,False,749,
force_axis_x__spectral_spread__rank,0.03652012171595742,0.11550927074676598,0.059635773099717626,1.970150659516522,0.004025844026813052,domain_id,False,750,
position_control_deviation_axis_x__clearance_factor__slope,0.0,0.010646060580784322,0.00038766223738512213,0.0040679947908409415,0.004021601239835195,domain_id,False,751,
force_axis_z__zero_crossing_rate__slope,0.0,0.0,0.0049175292787150306,0.011615369596384633,0.003990841021734849,domain_id,False,752,
force_axis_y__band1_energy_ratio__slope,0.0026751712537840255,0.0,2.3797416634163136e-05,0.004214474272322581,0.003988840356111207,domain_id,False,753,
force_axis_y__spectral_entropy__slope,0.0,0.0,0.006632342391822123,0.039035391293529495,0.0035168059187166926,domain_id,False,754,
force_axis_z__variance__slope,0.00019761918642036136,0.0014444054060405165,0.005894376572494363,0.043130282946377954,0.00330669801291469,domain_id,False,755,
force_axis_y__energy__rel,0.0440719763324402,0.1547363972872282,0.021243554087363236,1.84611034883561,0.0022610858014522894,domain_id,False,756,
force_axis_x__spectral_entropy__rel,0.030280070102309153,0.1522414053293799,0.03793522991115079,1.768578734109767,0.002040618633037089,domain_id,False,757,
torque_spindle__dominant_amp__rel,0.0,0.017959663812008753,0.0015347539796752017,0.07983836230844545,0.0018393557991610368,domain_id,False,758,
force_axis_z__band3_energy_ratio__slope,0.0,0.0,0.0021913539124714084,0.005870091683010307,0.0017232918903910565,domain_id,False,759,
torque_spindle__p2p__slope,0.0,0.004402745416645093,0.002276575026353139,0.030060586255429983,0.0015143831704071183,domain_id,False,760,
force_axis_x__abs_mean__rank,0.010804404597223538,0.0,0.0828832477463091,1.2391463416727346,0.0013374088262028405,domain_id,False,761,
force_axis_x__clearance_factor__rel,0.01266218491598936,0.0,0.01207736683591696,0.3932587913095728,0.0010426912157300086,domain_id,False,762,
force_axis_x__total_power__rel,0.05391423239996618,0.08821608399083214,0.017610628822175692,1.7067124037200119,0.0008476021032536862,domain_id,False,763,
force_axis_y__crest_factor__slope,0.0,0.0,0.001871233368513077,0.013001468609343718,0.0008338974838468685,domain_id,False,764,
force_axis_x__band3_energy_ratio__slope,0.0006508258493944652,0.0,0.0017192429243573463,0.029030437019830567,0.0004487180296327731,domain_id,False,765,
position_control_deviation_axis_y__mean__rank,0.014871942859392417,0.03511240392389503,0.008123747475308673,0.5621553235229791,0.00021390963218628073,domain_id,False,766,
force_axis_y__shape_factor__slope,0.0009971533770158914,0.0,0.0018848670638260004,0.056061433691545086,-0.0009866516887507238,domain_id,False,767,
force_axis_z__band0_energy_ratio__slope,0.0,0.0,0.0006066449446579195,0.025274227200740535,-0.0014103840287454108,domain_id,False,768,
torque_spindle__peak__rel,0.09122863196245778,0.22625430684269432,0.07895115975561855,3.9363015990320993,-0.004479311067253522,domain_id,False,769,
force_axis_x__std__rel,0.05415316712739604,0.08301399792298003,0.018666894072784875,1.8028133220441356,-0.007317510975945712,domain_id,False,770,
torque_spindle__spectral_entropy__rel,0.012946498685017849,0.054591925505844685,0.02496172821738,0.938514297280485,-0.008844791956152953,domain_id,False,771,
force_axis_x__kurtosis__rel,0.025771214168404333,0.08605096368674325,0.06823692450416585,1.9083913513641282,-0.010676698977647447,domain_id,False,772,
force_axis_y__shape_factor__rel,0.025612448602660987,0.11305625559819843,0.050518025009424955,1.8328073224154533,-0.012576814655335111,domain_id,False,773,
force_axis_y__dominant_amp__rel,7.272164264993108e-05,0.0,0.017455295216669022,0.38531704131174754,-0.013185825583194411,domain_id,False,774,
torque_spindle__band0_energy_ratio__rel,0.09721769527923163,0.16484640751109447,0.09006796098330311,4.036479786770765,-0.01456173771022895,domain_id,False,775,
torque_spindle__spectral_kurtosis__rel,0.07351269849794284,0.15475908984710962,0.09579351586577348,3.5872348962449667,-0.014836022110908786,domain_id,False,776,
force_axis_y__shape_factor__rank,0.045421807737955344,0.06134962095607799,0.04516454530859053,1.965226658430705,-0.01587709893570069,domain_id,False,777,
torque_spindle__spectral_centroid__rel,0.09878763396990942,0.1751801592515303,0.08491372823236268,4.074682601704904,-0.016399510458265265,domain_id,False,778,
position_control_deviation_axis_x__clearance_factor__rank,0.0,0.15507111649703598,0.07532047431531354,1.87651942198914,-0.016820667018077717,domain_id,False,779,
force_axis_x__band4_energy_ratio__rel,0.031003580643994555,0.11041546127932111,0.011568436822161602,1.5221572717318541,-0.01904262187262487,domain_id,False,780,
force_axis_x__zero_crossing_rate__rel,0.02949165500905626,0.13782685399467942,0.020082220257613897,1.7292237919696822,-0.019297623139662073,domain_id,False,781,
force_axis_x__kurtosis__rank,0.012456578302403098,0.020430204161430154,0.023536480893428788,0.9666727137535934,-0.026006625464032637,domain_id,False,782,
force_axis_y__band1_energy_ratio__rank,4.545377188991395e-05,0.06252160090516723,0.0637995333376453,1.4538892817746485,-0.028940777914924998,domain_id,False,783,
torque_spindle__impulse_factor__rel,0.03562543619646408,0.08032744771825806,0.10280363913569325,2.8225286302483164,-0.03536757377739208,domain_id,False,784,
force_axis_x__clearance_factor__rank,0.020313602410200637,0.0004881166257710845,0.06156173033355895,1.6446931789187327,-0.03688788586913094,domain_id,False,785,
torque_spindle__spectral_variance__rel,0.07061836476092087,0.13566269534581554,0.08079871229927323,3.640132778230263,-0.045806714209728316,domain_id,False,786,
force_axis_x__variance__rel,0.03403044852992121,0.0776260678442473,0.012003539902106236,1.7775399246194883,-0.046318396387050806,domain_id,False,787,
force_axis_x__band3_energy_ratio__rel,0.03251242863583759,0.03896402340242977,0.023257223889135738,1.7117498874321013,-0.04662780645344655,domain_id,False,788,
torque_spindle__spectral_spread__rel,0.0746449528322144,0.12577032342672112,0.07937088878149445,3.68402124809578,-0.047942284653362394,domain_id,False,789,
force_axis_x__shape_factor__rank,0.002921633289304726,0.0,0.07441223532053609,1.5942183187810852,-0.04815114368073892,domain_id,False,790,
force_axis_y__dominant_amp__rank,0.010113792412619116,0.0,0.06035448766386344,1.631561087466437,-0.053626817336987986,domain_id,False,791,
force_axis_x__band3_energy_ratio__rank,0.015236883529800904,0.05029222440163039,0.053265526749865254,1.9289306618983317,-0.05751889790679199,domain_id,False,792,
force_axis_y__clearance_factor__rel,0.00887009314119469,0.042190102032931165,0.04683776893072933,1.688416972939617,-0.05799563457147307,domain_id,False,793,
force_axis_y__crest_factor__rank,0.011241855535005119,0.0158570612265323,0.06255180090996756,1.8491098259746015,-0.0610865060139574,domain_id,False,794,
force_axis_x__mean__rank,0.022668165868142687,0.006811963442892921,0.04004402192333683,1.7783716083425642,-0.0629400303239068,domain_id,False,795,
force_axis_x__dominant_amp__rel,0.026884292648548858,0.06857608854042652,0.0046814495989794345,1.778895564188769,-0.06860249561112174,domain_id,False,796,
force_axis_x__impulse_factor__rank,0.00482137409567196,0.0,0.0550435588865685,1.7126754535761235,-0.07392159240131799,domain_id,False,797,
force_axis_y__crest_factor__rel,0.0,0.013865701626623483,0.027796199931717357,1.3474753579372767,-0.07461251326331376,domain_id,False,798,
torque_spindle__std__rel,0.07539344009082893,0.21137750749471484,0.07493968007887758,4.406406304178678,-0.07700743163196172,domain_id,False,799,
force_axis_x__zero_crossing_rate__rank,0.006288027586182743,0.04482147521537394,0.04892642152955332,1.936090670445521,-0.07885086551699577,domain_id,False,800,
torque_spindle__variance__rel,0.07205309561245432,0.19960053016512624,0.07695432043446432,4.346862899269559,-0.07998861441505406,domain_id,False,801,
force_axis_y__impulse_factor__rel,0.0003959456869009337,0.03690147626147455,0.030010703239319175,1.5859586666384369,-0.08223418715205014,domain_id,False,802,
force_axis_x__crest_factor__rank,0.003979065289536621,0.006205106597372723,0.04772779786560248,1.7694291160353335,-0.08481498559716023,domain_id,False,803,
torque_spindle__rms__rel,0.09590473509343433,0.32105423370136954,0.06153873342704514,5.277007406532088,-0.08615180331501576,domain_id,False,804,
force_axis_y__impulse_factor__rank,0.0,0.021806871256404126,0.05564578529175323,1.9009592006115936,-0.08799320128625114,domain_id,False,805,
torque_spindle__shape_factor__rel,0.09380895792041932,0.12623657713751202,0.03336123518849342,4.0864171267675875,-0.09509002817427903,domain_id,False,806,
force_axis_y__clearance_factor__rank,4.0230183263822994e-05,0.02032442654732991,0.05046887960652886,1.9237699030804924,-0.0954774942416595,domain_id,False,807,
torque_spindle__energy__rel,0.08153718530604959,0.31123925887019466,0.0659462713777552,5.166707688877973,-0.09968764656546752,domain_id,False,808,
torque_spindle__abs_mean__rel,0.08343514640227201,0.31963418462503546,0.06034226696229846,5.3036787022140635,-0.11005299891512804,domain_id,False,809,
torque_spindle__spectral_entropy__rank,0.012110847833914029,0.06513738533432134,0.08197196424297455,2.995133659109857,-0.11343032527023456,domain_id,False,810,
torque_spindle__kurtosis__rel,0.0818927852906659,0.11676280142531459,0.051565764960867747,4.554267961540402,-0.1369126970380552,domain_id,False,811,
torque_spindle__mean__rel,0.06381284680437926,0.3133191723442663,0.06034981611536171,5.301935332399406,-0.1438014513528178,domain_id,False,812,
torque_spindle__band3_energy_ratio__rank,0.02497481051216499,0.08365102616032916,0.04906198771487122,3.5277565177678816,-0.1612927990921977,domain_id,False,813,
torque_spindle__dominant_amp__rank,0.0005531534067757526,0.026046474311887113,0.07419173960248776,3.59292764583828,-0.20204582406690297,domain_id,False,814,
torque_spindle__skewness__rel,0.07679615933427719,0.14659571602657584,0.03708989295120422,5.240080028684473,-0.20323691035616145,domain_id,False,815,
torque_spindle__band4_energy_ratio__rank,0.025005097546086708,0.08340608056539,0.006368911689875693,4.527657992318692,-0.2838470268658643,domain_id,False,816,
torque_spindle__zero_crossing_rate__rank,0.022570329605607675,0.11511807017675446,0.02306136718295199,5.880174594492808,-0.36724552784991527,domain_id,False,817,
torque_spindle__band2_energy_ratio__rank,0.07048140890694032,0.13186793113673723,0.0064023768051776255,6.821144609972467,-0.3757635973809226,domain_id,False,818,
torque_spindle__band1_energy_ratio__rank,0.07806868749752849,0.14328661386143304,0.012638612588620252,7.260410128183964,-0.3881487843161746,domain_id,False,819,
torque_spindle__crest_factor__rank,0.0376299520493415,0.08514233174371721,0.001861433588059277,7.11508797278079,-0.47395751172155853,domain_id,False,820,
torque_spindle__spectral_kurtosis__rank,0.08804649378383189,0.18006094473016532,0.02058774985485153,8.888667695117995,-0.48046390901922076,domain_id,False,821,
torque_spindle__clearance_factor__rank,0.04730607964203881,0.08788556495446898,0.002055468604002315,7.54039034461889,-0.4911374548742986,domain_id,False,822,
torque_spindle__impulse_factor__rank,0.039734831032073314,0.09237875951844776,0.0025177723316060566,7.49707756468452,-0.4977195866907098,domain_id,False,823,
torque_spindle__spectral_centroid__rank,0.10372307889113674,0.15969492785411976,0.03764524547544931,10.450787620062576,-0.570473515460571,domain_id,False,824,
torque_spindle__mean__rank,0.12461923893824411,0.30514718544838315,0.019498294023003203,12.527152848720625,-0.6666960917329963,domain_id,False,825,
torque_spindle__shape_factor__rank,0.06359901039177918,0.1398422925657945,0.011477322252869689,11.293490260151584,-0.7358011692637587,domain_id,False,826,
