sequence_id,domain_id,order_key,VB,ctime,source_file,VB_smooth,q_true,rate_norm,stage,stage_id
T1,M1,1,3,11,M1T1R1C11VB3.h5,3.75,0.0,0.21388888886590657,early,0
T1,M1,2,3,15,M1T1R2C15VB3.h5,4.2,0.002931596091205194,0.24374999997380908,early,0
T1,M1,3,4,19,M1T1R3C19VB4.h5,4.666666666666667,0.0059717698154179875,0.3749999999597062,early,0
T1,M1,4,5,23,M1T1R4C23VB5.h5,5.142857142857143,0.009073987901349409,0.574999999938216,early,0
T1,M1,5,6,27,M1T1R5C27VB6.h5,6.428571428571429,0.017449976733364243,0.7119999999234956,early,0
T1,M1,6,7,31,M1T1R6C31VB7.h5,7.857142857142857,0.026756630991158502,0.8466666665756918,early,0
T1,M1,7,8,34,M1T1R7C34VB8.h5,9.285714285714286,0.036063285248952776,0.9799999998946988,early,0
T1,M1,8,12,56,M1T1R8C56VB12.h5,10.714285714285714,0.045369939506747024,0.99999999989255,early,0
T1,M1,9,13,60,M1T1R9C60VB13.h5,12.142857142857142,0.05467659376454129,0.9999999998925496,early,0
T1,M1,10,14,63,M1T1R10C63VB14.h5,13.571428571428571,0.06398324802233556,0.9199999999011457,early,0
T1,M1,11,15,67,M1T1R11C67VB15.h5,15.0,0.07328990228012981,0.8399999999097418,early,0
T1,M1,12,16,71,M1T1R12C71VB16.h5,15.857142857142858,0.07887389483480638,0.7599999999183383,early,0
T1,M1,13,17,75,M1T1R13C75VB17.h5,16.714285714285715,0.08445788738948294,0.6799999999269337,early,0
T1,M1,14,18,79,M1T1R14C79VB18.h5,17.571428571428573,0.0900418799441595,0.5999999999355297,early,0
T1,M1,15,18,83,M1T1R15C83VB18.h5,18.428571428571427,0.09562587249883604,0.5999999999355297,early,0
T1,M1,16,19,87,M1T1R16C87VB19.h5,19.285714285714285,0.1012098650535126,0.5999999999355297,early,0
T1,M1,17,20,90,M1T1R17C90VB20.h5,20.142857142857142,0.10679385760818916,0.6799999999269334,early,0
T1,M1,18,21,94,M1T1R18C94VB21.h5,21.0,0.11237785016286572,0.7599999999183383,early,0
T1,M1,19,22,98,M1T1R19C98VB22.h5,22.428571428571427,0.12168450442065998,0.8399999999097417,early,0
T1,M1,20,23,102,M1T1R20C102VB23.h5,23.857142857142858,0.13099115867845426,0.919999999901146,early,0
T1,M1,21,24,106,M1T1R21C106VB24.h5,25.285714285714285,0.1402978129362485,0.9999999998925496,early,0
T1,M1,22,28,126,M1T1R22C126VB28.h5,26.714285714285715,0.14960446719404277,0.9799999998946983,early,0
T1,M1,23,29,130,M1T1R23C130VB29.h5,28.142857142857142,0.15891112145183703,0.9599999998968477,early,0
T1,M1,24,30,134,M1T1R24C134VB30.h5,29.428571428571427,0.16728711028385185,0.8799999999054446,early,0
T1,M1,25,31,138,M1T1R25C138VB31.h5,30.714285714285715,0.17566309911586672,0.8399999999097417,early,0
T1,M1,26,32,142,M1T1R26C142VB32.h5,31.571428571428573,0.1812470916705433,0.7799999999161892,early,0
T1,M1,27,32,145,M1T1R27C145VB32.h5,32.714285714285715,0.18869241507677867,0.7399999999204874,early,0
T1,M1,28,33,149,M1T1R28C149VB33.h5,33.714285714285715,0.19520707305723467,0.679999999926933,early,0
T1,M1,29,34,153,M1T1R29C153VB34.h5,34.714285714285715,0.20172173103769064,0.6799999999269337,early,0
T1,M1,30,37,176,M1T1R30C176VB37.h5,35.57142857142857,0.20730572359236718,0.6399999999312318,early,0
T1,M1,31,37,180,M1T1R31C180VB37.h5,36.42857142857143,0.21288971614704377,0.5999999999355294,early,0
T1,M1,32,38,184,M1T1R32C184VB38.h5,37.285714285714285,0.2184737087017203,0.5399999999419763,early,0
T1,M1,33,38,188,M1T1R33C188VB38.h5,38.0,0.22312703583061744,0.4999999999462757,early,0
T1,M1,34,38,191,M1T1R34C191VB38.h5,38.57142857142857,0.22684969753373513,0.4599999999505726,early,0
T1,M1,35,39,195,M1T1R35C195VB39.h5,39.142857142857146,0.23057235923685288,0.41999999995487086,early,0
T1,M1,36,39,199,M1T1R36C199VB39.h5,39.714285714285715,0.23429502093997057,0.3999999999570196,early,0
T1,M1,37,41,221,M1T1R37C221VB41.h5,40.285714285714285,0.23801768264308826,0.3999999999570208,early,0
T1,M1,38,41,225,M1T1R38C225VB41.h5,40.857142857142854,0.24174034434620595,0.3999999999570196,early,0
T1,M1,39,42,228,M1T1R39C228VB42.h5,41.42857142857143,0.2454630060493237,0.3599999999613172,early,0
T1,M1,40,42,232,M1T1R40C232VB42.h5,42.0,0.2491856677524414,0.33999999996346775,early,0
T1,M1,41,42,236,M1T1R41C236VB42.h5,42.285714285714285,0.2510469986040002,0.29999999996776533,early,0
T1,M1,42,43,240,M1T1R42C240VB43.h5,42.714285714285715,0.25383899488133854,0.25999999997206286,early,0
T1,M1,43,43,244,M1T1R43C244VB43.h5,43.0,0.25570032573289736,0.23999999997421226,early,0
T1,M1,44,43,248,M1T1R44C248VB43.h5,43.285714285714285,0.25756165658445623,0.23999999997421226,early,0
T1,M1,45,44,252,M1T1R45C252VB44.h5,43.714285714285715,0.2603536528617945,0.21999999997636044,early,0
T1,M1,46,44,255,M1T1R46C255VB44.h5,44.0,0.26221498371335333,0.25999999997206286,early,0
T1,M1,47,44,259,M1T1R47C259VB44.h5,44.285714285714285,0.2640763145649122,0.2799999999699135,early,0
T1,M1,48,45,263,M1T1R48C263VB45.h5,44.857142857142854,0.2677989762680299,0.2999999999677641,early,0
T1,M1,49,45,267,M1T1R49C267VB45.h5,45.285714285714285,0.2705909725453682,0.33999999996346775,early,0
T1,M1,50,45,271,M1T1R50C271VB45.h5,45.857142857142854,0.27431363424848587,0.3599999999613172,early,0
T1,M1,51,47,291,M1T1R51C291VB47.h5,46.42857142857143,0.2780362959516036,0.3599999999613184,early,0
T1,M1,52,47,295,M1T1R52C295VB47.h5,46.857142857142854,0.28082829222894184,0.37999999995916894,early,0
T1,M1,53,48,299,M1T1R53C299VB48.h5,47.42857142857143,0.2845509539320596,0.33999999996346775,early,0
T1,M1,54,48,303,M1T1R54C303VB48.h5,48.0,0.2882736156351773,0.3199999999656159,early,0
T1,M1,55,48,307,M1T1R55C307VB48.h5,48.285714285714285,0.29013494648673616,0.29999999996776533,early,0
T1,M1,56,49,310,M1T1R56C310VB49.h5,48.714285714285715,0.29292694276407444,0.2799999999699135,early,0
T1,M1,57,49,314,M1T1R57C314VB49.h5,49.0,0.29478827361563326,0.25999999997206286,early,0
T1,M1,58,49,318,M1T1R58C318VB49.h5,49.42857142857143,0.29758026989297154,0.25999999997206286,early,0
T1,M1,59,50,341,M1T1R59C341VB50.h5,49.857142857142854,0.3003722661703098,0.23999999997421226,early,0
T1,M1,60,50,345,M1T1R60C345VB50.h5,50.142857142857146,0.3022335970218687,0.23999999997421226,early,0
T1,M1,61,51,349,M1T1R61C349VB51.h5,50.42857142857143,0.30409492787342757,0.1999999999785098,early,0
T1,M1,62,51,353,M1T1R62C353VB51.h5,50.714285714285715,0.3059562587249864,0.15999999998280856,early,0
T1,M1,63,51,357,M1T1R63C357VB51.h5,50.857142857142854,0.3068869241507658,0.11999999998710613,early,0
T1,M1,64,51,360,M1T1R64C360VB51.h5,51.0,0.30781758957654526,0.07999999999140368,early,0
T1,M1,65,51,364,M1T1R65C364VB51.h5,51.0,0.30781758957654526,0.059999999993553065,early,0
T1,M1,66,51,386,M1T1R66C386VB51.h5,51.0,0.30781758957654526,0.059999999993553065,early,0
T1,M1,67,51,390,M1T1R67C390VB51.h5,51.142857142857146,0.30874825500232467,0.059999999993553065,early,0
T1,M1,68,51,394,M1T1R68C394VB51.h5,51.285714285714285,0.3096789204281041,0.07999999999140368,early,0
T1,M1,69,51,397,M1T1R69C397VB51.h5,51.42857142857143,0.31060958585388354,0.0999999999892543,early,0
T1,M1,70,52,401,M1T1R70C401VB52.h5,51.57142857142857,0.31154025127966295,0.0999999999892543,early,0
T1,M1,71,52,405,M1T1R71C405VB52.h5,51.714285714285715,0.31247091670544236,0.0999999999892555,early,0
T1,M1,72,52,409,M1T1R72C409VB52.h5,51.857142857142854,0.31340158213122177,0.07999999999140368,early,0
T1,M1,73,52,413,M1T1R73C413VB52.h5,52.0,0.31433224755700123,0.059999999993553065,early,0
T1,M1,74,52,417,M1T1R74C417VB52.h5,52.0,0.31433224755700123,0.03999999999570244,early,0
T1,M1,75,52,420,M1T1R75C420VB52.h5,52.0,0.31433224755700123,0.03999999999570244,early,0
T1,M1,76,52,424,M1T1R76C424VB52.h5,52.0,0.31433224755700123,0.039999999995701245,early,0
T1,M1,77,52,428,M1T1R77C428VB52.h5,52.142857142857146,0.31526291298278064,0.059999999993553065,early,0
T1,M1,78,52,432,M1T1R78C432VB52.h5,52.285714285714285,0.31619357840856005,0.07999999999140368,early,0
T1,M1,79,52,436,M1T1R79C436VB52.h5,52.42857142857143,0.3171242438343395,0.0999999999892543,early,0
T1,M1,80,53,456,M1T1R80C456VB53.h5,52.57142857142857,0.3180549092601189,0.0999999999892543,early,0
T1,M1,81,53,460,M1T1R81C460VB53.h5,52.714285714285715,0.31898557468589833,0.0999999999892555,early,0
T1,M1,82,53,464,M1T1R82C464VB53.h5,52.857142857142854,0.31991624011167774,0.07999999999140368,early,0
T1,M1,83,53,468,M1T1R83C468VB53.h5,53.0,0.3208469055374572,0.07999999999140488,early,0
T1,M1,84,53,472,M1T1R84C472VB53.h5,53.0,0.3208469055374572,0.07999999999140368,early,0
T1,M1,85,53,475,M1T1R85C475VB53.h5,53.142857142857146,0.32177757096323667,0.07999999999140488,early,0
T1,M1,86,53,479,M1T1R86C479VB53.h5,53.285714285714285,0.322708236389016,0.07999999999140368,early,0
T1,M1,87,53,483,M1T1R87C483VB53.h5,53.42857142857143,0.3236389018147955,0.0999999999892555,early,0
T1,M1,88,54,506,M1T1R88C506VB54.h5,53.57142857142857,0.3245695672405749,0.09999999998925312,early,0
T1,M1,89,54,510,M1T1R89C510VB54.h5,53.714285714285715,0.32550023266635436,0.0999999999892555,early,0
T1,M1,90,54,514,M1T1R90C514VB54.h5,53.857142857142854,0.3264308980921337,0.07999999999140368,early,0
T1,M1,91,54,518,M1T1R91C518VB54.h5,54.0,0.3273615635179132,0.059999999993553065,early,0
T1,M1,92,54,522,M1T1R92C522VB54.h5,54.0,0.3273615635179132,0.039999999995701245,early,0
T1,M1,93,54,525,M1T1R93C525VB54.h5,54.0,0.3273615635179132,0.03999999999570363,early,0
T1,M1,94,54,529,M1T1R94C529VB54.h5,54.0,0.3273615635179132,0.03999999999570244,early,0
T1,M1,95,54,551,M1T1R95C551VB54.h5,54.142857142857146,0.32829222894369264,0.059999999993553065,early,0
T1,M1,96,54,555,M1T1R96C555VB54.h5,54.285714285714285,0.32922289436947205,0.07999999999140368,early,0
T1,M1,97,54,559,M1T1R97C559VB54.h5,54.42857142857143,0.33015355979525146,0.0999999999892555,early,0
T1,M1,98,55,562,M1T1R98C562VB55.h5,54.57142857142857,0.33108422522103087,0.0999999999892543,early,0
T1,M1,99,55,566,M1T1R99C566VB55.h5,54.714285714285715,0.33201489064681033,0.0999999999892543,early,0
T1,M1,100,55,570,M1T1R100C570VB55.h5,54.857142857142854,0.33294555607258974,0.07999999999140368,early,0
T1,M1,101,55,574,M1T1R101C574VB55.h5,55.0,0.33387622149836915,0.059999999993553065,early,0
T1,M1,102,55,578,M1T1R102C578VB55.h5,55.0,0.33387622149836915,0.039999999995701245,early,0
T1,M1,103,55,582,M1T1R103C582VB55.h5,55.0,0.33387622149836915,0.019999999997850623,early,0
T1,M1,104,55,585,M1T1R104C585VB55.h5,55.0,0.33387622149836915,0.0,early,0
T1,M1,105,55,589,M1T1R105C589VB55.h5,55.0,0.33387622149836915,0.019999999997851816,early,0
T1,M1,106,55,593,M1T1R106C593VB55.h5,55.0,0.33387622149836915,0.03999999999570244,early,0
T1,M1,107,55,597,M1T1R107C597VB55.h5,55.142857142857146,0.3348068869241486,0.05999999999355425,early,0
T1,M1,108,55,601,M1T1R108C601VB55.h5,55.285714285714285,0.335737552349928,0.07999999999140368,early,0
T1,M1,109,55,621,M1T1R109C621VB55.h5,55.42857142857143,0.3366682177757075,0.0999999999892555,early,0
T1,M1,110,56,625,M1T1R110C625VB56.h5,55.57142857142857,0.33759888320148684,0.0999999999892543,early,0
T1,M1,111,56,629,M1T1R111C629VB56.h5,55.714285714285715,0.3385295486272663,0.0999999999892555,early,0
T1,M1,112,56,633,M1T1R112C633VB56.h5,55.857142857142854,0.3394602140530457,0.07999999999140368,early,0
T1,M1,113,56,637,M1T1R113C637VB56.h5,56.0,0.3403908794788252,0.05999999999355425,early,0
T1,M1,114,56,640,M1T1R114C640VB56.h5,56.0,0.3403908794788252,0.03999999999570244,early,0
T1,M1,115,56,644,M1T1R115C644VB56.h5,56.0,0.3403908794788252,0.019999999997851816,early,0
T1,M1,116,56,648,M1T1R116C648VB56.h5,56.0,0.3403908794788252,0.019999999997850623,early,0
T1,M1,117,56,671,M1T1R117C671VB56.h5,56.0,0.3403908794788252,0.039999999995701245,early,0
T1,M1,118,56,675,M1T1R118C675VB56.h5,56.142857142857146,0.3413215449046046,0.059999999993553065,early,0
T1,M1,119,56,679,M1T1R119C679VB56.h5,56.285714285714285,0.342252210330384,0.07999999999140368,early,0
T1,M1,120,56,683,M1T1R120C683VB56.h5,56.42857142857143,0.34318287575616346,0.0999999999892543,early,0
T1,M1,121,57,687,M1T1R121C687VB57.h5,56.57142857142857,0.3441135411819429,0.0999999999892543,early,0
T1,M1,122,57,690,M1T1R122C690VB57.h5,56.714285714285715,0.3450442066077223,0.0999999999892555,early,0
T1,M1,123,57,694,M1T1R123C694VB57.h5,56.857142857142854,0.3459748720335017,0.07999999999140368,early,0
T1,M1,124,57,716,M1T1R124C716VB57.h5,57.0,0.34690553745928115,0.059999999993553065,early,0
T1,M1,125,57,720,M1T1R125C720VB57.h5,57.0,0.34690553745928115,0.03999999999570244,early,0
T1,M1,126,57,723,M1T1R126C723VB57.h5,57.0,0.34690553745928115,0.019999999997851816,early,0
T1,M1,127,57,727,M1T1R127C727VB57.h5,57.0,0.34690553745928115,0.019999999997850623,early,0
T1,M1,128,57,731,M1T1R128C731VB57.h5,57.0,0.34690553745928115,0.039999999995701245,early,0
T1,M1,129,57,735,M1T1R129C735VB57.h5,57.142857142857146,0.34783620288506056,0.059999999993553065,early,0
T1,M1,130,57,739,M1T1R130C739VB57.h5,57.285714285714285,0.34876686831084,0.07999999999140368,early,0
T1,M1,131,57,743,M1T1R131C743VB57.h5,57.42857142857143,0.34969753373661944,0.0999999999892543,early,0
T1,M1,132,58,747,M1T1R132C747VB58.h5,57.57142857142857,0.35062819916239885,0.0999999999892543,early,0
T1,M1,133,58,750,M1T1R133C750VB58.h5,57.714285714285715,0.35155886458817825,0.0999999999892555,early,0
T1,M1,134,58,754,M1T1R134C754VB58.h5,57.857142857142854,0.35248953001395766,0.07999999999140368,early,0
T1,M1,135,58,758,M1T1R135C758VB58.h5,58.0,0.35342019543973713,0.059999999993553065,early,0
T1,M1,136,58,762,M1T1R136C762VB58.h5,58.0,0.35342019543973713,0.03999999999570244,early,0
T1,M1,137,58,766,M1T1R137C766VB58.h5,58.0,0.35342019543973713,0.019999999997851816,early,0
T1,M1,138,58,786,M1T1R138C786VB58.h5,58.0,0.35342019543973713,0.019999999997851816,early,0
T1,M1,139,58,790,M1T1R139C790VB58.h5,58.0,0.35342019543973713,0.039999999995701245,early,0
T1,M1,140,58,794,M1T1R140C794VB58.h5,58.142857142857146,0.3543508608655166,0.059999999993553065,early,0
T1,M1,141,58,798,M1T1R141C798VB58.h5,58.285714285714285,0.35528152629129595,0.07999999999140368,early,0
T1,M1,142,58,802,M1T1R142C802VB58.h5,58.42857142857143,0.3562121917170754,0.0999999999892555,early,0
T1,M1,143,59,805,M1T1R143C805VB59.h5,58.57142857142857,0.3571428571428548,0.09999999998925312,early,0
T1,M1,144,59,809,M1T1R144C809VB59.h5,58.714285714285715,0.3580735225686343,0.0999999999892555,early,0
T1,M1,145,59,813,M1T1R145C813VB59.h5,58.857142857142854,0.35900418799441364,0.07999999999140368,early,0
T1,M1,146,59,836,M1T1R146C836VB59.h5,59.0,0.3599348534201931,0.07999999999140488,early,0
T1,M1,147,59,840,M1T1R147C840VB59.h5,59.0,0.3599348534201931,0.07999999999140368,early,0
T1,M1,148,59,844,M1T1R148C844VB59.h5,59.142857142857146,0.36086551884597257,0.07999999999140488,early,0
T1,M1,149,59,848,M1T1R149C848VB59.h5,59.285714285714285,0.361796184271752,0.07999999999140368,early,0
T1,M1,150,59,852,M1T1R150C852VB59.h5,59.42857142857143,0.3627268496975314,0.0999999999892555,early,0
T1,M1,151,60,855,M1T1R151C855VB60.h5,59.57142857142857,0.3636575151233108,0.0999999999892543,early,0
T1,M1,152,60,859,M1T1R152C859VB60.h5,59.714285714285715,0.36458818054909026,0.11999999998710613,early,0
T1,M1,153,60,881,M1T1R153C881VB60.h5,59.857142857142854,0.36551884597486967,0.11999999998710613,early,0
T1,M1,154,60,885,M1T1R154C885VB60.h5,60.142857142857146,0.36738017682642854,0.11999999998710613,early,0
T1,M1,155,60,889,M1T1R155C889VB60.h5,60.285714285714285,0.36831084225220795,0.11999999998710494,early,0
T1,M1,156,60,892,M1T1R156C892VB60.h5,60.42857142857143,0.36924150767798736,0.11999999998710613,early,0
T1,M1,157,61,896,M1T1R157C896VB61.h5,60.57142857142857,0.37017217310376677,0.0999999999892543,early,0
T1,M1,158,61,900,M1T1R158C900VB61.h5,60.714285714285715,0.37110283852954623,0.0999999999892543,early,0
T1,M1,159,61,904,M1T1R159C904VB61.h5,60.857142857142854,0.37203350395532564,0.07999999999140368,early,0
T1,M1,160,61,908,M1T1R160C908VB61.h5,61.0,0.37296416938110505,0.059999999993553065,early,0
T1,M1,161,61,912,M1T1R161C912VB61.h5,61.0,0.37296416938110505,0.039999999995701245,early,0
T1,M1,162,61,915,M1T1R162C915VB61.h5,61.0,0.37296416938110505,0.03999999999570244,early,0
T1,M1,163,61,919,M1T1R163C919VB61.h5,61.0,0.37296416938110505,0.03999999999570244,early,0
T1,M1,164,61,923,M1T1R164C923VB61.h5,61.142857142857146,0.3738948348068845,0.05999999999355425,early,0
T1,M1,165,61,927,M1T1R165C927VB61.h5,61.285714285714285,0.3748255002326639,0.07999999999140368,early,0
T1,M1,166,61,931,M1T1R166C931VB61.h5,61.42857142857143,0.3757561656584434,0.0999999999892555,early,0
T1,M1,167,62,951,M1T1R167C951VB62.h5,61.57142857142857,0.37668683108422274,0.0999999999892543,early,0
T1,M1,168,62,955,M1T1R168C955VB62.h5,61.714285714285715,0.3776174965100022,0.0999999999892555,early,0
T1,M1,169,62,959,M1T1R169C959VB62.h5,61.857142857142854,0.3785481619357816,0.07999999999140368,early,0
T1,M1,170,62,963,M1T1R170C963VB62.h5,62.0,0.3794788273615611,0.07999999999140488,early,0
T1,M1,171,62,967,M1T1R171C967VB62.h5,62.0,0.3794788273615611,0.07999999999140368,early,0
T1,M1,172,62,971,M1T1R172C971VB62.h5,62.142857142857146,0.3804094927873405,0.07999999999140488,early,0
T1,M1,173,62,974,M1T1R173C974VB62.h5,62.285714285714285,0.3813401582131199,0.07999999999140368,early,0
T1,M1,174,62,978,M1T1R174C978VB62.h5,62.42857142857143,0.38227082363889936,0.0999999999892543,early,0
T1,M1,175,63,1001,M1T1R175C1001VB63.h5,62.57142857142857,0.38320148906467877,0.0999999999892543,early,0
T1,M1,176,63,1005,M1T1R176C1005VB63.h5,62.714285714285715,0.3841321544904582,0.11999999998710731,early,0
T1,M1,177,63,1009,M1T1R177C1009VB63.h5,62.857142857142854,0.3850628199162376,0.11999999998710494,early,0
T1,M1,178,63,1013,M1T1R178C1013VB63.h5,63.142857142857146,0.3869241507677965,0.11999999998710613,early,0
T1,M1,179,63,1017,M1T1R179C1017VB63.h5,63.285714285714285,0.38785481619357587,0.11999999998710613,early,0
T1,M1,180,63,1021,M1T1R180C1021VB63.h5,63.42857142857143,0.38878548161935533,0.11999999998710731,early,0
T1,M1,181,64,1024,M1T1R181C1024VB64.h5,63.57142857142857,0.38971614704513474,0.09999999998925312,early,0
T1,M1,182,64,1046,M1T1R182C1046VB64.h5,63.714285714285715,0.3906468124709142,0.0999999999892555,early,0
T1,M1,183,64,1050,M1T1R183C1050VB64.h5,63.857142857142854,0.39157747789669356,0.0999999999892543,early,0
T1,M1,184,64,1054,M1T1R184C1054VB64.h5,64.0,0.392508143322473,0.0999999999892555,middle,1
T1,M1,185,64,1058,M1T1R185C1058VB64.h5,64.14285714285714,0.39343880874825243,0.0999999999892543,middle,1
T1,M1,186,64,1061,M1T1R186C1061VB64.h5,64.28571428571429,0.3943694741740319,0.0999999999892555,middle,1
T1,M1,187,64,1065,M1T1R187C1065VB64.h5,64.42857142857143,0.3953001395998113,0.0999999999892543,middle,1
T1,M1,188,65,1069,M1T1R188C1069VB65.h5,64.57142857142857,0.3962308050255907,0.0999999999892555,middle,1
T1,M1,189,65,1073,M1T1R189C1073VB65.h5,64.71428571428571,0.3971614704513701,0.0999999999892543,middle,1
T1,M1,190,65,1077,M1T1R190C1077VB65.h5,64.85714285714286,0.3980921358771496,0.07999999999140368,middle,1
T1,M1,191,65,1081,M1T1R191C1081VB65.h5,65.0,0.399022801302929,0.07999999999140368,middle,1
T1,M1,192,65,1085,M1T1R192C1085VB65.h5,65.0,0.399022801302929,0.07999999999140607,middle,1
T1,M1,193,65,1088,M1T1R193C1088VB65.h5,65.14285714285714,0.3999534667287084,0.07999999999140368,middle,1
T1,M1,194,65,1092,M1T1R194C1092VB65.h5,65.28571428571429,0.4008841321544879,0.07999999999140368,middle,1
T1,M1,195,65,1096,M1T1R195C1096VB65.h5,65.42857142857143,0.4018147975802673,0.0999999999892543,middle,1
T1,M1,196,66,1117,M1T1R196C1117VB66.h5,65.57142857142857,0.4027454630060467,0.09999999998925668,middle,1
T1,M1,197,66,1120,M1T1R197C1120VB66.h5,65.71428571428571,0.4036761284318261,0.09999999998925312,middle,1
T1,M1,198,66,1124,M1T1R198C1124VB66.h5,65.85714285714286,0.4046067938576056,0.07999999999140368,middle,1
T1,M1,199,66,1128,M1T1R199C1128VB66.h5,66.0,0.40553745928338497,0.07999999999140368,middle,1
T1,M1,200,66,1132,M1T1R200C1132VB66.h5,66.0,0.40553745928338497,0.07999999999140607,middle,1
T1,M1,201,66,1136,M1T1R201C1136VB66.h5,66.14285714285714,0.4064681247091644,0.07999999999140368,middle,1
T1,M1,202,66,1140,M1T1R202C1140VB66.h5,66.28571428571429,0.4073987901349439,0.07999999999140368,middle,1
T1,M1,203,66,1144,M1T1R203C1144VB66.h5,66.42857142857143,0.4083294555607233,0.0999999999892543,middle,1
T1,M1,204,67,1167,M1T1R204C1167VB67.h5,66.57142857142857,0.40926012098650266,0.09999999998925668,middle,1
T1,M1,205,67,1171,M1T1R205C1171VB67.h5,66.71428571428571,0.41019078641228207,0.0999999999892543,middle,1
T1,M1,206,67,1174,M1T1R206C1174VB67.h5,66.85714285714286,0.4111214518380616,0.09999999998925312,middle,1
T1,M1,207,67,1178,M1T1R207C1178VB67.h5,67.0,0.412052117263841,0.09999999998925668,middle,1
T1,M1,208,67,1182,M1T1R208C1182VB67.h5,67.14285714285714,0.41298278268962035,0.09999999998925668,middle,1
T1,M1,209,67,1186,M1T1R209C1186VB67.h5,67.28571428571429,0.4139134481153999,0.0999999999892543,middle,1
T1,M1,210,67,1190,M1T1R210C1190VB67.h5,67.42857142857143,0.4148441135411793,0.09999999998925312,middle,1
T1,M1,211,68,1211,M1T1R211C1211VB68.h5,67.57142857142857,0.4157747789669587,0.09999999998925668,middle,1
T1,M1,212,68,1215,M1T1R212C1215VB68.h5,67.71428571428571,0.41670544439273804,0.0999999999892543,middle,1
T1,M1,213,68,1219,M1T1R213C1219VB68.h5,67.85714285714286,0.41763610981851756,0.07999999999140368,middle,1
T1,M1,214,68,1223,M1T1R214C1223VB68.h5,68.0,0.418566775244297,0.059999999993553065,middle,1
T1,M1,215,68,1227,M1T1R215C1227VB68.h5,68.0,0.418566775244297,0.05999999999355425,middle,1
T1,M1,216,68,1231,M1T1R216C1231VB68.h5,68.0,0.418566775244297,0.059999999993553065,middle,1
T1,M1,217,68,1234,M1T1R217C1234VB68.h5,68.14285714285714,0.4194974406700764,0.059999999993553065,middle,1
T1,M1,218,68,1238,M1T1R218C1238VB68.h5,68.28571428571429,0.42042810609585585,0.07999999999140368,middle,1
T1,M1,219,68,1242,M1T1R219C1242VB68.h5,68.42857142857143,0.42135877152163526,0.0999999999892543,middle,1
T1,M1,220,69,1246,M1T1R220C1246VB69.h5,68.57142857142857,0.42228943694741466,0.0999999999892555,middle,1
T1,M1,221,69,1250,M1T1R221C1250VB69.h5,68.71428571428571,0.4232201023731941,0.0999999999892543,middle,1
T1,M1,222,69,1254,M1T1R222C1254VB69.h5,68.85714285714286,0.42415076779897354,0.0999999999892543,middle,1
T1,M1,223,69,1258,M1T1R223C1258VB69.h5,69.0,0.42508143322475295,0.0999999999892555,middle,1
T1,M1,224,69,1261,M1T1R224C1261VB69.h5,69.14285714285714,0.42601209865053236,0.0999999999892555,middle,1
T1,M1,225,69,1282,M1T1R225C1282VB69.h5,69.28571428571429,0.4269427640763118,0.0999999999892543,middle,1
T1,M1,226,69,1286,M1T1R226C1286VB69.h5,69.42857142857143,0.42787342950209123,0.0999999999892543,middle,1
T1,M1,227,70,1290,M1T1R227C1290VB70.h5,69.57142857142857,0.42880409492787064,0.0999999999892555,middle,1
T1,M1,228,70,1293,M1T1R228C1293VB70.h5,69.71428571428571,0.42973476035365005,0.0999999999892543,middle,1
T1,M1,229,70,1297,M1T1R229C1297VB70.h5,69.85714285714286,0.4306654257794295,0.0999999999892543,middle,1
T1,M1,230,70,1301,M1T1R230C1301VB70.h5,70.0,0.4315960912052089,0.09999999998925668,middle,1
T1,M1,231,70,1305,M1T1R231C1305VB70.h5,70.14285714285714,0.43252675663098833,0.0999999999892555,middle,1
T1,M1,232,70,1309,M1T1R232C1309VB70.h5,70.28571428571429,0.43345742205676785,0.0999999999892543,middle,1
T1,M1,233,70,1332,M1T1R233C1332VB70.h5,70.42857142857143,0.4343880874825472,0.0999999999892543,middle,1
T1,M1,234,71,1336,M1T1R234C1336VB71.h5,70.57142857142857,0.4353187529083266,0.09999999998925668,middle,1
T1,M1,235,71,1340,M1T1R235C1340VB71.h5,70.71428571428571,0.436249418334106,0.09999999998925312,middle,1
T1,M1,236,71,1344,M1T1R236C1344VB71.h5,70.85714285714286,0.43718008375988554,0.0999999999892543,middle,1
T1,M1,237,71,1347,M1T1R237C1347VB71.h5,71.0,0.4381107491856649,0.09999999998925668,middle,1
T1,M1,238,71,1351,M1T1R238C1351VB71.h5,71.14285714285714,0.4390414146114443,0.09999999998925668,middle,1
T1,M1,239,71,1355,M1T1R239C1355VB71.h5,71.28571428571429,0.4399720800372238,0.09999999998925312,middle,1
T1,M1,240,71,1377,M1T1R240C1377VB71.h5,71.42857142857143,0.44090274546300323,0.0999999999892543,middle,1
T1,M1,241,72,1381,M1T1R241C1381VB72.h5,71.57142857142857,0.4418334108887826,0.09999999998925668,middle,1
T1,M1,242,72,1384,M1T1R242C1384VB72.h5,71.71428571428571,0.442764076314562,0.0999999999892543,middle,1
T1,M1,243,72,1388,M1T1R243C1388VB72.h5,71.85714285714286,0.4436947417403415,0.07999999999140368,middle,1
T1,M1,244,72,1392,M1T1R244C1392VB72.h5,72.0,0.4446254071661209,0.05999999999355425,middle,1
T1,M1,245,72,1396,M1T1R245C1396VB72.h5,72.0,0.4446254071661209,0.03999999999570363,middle,1
T1,M1,246,72,1400,M1T1R246C1400VB72.h5,72.0,0.4446254071661209,0.019999999997850623,middle,1
T1,M1,247,72,1404,M1T1R247C1404VB72.h5,72.0,0.4446254071661209,0.0,middle,1
T1,M1,248,72,1407,M1T1R248C1407VB72.h5,72.0,0.4446254071661209,0.019999999997849432,middle,1
T1,M1,249,72,1411,M1T1R249C1411VB72.h5,72.0,0.4446254071661209,0.03999999999570244,middle,1
T1,M1,250,72,1415,M1T1R250C1415VB72.h5,72.14285714285714,0.4455560725919003,0.059999999993553065,middle,1
T1,M1,251,72,1419,M1T1R251C1419VB72.h5,72.28571428571429,0.4464867380176798,0.07999999999140368,middle,1
T1,M1,252,72,1423,M1T1R252C1423VB72.h5,72.42857142857143,0.4474174034434592,0.09999999998925312,middle,1
T1,M1,253,73,1427,M1T1R253C1427VB73.h5,72.57142857142857,0.4483480688692386,0.09999999998925668,middle,1
T1,M1,254,73,1447,M1T1R254C1447VB73.h5,72.71428571428571,0.44927873429501797,0.0999999999892543,middle,1
T1,M1,255,73,1451,M1T1R255C1451VB73.h5,72.85714285714286,0.4502093997207975,0.0999999999892543,middle,1
T1,M1,256,73,1455,M1T1R256C1455VB73.h5,73.0,0.4511400651465769,0.0999999999892555,middle,1
T1,M1,257,73,1459,M1T1R257C1459VB73.h5,73.14285714285714,0.4520707305723563,0.09999999998925668,middle,1
T1,M1,258,73,1463,M1T1R258C1463VB73.h5,73.28571428571429,0.45300139599813577,0.0999999999892543,middle,1
T1,M1,259,73,1467,M1T1R259C1467VB73.h5,73.42857142857143,0.4539320614239152,0.0999999999892543,middle,1
T1,M1,260,74,1470,M1T1R260C1470VB74.h5,73.57142857142857,0.4548627268496946,0.11999999998710613,middle,1
T1,M1,261,74,1474,M1T1R261C1474VB74.h5,73.71428571428571,0.455793392275474,0.13999999998495674,middle,1
T1,M1,262,74,1497,M1T1R262C1497VB74.h5,74.0,0.45765472312703287,0.13999999998495674,middle,1
T1,M1,263,74,1501,M1T1R263C1501VB74.h5,74.28571428571429,0.45951605397859174,0.13999999998495674,middle,1
T1,M1,264,74,1505,M1T1R264C1505VB74.h5,74.42857142857143,0.46044671940437115,0.13999999998495674,middle,1
T1,M1,265,75,1509,M1T1R265C1509VB75.h5,74.57142857142857,0.46137738483015056,0.13999999998495674,middle,1
T1,M1,266,75,1513,M1T1R266C1513VB75.h5,74.71428571428571,0.46230805025592997,0.13999999998495674,middle,1
T1,M1,267,75,1517,M1T1R267C1517VB75.h5,75.0,0.46416938110748884,0.13999999998495674,middle,1
T1,M1,268,75,1520,M1T1R268C1520VB75.h5,75.28571428571429,0.4660307119590477,0.13999999998495674,middle,1
T1,M1,269,75,1542,M1T1R269C1542VB75.h5,75.42857142857143,0.4669613773848271,0.13999999998495674,middle,1
T1,M1,270,76,1546,M1T1R270C1546VB76.h5,75.57142857142857,0.46789204281060653,0.11999999998710613,middle,1
T1,M1,271,76,1550,M1T1R271C1550VB76.h5,75.71428571428571,0.46882270823638594,0.0999999999892543,middle,1
T1,M1,272,76,1554,M1T1R272C1554VB76.h5,75.85714285714286,0.4697533736621654,0.07999999999140368,middle,1
T1,M1,273,76,1557,M1T1R273C1557VB76.h5,76.0,0.4706840390879448,0.059999999993553065,middle,1
T1,M1,274,76,1561,M1T1R274C1561VB76.h5,76.0,0.4706840390879448,0.059999999993553065,middle,1
T1,M1,275,76,1565,M1T1R275C1565VB76.h5,76.0,0.4706840390879448,0.05999999999355425,middle,1
T1,M1,276,76,1569,M1T1R276C1569VB76.h5,76.14285714285714,0.4716147045137242,0.059999999993553065,middle,1
T1,M1,277,76,1573,M1T1R277C1573VB76.h5,76.28571428571429,0.47254536993950375,0.07999999999140368,middle,1
T1,M1,278,76,1577,M1T1R278C1577VB76.h5,76.42857142857143,0.4734760353652831,0.0999999999892543,middle,1
T1,M1,279,77,1581,M1T1R279C1581VB77.h5,76.57142857142857,0.4744067007910625,0.11999999998710613,middle,1
T1,M1,280,77,1584,M1T1R280C1584VB77.h5,76.71428571428571,0.4753373662168419,0.13999999998495674,middle,1
T1,M1,281,77,1588,M1T1R281C1588VB77.h5,77.0,0.4771986970684008,0.13999999998495793,middle,1
T1,M1,282,77,1592,M1T1R282C1592VB77.h5,77.28571428571429,0.4790600279199597,0.13999999998495674,middle,1
T1,M1,283,77,1612,M1T1R283C1612VB77.h5,77.42857142857143,0.47999069334573913,0.13999999998495674,middle,1
T1,M1,284,78,1616,M1T1R284C1616VB78.h5,77.57142857142857,0.4809213587715185,0.11999999998710731,middle,1
T1,M1,285,78,1620,M1T1R285C1620VB78.h5,77.71428571428571,0.4818520241972979,0.0999999999892543,middle,1
T1,M1,286,78,1624,M1T1R286C1624VB78.h5,77.85714285714286,0.4827826896230774,0.09999999998925312,middle,1
T1,M1,287,78,1628,M1T1R287C1628VB78.h5,78.0,0.4837133550488568,0.09999999998925668,middle,1
T1,M1,288,78,1632,M1T1R288C1632VB78.h5,78.14285714285714,0.4846440204746362,0.09999999998925668,middle,1
T1,M1,289,78,1636,M1T1R289C1636VB78.h5,78.28571428571429,0.4855746859004157,0.0999999999892543,middle,1
T1,M1,290,78,1640,M1T1R290C1640VB78.h5,78.42857142857143,0.4865053513261951,0.0999999999892543,middle,1
T1,M1,291,79,1663,M1T1R291C1663VB79.h5,78.57142857142857,0.4874360167519745,0.09999999998925668,middle,1
T1,M1,292,79,1666,M1T1R292C1666VB79.h5,78.71428571428571,0.4883666821777539,0.11999999998710494,middle,1
T1,M1,293,79,1670,M1T1R293C1670VB79.h5,78.85714285714286,0.4892973476035334,0.11999999998710613,middle,1
T1,M1,294,79,1674,M1T1R294C1674VB79.h5,79.14285714285714,0.4911586784550922,0.11999999998710613,middle,1
T1,M1,295,79,1678,M1T1R295C1678VB79.h5,79.28571428571429,0.49208934388087167,0.11999999998710613,middle,1
T1,M1,296,79,1682,M1T1R296C1682VB79.h5,79.42857142857143,0.4930200093066511,0.13999999998495674,middle,1
T1,M1,297,80,1686,M1T1R297C1686VB80.h5,79.57142857142857,0.4939506747324305,0.13999999998495674,middle,1
T1,M1,298,80,1707,M1T1R298C1707VB80.h5,79.85714285714286,0.49581200558398936,0.15999999998280737,middle,1
T1,M1,299,80,1711,M1T1R299C1711VB80.h5,80.14285714285714,0.4976733364355482,0.15999999998280856,middle,1
T1,M1,300,80,1715,M1T1R300C1715VB80.h5,80.42857142857143,0.49953466728710705,0.15999999998280737,middle,1
T1,M1,301,81,1719,M1T1R301C1719VB81.h5,80.57142857142857,0.5004653327128865,0.13999999998495674,middle,1
T1,M1,302,81,1723,M1T1R302C1723VB81.h5,80.71428571428571,0.5013959981386659,0.11999999998710731,middle,1
T1,M1,303,81,1726,M1T1R303C1726VB81.h5,80.85714285714286,0.5023266635644453,0.07999999999140488,middle,1
T1,M1,304,81,1730,M1T1R304C1730VB81.h5,81.0,0.5032573289902248,0.059999999993553065,middle,1
T1,M1,305,81,1734,M1T1R305C1734VB81.h5,81.0,0.5032573289902248,0.059999999993553065,middle,1
T1,M1,306,81,1738,M1T1R306C1738VB81.h5,81.0,0.5032573289902248,0.059999999993553065,middle,1
T1,M1,307,81,1742,M1T1R307C1742VB81.h5,81.14285714285714,0.5041879944160041,0.059999999993553065,middle,1
T1,M1,308,81,1746,M1T1R308C1746VB81.h5,81.28571428571429,0.5051186598417836,0.07999999999140249,middle,1
T1,M1,309,81,1750,M1T1R309C1750VB81.h5,81.42857142857143,0.5060493252675631,0.0999999999892543,middle,1
T1,M1,310,82,1753,M1T1R310C1753VB82.h5,81.57142857142857,0.5069799906933424,0.11999999998710613,middle,1
T1,M1,311,82,1757,M1T1R311C1757VB82.h5,81.71428571428571,0.5079106561191219,0.13999999998495793,middle,1
T1,M1,312,82,1778,M1T1R312C1778VB82.h5,82.0,0.5097719869706807,0.13999999998495555,middle,1
T1,M1,313,82,1781,M1T1R313C1781VB82.h5,82.28571428571429,0.5116333178222396,0.13999999998495793,middle,1
T1,M1,314,82,1785,M1T1R314C1785VB82.h5,82.42857142857143,0.512563983248019,0.13999999998495555,middle,1
T1,M1,315,83,1789,M1T1R315C1789VB83.h5,82.57142857142857,0.5134946486737985,0.13999999998495793,middle,1
T1,M1,316,83,1793,M1T1R316C1793VB83.h5,82.71428571428571,0.5144253140995778,0.13999999998495555,middle,1
T1,M1,317,83,1797,M1T1R317C1797VB83.h5,83.0,0.5162866449511367,0.13999999998495793,middle,1
T1,M1,318,83,1801,M1T1R318C1801VB83.h5,83.28571428571429,0.5181479758026956,0.13999999998495555,middle,1
T1,M1,319,83,1805,M1T1R319C1805VB83.h5,83.42857142857143,0.519078641228475,0.13999999998495793,middle,1
T1,M1,320,84,1828,M1T1R320C1828VB84.h5,83.57142857142857,0.5200093066542544,0.11999999998710613,middle,1
T1,M1,321,84,1832,M1T1R321C1832VB84.h5,83.71428571428571,0.5209399720800338,0.0999999999892543,middle,1
T1,M1,322,84,1835,M1T1R322C1835VB84.h5,83.85714285714286,0.5218706375058133,0.0999999999892543,middle,1
T1,M1,323,84,1839,M1T1R323C1839VB84.h5,84.0,0.5228013029315927,0.09999999998925668,middle,1
T1,M1,324,84,1843,M1T1R324C1843VB84.h5,84.14285714285714,0.5237319683573721,0.0999999999892543,middle,1
T1,M1,325,84,1847,M1T1R325C1847VB84.h5,84.28571428571429,0.5246626337831516,0.0999999999892543,middle,1
T1,M1,326,84,1851,M1T1R326C1851VB84.h5,84.42857142857143,0.5255932992089309,0.0999999999892543,middle,1
T1,M1,327,85,1872,M1T1R327C1872VB85.h5,84.57142857142857,0.5265239646347104,0.11999999998710613,middle,1
T1,M1,328,85,1876,M1T1R328C1876VB85.h5,84.71428571428571,0.5274546300604898,0.13999999998495793,middle,1
T1,M1,329,85,1880,M1T1R329C1880VB85.h5,85.0,0.5293159609120487,0.13999999998495793,middle,1
T1,M1,330,85,1884,M1T1R330C1884VB85.h5,85.28571428571429,0.5311772917636076,0.13999999998495555,middle,1
T1,M1,331,85,1888,M1T1R331C1888VB85.h5,85.42857142857143,0.532107957189387,0.13999999998495793,middle,1
T1,M1,332,86,1892,M1T1R332C1892VB86.h5,85.57142857142857,0.5330386226151663,0.11999999998710613,middle,1
T1,M1,333,86,1895,M1T1R333C1895VB86.h5,85.71428571428571,0.5339692880409458,0.0999999999892543,middle,1
T1,M1,334,86,1899,M1T1R334C1899VB86.h5,85.85714285714286,0.5348999534667253,0.07999999999140488,middle,1
T1,M1,335,86,1903,M1T1R335C1903VB86.h5,86.0,0.5358306188925047,0.05999999999355545,middle,1
T1,M1,336,86,1907,M1T1R336C1907VB86.h5,86.0,0.5358306188925047,0.059999999993553065,middle,1
T1,M1,337,86,1911,M1T1R337C1911VB86.h5,86.0,0.5358306188925047,0.059999999993553065,middle,1
T1,M1,338,86,1915,M1T1R338C1915VB86.h5,86.14285714285714,0.5367612843182841,0.059999999993553065,middle,1
T1,M1,339,86,1918,M1T1R339C1918VB86.h5,86.28571428571429,0.5376919497440635,0.07999999999140249,middle,1
T1,M1,340,86,1922,M1T1R340C1922VB86.h5,86.42857142857143,0.538622615169843,0.11999999998710613,middle,1
T1,M1,341,87,1943,M1T1R341C1943VB87.h5,86.57142857142857,0.5395532805956224,0.13999999998495793,middle,1
T1,M1,342,87,1947,M1T1R342C1947VB87.h5,86.85714285714286,0.5414146114471813,0.15999999998280737,middle,1
T1,M1,343,87,1950,M1T1R343C1950VB87.h5,87.14285714285714,0.5432759422987401,0.15999999998280737,middle,1
T1,M1,344,87,1954,M1T1R344C1954VB87.h5,87.42857142857143,0.5451372731502989,0.1799999999806592,middle,1
T1,M1,345,88,1958,M1T1R345C1958VB88.h5,87.57142857142857,0.5460679385760784,0.1799999999806568,middle,1
T1,M1,346,88,1962,M1T1R346C1962VB88.h5,87.85714285714286,0.5479292694276372,0.1799999999806592,middle,1
T1,M1,347,88,1966,M1T1R347C1966VB88.h5,88.14285714285714,0.549790600279196,0.15999999998280737,middle,1
T1,M1,348,88,1970,M1T1R348C1970VB88.h5,88.42857142857143,0.551651931130755,0.15999999998280737,middle,1
T1,M1,349,89,1993,M1T1R349C1993VB89.h5,88.57142857142857,0.5525825965565343,0.13999999998495793,middle,1
T1,M1,350,89,1997,M1T1R350C1997VB89.h5,88.71428571428571,0.5535132619823138,0.11999999998710613,middle,1
T1,M1,351,89,2001,M1T1R351C2001VB89.h5,88.85714285714286,0.5544439274080932,0.0999999999892543,middle,1
T1,M1,352,89,2004,M1T1R352C2004VB89.h5,89.0,0.5553745928338726,0.09999999998925668,middle,1
T1,M1,353,89,2008,M1T1R353C2008VB89.h5,89.14285714285714,0.556305258259652,0.0999999999892543,middle,1
T1,M1,354,89,2012,M1T1R354C2012VB89.h5,89.28571428571429,0.5572359236854315,0.0999999999892543,middle,1
T1,M1,355,89,2016,M1T1R355C2016VB89.h5,89.42857142857143,0.5581665891112109,0.0999999999892543,middle,1
T1,M1,356,90,2038,M1T1R356C2038VB90.h5,89.57142857142857,0.5590972545369903,0.09999999998925668,middle,1
T1,M1,357,90,2041,M1T1R357C2041VB90.h5,89.71428571428571,0.5600279199627697,0.11999999998710373,middle,1
T1,M1,358,90,2045,M1T1R358C2045VB90.h5,89.85714285714286,0.5609585853885493,0.1199999999871085,middle,1
T1,M1,359,90,2049,M1T1R359C2049VB90.h5,90.14285714285714,0.562819916240108,0.11999999998710613,middle,1
T1,M1,360,90,2053,M1T1R360C2053VB90.h5,90.28571428571429,0.5637505816658875,0.11999999998710613,middle,1
T1,M1,361,90,2057,M1T1R361C2057VB90.h5,90.42857142857143,0.5646812470916669,0.11999999998710373,middle,1
T1,M1,362,91,2061,M1T1R362C2061VB91.h5,90.57142857142857,0.5656119125174462,0.09999999998925668,middle,1
T1,M1,363,91,2064,M1T1R363C2064VB91.h5,90.71428571428571,0.5665425779432257,0.0999999999892543,middle,1
T1,M1,364,91,2068,M1T1R364C2068VB91.h5,90.85714285714286,0.5674732433690052,0.07999999999140488,middle,1
T1,M1,365,91,2072,M1T1R365C2072VB91.h5,91.0,0.5684039087947846,0.07999999999140488,middle,1
T1,M1,366,91,2076,M1T1R366C2076VB91.h5,91.0,0.5684039087947846,0.07999999999140488,middle,1
T1,M1,367,91,2080,M1T1R367C2080VB91.h5,91.14285714285714,0.569334574220564,0.07999999999140488,middle,1
T1,M1,368,91,2084,M1T1R368C2084VB91.h5,91.28571428571429,0.5702652396463435,0.07999999999140249,middle,1
T1,M1,369,91,2088,M1T1R369C2088VB91.h5,91.42857142857143,0.5711959050721229,0.09999999998925192,middle,1
T1,M1,370,92,2108,M1T1R370C2108VB92.h5,91.57142857142857,0.5721265704979023,0.11999999998710613,middle,1
T1,M1,371,92,2112,M1T1R371C2112VB92.h5,91.71428571428571,0.5730572359236816,0.13999999998495793,middle,1
T1,M1,372,92,2116,M1T1R372C2116VB92.h5,92.0,0.5749185667752406,0.13999999998495555,middle,1
T1,M1,373,92,2120,M1T1R373C2120VB92.h5,92.28571428571429,0.5767798976267995,0.13999999998495793,middle,1
T1,M1,374,92,2123,M1T1R374C2123VB92.h5,92.42857142857143,0.5777105630525788,0.13999999998495793,middle,1
T1,M1,375,93,2127,M1T1R375C2127VB93.h5,92.57142857142857,0.5786412284783583,0.13999999998495793,middle,1
T1,M1,376,93,2131,M1T1R376C2131VB93.h5,92.71428571428571,0.5795718939041377,0.13999999998495555,middle,1
T1,M1,377,93,2135,M1T1R377C2135VB93.h5,93.0,0.5814332247556966,0.13999999998495793,middle,1
T1,M1,378,93,2158,M1T1R378C2158VB93.h5,93.28571428571429,0.5832945556072554,0.13999999998495555,middle,1
T1,M1,379,93,2162,M1T1R379C2162VB93.h5,93.42857142857143,0.5842252210330349,0.13999999998495793,middle,1
T1,M1,380,94,2166,M1T1R380C2166VB94.h5,93.57142857142857,0.5851558864588142,0.11999999998710613,middle,1
T1,M1,381,94,2170,M1T1R381C2170VB94.h5,93.71428571428571,0.5860865518845937,0.0999999999892543,middle,1
T1,M1,382,94,2174,M1T1R382C2174VB94.h5,93.85714285714286,0.5870172173103732,0.0999999999892543,middle,1
T1,M1,383,94,2177,M1T1R383C2177VB94.h5,94.0,0.5879478827361525,0.09999999998925668,middle,1
T1,M1,384,94,2181,M1T1R384C2181VB94.h5,94.14285714285714,0.588878548161932,0.0999999999892543,middle,1
T1,M1,385,94,2203,M1T1R385C2203VB94.h5,94.28571428571429,0.5898092135877114,0.0999999999892543,middle,1
T1,M1,386,94,2207,M1T1R386C2207VB94.h5,94.42857142857143,0.5907398790134908,0.0999999999892543,middle,1
T1,M1,387,95,2211,M1T1R387C2211VB95.h5,94.57142857142857,0.5916705444392703,0.09999999998925668,middle,1
T1,M1,388,95,2214,M1T1R388C2214VB95.h5,94.71428571428571,0.5926012098650496,0.0999999999892543,middle,1
T1,M1,389,95,2218,M1T1R389C2218VB95.h5,94.85714285714286,0.5935318752908292,0.07999999999140488,middle,1
T1,M1,390,95,2222,M1T1R390C2222VB95.h5,95.0,0.5944625407166085,0.059999999993553065,middle,1
T1,M1,391,95,2226,M1T1R391C2226VB95.h5,95.0,0.5944625407166085,0.03999999999570363,middle,1
T1,M1,392,95,2230,M1T1R392C2230VB95.h5,95.0,0.5944625407166085,0.019999999997849432,middle,1
T1,M1,393,95,2234,M1T1R393C2234VB95.h5,95.0,0.5944625407166085,0.0,middle,1
T1,M1,394,95,2238,M1T1R394C2238VB95.h5,95.0,0.5944625407166085,0.019999999997849432,middle,1
T1,M1,395,95,2241,M1T1R395C2241VB95.h5,95.0,0.5944625407166085,0.03999999999570363,middle,1
T1,M1,396,95,2245,M1T1R396C2245VB95.h5,95.14285714285714,0.5953932061423879,0.059999999993553065,middle,1
T1,M1,397,95,2249,M1T1R397C2249VB95.h5,95.28571428571429,0.5963238715681675,0.07999999999140249,middle,1
T1,M1,398,95,2253,M1T1R398C2253VB95.h5,95.42857142857143,0.5972545369939468,0.0999999999892543,middle,1
T1,M1,399,96,2273,M1T1R399C2273VB96.h5,95.57142857142857,0.5981852024197262,0.09999999998925668,middle,1
T1,M1,400,96,2277,M1T1R400C2277VB96.h5,95.71428571428571,0.5991158678455056,0.0999999999892543,middle,1
T1,M1,401,96,2281,M1T1R401C2281VB96.h5,95.85714285714286,0.6000465332712851,0.07999999999140488,middle,1
T1,M1,402,96,2285,M1T1R402C2285VB96.h5,96.0,0.6009771986970646,0.07999999999140488,middle,1
T1,M1,403,96,2289,M1T1R403C2289VB96.h5,96.0,0.6009771986970646,0.07999999999140488,middle,1
T1,M1,404,96,2293,M1T1R404C2293VB96.h5,96.14285714285714,0.6019078641228439,0.07999999999140488,middle,1
T1,M1,405,96,2297,M1T1R405C2297VB96.h5,96.28571428571429,0.6028385295486234,0.07999999999140249,middle,1
T1,M1,406,96,2300,M1T1R406C2300VB96.h5,96.42857142857143,0.6037691949744028,0.09999999998925192,middle,1
T1,M1,407,97,2324,M1T1R407C2324VB97.h5,96.57142857142857,0.6046998604001822,0.09999999998925668,middle,1
T1,M1,408,97,2327,M1T1R408C2327VB97.h5,96.71428571428571,0.6056305258259616,0.0999999999892543,middle,1
T1,M1,409,97,2331,M1T1R409C2331VB97.h5,96.85714285714286,0.6065611912517411,0.0999999999892543,middle,1
T1,M1,410,97,2335,M1T1R410C2335VB97.h5,97.0,0.6074918566775205,0.09999999998925668,middle,1
T1,M1,411,97,2339,M1T1R411C2339VB97.h5,97.14285714285714,0.6084225221033,0.09999999998925668,middle,1
T1,M1,412,97,2343,M1T1R412C2343VB97.h5,97.28571428571429,0.6093531875290794,0.0999999999892543,middle,1
T1,M1,413,97,2347,M1T1R413C2347VB97.h5,97.42857142857143,0.6102838529548588,0.0999999999892543,middle,1
T1,M1,414,98,2368,M1T1R414C2368VB98.h5,97.57142857142857,0.6112145183806382,0.0999999999892543,middle,1
T1,M1,415,98,2372,M1T1R415C2372VB98.h5,97.71428571428571,0.6121451838064176,0.0999999999892543,middle,1
T1,M1,416,98,2376,M1T1R416C2376VB98.h5,97.85714285714286,0.613075849232197,0.07999999999140488,middle,1
T1,M1,417,98,2380,M1T1R417C2380VB98.h5,98.0,0.6140065146579765,0.07999999999140249,middle,1
T1,M1,418,98,2384,M1T1R418C2384VB98.h5,98.0,0.6140065146579765,0.07999999999140488,middle,1
T1,M1,419,98,2387,M1T1R419C2387VB98.h5,98.14285714285714,0.6149371800837559,0.07999999999140488,middle,1
T1,M1,420,98,2391,M1T1R420C2391VB98.h5,98.28571428571429,0.6158678455095353,0.07999999999140249,middle,1
T1,M1,421,98,2395,M1T1R421C2395VB98.h5,98.42857142857143,0.6167985109353148,0.0999999999892543,middle,1
T1,M1,422,99,2399,M1T1R422C2399VB99.h5,98.57142857142857,0.6177291763610941,0.09999999998925668,middle,1
T1,M1,423,99,2403,M1T1R423C2403VB99.h5,98.71428571428571,0.6186598417868736,0.0999999999892543,middle,1
T1,M1,424,99,2407,M1T1R424C2407VB99.h5,98.85714285714286,0.6195905072126531,0.07999999999140249,middle,1
T1,M1,425,99,2411,M1T1R425C2411VB99.h5,99.0,0.6205211726384324,0.07999999999140488,middle,1
T1,M1,426,99,2414,M1T1R426C2414VB99.h5,99.0,0.6205211726384324,0.07999999999140488,middle,1
T1,M1,427,99,2418,M1T1R427C2418VB99.h5,99.14285714285714,0.6214518380642119,0.07999999999140249,middle,1
T1,M1,428,99,2439,M1T1R428C2439VB99.h5,99.28571428571429,0.6223825034899914,0.07999999999140488,middle,1
T1,M1,429,99,2443,M1T1R429C2443VB99.h5,99.42857142857143,0.6233131689157707,0.0999999999892543,middle,1
T1,M1,430,100,2446,M1T1R430C2446VB100.h5,99.57142857142857,0.6242438343415502,0.0999999999892543,middle,1
T1,M1,431,100,2450,M1T1R431C2450VB100.h5,99.71428571428571,0.6251744997673295,0.11999999998710373,middle,1
T1,M1,432,100,2454,M1T1R432C2454VB100.h5,99.85714285714286,0.626105165193109,0.1199999999871085,middle,1
T1,M1,433,100,2458,M1T1R433C2458VB100.h5,100.14285714285714,0.6279664960446678,0.11999999998710613,middle,1
T1,M1,434,100,2462,M1T1R434C2462VB100.h5,100.28571428571429,0.6288971614704474,0.11999999998710613,middle,1
T1,M1,435,100,2466,M1T1R435C2466VB100.h5,100.42857142857143,0.6298278268962267,0.13999999998495793,middle,1
T1,M1,436,101,2489,M1T1R436C2489VB101.h5,100.57142857142857,0.6307584923220061,0.13999999998495793,middle,1
T1,M1,437,101,2493,M1T1R437C2493VB101.h5,100.85714285714286,0.632619823173565,0.15999999998280737,middle,1
T1,M1,438,101,2496,M1T1R438C2496VB101.h5,101.14285714285714,0.6344811540251238,0.1799999999806568,middle,1
T1,M1,439,101,2500,M1T1R439C2500VB101.h5,101.42857142857143,0.6363424848766828,0.199999999978511,late,2
T1,M1,440,102,2504,M1T1R440C2504VB102.h5,101.71428571428571,0.6382038157282415,0.199999999978511,late,2
T1,M1,441,102,2508,M1T1R441C2508VB102.h5,102.0,0.6400651465798004,0.199999999978511,late,2
T1,M1,442,102,2512,M1T1R442C2512VB102.h5,102.28571428571429,0.6419264774313593,0.1999999999785086,late,2
T1,M1,443,103,2533,M1T1R443C2533VB103.h5,102.57142857142857,0.6437878082829182,0.199999999978511,late,2
T1,M1,444,103,2537,M1T1R444C2537VB103.h5,102.85714285714286,0.645649139134477,0.199999999978511,late,2
T1,M1,445,103,2541,M1T1R445C2541VB103.h5,103.14285714285714,0.6475104699860358,0.1799999999806568,late,2
T1,M1,446,103,2545,M1T1R446C2545VB103.h5,103.42857142857143,0.6493718008375947,0.15999999998280737,late,2
T1,M1,447,104,2549,M1T1R447C2549VB104.h5,103.57142857142857,0.6503024662633741,0.15999999998280737,late,2
T1,M1,448,104,2553,M1T1R448C2553VB104.h5,103.71428571428571,0.6512331316891535,0.15999999998280975,late,2
T1,M1,449,104,2557,M1T1R449C2557VB104.h5,104.0,0.6530944625407124,0.13999999998495555,late,2
T1,M1,450,104,2560,M1T1R450C2560VB104.h5,104.28571428571429,0.6549557933922713,0.13999999998495793,late,2
T1,M1,451,104,2564,M1T1R451C2564VB104.h5,104.42857142857143,0.6558864588180506,0.13999999998495555,late,2
T1,M1,452,105,2568,M1T1R452C2568VB105.h5,104.57142857142857,0.6568171242438301,0.13999999998495793,late,2
T1,M1,453,105,2572,M1T1R453C2572VB105.h5,104.71428571428571,0.6577477896696095,0.13999999998495793,late,2
T1,M1,454,105,2576,M1T1R454C2576VB105.h5,105.0,0.6596091205211684,0.15999999998280737,late,2
T1,M1,455,105,2580,M1T1R455C2580VB105.h5,105.28571428571429,0.6614704513727273,0.1799999999806592,late,2
T1,M1,456,105,2584,M1T1R456C2584VB105.h5,105.57142857142857,0.663331782224286,0.199999999978511,late,2
T1,M1,457,106,2604,M1T1R457C2604VB106.h5,105.85714285714286,0.6651931130758449,0.199999999978511,late,2
T1,M1,458,106,2608,M1T1R458C2608VB106.h5,106.14285714285714,0.6670544439274038,0.19999999997850623,late,2
T1,M1,459,107,2612,M1T1R459C2612VB107.h5,106.42857142857143,0.6689157747789627,0.17999999998066157,late,2
T1,M1,460,107,2616,M1T1R460C2616VB107.h5,106.71428571428571,0.6707771056305214,0.199999999978511,late,2
T1,M1,461,107,2619,M1T1R461C2619VB107.h5,106.85714285714286,0.671707771056301,0.199999999978511,late,2
T1,M1,462,107,2623,M1T1R462C2623VB107.h5,107.28571428571429,0.6744997673336393,0.1999999999785086,late,2
T1,M1,463,107,2627,M1T1R463C2627VB107.h5,107.57142857142857,0.6763610981851981,0.199999999978511,late,2
T1,M1,464,107,2631,M1T1R464C2631VB107.h5,107.85714285714286,0.6782224290367569,0.21999999997636044,late,2
T1,M1,465,109,2654,M1T1R465C2654VB109.h5,108.14285714285714,0.6800837598883157,0.1999999999785086,late,2
T1,M1,466,109,2658,M1T1R466C2658VB109.h5,108.42857142857143,0.6819450907398746,0.21999999997636044,late,2
T1,M1,467,109,2662,M1T1R467C2662VB109.h5,108.71428571428571,0.6838064215914335,0.21999999997636044,late,2
T1,M1,468,109,2666,M1T1R468C2666VB109.h5,109.14285714285714,0.6865984178687717,0.21999999997636044,late,2
T1,M1,469,109,2669,M1T1R469C2669VB109.h5,109.42857142857143,0.6884597487203306,0.21999999997636044,late,2
T1,M1,470,109,2673,M1T1R470C2673VB109.h5,109.71428571428571,0.6903210795718894,0.21999999997636044,late,2
T1,M1,471,110,2677,M1T1R471C2677VB110.h5,110.0,0.6921824104234483,0.1999999999785086,late,2
T1,M1,472,111,2699,M1T1R472C2699VB111.h5,110.28571428571429,0.6940437412750071,0.21999999997636044,late,2
T1,M1,473,111,2703,M1T1R473C2703VB111.h5,110.57142857142857,0.6959050721265659,0.2199999999763628,late,2
T1,M1,474,111,2707,M1T1R474C2707VB111.h5,111.0,0.6986970684039042,0.199999999978511,late,2
T1,M1,475,111,2710,M1T1R475C2710VB111.h5,111.28571428571429,0.7005583992554631,0.1799999999806592,late,2
T1,M1,476,111,2714,M1T1R476C2714VB111.h5,111.42857142857143,0.7014890646812426,0.15999999998280737,late,2
T1,M1,477,112,2718,M1T1R477C2718VB112.h5,111.57142857142857,0.702419730107022,0.1199999999871085,late,2
T1,M1,478,112,2722,M1T1R478C2722VB112.h5,111.71428571428571,0.7033503955328013,0.11999999998710373,late,2
T1,M1,479,112,2726,M1T1R479C2726VB112.h5,111.85714285714286,0.7042810609585809,0.11999999998710613,late,2
T1,M1,480,112,2730,M1T1R480C2730VB112.h5,112.14285714285714,0.7061423918101396,0.11999999998710613,late,2
T1,M1,481,112,2733,M1T1R481C2733VB112.h5,112.28571428571429,0.7070730572359192,0.13999999998495793,late,2
T1,M1,482,112,2737,M1T1R482C2737VB112.h5,112.42857142857143,0.7080037226616985,0.15999999998280737,late,2
T1,M1,483,113,2741,M1T1R483C2741VB113.h5,112.71428571428571,0.7098650535132573,0.15999999998280975,late,2
T1,M1,484,113,2745,M1T1R484C2745VB113.h5,113.0,0.7117263843648163,0.1999999999785086,late,2
T1,M1,485,113,2749,M1T1R485C2749VB113.h5,113.28571428571429,0.7135877152163751,0.21999999997636044,late,2
T1,M1,486,114,2769,M1T1R486C2769VB114.h5,113.71428571428571,0.7163797114937134,0.2199999999763628,late,2
T1,M1,487,114,2773,M1T1R487C2773VB114.h5,114.0,0.7182410423452722,0.21999999997636044,late,2
T1,M1,488,114,2777,M1T1R488C2777VB114.h5,114.28571428571429,0.7201023731968311,0.1999999999785086,late,2
T1,M1,489,115,2781,M1T1R489C2781VB115.h5,114.57142857142857,0.7219637040483899,0.1799999999806592,late,2
T1,M1,490,115,2785,M1T1R490C2785VB115.h5,114.71428571428571,0.7228943694741693,0.1799999999806592,late,2
T1,M1,491,115,2789,M1T1R491C2789VB115.h5,115.0,0.7247557003257282,0.1799999999806568,late,2
T1,M1,492,115,2793,M1T1R492C2793VB115.h5,115.28571428571429,0.726617031177287,0.1799999999806592,late,2
T1,M1,493,115,2796,M1T1R493C2796VB115.h5,115.57142857142857,0.7284783620288459,0.199999999978511,late,2
T1,M1,494,116,2820,M1T1R494C2820VB116.h5,115.85714285714286,0.7303396928804048,0.1999999999785086,late,2
T1,M1,495,116,2823,M1T1R495C2823VB116.h5,116.14285714285714,0.7322010237319636,0.1999999999785086,late,2
T1,M1,496,117,2827,M1T1R496C2827VB117.h5,116.42857142857143,0.7340623545835224,0.199999999978511,late,2
T1,M1,497,117,2831,M1T1R497C2831VB117.h5,116.71428571428571,0.7359236854350812,0.199999999978511,late,2
T1,M1,498,117,2835,M1T1R498C2835VB117.h5,117.0,0.7377850162866402,0.1799999999806592,late,2
T1,M1,499,117,2839,M1T1R499C2839VB117.h5,117.28571428571429,0.7396463471381991,0.1799999999806592,late,2
T1,M1,500,117,2843,M1T1R500C2843VB117.h5,117.42857142857143,0.7405770125639785,0.17999999998066157,late,2
T1,M1,501,118,2864,M1T1R501C2864VB118.h5,117.71428571428571,0.7424383434155373,0.1799999999806592,late,2
T1,M1,502,118,2868,M1T1R502C2868VB118.h5,118.0,0.7442996742670962,0.1799999999806568,late,2
T1,M1,503,118,2872,M1T1R503C2872VB118.h5,118.28571428571429,0.746161005118655,0.1799999999806592,late,2
T1,M1,504,119,2876,M1T1R504C2876VB119.h5,118.57142857142857,0.7480223359702138,0.15999999998280975,late,2
T1,M1,505,119,2880,M1T1R505C2880VB119.h5,118.71428571428571,0.7489530013959933,0.13999999998495555,late,2
T1,M1,506,119,2883,M1T1R506C2883VB119.h5,118.85714285714286,0.7498836668217728,0.11999999998710613,late,2
T1,M1,507,119,2887,M1T1R507C2887VB119.h5,119.0,0.7508143322475521,0.09999999998925668,late,2
T1,M1,508,119,2891,M1T1R508C2891VB119.h5,119.14285714285714,0.7517449976733316,0.0999999999892543,late,2
T1,M1,509,119,2895,M1T1R509C2895VB119.h5,119.28571428571429,0.752675663099111,0.0999999999892543,late,2
T1,M1,510,119,2899,M1T1R510C2899VB119.h5,119.42857142857143,0.7536063285248904,0.11999999998710613,late,2
T1,M1,511,120,2903,M1T1R511C2903VB120.h5,119.57142857142857,0.7545369939506699,0.13999999998495555,late,2
T1,M1,512,120,2907,M1T1R512C2907VB120.h5,119.85714285714286,0.7563983248022287,0.15999999998280737,late,2
T1,M1,513,120,2910,M1T1R513C2910VB120.h5,120.14285714285714,0.7582596556537875,0.15999999998280737,late,2
T1,M1,514,120,2914,M1T1R514C2914VB120.h5,120.42857142857143,0.7601209865053464,0.1799999999806592,late,2
T1,M1,515,121,2935,M1T1R515C2935VB121.h5,120.57142857142857,0.7610516519311258,0.1799999999806592,late,2
T1,M1,516,121,2939,M1T1R516C2939VB121.h5,120.85714285714286,0.7629129827826847,0.1799999999806592,late,2
T1,M1,517,121,2942,M1T1R517C2942VB121.h5,121.14285714285714,0.7647743136342435,0.15999999998280737,late,2
T1,M1,518,121,2946,M1T1R518C2946VB121.h5,121.42857142857143,0.7666356444858023,0.17999999998066157,late,2
T1,M1,519,122,2950,M1T1R519C2950VB122.h5,121.57142857142857,0.7675663099115818,0.1799999999806568,late,2
T1,M1,520,122,2954,M1T1R520C2954VB122.h5,121.85714285714286,0.7694276407631407,0.1799999999806592,late,2
T1,M1,521,122,2958,M1T1R521C2958VB122.h5,122.14285714285714,0.7712889716146994,0.15999999998280737,late,2
T1,M1,522,122,2962,M1T1R522C2962VB122.h5,122.42857142857143,0.7731503024662584,0.1799999999806592,late,2
T1,M1,523,123,2985,M1T1R523C2985VB123.h5,122.57142857142857,0.7740809678920377,0.1799999999806568,late,2
T1,M1,524,123,2989,M1T1R524C2989VB123.h5,122.85714285714286,0.7759422987435967,0.17999999998066157,late,2
T1,M1,525,123,2993,M1T1R525C2993VB123.h5,123.14285714285714,0.7778036295951555,0.1799999999806568,late,2
T1,M1,526,123,2996,M1T1R526C2996VB123.h5,123.42857142857143,0.7796649604467144,0.199999999978511,late,2
T1,M1,527,124,3000,M1T1R527C3000VB124.h5,123.71428571428571,0.7815262912982731,0.199999999978511,late,2
T1,M1,528,124,3004,M1T1R528C3004VB124.h5,124.0,0.783387622149832,0.199999999978511,late,2
T1,M1,529,124,3008,M1T1R529C3008VB124.h5,124.28571428571429,0.785248953001391,0.1799999999806568,late,2
T1,M1,530,125,3030,M1T1R530C3030VB125.h5,124.57142857142857,0.7871102838529498,0.15999999998280975,late,2
T1,M1,531,125,3033,M1T1R531C3033VB125.h5,124.71428571428571,0.7880409492787291,0.15999999998280737,late,2
T1,M1,532,125,3037,M1T1R532C3037VB125.h5,124.85714285714286,0.7889716147045086,0.13999999998495555,late,2
T1,M1,533,125,3041,M1T1R533C3041VB125.h5,125.14285714285714,0.7908329455560674,0.11999999998710613,late,2
T1,M1,534,125,3045,M1T1R534C3045VB125.h5,125.28571428571429,0.7917636109818469,0.11999999998710613,late,2
T1,M1,535,125,3049,M1T1R535C3049VB125.h5,125.42857142857143,0.7926942764076264,0.11999999998710613,late,2
T1,M1,536,126,3053,M1T1R536C3053VB126.h5,125.57142857142857,0.7936249418334057,0.09999999998925668,late,2
T1,M1,537,126,3057,M1T1R537C3057VB126.h5,125.71428571428571,0.7945556072591852,0.0999999999892543,late,2
T1,M1,538,126,3060,M1T1R538C3060VB126.h5,125.85714285714286,0.7954862726849646,0.0999999999892543,late,2
T1,M1,539,126,3064,M1T1R539C3064VB126.h5,126.0,0.796416938110744,0.09999999998925668,late,2
T1,M1,540,126,3068,M1T1R540C3068VB126.h5,126.14285714285714,0.7973476035365235,0.0999999999892543,late,2
T1,M1,541,126,3072,M1T1R541C3072VB126.h5,126.28571428571429,0.7982782689623029,0.11999999998710373,late,2
T1,M1,542,126,3076,M1T1R542C3076VB126.h5,126.42857142857143,0.7992089343880823,0.13999999998495793,late,2
T1,M1,543,127,3080,M1T1R543C3080VB127.h5,126.71428571428571,0.8010702652396411,0.15999999998280975,late,2
T1,M1,544,127,3100,M1T1R544C3100VB127.h5,127.0,0.8029315960912,0.1799999999806568,late,2
T1,M1,545,127,3104,M1T1R545C3104VB127.h5,127.28571428571429,0.804792926942759,0.1799999999806592,late,2
T1,M1,546,128,3108,M1T1R546C3108VB128.h5,127.57142857142857,0.8066542577943177,0.15999999998280975,late,2
T1,M1,547,128,3112,M1T1R547C3112VB128.h5,127.71428571428571,0.8075849232200971,0.1799999999806568,late,2
T1,M1,548,128,3116,M1T1R548C3116VB128.h5,127.85714285714286,0.8085155886458766,0.1799999999806592,late,2
T1,M1,549,128,3120,M1T1R549C3120VB128.h5,128.28571428571428,0.8113075849232148,0.199999999978511,late,2
T1,M1,550,128,3123,M1T1R550C3123VB128.h5,128.57142857142858,0.8131689157747738,0.23999999997420987,late,2
T1,M1,551,128,3127,M1T1R551C3127VB128.h5,129.0,0.815960912052112,0.2799999999699135,late,2
T1,M1,552,130,3150,M1T1R552C3150VB130.h5,129.42857142857142,0.8187529083294501,0.27999999996991587,late,2
T1,M1,553,130,3154,M1T1R553C3154VB130.h5,129.85714285714286,0.8215449046067885,0.31999999996561473,late,2
T1,M1,554,131,3158,M1T1R554C3158VB131.h5,130.28571428571428,0.8243369008841268,0.3399999999634665,late,2
T1,M1,555,131,3162,M1T1R555C3162VB131.h5,130.85714285714286,0.8280595625872446,0.3599999999613207,late,2
T1,M1,556,131,3166,M1T1R556C3166VB131.h5,131.42857142857142,0.8317822242903622,0.359999999961316,late,2
T1,M1,557,131,3170,M1T1R557C3170VB131.h5,132.0,0.8355048859934799,0.3599999999613184,late,2
T1,M1,558,132,3174,M1T1R558C3174VB132.h5,132.42857142857142,0.8382968822708181,0.359999999961316,late,2
T1,M1,559,134,3195,M1T1R559C3195VB134.h5,132.85714285714286,0.8410888785481565,0.3599999999613184,late,2
T1,M1,560,134,3199,M1T1R560C3199VB134.h5,133.42857142857142,0.8448115402512741,0.33999999996346414,late,2
T1,M1,561,134,3203,M1T1R561C3203VB134.h5,134.0,0.8485342019543919,0.3199999999656195,late,2
T1,M1,562,134,3207,M1T1R562C3207VB134.h5,134.42857142857142,0.8513261982317301,0.29999999996776533,late,2
T1,M1,563,135,3211,M1T1R563C3211VB135.h5,134.71428571428572,0.8531875290832891,0.2599999999720641,late,2
T1,M1,564,135,3214,M1T1R564C3214VB135.h5,135.0,0.8550488599348479,0.23999999997421226,late,2
T1,M1,565,135,3218,M1T1R565C3218VB135.h5,135.28571428571428,0.8569101907864067,0.2199999999763628,late,2
T1,M1,566,136,3222,M1T1R566C3222VB136.h5,135.71428571428572,0.859702187063745,0.21999999997635805,late,2
T1,M1,567,136,3226,M1T1R567C3226VB136.h5,136.0,0.8615635179153038,0.23999999997421226,late,2
T1,M1,568,136,3230,M1T1R568C3230VB136.h5,136.28571428571428,0.8634248487668627,0.25999999997206164,late,2
T1,M1,569,137,3234,M1T1R569C3234VB137.h5,136.71428571428572,0.866216845044201,0.27999999996991587,late,2
T1,M1,570,137,3238,M1T1R570C3238VB137.h5,137.14285714285714,0.8690088413215392,0.31999999996561473,late,2
T1,M1,571,137,3241,M1T1R571C3241VB137.h5,137.71428571428572,0.8727315030246571,0.33999999996346897,late,2
T1,M1,572,138,3245,M1T1R572C3245VB138.h5,138.28571428571428,0.8764541647277746,0.33999999996346414,late,2
T1,M1,573,139,3266,M1T1R573C3266VB139.h5,138.71428571428572,0.879246161005113,0.3599999999613207,late,2
T1,M1,574,140,3270,M1T1R574C3270VB140.h5,139.14285714285714,0.8820381572824512,0.33999999996346414,late,2
T1,M1,575,140,3273,M1T1R575C3273VB140.h5,139.71428571428572,0.885760818985569,0.29999999996776533,late,2
T1,M1,576,140,3277,M1T1R576C3277VB140.h5,140.14285714285714,0.8885528152629072,0.31999999996561473,late,2
T1,M1,577,140,3281,M1T1R577C3281VB140.h5,140.42857142857142,0.890414146114466,0.33999999996347136,late,2
T1,M1,578,141,3285,M1T1R578C3285VB141.h5,141.0,0.8941368078175838,0.33999999996346414,late,2
T1,M1,579,141,3289,M1T1R579C3289VB141.h5,141.57142857142858,0.8978594695207016,0.37999999995917016,late,2
T1,M1,580,141,3293,M1T1R580C3293VB141.h5,142.14285714285714,0.9015821312238191,0.4199999999548714,late,2
T1,M1,581,144,3316,M1T1R581C3316VB144.h5,142.85714285714286,0.9062354583527163,0.4399999999527209,late,2
T1,M1,582,144,3320,M1T1R582C3320VB144.h5,143.42857142857142,0.909958120055834,0.4599999999505703,late,2
T1,M1,583,144,3324,M1T1R583C3324VB144.h5,144.14285714285714,0.9146114471847311,0.4599999999505726,late,2
T1,M1,584,145,3327,M1T1R584C3327VB145.h5,144.85714285714286,0.9192647743136283,0.4399999999527209,late,2
T1,M1,585,145,3331,M1T1R585C3331VB145.h5,145.42857142857142,0.9229874360167459,0.45999999995057506,late,2
T1,M1,586,146,3335,M1T1R586C3335VB146.h5,146.0,0.9267100977198637,0.43999999995272326,late,2
T1,M1,587,146,3339,M1T1R587C3339VB146.h5,146.71428571428572,0.9313634248487609,0.4399999999527209,late,2
T1,M1,588,148,3361,M1T1R588C3361VB148.h5,147.28571428571428,0.9350860865518785,0.4399999999527256,late,2
T1,M1,589,148,3365,M1T1R589C3365VB148.h5,148.0,0.9397394136807756,0.4399999999527209,late,2
T1,M1,590,149,3368,M1T1R590C3368VB149.h5,148.57142857142858,0.9434620753838935,0.3999999999570196,late,2
T1,M1,591,149,3372,M1T1R591C3372VB149.h5,149.14285714285714,0.947184737087011,0.37999999995917016,late,2
T1,M1,592,150,3376,M1T1R592C3376VB150.h5,149.57142857142858,0.9499767333643494,0.3399999999634665,late,2
T1,M1,593,150,3380,M1T1R593C3380VB150.h5,150.0,0.9527687296416877,0.31999999996561473,late,2
T1,M1,594,150,3384,M1T1R594C3384VB150.h5,150.42857142857142,0.9555607259190259,0.27999999996991587,late,2
T1,M1,595,151,3388,M1T1R595C3388VB151.h5,150.85714285714286,0.9583527221963642,0.27999999996991587,late,2
T1,M1,596,151,3392,M1T1R596C3392VB151.h5,151.14285714285714,0.9602140530479231,0.2799999999699135,late,2
T1,M1,597,152,3395,M1T1R597C3395VB152.h5,151.57142857142858,0.9630060493252615,0.29999999996776766,late,2
T1,M1,598,152,3399,M1T1R598C3399VB152.h5,152.0,0.9657980456025996,0.31999999996561473,late,2
T1,M1,599,152,3403,M1T1R599C3403VB152.h5,152.57142857142858,0.9695207073057174,0.3599999999613184,late,2
T1,M1,600,153,3407,M1T1R600C3407VB153.h5,153.14285714285714,0.973243369008835,0.37999999995916545,late,2
T1,M1,601,153,3411,M1T1R601C3411VB153.h5,153.71428571428572,0.9769660307119528,0.4199999999548714,late,2
T1,M1,602,155,3431,M1T1R602C3431VB155.h5,154.28571428571428,0.9806886924150704,0.4199999999548714,late,2
T1,M1,603,155,3435,M1T1R603C3435VB155.h5,155.0,0.9853420195439676,0.4199999999548714,late,2
T1,M1,604,156,3439,M1T1R604C3439VB156.h5,155.57142857142858,0.9890646812470854,0.3999999999570196,late,2
T1,M1,605,156,3443,M1T1R605C3443VB156.h5,156.14285714285714,0.992787342950203,0.35666666662834384,late,2
T1,M1,606,157,3447,M1T1R606C3447VB157.h5,156.57142857142858,0.9955793392275413,0.2799999999699135,late,2
T1,M1,607,157,3451,M1T1R607C3451VB157.h5,156.83333333333334,0.9972855591748035,0.2349999999747481,late,2
T1,M1,608,157,3455,M1T1R608C3455VB157.h5,157.0,0.9983713355048796,0.19374999997918202,late,2
T1,M1,609,158,3458,M1T1R609C3458VB158.h5,157.25,0.9999999999999936,0.1583333333163209,late,2
T2,M1,1,3,12,M1T2R1C12VB3.h5,4.5,0.0,0.2121212121023477,early,0
T2,M1,2,4,15,M1T2R2C15VB4.h5,5.0,0.003577817531305878,0.23863636361514115,early,0
T2,M1,3,5,19,M1T2R3C19VB5.h5,5.5,0.007155635062611756,0.39090909087432646,early,0
T2,M1,4,6,23,M1T2R4C23VB6.h5,6.0,0.010733452593917633,0.59090909085654,early,0
T2,M1,5,7,27,M1T2R5C27VB7.h5,7.571428571428571,0.02197802197802182,0.7272727272080491,early,0
T2,M1,6,8,31,M1T2R6C31VB8.h5,9.142857142857142,0.033222591362126005,0.8636363635595586,early,0
T2,M1,7,9,35,M1T2R7C35VB9.h5,10.714285714285714,0.044467160746230194,0.9999999999110677,early,0
T2,M1,8,14,55,M1T2R8C55VB14.h5,12.285714285714286,0.05571173013033439,0.9999999999110678,early,0
T2,M1,9,15,58,M1T2R9C58VB15.h5,13.857142857142858,0.06695629951443857,0.9999999999110678,early,0
T2,M1,10,16,62,M1T2R10C62VB16.h5,15.428571428571429,0.07820086889854276,0.9272727271902629,early,0
T2,M1,11,17,66,M1T2R11C66VB17.h5,17.0,0.08944543828264695,0.8545454544694578,early,0
T2,M1,12,18,70,M1T2R12C70VB18.h5,18.0,0.0966010733452587,0.7818181817486529,early,0
T2,M1,13,19,74,M1T2R13C74VB19.h5,19.0,0.10375670840787046,0.7090909090278481,early,0
T2,M1,14,20,78,M1T2R14C78VB20.h5,20.0,0.11091234347048222,0.636363636307043,early,0
T2,M1,15,21,82,M1T2R15C82VB21.h5,21.0,0.11806797853309398,0.6363636363070432,early,0
T2,M1,16,22,85,M1T2R16C85VB22.h5,22.0,0.12522361359570572,0.636363636307043,early,0
T2,M1,17,23,89,M1T2R17C89VB23.h5,23.0,0.1323792486583175,0.7090909090278481,early,0
T2,M1,18,24,93,M1T2R18C93VB24.h5,24.0,0.13953488372092923,0.7818181817486528,early,0
T2,M1,19,25,97,M1T2R19C97VB25.h5,25.571428571428573,0.15077945310503343,0.8545454544694582,early,0
T2,M1,20,26,101,M1T2R20C101VB26.h5,27.142857142857142,0.1620240224891376,0.9272727271902627,early,0
T2,M1,21,27,105,M1T2R21C105VB27.h5,28.714285714285715,0.1732685918732418,0.9999999999110681,early,0
T2,M1,22,32,124,M1T2R22C124VB32.h5,30.285714285714285,0.184513161257346,0.9999999999110681,early,0
T2,M1,23,33,128,M1T2R23C128VB33.h5,31.857142857142858,0.1957577306414502,0.9999999999110681,early,0
T2,M1,24,34,132,M1T2R24C132VB34.h5,33.42857142857143,0.2070023000255544,0.9272727271902627,early,0
T2,M1,25,35,136,M1T2R25C136VB35.h5,35.0,0.21824686940965857,0.8727272726496598,early,0
T2,M1,26,36,140,M1T2R26C140VB36.h5,36.0,0.2254025044722703,0.8181818181090552,early,0
T2,M1,27,37,144,M1T2R27C144VB37.h5,37.142857142857146,0.2335803731152552,0.7454545453882498,early,0
T2,M1,28,38,148,M1T2R28C148VB38.h5,38.285714285714285,0.24175824175824004,0.6545454544872449,early,0
T2,M1,29,39,151,M1T2R29C151VB39.h5,39.285714285714285,0.24891387682085178,0.6181818181268419,early,0
T2,M1,30,41,174,M1T2R30C174VB41.h5,40.142857142857146,0.2550472783030905,0.5454545454060366,early,0
T2,M1,31,42,178,M1T2R31C178VB42.h5,40.857142857142854,0.260158446204956,0.4545454545050306,early,0
T2,M1,32,42,182,M1T2R32C182VB42.h5,41.42857142857143,0.2642473805264484,0.3636363636040251,early,0
T2,M1,33,42,186,M1T2R33C186VB42.h5,41.857142857142854,0.2673140812675677,0.29090909088321876,early,0
T2,M1,34,42,190,M1T2R34C190VB42.h5,42.142857142857146,0.26935854842831397,0.23636363634261628,early,0
T2,M1,35,42,194,M1T2R35C194VB42.h5,42.42857142857143,0.27140301558906016,0.19999999998221332,early,0
T2,M1,36,42,197,M1T2R36C197VB42.h5,42.714285714285715,0.2734474827498064,0.18181818180201284,early,0
T2,M1,37,43,218,M1T2R37C218VB43.h5,43.0,0.2754919499105526,0.18181818180201184,early,0
T2,M1,38,44,222,M1T2R38C222VB44.h5,43.285714285714285,0.27753641707129884,0.18181818180201184,early,0
T2,M1,39,44,225,M1T2R39C225VB44.h5,43.57142857142857,0.279580884232045,0.18181818180201284,early,0
T2,M1,40,44,229,M1T2R40C229VB44.h5,43.857142857142854,0.2816253513927912,0.16363636362181133,early,0
T2,M1,41,44,233,M1T2R41C233VB44.h5,44.142857142857146,0.2836698185535375,0.14545454544160985,early,0
T2,M1,42,44,237,M1T2R42C237VB44.h5,44.285714285714285,0.2846920521339106,0.1272727272614084,early,0
T2,M1,43,44,241,M1T2R43C241VB44.h5,44.42857142857143,0.2857142857142837,0.10909090908120789,early,0
T2,M1,44,45,245,M1T2R44C245VB45.h5,44.57142857142857,0.28673651929465677,0.09090909090100543,early,0
T2,M1,45,45,249,M1T2R45C249VB45.h5,44.714285714285715,0.2877587528750299,0.10909090908120789,early,0
T2,M1,46,45,252,M1T2R46C252VB45.h5,44.857142857142854,0.288780986455403,0.1272727272614084,early,0
T2,M1,47,45,256,M1T2R47C256VB45.h5,45.142857142857146,0.29082545361614925,0.14545454544161085,early,0
T2,M1,48,45,260,M1T2R48C260VB45.h5,45.42857142857143,0.29286992077689544,0.16363636362181133,early,0
T2,M1,49,45,264,M1T2R49C264VB45.h5,45.714285714285715,0.2949143879376417,0.18181818180201184,early,0
T2,M1,50,46,268,M1T2R50C268VB46.h5,46.0,0.2969588550983879,0.18181818180201184,early,0
T2,M1,51,47,288,M1T2R51C288VB47.h5,46.285714285714285,0.29900332225913406,0.18181818180201184,early,0
T2,M1,52,47,292,M1T2R52C292VB47.h5,46.57142857142857,0.3010477894198803,0.18181818180201184,early,0
T2,M1,53,47,295,M1T2R53C295VB47.h5,46.857142857142854,0.3030922565806265,0.16363636362181036,early,0
T2,M1,54,47,299,M1T2R54C299VB47.h5,47.142857142857146,0.30513672374137274,0.16363636362181133,early,0
T2,M1,55,47,303,M1T2R55C303VB47.h5,47.285714285714285,0.3061589573217458,0.16363636362181036,early,0
T2,M1,56,47,307,M1T2R56C307VB47.h5,47.57142857142857,0.30820342448249205,0.16363636362181133,early,0
T2,M1,57,48,311,M1T2R57C311VB48.h5,47.857142857142854,0.31024789164323824,0.16363636362181133,early,0
T2,M1,58,48,315,M1T2R58C315VB48.h5,48.142857142857146,0.3122923588039845,0.18181818180201284,early,0
T2,M1,59,49,338,M1T2R59C338VB49.h5,48.42857142857143,0.3143368259647307,0.16363636362181036,early,0
T2,M1,60,49,342,M1T2R60C342VB49.h5,48.714285714285715,0.3163812931254769,0.14545454544161085,early,0
T2,M1,61,49,345,M1T2R61C345VB49.h5,48.857142857142854,0.31740352670585,0.12727272726140937,early,0
T2,M1,62,49,349,M1T2R62C349VB49.h5,49.0,0.31842576028622316,0.10909090908120692,early,0
T2,M1,63,49,353,M1T2R63C353VB49.h5,49.142857142857146,0.3194479938665963,0.09090909090100642,early,0
T2,M1,64,49,357,M1T2R64C357VB49.h5,49.285714285714285,0.32047022744696935,0.09090909090100642,early,0
T2,M1,65,49,361,M1T2R65C361VB49.h5,49.42857142857143,0.32149246102734247,0.09090909090100543,early,0
T2,M1,66,50,381,M1T2R66C381VB50.h5,49.57142857142857,0.32251469460771554,0.09090909090100543,early,0
T2,M1,67,50,385,M1T2R67C385VB50.h5,49.714285714285715,0.32353692818808866,0.10909090908120789,early,0
T2,M1,68,50,389,M1T2R68C389VB50.h5,49.857142857142854,0.3245591617684618,0.10909090908120692,early,0
T2,M1,69,50,393,M1T2R69C393VB50.h5,50.142857142857146,0.326603628929208,0.10909090908120789,early,0
T2,M1,70,50,396,M1T2R70C396VB50.h5,50.285714285714285,0.3276258625095811,0.10909090908120789,early,0
T2,M1,71,50,400,M1T2R71C400VB50.h5,50.42857142857143,0.3286480960899542,0.10909090908120789,early,0
T2,M1,72,51,404,M1T2R72C404VB51.h5,50.57142857142857,0.32967032967032733,0.09090909090100543,early,0
T2,M1,73,51,408,M1T2R73C408VB51.h5,50.714285714285715,0.33069256325070046,0.09090909090100642,early,0
T2,M1,74,51,412,M1T2R74C412VB51.h5,50.857142857142854,0.3317147968310735,0.07272727272080493,early,0
T2,M1,75,51,416,M1T2R75C416VB51.h5,51.0,0.33273703041144664,0.07272727272080493,early,0
T2,M1,76,51,419,M1T2R76C419VB51.h5,51.0,0.33273703041144664,0.07272727272080395,early,0
T2,M1,77,51,423,M1T2R77C423VB51.h5,51.142857142857146,0.33375926399181977,0.07272727272080592,early,0
T2,M1,78,51,427,M1T2R78C427VB51.h5,51.285714285714285,0.33478149757219283,0.07272727272080493,early,0
T2,M1,79,51,431,M1T2R79C431VB51.h5,51.42857142857143,0.335803731152566,0.10909090908120692,early,0
T2,M1,80,52,451,M1T2R80C451VB52.h5,51.57142857142857,0.3368259647329391,0.1272727272614084,early,0
T2,M1,81,52,455,M1T2R81C455VB52.h5,51.857142857142854,0.33887043189368526,0.14545454544161085,early,0
T2,M1,82,52,459,M1T2R82C459VB52.h5,52.142857142857146,0.3409148990544315,0.14545454544160888,early,0
T2,M1,83,52,463,M1T2R83C463VB52.h5,52.42857142857143,0.34295936621517775,0.14545454544160985,early,0
T2,M1,84,53,466,M1T2R84C466VB53.h5,52.57142857142857,0.3439815997955508,0.1272727272614084,early,0
T2,M1,85,53,470,M1T2R85C470VB53.h5,52.714285714285715,0.34500383337592394,0.10909090908120789,early,0
T2,M1,86,53,474,M1T2R86C474VB53.h5,52.857142857142854,0.346026066956297,0.07272727272080493,early,0
T2,M1,87,53,478,M1T2R87C478VB53.h5,53.0,0.3470483005366702,0.054545454540604436,early,0
T2,M1,88,53,501,M1T2R88C501VB53.h5,53.0,0.3470483005366702,0.03636363636040296,early,0
T2,M1,89,53,505,M1T2R89C505VB53.h5,53.0,0.3470483005366702,0.03636363636040395,early,0
T2,M1,90,53,509,M1T2R90C509VB53.h5,53.0,0.3470483005366702,0.03636363636040198,early,0
T2,M1,91,53,513,M1T2R91C513VB53.h5,53.142857142857146,0.3480705341170433,0.05454545454060346,early,0
T2,M1,92,53,516,M1T2R92C516VB53.h5,53.285714285714285,0.3490927676974164,0.07272727272080395,early,0
T2,M1,93,53,520,M1T2R93C520VB53.h5,53.42857142857143,0.3501150012777895,0.09090909090100543,early,0
T2,M1,94,54,524,M1T2R94C524VB54.h5,53.57142857142857,0.35113723485816256,0.09090909090100543,early,0
T2,M1,95,54,544,M1T2R95C544VB54.h5,53.714285714285715,0.3521594684385357,0.09090909090100642,early,0
T2,M1,96,54,548,M1T2R96C548VB54.h5,53.857142857142854,0.3531817020189088,0.07272727272080493,early,0
T2,M1,97,54,552,M1T2R97C552VB54.h5,54.0,0.3542039355992819,0.054545454540604436,early,0
T2,M1,98,54,556,M1T2R98C556VB54.h5,54.0,0.3542039355992819,0.03636363636040296,early,0
T2,M1,99,54,560,M1T2R99C560VB54.h5,54.0,0.3542039355992819,0.01818181818020148,early,0
T2,M1,100,54,563,M1T2R100C563VB54.h5,54.0,0.3542039355992819,0.0,early,0
T2,M1,101,54,567,M1T2R101C567VB54.h5,54.0,0.3542039355992819,0.0,early,0
T2,M1,102,54,571,M1T2R102C571VB54.h5,54.0,0.3542039355992819,0.0,early,0
T2,M1,103,54,575,M1T2R103C575VB54.h5,54.0,0.3542039355992819,0.0,early,0
T2,M1,104,54,579,M1T2R104C579VB54.h5,54.0,0.3542039355992819,0.01818181818020148,early,0
T2,M1,105,54,583,M1T2R105C583VB54.h5,54.0,0.3542039355992819,0.03636363636040198,early,0
T2,M1,106,54,586,M1T2R106C586VB54.h5,54.142857142857146,0.35522616917965505,0.05454545454060346,early,0
T2,M1,107,54,590,M1T2R107C590VB54.h5,54.285714285714285,0.3562484027600281,0.07272727272080493,early,0
T2,M1,108,54,594,M1T2R108C594VB54.h5,54.42857142857143,0.35727063634040124,0.09090909090100642,early,0
T2,M1,109,55,614,M1T2R109C614VB55.h5,54.57142857142857,0.35829286992077436,0.09090909090100543,early,0
T2,M1,110,55,618,M1T2R110C618VB55.h5,54.714285714285715,0.3593151035011475,0.09090909090100642,early,0
T2,M1,111,55,622,M1T2R111C622VB55.h5,54.857142857142854,0.36033733708152055,0.07272727272080493,early,0
T2,M1,112,55,626,M1T2R112C626VB55.h5,55.0,0.36135957066189367,0.05454545454060346,early,0
T2,M1,113,55,629,M1T2R113C629VB55.h5,55.0,0.36135957066189367,0.03636363636040198,early,0
T2,M1,114,55,633,M1T2R114C633VB55.h5,55.0,0.36135957066189367,0.01818181818020148,early,0
T2,M1,115,55,637,M1T2R115C637VB55.h5,55.0,0.36135957066189367,0.0,early,0
T2,M1,116,55,641,M1T2R116C641VB55.h5,55.0,0.36135957066189367,0.0,early,0
T2,M1,117,55,664,M1T2R117C664VB55.h5,55.0,0.36135957066189367,0.0,early,0
T2,M1,118,55,668,M1T2R118C668VB55.h5,55.0,0.36135957066189367,0.0,early,0
T2,M1,119,55,672,M1T2R119C672VB55.h5,55.0,0.36135957066189367,0.01818181818020148,early,0
T2,M1,120,55,676,M1T2R120C676VB55.h5,55.0,0.36135957066189367,0.03636363636040198,early,0
T2,M1,121,55,679,M1T2R121C679VB55.h5,55.142857142857146,0.3623818042422668,0.054545454540604436,early,0
T2,M1,122,55,683,M1T2R122C683VB55.h5,55.285714285714285,0.36340403782263986,0.07272727272080493,early,0
T2,M1,123,55,687,M1T2R123C687VB55.h5,55.42857142857143,0.36442627140301304,0.09090909090100642,early,0
T2,M1,124,56,707,M1T2R124C707VB56.h5,55.57142857142857,0.3654485049833861,0.09090909090100543,early,0
T2,M1,125,56,711,M1T2R125C711VB56.h5,55.714285714285715,0.3664707385637592,0.09090909090100642,early,0
T2,M1,126,56,715,M1T2R126C715VB56.h5,55.857142857142854,0.3674929721441323,0.07272727272080395,early,0
T2,M1,127,56,719,M1T2R127C719VB56.h5,56.0,0.3685152057245054,0.05454545454060346,early,0
T2,M1,128,56,723,M1T2R128C723VB56.h5,56.0,0.3685152057245054,0.03636363636040198,early,0
T2,M1,129,56,726,M1T2R129C726VB56.h5,56.0,0.3685152057245054,0.01818181818020148,early,0
T2,M1,130,56,730,M1T2R130C730VB56.h5,56.0,0.3685152057245054,0.0,early,0
T2,M1,131,56,734,M1T2R131C734VB56.h5,56.0,0.3685152057245054,0.0,early,0
T2,M1,132,56,738,M1T2R132C738VB56.h5,56.0,0.3685152057245054,0.0,early,0
T2,M1,133,56,742,M1T2R133C742VB56.h5,56.0,0.3685152057245054,0.0,early,0
T2,M1,134,56,746,M1T2R134C746VB56.h5,56.0,0.3685152057245054,0.0,early,0
T2,M1,135,56,750,M1T2R135C750VB56.h5,56.0,0.3685152057245054,0.0,early,0
T2,M1,136,56,753,M1T2R136C753VB56.h5,56.0,0.3685152057245054,0.01818181818020148,early,0
T2,M1,137,56,757,M1T2R137C757VB56.h5,56.0,0.3685152057245054,0.03636363636040296,early,0
T2,M1,138,56,777,M1T2R138C777VB56.h5,56.142857142857146,0.36953743930487853,0.054545454540604436,early,0
T2,M1,139,56,781,M1T2R139C781VB56.h5,56.285714285714285,0.37055967288525166,0.07272727272080493,early,0
T2,M1,140,56,785,M1T2R140C785VB56.h5,56.42857142857143,0.3715819064656248,0.09090909090100642,early,0
T2,M1,141,57,789,M1T2R141C789VB57.h5,56.57142857142857,0.37260414004599784,0.09090909090100543,early,0
T2,M1,142,57,793,M1T2R142C793VB57.h5,56.714285714285715,0.37362637362637097,0.09090909090100543,early,0
T2,M1,143,57,796,M1T2R143C796VB57.h5,56.857142857142854,0.37464860720674403,0.07272727272080395,early,0
T2,M1,144,57,800,M1T2R144C800VB57.h5,57.0,0.37567084078711716,0.05454545454060346,early,0
T2,M1,145,57,804,M1T2R145C804VB57.h5,57.0,0.37567084078711716,0.03636363636040198,early,0
T2,M1,146,57,827,M1T2R146C827VB57.h5,57.0,0.37567084078711716,0.01818181818020148,early,0
T2,M1,147,57,831,M1T2R147C831VB57.h5,57.0,0.37567084078711716,0.0,early,0
T2,M1,148,57,835,M1T2R148C835VB57.h5,57.0,0.37567084078711716,0.018181818180202466,early,0
T2,M1,149,57,839,M1T2R149C839VB57.h5,57.0,0.37567084078711716,0.03636363636040296,early,0
T2,M1,150,57,843,M1T2R150C843VB57.h5,57.142857142857146,0.37669307436749033,0.054545454540604436,early,0
T2,M1,151,57,846,M1T2R151C846VB57.h5,57.285714285714285,0.3777153079478634,0.07272727272080493,early,0
T2,M1,152,57,850,M1T2R152C850VB57.h5,57.42857142857143,0.3787375415282365,0.09090909090100642,early,0
T2,M1,153,58,870,M1T2R153C870VB58.h5,57.57142857142857,0.3797597751086096,0.09090909090100543,early,0
T2,M1,154,58,874,M1T2R154C874VB58.h5,57.714285714285715,0.3807820086889827,0.09090909090100642,early,0
T2,M1,155,58,878,M1T2R155C878VB58.h5,57.857142857142854,0.38180424226935583,0.07272727272080493,early,0
T2,M1,156,58,882,M1T2R156C882VB58.h5,58.0,0.38282647584972895,0.054545454540604436,early,0
T2,M1,157,58,886,M1T2R157C886VB58.h5,58.0,0.38282647584972895,0.03636363636040296,early,0
T2,M1,158,58,890,M1T2R158C890VB58.h5,58.0,0.38282647584972895,0.01818181818020148,early,0
T2,M1,159,58,894,M1T2R159C894VB58.h5,58.0,0.38282647584972895,0.0,early,0
T2,M1,160,58,897,M1T2R160C897VB58.h5,58.0,0.38282647584972895,0.0,early,0
T2,M1,161,58,901,M1T2R161C901VB58.h5,58.0,0.38282647584972895,0.0,early,0
T2,M1,162,58,905,M1T2R162C905VB58.h5,58.0,0.38282647584972895,0.01818181818020148,early,0
T2,M1,163,58,909,M1T2R163C909VB58.h5,58.0,0.38282647584972895,0.03636363636040198,early,0
T2,M1,164,58,913,M1T2R164C913VB58.h5,58.142857142857146,0.3838487094301021,0.05454545454060346,early,0
T2,M1,165,58,917,M1T2R165C917VB58.h5,58.285714285714285,0.38487094301047514,0.07272727272080395,early,0
T2,M1,166,58,920,M1T2R166C920VB58.h5,58.42857142857143,0.38589317659084826,0.09090909090100642,early,0
T2,M1,167,59,941,M1T2R167C941VB59.h5,58.57142857142857,0.38691541017122133,0.09090909090100543,early,0
T2,M1,168,59,944,M1T2R168C944VB59.h5,58.714285714285715,0.3879376437515945,0.09090909090100642,early,0
T2,M1,169,59,948,M1T2R169C948VB59.h5,58.857142857142854,0.3889598773319676,0.07272727272080493,early,0
T2,M1,170,59,952,M1T2R170C952VB59.h5,59.0,0.3899821109123407,0.054545454540604436,early,0
T2,M1,171,59,956,M1T2R171C956VB59.h5,59.0,0.3899821109123407,0.03636363636040198,early,0
T2,M1,172,59,960,M1T2R172C960VB59.h5,59.0,0.3899821109123407,0.01818181818020148,early,0
T2,M1,173,59,964,M1T2R173C964VB59.h5,59.0,0.3899821109123407,0.0,early,0
T2,M1,174,59,968,M1T2R174C968VB59.h5,59.0,0.3899821109123407,0.0,early,0
T2,M1,175,59,991,M1T2R175C991VB59.h5,59.0,0.3899821109123407,0.01818181818020148,early,0
T2,M1,176,59,994,M1T2R176C994VB59.h5,59.0,0.3899821109123407,0.03636363636040198,early,0
T2,M1,177,59,998,M1T2R177C998VB59.h5,59.142857142857146,0.3910043444927138,0.05454545454060346,early,0
T2,M1,178,59,1002,M1T2R178C1002VB59.h5,59.285714285714285,0.3920265780730869,0.07272727272080493,early,0
T2,M1,179,59,1006,M1T2R179C1006VB59.h5,59.42857142857143,0.39304881165346,0.09090909090100642,early,0
T2,M1,180,60,1010,M1T2R180C1010VB60.h5,59.57142857142857,0.39407104523383313,0.09090909090100543,early,0
T2,M1,181,60,1014,M1T2R181C1014VB60.h5,59.714285714285715,0.39509327881420625,0.09090909090100642,early,0
T2,M1,182,60,1034,M1T2R182C1034VB60.h5,59.857142857142854,0.3961155123945793,0.07272727272080493,early,0
T2,M1,183,60,1038,M1T2R183C1038VB60.h5,60.0,0.39713774597495244,0.05454545454060346,early,0
T2,M1,184,60,1041,M1T2R184C1041VB60.h5,60.0,0.39713774597495244,0.03636363636040198,early,0
T2,M1,185,60,1045,M1T2R185C1045VB60.h5,60.0,0.39713774597495244,0.01818181818020148,early,0
T2,M1,186,60,1049,M1T2R186C1049VB60.h5,60.0,0.39713774597495244,0.0,early,0
T2,M1,187,60,1053,M1T2R187C1053VB60.h5,60.0,0.39713774597495244,0.0,early,0
T2,M1,188,60,1057,M1T2R188C1057VB60.h5,60.0,0.39713774597495244,0.0,early,0
T2,M1,189,60,1061,M1T2R189C1061VB60.h5,60.0,0.39713774597495244,0.0,early,0
T2,M1,190,60,1065,M1T2R190C1065VB60.h5,60.0,0.39713774597495244,0.01818181818020148,early,0
T2,M1,191,60,1068,M1T2R191C1068VB60.h5,60.0,0.39713774597495244,0.03636363636040296,early,0
T2,M1,192,60,1072,M1T2R192C1072VB60.h5,60.142857142857146,0.39815997955532556,0.054545454540604436,middle,1
T2,M1,193,60,1076,M1T2R193C1076VB60.h5,60.285714285714285,0.3991822131356987,0.07272727272080493,middle,1
T2,M1,194,60,1080,M1T2R194C1080VB60.h5,60.42857142857143,0.4002044467160718,0.09090909090100642,middle,1
T2,M1,195,61,1084,M1T2R195C1084VB61.h5,60.57142857142857,0.40122668029644487,0.09090909090100543,middle,1
T2,M1,196,61,1104,M1T2R196C1104VB61.h5,60.714285714285715,0.402248913876818,0.09090909090100543,middle,1
T2,M1,197,61,1108,M1T2R197C1108VB61.h5,60.857142857142854,0.40327114745719106,0.07272727272080395,middle,1
T2,M1,198,61,1112,M1T2R198C1112VB61.h5,61.0,0.4042933810375642,0.05454545454060346,middle,1
T2,M1,199,61,1115,M1T2R199C1115VB61.h5,61.0,0.4042933810375642,0.054545454540604436,middle,1
T2,M1,200,61,1119,M1T2R200C1119VB61.h5,61.0,0.4042933810375642,0.054545454540604436,middle,1
T2,M1,201,61,1123,M1T2R201C1123VB61.h5,61.142857142857146,0.40531561461793736,0.054545454540604436,middle,1
T2,M1,202,61,1127,M1T2R202C1127VB61.h5,61.285714285714285,0.4063378481983104,0.07272727272080493,middle,1
T2,M1,203,61,1131,M1T2R203C1131VB61.h5,61.42857142857143,0.40736008177868355,0.09090909090100642,middle,1
T2,M1,204,62,1154,M1T2R204C1154VB62.h5,61.57142857142857,0.4083823153590566,0.09090909090100543,middle,1
T2,M1,205,62,1158,M1T2R205C1158VB62.h5,61.714285714285715,0.40940454893942974,0.10909090908120789,middle,1
T2,M1,206,62,1161,M1T2R206C1161VB62.h5,61.857142857142854,0.41042678251980286,0.10909090908120692,middle,1
T2,M1,207,62,1165,M1T2R207C1165VB62.h5,62.142857142857146,0.4124712496805491,0.10909090908120789,middle,1
T2,M1,208,62,1169,M1T2R208C1169VB62.h5,62.285714285714285,0.41349348326092217,0.10909090908120692,middle,1
T2,M1,209,62,1173,M1T2R209C1173VB62.h5,62.42857142857143,0.4145157168412953,0.1272727272614084,middle,1
T2,M1,210,63,1177,M1T2R210C1177VB63.h5,62.57142857142857,0.41553795042166836,0.1272727272614084,middle,1
T2,M1,211,63,1197,M1T2R211C1197VB63.h5,62.857142857142854,0.4175824175824146,0.14545454544160985,middle,1
T2,M1,212,63,1201,M1T2R212C1201VB63.h5,63.142857142857146,0.41962688474316084,0.14545454544160985,middle,1
T2,M1,213,63,1205,M1T2R213C1205VB63.h5,63.42857142857143,0.42167135190390703,0.14545454544161085,middle,1
T2,M1,214,64,1209,M1T2R214C1209VB64.h5,63.57142857142857,0.42269358548428015,0.1272727272614084,middle,1
T2,M1,215,64,1212,M1T2R215C1212VB64.h5,63.714285714285715,0.4237158190646533,0.10909090908120692,middle,1
T2,M1,216,64,1216,M1T2R216C1216VB64.h5,63.857142857142854,0.42473805264502634,0.07272727272080493,middle,1
T2,M1,217,64,1220,M1T2R217C1220VB64.h5,64.0,0.42576028622539946,0.07272727272080395,middle,1
T2,M1,218,64,1224,M1T2R218C1224VB64.h5,64.0,0.42576028622539946,0.07272727272080493,middle,1
T2,M1,219,64,1228,M1T2R219C1228VB64.h5,64.14285714285714,0.42678251980577253,0.07272727272080592,middle,1
T2,M1,220,64,1232,M1T2R220C1232VB64.h5,64.28571428571429,0.4278047533861457,0.07272727272080493,middle,1
T2,M1,221,64,1236,M1T2R221C1236VB64.h5,64.42857142857143,0.42882698696651883,0.10909090908120789,middle,1
T2,M1,222,65,1239,M1T2R222C1239VB65.h5,64.57142857142857,0.4298492205468919,0.12727272726140937,middle,1
T2,M1,223,65,1243,M1T2R223C1243VB65.h5,64.85714285714286,0.43189368770763814,0.14545454544160985,middle,1
T2,M1,224,65,1247,M1T2R224C1247VB65.h5,65.14285714285714,0.43393815486838433,0.14545454544160888,middle,1
T2,M1,225,65,1267,M1T2R225C1267VB65.h5,65.42857142857143,0.4359826220291306,0.14545454544160888,middle,1
T2,M1,226,66,1271,M1T2R226C1271VB66.h5,65.57142857142857,0.43700485560950364,0.1272727272614084,middle,1
T2,M1,227,66,1275,M1T2R227C1275VB66.h5,65.71428571428571,0.4380270891898767,0.10909090908120789,middle,1
T2,M1,228,66,1279,M1T2R228C1279VB66.h5,65.85714285714286,0.4390493227702499,0.09090909090100543,middle,1
T2,M1,229,66,1282,M1T2R229C1282VB66.h5,66.0,0.440071556350623,0.0909090909010074,middle,1
T2,M1,230,66,1286,M1T2R230C1286VB66.h5,66.14285714285714,0.44109378993099607,0.0909090909010074,middle,1
T2,M1,231,66,1290,M1T2R231C1290VB66.h5,66.28571428571429,0.44211602351136925,0.09090909090100543,middle,1
T2,M1,232,66,1294,M1T2R232C1294VB66.h5,66.42857142857143,0.4431382570917423,0.10909090908120789,middle,1
T2,M1,233,67,1317,M1T2R233C1317VB67.h5,66.57142857142857,0.4441604906721154,0.1272727272614084,middle,1
T2,M1,234,67,1321,M1T2R234C1321VB67.h5,66.85714285714286,0.4462049578328617,0.14545454544160888,middle,1
T2,M1,235,67,1325,M1T2R235C1325VB67.h5,67.14285714285714,0.4482494249936078,0.14545454544160985,middle,1
T2,M1,236,67,1329,M1T2R236C1329VB67.h5,67.42857142857143,0.45029389215435406,0.16363636362181233,middle,1
T2,M1,237,68,1333,M1T2R237C1333VB68.h5,67.57142857142857,0.4513161257347272,0.16363636362180936,middle,1
T2,M1,238,68,1336,M1T2R238C1336VB68.h5,67.85714285714286,0.4533605928954734,0.16363636362181233,middle,1
T2,M1,239,68,1340,M1T2R239C1340VB68.h5,68.14285714285714,0.45540506005621956,0.14545454544160985,middle,1
T2,M1,240,68,1360,M1T2R240C1360VB68.h5,68.42857142857143,0.45744952721696586,0.14545454544160888,middle,1
T2,M1,241,69,1364,M1T2R241C1364VB69.h5,68.57142857142857,0.4584717607973389,0.1272727272614084,middle,1
T2,M1,242,69,1368,M1T2R242C1368VB69.h5,68.71428571428571,0.459493994377712,0.10909090908120789,middle,1
T2,M1,243,69,1372,M1T2R243C1372VB69.h5,68.85714285714286,0.46051622795808517,0.07272727272080395,middle,1
T2,M1,244,69,1376,M1T2R244C1376VB69.h5,69.0,0.46153846153845823,0.07272727272080493,middle,1
T2,M1,245,69,1380,M1T2R245C1380VB69.h5,69.0,0.46153846153845823,0.07272727272080691,middle,1
T2,M1,246,69,1383,M1T2R246C1383VB69.h5,69.14285714285714,0.46256069511883136,0.07272727272080493,middle,1
T2,M1,247,69,1387,M1T2R247C1387VB69.h5,69.28571428571429,0.46358292869920453,0.07272727272080493,middle,1
T2,M1,248,69,1391,M1T2R248C1391VB69.h5,69.42857142857143,0.4646051622795776,0.09090909090100543,middle,1
T2,M1,249,70,1395,M1T2R249C1395VB70.h5,69.57142857142857,0.46562739585995067,0.10909090908120789,middle,1
T2,M1,250,70,1399,M1T2R250C1399VB70.h5,69.71428571428571,0.46664962944032373,0.1272727272614084,middle,1
T2,M1,251,70,1403,M1T2R251C1403VB70.h5,70.0,0.46869409660107003,0.1272727272614084,middle,1
T2,M1,252,70,1407,M1T2R252C1407VB70.h5,70.28571428571429,0.4707385637618163,0.1272727272614084,middle,1
T2,M1,253,70,1410,M1T2R253C1410VB70.h5,70.42857142857143,0.47176079734218934,0.12727272726140937,middle,1
T2,M1,254,71,1430,M1T2R254C1430VB71.h5,70.57142857142857,0.4727830309225624,0.10909090908120789,middle,1
T2,M1,255,71,1434,M1T2R255C1434VB71.h5,70.71428571428571,0.47380526450293553,0.09090909090100543,middle,1
T2,M1,256,71,1438,M1T2R256C1438VB71.h5,70.85714285714286,0.4748274980833087,0.09090909090100543,middle,1
T2,M1,257,71,1442,M1T2R257C1442VB71.h5,71.0,0.4758497316636818,0.0909090909010074,middle,1
T2,M1,258,71,1446,M1T2R258C1446VB71.h5,71.14285714285714,0.47687196524405484,0.09090909090100642,middle,1
T2,M1,259,71,1450,M1T2R259C1450VB71.h5,71.28571428571429,0.477894198824428,0.09090909090100543,middle,1
T2,M1,260,71,1454,M1T2R260C1454VB71.h5,71.42857142857143,0.4789164324048011,0.09090909090100543,middle,1
T2,M1,261,72,1457,M1T2R261C1457VB72.h5,71.57142857142857,0.4799386659851742,0.0909090909010074,middle,1
T2,M1,262,72,1481,M1T2R262C1481VB72.h5,71.71428571428571,0.4809608995655473,0.09090909090100543,middle,1
T2,M1,263,72,1484,M1T2R263C1484VB72.h5,71.85714285714286,0.48198313314592045,0.07272727272080493,middle,1
T2,M1,264,72,1488,M1T2R264C1488VB72.h5,72.0,0.4830053667262935,0.07272727272080395,middle,1
T2,M1,265,72,1492,M1T2R265C1492VB72.h5,72.0,0.4830053667262935,0.07272727272080592,middle,1
T2,M1,266,72,1496,M1T2R266C1496VB72.h5,72.14285714285714,0.4840276003066666,0.07272727272080493,middle,1
T2,M1,267,72,1500,M1T2R267C1500VB72.h5,72.28571428571429,0.48504983388703976,0.07272727272080493,middle,1
T2,M1,268,72,1504,M1T2R268C1504VB72.h5,72.42857142857143,0.4860720674674129,0.09090909090100543,middle,1
T2,M1,269,73,1524,M1T2R269C1524VB73.h5,72.57142857142857,0.48709430104778595,0.0909090909010074,middle,1
T2,M1,270,73,1527,M1T2R270C1527VB73.h5,72.71428571428571,0.488116534628159,0.09090909090100543,middle,1
T2,M1,271,73,1531,M1T2R271C1531VB73.h5,72.85714285714286,0.4891387682085322,0.07272727272080395,middle,1
T2,M1,272,73,1535,M1T2R272C1535VB73.h5,73.0,0.49016100178890526,0.05454545454060346,middle,1
T2,M1,273,73,1539,M1T2R273C1539VB73.h5,73.0,0.49016100178890526,0.03636363636040296,middle,1
T2,M1,274,73,1543,M1T2R274C1543VB73.h5,73.0,0.49016100178890526,0.018181818180200492,middle,1
T2,M1,275,73,1547,M1T2R275C1547VB73.h5,73.0,0.49016100178890526,0.0,middle,1
T2,M1,276,73,1551,M1T2R276C1551VB73.h5,73.0,0.49016100178890526,0.0,middle,1
T2,M1,277,73,1554,M1T2R277C1554VB73.h5,73.0,0.49016100178890526,0.0,middle,1
T2,M1,278,73,1558,M1T2R278C1558VB73.h5,73.0,0.49016100178890526,0.0,middle,1
T2,M1,279,73,1562,M1T2R279C1562VB73.h5,73.0,0.49016100178890526,0.01818181818020148,middle,1
T2,M1,280,73,1566,M1T2R280C1566VB73.h5,73.0,0.49016100178890526,0.03636363636040395,middle,1
T2,M1,281,73,1570,M1T2R281C1570VB73.h5,73.14285714285714,0.4911832353692784,0.054545454540604436,middle,1
T2,M1,282,73,1574,M1T2R282C1574VB73.h5,73.28571428571429,0.49220546894965156,0.07272727272080493,middle,1
T2,M1,283,73,1594,M1T2R283C1594VB73.h5,73.42857142857143,0.4932277025300246,0.09090909090100543,middle,1
T2,M1,284,74,1598,M1T2R284C1598VB74.h5,73.57142857142857,0.4942499361103977,0.09090909090100642,middle,1
T2,M1,285,74,1601,M1T2R285C1601VB74.h5,73.71428571428571,0.49527216969077076,0.09090909090100543,middle,1
T2,M1,286,74,1605,M1T2R286C1605VB74.h5,73.85714285714286,0.49629440327114394,0.07272727272080493,middle,1
T2,M1,287,74,1609,M1T2R287C1609VB74.h5,74.0,0.49731663685151706,0.054545454540604436,middle,1
T2,M1,288,74,1613,M1T2R288C1613VB74.h5,74.0,0.49731663685151706,0.03636363636040395,middle,1
T2,M1,289,74,1617,M1T2R289C1617VB74.h5,74.0,0.49731663685151706,0.01818181818020148,middle,1
T2,M1,290,74,1621,M1T2R290C1621VB74.h5,74.0,0.49731663685151706,0.0,middle,1
T2,M1,291,74,1644,M1T2R291C1644VB74.h5,74.0,0.49731663685151706,0.0,middle,1
T2,M1,292,74,1648,M1T2R292C1648VB74.h5,74.0,0.49731663685151706,0.0,middle,1
T2,M1,293,74,1651,M1T2R293C1651VB74.h5,74.0,0.49731663685151706,0.018181818180200492,middle,1
T2,M1,294,74,1655,M1T2R294C1655VB74.h5,74.0,0.49731663685151706,0.03636363636040296,middle,1
T2,M1,295,74,1659,M1T2R295C1659VB74.h5,74.14285714285714,0.4983388704318901,0.054545454540604436,middle,1
T2,M1,296,74,1663,M1T2R296C1663VB74.h5,74.28571428571429,0.4993611040122633,0.07272727272080395,middle,1
T2,M1,297,74,1667,M1T2R297C1667VB74.h5,74.42857142857143,0.5003833375926364,0.09090909090100543,middle,1
T2,M1,298,75,1687,M1T2R298C1687VB75.h5,74.57142857142857,0.5014055711730094,0.09090909090100642,middle,1
T2,M1,299,75,1691,M1T2R299C1691VB75.h5,74.71428571428571,0.5024278047533826,0.09090909090100543,middle,1
T2,M1,300,75,1694,M1T2R300C1694VB75.h5,74.85714285714286,0.5034500383337557,0.07272727272080395,middle,1
T2,M1,301,75,1698,M1T2R301C1698VB75.h5,75.0,0.5044722719141288,0.054545454540604436,middle,1
T2,M1,302,75,1702,M1T2R302C1702VB75.h5,75.0,0.5044722719141288,0.03636363636040296,middle,1
T2,M1,303,75,1706,M1T2R303C1706VB75.h5,75.0,0.5044722719141288,0.01818181818020148,middle,1
T2,M1,304,75,1710,M1T2R304C1710VB75.h5,75.0,0.5044722719141288,0.0,middle,1
T2,M1,305,75,1714,M1T2R305C1714VB75.h5,75.0,0.5044722719141288,0.0,middle,1
T2,M1,306,75,1718,M1T2R306C1718VB75.h5,75.0,0.5044722719141288,0.0,middle,1
T2,M1,307,75,1721,M1T2R307C1721VB75.h5,75.0,0.5044722719141288,0.01818181818020148,middle,1
T2,M1,308,75,1725,M1T2R308C1725VB75.h5,75.0,0.5044722719141288,0.03636363636040296,middle,1
T2,M1,309,75,1729,M1T2R309C1729VB75.h5,75.14285714285714,0.5054945054945019,0.054545454540604436,middle,1
T2,M1,310,75,1733,M1T2R310C1733VB75.h5,75.28571428571429,0.506516739074875,0.07272727272080395,middle,1
T2,M1,311,75,1737,M1T2R311C1737VB75.h5,75.42857142857143,0.5075389726552482,0.09090909090100543,middle,1
T2,M1,312,76,1757,M1T2R312C1757VB76.h5,75.57142857142857,0.5085612062356212,0.09090909090100543,middle,1
T2,M1,313,76,1761,M1T2R313C1761VB76.h5,75.71428571428571,0.5095834398159943,0.09090909090100543,middle,1
T2,M1,314,76,1765,M1T2R314C1765VB76.h5,75.85714285714286,0.5106056733963674,0.07272727272080395,middle,1
T2,M1,315,76,1769,M1T2R315C1769VB76.h5,76.0,0.5116279069767405,0.054545454540604436,middle,1
T2,M1,316,76,1773,M1T2R316C1773VB76.h5,76.0,0.5116279069767405,0.03636363636040296,middle,1
T2,M1,317,76,1776,M1T2R317C1776VB76.h5,76.0,0.5116279069767405,0.01818181818020148,middle,1
T2,M1,318,76,1780,M1T2R318C1780VB76.h5,76.0,0.5116279069767405,0.0,middle,1
T2,M1,319,76,1784,M1T2R319C1784VB76.h5,76.0,0.5116279069767405,0.0,middle,1
T2,M1,320,76,1807,M1T2R320C1807VB76.h5,76.0,0.5116279069767405,0.0,middle,1
T2,M1,321,76,1811,M1T2R321C1811VB76.h5,76.0,0.5116279069767405,0.0,middle,1
T2,M1,322,76,1815,M1T2R322C1815VB76.h5,76.0,0.5116279069767405,0.0,middle,1
T2,M1,323,76,1819,M1T2R323C1819VB76.h5,76.0,0.5116279069767405,0.0,middle,1
T2,M1,324,76,1823,M1T2R324C1823VB76.h5,76.0,0.5116279069767405,0.01818181818020148,middle,1
T2,M1,325,76,1826,M1T2R325C1826VB76.h5,76.0,0.5116279069767405,0.03636363636040296,middle,1
T2,M1,326,76,1830,M1T2R326C1830VB76.h5,76.14285714285714,0.5126501405571137,0.054545454540604436,middle,1
T2,M1,327,76,1850,M1T2R327C1850VB76.h5,76.28571428571429,0.5136723741374868,0.07272727272080395,middle,1
T2,M1,328,76,1854,M1T2R328C1854VB76.h5,76.42857142857143,0.5146946077178599,0.09090909090100543,middle,1
T2,M1,329,77,1858,M1T2R329C1858VB77.h5,76.57142857142857,0.5157168412982329,0.0909090909010074,middle,1
T2,M1,330,77,1862,M1T2R330C1862VB77.h5,76.71428571428571,0.516739074878606,0.09090909090100543,middle,1
T2,M1,331,77,1866,M1T2R331C1866VB77.h5,76.85714285714286,0.5177613084589793,0.07272727272080395,middle,1
T2,M1,332,77,1870,M1T2R332C1870VB77.h5,77.0,0.5187835420393523,0.054545454540604436,middle,1
T2,M1,333,77,1873,M1T2R333C1873VB77.h5,77.0,0.5187835420393523,0.03636363636040296,middle,1
T2,M1,334,77,1877,M1T2R334C1877VB77.h5,77.0,0.5187835420393523,0.018181818180199504,middle,1
T2,M1,335,77,1881,M1T2R335C1881VB77.h5,77.0,0.5187835420393523,0.0,middle,1
T2,M1,336,77,1885,M1T2R336C1885VB77.h5,77.0,0.5187835420393523,0.0,middle,1
T2,M1,337,77,1889,M1T2R337C1889VB77.h5,77.0,0.5187835420393523,0.0,middle,1
T2,M1,338,77,1893,M1T2R338C1893VB77.h5,77.0,0.5187835420393523,0.0,middle,1
T2,M1,339,77,1897,M1T2R339C1897VB77.h5,77.0,0.5187835420393523,0.0,middle,1
T2,M1,340,77,1900,M1T2R340C1900VB77.h5,77.0,0.5187835420393523,0.0,middle,1
T2,M1,341,77,1920,M1T2R341C1920VB77.h5,77.0,0.5187835420393523,0.0,middle,1
T2,M1,342,77,1924,M1T2R342C1924VB77.h5,77.0,0.5187835420393523,0.0,middle,1
T2,M1,343,77,1928,M1T2R343C1928VB77.h5,77.0,0.5187835420393523,0.0,middle,1
T2,M1,344,77,1932,M1T2R344C1932VB77.h5,77.0,0.5187835420393523,0.0,middle,1
T2,M1,345,77,1936,M1T2R345C1936VB77.h5,77.0,0.5187835420393523,0.0,middle,1
T2,M1,346,77,1940,M1T2R346C1940VB77.h5,77.0,0.5187835420393523,0.0,middle,1
T2,M1,347,77,1944,M1T2R347C1944VB77.h5,77.0,0.5187835420393523,0.0,middle,1
T2,M1,348,77,1947,M1T2R348C1947VB77.h5,77.0,0.5187835420393523,0.0,middle,1
T2,M1,349,77,1970,M1T2R349C1970VB77.h5,77.0,0.5187835420393523,0.0,middle,1
T2,M1,350,77,1974,M1T2R350C1974VB77.h5,77.0,0.5187835420393523,0.01818181818020148,middle,1
T2,M1,351,77,1978,M1T2R351C1978VB77.h5,77.0,0.5187835420393523,0.03636363636040296,middle,1
T2,M1,352,77,1982,M1T2R352C1982VB77.h5,77.14285714285714,0.5198057756197254,0.054545454540604436,middle,1
T2,M1,353,77,1986,M1T2R353C1986VB77.h5,77.28571428571429,0.5208280092000985,0.07272727272080395,middle,1
T2,M1,354,77,1990,M1T2R354C1990VB77.h5,77.42857142857143,0.5218502427804717,0.09090909090100543,middle,1
T2,M1,355,78,1993,M1T2R355C1993VB78.h5,77.57142857142857,0.5228724763608447,0.0909090909010074,middle,1
T2,M1,356,78,2014,M1T2R356C2014VB78.h5,77.71428571428571,0.5238947099412178,0.09090909090100543,middle,1
T2,M1,357,78,2017,M1T2R357C2017VB78.h5,77.85714285714286,0.524916943521591,0.07272727272080395,middle,1
T2,M1,358,78,2021,M1T2R358C2021VB78.h5,78.0,0.525939177101964,0.054545454540604436,middle,1
T2,M1,359,78,2025,M1T2R359C2025VB78.h5,78.0,0.525939177101964,0.03636363636040296,middle,1
T2,M1,360,78,2029,M1T2R360C2029VB78.h5,78.0,0.525939177101964,0.018181818180199504,middle,1
T2,M1,361,78,2033,M1T2R361C2033VB78.h5,78.0,0.525939177101964,0.0,middle,1
T2,M1,362,78,2037,M1T2R362C2037VB78.h5,78.0,0.525939177101964,0.0,middle,1
T2,M1,363,78,2041,M1T2R363C2041VB78.h5,78.0,0.525939177101964,0.0,middle,1
T2,M1,364,78,2044,M1T2R364C2044VB78.h5,78.0,0.525939177101964,0.0,middle,1
T2,M1,365,78,2048,M1T2R365C2048VB78.h5,78.0,0.525939177101964,0.0,middle,1
T2,M1,366,78,2052,M1T2R366C2052VB78.h5,78.0,0.525939177101964,0.0,middle,1
T2,M1,367,78,2056,M1T2R367C2056VB78.h5,78.0,0.525939177101964,0.0,middle,1
T2,M1,368,78,2060,M1T2R368C2060VB78.h5,78.0,0.525939177101964,0.0,middle,1
T2,M1,369,78,2064,M1T2R369C2064VB78.h5,78.0,0.525939177101964,0.0,middle,1
T2,M1,370,78,2084,M1T2R370C2084VB78.h5,78.0,0.525939177101964,0.0,middle,1
T2,M1,371,78,2087,M1T2R371C2087VB78.h5,78.0,0.525939177101964,0.0,middle,1
T2,M1,372,78,2091,M1T2R372C2091VB78.h5,78.0,0.525939177101964,0.0,middle,1
T2,M1,373,78,2095,M1T2R373C2095VB78.h5,78.0,0.525939177101964,0.01818181818020148,middle,1
T2,M1,374,78,2099,M1T2R374C2099VB78.h5,78.0,0.525939177101964,0.03636363636040296,middle,1
T2,M1,375,78,2103,M1T2R375C2103VB78.h5,78.14285714285714,0.5269614106823372,0.054545454540604436,middle,1
T2,M1,376,78,2107,M1T2R376C2107VB78.h5,78.28571428571429,0.5279836442627103,0.07272727272080592,middle,1
T2,M1,377,78,2111,M1T2R377C2111VB78.h5,78.42857142857143,0.5290058778430834,0.09090909090100543,middle,1
T2,M1,378,79,2134,M1T2R378C2134VB79.h5,78.57142857142857,0.5300281114234565,0.0909090909010074,middle,1
T2,M1,379,79,2138,M1T2R379C2138VB79.h5,78.71428571428571,0.5310503450038295,0.09090909090100543,middle,1
T2,M1,380,79,2141,M1T2R380C2141VB79.h5,78.85714285714286,0.5320725785842028,0.07272727272080395,middle,1
T2,M1,381,79,2145,M1T2R381C2145VB79.h5,79.0,0.5330948121645758,0.05454545454060246,middle,1
T2,M1,382,79,2149,M1T2R382C2149VB79.h5,79.0,0.5330948121645758,0.03636363636040296,middle,1
T2,M1,383,79,2153,M1T2R383C2153VB79.h5,79.0,0.5330948121645758,0.018181818180199504,middle,1
T2,M1,384,79,2157,M1T2R384C2157VB79.h5,79.0,0.5330948121645758,0.0,middle,1
T2,M1,385,79,2177,M1T2R385C2177VB79.h5,79.0,0.5330948121645758,0.0,middle,1
T2,M1,386,79,2181,M1T2R386C2181VB79.h5,79.0,0.5330948121645758,0.0,middle,1
T2,M1,387,79,2184,M1T2R387C2184VB79.h5,79.0,0.5330948121645758,0.0,middle,1
T2,M1,388,79,2188,M1T2R388C2188VB79.h5,79.0,0.5330948121645758,0.0,middle,1
T2,M1,389,79,2192,M1T2R389C2192VB79.h5,79.0,0.5330948121645758,0.0,middle,1
T2,M1,390,79,2196,M1T2R390C2196VB79.h5,79.0,0.5330948121645758,0.0,middle,1
T2,M1,391,79,2200,M1T2R391C2200VB79.h5,79.0,0.5330948121645758,0.0,middle,1
T2,M1,392,79,2204,M1T2R392C2204VB79.h5,79.0,0.5330948121645758,0.0,middle,1
T2,M1,393,79,2208,M1T2R393C2208VB79.h5,79.0,0.5330948121645758,0.0,middle,1
T2,M1,394,79,2211,M1T2R394C2211VB79.h5,79.0,0.5330948121645758,0.01818181818020148,middle,1
T2,M1,395,79,2215,M1T2R395C2215VB79.h5,79.0,0.5330948121645758,0.03636363636040493,middle,1
T2,M1,396,79,2219,M1T2R396C2219VB79.h5,79.14285714285714,0.5341170457449489,0.054545454540604436,middle,1
T2,M1,397,79,2223,M1T2R397C2223VB79.h5,79.28571428571429,0.5351392793253221,0.07272727272080592,middle,1
T2,M1,398,79,2227,M1T2R398C2227VB79.h5,79.42857142857143,0.5361615129056951,0.09090909090100543,middle,1
T2,M1,399,80,2247,M1T2R399C2247VB80.h5,79.57142857142857,0.5371837464860683,0.0909090909010074,middle,1
T2,M1,400,80,2251,M1T2R400C2251VB80.h5,79.71428571428571,0.5382059800664413,0.09090909090100345,middle,1
T2,M1,401,80,2255,M1T2R401C2255VB80.h5,79.85714285714286,0.5392282136468145,0.07272727272080395,middle,1
T2,M1,402,80,2258,M1T2R402C2258VB80.h5,80.0,0.5402504472271875,0.05454545454060246,middle,1
T2,M1,403,80,2262,M1T2R403C2262VB80.h5,80.0,0.5402504472271875,0.03636363636040296,middle,1
T2,M1,404,80,2266,M1T2R404C2266VB80.h5,80.0,0.5402504472271875,0.018181818180199504,middle,1
T2,M1,405,80,2270,M1T2R405C2270VB80.h5,80.0,0.5402504472271875,0.0,middle,1
T2,M1,406,80,2274,M1T2R406C2274VB80.h5,80.0,0.5402504472271875,0.0,middle,1
T2,M1,407,80,2297,M1T2R407C2297VB80.h5,80.0,0.5402504472271875,0.0,middle,1
T2,M1,408,80,2301,M1T2R408C2301VB80.h5,80.0,0.5402504472271875,0.0,middle,1
T2,M1,409,80,2305,M1T2R409C2305VB80.h5,80.0,0.5402504472271875,0.01818181818020148,middle,1
T2,M1,410,80,2308,M1T2R410C2308VB80.h5,80.0,0.5402504472271875,0.03636363636040493,middle,1
T2,M1,411,80,2312,M1T2R411C2312VB80.h5,80.14285714285714,0.5412726808075606,0.054545454540604436,middle,1
T2,M1,412,80,2316,M1T2R412C2316VB80.h5,80.28571428571429,0.5422949143879339,0.07272727272080592,middle,1
T2,M1,413,80,2320,M1T2R413C2320VB80.h5,80.42857142857143,0.5433171479683069,0.09090909090100543,middle,1
T2,M1,414,81,2340,M1T2R414C2340VB81.h5,80.57142857142857,0.54433938154868,0.0909090909010074,middle,1
T2,M1,415,81,2344,M1T2R415C2344VB81.h5,80.71428571428571,0.545361615129053,0.09090909090100543,middle,1
T2,M1,416,81,2348,M1T2R416C2348VB81.h5,80.85714285714286,0.5463838487094262,0.07272727272080592,middle,1
T2,M1,417,81,2352,M1T2R417C2352VB81.h5,81.0,0.5474060822897994,0.054545454540604436,middle,1
T2,M1,418,81,2355,M1T2R418C2355VB81.h5,81.0,0.5474060822897994,0.03636363636040493,middle,1
T2,M1,419,81,2359,M1T2R419C2359VB81.h5,81.0,0.5474060822897994,0.01818181818020148,middle,1
T2,M1,420,81,2363,M1T2R420C2363VB81.h5,81.0,0.5474060822897994,0.0,middle,1
T2,M1,421,81,2367,M1T2R421C2367VB81.h5,81.0,0.5474060822897994,0.0,middle,1
T2,M1,422,81,2371,M1T2R422C2371VB81.h5,81.0,0.5474060822897994,0.0,middle,1
T2,M1,423,81,2375,M1T2R423C2375VB81.h5,81.0,0.5474060822897994,0.0,middle,1
T2,M1,424,81,2379,M1T2R424C2379VB81.h5,81.0,0.5474060822897994,0.0,middle,1
T2,M1,425,81,2382,M1T2R425C2382VB81.h5,81.0,0.5474060822897994,0.0,middle,1
T2,M1,426,81,2386,M1T2R426C2386VB81.h5,81.0,0.5474060822897994,0.0,middle,1
T2,M1,427,81,2390,M1T2R427C2390VB81.h5,81.0,0.5474060822897994,0.0,middle,1
T2,M1,428,81,2410,M1T2R428C2410VB81.h5,81.0,0.5474060822897994,0.0,middle,1
T2,M1,429,81,2414,M1T2R429C2414VB81.h5,81.0,0.5474060822897994,0.0,middle,1
T2,M1,430,81,2418,M1T2R430C2418VB81.h5,81.0,0.5474060822897994,0.0,middle,1
T2,M1,431,81,2422,M1T2R431C2422VB81.h5,81.0,0.5474060822897994,0.018181818180199504,middle,1
T2,M1,432,81,2426,M1T2R432C2426VB81.h5,81.0,0.5474060822897994,0.03636363636040296,middle,1
T2,M1,433,81,2429,M1T2R433C2429VB81.h5,81.14285714285714,0.5484283158701724,0.07272727272080395,middle,1
T2,M1,434,81,2433,M1T2R434C2433VB81.h5,81.28571428571429,0.5494505494505456,0.10909090908120692,middle,1
T2,M1,435,81,2437,M1T2R435C2437VB81.h5,81.57142857142857,0.5514950166112917,0.1454545454416079,middle,1
T2,M1,436,82,2460,M1T2R436C2460VB82.h5,81.85714285714286,0.553539483772038,0.16363636362181133,middle,1
T2,M1,437,82,2464,M1T2R437C2464VB82.h5,82.14285714285714,0.5555839509327841,0.18181818180201087,middle,1
T2,M1,438,83,2468,M1T2R438C2468VB83.h5,82.42857142857143,0.5576284180935304,0.19999999998221232,middle,1
T2,M1,439,83,2472,M1T2R439C2472VB83.h5,82.71428571428571,0.5596728852542766,0.21818181816241383,late,2
T2,M1,440,83,2476,M1T2R440C2476VB83.h5,83.14285714285714,0.5627395859953959,0.21818181816241577,late,2
T2,M1,441,83,2479,M1T2R441C2479VB83.h5,83.57142857142857,0.5658062867365152,0.21818181816241577,late,2
T2,M1,442,83,2483,M1T2R442C2483VB83.h5,83.85714285714286,0.5678507538972615,0.21818181816241577,late,2
T2,M1,443,85,2503,M1T2R443C2503VB85.h5,84.14285714285714,0.5698952210580077,0.21818181816241577,late,2
T2,M1,444,85,2507,M1T2R444C2507VB85.h5,84.42857142857143,0.571939688218754,0.21818181816241577,late,2
T2,M1,445,85,2511,M1T2R445C2511VB85.h5,84.85714285714286,0.5750063889598732,0.1999999999822143,late,2
T2,M1,446,85,2515,M1T2R446C2515VB85.h5,85.28571428571429,0.5780730897009926,0.18181818180201087,late,2
T2,M1,447,85,2519,M1T2R447C2519VB85.h5,85.42857142857143,0.5790953232813657,0.16363636362180936,late,2
T2,M1,448,86,2522,M1T2R448C2522VB86.h5,85.57142857142857,0.5801175568617387,0.14545454544160985,late,2
T2,M1,449,86,2526,M1T2R449C2526VB86.h5,85.71428571428571,0.5811397904421118,0.1272727272614084,late,2
T2,M1,450,86,2530,M1T2R450C2530VB86.h5,86.0,0.5831842576028581,0.1272727272614084,late,2
T2,M1,451,86,2534,M1T2R451C2534VB86.h5,86.28571428571429,0.5852287247636043,0.12727272726141034,late,2
T2,M1,452,86,2538,M1T2R452C2538VB86.h5,86.42857142857143,0.5862509583439774,0.14545454544161185,late,2
T2,M1,453,87,2542,M1T2R453C2542VB87.h5,86.57142857142857,0.5872731919243506,0.14545454544160985,late,2
T2,M1,454,87,2546,M1T2R454C2546VB87.h5,86.85714285714286,0.5893176590850968,0.16363636362181133,late,2
T2,M1,455,87,2549,M1T2R455C2549VB87.h5,87.14285714285714,0.591362126245843,0.18181818180201284,late,2
T2,M1,456,87,2553,M1T2R456C2553VB87.h5,87.57142857142857,0.5944288269869623,0.19999999998221232,late,2
T2,M1,457,88,2573,M1T2R457C2573VB88.h5,87.85714285714286,0.5964732941477086,0.19999999998221232,late,2
T2,M1,458,88,2577,M1T2R458C2577VB88.h5,88.14285714285714,0.5985177613084547,0.19999999998221232,late,2
T2,M1,459,89,2581,M1T2R459C2581VB89.h5,88.42857142857143,0.6005622284692009,0.18181818180201284,late,2
T2,M1,460,89,2585,M1T2R460C2585VB89.h5,88.71428571428571,0.6026066956299471,0.19999999998221232,late,2
T2,M1,461,89,2589,M1T2R461C2589VB89.h5,89.0,0.6046511627906934,0.1999999999822143,late,2
T2,M1,462,89,2593,M1T2R462C2593VB89.h5,89.42857142857143,0.6077178635318127,0.1999999999822143,late,2
T2,M1,463,89,2597,M1T2R463C2597VB89.h5,89.71428571428571,0.6097623306925589,0.1999999999822163,late,2
T2,M1,464,90,2600,M1T2R464C2600VB90.h5,90.0,0.6118067978533052,0.21818181816241383,late,2
T2,M1,465,91,2623,M1T2R465C2623VB91.h5,90.28571428571429,0.6138512650140514,0.21818181816241383,late,2
T2,M1,466,91,2627,M1T2R466C2627VB91.h5,90.71428571428571,0.6169179657551707,0.21818181816241577,late,2
T2,M1,467,91,2631,M1T2R467C2631VB91.h5,91.14285714285714,0.6199846664962899,0.21818181816241383,late,2
T2,M1,468,91,2635,M1T2R468C2635VB91.h5,91.42857142857143,0.6220291336570363,0.21818181816241383,late,2
T2,M1,469,92,2639,M1T2R469C2639VB92.h5,91.71428571428571,0.6240736008177824,0.21818181816241577,late,2
T2,M1,470,92,2643,M1T2R470C2643VB92.h5,92.0,0.6261180679785286,0.21818181816241577,late,2
T2,M1,471,92,2647,M1T2R471C2647VB92.h5,92.42857142857143,0.629184768719648,0.21818181816241383,late,2
T2,M1,472,93,2667,M1T2R472C2667VB93.h5,92.85714285714286,0.6322514694607673,0.21818181816241577,late,2
T2,M1,473,93,2671,M1T2R473C2671VB93.h5,93.14285714285714,0.6342959366215135,0.21818181816241383,late,2
T2,M1,474,94,2674,M1T2R474C2674VB94.h5,93.42857142857143,0.6363404037822598,0.19999999998221232,late,2
T2,M1,475,94,2678,M1T2R475C2678VB94.h5,93.71428571428571,0.6383848709430059,0.18181818180201284,late,2
T2,M1,476,94,2682,M1T2R476C2682VB94.h5,94.0,0.6404293381037521,0.16363636362181133,late,2
T2,M1,477,94,2686,M1T2R477C2686VB94.h5,94.28571428571429,0.6424738052644984,0.14545454544160985,late,2
T2,M1,478,94,2690,M1T2R478C2690VB94.h5,94.42857142857143,0.6434960388448715,0.1272727272614084,late,2
T2,M1,479,95,2694,M1T2R479C2694VB95.h5,94.57142857142857,0.6445182724252446,0.1272727272614084,late,2
T2,M1,480,95,2698,M1T2R480C2698VB95.h5,94.71428571428571,0.6455405060056176,0.1272727272614084,late,2
T2,M1,481,95,2701,M1T2R481C2701VB95.h5,95.0,0.6475849731663639,0.14545454544160985,late,2
T2,M1,482,95,2705,M1T2R482C2705VB95.h5,95.28571428571429,0.6496294403271101,0.16363636362181133,late,2
T2,M1,483,95,2709,M1T2R483C2709VB95.h5,95.57142857142857,0.6516739074878564,0.18181818180201284,late,2
T2,M1,484,96,2713,M1T2R484C2713VB96.h5,95.85714285714286,0.6537183746486026,0.18181818180201284,late,2
T2,M1,485,96,2717,M1T2R485C2717VB96.h5,96.14285714285714,0.6557628418093487,0.1999999999822143,late,2
T2,M1,486,97,2737,M1T2R486C2737VB97.h5,96.42857142857143,0.657807308970095,0.19999999998221232,late,2
T2,M1,487,97,2741,M1T2R487C2741VB97.h5,96.85714285714286,0.6608740097112143,0.19999999998221232,late,2
T2,M1,488,97,2745,M1T2R488C2745VB97.h5,97.14285714285714,0.6629184768719605,0.18181818180201284,late,2
T2,M1,489,97,2749,M1T2R489C2749VB97.h5,97.42857142857143,0.6649629440327067,0.1999999999822143,late,2
T2,M1,490,98,2752,M1T2R490C2752VB98.h5,97.57142857142857,0.6659851776130798,0.19999999998221232,late,2
T2,M1,491,98,2756,M1T2R491C2756VB98.h5,98.0,0.6690518783541992,0.21818181816241577,late,2
T2,M1,492,98,2760,M1T2R492C2760VB98.h5,98.42857142857143,0.6721185790953185,0.21818181816241383,late,2
T2,M1,493,98,2764,M1T2R493C2764VB98.h5,98.85714285714286,0.6751852798364378,0.2545454545228168,late,2
T2,M1,494,100,2787,M1T2R494C2787VB100.h5,99.14285714285714,0.677229746997184,0.2545454545228168,late,2
T2,M1,495,100,2791,M1T2R495C2791VB100.h5,99.57142857142857,0.6802964477383033,0.25454545452281874,late,2
T2,M1,496,100,2795,M1T2R496C2795VB100.h5,100.0,0.6833631484794227,0.23636363634261529,late,2
T2,M1,497,100,2799,M1T2R497C2799VB100.h5,100.42857142857143,0.6864298492205421,0.23636363634261728,late,2
T2,M1,498,101,2802,M1T2R498C2802VB101.h5,100.71428571428571,0.6884743163812882,0.23636363634261728,late,2
T2,M1,499,101,2806,M1T2R499C2806VB101.h5,101.0,0.6905187835420344,0.23636363634261529,late,2
T2,M1,500,101,2810,M1T2R500C2810VB101.h5,101.42857142857143,0.6935854842831538,0.21818181816241383,late,2
T2,M1,501,102,2830,M1T2R501C2830VB102.h5,101.85714285714286,0.6966521850242731,0.21818181816241577,late,2
T2,M1,502,102,2834,M1T2R502C2834VB102.h5,102.14285714285714,0.6986966521850193,0.23636363634261728,late,2
T2,M1,503,103,2838,M1T2R503C2838VB103.h5,102.42857142857143,0.7007411193457656,0.21818181816241383,late,2
T2,M1,504,103,2842,M1T2R504C2842VB103.h5,102.85714285714286,0.7038078200868849,0.1999999999822143,late,2
T2,M1,505,103,2846,M1T2R505C2846VB103.h5,103.14285714285714,0.705852287247631,0.18181818180201284,late,2
T2,M1,506,103,2849,M1T2R506C2849VB103.h5,103.42857142857143,0.7078967544083773,0.18181818180201284,late,2
T2,M1,507,104,2853,M1T2R507C2853VB104.h5,103.57142857142857,0.7089189879887504,0.16363636362180936,late,2
T2,M1,508,104,2857,M1T2R508C2857VB104.h5,103.85714285714286,0.7109634551494967,0.16363636362181133,late,2
T2,M1,509,104,2861,M1T2R509C2861VB104.h5,104.14285714285714,0.7130079223102428,0.14545454544160985,late,2
T2,M1,510,104,2865,M1T2R510C2865VB104.h5,104.42857142857143,0.715052389470989,0.18181818180201087,late,2
T2,M1,511,105,2869,M1T2R511C2869VB105.h5,104.57142857142857,0.7160746230513622,0.19999999998221232,late,2
T2,M1,512,105,2873,M1T2R512C2873VB105.h5,105.0,0.7191413237924814,0.21818181816241577,late,2
T2,M1,513,105,2876,M1T2R513C2876VB105.h5,105.42857142857143,0.7222080245336008,0.21818181816241383,late,2
T2,M1,514,105,2880,M1T2R514C2880VB105.h5,105.85714285714286,0.7252747252747201,0.2545454545228168,late,2
T2,M1,515,107,2900,M1T2R515C2900VB107.h5,106.14285714285714,0.7273191924354663,0.25454545452281874,late,2
T2,M1,516,107,2904,M1T2R516C2904VB107.h5,106.57142857142857,0.7303858931765856,0.2545454545228168,late,2
T2,M1,517,107,2908,M1T2R517C2908VB107.h5,107.0,0.733452593917705,0.21818181816241383,late,2
T2,M1,518,107,2912,M1T2R518C2912VB107.h5,107.42857142857143,0.7365192946588243,0.23636363634261728,late,2
T2,M1,519,108,2916,M1T2R519C2916VB108.h5,107.57142857142857,0.7375415282391974,0.23636363634261728,late,2
T2,M1,520,108,2920,M1T2R520C2920VB108.h5,108.0,0.7406082289803168,0.23636363634261529,late,2
T2,M1,521,108,2924,M1T2R521C2924VB108.h5,108.42857142857143,0.7436749297214361,0.21818181816241577,late,2
T2,M1,522,108,2927,M1T2R522C2927VB108.h5,108.85714285714286,0.7467416304625554,0.23636363634261728,late,2
T2,M1,523,110,2950,M1T2R523C2950VB110.h5,109.14285714285714,0.7487860976233016,0.21818181816241383,late,2
T2,M1,524,110,2954,M1T2R524C2954VB110.h5,109.42857142857143,0.7508305647840479,0.21818181816241383,late,2
T2,M1,525,110,2958,M1T2R525C2958VB110.h5,109.71428571428571,0.752875031944794,0.1999999999822143,late,2
T2,M1,526,110,2962,M1T2R526C2962VB110.h5,110.14285714285714,0.7559417326859134,0.19999999998221232,late,2
T2,M1,527,110,2966,M1T2R527C2966VB110.h5,110.42857142857143,0.7579861998466596,0.19999999998221232,late,2
T2,M1,528,110,2970,M1T2R528C2970VB110.h5,110.71428571428571,0.7600306670074057,0.1999999999822143,late,2
T2,M1,529,111,2974,M1T2R529C2974VB111.h5,111.0,0.762075134168152,0.18181818180201284,late,2
T2,M1,530,112,2994,M1T2R530C2994VB112.h5,111.28571428571429,0.7641196013288982,0.19999999998221232,late,2
T2,M1,531,112,2998,M1T2R531C2998VB112.h5,111.57142857142857,0.7661640684896445,0.1999999999822143,late,2
T2,M1,532,112,3001,M1T2R532C3001VB112.h5,112.0,0.7692307692307637,0.18181818180201284,late,2
T2,M1,533,112,3005,M1T2R533C3005VB112.h5,112.28571428571429,0.77127523639151,0.16363636362181133,late,2
T2,M1,534,112,3009,M1T2R534C3009VB112.h5,112.42857142857143,0.7722974699718831,0.1454545454416079,late,2
T2,M1,535,113,3013,M1T2R535C3013VB113.h5,112.57142857142857,0.7733197035522562,0.1272727272614084,late,2
T2,M1,536,113,3017,M1T2R536C3017VB113.h5,112.71428571428571,0.7743419371326292,0.12727272726141034,late,2
T2,M1,537,113,3021,M1T2R537C3021VB113.h5,113.0,0.7763864042933755,0.1272727272614084,late,2
T2,M1,538,113,3025,M1T2R538C3025VB113.h5,113.28571428571429,0.7784308714541218,0.1272727272614084,late,2
T2,M1,539,113,3028,M1T2R539C3028VB113.h5,113.42857142857143,0.7794531050344948,0.14545454544161185,late,2
T2,M1,540,114,3032,M1T2R540C3032VB114.h5,113.57142857142857,0.780475338614868,0.14545454544160985,late,2
T2,M1,541,114,3036,M1T2R541C3036VB114.h5,113.85714285714286,0.7825198057756142,0.16363636362180936,late,2
T2,M1,542,114,3040,M1T2R542C3040VB114.h5,114.14285714285714,0.7845642729363603,0.18181818180201284,late,2
T2,M1,543,114,3044,M1T2R543C3044VB114.h5,114.57142857142857,0.7876309736774797,0.19999999998221232,late,2
T2,M1,544,115,3064,M1T2R544C3064VB115.h5,114.85714285714286,0.7896754408382259,0.19999999998221232,late,2
T2,M1,545,115,3068,M1T2R545C3068VB115.h5,115.14285714285714,0.7917199079989721,0.1999999999822143,late,2
T2,M1,546,116,3072,M1T2R546C3072VB116.h5,115.42857142857143,0.7937643751597183,0.18181818180201284,late,2
T2,M1,547,116,3075,M1T2R547C3075VB116.h5,115.71428571428571,0.7958088423204646,0.1999999999822143,late,2
T2,M1,548,116,3079,M1T2R548C3079VB116.h5,116.0,0.7978533094812108,0.1999999999822143,late,2
T2,M1,549,116,3083,M1T2R549C3083VB116.h5,116.42857142857143,0.8009200102223302,0.1999999999822143,late,2
T2,M1,550,116,3087,M1T2R550C3087VB116.h5,116.71428571428571,0.8029644773830763,0.21818181816241577,late,2
T2,M1,551,117,3091,M1T2R551C3091VB117.h5,117.0,0.8050089445438225,0.23636363634261529,late,2
T2,M1,552,118,3114,M1T2R552C3114VB118.h5,117.42857142857143,0.8080756452849419,0.23636363634261529,late,2
T2,M1,553,118,3118,M1T2R553C3118VB118.h5,117.85714285714286,0.8111423460260612,0.23636363634261529,late,2
T2,M1,554,118,3122,M1T2R554C3122VB118.h5,118.28571428571429,0.8142090467671805,0.23636363634261728,late,2
T2,M1,555,119,3125,M1T2R555C3125VB119.h5,118.57142857142857,0.8162535139279267,0.23636363634261529,late,2
T2,M1,556,119,3129,M1T2R556C3129VB119.h5,118.85714285714286,0.818297981088673,0.23636363634261529,late,2
T2,M1,557,119,3133,M1T2R557C3133VB119.h5,119.28571428571429,0.8213646818297923,0.21818181816241383,late,2
T2,M1,558,119,3137,M1T2R558C3137VB119.h5,119.71428571428571,0.8244313825709115,0.21818181816241577,late,2
T2,M1,559,120,3157,M1T2R559C3157VB120.h5,120.0,0.8264758497316578,0.21818181816241383,late,2
T2,M1,560,121,3161,M1T2R560C3161VB121.h5,120.28571428571429,0.828520316892404,0.21818181816241383,late,2
T2,M1,561,121,3165,M1T2R561C3165VB121.h5,120.57142857142857,0.8305647840531503,0.1999999999822163,late,2
T2,M1,562,121,3169,M1T2R562C3169VB121.h5,121.0,0.8336314847942695,0.18181818180201284,late,2
T2,M1,563,121,3173,M1T2R563C3173VB121.h5,121.28571428571429,0.8356759519550159,0.16363636362181133,late,2
T2,M1,564,121,3176,M1T2R564C3176VB121.h5,121.42857142857143,0.8366981855353889,0.16363636362181133,late,2
T2,M1,565,122,3180,M1T2R565C3180VB122.h5,121.57142857142857,0.837720419115762,0.14545454544160985,late,2
T2,M1,566,122,3184,M1T2R566C3184VB122.h5,121.85714285714286,0.8397648862765082,0.1454545454416079,late,2
T2,M1,567,122,3188,M1T2R567C3188VB122.h5,122.14285714285714,0.8418093534372544,0.14545454544160985,late,2
T2,M1,568,122,3192,M1T2R568C3192VB122.h5,122.42857142857143,0.8438538205980006,0.16363636362181133,late,2
T2,M1,569,123,3196,M1T2R569C3196VB123.h5,122.57142857142857,0.8448760541783737,0.18181818180201284,late,2
T2,M1,570,123,3200,M1T2R570C3200VB123.h5,122.85714285714286,0.84692052133912,0.1999999999822143,late,2
T2,M1,571,123,3203,M1T2R571C3203VB123.h5,123.28571428571429,0.8499872220802394,0.1999999999822143,late,2
T2,M1,572,123,3207,M1T2R572C3207VB123.h5,123.71428571428571,0.8530539228213586,0.21818181816241577,late,2
T2,M1,573,124,3227,M1T2R573C3227VB124.h5,124.0,0.8550983899821049,0.23636363634261529,late,2
T2,M1,574,125,3231,M1T2R574C3231VB125.h5,124.28571428571429,0.8571428571428511,0.23636363634261331,late,2
T2,M1,575,125,3235,M1T2R575C3235VB125.h5,124.71428571428571,0.8602095578839704,0.21818181816241577,late,2
T2,M1,576,125,3239,M1T2R576C3239VB125.h5,125.14285714285714,0.8632762586250896,0.23636363634261529,late,2
T2,M1,577,125,3243,M1T2R577C3243VB125.h5,125.42857142857143,0.865320725785836,0.2727272727030183,late,2
T2,M1,578,126,3247,M1T2R578C3247VB126.h5,125.85714285714286,0.8683874265269552,0.2909090908832197,late,2
T2,M1,579,126,3251,M1T2R579C3251VB126.h5,126.42857142857143,0.8724763608484477,0.32727272724362266,late,2
T2,M1,580,126,3254,M1T2R580C3254VB126.h5,127.0,0.8765652951699401,0.36363636360402174,late,2
T2,M1,581,128,3277,M1T2R581C3277VB128.h5,127.71428571428571,0.8816764630718056,0.39999999996442664,late,2
T2,M1,582,129,3281,M1T2R582C3281VB129.h5,128.28571428571428,0.885765397393298,0.4181818181446281,late,2
T2,M1,583,129,3285,M1T2R583C3285VB129.h5,129.0,0.8908765652951636,0.43636363632482766,late,2
T2,M1,584,130,3289,M1T2R584C3289VB130.h5,129.71428571428572,0.8959877331970292,0.43636363632482955,late,2
T2,M1,585,130,3293,M1T2R585C3293VB130.h5,130.42857142857142,0.9010989010988946,0.4545454545050331,late,2
T2,M1,586,131,3297,M1T2R586C3297VB131.h5,131.14285714285714,0.9062100690007602,0.4545454545050331,late,2
T2,M1,587,131,3301,M1T2R587C3301VB131.h5,131.85714285714286,0.9113212369026258,0.45454545450502915,late,2
T2,M1,588,133,3321,M1T2R588C3321VB133.h5,132.57142857142858,0.9164324048044914,0.4545454545050331,late,2
T2,M1,589,134,3325,M1T2R589C3325VB134.h5,133.28571428571428,0.9215435727063568,0.4545454545050331,late,2
T2,M1,590,134,3328,M1T2R590C3328VB134.h5,134.0,0.9266547406082224,0.43636363632482766,late,2
T2,M1,591,135,3332,M1T2R591C3332VB135.h5,134.71428571428572,0.931765908510088,0.39999999996442664,late,2
T2,M1,592,135,3336,M1T2R592C3336VB135.h5,135.28571428571428,0.9358548428315803,0.3636363636040257,late,2
T2,M1,593,136,3340,M1T2R593C3340VB136.h5,135.71428571428572,0.9389215435726997,0.32727272724362266,late,2
T2,M1,594,136,3344,M1T2R594C3344VB136.h5,136.14285714285714,0.941988244313819,0.29090909088321776,late,2
T2,M1,595,137,3348,M1T2R595C3348VB137.h5,136.57142857142858,0.9450549450549384,0.2727272727030183,late,2
T2,M1,596,137,3352,M1T2R596C3352VB137.h5,137.0,0.9481216457960576,0.2727272727030183,late,2
T2,M1,597,137,3355,M1T2R597C3355VB137.h5,137.42857142857142,0.9511883465371769,0.3090909090634232,late,2
T2,M1,598,138,3359,M1T2R598C3359VB138.h5,137.85714285714286,0.9542550472782964,0.3454545454238222,late,2
T2,M1,599,138,3363,M1T2R599C3363VB138.h5,138.57142857142858,0.959366215180162,0.39999999996442664,late,2
T2,M1,600,139,3367,M1T2R600C3367VB139.h5,139.28571428571428,0.9644773830820274,0.43636363632483155,late,2
T2,M1,601,139,3371,M1T2R601C3371VB139.h5,140.14285714285714,0.970610784564266,0.49090909086543405,late,2
T2,M1,602,142,3391,M1T2R602C3391VB142.h5,140.85714285714286,0.9757219524661316,0.4909090908654301,late,2
T2,M1,603,142,3395,M1T2R603C3395VB142.h5,141.71428571428572,0.9818553539483703,0.49090909086543405,late,2
T2,M1,604,143,3399,M1T2R604C3399VB143.h5,142.42857142857142,0.9869665218502357,0.43636363632483155,late,2
T2,M1,605,143,3403,M1T2R605C3403VB143.h5,143.14285714285714,0.9920776897521013,0.37878787875419295,late,2
T2,M1,606,144,3407,M1T2R606C3407VB144.h5,143.57142857142858,0.9951443904932207,0.29090909088321776,late,2
T2,M1,607,144,3410,M1T2R607C3410VB144.h5,143.83333333333334,0.9970184853905714,0.23181818179756689,late,2
T2,M1,608,144,3414,M1T2R608C3414VB144.h5,144.0,0.9982110912343399,0.17613636362069937,late,2
T2,M1,609,145,3418,M1T2R609C3418VB145.h5,144.25,0.9999999999999929,0.14393939392659175,late,2
T3,M1,1,3,12,M1T3R1C12VB3.h5,4.25,0.0,0.16203703702157224,early,0
T3,M1,2,4,15,M1T3R2C15VB4.h5,4.6,0.0023769100169779103,0.19097222220399593,early,0
T3,M1,3,5,19,M1T3R3C19VB5.h5,5.0,0.005093378607809813,0.33796296293070777,early,0
T3,M1,4,5,23,M1T3R4C23VB5.h5,5.428571428571429,0.008003880669415422,0.5231481480982191,early,0
T3,M1,5,6,27,M1T3R5C27VB6.h5,6.857142857142857,0.017705554208100775,0.6629629628996899,early,0
T3,M1,6,7,31,M1T3R6C31VB7.h5,8.285714285714286,0.02740722774678614,0.8148148147370491,early,0
T3,M1,7,8,35,M1T3R7C35VB8.h5,9.714285714285714,0.037108901285471486,0.9629629628710581,early,0
T3,M1,8,13,57,M1T3R8C57VB13.h5,11.285714285714286,0.047780742178025394,0.9814814813878093,early,0
T3,M1,9,14,60,M1T3R9C60VB14.h5,12.857142857142858,0.05845258307057928,0.9999999999045601,early,0
T3,M1,10,15,64,M1T3R10C64VB15.h5,14.428571428571429,0.06912442396313317,0.9444444443543071,early,0
T3,M1,11,16,68,M1T3R11C68VB16.h5,16.0,0.07979626485568707,0.8518518517705514,early,0
T3,M1,12,17,72,M1T3R12C72VB17.h5,17.0,0.08658743633276682,0.7592592591867957,early,0
T3,M1,13,18,76,M1T3R13C76VB18.h5,17.857142857142858,0.09240844045597804,0.6666666666030403,early,0
T3,M1,14,19,80,M1T3R14C80VB19.h5,18.714285714285715,0.09822944457918925,0.5740740740192845,early,0
T3,M1,15,20,84,M1T3R15C84VB20.h5,19.571428571428573,0.10405044870240047,0.5555555555025332,early,0
T3,M1,16,20,87,M1T3R16C87VB20.h5,20.428571428571427,0.10987145282561167,0.5555555555025332,early,0
T3,M1,17,21,91,M1T3R17C91VB21.h5,21.285714285714285,0.11569245694882288,0.6296296295695382,early,0
T3,M1,18,22,95,M1T3R18C95VB22.h5,22.142857142857142,0.1215134610720341,0.7222222221532935,early,0
T3,M1,19,23,99,M1T3R19C99VB23.h5,23.571428571428573,0.13121513461071949,0.8148148147370491,early,0
T3,M1,20,24,103,M1T3R20C103VB24.h5,25.142857142857142,0.14188697550327337,0.8888888888040538,early,0
T3,M1,21,25,107,M1T3R21C107VB25.h5,26.714285714285715,0.15255881639582725,0.9629629628710583,early,0
T3,M1,22,30,127,M1T3R22C127VB30.h5,28.142857142857142,0.16226048993451261,0.9629629628710574,early,0
T3,M1,23,31,131,M1T3R23C131VB31.h5,29.571428571428573,0.17196216347319798,0.944444444354307,early,0
T3,M1,24,32,135,M1T3R24C135VB32.h5,31.0,0.18166383701188332,0.8518518517705514,early,0
T3,M1,25,32,139,M1T3R25C139VB32.h5,32.42857142857143,0.1913655105505687,0.796296296220298,early,0
T3,M1,26,33,143,M1T3R26C143VB33.h5,33.285714285714285,0.1971865146737799,0.7407407406700444,early,0
T3,M1,27,34,147,M1T3R27C147VB34.h5,34.285714285714285,0.20397768615085965,0.6851851851197913,early,0
T3,M1,28,35,150,M1T3R28C150VB35.h5,35.285714285714285,0.2107688576279394,0.611111111052787,early,0
T3,M1,29,36,154,M1T3R29C154VB36.h5,36.285714285714285,0.21756002910501915,0.5925925925360354,early,0
T3,M1,30,38,177,M1T3R30C177VB38.h5,37.142857142857146,0.22338103322823039,0.5370370369857823,early,0
T3,M1,31,39,181,M1T3R31C181VB39.h5,37.857142857142854,0.22823186999757303,0.46296296291877753,early,0
T3,M1,32,39,185,M1T3R32C185VB39.h5,38.42857142857143,0.2321125394130472,0.3703703703350227,early,0
T3,M1,33,39,189,M1T3R33C189VB39.h5,38.857142857142854,0.23502304147465278,0.2777777777512662,early,0
T3,M1,34,39,193,M1T3R34C193VB39.h5,39.142857142857146,0.23696337618238988,0.20370370368426252,early,0
T3,M1,35,39,197,M1T3R35C197VB39.h5,39.285714285714285,0.2379335435362584,0.16666666665076016,early,0
T3,M1,36,39,201,M1T3R36C201VB39.h5,39.42857142857143,0.23890371089012694,0.14814814813400895,early,0
T3,M1,37,40,222,M1T3R37C222VB40.h5,39.714285714285715,0.24084404559786401,0.14814814813400845,early,0
T3,M1,38,40,226,M1T3R38C226VB40.h5,40.0,0.24278438030560107,0.16666666665075963,early,0
T3,M1,39,40,230,M1T3R39C230VB40.h5,40.285714285714285,0.24472471501333815,0.16666666665076016,early,0
T3,M1,40,41,234,M1T3R40C234VB41.h5,40.57142857142857,0.2466650497210752,0.14814814813400845,early,0
T3,M1,41,41,238,M1T3R41C238VB41.h5,40.714285714285715,0.24763521707494376,0.12962962961725777,early,0
T3,M1,42,41,242,M1T3R42C242VB41.h5,40.857142857142854,0.24860538442881228,0.11111111110050713,early,0
T3,M1,43,41,246,M1T3R43C246VB41.h5,41.0,0.24957555178268082,0.09259259258375593,early,0
T3,M1,44,41,249,M1T3R44C249VB41.h5,41.142857142857146,0.2505457191365494,0.09259259258375593,early,0
T3,M1,45,41,253,M1T3R45C253VB41.h5,41.285714285714285,0.2515158864904179,0.09259259258375593,early,0
T3,M1,46,41,257,M1T3R46C257VB41.h5,41.42857142857143,0.25248605384428646,0.11111111110050607,early,0
T3,M1,47,42,261,M1T3R47C261VB42.h5,41.57142857142857,0.253456221198155,0.12962962961725777,early,0
T3,M1,48,42,265,M1T3R48C265VB42.h5,41.857142857142854,0.255396555905892,0.1481481481340095,early,0
T3,M1,49,42,269,M1T3R49C269VB42.h5,42.142857142857146,0.25733689061362913,0.14814814813400845,early,0
T3,M1,50,42,273,M1T3R50C273VB42.h5,42.42857142857143,0.2592772253213662,0.14814814813400845,early,0
T3,M1,51,43,293,M1T3R51C293VB43.h5,42.57142857142857,0.2602473926752347,0.12962962961725777,early,0
T3,M1,52,43,297,M1T3R52C297VB43.h5,42.714285714285715,0.26121756002910324,0.12962962961725777,early,0
T3,M1,53,43,301,M1T3R53C301VB43.h5,42.857142857142854,0.26218772738297175,0.11111111110050607,early,0
T3,M1,54,43,305,M1T3R54C305VB43.h5,43.142857142857146,0.2641280620907089,0.11111111110050713,early,0
T3,M1,55,43,309,M1T3R55C309VB43.h5,43.285714285714285,0.2650982294445774,0.12962962961725885,early,0
T3,M1,56,43,312,M1T3R56C312VB43.h5,43.42857142857143,0.26606839679844596,0.1481481481340095,early,0
T3,M1,57,44,316,M1T3R57C316VB44.h5,43.714285714285715,0.26800873150618304,0.14814814813400845,early,0
T3,M1,58,44,320,M1T3R58C320VB44.h5,44.0,0.26994906621392006,0.16666666665076016,early,0
T3,M1,59,44,343,M1T3R59C343VB44.h5,44.285714285714285,0.27188940092165714,0.16666666665076016,early,0
T3,M1,60,45,347,M1T3R60C347VB45.h5,44.57142857142857,0.2738297356293942,0.1481481481340074,early,0
T3,M1,61,45,351,M1T3R61C351VB45.h5,44.714285714285715,0.2747999029832628,0.1481481481340095,early,0
T3,M1,62,45,355,M1T3R62C355VB45.h5,44.857142857142854,0.27577007033713125,0.12962962961725777,early,0
T3,M1,63,45,359,M1T3R63C359VB45.h5,45.142857142857146,0.2777104050448684,0.11111111110050713,early,0
T3,M1,64,45,363,M1T3R64C363VB45.h5,45.285714285714285,0.2786805723987369,0.11111111110050607,early,0
T3,M1,65,45,367,M1T3R65C367VB45.h5,45.42857142857143,0.27965073975260546,0.11111111110050818,early,0
T3,M1,66,46,388,M1T3R66C388VB46.h5,45.57142857142857,0.28062090710647397,0.09259259258375434,early,0
T3,M1,67,46,392,M1T3R67C392VB46.h5,45.714285714285715,0.28159107446034254,0.11111111110050713,early,0
T3,M1,68,46,396,M1T3R68C396VB46.h5,45.857142857142854,0.282561241814211,0.11111111110050607,early,0
T3,M1,69,46,400,M1T3R69C400VB46.h5,46.142857142857146,0.28450157652194813,0.11111111110050713,early,0
T3,M1,70,46,404,M1T3R70C404VB46.h5,46.285714285714285,0.28547174387581664,0.11111111110050607,early,0
T3,M1,71,46,408,M1T3R71C408VB46.h5,46.42857142857143,0.2864419112296852,0.11111111110050818,early,0
T3,M1,72,47,412,M1T3R72C412VB47.h5,46.57142857142857,0.2874120785835537,0.0925925925837554,early,0
T3,M1,73,47,416,M1T3R73C416VB47.h5,46.714285714285715,0.2883822459374223,0.0925925925837554,early,0
T3,M1,74,47,419,M1T3R74C419VB47.h5,46.857142857142854,0.2893524132912908,0.0740740740670037,early,0
T3,M1,75,47,423,M1T3R75C423VB47.h5,47.0,0.2903225806451593,0.07407407406700475,early,0
T3,M1,76,47,427,M1T3R76C427VB47.h5,47.0,0.2903225806451593,0.0740740740670037,early,0
T3,M1,77,47,431,M1T3R77C431VB47.h5,47.142857142857146,0.2912927479990279,0.07407407406700475,early,0
T3,M1,78,47,435,M1T3R78C435VB47.h5,47.285714285714285,0.2922629153528964,0.07407407406700475,early,0
T3,M1,79,47,439,M1T3R79C439VB47.h5,47.42857142857143,0.29323308270676496,0.11111111110050713,early,0
T3,M1,80,48,459,M1T3R80C459VB48.h5,47.57142857142857,0.29420325006063347,0.12962962961725777,early,0
T3,M1,81,48,463,M1T3R81C463VB48.h5,47.857142857142854,0.29614358476837055,0.1481481481340095,early,0
T3,M1,82,48,467,M1T3R82C467VB48.h5,48.142857142857146,0.29808391947610763,0.14814814813400845,early,0
T3,M1,83,48,471,M1T3R83C471VB48.h5,48.42857142857143,0.3000242541838447,0.1481481481340095,early,0
T3,M1,84,49,475,M1T3R84C475VB49.h5,48.57142857142857,0.3009944215377132,0.14814814813400845,early,0
T3,M1,85,49,479,M1T3R85C479VB49.h5,48.714285714285715,0.3019645888915818,0.14814814813400845,early,0
T3,M1,86,49,483,M1T3R86C483VB49.h5,49.0,0.3039049235993188,0.12962962961725777,early,0
T3,M1,87,49,486,M1T3R87C486VB49.h5,49.285714285714285,0.3058452583070559,0.12962962961725777,early,0
T3,M1,88,49,510,M1T3R88C510VB49.h5,49.42857142857143,0.30681542566092446,0.12962962961725777,early,0
T3,M1,89,50,513,M1T3R89C513VB50.h5,49.57142857142857,0.30778559301479297,0.11111111110050713,early,0
T3,M1,90,50,517,M1T3R90C517VB50.h5,49.714285714285715,0.30875576036866154,0.0925925925837554,early,0
T3,M1,91,50,521,M1T3R91C521VB50.h5,49.857142857142854,0.30972592772253005,0.0740740740670037,early,0
T3,M1,92,50,525,M1T3R92C525VB50.h5,50.0,0.31069609507639856,0.05555555555025304,early,0
T3,M1,93,50,529,M1T3R93C529VB50.h5,50.0,0.31069609507639856,0.037037037033501315,early,0
T3,M1,94,50,533,M1T3R94C533VB50.h5,50.0,0.31069609507639856,0.018518518516750657,early,0
T3,M1,95,50,554,M1T3R95C554VB50.h5,50.0,0.31069609507639856,0.0,early,0
T3,M1,96,50,558,M1T3R96C558VB50.h5,50.0,0.31069609507639856,0.0,early,0
T3,M1,97,50,562,M1T3R97C562VB50.h5,50.0,0.31069609507639856,0.0,early,0
T3,M1,98,50,566,M1T3R98C566VB50.h5,50.0,0.31069609507639856,0.01851851851675172,early,0
T3,M1,99,50,570,M1T3R99C570VB50.h5,50.0,0.31069609507639856,0.037037037033502376,early,0
T3,M1,100,50,574,M1T3R100C574VB50.h5,50.142857142857146,0.3116662624302671,0.05555555555025409,early,0
T3,M1,101,50,578,M1T3R101C578VB50.h5,50.285714285714285,0.31263642978413564,0.07407407406700475,early,0
T3,M1,102,50,582,M1T3R102C582VB50.h5,50.42857142857143,0.3136065971380042,0.09259259258375646,early,0
T3,M1,103,51,585,M1T3R103C585VB51.h5,50.57142857142857,0.3145767644918727,0.0925925925837554,early,0
T3,M1,104,51,589,M1T3R104C589VB51.h5,50.714285714285715,0.3155469318457413,0.0925925925837554,early,0
T3,M1,105,51,593,M1T3R105C593VB51.h5,50.857142857142854,0.3165170991996098,0.0740740740670037,early,0
T3,M1,106,51,597,M1T3R106C597VB51.h5,51.0,0.3174872665534783,0.05555555555025304,early,0
T3,M1,107,51,601,M1T3R107C601VB51.h5,51.0,0.3174872665534783,0.037037037033501315,early,0
T3,M1,108,51,605,M1T3R108C605VB51.h5,51.0,0.3174872665534783,0.018518518516750657,early,0
T3,M1,109,51,625,M1T3R109C625VB51.h5,51.0,0.3174872665534783,0.0,early,0
T3,M1,110,51,629,M1T3R110C629VB51.h5,51.0,0.3174872665534783,0.0,early,0
T3,M1,111,51,633,M1T3R111C633VB51.h5,51.0,0.3174872665534783,0.01851851851675172,early,0
T3,M1,112,51,637,M1T3R112C637VB51.h5,51.0,0.3174872665534783,0.037037037033502376,early,0
T3,M1,113,51,641,M1T3R113C641VB51.h5,51.142857142857146,0.3184574339073469,0.05555555555025409,early,0
T3,M1,114,51,645,M1T3R114C645VB51.h5,51.285714285714285,0.3194276012612154,0.07407407406700475,early,0
T3,M1,115,51,649,M1T3R115C649VB51.h5,51.42857142857143,0.32039776861508396,0.09259259258375646,early,0
T3,M1,116,52,652,M1T3R116C652VB52.h5,51.57142857142857,0.32136793596895247,0.0925925925837554,early,0
T3,M1,117,52,676,M1T3R117C676VB52.h5,51.714285714285715,0.32233810332282103,0.0925925925837554,early,0
T3,M1,118,52,680,M1T3R118C680VB52.h5,51.857142857142854,0.32330827067668955,0.0740740740670037,early,0
T3,M1,119,52,683,M1T3R119C683VB52.h5,52.0,0.32427843803055806,0.07407407406700475,early,0
T3,M1,120,52,687,M1T3R120C687VB52.h5,52.0,0.32427843803055806,0.0740740740670037,early,0
T3,M1,121,52,691,M1T3R121C691VB52.h5,52.142857142857146,0.3252486053844266,0.07407407406700475,early,0
T3,M1,122,52,695,M1T3R122C695VB52.h5,52.285714285714285,0.32621877273829514,0.07407407406700475,early,0
T3,M1,123,52,699,M1T3R123C699VB52.h5,52.42857142857143,0.3271889400921637,0.09259259258375646,early,0
T3,M1,124,53,721,M1T3R124C721VB53.h5,52.57142857142857,0.3281591074460322,0.0925925925837554,early,0
T3,M1,125,53,724,M1T3R125C724VB53.h5,52.714285714285715,0.3291292747999008,0.0925925925837554,early,0
T3,M1,126,53,728,M1T3R126C728VB53.h5,52.857142857142854,0.3300994421537693,0.0740740740670037,early,0
T3,M1,127,53,732,M1T3R127C732VB53.h5,53.0,0.3310696095076378,0.05555555555025304,early,0
T3,M1,128,53,736,M1T3R128C736VB53.h5,53.0,0.3310696095076378,0.037037037033501315,early,0
T3,M1,129,53,740,M1T3R129C740VB53.h5,53.0,0.3310696095076378,0.018518518516750657,early,0
T3,M1,130,53,744,M1T3R130C744VB53.h5,53.0,0.3310696095076378,0.0,early,0
T3,M1,131,53,748,M1T3R131C748VB53.h5,53.0,0.3310696095076378,0.0,early,0
T3,M1,132,53,752,M1T3R132C752VB53.h5,53.0,0.3310696095076378,0.0,early,0
T3,M1,133,53,755,M1T3R133C755VB53.h5,53.0,0.3310696095076378,0.01851851851675172,early,0
T3,M1,134,53,759,M1T3R134C759VB53.h5,53.0,0.3310696095076378,0.037037037033502376,early,0
T3,M1,135,53,763,M1T3R135C763VB53.h5,53.142857142857146,0.3320397768615064,0.05555555555025409,early,0
T3,M1,136,53,767,M1T3R136C767VB53.h5,53.285714285714285,0.3330099442153749,0.07407407406700475,early,0
T3,M1,137,53,771,M1T3R137C771VB53.h5,53.42857142857143,0.33398011156924345,0.09259259258375646,early,0
T3,M1,138,54,791,M1T3R138C791VB54.h5,53.57142857142857,0.33495027892311197,0.0925925925837554,early,0
T3,M1,139,54,795,M1T3R139C795VB54.h5,53.714285714285715,0.33592044627698053,0.0925925925837554,early,0
T3,M1,140,54,799,M1T3R140C799VB54.h5,53.857142857142854,0.33689061363084905,0.0740740740670037,early,0
T3,M1,141,54,803,M1T3R141C803VB54.h5,54.0,0.33786078098471756,0.05555555555025304,early,0
T3,M1,142,54,807,M1T3R142C807VB54.h5,54.0,0.33786078098471756,0.05555555555025304,early,0
T3,M1,143,54,811,M1T3R143C811VB54.h5,54.0,0.33786078098471756,0.05555555555025304,early,0
T3,M1,144,54,815,M1T3R144C815VB54.h5,54.142857142857146,0.3388309483385861,0.05555555555025409,early,0
T3,M1,145,54,819,M1T3R145C819VB54.h5,54.285714285714285,0.33980111569245464,0.07407407406700475,early,0
T3,M1,146,54,842,M1T3R146C842VB54.h5,54.42857142857143,0.3407712830463232,0.09259259258375646,early,0
T3,M1,147,55,846,M1T3R147C846VB55.h5,54.57142857142857,0.3417414504001917,0.0925925925837554,early,0
T3,M1,148,55,850,M1T3R148C850VB55.h5,54.714285714285715,0.3427116177540603,0.11111111110050713,early,0
T3,M1,149,55,853,M1T3R149C853VB55.h5,54.857142857142854,0.3436817851079288,0.11111111110050607,early,0
T3,M1,150,55,857,M1T3R150C857VB55.h5,55.142857142857146,0.3456221198156659,0.11111111110050713,early,0
T3,M1,151,55,861,M1T3R151C861VB55.h5,55.285714285714285,0.3465922871695344,0.11111111110050607,early,0
T3,M1,152,55,865,M1T3R152C865VB55.h5,55.42857142857143,0.34756245452340295,0.11111111110050713,early,0
T3,M1,153,56,887,M1T3R153C887VB56.h5,55.57142857142857,0.34853262187727146,0.0925925925837554,early,0
T3,M1,154,56,891,M1T3R154C891VB56.h5,55.714285714285715,0.34950278923114003,0.0925925925837554,early,0
T3,M1,155,56,894,M1T3R155C894VB56.h5,55.857142857142854,0.35047295658500854,0.0925925925837554,early,0
T3,M1,156,56,898,M1T3R156C898VB56.h5,56.0,0.35144312393887706,0.0925925925837554,early,0
T3,M1,157,56,902,M1T3R157C902VB56.h5,56.142857142857146,0.3524132912927456,0.0925925925837554,early,0
T3,M1,158,56,906,M1T3R158C906VB56.h5,56.285714285714285,0.35338345864661413,0.0925925925837554,early,0
T3,M1,159,56,910,M1T3R159C910VB56.h5,56.42857142857143,0.3543536260004827,0.09259259258375646,early,0
T3,M1,160,57,914,M1T3R160C914VB57.h5,56.57142857142857,0.3553237933543512,0.0925925925837554,early,0
T3,M1,161,57,918,M1T3R161C918VB57.h5,56.714285714285715,0.3562939607082198,0.09259259258375646,early,0
T3,M1,162,57,922,M1T3R162C922VB57.h5,56.857142857142854,0.3572641280620883,0.0925925925837554,early,0
T3,M1,163,57,925,M1T3R163C925VB57.h5,57.0,0.35823429541595686,0.0925925925837554,early,0
T3,M1,164,57,929,M1T3R164C929VB57.h5,57.142857142857146,0.3592044627698254,0.0925925925837554,early,0
T3,M1,165,57,933,M1T3R165C933VB57.h5,57.285714285714285,0.3601746301236939,0.0925925925837554,early,0
T3,M1,166,57,937,M1T3R166C937VB57.h5,57.42857142857143,0.36114479747756245,0.0925925925837554,early,0
T3,M1,167,58,957,M1T3R167C957VB58.h5,57.57142857142857,0.36211496483143096,0.0925925925837554,early,0
T3,M1,168,58,961,M1T3R168C961VB58.h5,57.714285714285715,0.36308513218529953,0.09259259258375646,early,0
T3,M1,169,58,965,M1T3R169C965VB58.h5,57.857142857142854,0.36405529953916804,0.0925925925837554,early,0
T3,M1,170,58,969,M1T3R170C969VB58.h5,58.0,0.3650254668930366,0.0925925925837554,early,0
T3,M1,171,58,973,M1T3R171C973VB58.h5,58.142857142857146,0.3659956342469051,0.0925925925837554,early,0
T3,M1,172,58,977,M1T3R172C977VB58.h5,58.285714285714285,0.36696580160077363,0.0925925925837554,early,0
T3,M1,173,58,981,M1T3R173C981VB58.h5,58.42857142857143,0.3679359689546422,0.11111111110050607,early,0
T3,M1,174,59,985,M1T3R174C985VB59.h5,58.57142857142857,0.3689061363085107,0.12962962961725777,early,0
T3,M1,175,59,1008,M1T3R175C1008VB59.h5,58.857142857142854,0.3708464710162478,0.1481481481340095,early,0
T3,M1,176,59,1012,M1T3R176C1012VB59.h5,59.142857142857146,0.37278680572398487,0.14814814813400845,early,0
T3,M1,177,59,1016,M1T3R177C1016VB59.h5,59.42857142857143,0.37472714043172195,0.1481481481340095,early,0
T3,M1,178,60,1019,M1T3R178C1019VB60.h5,59.57142857142857,0.37569730778559046,0.1481481481340095,early,0
T3,M1,179,60,1023,M1T3R179C1023VB60.h5,59.714285714285715,0.37666747513945903,0.14814814813400845,early,0
T3,M1,180,60,1027,M1T3R180C1027VB60.h5,60.0,0.3786078098471961,0.12962962961725777,early,0
T3,M1,181,60,1031,M1T3R181C1031VB60.h5,60.285714285714285,0.38054814455493313,0.12962962961725777,early,0
T3,M1,182,60,1053,M1T3R182C1053VB60.h5,60.42857142857143,0.3815183119088017,0.12962962961725777,early,0
T3,M1,183,61,1057,M1T3R183C1057VB61.h5,60.57142857142857,0.3824884792626702,0.11111111110050607,early,0
T3,M1,184,61,1061,M1T3R184C1061VB61.h5,60.714285714285715,0.3834586466165388,0.09259259258375646,early,0
T3,M1,185,61,1064,M1T3R185C1064VB61.h5,60.857142857142854,0.3844288139704073,0.07407407406700475,early,0
T3,M1,186,61,1068,M1T3R186C1068VB61.h5,61.0,0.38539898132427586,0.05555555555025409,early,0
T3,M1,187,61,1072,M1T3R187C1072VB61.h5,61.0,0.38539898132427586,0.05555555555025304,early,0
T3,M1,188,61,1076,M1T3R188C1076VB61.h5,61.0,0.38539898132427586,0.05555555555025304,early,0
T3,M1,189,61,1080,M1T3R189C1080VB61.h5,61.142857142857146,0.38636914867814437,0.05555555555025304,early,0
T3,M1,190,61,1084,M1T3R190C1084VB61.h5,61.285714285714285,0.3873393160320129,0.0740740740670037,early,0
T3,M1,191,61,1088,M1T3R191C1088VB61.h5,61.42857142857143,0.38830948338588145,0.11111111110050607,early,0
T3,M1,192,62,1091,M1T3R192C1091VB62.h5,61.57142857142857,0.38927965073974996,0.12962962961725777,early,0
T3,M1,193,62,1095,M1T3R193C1095VB62.h5,61.857142857142854,0.39121998544748704,0.1481481481340095,middle,1
T3,M1,194,62,1099,M1T3R194C1099VB62.h5,62.142857142857146,0.3931603201552241,0.14814814813400845,middle,1
T3,M1,195,62,1103,M1T3R195C1103VB62.h5,62.42857142857143,0.3951006548629612,0.1481481481340095,middle,1
T3,M1,196,63,1124,M1T3R196C1124VB63.h5,62.57142857142857,0.3960708222168297,0.12962962961725777,middle,1
T3,M1,197,63,1127,M1T3R197C1127VB63.h5,62.714285714285715,0.3970409895706983,0.11111111110050713,middle,1
T3,M1,198,63,1131,M1T3R198C1131VB63.h5,62.857142857142854,0.3980111569245668,0.07407407406700475,middle,1
T3,M1,199,63,1135,M1T3R199C1135VB63.h5,63.0,0.39898132427843536,0.07407407406700475,middle,1
T3,M1,200,63,1139,M1T3R200C1139VB63.h5,63.0,0.39898132427843536,0.0740740740670037,middle,1
T3,M1,201,63,1143,M1T3R201C1143VB63.h5,63.142857142857146,0.39995149163230387,0.07407407406700475,middle,1
T3,M1,202,63,1147,M1T3R202C1147VB63.h5,63.285714285714285,0.4009216589861724,0.0740740740670037,middle,1
T3,M1,203,63,1151,M1T3R203C1151VB63.h5,63.42857142857143,0.40189182634004095,0.0925925925837554,middle,1
T3,M1,204,64,1174,M1T3R204C1174VB64.h5,63.57142857142857,0.40286199369390946,0.0925925925837554,middle,1
T3,M1,205,64,1178,M1T3R205C1178VB64.h5,63.714285714285715,0.403832161047778,0.09259259258375646,middle,1
T3,M1,206,64,1182,M1T3R206C1182VB64.h5,63.857142857142854,0.40480232840164654,0.07407407406700475,middle,1
T3,M1,207,64,1185,M1T3R207C1185VB64.h5,64.0,0.4057724957555151,0.05555555555025409,middle,1
T3,M1,208,64,1189,M1T3R208C1189VB64.h5,64.0,0.4057724957555151,0.037037037033502376,middle,1
T3,M1,209,64,1193,M1T3R209C1193VB64.h5,64.0,0.4057724957555151,0.037037037033502376,middle,1
T3,M1,210,64,1197,M1T3R210C1197VB64.h5,64.0,0.4057724957555151,0.037037037033502376,middle,1
T3,M1,211,64,1219,M1T3R211C1219VB64.h5,64.14285714285714,0.4067426631093836,0.05555555555025304,middle,1
T3,M1,212,64,1223,M1T3R212C1223VB64.h5,64.28571428571429,0.4077128304632522,0.0740740740670037,middle,1
T3,M1,213,64,1227,M1T3R213C1227VB64.h5,64.42857142857143,0.4086829978171207,0.09259259258375434,middle,1
T3,M1,214,65,1230,M1T3R214C1230VB65.h5,64.57142857142857,0.4096531651709892,0.09259259258375646,middle,1
T3,M1,215,65,1234,M1T3R215C1234VB65.h5,64.71428571428571,0.4106233325248577,0.0925925925837554,middle,1
T3,M1,216,65,1238,M1T3R216C1238VB65.h5,64.85714285714286,0.41159349987872634,0.07407407406700475,middle,1
T3,M1,217,65,1242,M1T3R217C1242VB65.h5,65.0,0.41256366723259486,0.05555555555025409,middle,1
T3,M1,218,65,1246,M1T3R218C1246VB65.h5,65.0,0.41256366723259486,0.03703703703350344,middle,1
T3,M1,219,65,1250,M1T3R219C1250VB65.h5,65.0,0.41256366723259486,0.018518518516750657,middle,1
T3,M1,220,65,1254,M1T3R220C1254VB65.h5,65.0,0.41256366723259486,0.0,middle,1
T3,M1,221,65,1258,M1T3R221C1258VB65.h5,65.0,0.41256366723259486,0.0,middle,1
T3,M1,222,65,1261,M1T3R222C1261VB65.h5,65.0,0.41256366723259486,0.0,middle,1
T3,M1,223,65,1265,M1T3R223C1265VB65.h5,65.0,0.41256366723259486,0.018518518516750657,middle,1
T3,M1,224,65,1269,M1T3R224C1269VB65.h5,65.0,0.41256366723259486,0.037037037033502376,middle,1
T3,M1,225,65,1290,M1T3R225C1290VB65.h5,65.14285714285714,0.41353383458646337,0.05555555555025304,middle,1
T3,M1,226,65,1294,M1T3R226C1294VB65.h5,65.28571428571429,0.41450400194033193,0.0740740740670037,middle,1
T3,M1,227,65,1298,M1T3R227C1298VB65.h5,65.42857142857143,0.41547416929420045,0.09259259258375434,middle,1
T3,M1,228,66,1301,M1T3R228C1301VB66.h5,65.57142857142857,0.41644433664806896,0.09259259258375646,middle,1
T3,M1,229,66,1305,M1T3R229C1305VB66.h5,65.71428571428571,0.41741450400193747,0.0925925925837554,middle,1
T3,M1,230,66,1309,M1T3R230C1309VB66.h5,65.85714285714286,0.4183846713558061,0.07407407406700475,middle,1
T3,M1,231,66,1313,M1T3R231C1313VB66.h5,66.0,0.4193548387096746,0.05555555555025409,middle,1
T3,M1,232,66,1317,M1T3R232C1317VB66.h5,66.0,0.4193548387096746,0.03703703703350344,middle,1
T3,M1,233,66,1340,M1T3R233C1340VB66.h5,66.0,0.4193548387096746,0.018518518516750657,middle,1
T3,M1,234,66,1344,M1T3R234C1344VB66.h5,66.0,0.4193548387096746,0.0,middle,1
T3,M1,235,66,1348,M1T3R235C1348VB66.h5,66.0,0.4193548387096746,0.018518518516750657,middle,1
T3,M1,236,66,1352,M1T3R236C1352VB66.h5,66.0,0.4193548387096746,0.037037037033502376,middle,1
T3,M1,237,66,1356,M1T3R237C1356VB66.h5,66.14285714285714,0.4203250060635431,0.05555555555025304,middle,1
T3,M1,238,66,1359,M1T3R238C1359VB66.h5,66.28571428571429,0.4212951734174117,0.0740740740670037,middle,1
T3,M1,239,66,1363,M1T3R239C1363VB66.h5,66.42857142857143,0.4222653407712802,0.09259259258375434,middle,1
T3,M1,240,67,1385,M1T3R240C1385VB67.h5,66.57142857142857,0.4232355081251487,0.09259259258375646,middle,1
T3,M1,241,67,1389,M1T3R241C1389VB67.h5,66.71428571428571,0.4242056754790172,0.0925925925837554,middle,1
T3,M1,242,67,1393,M1T3R242C1393VB67.h5,66.85714285714286,0.42517584283288584,0.07407407406700475,middle,1
T3,M1,243,67,1397,M1T3R243C1397VB67.h5,67.0,0.42614601018675435,0.05555555555025409,middle,1
T3,M1,244,67,1401,M1T3R244C1401VB67.h5,67.0,0.42614601018675435,0.03703703703350344,middle,1
T3,M1,245,67,1404,M1T3R245C1404VB67.h5,67.0,0.42614601018675435,0.018518518516750657,middle,1
T3,M1,246,67,1408,M1T3R246C1408VB67.h5,67.0,0.42614601018675435,0.0,middle,1
T3,M1,247,67,1412,M1T3R247C1412VB67.h5,67.0,0.42614601018675435,0.0,middle,1
T3,M1,248,67,1416,M1T3R248C1416VB67.h5,67.0,0.42614601018675435,0.0,middle,1
T3,M1,249,67,1420,M1T3R249C1420VB67.h5,67.0,0.42614601018675435,0.018518518516750657,middle,1
T3,M1,250,67,1424,M1T3R250C1424VB67.h5,67.0,0.42614601018675435,0.037037037033502376,middle,1
T3,M1,251,67,1428,M1T3R251C1428VB67.h5,67.14285714285714,0.42711617754062287,0.05555555555025304,middle,1
T3,M1,252,67,1432,M1T3R252C1432VB67.h5,67.28571428571429,0.42808634489449143,0.0740740740670037,middle,1
T3,M1,253,67,1435,M1T3R253C1435VB67.h5,67.42857142857143,0.42905651224835994,0.09259259258375434,middle,1
T3,M1,254,68,1456,M1T3R254C1456VB68.h5,67.57142857142857,0.43002667960222846,0.09259259258375646,middle,1
T3,M1,255,68,1460,M1T3R255C1460VB68.h5,67.71428571428571,0.43099684695609697,0.0925925925837554,middle,1
T3,M1,256,68,1464,M1T3R256C1464VB68.h5,67.85714285714286,0.4319670143099656,0.07407407406700475,middle,1
T3,M1,257,68,1468,M1T3R257C1468VB68.h5,68.0,0.4329371816638341,0.07407407406700475,middle,1
T3,M1,258,68,1471,M1T3R258C1471VB68.h5,68.0,0.4329371816638341,0.07407407406700581,middle,1
T3,M1,259,68,1475,M1T3R259C1475VB68.h5,68.14285714285714,0.4339073490177026,0.0740740740670037,middle,1
T3,M1,260,68,1479,M1T3R260C1479VB68.h5,68.28571428571429,0.4348775163715712,0.0740740740670037,middle,1
T3,M1,261,68,1483,M1T3R261C1483VB68.h5,68.42857142857143,0.4358476837254397,0.09259259258375434,middle,1
T3,M1,262,69,1506,M1T3R262C1506VB69.h5,68.57142857142857,0.4368178510793082,0.09259259258375646,middle,1
T3,M1,263,69,1510,M1T3R263C1510VB69.h5,68.71428571428571,0.4377880184331767,0.0925925925837554,middle,1
T3,M1,264,69,1514,M1T3R264C1514VB69.h5,68.85714285714286,0.43875818578704534,0.0925925925837554,middle,1
T3,M1,265,69,1518,M1T3R265C1518VB69.h5,69.0,0.43972835314091385,0.09259259258375646,middle,1
T3,M1,266,69,1522,M1T3R266C1522VB69.h5,69.14285714285714,0.44069852049478236,0.09259259258375646,middle,1
T3,M1,267,69,1526,M1T3R267C1526VB69.h5,69.28571428571429,0.44166868784865093,0.09259259258375434,middle,1
T3,M1,268,69,1530,M1T3R268C1530VB69.h5,69.42857142857143,0.44263885520251944,0.09259259258375434,middle,1
T3,M1,269,70,1551,M1T3R269C1551VB70.h5,69.57142857142857,0.44360902255638796,0.09259259258375646,middle,1
T3,M1,270,70,1555,M1T3R270C1555VB70.h5,69.71428571428571,0.44457918991025647,0.0925925925837554,middle,1
T3,M1,271,70,1559,M1T3R271C1559VB70.h5,69.85714285714286,0.4455493572641251,0.07407407406700475,middle,1
T3,M1,272,70,1563,M1T3R272C1563VB70.h5,70.0,0.4465195246179936,0.07407407406700475,middle,1
T3,M1,273,70,1567,M1T3R273C1567VB70.h5,70.0,0.4465195246179936,0.07407407406700581,middle,1
T3,M1,274,70,1571,M1T3R274C1571VB70.h5,70.14285714285714,0.4474896919718621,0.0740740740670037,middle,1
T3,M1,275,70,1574,M1T3R275C1574VB70.h5,70.28571428571429,0.4484598593257307,0.0740740740670037,middle,1
T3,M1,276,70,1578,M1T3R276C1578VB70.h5,70.42857142857143,0.4494300266795992,0.09259259258375434,middle,1
T3,M1,277,71,1582,M1T3R277C1582VB71.h5,70.57142857142857,0.4504001940334677,0.09259259258375646,middle,1
T3,M1,278,71,1586,M1T3R278C1586VB71.h5,70.71428571428571,0.4513703613873362,0.11111111110050607,middle,1
T3,M1,279,71,1590,M1T3R279C1590VB71.h5,70.85714285714286,0.45234052874120484,0.11111111110050713,middle,1
T3,M1,280,71,1594,M1T3R280C1594VB71.h5,71.14285714285714,0.45428086344894186,0.11111111110050713,middle,1
T3,M1,281,71,1598,M1T3R281C1598VB71.h5,71.28571428571429,0.45525103080281043,0.11111111110050713,middle,1
T3,M1,282,71,1602,M1T3R282C1602VB71.h5,71.42857142857143,0.45622119815667894,0.11111111110050502,middle,1
T3,M1,283,72,1622,M1T3R283C1622VB72.h5,71.57142857142857,0.45719136551054745,0.09259259258375646,middle,1
T3,M1,284,72,1626,M1T3R284C1626VB72.h5,71.71428571428571,0.45816153286441597,0.0925925925837554,middle,1
T3,M1,285,72,1630,M1T3R285C1630VB72.h5,71.85714285714286,0.4591317002182846,0.07407407406700475,middle,1
T3,M1,286,72,1634,M1T3R286C1634VB72.h5,72.0,0.4601018675721531,0.07407407406700475,middle,1
T3,M1,287,72,1638,M1T3R287C1638VB72.h5,72.0,0.4601018675721531,0.07407407406700581,middle,1
T3,M1,288,72,1642,M1T3R288C1642VB72.h5,72.14285714285714,0.4610720349260216,0.0740740740670037,middle,1
T3,M1,289,72,1645,M1T3R289C1645VB72.h5,72.28571428571429,0.4620422022798902,0.0740740740670037,middle,1
T3,M1,290,72,1649,M1T3R290C1649VB72.h5,72.42857142857143,0.4630123696337587,0.09259259258375434,middle,1
T3,M1,291,73,1673,M1T3R291C1673VB73.h5,72.57142857142857,0.4639825369876272,0.09259259258375646,middle,1
T3,M1,292,73,1676,M1T3R292C1676VB73.h5,72.71428571428571,0.4649527043414957,0.0925925925837554,middle,1
T3,M1,293,73,1680,M1T3R293C1680VB73.h5,72.85714285714286,0.46592287169536434,0.0925925925837554,middle,1
T3,M1,294,73,1684,M1T3R294C1684VB73.h5,73.0,0.46689303904923285,0.09259259258375646,middle,1
T3,M1,295,73,1688,M1T3R295C1688VB73.h5,73.14285714285714,0.46786320640310136,0.09259259258375646,middle,1
T3,M1,296,73,1692,M1T3R296C1692VB73.h5,73.28571428571429,0.46883337375696993,0.09259259258375434,middle,1
T3,M1,297,73,1696,M1T3R297C1696VB73.h5,73.42857142857143,0.46980354111083844,0.09259259258375434,middle,1
T3,M1,298,74,1718,M1T3R298C1718VB74.h5,73.57142857142857,0.47077370846470695,0.09259259258375646,middle,1
T3,M1,299,74,1721,M1T3R299C1721VB74.h5,73.71428571428571,0.47174387581857546,0.0925925925837554,middle,1
T3,M1,300,74,1725,M1T3R300C1725VB74.h5,73.85714285714286,0.4727140431724441,0.0925925925837554,middle,1
T3,M1,301,74,1729,M1T3R301C1729VB74.h5,74.0,0.4736842105263126,0.09259259258375646,middle,1
T3,M1,302,74,1733,M1T3R302C1733VB74.h5,74.14285714285714,0.4746543778801811,0.09259259258375646,middle,1
T3,M1,303,74,1737,M1T3R303C1737VB74.h5,74.28571428571429,0.4756245452340497,0.09259259258375434,middle,1
T3,M1,304,74,1741,M1T3R304C1741VB74.h5,74.42857142857143,0.4765947125879182,0.09259259258375434,middle,1
T3,M1,305,75,1745,M1T3R305C1745VB75.h5,74.57142857142857,0.4775648799417867,0.09259259258375646,middle,1
T3,M1,306,75,1749,M1T3R306C1749VB75.h5,74.71428571428571,0.4785350472956552,0.0925925925837554,middle,1
T3,M1,307,75,1752,M1T3R307C1752VB75.h5,74.85714285714286,0.47950521464952384,0.0925925925837554,middle,1
T3,M1,308,75,1756,M1T3R308C1756VB75.h5,75.0,0.48047538200339235,0.09259259258375646,middle,1
T3,M1,309,75,1760,M1T3R309C1760VB75.h5,75.14285714285714,0.48144554935726086,0.09259259258375646,middle,1
T3,M1,310,75,1764,M1T3R310C1764VB75.h5,75.28571428571429,0.4824157167111294,0.09259259258375434,middle,1
T3,M1,311,75,1768,M1T3R311C1768VB75.h5,75.42857142857143,0.48338588406499794,0.09259259258375434,middle,1
T3,M1,312,76,1788,M1T3R312C1788VB76.h5,75.57142857142857,0.48435605141886645,0.09259259258375646,middle,1
T3,M1,313,76,1792,M1T3R313C1792VB76.h5,75.71428571428571,0.48532621877273496,0.0925925925837554,middle,1
T3,M1,314,76,1796,M1T3R314C1796VB76.h5,75.85714285714286,0.4862963861266036,0.07407407406700475,middle,1
T3,M1,315,76,1800,M1T3R315C1800VB76.h5,76.0,0.4872665534804721,0.07407407406700475,middle,1
T3,M1,316,76,1804,M1T3R316C1804VB76.h5,76.0,0.4872665534804721,0.07407407406700581,middle,1
T3,M1,317,76,1808,M1T3R317C1808VB76.h5,76.14285714285714,0.4882367208343406,0.0740740740670037,middle,1
T3,M1,318,76,1812,M1T3R318C1812VB76.h5,76.28571428571429,0.4892068881882092,0.0740740740670037,middle,1
T3,M1,319,76,1816,M1T3R319C1816VB76.h5,76.42857142857143,0.4901770555420777,0.09259259258375434,middle,1
T3,M1,320,77,1839,M1T3R320C1839VB77.h5,76.57142857142857,0.4911472228959462,0.11111111110050713,middle,1
T3,M1,321,77,1843,M1T3R321C1843VB77.h5,76.71428571428571,0.4921173902498147,0.12962962961725777,middle,1
T3,M1,322,77,1847,M1T3R322C1847VB77.h5,77.0,0.49405772495755185,0.12962962961725777,middle,1
T3,M1,323,77,1850,M1T3R323C1850VB77.h5,77.28571428571429,0.4959980596652889,0.12962962961725777,middle,1
T3,M1,324,77,1854,M1T3R324C1854VB77.h5,77.42857142857143,0.49696822701915744,0.12962962961725777,middle,1
T3,M1,325,78,1858,M1T3R325C1858VB78.h5,77.57142857142857,0.49793839437302595,0.12962962961725777,middle,1
T3,M1,326,78,1862,M1T3R326C1862VB78.h5,77.71428571428571,0.49890856172689446,0.12962962961725885,middle,1
T3,M1,327,78,1884,M1T3R327C1884VB78.h5,78.0,0.5008488964346316,0.12962962961725777,middle,1
T3,M1,328,78,1888,M1T3R328C1888VB78.h5,78.28571428571429,0.5027892311423687,0.12962962961725885,middle,1
T3,M1,329,78,1892,M1T3R329C1892VB78.h5,78.42857142857143,0.5037593984962372,0.12962962961725777,middle,1
T3,M1,330,79,1895,M1T3R330C1895VB79.h5,78.57142857142857,0.5047295658501058,0.11111111110050607,middle,1
T3,M1,331,79,1899,M1T3R331C1899VB79.h5,78.71428571428571,0.5056997332039742,0.09259259258375434,middle,1
T3,M1,332,79,1903,M1T3R332C1903VB79.h5,78.85714285714286,0.5066699005578428,0.07407407406700475,middle,1
T3,M1,333,79,1907,M1T3R333C1907VB79.h5,79.0,0.5076400679117113,0.05555555555025304,middle,1
T3,M1,334,79,1911,M1T3R334C1911VB79.h5,79.0,0.5076400679117113,0.05555555555025304,middle,1
T3,M1,335,79,1915,M1T3R335C1915VB79.h5,79.0,0.5076400679117113,0.05555555555025515,middle,1
T3,M1,336,79,1919,M1T3R336C1919VB79.h5,79.14285714285714,0.5086102352655798,0.05555555555025304,middle,1
T3,M1,337,79,1923,M1T3R337C1923VB79.h5,79.28571428571429,0.5095804026194485,0.07407407406700475,middle,1
T3,M1,338,79,1927,M1T3R338C1927VB79.h5,79.42857142857143,0.5105505699733169,0.09259259258375434,middle,1
T3,M1,339,80,1930,M1T3R339C1930VB80.h5,79.57142857142857,0.5115207373271855,0.11111111110050818,middle,1
T3,M1,340,80,1934,M1T3R340C1934VB80.h5,79.71428571428571,0.512490904681054,0.12962962961725777,middle,1
T3,M1,341,80,1955,M1T3R341C1955VB80.h5,80.0,0.5144312393887911,0.12962962961725777,middle,1
T3,M1,342,80,1959,M1T3R342C1959VB80.h5,80.28571428571429,0.5163715740965282,0.12962962961725777,middle,1
T3,M1,343,80,1963,M1T3R343C1963VB80.h5,80.42857142857143,0.5173417414503967,0.12962962961725777,middle,1
T3,M1,344,81,1966,M1T3R344C1966VB81.h5,80.57142857142857,0.5183119088042653,0.12962962961725777,middle,1
T3,M1,345,81,1970,M1T3R345C1970VB81.h5,80.71428571428571,0.5192820761581337,0.12962962961725777,middle,1
T3,M1,346,81,1974,M1T3R346C1974VB81.h5,81.0,0.5212224108658708,0.12962962961725777,middle,1
T3,M1,347,81,1978,M1T3R347C1978VB81.h5,81.28571428571429,0.523162745573608,0.12962962961725777,middle,1
T3,M1,348,81,1982,M1T3R348C1982VB81.h5,81.42857142857143,0.5241329129274764,0.12962962961725777,middle,1
T3,M1,349,82,2005,M1T3R349C2005VB82.h5,81.57142857142857,0.525103080281345,0.11111111110050818,middle,1
T3,M1,350,82,2009,M1T3R350C2009VB82.h5,81.71428571428571,0.5260732476352135,0.09259259258375434,middle,1
T3,M1,351,82,2013,M1T3R351C2013VB82.h5,81.85714285714286,0.5270434149890821,0.09259259258375434,middle,1
T3,M1,352,82,2017,M1T3R352C2017VB82.h5,82.0,0.5280135823429506,0.09259259258375646,middle,1
T3,M1,353,82,2021,M1T3R353C2021VB82.h5,82.14285714285714,0.528983749696819,0.09259259258375646,middle,1
T3,M1,354,82,2025,M1T3R354C2025VB82.h5,82.28571428571429,0.5299539170506877,0.09259259258375434,middle,1
T3,M1,355,82,2028,M1T3R355C2028VB82.h5,82.42857142857143,0.5309240844045562,0.09259259258375434,middle,1
T3,M1,356,83,2050,M1T3R356C2050VB83.h5,82.57142857142857,0.5318942517584248,0.09259259258375858,middle,1
T3,M1,357,83,2054,M1T3R357C2054VB83.h5,82.71428571428571,0.5328644191122932,0.09259259258375434,middle,1
T3,M1,358,83,2058,M1T3R358C2058VB83.h5,82.85714285714286,0.5338345864661619,0.09259259258375434,middle,1
T3,M1,359,83,2062,M1T3R359C2062VB83.h5,83.0,0.5348047538200303,0.09259259258375646,middle,1
T3,M1,360,83,2066,M1T3R360C2066VB83.h5,83.14285714285714,0.5357749211738988,0.09259259258375646,middle,1
T3,M1,361,83,2070,M1T3R361C2070VB83.h5,83.28571428571429,0.5367450885277675,0.09259259258375434,middle,1
T3,M1,362,83,2074,M1T3R362C2074VB83.h5,83.42857142857143,0.5377152558816359,0.09259259258375434,middle,1
T3,M1,363,84,2077,M1T3R363C2077VB84.h5,83.57142857142857,0.5386854232355045,0.09259259258375858,middle,1
T3,M1,364,84,2081,M1T3R364C2081VB84.h5,83.71428571428571,0.539655590589373,0.09259259258375434,middle,1
T3,M1,365,84,2085,M1T3R365C2085VB84.h5,83.85714285714286,0.5406257579432416,0.09259259258375434,middle,1
T3,M1,366,84,2089,M1T3R366C2089VB84.h5,84.0,0.5415959252971101,0.09259259258375646,middle,1
T3,M1,367,84,2093,M1T3R367C2093VB84.h5,84.14285714285714,0.5425660926509785,0.09259259258375646,middle,1
T3,M1,368,84,2097,M1T3R368C2097VB84.h5,84.28571428571429,0.5435362600048472,0.09259259258375434,middle,1
T3,M1,369,84,2101,M1T3R369C2101VB84.h5,84.42857142857143,0.5445064273587157,0.09259259258375434,middle,1
T3,M1,370,85,2121,M1T3R370C2121VB85.h5,84.57142857142857,0.5454765947125843,0.09259259258375858,middle,1
T3,M1,371,85,2125,M1T3R371C2125VB85.h5,84.71428571428571,0.5464467620664527,0.09259259258375434,middle,1
T3,M1,372,85,2129,M1T3R372C2129VB85.h5,84.85714285714286,0.5474169294203214,0.09259259258375434,middle,1
T3,M1,373,85,2133,M1T3R373C2133VB85.h5,85.0,0.5483870967741898,0.09259259258375646,middle,1
T3,M1,374,85,2137,M1T3R374C2137VB85.h5,85.14285714285714,0.5493572641280583,0.09259259258375646,middle,1
T3,M1,375,85,2141,M1T3R375C2141VB85.h5,85.28571428571429,0.550327431481927,0.11111111110050394,middle,1
T3,M1,376,85,2145,M1T3R376C2145VB85.h5,85.42857142857143,0.5512975988357954,0.12962962961725777,middle,1
T3,M1,377,86,2148,M1T3R377C2148VB86.h5,85.71428571428571,0.5532379335435325,0.14814814813401161,middle,1
T3,M1,378,86,2172,M1T3R378C2172VB86.h5,86.0,0.5551782682512696,0.1666666666507591,middle,1
T3,M1,379,86,2176,M1T3R379C2176VB86.h5,86.28571428571429,0.5571186029590067,0.1666666666507591,middle,1
T3,M1,380,87,2179,M1T3R380C2179VB87.h5,86.57142857142857,0.5590589376667437,0.1666666666507612,middle,1
T3,M1,381,87,2183,M1T3R381C2183VB87.h5,86.71428571428571,0.5600291050206122,0.1666666666507612,middle,1
T3,M1,382,87,2187,M1T3R382C2187VB87.h5,87.0,0.5619694397283493,0.1481481481340074,middle,1
T3,M1,383,87,2191,M1T3R383C2191VB87.h5,87.28571428571429,0.5639097744360865,0.12962962961725777,middle,1
T3,M1,384,87,2195,M1T3R384C2195VB87.h5,87.42857142857143,0.5648799417899549,0.12962962961725777,middle,1
T3,M1,385,88,2217,M1T3R385C2217VB88.h5,87.57142857142857,0.5658501091438235,0.11111111110050818,middle,1
T3,M1,386,88,2221,M1T3R386C2221VB88.h5,87.71428571428571,0.566820276497692,0.09259259258375434,middle,1
T3,M1,387,88,2224,M1T3R387C2224VB88.h5,87.85714285714286,0.5677904438515606,0.09259259258375646,middle,1
T3,M1,388,88,2228,M1T3R388C2228VB88.h5,88.0,0.5687606112054291,0.09259259258375646,middle,1
T3,M1,389,88,2232,M1T3R389C2232VB88.h5,88.14285714285714,0.5697307785592977,0.09259259258375646,middle,1
T3,M1,390,88,2236,M1T3R390C2236VB88.h5,88.28571428571429,0.5707009459131662,0.09259259258375434,middle,1
T3,M1,391,88,2240,M1T3R391C2240VB88.h5,88.42857142857143,0.5716711132670347,0.09259259258375434,middle,1
T3,M1,392,89,2244,M1T3R392C2244VB89.h5,88.57142857142857,0.5726412806209032,0.09259259258375646,middle,1
T3,M1,393,89,2248,M1T3R393C2248VB89.h5,88.71428571428571,0.5736114479747717,0.09259259258375434,middle,1
T3,M1,394,89,2252,M1T3R394C2252VB89.h5,88.85714285714286,0.5745816153286404,0.09259259258375646,middle,1
T3,M1,395,89,2255,M1T3R395C2255VB89.h5,89.0,0.5755517826825088,0.09259259258375646,middle,1
T3,M1,396,89,2259,M1T3R396C2259VB89.h5,89.14285714285714,0.5765219500363774,0.09259259258375646,middle,1
T3,M1,397,89,2263,M1T3R397C2263VB89.h5,89.28571428571429,0.577492117390246,0.09259259258375434,middle,1
T3,M1,398,89,2267,M1T3R398C2267VB89.h5,89.42857142857143,0.5784622847441144,0.09259259258375434,middle,1
T3,M1,399,90,2288,M1T3R399C2288VB90.h5,89.57142857142857,0.579432452097983,0.11111111110050607,middle,1
T3,M1,400,90,2291,M1T3R400C2291VB90.h5,89.71428571428571,0.5804026194518515,0.12962962961725777,middle,1
T3,M1,401,90,2295,M1T3R401C2295VB90.h5,90.0,0.5823429541595886,0.12962962961725777,middle,1
T3,M1,402,90,2299,M1T3R402C2299VB90.h5,90.28571428571429,0.5842832888673257,0.1481481481340074,middle,1
T3,M1,403,90,2303,M1T3R403C2303VB90.h5,90.42857142857143,0.5852534562211942,0.1666666666507612,middle,1
T3,M1,404,91,2307,M1T3R404C2307VB91.h5,90.71428571428571,0.5871937909289312,0.1666666666507612,middle,1
T3,M1,405,91,2311,M1T3R405C2311VB91.h5,91.0,0.5891341256366683,0.1666666666507591,middle,1
T3,M1,406,91,2315,M1T3R406C2315VB91.h5,91.28571428571429,0.5910744603444055,0.1666666666507591,middle,1
T3,M1,407,92,2338,M1T3R407C2338VB92.h5,91.57142857142857,0.5930147950521425,0.14814814813401161,middle,1
T3,M1,408,92,2342,M1T3R408C2342VB92.h5,91.71428571428571,0.593984962406011,0.12962962961725777,middle,1
T3,M1,409,92,2346,M1T3R409C2346VB92.h5,91.85714285714286,0.5949551297598796,0.11111111110050607,middle,1
T3,M1,410,92,2350,M1T3R410C2350VB92.h5,92.0,0.5959252971137481,0.09259259258375646,middle,1
T3,M1,411,92,2354,M1T3R411C2354VB92.h5,92.14285714285714,0.5968954644676167,0.09259259258375646,middle,1
T3,M1,412,92,2357,M1T3R412C2357VB92.h5,92.28571428571429,0.5978656318214852,0.09259259258375434,middle,1
T3,M1,413,92,2361,M1T3R413C2361VB92.h5,92.42857142857143,0.5988357991753537,0.11111111110050818,middle,1
T3,M1,414,93,2383,M1T3R414C2383VB93.h5,92.57142857142857,0.5998059665292222,0.12962962961725777,middle,1
T3,M1,415,93,2387,M1T3R415C2387VB93.h5,92.85714285714286,0.6017463012369594,0.1481481481340074,middle,1
T3,M1,416,93,2391,M1T3R416C2391VB93.h5,93.14285714285714,0.6036866359446964,0.1481481481340095,middle,1
T3,M1,417,93,2395,M1T3R417C2395VB93.h5,93.42857142857143,0.6056269706524334,0.1481481481340074,middle,1
T3,M1,418,94,2398,M1T3R418C2398VB94.h5,93.57142857142857,0.606597138006302,0.12962962961725777,middle,1
T3,M1,419,94,2402,M1T3R419C2402VB94.h5,93.71428571428571,0.6075673053601705,0.11111111110050607,middle,1
T3,M1,420,94,2406,M1T3R420C2406VB94.h5,93.85714285714286,0.6085374727140391,0.07407407406700475,middle,1
T3,M1,421,94,2410,M1T3R421C2410VB94.h5,94.0,0.6095076400679076,0.05555555555025304,middle,1
T3,M1,422,94,2414,M1T3R422C2414VB94.h5,94.0,0.6095076400679076,0.05555555555025515,middle,1
T3,M1,423,94,2418,M1T3R423C2418VB94.h5,94.0,0.6095076400679076,0.05555555555025304,middle,1
T3,M1,424,94,2422,M1T3R424C2422VB94.h5,94.14285714285714,0.6104778074217762,0.05555555555025304,middle,1
T3,M1,425,94,2426,M1T3R425C2426VB94.h5,94.28571428571429,0.6114479747756447,0.09259259258375434,middle,1
T3,M1,426,94,2430,M1T3R426C2430VB94.h5,94.42857142857143,0.6124181421295132,0.12962962961725777,middle,1
T3,M1,427,95,2433,M1T3R427C2433VB95.h5,94.71428571428571,0.6143584768372502,0.1481481481340095,middle,1
T3,M1,428,95,2454,M1T3R428C2454VB95.h5,95.0,0.6162988115449873,0.1666666666507591,middle,1
T3,M1,429,95,2458,M1T3R429C2458VB95.h5,95.28571428571429,0.6182391462527245,0.1666666666507591,middle,1
T3,M1,430,96,2462,M1T3R430C2462VB96.h5,95.57142857142857,0.6201794809604615,0.14814814813401161,middle,1
T3,M1,431,96,2466,M1T3R431C2466VB96.h5,95.71428571428571,0.62114964831433,0.1481481481340095,middle,1
T3,M1,432,96,2470,M1T3R432C2470VB96.h5,95.85714285714286,0.6221198156681986,0.12962962961725777,middle,1
T3,M1,433,96,2473,M1T3R433C2473VB96.h5,96.14285714285714,0.6240601503759357,0.11111111110050607,middle,1
T3,M1,434,96,2477,M1T3R434C2477VB96.h5,96.28571428571429,0.6250303177298042,0.11111111110050818,middle,1
T3,M1,435,96,2481,M1T3R435C2481VB96.h5,96.42857142857143,0.6260004850836727,0.11111111110050394,middle,1
T3,M1,436,97,2504,M1T3R436C2504VB97.h5,96.57142857142857,0.6269706524375412,0.09259259258375646,middle,1
T3,M1,437,97,2508,M1T3R437C2508VB97.h5,96.71428571428571,0.6279408197914097,0.09259259258375434,middle,1
T3,M1,438,97,2512,M1T3R438C2512VB97.h5,96.85714285714286,0.6289109871452784,0.09259259258375646,middle,1
T3,M1,439,97,2516,M1T3R439C2516VB97.h5,97.0,0.6298811544991468,0.09259259258375646,middle,1
T3,M1,440,97,2520,M1T3R440C2520VB97.h5,97.14285714285714,0.6308513218530154,0.09259259258375646,middle,1
T3,M1,441,97,2524,M1T3R441C2524VB97.h5,97.28571428571429,0.631821489206884,0.09259259258375434,middle,1
T3,M1,442,97,2528,M1T3R442C2528VB97.h5,97.42857142857143,0.6327916565607524,0.09259259258375434,middle,1
T3,M1,443,98,2549,M1T3R443C2549VB98.h5,97.57142857142857,0.633761823914621,0.09259259258375646,middle,1
T3,M1,444,98,2553,M1T3R444C2553VB98.h5,97.71428571428571,0.6347319912684894,0.09259259258375434,middle,1
T3,M1,445,98,2557,M1T3R445C2557VB98.h5,97.85714285714286,0.6357021586223581,0.07407407406700475,middle,1
T3,M1,446,98,2561,M1T3R446C2561VB98.h5,98.0,0.6366723259762266,0.05555555555025304,middle,1
T3,M1,447,98,2565,M1T3R447C2565VB98.h5,98.0,0.6366723259762266,0.03703703703350344,middle,1
T3,M1,448,98,2569,M1T3R448C2569VB98.h5,98.0,0.6366723259762266,0.0185185185167496,middle,1
T3,M1,449,98,2573,M1T3R449C2573VB98.h5,98.0,0.6366723259762266,0.01851851851675172,middle,1
T3,M1,450,98,2577,M1T3R450C2577VB98.h5,98.0,0.6366723259762266,0.03703703703350344,middle,1
T3,M1,451,98,2580,M1T3R451C2580VB98.h5,98.14285714285714,0.6376424933300952,0.05555555555025304,middle,1
T3,M1,452,98,2584,M1T3R452C2584VB98.h5,98.28571428571429,0.6386126606839637,0.07407407406700475,middle,1
T3,M1,453,98,2588,M1T3R453C2588VB98.h5,98.42857142857143,0.6395828280378322,0.09259259258375434,middle,1
T3,M1,454,99,2592,M1T3R454C2592VB99.h5,98.57142857142857,0.6405529953917007,0.09259259258375646,middle,1
T3,M1,455,99,2596,M1T3R455C2596VB99.h5,98.71428571428571,0.6415231627455692,0.09259259258375434,middle,1
T3,M1,456,99,2600,M1T3R456C2600VB99.h5,98.85714285714286,0.6424933300994379,0.07407407406700475,middle,1
T3,M1,457,99,2620,M1T3R457C2620VB99.h5,99.0,0.6434634974533063,0.07407407406700475,middle,1
T3,M1,458,99,2624,M1T3R458C2624VB99.h5,99.0,0.6434634974533063,0.07407407406700688,middle,1
T3,M1,459,99,2628,M1T3R459C2628VB99.h5,99.14285714285714,0.6444336648071749,0.07407407406700263,middle,1
T3,M1,460,99,2632,M1T3R460C2632VB99.h5,99.28571428571429,0.6454038321610435,0.07407407406700475,late,2
T3,M1,461,99,2636,M1T3R461C2636VB99.h5,99.42857142857143,0.6463739995149119,0.09259259258375434,late,2
T3,M1,462,100,2640,M1T3R462C2640VB100.h5,99.57142857142857,0.6473441668687805,0.09259259258375646,late,2
T3,M1,463,100,2644,M1T3R463C2644VB100.h5,99.71428571428571,0.648314334222649,0.09259259258375434,late,2
T3,M1,464,100,2648,M1T3R464C2648VB100.h5,99.85714285714286,0.6492845015765176,0.07407407406700475,late,2
T3,M1,465,100,2671,M1T3R465C2671VB100.h5,100.0,0.6502546689303861,0.07407407406700475,late,2
T3,M1,466,100,2675,M1T3R466C2675VB100.h5,100.0,0.6502546689303861,0.07407407406700688,late,2
T3,M1,467,100,2678,M1T3R467C2678VB100.h5,100.14285714285714,0.6512248362842546,0.07407407406700263,late,2
T3,M1,468,100,2682,M1T3R468C2682VB100.h5,100.28571428571429,0.6521950036381232,0.07407407406700475,late,2
T3,M1,469,100,2686,M1T3R469C2686VB100.h5,100.42857142857143,0.6531651709919917,0.09259259258375434,late,2
T3,M1,470,101,2690,M1T3R470C2690VB101.h5,100.57142857142857,0.6541353383458602,0.09259259258375646,late,2
T3,M1,471,101,2694,M1T3R471C2694VB101.h5,100.71428571428571,0.6551055056997287,0.09259259258375434,late,2
T3,M1,472,101,2716,M1T3R472C2716VB101.h5,100.85714285714286,0.6560756730535974,0.09259259258375646,late,2
T3,M1,473,101,2720,M1T3R473C2720VB101.h5,101.0,0.6570458404074658,0.09259259258375646,late,2
T3,M1,474,101,2723,M1T3R474C2723VB101.h5,101.14285714285714,0.6580160077613344,0.09259259258375646,late,2
T3,M1,475,101,2727,M1T3R475C2727VB101.h5,101.28571428571429,0.658986175115203,0.09259259258375434,late,2
T3,M1,476,101,2731,M1T3R476C2731VB101.h5,101.42857142857143,0.6599563424690714,0.09259259258375434,late,2
T3,M1,477,102,2735,M1T3R477C2735VB102.h5,101.57142857142857,0.66092650982294,0.09259259258375646,late,2
T3,M1,478,102,2739,M1T3R478C2739VB102.h5,101.71428571428571,0.6618966771768084,0.09259259258375434,late,2
T3,M1,479,102,2743,M1T3R479C2743VB102.h5,101.85714285714286,0.6628668445306771,0.07407407406700475,late,2
T3,M1,480,102,2747,M1T3R480C2747VB102.h5,102.0,0.6638370118845456,0.05555555555025304,late,2
T3,M1,481,102,2751,M1T3R481C2751VB102.h5,102.0,0.6638370118845456,0.05555555555025515,late,2
T3,M1,482,102,2755,M1T3R482C2755VB102.h5,102.0,0.6638370118845456,0.05555555555025304,late,2
T3,M1,483,102,2758,M1T3R483C2758VB102.h5,102.14285714285714,0.6648071792384141,0.05555555555025304,late,2
T3,M1,484,102,2762,M1T3R484C2762VB102.h5,102.28571428571429,0.6657773465922827,0.07407407406700475,late,2
T3,M1,485,102,2766,M1T3R485C2766VB102.h5,102.42857142857143,0.6667475139461512,0.09259259258375434,late,2
T3,M1,486,103,2787,M1T3R486C2787VB103.h5,102.57142857142857,0.6677176813000197,0.09259259258375646,late,2
T3,M1,487,103,2791,M1T3R487C2791VB103.h5,102.71428571428571,0.6686878486538882,0.09259259258375434,late,2
T3,M1,488,103,2794,M1T3R488C2794VB103.h5,102.85714285714286,0.6696580160077569,0.07407407406700475,late,2
T3,M1,489,103,2798,M1T3R489C2798VB103.h5,103.0,0.6706281833616253,0.07407407406700475,late,2
T3,M1,490,103,2802,M1T3R490C2802VB103.h5,103.0,0.6706281833616253,0.09259259258375646,late,2
T3,M1,491,103,2806,M1T3R491C2806VB103.h5,103.14285714285714,0.6715983507154939,0.11111111110050394,late,2
T3,M1,492,103,2810,M1T3R492C2810VB103.h5,103.42857142857143,0.6735386854232309,0.12962962961725777,late,2
T3,M1,493,103,2814,M1T3R493C2814VB103.h5,103.71428571428571,0.6754790201309679,0.1666666666507612,late,2
T3,M1,494,104,2837,M1T3R494C2837VB104.h5,104.0,0.6774193548387051,0.2037037036842604,late,2
T3,M1,495,105,2841,M1T3R495C2841VB105.h5,104.28571428571429,0.6793596895464422,0.22222222220101426,late,2
T3,M1,496,105,2845,M1T3R496C2845VB105.h5,104.71428571428571,0.6822701916080477,0.24074074071776597,late,2
T3,M1,497,105,2849,M1T3R497C2849VB105.h5,105.14285714285714,0.6851806936696534,0.24074074071776597,late,2
T3,M1,498,105,2853,M1T3R498C2853VB105.h5,105.57142857142857,0.688091195731259,0.25925925923451554,late,2
T3,M1,499,106,2856,M1T3R499C2856VB106.h5,105.85714285714286,0.6900315304389961,0.25925925923451554,late,2
T3,M1,500,106,2860,M1T3R500C2860VB106.h5,106.28571428571429,0.6929420325006017,0.25925925923451554,late,2
T3,M1,501,107,2882,M1T3R501C2882VB107.h5,106.71428571428571,0.6958525345622072,0.24074074071776386,late,2
T3,M1,502,107,2886,M1T3R502C2886VB107.h5,107.14285714285714,0.6987630366238129,0.25925925923451554,late,2
T3,M1,503,108,2890,M1T3R503C2890VB108.h5,107.42857142857143,0.7007033713315499,0.24074074071776386,late,2
T3,M1,504,108,2894,M1T3R504C2894VB108.h5,107.85714285714286,0.7036138733931556,0.22222222220101637,late,2
T3,M1,505,108,2898,M1T3R505C2898VB108.h5,108.14285714285714,0.7055542081008926,0.1851851851675108,late,2
T3,M1,506,108,2901,M1T3R506C2901VB108.h5,108.42857142857143,0.7074945428086298,0.18518518516751292,late,2
T3,M1,507,109,2905,M1T3R507C2905VB109.h5,108.57142857142857,0.7084647101624982,0.1666666666507591,late,2
T3,M1,508,109,2909,M1T3R508C2909VB109.h5,108.85714285714286,0.7104050448702354,0.1666666666507612,late,2
T3,M1,509,109,2913,M1T3R509C2913VB109.h5,109.14285714285714,0.7123453795779724,0.1481481481340074,late,2
T3,M1,510,109,2917,M1T3R510C2917VB109.h5,109.42857142857143,0.7142857142857095,0.1851851851675108,late,2
T3,M1,511,110,2921,M1T3R511C2921VB110.h5,109.57142857142857,0.715255881639578,0.20370370368426252,late,2
T3,M1,512,110,2925,M1T3R512C2925VB110.h5,110.0,0.7181663837011836,0.22222222220101426,late,2
T3,M1,513,110,2929,M1T3R513C2929VB110.h5,110.42857142857143,0.7210768857627893,0.22222222220101215,late,2
T3,M1,514,110,2933,M1T3R514C2933VB110.h5,110.85714285714286,0.7239873878243949,0.25925925923451554,late,2
T3,M1,515,112,2953,M1T3R515C2953VB112.h5,111.14285714285714,0.7259277225321319,0.25925925923451554,late,2
T3,M1,516,112,2957,M1T3R516C2957VB112.h5,111.57142857142857,0.7288382245937375,0.25925925923451554,late,2
T3,M1,517,112,2961,M1T3R517C2961VB112.h5,112.0,0.7317487266553431,0.22222222220101215,late,2
T3,M1,518,112,2965,M1T3R518C2965VB112.h5,112.42857142857143,0.7346592287169488,0.22222222220101426,late,2
T3,M1,519,113,2969,M1T3R519C2969VB113.h5,112.57142857142857,0.7356293960708172,0.20370370368426252,late,2
T3,M1,520,113,2973,M1T3R520C2973VB113.h5,112.85714285714286,0.7375697307785544,0.20370370368426252,late,2
T3,M1,521,113,2977,M1T3R521C2977VB113.h5,113.14285714285714,0.7395100654862914,0.1851851851675108,late,2
T3,M1,522,113,2980,M1T3R522C2980VB113.h5,113.57142857142857,0.742420567547897,0.20370370368426252,late,2
T3,M1,523,114,3004,M1T3R523C3004VB114.h5,113.85714285714286,0.7443609022556341,0.20370370368426252,late,2
T3,M1,524,114,3007,M1T3R524C3007VB114.h5,114.14285714285714,0.7463012369633711,0.2037037036842604,late,2
T3,M1,525,115,3011,M1T3R525C3011VB115.h5,114.42857142857143,0.7482415716711083,0.1851851851675108,late,2
T3,M1,526,115,3015,M1T3R526C3015VB115.h5,114.71428571428571,0.7501819063788452,0.1851851851675108,late,2
T3,M1,527,115,3019,M1T3R527C3019VB115.h5,115.0,0.7521222410865823,0.1666666666507612,late,2
T3,M1,528,115,3023,M1T3R528C3023VB115.h5,115.28571428571429,0.7540625757943195,0.1481481481340074,late,2
T3,M1,529,115,3027,M1T3R529C3027VB115.h5,115.42857142857143,0.755032743148188,0.1296296296172599,late,2
T3,M1,530,116,3049,M1T3R530C3049VB116.h5,115.57142857142857,0.7560029105020565,0.11111111110050818,late,2
T3,M1,531,116,3052,M1T3R531C3052VB116.h5,115.71428571428571,0.756973077855925,0.09259259258375434,late,2
T3,M1,532,116,3056,M1T3R532C3056VB116.h5,115.85714285714286,0.7579432452097936,0.07407407406700263,late,2
T3,M1,533,116,3060,M1T3R533C3060VB116.h5,116.0,0.7589134125636621,0.05555555555025304,late,2
T3,M1,534,116,3064,M1T3R534C3064VB116.h5,116.0,0.7589134125636621,0.05555555555025304,late,2
T3,M1,535,116,3068,M1T3R535C3068VB116.h5,116.0,0.7589134125636621,0.05555555555025304,late,2
T3,M1,536,116,3072,M1T3R536C3072VB116.h5,116.14285714285714,0.7598835799175306,0.05555555555025515,late,2
T3,M1,537,116,3076,M1T3R537C3076VB116.h5,116.28571428571429,0.7608537472713992,0.07407407406700475,late,2
T3,M1,538,116,3080,M1T3R538C3080VB116.h5,116.42857142857143,0.7618239146252678,0.09259259258375646,late,2
T3,M1,539,117,3084,M1T3R539C3084VB117.h5,116.57142857142857,0.7627940819791362,0.09259259258375646,late,2
T3,M1,540,117,3087,M1T3R540C3087VB117.h5,116.71428571428571,0.7637642493330048,0.11111111110050607,late,2
T3,M1,541,117,3091,M1T3R541C3091VB117.h5,116.85714285714286,0.7647344166868734,0.11111111110050607,late,2
T3,M1,542,117,3095,M1T3R542C3095VB117.h5,117.14285714285714,0.7666747513946104,0.11111111110050818,late,2
T3,M1,543,117,3099,M1T3R543C3099VB117.h5,117.28571428571429,0.767644918748479,0.11111111110050607,late,2
T3,M1,544,117,3120,M1T3R544C3120VB117.h5,117.42857142857143,0.7686150861023475,0.11111111110050607,late,2
T3,M1,545,118,3123,M1T3R545C3123VB118.h5,117.57142857142857,0.769585253456216,0.09259259258375646,late,2
T3,M1,546,118,3127,M1T3R546C3127VB118.h5,117.71428571428571,0.7705554208100845,0.09259259258375434,late,2
T3,M1,547,118,3131,M1T3R547C3131VB118.h5,117.85714285714286,0.7715255881639531,0.09259259258375434,late,2
T3,M1,548,118,3135,M1T3R548C3135VB118.h5,118.0,0.7724957555178216,0.11111111110050818,late,2
T3,M1,549,118,3139,M1T3R549C3139VB118.h5,118.14285714285714,0.7734659228716901,0.12962962961725777,late,2
T3,M1,550,118,3143,M1T3R550C3143VB118.h5,118.42857142857143,0.7754062575794273,0.1481481481340074,late,2
T3,M1,551,118,3147,M1T3R551C3147VB118.h5,118.71428571428571,0.7773465922871643,0.1666666666507612,late,2
T3,M1,552,119,3170,M1T3R552C3170VB119.h5,119.0,0.7792869269949013,0.20370370368426252,late,2
T3,M1,553,120,3174,M1T3R553C3174VB120.h5,119.28571428571429,0.7812272617026385,0.22222222220101215,late,2
T3,M1,554,120,3178,M1T3R554C3178VB120.h5,119.71428571428571,0.784137763764244,0.24074074071776386,late,2
T3,M1,555,120,3182,M1T3R555C3182VB120.h5,120.14285714285714,0.7870482658258496,0.24074074071776597,late,2
T3,M1,556,120,3186,M1T3R556C3186VB120.h5,120.57142857142857,0.7899587678874552,0.25925925923451554,late,2
T3,M1,557,121,3189,M1T3R557C3189VB121.h5,120.85714285714286,0.7918991025951924,0.25925925923451554,late,2
T3,M1,558,121,3193,M1T3R558C3193VB121.h5,121.28571428571429,0.794809604656798,0.25925925923451554,late,2
T3,M1,559,122,3215,M1T3R559C3215VB122.h5,121.71428571428571,0.7977201067184035,0.24074074071776597,late,2
T3,M1,560,122,3219,M1T3R560C3219VB122.h5,122.14285714285714,0.8006306087800091,0.25925925923451554,late,2
T3,M1,561,123,3223,M1T3R561C3223VB123.h5,122.42857142857143,0.8025709434877463,0.24074074071776386,late,2
T3,M1,562,123,3227,M1T3R562C3227VB123.h5,122.85714285714286,0.8054814455493519,0.22222222220101426,late,2
T3,M1,563,123,3231,M1T3R563C3231VB123.h5,123.14285714285714,0.8074217802570889,0.1851851851675108,late,2
T3,M1,564,123,3234,M1T3R564C3234VB123.h5,123.42857142857143,0.809362114964826,0.1666666666507591,late,2
T3,M1,565,124,3238,M1T3R565C3238VB124.h5,123.57142857142857,0.8103322823186945,0.1481481481340074,late,2
T3,M1,566,124,3242,M1T3R566C3242VB124.h5,123.71428571428571,0.811302449672563,0.1481481481340095,late,2
T3,M1,567,124,3246,M1T3R567C3246VB124.h5,124.0,0.8132427843803001,0.12962962961725777,late,2
T3,M1,568,124,3250,M1T3R568C3250VB124.h5,124.28571428571429,0.8151831190880372,0.1481481481340095,late,2
T3,M1,569,124,3254,M1T3R569C3254VB124.h5,124.42857142857143,0.8161532864419058,0.1851851851675108,late,2
T3,M1,570,125,3258,M1T3R570C3258VB125.h5,124.71428571428571,0.8180936211496428,0.20370370368426252,late,2
T3,M1,571,125,3262,M1T3R571C3262VB125.h5,125.14285714285714,0.8210041232112484,0.22222222220101215,late,2
T3,M1,572,125,3266,M1T3R572C3266VB125.h5,125.57142857142857,0.823914625272854,0.24074074071776386,late,2
T3,M1,573,126,3286,M1T3R573C3286VB126.h5,126.0,0.8268251273344596,0.25925925923451554,late,2
T3,M1,574,127,3290,M1T3R574C3290VB127.h5,126.28571428571429,0.8287654620421967,0.25925925923451554,late,2
T3,M1,575,127,3294,M1T3R575C3294VB127.h5,126.71428571428571,0.8316759641038023,0.24074074071776597,late,2
T3,M1,576,127,3298,M1T3R576C3298VB127.h5,127.14285714285714,0.8345864661654079,0.24074074071776597,late,2
T3,M1,577,127,3302,M1T3R577C3302VB127.h5,127.42857142857143,0.836526800873145,0.25925925923451343,late,2
T3,M1,578,128,3305,M1T3R578C3305VB128.h5,127.85714285714286,0.8394373029347506,0.2592592592345177,late,2
T3,M1,579,128,3309,M1T3R579C3309VB128.h5,128.28571428571428,0.8423478049963561,0.25925925923451554,late,2
T3,M1,580,128,3313,M1T3R580C3313VB128.h5,128.71428571428572,0.8452583070579619,0.2777777777512673,late,2
T3,M1,581,130,3337,M1T3R581C3337VB130.h5,129.14285714285714,0.8481688091195674,0.27777777775126516,late,2
T3,M1,582,130,3340,M1T3R582C3340VB130.h5,129.57142857142858,0.8510793111811731,0.2777777777512673,late,2
T3,M1,583,130,3344,M1T3R583C3344VB130.h5,130.0,0.8539898132427786,0.27777777775126516,late,2
T3,M1,584,130,3348,M1T3R584C3348VB130.h5,130.42857142857142,0.8569003153043842,0.27777777775126516,late,2
T3,M1,585,131,3352,M1T3R585C3352VB131.h5,130.85714285714286,0.8598108173659899,0.2777777777512673,late,2
T3,M1,586,131,3356,M1T3R586C3356VB131.h5,131.28571428571428,0.8627213194275953,0.2962962962680169,late,2
T3,M1,587,131,3360,M1T3R587C3360VB131.h5,131.71428571428572,0.8656318214892011,0.2962962962680211,late,2
T3,M1,588,133,3382,M1T3R588C3382VB133.h5,132.28571428571428,0.8695124909046751,0.2962962962680169,late,2
T3,M1,589,133,3385,M1T3R589C3385VB133.h5,132.71428571428572,0.8724229929662809,0.31481481478477286,late,2
T3,M1,590,133,3389,M1T3R590C3389VB133.h5,133.14285714285714,0.8753334950278864,0.2962962962680148,late,2
T3,M1,591,134,3393,M1T3R591C3393VB134.h5,133.71428571428572,0.8792141644433606,0.25925925923451554,late,2
T3,M1,592,134,3397,M1T3R592C3397VB134.h5,134.0,0.8811544991510976,0.24074074071776386,late,2
T3,M1,593,134,3401,M1T3R593C3401VB134.h5,134.28571428571428,0.8830948338588346,0.22222222220101426,late,2
T3,M1,594,135,3405,M1T3R594C3405VB135.h5,134.57142857142858,0.8850351685665718,0.18518518516750868,late,2
T3,M1,595,135,3409,M1T3R595C3409VB135.h5,134.85714285714286,0.8869755032743089,0.1851851851675108,late,2
T3,M1,596,135,3413,M1T3R596C3413VB135.h5,135.14285714285714,0.8889158379820459,0.18518518516751506,late,2
T3,M1,597,135,3416,M1T3R597C3416VB135.h5,135.42857142857142,0.8908561726897829,0.2037037036842604,late,2
T3,M1,598,136,3420,M1T3R598C3420VB136.h5,135.71428571428572,0.8927965073975201,0.22222222220101426,late,2
T3,M1,599,136,3424,M1T3R599C3424VB136.h5,136.14285714285714,0.8957070094591256,0.25925925923451554,late,2
T3,M1,600,136,3428,M1T3R600C3428VB136.h5,136.57142857142858,0.8986175115207313,0.2777777777512694,late,2
T3,M1,601,137,3432,M1T3R601C3432VB137.h5,137.14285714285714,0.9024981809362054,0.2962962962680169,late,2
T3,M1,602,138,3453,M1T3R602C3453VB138.h5,137.57142857142858,0.9054086829978111,0.2962962962680169,late,2
T3,M1,603,138,3456,M1T3R603C3456VB138.h5,138.0,0.9083191850594167,0.2962962962680169,late,2
T3,M1,604,139,3460,M1T3R604C3460VB139.h5,138.42857142857142,0.9112296871210221,0.25925925923451554,late,2
T3,M1,605,139,3464,M1T3R605C3464VB139.h5,138.85714285714286,0.9141401891826278,0.2777777777512673,late,2
T3,M1,606,139,3468,M1T3R606C3468VB139.h5,139.14285714285714,0.9160805238903649,0.27777777775126516,late,2
T3,M1,607,139,3472,M1T3R607C3472VB139.h5,139.71428571428572,0.9199611933058391,0.2777777777512694,late,2
T3,M1,608,140,3476,M1T3R608C3476VB140.h5,140.14285714285714,0.9228716953674446,0.2777777777512673,late,2
T3,M1,609,140,3480,M1T3R609C3480VB140.h5,140.57142857142858,0.9257821974290503,0.31481481478477075,late,2
T3,M1,610,142,3503,M1T3R610C3503VB142.h5,141.0,0.9286926994906559,0.2962962962680169,late,2
T3,M1,611,142,3507,M1T3R611C3507VB142.h5,141.57142857142858,0.9325733689061301,0.2962962962680169,late,2
T3,M1,612,142,3511,M1T3R612C3511VB142.h5,142.0,0.9354838709677357,0.2962962962680169,late,2
T3,M1,613,142,3515,M1T3R613C3515VB142.h5,142.42857142857142,0.9383943730293411,0.2962962962680169,late,2
T3,M1,614,143,3518,M1T3R614C3518VB143.h5,142.85714285714286,0.9413048750909468,0.2777777777512673,late,2
T3,M1,615,143,3522,M1T3R615C3522VB143.h5,143.28571428571428,0.9442153771525524,0.2962962962680169,late,2
T3,M1,616,143,3526,M1T3R616C3526VB143.h5,143.71428571428572,0.9471258792141581,0.2962962962680211,late,2
T3,M1,617,145,3548,M1T3R617C3548VB145.h5,144.28571428571428,0.9510065486296322,0.2962962962680169,late,2
T3,M1,618,145,3552,M1T3R618C3552VB145.h5,144.71428571428572,0.9539170506912379,0.31481481478477075,late,2
T3,M1,619,145,3556,M1T3R619C3556VB145.h5,145.14285714285714,0.9568275527528434,0.2962962962680169,late,2
T3,M1,620,146,3560,M1T3R620C3560VB146.h5,145.71428571428572,0.9607082221683176,0.25925925923451554,late,2
T3,M1,621,146,3564,M1T3R621C3564VB146.h5,146.0,0.9626485568760547,0.24074074071776386,late,2
T3,M1,622,146,3567,M1T3R622C3567VB146.h5,146.28571428571428,0.9645888915837917,0.22222222220101426,late,2
T3,M1,623,147,3571,M1T3R623C3571VB147.h5,146.57142857142858,0.9665292262915288,0.18518518516750868,late,2
T3,M1,624,147,3575,M1T3R624C3575VB147.h5,146.85714285714286,0.9684695609992658,0.18518518516750868,late,2
T3,M1,625,147,3579,M1T3R625C3579VB147.h5,147.14285714285714,0.9704098957070029,0.18518518516751292,late,2
T3,M1,626,147,3583,M1T3R626C3583VB147.h5,147.42857142857142,0.9723502304147399,0.2037037036842604,late,2
T3,M1,627,148,3587,M1T3R627C3587VB148.h5,147.71428571428572,0.9742905651224771,0.22222222220101426,late,2
T3,M1,628,148,3591,M1T3R628C3591VB148.h5,148.14285714285714,0.9772010671840826,0.25925925923451554,late,2
T3,M1,629,148,3595,M1T3R629C3595VB148.h5,148.57142857142858,0.9801115692456883,0.2777777777512694,late,2
T3,M1,630,149,3599,M1T3R630C3599VB149.h5,149.14285714285714,0.9839922386611624,0.2962962962680169,late,2
T3,M1,631,150,3619,M1T3R631C3619VB150.h5,149.57142857142858,0.9869027407227681,0.2962962962680169,late,2
T3,M1,632,150,3623,M1T3R632C3623VB150.h5,150.0,0.9898132427843737,0.2962962962680169,late,2
T3,M1,633,151,3627,M1T3R633C3627VB151.h5,150.42857142857142,0.9927237448459791,0.25925925923451554,late,2
T3,M1,634,151,3631,M1T3R634C3631VB151.h5,150.85714285714286,0.9956342469075848,0.22839506170659743,late,2
T3,M1,635,151,3635,M1T3R635C3635VB151.h5,151.14285714285714,0.9975745816153219,0.18148148146416004,late,2
T3,M1,636,151,3638,M1T3R636C3638VB151.h5,151.33333333333334,0.9988681380871467,0.1388888888756347,late,2
T3,M1,637,152,3642,M1T3R637C3642VB152.h5,151.4,0.9993208828522853,0.10416666665672443,late,2
T3,M1,638,152,3646,M1T3R638C3646VB152.h5,151.5,0.9999999999999932,0.07716049381979706,late,2
T4,M2,1,3,11,M2T4R1C11VB3.h5,3.75,0.0,0.2138888888671792,early,0
T4,M2,2,3,15,M2T4R2C15VB3.h5,4.2,0.003103448275862049,0.24374999997525942,early,0
T4,M2,3,4,19,M2T4R3C19VB4.h5,4.666666666666667,0.006321839080459728,0.3949999999599075,early,0
T4,M2,4,5,23,M2T4R4C23VB5.h5,5.142857142857143,0.009605911330049198,0.5949999999396074,early,0
T4,M2,5,6,27,M2T4R5C27VB6.h5,6.571428571428571,0.0194581280788176,0.731999999925702,early,0
T4,M2,6,7,30,M2T4R6C30VB7.h5,8.0,0.029310344827586005,0.8666666665787001,early,0
T4,M2,7,8,34,M2T4R7C34VB8.h5,9.428571428571429,0.039162561576354414,0.9999999998985,early,0
T4,M2,8,13,56,M2T4R8C56VB13.h5,10.857142857142858,0.04901477832512282,0.9999999998984997,early,0
T4,M2,9,13,59,M2T4R9C59VB13.h5,12.285714285714286,0.058866995073891225,0.9999999998985,early,0
T4,M2,10,14,63,M2T4R10C63VB14.h5,13.714285714285714,0.06871921182265962,0.91999999990662,early,0
T4,M2,11,15,67,M2T4R11C67VB15.h5,15.142857142857142,0.07857142857142803,0.83999999991474,early,0
T4,M2,12,16,71,M2T4R12C71VB16.h5,16.0,0.08448275862068907,0.75999999992286,early,0
T4,M2,13,17,75,M2T4R13C75VB17.h5,16.857142857142858,0.09039408866995012,0.6799999999309801,early,0
T4,M2,14,18,79,M2T4R14C79VB18.h5,17.714285714285715,0.09630541871921117,0.5999999999391,early,0
T4,M2,15,19,82,M2T4R15C82VB19.h5,18.571428571428573,0.10221674876847221,0.5999999999391,early,0
T4,M2,16,19,86,M2T4R16C86VB19.h5,19.428571428571427,0.10812807881773324,0.5999999999391,early,0
T4,M2,17,20,90,M2T4R17C90VB20.h5,20.285714285714285,0.11403940886699429,0.6599999999330098,early,0
T4,M2,18,21,94,M2T4R18C94VB21.h5,21.142857142857142,0.11995073891625534,0.7399999999248899,early,0
T4,M2,19,22,98,M2T4R19C98VB22.h5,22.428571428571427,0.1288177339901469,0.81999999991677,early,0
T4,M2,20,23,101,M2T4R20C101VB23.h5,23.857142857142858,0.1386699507389153,0.89999999990865,early,0
T4,M2,21,24,105,M2T4R21C105VB24.h5,25.285714285714285,0.1485221674876837,0.9799999999005299,early,0
T4,M2,22,28,125,M2T4R22C125VB28.h5,26.714285714285715,0.15837438423645211,0.9999999998985,early,0
T4,M2,23,29,129,M2T4R23C129VB29.h5,28.142857142857142,0.16822660098522052,0.9799999999005302,early,0
T4,M2,24,30,132,M2T4R24C132VB30.h5,29.571428571428573,0.17807881773398893,0.89999999990865,early,0
T4,M2,25,31,136,M2T4R25C136VB31.h5,30.857142857142858,0.1869458128078805,0.8599999999127094,early,0
T4,M2,26,32,140,M2T4R26C140VB32.h5,31.714285714285715,0.19285714285714153,0.7999999999187994,early,0
T4,M2,27,33,144,M2T4R27C144VB33.h5,32.857142857142854,0.20073891625615622,0.7399999999248895,early,0
T4,M2,28,33,148,M2T4R28C148VB33.h5,33.857142857142854,0.20763546798029411,0.6799999999309797,early,0
T4,M2,29,34,151,M2T4R29C151VB34.h5,34.857142857142854,0.214532019704432,0.6599999999330104,early,0
T4,M2,30,37,171,M2T4R30C171VB37.h5,35.714285714285715,0.22044334975369306,0.6199999999370703,early,0
T4,M2,31,37,175,M2T4R31C175VB37.h5,36.42857142857143,0.2253694581280773,0.5799999999411308,early,0
T4,M2,32,38,179,M2T4R32C179VB38.h5,37.285714285714285,0.2312807881773383,0.5199999999472203,early,0
T4,M2,33,38,183,M2T4R33C183VB38.h5,38.0,0.23620689655172253,0.4799999999512808,early,0
T4,M2,34,38,187,M2T4R34C187VB38.h5,38.57142857142857,0.24014778325122987,0.4399999999553395,early,0
T4,M2,35,39,191,M2T4R35C191VB39.h5,39.142857142857146,0.24408866995073727,0.39999999995940055,early,0
T4,M2,36,39,194,M2T4R36C194VB39.h5,39.57142857142857,0.24704433497536776,0.37999999996143025,early,0
T4,M2,37,41,216,M2T4R37C216VB41.h5,40.142857142857146,0.25098522167487514,0.35999999996346044,early,0
T4,M2,38,41,220,M2T4R38C220VB41.h5,40.714285714285715,0.2549261083743825,0.3599999999634599,early,0
T4,M2,39,41,224,M2T4R39C224VB41.h5,41.142857142857146,0.257881773399013,0.3399999999654901,early,0
T4,M2,40,42,227,M2T4R40C227VB42.h5,41.714285714285715,0.2618226600985204,0.2999999999695494,early,0
T4,M2,41,42,231,M2T4R41C231VB42.h5,42.0,0.26379310344827406,0.2799999999715802,early,0
T4,M2,42,42,235,M2T4R42C235VB42.h5,42.285714285714285,0.2657635467980277,0.25999999997360984,early,0
T4,M2,43,43,239,M2T4R43C239VB43.h5,42.714285714285715,0.2687192118226583,0.2199999999776692,early,0
T4,M2,44,43,243,M2T4R44C243VB43.h5,43.0,0.27068965517241195,0.2199999999776692,early,0
T4,M2,45,43,246,M2T4R45C246VB43.h5,43.285714285714285,0.2726600985221656,0.21999999997767034,early,0
T4,M2,46,44,250,M2T4R46C250VB44.h5,43.57142857142857,0.27463054187191926,0.2199999999776692,early,0
T4,M2,47,44,254,M2T4R47C254VB44.h5,43.857142857142854,0.276600985221673,0.25999999997360984,early,0
T4,M2,48,44,258,M2T4R48C258VB44.h5,44.285714285714285,0.2795566502463035,0.2799999999715802,early,0
T4,M2,49,44,262,M2T4R49C262VB44.h5,44.857142857142854,0.28349753694581087,0.29999999996955057,early,0
T4,M2,50,45,265,M2T4R50C265VB45.h5,45.285714285714285,0.2864532019704414,0.3399999999654901,early,0
T4,M2,51,46,285,M2T4R51C285VB46.h5,45.714285714285715,0.2894088669950719,0.35999999996345927,early,0
T4,M2,52,47,289,M2T4R52C289VB47.h5,46.285714285714285,0.2933497536945793,0.3399999999654901,early,0
T4,M2,53,47,293,M2T4R53C293VB47.h5,46.857142857142854,0.2972906403940866,0.3399999999654901,early,0
T4,M2,54,47,297,M2T4R54C297VB47.h5,47.285714285714285,0.30024630541871716,0.31999999996751977,early,0
T4,M2,55,48,300,M2T4R55C300VB48.h5,47.714285714285715,0.3032019704433477,0.2799999999715802,early,0
T4,M2,56,48,304,M2T4R56C304VB48.h5,48.0,0.30517241379310134,0.259999999973611,early,0
T4,M2,57,48,308,M2T4R57C308VB48.h5,48.285714285714285,0.30714285714285505,0.23999999997563956,early,0
T4,M2,58,49,312,M2T4R58C312VB49.h5,48.714285714285715,0.31009852216748557,0.2199999999776692,early,0
T4,M2,59,49,332,M2T4R59C332VB49.h5,49.0,0.3120689655172392,0.21999999997767034,early,0
T4,M2,60,49,336,M2T4R60C336VB49.h5,49.285714285714285,0.3140394088669929,0.19999999997969997,early,0
T4,M2,61,50,340,M2T4R61C340VB50.h5,49.57142857142857,0.3160098522167466,0.15999999998375933,early,0
T4,M2,62,50,344,M2T4R62C344VB50.h5,49.714285714285715,0.31699507389162346,0.1399999999857901,early,0
T4,M2,63,50,348,M2T4R63C348VB50.h5,49.857142857142854,0.31798029556650026,0.09999999998985057,early,0
T4,M2,64,50,352,M2T4R64C352VB50.h5,50.0,0.3189655172413771,0.05999999999390989,early,0
T4,M2,65,50,355,M2T4R65C355VB50.h5,50.0,0.3189655172413771,0.03999999999593955,early,0
T4,M2,66,50,377,M2T4R66C377VB50.h5,50.0,0.3189655172413771,0.01999999999797034,early,0
T4,M2,67,50,381,M2T4R67C381VB50.h5,50.0,0.3189655172413771,0.01999999999797034,early,0
T4,M2,68,50,384,M2T4R68C384VB50.h5,50.0,0.3189655172413771,0.03999999999593955,early,0
T4,M2,69,50,388,M2T4R69C388VB50.h5,50.142857142857146,0.319950738916254,0.05999999999390989,early,0
T4,M2,70,50,392,M2T4R70C392VB50.h5,50.285714285714285,0.3209359605911308,0.07999999999188022,early,0
T4,M2,71,50,396,M2T4R71C396VB50.h5,50.42857142857143,0.32192118226600763,0.09999999998985057,early,0
T4,M2,72,51,400,M2T4R72C400VB51.h5,50.57142857142857,0.3229064039408845,0.09999999998984944,early,0
T4,M2,73,51,404,M2T4R73C404VB51.h5,50.714285714285715,0.32389162561576135,0.09999999998985057,early,0
T4,M2,74,51,407,M2T4R74C407VB51.h5,50.857142857142854,0.32487684729063815,0.07999999999188022,early,0
T4,M2,75,51,411,M2T4R75C411VB51.h5,51.0,0.325862068965515,0.05999999999390989,early,0
T4,M2,76,51,415,M2T4R76C415VB51.h5,51.0,0.325862068965515,0.03999999999593955,early,0
T4,M2,77,51,419,M2T4R77C419VB51.h5,51.0,0.325862068965515,0.01999999999797034,early,0
T4,M2,78,51,423,M2T4R78C423VB51.h5,51.0,0.325862068965515,0.01999999999797034,early,0
T4,M2,79,51,426,M2T4R79C426VB51.h5,51.0,0.325862068965515,0.03999999999593955,early,0
T4,M2,80,51,446,M2T4R80C446VB51.h5,51.142857142857146,0.32684729064039186,0.05999999999390989,early,0
T4,M2,81,51,450,M2T4R81C450VB51.h5,51.285714285714285,0.32783251231526866,0.07999999999188022,early,0
T4,M2,82,51,454,M2T4R82C454VB51.h5,51.42857142857143,0.3288177339901455,0.09999999998985057,early,0
T4,M2,83,52,458,M2T4R83C458VB52.h5,51.57142857142857,0.3298029556650224,0.09999999998984944,early,0
T4,M2,84,52,461,M2T4R84C461VB52.h5,51.714285714285715,0.33078817733989924,0.09999999998985057,early,0
T4,M2,85,52,465,M2T4R85C465VB52.h5,51.857142857142854,0.33177339901477604,0.07999999999188022,early,0
T4,M2,86,52,469,M2T4R86C469VB52.h5,52.0,0.3327586206896529,0.05999999999390989,early,0
T4,M2,87,52,473,M2T4R87C473VB52.h5,52.0,0.3327586206896529,0.03999999999593955,early,0
T4,M2,88,52,494,M2T4R88C494VB52.h5,52.0,0.3327586206896529,0.01999999999797034,early,0
T4,M2,89,52,498,M2T4R89C498VB52.h5,52.0,0.3327586206896529,0.0,early,0
T4,M2,90,52,502,M2T4R90C502VB52.h5,52.0,0.3327586206896529,0.0,early,0
T4,M2,91,52,505,M2T4R91C505VB52.h5,52.0,0.3327586206896529,0.01999999999797034,early,0
T4,M2,92,52,509,M2T4R92C509VB52.h5,52.0,0.3327586206896529,0.03999999999593955,early,0
T4,M2,93,52,513,M2T4R93C513VB52.h5,52.142857142857146,0.33374384236452975,0.05999999999390989,early,0
T4,M2,94,52,517,M2T4R94C517VB52.h5,52.285714285714285,0.33472906403940655,0.0799999999918791,early,0
T4,M2,95,52,538,M2T4R95C538VB52.h5,52.42857142857143,0.3357142857142834,0.09999999998985057,early,0
T4,M2,96,53,542,M2T4R96C542VB53.h5,52.57142857142857,0.3366995073891602,0.09999999998984944,early,0
T4,M2,97,53,546,M2T4R97C546VB53.h5,52.714285714285715,0.3376847290640371,0.09999999998985057,early,0
T4,M2,98,53,550,M2T4R98C550VB53.h5,52.857142857142854,0.3386699507389139,0.07999999999188022,early,0
T4,M2,99,53,554,M2T4R99C554VB53.h5,53.0,0.3396551724137908,0.05999999999391101,early,0
T4,M2,100,53,558,M2T4R100C558VB53.h5,53.0,0.3396551724137908,0.03999999999593955,early,0
T4,M2,101,53,561,M2T4R101C561VB53.h5,53.0,0.3396551724137908,0.01999999999797034,early,0
T4,M2,102,53,565,M2T4R102C565VB53.h5,53.0,0.3396551724137908,0.0,early,0
T4,M2,103,53,569,M2T4R103C569VB53.h5,53.0,0.3396551724137908,0.0,early,0
T4,M2,104,53,573,M2T4R104C573VB53.h5,53.0,0.3396551724137908,0.0,early,0
T4,M2,105,53,577,M2T4R105C577VB53.h5,53.0,0.3396551724137908,0.0,early,0
T4,M2,106,53,581,M2T4R106C581VB53.h5,53.0,0.3396551724137908,0.0,early,0
T4,M2,107,53,584,M2T4R107C584VB53.h5,53.0,0.3396551724137908,0.0,early,0
T4,M2,108,53,588,M2T4R108C588VB53.h5,53.0,0.3396551724137908,0.0,early,0
T4,M2,109,53,608,M2T4R109C608VB53.h5,53.0,0.3396551724137908,0.0,early,0
T4,M2,110,53,612,M2T4R110C612VB53.h5,53.0,0.3396551724137908,0.0,early,0
T4,M2,111,53,616,M2T4R111C616VB53.h5,53.0,0.3396551724137908,0.0,early,0
T4,M2,112,53,619,M2T4R112C619VB53.h5,53.0,0.3396551724137908,0.01999999999797034,early,0
T4,M2,113,53,623,M2T4R113C623VB53.h5,53.0,0.3396551724137908,0.03999999999593955,early,0
T4,M2,114,53,627,M2T4R114C627VB53.h5,53.142857142857146,0.34064039408866764,0.05999999999390989,early,0
T4,M2,115,53,631,M2T4R115C631VB53.h5,53.285714285714285,0.34162561576354444,0.0799999999918791,early,0
T4,M2,116,53,635,M2T4R116C635VB53.h5,53.42857142857143,0.3426108374384213,0.09999999998984944,early,0
T4,M2,117,54,654,M2T4R117C654VB54.h5,53.57142857142857,0.3435960591132981,0.09999999998984944,early,0
T4,M2,118,54,658,M2T4R118C658VB54.h5,53.714285714285715,0.34458128078817496,0.09999999998985057,early,0
T4,M2,119,54,662,M2T4R119C662VB54.h5,53.857142857142854,0.3455665024630518,0.07999999999188022,early,0
T4,M2,120,54,666,M2T4R120C666VB54.h5,54.0,0.3465517241379287,0.05999999999391101,early,0
T4,M2,121,54,670,M2T4R121C670VB54.h5,54.0,0.3465517241379287,0.03999999999594068,early,0
T4,M2,122,54,673,M2T4R122C673VB54.h5,54.0,0.3465517241379287,0.01999999999797034,early,0
T4,M2,123,54,677,M2T4R123C677VB54.h5,54.0,0.3465517241379287,0.0,early,0
T4,M2,124,54,699,M2T4R124C699VB54.h5,54.0,0.3465517241379287,0.0,early,0
T4,M2,125,54,703,M2T4R125C703VB54.h5,54.0,0.3465517241379287,0.0,early,0
T4,M2,126,54,706,M2T4R126C706VB54.h5,54.0,0.3465517241379287,0.0,early,0
T4,M2,127,54,710,M2T4R127C710VB54.h5,54.0,0.3465517241379287,0.0,early,0
T4,M2,128,54,714,M2T4R128C714VB54.h5,54.0,0.3465517241379287,0.0,early,0
T4,M2,129,54,718,M2T4R129C718VB54.h5,54.0,0.3465517241379287,0.0,early,0
T4,M2,130,54,722,M2T4R130C722VB54.h5,54.0,0.3465517241379287,0.0,early,0
T4,M2,131,54,726,M2T4R131C726VB54.h5,54.0,0.3465517241379287,0.0,early,0
T4,M2,132,54,729,M2T4R132C729VB54.h5,54.0,0.3465517241379287,0.01999999999797034,early,0
T4,M2,133,54,733,M2T4R133C733VB54.h5,54.0,0.3465517241379287,0.03999999999593955,early,0
T4,M2,134,54,737,M2T4R134C737VB54.h5,54.142857142857146,0.34753694581280553,0.05999999999390989,early,0
T4,M2,135,54,741,M2T4R135C741VB54.h5,54.285714285714285,0.34852216748768233,0.0799999999918791,early,0
T4,M2,136,54,745,M2T4R136C745VB54.h5,54.42857142857143,0.3495073891625592,0.09999999998984944,early,0
T4,M2,137,55,748,M2T4R137C748VB55.h5,54.57142857142857,0.350492610837436,0.09999999998984944,early,0
T4,M2,138,55,768,M2T4R138C768VB55.h5,54.714285714285715,0.35147783251231285,0.09999999998985057,early,0
T4,M2,139,55,772,M2T4R139C772VB55.h5,54.857142857142854,0.3524630541871897,0.07999999999188022,early,0
T4,M2,140,55,776,M2T4R140C776VB55.h5,55.0,0.35344827586206656,0.05999999999391101,early,0
T4,M2,141,55,780,M2T4R141C780VB55.h5,55.0,0.35344827586206656,0.03999999999594068,early,0
T4,M2,142,55,783,M2T4R142C783VB55.h5,55.0,0.35344827586206656,0.01999999999797034,early,0
T4,M2,143,55,787,M2T4R143C787VB55.h5,55.0,0.35344827586206656,0.0,early,0
T4,M2,144,55,791,M2T4R144C791VB55.h5,55.0,0.35344827586206656,0.0,early,0
T4,M2,145,55,795,M2T4R145C795VB55.h5,55.0,0.35344827586206656,0.0,early,0
T4,M2,146,55,815,M2T4R146C815VB55.h5,55.0,0.35344827586206656,0.0,early,0
T4,M2,147,55,819,M2T4R147C819VB55.h5,55.0,0.35344827586206656,0.0,early,0
T4,M2,148,55,823,M2T4R148C823VB55.h5,55.0,0.35344827586206656,0.0,early,0
T4,M2,149,55,826,M2T4R149C826VB55.h5,55.0,0.35344827586206656,0.0,early,0
T4,M2,150,55,830,M2T4R150C830VB55.h5,55.0,0.35344827586206656,0.0,early,0
T4,M2,151,55,834,M2T4R151C834VB55.h5,55.0,0.35344827586206656,0.0,early,0
T4,M2,152,55,838,M2T4R152C838VB55.h5,55.0,0.35344827586206656,0.0,early,0
T4,M2,153,55,859,M2T4R153C859VB55.h5,55.0,0.35344827586206656,0.0,early,0
T4,M2,154,55,863,M2T4R154C863VB55.h5,55.0,0.35344827586206656,0.0,early,0
T4,M2,155,55,867,M2T4R155C867VB55.h5,55.0,0.35344827586206656,0.0,early,0
T4,M2,156,55,871,M2T4R156C871VB55.h5,55.0,0.35344827586206656,0.01999999999797034,early,0
T4,M2,157,55,875,M2T4R157C875VB55.h5,55.0,0.35344827586206656,0.03999999999593955,early,0
T4,M2,158,55,878,M2T4R158C878VB55.h5,55.142857142857146,0.3544334975369434,0.05999999999390989,early,0
T4,M2,159,55,882,M2T4R159C882VB55.h5,55.285714285714285,0.3554187192118202,0.0799999999918791,early,0
T4,M2,160,55,886,M2T4R160C886VB55.h5,55.42857142857143,0.3564039408866971,0.09999999998984944,early,0
T4,M2,161,56,890,M2T4R161C890VB56.h5,55.57142857142857,0.3573891625615739,0.09999999998984829,early,0
T4,M2,162,56,894,M2T4R162C894VB56.h5,55.714285714285715,0.35837438423645074,0.09999999998984944,early,0
T4,M2,163,56,898,M2T4R163C898VB56.h5,55.857142857142854,0.35935960591132754,0.0799999999918791,early,0
T4,M2,164,56,901,M2T4R164C901VB56.h5,56.0,0.3603448275862044,0.05999999999390989,early,0
T4,M2,165,56,905,M2T4R165C905VB56.h5,56.0,0.3603448275862044,0.03999999999593955,early,0
T4,M2,166,56,909,M2T4R166C909VB56.h5,56.0,0.3603448275862044,0.01999999999797034,early,0
T4,M2,167,56,929,M2T4R167C929VB56.h5,56.0,0.3603448275862044,0.0,early,0
T4,M2,168,56,933,M2T4R168C933VB56.h5,56.0,0.3603448275862044,0.0,early,0
T4,M2,169,56,937,M2T4R169C937VB56.h5,56.0,0.3603448275862044,0.0,early,0
T4,M2,170,56,940,M2T4R170C940VB56.h5,56.0,0.3603448275862044,0.0,early,0
T4,M2,171,56,944,M2T4R171C944VB56.h5,56.0,0.3603448275862044,0.0,early,0
T4,M2,172,56,948,M2T4R172C948VB56.h5,56.0,0.3603448275862044,0.0,early,0
T4,M2,173,56,952,M2T4R173C952VB56.h5,56.0,0.3603448275862044,0.0,early,0
T4,M2,174,56,956,M2T4R174C956VB56.h5,56.0,0.3603448275862044,0.0,early,0
T4,M2,175,56,976,M2T4R175C976VB56.h5,56.0,0.3603448275862044,0.0,early,0
T4,M2,176,56,980,M2T4R176C980VB56.h5,56.0,0.3603448275862044,0.0,early,0
T4,M2,177,56,984,M2T4R177C984VB56.h5,56.0,0.3603448275862044,0.0,early,0
T4,M2,178,56,988,M2T4R178C988VB56.h5,56.0,0.3603448275862044,0.0,early,0
T4,M2,179,56,992,M2T4R179C992VB56.h5,56.0,0.3603448275862044,0.0,early,0
T4,M2,180,56,995,M2T4R180C995VB56.h5,56.0,0.3603448275862044,0.0,early,0
T4,M2,181,56,999,M2T4R181C999VB56.h5,56.0,0.3603448275862044,0.0,early,0
T4,M2,182,56,1021,M2T4R182C1021VB56.h5,56.0,0.3603448275862044,0.0,early,0
T4,M2,183,56,1025,M2T4R183C1025VB56.h5,56.0,0.3603448275862044,0.0,early,0
T4,M2,184,56,1029,M2T4R184C1029VB56.h5,56.0,0.3603448275862044,0.0,early,0
T4,M2,185,56,1032,M2T4R185C1032VB56.h5,56.0,0.3603448275862044,0.0,early,0
T4,M2,186,56,1036,M2T4R186C1036VB56.h5,56.0,0.3603448275862044,0.0,early,0
T4,M2,187,56,1040,M2T4R187C1040VB56.h5,56.0,0.3603448275862044,0.0,early,0
T4,M2,188,56,1044,M2T4R188C1044VB56.h5,56.0,0.3603448275862044,0.0,early,0
T4,M2,189,56,1048,M2T4R189C1048VB56.h5,56.0,0.3603448275862044,0.0,early,0
T4,M2,190,56,1051,M2T4R190C1051VB56.h5,56.0,0.3603448275862044,0.0,early,0
T4,M2,191,56,1055,M2T4R191C1055VB56.h5,56.0,0.3603448275862044,0.019999999997971463,early,0
T4,M2,192,56,1059,M2T4R192C1059VB56.h5,56.0,0.3603448275862044,0.03999999999594068,early,0
T4,M2,193,56,1063,M2T4R193C1063VB56.h5,56.142857142857146,0.3613300492610813,0.05999999999391101,early,0
T4,M2,194,56,1067,M2T4R194C1067VB56.h5,56.285714285714285,0.3623152709359581,0.07999999999188022,early,0
T4,M2,195,56,1071,M2T4R195C1071VB56.h5,56.42857142857143,0.36330049261083497,0.09999999998985057,early,0
T4,M2,196,57,1090,M2T4R196C1090VB57.h5,56.57142857142857,0.36428571428571177,0.09999999998984829,early,0
T4,M2,197,57,1094,M2T4R197C1094VB57.h5,56.714285714285715,0.3652709359605886,0.09999999998984944,early,0
T4,M2,198,57,1098,M2T4R198C1098VB57.h5,56.857142857142854,0.36625615763546543,0.0799999999918791,early,0
T4,M2,199,57,1102,M2T4R199C1102VB57.h5,57.0,0.3672413793103423,0.05999999999390989,early,0
T4,M2,200,57,1106,M2T4R200C1106VB57.h5,57.0,0.3672413793103423,0.03999999999593955,early,0
T4,M2,201,57,1109,M2T4R201C1109VB57.h5,57.0,0.3672413793103423,0.01999999999797034,early,0
T4,M2,202,57,1113,M2T4R202C1113VB57.h5,57.0,0.3672413793103423,0.0,early,0
T4,M2,203,57,1117,M2T4R203C1117VB57.h5,57.0,0.3672413793103423,0.0,early,0
T4,M2,204,57,1137,M2T4R204C1137VB57.h5,57.0,0.3672413793103423,0.0,early,0
T4,M2,205,57,1141,M2T4R205C1141VB57.h5,57.0,0.3672413793103423,0.0,early,0
T4,M2,206,57,1145,M2T4R206C1145VB57.h5,57.0,0.3672413793103423,0.0,early,0
T4,M2,207,57,1148,M2T4R207C1148VB57.h5,57.0,0.3672413793103423,0.0,early,0
T4,M2,208,57,1152,M2T4R208C1152VB57.h5,57.0,0.3672413793103423,0.0,early,0
T4,M2,209,57,1156,M2T4R209C1156VB57.h5,57.0,0.3672413793103423,0.0,early,0
T4,M2,210,57,1160,M2T4R210C1160VB57.h5,57.0,0.3672413793103423,0.0,early,0
T4,M2,211,57,1181,M2T4R211C1181VB57.h5,57.0,0.3672413793103423,0.0,early,0
T4,M2,212,57,1185,M2T4R212C1185VB57.h5,57.0,0.3672413793103423,0.0,early,0
T4,M2,213,57,1189,M2T4R213C1189VB57.h5,57.0,0.3672413793103423,0.0,early,0
T4,M2,214,57,1193,M2T4R214C1193VB57.h5,57.0,0.3672413793103423,0.01999999999797034,early,0
T4,M2,215,57,1197,M2T4R215C1197VB57.h5,57.0,0.3672413793103423,0.03999999999594068,early,0
T4,M2,216,57,1201,M2T4R216C1201VB57.h5,57.142857142857146,0.36822660098521914,0.05999999999391101,early,0
T4,M2,217,57,1204,M2T4R217C1204VB57.h5,57.285714285714285,0.369211822660096,0.07999999999188022,early,0
T4,M2,218,57,1208,M2T4R218C1208VB57.h5,57.42857142857143,0.37019704433497286,0.09999999998985057,early,0
T4,M2,219,58,1212,M2T4R219C1212VB58.h5,57.57142857142857,0.37118226600984966,0.09999999998984944,early,0
T4,M2,220,58,1216,M2T4R220C1216VB58.h5,57.714285714285715,0.3721674876847265,0.09999999998984944,early,0
T4,M2,221,58,1220,M2T4R221C1220VB58.h5,57.857142857142854,0.3731527093596033,0.0799999999918791,early,0
T4,M2,222,58,1223,M2T4R222C1223VB58.h5,58.0,0.3741379310344802,0.05999999999390989,early,0
T4,M2,223,58,1227,M2T4R223C1227VB58.h5,58.0,0.3741379310344802,0.03999999999593955,early,0
T4,M2,224,58,1231,M2T4R224C1231VB58.h5,58.0,0.3741379310344802,0.01999999999797034,early,0
T4,M2,225,58,1251,M2T4R225C1251VB58.h5,58.0,0.3741379310344802,0.0,early,0
T4,M2,226,58,1255,M2T4R226C1255VB58.h5,58.0,0.3741379310344802,0.0,early,0
T4,M2,227,58,1259,M2T4R227C1259VB58.h5,58.0,0.3741379310344802,0.0,early,0
T4,M2,228,58,1262,M2T4R228C1262VB58.h5,58.0,0.3741379310344802,0.0,early,0
T4,M2,229,58,1266,M2T4R229C1266VB58.h5,58.0,0.3741379310344802,0.0,early,0
T4,M2,230,58,1270,M2T4R230C1270VB58.h5,58.0,0.3741379310344802,0.0,early,0
T4,M2,231,58,1274,M2T4R231C1274VB58.h5,58.0,0.3741379310344802,0.0,early,0
T4,M2,232,58,1278,M2T4R232C1278VB58.h5,58.0,0.3741379310344802,0.0,early,0
T4,M2,233,58,1298,M2T4R233C1298VB58.h5,58.0,0.3741379310344802,0.0,early,0
T4,M2,234,58,1302,M2T4R234C1302VB58.h5,58.0,0.3741379310344802,0.0,early,0
T4,M2,235,58,1306,M2T4R235C1306VB58.h5,58.0,0.3741379310344802,0.01999999999797034,early,0
T4,M2,236,58,1309,M2T4R236C1309VB58.h5,58.0,0.3741379310344802,0.03999999999594068,early,0
T4,M2,237,58,1313,M2T4R237C1313VB58.h5,58.142857142857146,0.37512315270935703,0.05999999999391101,early,0
T4,M2,238,58,1317,M2T4R238C1317VB58.h5,58.285714285714285,0.3761083743842339,0.07999999999188022,early,0
T4,M2,239,58,1321,M2T4R239C1321VB58.h5,58.42857142857143,0.37709359605911075,0.09999999998985057,early,0
T4,M2,240,59,1342,M2T4R240C1342VB59.h5,58.57142857142857,0.37807881773398755,0.09999999998984944,early,0
T4,M2,241,59,1346,M2T4R241C1346VB59.h5,58.714285714285715,0.3790640394088644,0.09999999998984944,early,0
T4,M2,242,59,1350,M2T4R242C1350VB59.h5,58.857142857142854,0.3800492610837412,0.0799999999918791,early,0
T4,M2,243,59,1354,M2T4R243C1354VB59.h5,59.0,0.38103448275861806,0.05999999999390989,early,0
T4,M2,244,59,1358,M2T4R244C1358VB59.h5,59.0,0.38103448275861806,0.03999999999593955,early,0
T4,M2,245,59,1362,M2T4R245C1362VB59.h5,59.0,0.38103448275861806,0.01999999999797034,early,0
T4,M2,246,59,1365,M2T4R246C1365VB59.h5,59.0,0.38103448275861806,0.0,early,0
T4,M2,247,59,1369,M2T4R247C1369VB59.h5,59.0,0.38103448275861806,0.0,early,0
T4,M2,248,59,1373,M2T4R248C1373VB59.h5,59.0,0.38103448275861806,0.0,early,0
T4,M2,249,59,1377,M2T4R249C1377VB59.h5,59.0,0.38103448275861806,0.0,early,0
T4,M2,250,59,1381,M2T4R250C1381VB59.h5,59.0,0.38103448275861806,0.0,early,0
T4,M2,251,59,1385,M2T4R251C1385VB59.h5,59.0,0.38103448275861806,0.0,early,0
T4,M2,252,59,1388,M2T4R252C1388VB59.h5,59.0,0.38103448275861806,0.0,early,0
T4,M2,253,59,1392,M2T4R253C1392VB59.h5,59.0,0.38103448275861806,0.0,early,0
T4,M2,254,59,1412,M2T4R254C1412VB59.h5,59.0,0.38103448275861806,0.0,early,0
T4,M2,255,59,1416,M2T4R255C1416VB59.h5,59.0,0.38103448275861806,0.0,early,0
T4,M2,256,59,1420,M2T4R256C1420VB59.h5,59.0,0.38103448275861806,0.01999999999797034,early,0
T4,M2,257,59,1424,M2T4R257C1424VB59.h5,59.0,0.38103448275861806,0.03999999999593955,early,0
T4,M2,258,59,1427,M2T4R258C1427VB59.h5,59.142857142857146,0.3820197044334949,0.05999999999391101,early,0
T4,M2,259,59,1431,M2T4R259C1431VB59.h5,59.285714285714285,0.3830049261083717,0.07999999999188022,early,0
T4,M2,260,59,1435,M2T4R260C1435VB59.h5,59.42857142857143,0.38399014778324864,0.09999999998985057,early,0
T4,M2,261,60,1439,M2T4R261C1439VB60.h5,59.57142857142857,0.38497536945812544,0.09999999998984944,early,0
T4,M2,262,60,1460,M2T4R262C1460VB60.h5,59.714285714285715,0.3859605911330023,0.09999999998985057,early,0
T4,M2,263,60,1464,M2T4R263C1464VB60.h5,59.857142857142854,0.3869458128078791,0.0799999999918791,early,0
T4,M2,264,60,1468,M2T4R264C1468VB60.h5,60.0,0.38793103448275595,0.05999999999390989,early,0
T4,M2,265,60,1472,M2T4R265C1472VB60.h5,60.0,0.38793103448275595,0.03999999999593955,early,0
T4,M2,266,60,1476,M2T4R266C1476VB60.h5,60.0,0.38793103448275595,0.01999999999797034,early,0
T4,M2,267,60,1479,M2T4R267C1479VB60.h5,60.0,0.38793103448275595,0.01999999999797034,early,0
T4,M2,268,60,1483,M2T4R268C1483VB60.h5,60.0,0.38793103448275595,0.03999999999593955,early,0
T4,M2,269,60,1505,M2T4R269C1505VB60.h5,60.142857142857146,0.3889162561576328,0.05999999999390989,early,0
T4,M2,270,60,1509,M2T4R270C1509VB60.h5,60.285714285714285,0.3899014778325096,0.07999999999188022,early,0
T4,M2,271,60,1512,M2T4R271C1512VB60.h5,60.42857142857143,0.39088669950738647,0.09999999998985057,early,0
T4,M2,272,61,1516,M2T4R272C1516VB61.h5,60.57142857142857,0.3918719211822633,0.09999999998984944,early,0
T4,M2,273,61,1520,M2T4R273C1520VB61.h5,60.714285714285715,0.3928571428571402,0.09999999998985057,early,0
T4,M2,274,61,1524,M2T4R274C1524VB61.h5,60.857142857142854,0.393842364532017,0.07999999999188022,early,0
T4,M2,275,61,1528,M2T4R275C1528VB61.h5,61.0,0.39482758620689384,0.05999999999390989,early,0
T4,M2,276,61,1532,M2T4R276C1532VB61.h5,61.0,0.39482758620689384,0.03999999999593955,early,0
T4,M2,277,61,1535,M2T4R277C1535VB61.h5,61.0,0.39482758620689384,0.01999999999797034,early,0
T4,M2,278,61,1539,M2T4R278C1539VB61.h5,61.0,0.39482758620689384,0.0,early,0
T4,M2,279,61,1543,M2T4R279C1543VB61.h5,61.0,0.39482758620689384,0.0,early,0
T4,M2,280,61,1547,M2T4R280C1547VB61.h5,61.0,0.39482758620689384,0.0,early,0
T4,M2,281,61,1551,M2T4R281C1551VB61.h5,61.0,0.39482758620689384,0.01999999999797034,early,0
T4,M2,282,61,1555,M2T4R282C1555VB61.h5,61.0,0.39482758620689384,0.03999999999593955,early,0
T4,M2,283,61,1574,M2T4R283C1574VB61.h5,61.142857142857146,0.3958128078817707,0.05999999999390989,middle,1
T4,M2,284,61,1578,M2T4R284C1578VB61.h5,61.285714285714285,0.3967980295566475,0.07999999999188022,middle,1
T4,M2,285,61,1582,M2T4R285C1582VB61.h5,61.42857142857143,0.39778325123152436,0.09999999998985057,middle,1
T4,M2,286,62,1586,M2T4R286C1586VB62.h5,61.57142857142857,0.3987684729064012,0.09999999998984944,middle,1
T4,M2,287,62,1590,M2T4R287C1590VB62.h5,61.714285714285715,0.3997536945812781,0.09999999998985057,middle,1
T4,M2,288,62,1593,M2T4R288C1593VB62.h5,61.857142857142854,0.4007389162561549,0.07999999999188022,middle,1
T4,M2,289,62,1597,M2T4R289C1597VB62.h5,62.0,0.40172413793103173,0.05999999999390989,middle,1
T4,M2,290,62,1601,M2T4R290C1601VB62.h5,62.0,0.40172413793103173,0.03999999999593955,middle,1
T4,M2,291,62,1621,M2T4R291C1621VB62.h5,62.0,0.40172413793103173,0.01999999999797034,middle,1
T4,M2,292,62,1625,M2T4R292C1625VB62.h5,62.0,0.40172413793103173,0.0,middle,1
T4,M2,293,62,1629,M2T4R293C1629VB62.h5,62.0,0.40172413793103173,0.01999999999797034,middle,1
T4,M2,294,62,1633,M2T4R294C1633VB62.h5,62.0,0.40172413793103173,0.03999999999593955,middle,1
T4,M2,295,62,1636,M2T4R295C1636VB62.h5,62.142857142857146,0.4027093596059086,0.05999999999390989,middle,1
T4,M2,296,62,1640,M2T4R296C1640VB62.h5,62.285714285714285,0.4036945812807854,0.0799999999918791,middle,1
T4,M2,297,62,1644,M2T4R297C1644VB62.h5,62.42857142857143,0.40467980295566225,0.09999999998985057,middle,1
T4,M2,298,63,1666,M2T4R298C1666VB63.h5,62.57142857142857,0.40566502463053905,0.09999999998984944,middle,1
T4,M2,299,63,1669,M2T4R299C1669VB63.h5,62.714285714285715,0.40665024630541596,0.09999999998985057,middle,1
T4,M2,300,63,1673,M2T4R300C1673VB63.h5,62.857142857142854,0.40763546798029276,0.07999999999188022,middle,1
T4,M2,301,63,1677,M2T4R301C1677VB63.h5,63.0,0.4086206896551696,0.05999999999391101,middle,1
T4,M2,302,63,1681,M2T4R302C1681VB63.h5,63.0,0.4086206896551696,0.03999999999593955,middle,1
T4,M2,303,63,1685,M2T4R303C1685VB63.h5,63.0,0.4086206896551696,0.01999999999797034,middle,1
T4,M2,304,63,1689,M2T4R304C1689VB63.h5,63.0,0.4086206896551696,0.0,middle,1
T4,M2,305,63,1692,M2T4R305C1692VB63.h5,63.0,0.4086206896551696,0.0,middle,1
T4,M2,306,63,1696,M2T4R306C1696VB63.h5,63.0,0.4086206896551696,0.0,middle,1
T4,M2,307,63,1700,M2T4R307C1700VB63.h5,63.0,0.4086206896551696,0.01999999999797034,middle,1
T4,M2,308,63,1704,M2T4R308C1704VB63.h5,63.0,0.4086206896551696,0.03999999999593955,middle,1
T4,M2,309,63,1708,M2T4R309C1708VB63.h5,63.142857142857146,0.4096059113300465,0.05999999999390989,middle,1
T4,M2,310,63,1711,M2T4R310C1711VB63.h5,63.285714285714285,0.4105911330049233,0.0799999999918791,middle,1
T4,M2,311,63,1715,M2T4R311C1715VB63.h5,63.42857142857143,0.41157635467980014,0.09999999998984944,middle,1
T4,M2,312,64,1735,M2T4R312C1735VB64.h5,63.57142857142857,0.41256157635467694,0.09999999998984944,middle,1
T4,M2,313,64,1739,M2T4R313C1739VB64.h5,63.714285714285715,0.4135467980295538,0.09999999998985057,middle,1
T4,M2,314,64,1743,M2T4R314C1743VB64.h5,63.857142857142854,0.41453201970443065,0.07999999999188022,middle,1
T4,M2,315,64,1747,M2T4R315C1747VB64.h5,64.0,0.4155172413793075,0.05999999999391101,middle,1
T4,M2,316,64,1750,M2T4R316C1750VB64.h5,64.0,0.4155172413793075,0.05999999999390989,middle,1
T4,M2,317,64,1754,M2T4R317C1754VB64.h5,64.0,0.4155172413793075,0.05999999999391101,middle,1
T4,M2,318,64,1758,M2T4R318C1758VB64.h5,64.14285714285714,0.4165024630541843,0.05999999999390989,middle,1
T4,M2,319,64,1762,M2T4R319C1762VB64.h5,64.28571428571429,0.4174876847290612,0.0799999999918791,middle,1
T4,M2,320,64,1784,M2T4R320C1784VB64.h5,64.42857142857143,0.418472906403938,0.09999999998984829,middle,1
T4,M2,321,65,1788,M2T4R321C1788VB65.h5,64.57142857142857,0.41945812807881483,0.09999999998985057,middle,1
T4,M2,322,65,1792,M2T4R322C1792VB65.h5,64.71428571428571,0.42044334975369163,0.11999999998781866,middle,1
T4,M2,323,65,1795,M2T4R323C1795VB65.h5,64.85714285714286,0.42142857142856854,0.11999999998782089,middle,1
T4,M2,324,65,1799,M2T4R324C1799VB65.h5,65.14285714285714,0.4233990147783222,0.11999999998782089,middle,1
T4,M2,325,65,1803,M2T4R325C1803VB65.h5,65.28571428571429,0.4243842364531991,0.11999999998782089,middle,1
T4,M2,326,65,1807,M2T4R326C1807VB65.h5,65.42857142857143,0.4253694581280759,0.11999999998781866,middle,1
T4,M2,327,66,1828,M2T4R327C1828VB66.h5,65.57142857142857,0.4263546798029527,0.09999999998985057,middle,1
T4,M2,328,66,1832,M2T4R328C1832VB66.h5,65.71428571428571,0.4273399014778295,0.09999999998984829,middle,1
T4,M2,329,66,1836,M2T4R329C1836VB66.h5,65.85714285714286,0.42832512315270643,0.0799999999918791,middle,1
T4,M2,330,66,1840,M2T4R330C1840VB66.h5,66.0,0.42931034482758323,0.07999999999188022,middle,1
T4,M2,331,66,1844,M2T4R331C1844VB66.h5,66.0,0.42931034482758323,0.07999999999188248,middle,1
T4,M2,332,66,1848,M2T4R332C1848VB66.h5,66.14285714285714,0.4302955665024601,0.07999999999188022,middle,1
T4,M2,333,66,1851,M2T4R333C1851VB66.h5,66.28571428571429,0.431280788177337,0.07999999999188022,middle,1
T4,M2,334,66,1855,M2T4R334C1855VB66.h5,66.42857142857143,0.4322660098522138,0.09999999998984944,middle,1
T4,M2,335,67,1859,M2T4R335C1859VB67.h5,66.57142857142857,0.4332512315270906,0.09999999998985057,middle,1
T4,M2,336,67,1863,M2T4R336C1863VB67.h5,66.71428571428571,0.4342364532019674,0.11999999998781866,middle,1
T4,M2,337,67,1867,M2T4R337C1867VB67.h5,66.85714285714286,0.4352216748768443,0.11999999998782089,middle,1
T4,M2,338,67,1871,M2T4R338C1871VB67.h5,67.14285714285714,0.437192118226598,0.11999999998782089,middle,1
T4,M2,339,67,1874,M2T4R339C1874VB67.h5,67.28571428571429,0.4381773399014749,0.11999999998782089,middle,1
T4,M2,340,67,1878,M2T4R340C1878VB67.h5,67.42857142857143,0.4391625615763517,0.11999999998781866,middle,1
T4,M2,341,68,1898,M2T4R341C1898VB68.h5,67.57142857142857,0.4401477832512285,0.09999999998985057,middle,1
T4,M2,342,68,1902,M2T4R342C1902VB68.h5,67.71428571428571,0.4411330049261053,0.09999999998984829,middle,1
T4,M2,343,68,1906,M2T4R343C1906VB68.h5,67.85714285714286,0.4421182266009822,0.0799999999918791,middle,1
T4,M2,344,68,1910,M2T4R344C1910VB68.h5,68.0,0.443103448275859,0.0799999999918791,middle,1
T4,M2,345,68,1913,M2T4R345C1913VB68.h5,68.0,0.443103448275859,0.07999999999188136,middle,1
T4,M2,346,68,1917,M2T4R346C1917VB68.h5,68.14285714285714,0.4440886699507358,0.07999999999188022,middle,1
T4,M2,347,68,1921,M2T4R347C1921VB68.h5,68.28571428571429,0.4450738916256127,0.07999999999188022,middle,1
T4,M2,348,68,1925,M2T4R348C1925VB68.h5,68.42857142857143,0.4460591133004896,0.09999999998984944,middle,1
T4,M2,349,69,1945,M2T4R349C1945VB69.h5,68.57142857142857,0.4470443349753664,0.11999999998782089,middle,1
T4,M2,350,69,1949,M2T4R350C1949VB69.h5,68.71428571428571,0.4480295566502432,0.1399999999857901,late,2
T4,M2,351,69,1953,M2T4R351C1953VB69.h5,69.0,0.4499999999999969,0.1399999999857901,late,2
T4,M2,352,69,1957,M2T4R352C1957VB69.h5,69.28571428571429,0.4519704433497506,0.1399999999857901,late,2
T4,M2,353,69,1960,M2T4R353C1960VB69.h5,69.42857142857143,0.4529556650246275,0.15999999998376155,late,2
T4,M2,354,70,1964,M2T4R354C1964VB70.h5,69.57142857142857,0.4539408866995043,0.15999999998375933,late,2
T4,M2,355,70,1968,M2T4R355C1968VB70.h5,69.85714285714286,0.455911330049258,0.15999999998375933,late,2
T4,M2,356,70,1990,M2T4R356C1990VB70.h5,70.14285714285714,0.4578817733990116,0.15999999998375933,late,2
T4,M2,357,70,1993,M2T4R357C1993VB70.h5,70.42857142857143,0.4598522167487653,0.15999999998375933,late,2
T4,M2,358,71,1997,M2T4R358C1997VB71.h5,70.57142857142857,0.46083743842364217,0.1399999999857901,late,2
T4,M2,359,71,2001,M2T4R359C2001VB71.h5,70.71428571428571,0.46182266009851897,0.11999999998782089,middle,1
T4,M2,360,71,2005,M2T4R360C2005VB71.h5,70.85714285714286,0.4628078817733959,0.07999999999188022,middle,1
T4,M2,361,71,2009,M2T4R361C2009VB71.h5,71.0,0.4637931034482727,0.05999999999390989,middle,1
T4,M2,362,71,2013,M2T4R362C2013VB71.h5,71.0,0.4637931034482727,0.03999999999594068,middle,1
T4,M2,363,71,2016,M2T4R363C2016VB71.h5,71.0,0.4637931034482727,0.03999999999593842,middle,1
T4,M2,364,71,2020,M2T4R364C2020VB71.h5,71.0,0.4637931034482727,0.03999999999594068,middle,1
T4,M2,365,71,2024,M2T4R365C2024VB71.h5,71.14285714285714,0.4647783251231495,0.05999999999390989,middle,1
T4,M2,366,71,2028,M2T4R366C2028VB71.h5,71.28571428571429,0.4657635467980264,0.07999999999188022,middle,1
T4,M2,367,71,2032,M2T4R367C2032VB71.h5,71.42857142857143,0.4667487684729032,0.09999999998984944,middle,1
T4,M2,368,72,2036,M2T4R368C2036VB72.h5,71.57142857142857,0.46773399014778005,0.11999999998782089,middle,1
T4,M2,369,72,2039,M2T4R369C2039VB72.h5,71.71428571428571,0.46871921182265686,0.1399999999857901,late,2
T4,M2,370,72,2059,M2T4R370C2059VB72.h5,72.0,0.47068965517241057,0.1399999999857901,late,2
T4,M2,371,72,2063,M2T4R371C2063VB72.h5,72.28571428571429,0.4726600985221643,0.139999999985789,late,2
T4,M2,372,72,2067,M2T4R372C2067VB72.h5,72.42857142857143,0.4736453201970411,0.1399999999857901,late,2
T4,M2,373,73,2071,M2T4R373C2071VB73.h5,72.57142857142857,0.4746305418719179,0.1399999999857901,late,2
T4,M2,374,73,2075,M2T4R374C2075VB73.h5,72.71428571428571,0.47561576354679475,0.1399999999857901,late,2
T4,M2,375,73,2078,M2T4R375C2078VB73.h5,73.0,0.47758620689654846,0.1399999999857901,late,2
T4,M2,376,73,2082,M2T4R376C2082VB73.h5,73.28571428571429,0.4795566502463022,0.1399999999857901,late,2
T4,M2,377,73,2086,M2T4R377C2086VB73.h5,73.42857142857143,0.480541871921179,0.1399999999857901,late,2
T4,M2,378,74,2109,M2T4R378C2109VB74.h5,73.57142857142857,0.4815270935960558,0.11999999998781978,middle,1
T4,M2,379,74,2113,M2T4R379C2113VB74.h5,73.71428571428571,0.48251231527093263,0.09999999998984944,middle,1
T4,M2,380,74,2116,M2T4R380C2116VB74.h5,73.85714285714286,0.4834975369458095,0.09999999998984944,middle,1
T4,M2,381,74,2120,M2T4R381C2120VB74.h5,74.0,0.48448275862068635,0.09999999998985169,middle,1
T4,M2,382,74,2124,M2T4R382C2124VB74.h5,74.14285714285714,0.48546798029556315,0.09999999998985057,middle,1
T4,M2,383,74,2128,M2T4R383C2128VB74.h5,74.28571428571429,0.48645320197044006,0.09999999998984944,middle,1
T4,M2,384,74,2132,M2T4R384C2132VB74.h5,74.42857142857143,0.48743842364531687,0.09999999998984829,middle,1
T4,M2,385,75,2153,M2T4R385C2153VB75.h5,74.57142857142857,0.48842364532019367,0.09999999998985057,middle,1
T4,M2,386,75,2157,M2T4R386C2157VB75.h5,74.71428571428571,0.48940886699507047,0.09999999998984944,middle,1
T4,M2,387,75,2161,M2T4R387C2161VB75.h5,74.85714285714286,0.4903940886699474,0.07999999999188022,middle,1
T4,M2,388,75,2165,M2T4R388C2165VB75.h5,75.0,0.49137931034482424,0.05999999999391101,middle,1
T4,M2,389,75,2169,M2T4R389C2169VB75.h5,75.0,0.49137931034482424,0.039999999995941796,middle,1
T4,M2,390,75,2173,M2T4R390C2173VB75.h5,75.0,0.49137931034482424,0.01999999999797034,middle,1
T4,M2,391,75,2176,M2T4R391C2176VB75.h5,75.0,0.49137931034482424,0.01999999999796921,middle,1
T4,M2,392,75,2180,M2T4R392C2180VB75.h5,75.0,0.49137931034482424,0.03999999999594068,middle,1
T4,M2,393,75,2184,M2T4R393C2184VB75.h5,75.14285714285714,0.49236453201970104,0.05999999999390989,middle,1
T4,M2,394,75,2188,M2T4R394C2188VB75.h5,75.28571428571429,0.49334975369457795,0.0799999999918791,middle,1
T4,M2,395,75,2192,M2T4R395C2192VB75.h5,75.42857142857143,0.49433497536945475,0.09999999998984829,middle,1
T4,M2,396,76,2196,M2T4R396C2196VB76.h5,75.57142857142857,0.49532019704433156,0.09999999998985057,middle,1
T4,M2,397,76,2199,M2T4R397C2199VB76.h5,75.71428571428571,0.49630541871920836,0.09999999998984829,middle,1
T4,M2,398,76,2203,M2T4R398C2203VB76.h5,75.85714285714286,0.49729064039408527,0.09999999998984944,middle,1
T4,M2,399,76,2223,M2T4R399C2223VB76.h5,76.0,0.49827586206896207,0.09999999998985169,middle,1
T4,M2,400,76,2227,M2T4R400C2227VB76.h5,76.14285714285714,0.49926108374383893,0.09999999998985169,middle,1
T4,M2,401,76,2231,M2T4R401C2231VB76.h5,76.28571428571429,0.5002463054187158,0.09999999998984944,middle,1
T4,M2,402,76,2235,M2T4R402C2235VB76.h5,76.42857142857143,0.5012315270935926,0.09999999998984944,middle,1
T4,M2,403,77,2239,M2T4R403C2239VB77.h5,76.57142857142857,0.5022167487684694,0.09999999998985057,middle,1
T4,M2,404,77,2242,M2T4R404C2242VB77.h5,76.71428571428571,0.5032019704433462,0.09999999998984829,middle,1
T4,M2,405,77,2246,M2T4R405C2246VB77.h5,76.85714285714286,0.5041871921182232,0.0799999999918791,middle,1
T4,M2,406,77,2250,M2T4R406C2250VB77.h5,77.0,0.5051724137931,0.0799999999918791,middle,1
T4,M2,407,77,2270,M2T4R407C2270VB77.h5,77.0,0.5051724137931,0.07999999999188136,middle,1
T4,M2,408,77,2274,M2T4R408C2274VB77.h5,77.14285714285714,0.5061576354679768,0.0799999999918791,middle,1
T4,M2,409,77,2277,M2T4R409C2277VB77.h5,77.28571428571429,0.5071428571428537,0.0799999999918791,middle,1
T4,M2,410,77,2281,M2T4R410C2281VB77.h5,77.42857142857143,0.5081280788177305,0.09999999998985057,middle,1
T4,M2,411,78,2285,M2T4R411C2285VB78.h5,77.57142857142857,0.5091133004926073,0.0999999999898528,middle,1
T4,M2,412,78,2289,M2T4R412C2289VB78.h5,77.71428571428571,0.5100985221674842,0.11999999998781978,middle,1
T4,M2,413,78,2293,M2T4R413C2293VB78.h5,77.85714285714286,0.5110837438423611,0.11999999998782201,middle,1
T4,M2,414,78,2314,M2T4R414C2314VB78.h5,78.14285714285714,0.5130541871921147,0.11999999998782201,middle,1
T4,M2,415,78,2318,M2T4R415C2318VB78.h5,78.28571428571429,0.5140394088669916,0.11999999998781978,middle,1
T4,M2,416,78,2322,M2T4R416C2322VB78.h5,78.42857142857143,0.5150246305418684,0.1199999999878175,middle,1
T4,M2,417,79,2326,M2T4R417C2326VB79.h5,78.57142857142857,0.5160098522167452,0.09999999998985057,middle,1
T4,M2,418,79,2330,M2T4R418C2330VB79.h5,78.71428571428571,0.516995073891622,0.09999999998984829,middle,1
T4,M2,419,79,2334,M2T4R419C2334VB79.h5,78.85714285714286,0.5179802955664989,0.0799999999918791,middle,1
T4,M2,420,79,2337,M2T4R420C2337VB79.h5,79.0,0.5189655172413757,0.05999999999390989,middle,1
T4,M2,421,79,2341,M2T4R421C2341VB79.h5,79.0,0.5189655172413757,0.03999999999594068,middle,1
T4,M2,422,79,2345,M2T4R422C2345VB79.h5,79.0,0.5189655172413757,0.01999999999796921,middle,1
T4,M2,423,79,2349,M2T4R423C2349VB79.h5,79.0,0.5189655172413757,0.01999999999796921,middle,1
T4,M2,424,79,2353,M2T4R424C2353VB79.h5,79.0,0.5189655172413757,0.03999999999594068,middle,1
T4,M2,425,79,2357,M2T4R425C2357VB79.h5,79.14285714285714,0.5199507389162525,0.05999999999390989,middle,1
T4,M2,426,79,2360,M2T4R426C2360VB79.h5,79.28571428571429,0.5209359605911295,0.0799999999918791,middle,1
T4,M2,427,79,2364,M2T4R427C2364VB79.h5,79.42857142857143,0.5219211822660063,0.09999999998984829,middle,1
T4,M2,428,80,2384,M2T4R428C2384VB80.h5,79.57142857142857,0.5229064039408831,0.09999999998985057,middle,1
T4,M2,429,80,2388,M2T4R429C2388VB80.h5,79.71428571428571,0.5238916256157599,0.09999999998985057,middle,1
T4,M2,430,80,2392,M2T4R430C2392VB80.h5,79.85714285714286,0.5248768472906368,0.07999999999188136,middle,1
T4,M2,431,80,2396,M2T4R431C2396VB80.h5,80.0,0.5258620689655137,0.07999999999188136,middle,1
T4,M2,432,80,2400,M2T4R432C2400VB80.h5,80.0,0.5258620689655137,0.07999999999188359,middle,1
T4,M2,433,80,2403,M2T4R433C2403VB80.h5,80.14285714285714,0.5268472906403905,0.07999999999188136,middle,1
T4,M2,434,80,2407,M2T4R434C2407VB80.h5,80.28571428571429,0.5278325123152674,0.0799999999918791,middle,1
T4,M2,435,80,2411,M2T4R435C2411VB80.h5,80.42857142857143,0.5288177339901442,0.09999999998984829,middle,1
T4,M2,436,81,2431,M2T4R436C2431VB81.h5,80.57142857142857,0.529802955665021,0.09999999998985057,middle,1
T4,M2,437,81,2435,M2T4R437C2435VB81.h5,80.71428571428571,0.5307881773398978,0.09999999998984829,middle,1
T4,M2,438,81,2439,M2T4R438C2439VB81.h5,80.85714285714286,0.5317733990147747,0.0799999999918791,middle,1
T4,M2,439,81,2443,M2T4R439C2443VB81.h5,81.0,0.5327586206896515,0.05999999999390989,middle,1
T4,M2,440,81,2446,M2T4R440C2446VB81.h5,81.0,0.5327586206896515,0.03999999999594068,middle,1
T4,M2,441,81,2450,M2T4R441C2450VB81.h5,81.0,0.5327586206896515,0.01999999999796921,middle,1
T4,M2,442,81,2454,M2T4R442C2454VB81.h5,81.0,0.5327586206896515,0.0,middle,1
T4,M2,443,81,2476,M2T4R443C2476VB81.h5,81.0,0.5327586206896515,0.0,middle,1
T4,M2,444,81,2479,M2T4R444C2479VB81.h5,81.0,0.5327586206896515,0.0,middle,1
T4,M2,445,81,2483,M2T4R445C2483VB81.h5,81.0,0.5327586206896515,0.0,middle,1
T4,M2,446,81,2487,M2T4R446C2487VB81.h5,81.0,0.5327586206896515,0.0,middle,1
T4,M2,447,81,2491,M2T4R447C2491VB81.h5,81.0,0.5327586206896515,0.0,middle,1
T4,M2,448,81,2495,M2T4R448C2495VB81.h5,81.0,0.5327586206896515,0.0,middle,1
T4,M2,449,81,2499,M2T4R449C2499VB81.h5,81.0,0.5327586206896515,0.0,middle,1
T4,M2,450,81,2502,M2T4R450C2502VB81.h5,81.0,0.5327586206896515,0.0,middle,1
T4,M2,451,81,2506,M2T4R451C2506VB81.h5,81.0,0.5327586206896515,0.0,middle,1
T4,M2,452,81,2510,M2T4R452C2510VB81.h5,81.0,0.5327586206896515,0.01999999999796921,middle,1
T4,M2,453,81,2514,M2T4R453C2514VB81.h5,81.0,0.5327586206896515,0.03999999999594068,middle,1
T4,M2,454,81,2518,M2T4R454C2518VB81.h5,81.14285714285714,0.5337438423645283,0.05999999999390989,middle,1
T4,M2,455,81,2522,M2T4R455C2522VB81.h5,81.28571428571429,0.5347290640394052,0.0799999999918791,middle,1
T4,M2,456,81,2525,M2T4R456C2525VB81.h5,81.42857142857143,0.535714285714282,0.09999999998984829,middle,1
T4,M2,457,82,2545,M2T4R457C2545VB82.h5,81.57142857142857,0.5366995073891588,0.09999999998985057,middle,1
T4,M2,458,82,2549,M2T4R458C2549VB82.h5,81.71428571428571,0.5376847290640356,0.09999999998984829,middle,1
T4,M2,459,82,2553,M2T4R459C2553VB82.h5,81.85714285714286,0.5386699507389126,0.0799999999918791,middle,1
T4,M2,460,82,2557,M2T4R460C2557VB82.h5,82.0,0.5396551724137894,0.05999999999390989,middle,1
T4,M2,461,82,2561,M2T4R461C2561VB82.h5,82.0,0.5396551724137894,0.03999999999594068,middle,1
T4,M2,462,82,2565,M2T4R462C2565VB82.h5,82.0,0.5396551724137894,0.01999999999796921,middle,1
T4,M2,463,82,2568,M2T4R463C2568VB82.h5,82.0,0.5396551724137894,0.0,middle,1
T4,M2,464,82,2572,M2T4R464C2572VB82.h5,82.0,0.5396551724137894,0.0,middle,1
T4,M2,465,82,2592,M2T4R465C2592VB82.h5,82.0,0.5396551724137894,0.0,middle,1
T4,M2,466,82,2596,M2T4R466C2596VB82.h5,82.0,0.5396551724137894,0.0,middle,1
T4,M2,467,82,2600,M2T4R467C2600VB82.h5,82.0,0.5396551724137894,0.0,middle,1
T4,M2,468,82,2604,M2T4R468C2604VB82.h5,82.0,0.5396551724137894,0.0,middle,1
T4,M2,469,82,2607,M2T4R469C2607VB82.h5,82.0,0.5396551724137894,0.0,middle,1
T4,M2,470,82,2611,M2T4R470C2611VB82.h5,82.0,0.5396551724137894,0.019999999997971463,middle,1
T4,M2,471,82,2615,M2T4R471C2615VB82.h5,82.0,0.5396551724137894,0.03999999999594293,middle,1
T4,M2,472,82,2637,M2T4R472C2637VB82.h5,82.14285714285714,0.5406403940886663,0.059999999993912145,middle,1
T4,M2,473,82,2641,M2T4R473C2641VB82.h5,82.28571428571429,0.5416256157635432,0.07999999999188136,middle,1
T4,M2,474,82,2644,M2T4R474C2644VB82.h5,82.42857142857143,0.54261083743842,0.09999999998985057,middle,1
T4,M2,475,83,2648,M2T4R475C2648VB83.h5,82.57142857142857,0.5435960591132968,0.09999999998985057,middle,1
T4,M2,476,83,2652,M2T4R476C2652VB83.h5,82.71428571428571,0.5445812807881736,0.09999999998984829,middle,1
T4,M2,477,83,2656,M2T4R477C2656VB83.h5,82.85714285714286,0.5455665024630505,0.0799999999918791,middle,1
T4,M2,478,83,2660,M2T4R478C2660VB83.h5,83.0,0.5465517241379273,0.05999999999390989,middle,1
T4,M2,479,83,2664,M2T4R479C2664VB83.h5,83.0,0.5465517241379273,0.03999999999594068,middle,1
T4,M2,480,83,2667,M2T4R480C2667VB83.h5,83.0,0.5465517241379273,0.01999999999796921,middle,1
T4,M2,481,83,2671,M2T4R481C2671VB83.h5,83.0,0.5465517241379273,0.0,middle,1
T4,M2,482,83,2675,M2T4R482C2675VB83.h5,83.0,0.5465517241379273,0.0,middle,1
T4,M2,483,83,2679,M2T4R483C2679VB83.h5,83.0,0.5465517241379273,0.0,middle,1
T4,M2,484,83,2683,M2T4R484C2683VB83.h5,83.0,0.5465517241379273,0.0,middle,1
T4,M2,485,83,2687,M2T4R485C2687VB83.h5,83.0,0.5465517241379273,0.0,middle,1
T4,M2,486,83,2706,M2T4R486C2706VB83.h5,83.0,0.5465517241379273,0.0,middle,1
T4,M2,487,83,2710,M2T4R487C2710VB83.h5,83.0,0.5465517241379273,0.0,middle,1
T4,M2,488,83,2714,M2T4R488C2714VB83.h5,83.0,0.5465517241379273,0.0,middle,1
T4,M2,489,83,2718,M2T4R489C2718VB83.h5,83.0,0.5465517241379273,0.0,middle,1
T4,M2,490,83,2722,M2T4R490C2722VB83.h5,83.0,0.5465517241379273,0.0,middle,1
T4,M2,491,83,2726,M2T4R491C2726VB83.h5,83.0,0.5465517241379273,0.01999999999796921,middle,1
T4,M2,492,83,2730,M2T4R492C2730VB83.h5,83.0,0.5465517241379273,0.03999999999594068,middle,1
T4,M2,493,83,2733,M2T4R493C2733VB83.h5,83.14285714285714,0.5475369458128041,0.05999999999390989,middle,1
T4,M2,494,83,2755,M2T4R494C2755VB83.h5,83.28571428571429,0.548522167487681,0.0799999999918791,middle,1
T4,M2,495,83,2758,M2T4R495C2758VB83.h5,83.42857142857143,0.5495073891625578,0.09999999998984829,middle,1
T4,M2,496,84,2762,M2T4R496C2762VB84.h5,83.57142857142857,0.5504926108374346,0.09999999998985057,middle,1
T4,M2,497,84,2766,M2T4R497C2766VB84.h5,83.71428571428571,0.5514778325123114,0.09999999998984829,middle,1
T4,M2,498,84,2770,M2T4R498C2770VB84.h5,83.85714285714286,0.5524630541871883,0.0799999999918791,middle,1
T4,M2,499,84,2774,M2T4R499C2774VB84.h5,84.0,0.5534482758620651,0.05999999999390989,middle,1
T4,M2,500,84,2778,M2T4R500C2778VB84.h5,84.0,0.5534482758620651,0.03999999999594068,middle,1
T4,M2,501,84,2799,M2T4R501C2799VB84.h5,84.0,0.5534482758620651,0.01999999999796921,middle,1
T4,M2,502,84,2803,M2T4R502C2803VB84.h5,84.0,0.5534482758620651,0.0,middle,1
T4,M2,503,84,2807,M2T4R503C2807VB84.h5,84.0,0.5534482758620651,0.0,middle,1
T4,M2,504,84,2811,M2T4R504C2811VB84.h5,84.0,0.5534482758620651,0.0,middle,1
T4,M2,505,84,2815,M2T4R505C2815VB84.h5,84.0,0.5534482758620651,0.0,middle,1
T4,M2,506,84,2818,M2T4R506C2818VB84.h5,84.0,0.5534482758620651,0.0,middle,1
T4,M2,507,84,2822,M2T4R507C2822VB84.h5,84.0,0.5534482758620651,0.01999999999796921,middle,1
T4,M2,508,84,2826,M2T4R508C2826VB84.h5,84.0,0.5534482758620651,0.03999999999594068,middle,1
T4,M2,509,84,2830,M2T4R509C2830VB84.h5,84.14285714285714,0.5544334975369419,0.059999999993912145,middle,1
T4,M2,510,84,2834,M2T4R510C2834VB84.h5,84.28571428571429,0.5554187192118188,0.07999999999188136,middle,1
T4,M2,511,84,2838,M2T4R511C2838VB84.h5,84.42857142857143,0.5564039408866958,0.09999999998985057,middle,1
T4,M2,512,85,2841,M2T4R512C2841VB85.h5,84.57142857142857,0.5573891625615726,0.0999999999898528,middle,1
T4,M2,513,85,2845,M2T4R513C2845VB85.h5,84.71428571428571,0.5583743842364494,0.09999999998985057,middle,1
T4,M2,514,85,2849,M2T4R514C2849VB85.h5,84.85714285714286,0.5593596059113263,0.0799999999918791,middle,1
T4,M2,515,85,2869,M2T4R515C2869VB85.h5,85.0,0.5603448275862031,0.05999999999390989,middle,1
T4,M2,516,85,2873,M2T4R516C2873VB85.h5,85.0,0.5603448275862031,0.03999999999594068,middle,1
T4,M2,517,85,2877,M2T4R517C2877VB85.h5,85.0,0.5603448275862031,0.01999999999796921,middle,1
T4,M2,518,85,2880,M2T4R518C2880VB85.h5,85.0,0.5603448275862031,0.0,middle,1
T4,M2,519,85,2884,M2T4R519C2884VB85.h5,85.0,0.5603448275862031,0.0,middle,1
T4,M2,520,85,2888,M2T4R520C2888VB85.h5,85.0,0.5603448275862031,0.01999999999796921,middle,1
T4,M2,521,85,2892,M2T4R521C2892VB85.h5,85.0,0.5603448275862031,0.03999999999594068,middle,1
T4,M2,522,85,2896,M2T4R522C2896VB85.h5,85.14285714285714,0.5613300492610799,0.05999999999390989,middle,1
T4,M2,523,85,2916,M2T4R523C2916VB85.h5,85.28571428571429,0.5623152709359568,0.0799999999918791,middle,1
T4,M2,524,85,2919,M2T4R524C2919VB85.h5,85.42857142857143,0.5633004926108336,0.09999999998984829,middle,1
T4,M2,525,86,2923,M2T4R525C2923VB86.h5,85.57142857142857,0.5642857142857104,0.09999999998985057,middle,1
T4,M2,526,86,2927,M2T4R526C2927VB86.h5,85.71428571428571,0.5652709359605872,0.09999999998984829,middle,1
T4,M2,527,86,2931,M2T4R527C2931VB86.h5,85.85714285714286,0.5662561576354641,0.0799999999918791,middle,1
T4,M2,528,86,2935,M2T4R528C2935VB86.h5,86.0,0.5672413793103409,0.05999999999390989,middle,1
T4,M2,529,86,2939,M2T4R529C2939VB86.h5,86.0,0.5672413793103409,0.03999999999594068,middle,1
T4,M2,530,86,2960,M2T4R530C2960VB86.h5,86.0,0.5672413793103409,0.01999999999796921,middle,1
T4,M2,531,86,2964,M2T4R531C2964VB86.h5,86.0,0.5672413793103409,0.0,middle,1
T4,M2,532,86,2968,M2T4R532C2968VB86.h5,86.0,0.5672413793103409,0.0,middle,1
T4,M2,533,86,2972,M2T4R533C2972VB86.h5,86.0,0.5672413793103409,0.0,middle,1
T4,M2,534,86,2975,M2T4R534C2975VB86.h5,86.0,0.5672413793103409,0.0,middle,1
T4,M2,535,86,2979,M2T4R535C2979VB86.h5,86.0,0.5672413793103409,0.0,middle,1
T4,M2,536,86,2983,M2T4R536C2983VB86.h5,86.0,0.5672413793103409,0.0,middle,1
T4,M2,537,86,2987,M2T4R537C2987VB86.h5,86.0,0.5672413793103409,0.01999999999796921,middle,1
T4,M2,538,86,2991,M2T4R538C2991VB86.h5,86.0,0.5672413793103409,0.03999999999594068,middle,1
T4,M2,539,86,2995,M2T4R539C2995VB86.h5,86.14285714285714,0.5682266009852177,0.05999999999390989,middle,1
T4,M2,540,86,2999,M2T4R540C2999VB86.h5,86.28571428571429,0.5692118226600946,0.07999999999188136,middle,1
T4,M2,541,86,3002,M2T4R541C3002VB86.h5,86.42857142857143,0.5701970443349714,0.09999999998985057,middle,1
T4,M2,542,87,3006,M2T4R542C3006VB87.h5,86.57142857142857,0.5711822660098483,0.0999999999898528,middle,1
T4,M2,543,87,3010,M2T4R543C3010VB87.h5,86.71428571428571,0.5721674876847251,0.09999999998985057,middle,1
T4,M2,544,87,3030,M2T4R544C3030VB87.h5,86.85714285714286,0.573152709359602,0.07999999999188136,middle,1
T4,M2,545,87,3034,M2T4R545C3034VB87.h5,87.0,0.5741379310344789,0.05999999999390989,middle,1
T4,M2,546,87,3038,M2T4R546C3038VB87.h5,87.0,0.5741379310344789,0.03999999999594068,middle,1
T4,M2,547,87,3042,M2T4R547C3042VB87.h5,87.0,0.5741379310344789,0.01999999999796921,middle,1
T4,M2,548,87,3045,M2T4R548C3045VB87.h5,87.0,0.5741379310344789,0.0,middle,1
T4,M2,549,87,3049,M2T4R549C3049VB87.h5,87.0,0.5741379310344789,0.0,middle,1
T4,M2,550,87,3053,M2T4R550C3053VB87.h5,87.0,0.5741379310344789,0.0,middle,1
T4,M2,551,87,3057,M2T4R551C3057VB87.h5,87.0,0.5741379310344789,0.0,middle,1
T4,M2,552,87,3080,M2T4R552C3080VB87.h5,87.0,0.5741379310344789,0.0,middle,1
T4,M2,553,87,3084,M2T4R553C3084VB87.h5,87.0,0.5741379310344789,0.0,middle,1
T4,M2,554,87,3088,M2T4R554C3088VB87.h5,87.0,0.5741379310344789,0.0,middle,1
T4,M2,555,87,3091,M2T4R555C3091VB87.h5,87.0,0.5741379310344789,0.0,middle,1
T4,M2,556,87,3095,M2T4R556C3095VB87.h5,87.0,0.5741379310344789,0.0,middle,1
T4,M2,557,87,3099,M2T4R557C3099VB87.h5,87.0,0.5741379310344789,0.0,middle,1
T4,M2,558,87,3103,M2T4R558C3103VB87.h5,87.0,0.5741379310344789,0.0,middle,1
T4,M2,559,87,3124,M2T4R559C3124VB87.h5,87.0,0.5741379310344789,0.0,middle,1
T4,M2,560,87,3128,M2T4R560C3128VB87.h5,87.0,0.5741379310344789,0.0,middle,1
T4,M2,561,87,3132,M2T4R561C3132VB87.h5,87.0,0.5741379310344789,0.0,middle,1
T4,M2,562,87,3136,M2T4R562C3136VB87.h5,87.0,0.5741379310344789,0.0,middle,1
T4,M2,563,87,3140,M2T4R563C3140VB87.h5,87.0,0.5741379310344789,0.0,middle,1
T4,M2,564,87,3144,M2T4R564C3144VB87.h5,87.0,0.5741379310344789,0.0,middle,1
T4,M2,565,87,3147,M2T4R565C3147VB87.h5,87.0,0.5741379310344789,0.0,middle,1
T4,M2,566,87,3151,M2T4R566C3151VB87.h5,87.0,0.5741379310344789,0.0,middle,1
T4,M2,567,87,3155,M2T4R567C3155VB87.h5,87.0,0.5741379310344789,0.0,middle,1
T4,M2,568,87,3159,M2T4R568C3159VB87.h5,87.0,0.5741379310344789,0.01999999999796921,middle,1
T4,M2,569,87,3163,M2T4R569C3163VB87.h5,87.0,0.5741379310344789,0.03999999999594068,middle,1
T4,M2,570,87,3167,M2T4R570C3167VB87.h5,87.14285714285714,0.5751231527093557,0.05999999999390989,middle,1
T4,M2,571,87,3170,M2T4R571C3170VB87.h5,87.28571428571429,0.5761083743842326,0.0799999999918791,middle,1
T4,M2,572,87,3174,M2T4R572C3174VB87.h5,87.42857142857143,0.5770935960591094,0.09999999998984829,middle,1
T4,M2,573,88,3194,M2T4R573C3194VB88.h5,87.57142857142857,0.5780788177339862,0.09999999998985057,middle,1
T4,M2,574,88,3198,M2T4R574C3198VB88.h5,87.71428571428571,0.579064039408863,0.09999999998984829,middle,1
T4,M2,575,88,3202,M2T4R575C3202VB88.h5,87.85714285714286,0.5800492610837399,0.0799999999918791,middle,1
T4,M2,576,88,3206,M2T4R576C3206VB88.h5,88.0,0.5810344827586167,0.05999999999390989,middle,1
T4,M2,577,88,3210,M2T4R577C3210VB88.h5,88.0,0.5810344827586167,0.03999999999594068,middle,1
T4,M2,578,88,3214,M2T4R578C3214VB88.h5,88.0,0.5810344827586167,0.01999999999796921,middle,1
T4,M2,579,88,3217,M2T4R579C3217VB88.h5,88.0,0.5810344827586167,0.0,middle,1
T4,M2,580,88,3221,M2T4R580C3221VB88.h5,88.0,0.5810344827586167,0.0,middle,1
T4,M2,581,88,3241,M2T4R581C3241VB88.h5,88.0,0.5810344827586167,0.0,middle,1
T4,M2,582,88,3244,M2T4R582C3244VB88.h5,88.0,0.5810344827586167,0.0,middle,1
T4,M2,583,88,3248,M2T4R583C3248VB88.h5,88.0,0.5810344827586167,0.0,middle,1
T4,M2,584,88,3252,M2T4R584C3252VB88.h5,88.0,0.5810344827586167,0.0,middle,1
T4,M2,585,88,3256,M2T4R585C3256VB88.h5,88.0,0.5810344827586167,0.0,middle,1
T4,M2,586,88,3260,M2T4R586C3260VB88.h5,88.0,0.5810344827586167,0.0,middle,1
T4,M2,587,88,3264,M2T4R587C3264VB88.h5,88.0,0.5810344827586167,0.0,middle,1
T4,M2,588,88,3285,M2T4R588C3285VB88.h5,88.0,0.5810344827586167,0.0,middle,1
T4,M2,589,88,3289,M2T4R589C3289VB88.h5,88.0,0.5810344827586167,0.0,middle,1
T4,M2,590,88,3293,M2T4R590C3293VB88.h5,88.0,0.5810344827586167,0.0,middle,1
T4,M2,591,88,3297,M2T4R591C3297VB88.h5,88.0,0.5810344827586167,0.0,middle,1
T4,M2,592,88,3300,M2T4R592C3300VB88.h5,88.0,0.5810344827586167,0.0,middle,1
T4,M2,593,88,3304,M2T4R593C3304VB88.h5,88.0,0.5810344827586167,0.0,middle,1
T4,M2,594,88,3308,M2T4R594C3308VB88.h5,88.0,0.5810344827586167,0.0,middle,1
T4,M2,595,88,3312,M2T4R595C3312VB88.h5,88.0,0.5810344827586167,0.0,middle,1
T4,M2,596,88,3316,M2T4R596C3316VB88.h5,88.0,0.5810344827586167,0.0,middle,1
T4,M2,597,88,3320,M2T4R597C3320VB88.h5,88.0,0.5810344827586167,0.0,middle,1
T4,M2,598,88,3324,M2T4R598C3324VB88.h5,88.0,0.5810344827586167,0.0,middle,1
T4,M2,599,88,3327,M2T4R599C3327VB88.h5,88.0,0.5810344827586167,0.0,middle,1
T4,M2,600,88,3331,M2T4R600C3331VB88.h5,88.0,0.5810344827586167,0.0,middle,1
T4,M2,601,88,3335,M2T4R601C3335VB88.h5,88.0,0.5810344827586167,0.0,middle,1
T4,M2,602,88,3355,M2T4R602C3355VB88.h5,88.0,0.5810344827586167,0.0,middle,1
T4,M2,603,88,3359,M2T4R603C3359VB88.h5,88.0,0.5810344827586167,0.0,middle,1
T4,M2,604,88,3363,M2T4R604C3363VB88.h5,88.0,0.5810344827586167,0.0,middle,1
T4,M2,605,88,3367,M2T4R605C3367VB88.h5,88.0,0.5810344827586167,0.0,middle,1
T4,M2,606,88,3370,M2T4R606C3370VB88.h5,88.0,0.5810344827586167,0.0,middle,1
T4,M2,607,88,3374,M2T4R607C3374VB88.h5,88.0,0.5810344827586167,0.0,middle,1
T4,M2,608,88,3378,M2T4R608C3378VB88.h5,88.0,0.5810344827586167,0.0,middle,1
T4,M2,609,88,3382,M2T4R609C3382VB88.h5,88.0,0.5810344827586167,0.0,middle,1
T4,M2,610,88,3401,M2T4R610C3401VB88.h5,88.0,0.5810344827586167,0.0,middle,1
T4,M2,611,88,3405,M2T4R611C3405VB88.h5,88.0,0.5810344827586167,0.0,middle,1
T4,M2,612,88,3409,M2T4R612C3409VB88.h5,88.0,0.5810344827586167,0.01999999999796921,middle,1
T4,M2,613,88,3413,M2T4R613C3413VB88.h5,88.0,0.5810344827586167,0.03999999999594068,middle,1
T4,M2,614,88,3417,M2T4R614C3417VB88.h5,88.14285714285714,0.5820197044334935,0.05999999999390989,middle,1
T4,M2,615,88,3421,M2T4R615C3421VB88.h5,88.28571428571429,0.5830049261083704,0.0799999999918791,middle,1
T4,M2,616,88,3424,M2T4R616C3424VB88.h5,88.42857142857143,0.5839901477832472,0.09999999998985057,middle,1
T4,M2,617,89,3446,M2T4R617C3446VB89.h5,88.57142857142857,0.584975369458124,0.09999999998985057,middle,1
T4,M2,618,89,3450,M2T4R618C3450VB89.h5,88.71428571428571,0.5859605911330009,0.09999999998985057,middle,1
T4,M2,619,89,3454,M2T4R619C3454VB89.h5,88.85714285714286,0.5869458128078777,0.07999999999188136,middle,1
T4,M2,620,89,3458,M2T4R620C3458VB89.h5,89.0,0.5879310344827546,0.059999999993912145,middle,1
T4,M2,621,89,3461,M2T4R621C3461VB89.h5,89.0,0.5879310344827546,0.03999999999594068,middle,1
T4,M2,622,89,3465,M2T4R622C3465VB89.h5,89.0,0.5879310344827546,0.019999999997971463,middle,1
T4,M2,623,89,3469,M2T4R623C3469VB89.h5,89.0,0.5879310344827546,0.0,middle,1
T4,M2,624,89,3473,M2T4R624C3473VB89.h5,89.0,0.5879310344827546,0.0,middle,1
T4,M2,625,89,3477,M2T4R625C3477VB89.h5,89.0,0.5879310344827546,0.0,middle,1
T4,M2,626,89,3481,M2T4R626C3481VB89.h5,89.0,0.5879310344827546,0.01999999999796921,middle,1
T4,M2,627,89,3484,M2T4R627C3484VB89.h5,89.0,0.5879310344827546,0.03999999999594068,middle,1
T4,M2,628,89,3488,M2T4R628C3488VB89.h5,89.14285714285714,0.5889162561576314,0.05999999999390989,middle,1
T4,M2,629,89,3492,M2T4R629C3492VB89.h5,89.28571428571429,0.5899014778325083,0.0799999999918791,middle,1
T4,M2,630,89,3496,M2T4R630C3496VB89.h5,89.42857142857143,0.5908866995073851,0.09999999998984829,middle,1
T4,M2,631,90,3516,M2T4R631C3516VB90.h5,89.57142857142857,0.591871921182262,0.09999999998985057,middle,1
T4,M2,632,90,3520,M2T4R632C3520VB90.h5,89.71428571428571,0.5928571428571388,0.09999999998984829,middle,1
T4,M2,633,90,3524,M2T4R633C3524VB90.h5,89.85714285714286,0.5938423645320157,0.0799999999918791,middle,1
T4,M2,634,90,3528,M2T4R634C3528VB90.h5,90.0,0.5948275862068925,0.05999999999390989,middle,1
T4,M2,635,90,3531,M2T4R635C3531VB90.h5,90.0,0.5948275862068925,0.03999999999594068,middle,1
T4,M2,636,90,3535,M2T4R636C3535VB90.h5,90.0,0.5948275862068925,0.01999999999796921,middle,1
T4,M2,637,90,3539,M2T4R637C3539VB90.h5,90.0,0.5948275862068925,0.01999999999796921,middle,1
T4,M2,638,90,3543,M2T4R638C3543VB90.h5,90.0,0.5948275862068925,0.03999999999594068,middle,1
T4,M2,639,90,3564,M2T4R639C3564VB90.h5,90.14285714285714,0.5958128078817693,0.05999999999390989,middle,1
T4,M2,640,90,3568,M2T4R640C3568VB90.h5,90.28571428571429,0.5967980295566462,0.0799999999918791,middle,1
T4,M2,641,90,3572,M2T4R641C3572VB90.h5,90.42857142857143,0.597783251231523,0.09999999998984829,middle,1
T4,M2,642,91,3576,M2T4R642C3576VB91.h5,90.57142857142857,0.5987684729063998,0.09999999998985057,middle,1
T4,M2,643,91,3579,M2T4R643C3579VB91.h5,90.71428571428571,0.5997536945812766,0.09999999998984829,middle,1
T4,M2,644,91,3583,M2T4R644C3583VB91.h5,90.85714285714286,0.6007389162561535,0.0799999999918791,middle,1
T4,M2,645,91,3587,M2T4R645C3587VB91.h5,91.0,0.6017241379310303,0.05999999999390989,middle,1
T4,M2,646,91,3609,M2T4R646C3609VB91.h5,91.0,0.6017241379310303,0.03999999999594068,middle,1
T4,M2,647,91,3613,M2T4R647C3613VB91.h5,91.0,0.6017241379310303,0.01999999999796921,middle,1
T4,M2,648,91,3616,M2T4R648C3616VB91.h5,91.0,0.6017241379310303,0.0,middle,1
T4,M2,649,91,3620,M2T4R649C3620VB91.h5,91.0,0.6017241379310303,0.0,middle,1
T4,M2,650,91,3624,M2T4R650C3624VB91.h5,91.0,0.6017241379310303,0.0,middle,1
T4,M2,651,91,3628,M2T4R651C3628VB91.h5,91.0,0.6017241379310303,0.019999999997971463,middle,1
T4,M2,652,91,3632,M2T4R652C3632VB91.h5,91.0,0.6017241379310303,0.03999999999594293,middle,1
T4,M2,653,91,3636,M2T4R653C3636VB91.h5,91.14285714285714,0.6027093596059072,0.059999999993912145,middle,1
T4,M2,654,91,3639,M2T4R654C3639VB91.h5,91.28571428571429,0.6036945812807841,0.07999999999188136,middle,1
T4,M2,655,91,3643,M2T4R655C3643VB91.h5,91.42857142857143,0.6046798029556609,0.09999999998985057,middle,1
T4,M2,656,92,3647,M2T4R656C3647VB92.h5,91.57142857142857,0.6056650246305377,0.09999999998985057,middle,1
T4,M2,657,92,3651,M2T4R657C3651VB92.h5,91.71428571428571,0.6066502463054145,0.09999999998984829,middle,1
T4,M2,658,92,3655,M2T4R658C3655VB92.h5,91.85714285714286,0.6076354679802914,0.0799999999918791,middle,1
T4,M2,659,92,3659,M2T4R659C3659VB92.h5,92.0,0.6086206896551682,0.05999999999390989,middle,1
T4,M2,660,92,3679,M2T4R660C3679VB92.h5,92.0,0.6086206896551682,0.03999999999594068,middle,1
T4,M2,661,92,3682,M2T4R661C3682VB92.h5,92.0,0.6086206896551682,0.01999999999796921,middle,1
T4,M2,662,92,3686,M2T4R662C3686VB92.h5,92.0,0.6086206896551682,0.0,middle,1
T4,M2,663,92,3690,M2T4R663C3690VB92.h5,92.0,0.6086206896551682,0.01999999999796921,middle,1
T4,M2,664,92,3694,M2T4R664C3694VB92.h5,92.0,0.6086206896551682,0.03999999999594068,middle,1
T4,M2,665,92,3698,M2T4R665C3698VB92.h5,92.14285714285714,0.609605911330045,0.05999999999390989,middle,1
T4,M2,666,92,3702,M2T4R666C3702VB92.h5,92.28571428571429,0.610591133004922,0.0799999999918791,middle,1
T4,M2,667,92,3705,M2T4R667C3705VB92.h5,92.42857142857143,0.6115763546797988,0.09999999998984829,middle,1
T4,M2,668,93,3726,M2T4R668C3726VB93.h5,92.57142857142857,0.6125615763546756,0.09999999998985057,middle,1
T4,M2,669,93,3729,M2T4R669C3729VB93.h5,92.71428571428571,0.6135467980295524,0.09999999998984829,late,2
T4,M2,670,93,3733,M2T4R670C3733VB93.h5,92.85714285714286,0.6145320197044293,0.0799999999918791,late,2
T4,M2,671,93,3737,M2T4R671C3737VB93.h5,93.0,0.6155172413793061,0.0799999999918791,late,2
T4,M2,672,93,3741,M2T4R672C3741VB93.h5,93.0,0.6155172413793061,0.07999999999188136,late,2
T4,M2,673,93,3745,M2T4R673C3745VB93.h5,93.14285714285714,0.6165024630541829,0.07999999999188136,late,2
T4,M2,674,93,3749,M2T4R674C3749VB93.h5,93.28571428571429,0.6174876847290598,0.07999999999188136,late,2
T4,M2,675,93,3770,M2T4R675C3770VB93.h5,93.42857142857143,0.6184729064039367,0.09999999998985057,late,2
T4,M2,676,94,3774,M2T4R676C3774VB94.h5,93.57142857142857,0.6194581280788135,0.0999999999898528,late,2
T4,M2,677,94,3778,M2T4R677C3778VB94.h5,93.71428571428571,0.6204433497536903,0.09999999998985057,late,2
T4,M2,678,94,3782,M2T4R678C3782VB94.h5,93.85714285714286,0.6214285714285672,0.0799999999918791,late,2
T4,M2,679,94,3786,M2T4R679C3786VB94.h5,94.0,0.622413793103444,0.05999999999390989,late,2
T4,M2,680,94,3789,M2T4R680C3789VB94.h5,94.0,0.622413793103444,0.03999999999594068,late,2
T4,M2,681,94,3793,M2T4R681C3793VB94.h5,94.0,0.622413793103444,0.01999999999796921,late,2
T4,M2,682,94,3797,M2T4R682C3797VB94.h5,94.0,0.622413793103444,0.0,late,2
T4,M2,683,94,3801,M2T4R683C3801VB94.h5,94.0,0.622413793103444,0.0,late,2
T4,M2,684,94,3805,M2T4R684C3805VB94.h5,94.0,0.622413793103444,0.01999999999796921,late,2
T4,M2,685,94,3809,M2T4R685C3809VB94.h5,94.0,0.622413793103444,0.03999999999594068,late,2
T4,M2,686,94,3812,M2T4R686C3812VB94.h5,94.14285714285714,0.6233990147783208,0.05999999999390989,late,2
T4,M2,687,94,3816,M2T4R687C3816VB94.h5,94.28571428571429,0.6243842364531977,0.0799999999918791,late,2
T4,M2,688,94,3820,M2T4R688C3820VB94.h5,94.42857142857143,0.6253694581280745,0.09999999998984829,late,2
T4,M2,689,95,3840,M2T4R689C3840VB95.h5,94.57142857142857,0.6263546798029513,0.09999999998985057,late,2
T4,M2,690,95,3844,M2T4R690C3844VB95.h5,94.71428571428571,0.6273399014778281,0.09999999998984829,late,2
T4,M2,691,95,3848,M2T4R691C3848VB95.h5,94.85714285714286,0.6283251231527051,0.0799999999918791,late,2
T4,M2,692,95,3852,M2T4R692C3852VB95.h5,95.0,0.6293103448275819,0.0799999999918791,late,2
T4,M2,693,95,3855,M2T4R693C3855VB95.h5,95.0,0.6293103448275819,0.07999999999188136,late,2
T4,M2,694,95,3859,M2T4R694C3859VB95.h5,95.14285714285714,0.6302955665024587,0.0799999999918791,late,2
T4,M2,695,95,3863,M2T4R695C3863VB95.h5,95.28571428571429,0.6312807881773356,0.07999999999188136,late,2
T4,M2,696,95,3867,M2T4R696C3867VB95.h5,95.42857142857143,0.6322660098522124,0.09999999998985057,late,2
T4,M2,697,96,3887,M2T4R697C3887VB96.h5,95.57142857142857,0.6332512315270893,0.0999999999898528,late,2
T4,M2,698,96,3890,M2T4R698C3890VB96.h5,95.71428571428571,0.6342364532019661,0.09999999998985057,late,2
T4,M2,699,96,3894,M2T4R699C3894VB96.h5,95.85714285714286,0.635221674876843,0.09999999998985057,late,2
T4,M2,700,96,3898,M2T4R700C3898VB96.h5,96.0,0.6362068965517198,0.09999999998985057,late,2
T4,M2,701,96,3902,M2T4R701C3902VB96.h5,96.14285714285714,0.6371921182265966,0.09999999998985057,late,2
T4,M2,702,96,3906,M2T4R702C3906VB96.h5,96.28571428571429,0.6381773399014735,0.09999999998984829,late,2
T4,M2,703,96,3910,M2T4R703C3910VB96.h5,96.42857142857143,0.6391625615763503,0.11999999998781978,late,2
T4,M2,704,97,3931,M2T4R704C3931VB97.h5,96.57142857142857,0.6401477832512271,0.139999999985789,late,2
T4,M2,705,97,3935,M2T4R705C3935VB97.h5,96.85714285714286,0.6421182266009808,0.1599999999837582,late,2
T4,M2,706,97,3939,M2T4R706C3939VB97.h5,97.14285714285714,0.6440886699507344,0.1599999999837582,late,2
T4,M2,707,97,3943,M2T4R707C3943VB97.h5,97.42857142857143,0.6460591133004882,0.15999999998376044,late,2
T4,M2,708,98,3947,M2T4R708C3947VB98.h5,97.57142857142857,0.647044334975365,0.13999999998579124,late,2
T4,M2,709,98,3951,M2T4R709C3951VB98.h5,97.71428571428571,0.6480295566502419,0.11999999998782201,late,2
T4,M2,710,98,3954,M2T4R710C3954VB98.h5,97.85714285714286,0.6490147783251188,0.07999999999188136,late,2
T4,M2,711,98,3958,M2T4R711C3958VB98.h5,98.0,0.6499999999999956,0.07999999999188136,late,2
T4,M2,712,98,3962,M2T4R712C3962VB98.h5,98.0,0.6499999999999956,0.07999999999188136,late,2
T4,M2,713,98,3966,M2T4R713C3966VB98.h5,98.14285714285714,0.6509852216748724,0.0799999999918791,late,2
T4,M2,714,98,3970,M2T4R714C3970VB98.h5,98.28571428571429,0.6519704433497493,0.0799999999918791,late,2
T4,M2,715,98,3974,M2T4R715C3974VB98.h5,98.42857142857143,0.6529556650246261,0.11999999998781978,late,2
T4,M2,716,99,3977,M2T4R716C3977VB99.h5,98.57142857142857,0.6539408866995029,0.139999999985789,late,2
T4,M2,717,99,3981,M2T4R717C3981VB99.h5,98.85714285714286,0.6559113300492566,0.1599999999837582,late,2
T4,M2,718,99,4001,M2T4R718C4001VB99.h5,99.14285714285714,0.6578817733990102,0.1599999999837582,late,2
T4,M2,719,99,4005,M2T4R719C4005VB99.h5,99.42857142857143,0.6598522167487639,0.1599999999837582,late,2
T4,M2,720,100,4009,M2T4R720C4009VB100.h5,99.57142857142857,0.6608374384236407,0.139999999985789,late,2
T4,M2,721,100,4013,M2T4R721C4013VB100.h5,99.71428571428571,0.6618226600985175,0.13999999998579124,late,2
T4,M2,722,100,4017,M2T4R722C4017VB100.h5,99.85714285714286,0.6628078817733944,0.11999999998782201,late,2
T4,M2,723,100,4021,M2T4R723C4021VB100.h5,100.14285714285714,0.6647783251231482,0.11999999998782201,late,2
T4,M2,724,100,4024,M2T4R724C4024VB100.h5,100.28571428571429,0.6657635467980251,0.11999999998782201,late,2
T4,M2,725,100,4028,M2T4R725C4028VB100.h5,100.42857142857143,0.6667487684729019,0.11999999998781978,late,2
T4,M2,726,101,4049,M2T4R726C4049VB101.h5,100.57142857142857,0.6677339901477787,0.09999999998985057,late,2
T4,M2,727,101,4053,M2T4R727C4053VB101.h5,100.71428571428571,0.6687192118226555,0.09999999998984829,late,2
T4,M2,728,101,4057,M2T4R728C4057VB101.h5,100.85714285714286,0.6697044334975324,0.09999999998984829,late,2
T4,M2,729,101,4060,M2T4R729C4060VB101.h5,101.0,0.6706896551724092,0.09999999998985057,late,2
T4,M2,730,101,4064,M2T4R730C4064VB101.h5,101.14285714285714,0.671674876847286,0.09999999998985057,late,2
T4,M2,731,101,4068,M2T4R731C4068VB101.h5,101.28571428571429,0.6726600985221629,0.09999999998984829,late,2
T4,M2,732,101,4072,M2T4R732C4072VB101.h5,101.42857142857143,0.6736453201970397,0.09999999998984829,late,2
T4,M2,733,102,4094,M2T4R733C4094VB102.h5,101.57142857142857,0.6746305418719165,0.09999999998985057,late,2
T4,M2,734,102,4098,M2T4R734C4098VB102.h5,101.71428571428571,0.6756157635467933,0.09999999998984829,late,2
T4,M2,735,102,4101,M2T4R735C4101VB102.h5,101.85714285714286,0.6766009852216702,0.0799999999918791,late,2
T4,M2,736,102,4105,M2T4R736C4105VB102.h5,102.0,0.677586206896547,0.05999999999390989,late,2
T4,M2,737,102,4109,M2T4R737C4109VB102.h5,102.0,0.677586206896547,0.03999999999594068,late,2
T4,M2,738,102,4113,M2T4R738C4113VB102.h5,102.0,0.677586206896547,0.01999999999796921,late,2
T4,M2,739,102,4117,M2T4R739C4117VB102.h5,102.0,0.677586206896547,0.019999999997971463,late,2
T4,M2,740,102,4121,M2T4R740C4121VB102.h5,102.0,0.677586206896547,0.03999999999594293,late,2
T4,M2,741,102,4124,M2T4R741C4124VB102.h5,102.14285714285714,0.6785714285714239,0.059999999993912145,late,2
T4,M2,742,102,4128,M2T4R742C4128VB102.h5,102.28571428571429,0.6795566502463009,0.07999999999188136,late,2
T4,M2,743,102,4132,M2T4R743C4132VB102.h5,102.42857142857143,0.6805418719211777,0.09999999998985057,late,2
T4,M2,744,103,4136,M2T4R744C4136VB103.h5,102.57142857142857,0.6815270935960545,0.09999999998985057,late,2
T4,M2,745,103,4140,M2T4R745C4140VB103.h5,102.71428571428571,0.6825123152709313,0.09999999998984829,late,2
T4,M2,746,103,4144,M2T4R746C4144VB103.h5,102.85714285714286,0.6834975369458082,0.0799999999918791,late,2
T4,M2,747,103,4164,M2T4R747C4164VB103.h5,103.0,0.684482758620685,0.0799999999918791,late,2
T4,M2,748,103,4168,M2T4R748C4168VB103.h5,103.0,0.684482758620685,0.07999999999188136,late,2
T4,M2,749,103,4171,M2T4R749C4171VB103.h5,103.14285714285714,0.6854679802955618,0.0799999999918791,late,2
T4,M2,750,103,4175,M2T4R750C4175VB103.h5,103.28571428571429,0.6864532019704387,0.09999999998984829,late,2
T4,M2,751,103,4179,M2T4R751C4179VB103.h5,103.42857142857143,0.6874384236453155,0.139999999985789,late,2
T4,M2,752,104,4183,M2T4R752C4183VB104.h5,103.71428571428571,0.6894088669950691,0.15999999998376044,late,2
T4,M2,753,104,4187,M2T4R753C4187VB104.h5,104.0,0.6913793103448228,0.1999999999796989,late,2
T4,M2,754,104,4191,M2T4R754C4191VB104.h5,104.28571428571429,0.6933497536945765,0.21999999997767034,late,2
T4,M2,755,105,4212,M2T4R755C4212VB105.h5,104.71428571428571,0.696305418719207,0.21999999997767258,late,2
T4,M2,756,105,4216,M2T4R756C4216VB105.h5,105.0,0.6982758620689608,0.23999999997563956,late,2
T4,M2,757,105,4219,M2T4R757C4219VB105.h5,105.28571428571429,0.7002463054187145,0.25999999997360873,late,2
T4,M2,758,106,4223,M2T4R758C4223VB106.h5,105.71428571428571,0.7032019704433449,0.259999999973611,late,2
T4,M2,759,106,4227,M2T4R759C4227VB106.h5,106.14285714285714,0.7061576354679754,0.2999999999695494,late,2
T4,M2,760,106,4231,M2T4R760C4231VB106.h5,106.57142857142857,0.709113300492606,0.31999999996751866,late,2
T4,M2,761,107,4235,M2T4R761C4235VB107.h5,107.14285714285714,0.7130541871921133,0.3199999999675209,late,2
T4,M2,762,108,4257,M2T4R762C4257VB108.h5,107.57142857142857,0.7160098522167438,0.3399999999654901,late,2
T4,M2,763,108,4260,M2T4R763C4260VB108.h5,108.0,0.7189655172413744,0.3399999999654901,late,2
T4,M2,764,109,4264,M2T4R764C4264VB109.h5,108.57142857142857,0.7229064039408817,0.2999999999695517,late,2
T4,M2,765,109,4268,M2T4R765C4268VB109.h5,109.0,0.7258620689655123,0.2799999999715802,late,2
T4,M2,766,109,4272,M2T4R766C4272VB109.h5,109.28571428571429,0.727832512315266,0.259999999973611,late,2
T4,M2,767,110,4276,M2T4R767C4276VB110.h5,109.57142857142857,0.7298029556650196,0.21999999997767034,late,2
T4,M2,768,110,4280,M2T4R768C4280VB110.h5,109.85714285714286,0.7317733990147733,0.1999999999796989,late,2
T4,M2,769,110,4283,M2T4R769C4283VB110.h5,110.14285714285714,0.7337438423645269,0.19999999997969659,late,2
T4,M2,770,110,4287,M2T4R770C4287VB110.h5,110.42857142857143,0.7357142857142807,0.1999999999796989,late,2
T4,M2,771,111,4291,M2T4R771C4291VB111.h5,110.71428571428571,0.7376847290640343,0.21999999997767034,late,2
T4,M2,772,111,4295,M2T4R772C4295VB111.h5,111.0,0.739655172413788,0.259999999973611,late,2
T4,M2,773,111,4299,M2T4R773C4299VB111.h5,111.42857142857143,0.7426108374384186,0.2799999999715802,late,2
T4,M2,774,112,4303,M2T4R774C4303VB112.h5,112.0,0.7465517241379259,0.2999999999695517,late,2
T4,M2,775,112,4307,M2T4R775C4307VB112.h5,112.42857142857143,0.7495073891625564,0.33999999996549235,late,2
T4,M2,776,113,4327,M2T4R776C4327VB113.h5,112.85714285714286,0.752463054187187,0.3399999999654901,late,2
T4,M2,777,114,4330,M2T4R777C4330VB114.h5,113.42857142857143,0.7564039408866944,0.3199999999675209,late,2
T4,M2,778,114,4334,M2T4R778C4334VB114.h5,113.85714285714286,0.7593596059113249,0.2999999999695494,late,2
T4,M2,779,114,4338,M2T4R779C4338VB114.h5,114.28571428571429,0.7623152709359554,0.2999999999695494,late,2
T4,M2,780,115,4342,M2T4R780C4342VB115.h5,114.57142857142857,0.764285714285709,0.279999999971578,late,2
T4,M2,781,115,4346,M2T4R781C4346VB115.h5,115.0,0.7672413793103395,0.2999999999695494,late,2
T4,M2,782,115,4350,M2T4R782C4350VB115.h5,115.42857142857143,0.77019704433497,0.2999999999695494,late,2
T4,M2,783,115,4354,M2T4R783C4354VB115.h5,116.0,0.7741379310344775,0.3199999999675209,late,2
T4,M2,784,117,4375,M2T4R784C4375VB117.h5,116.42857142857143,0.777093596059108,0.3199999999675209,late,2
T4,M2,785,117,4379,M2T4R785C4379VB117.h5,116.85714285714286,0.7800492610837385,0.33999999996549235,late,2
T4,M2,786,118,4383,M2T4R786C4383VB118.h5,117.28571428571429,0.783004926108369,0.3199999999675209,late,2
T4,M2,787,118,4386,M2T4R787C4386VB118.h5,117.85714285714286,0.7869458128078765,0.3399999999654901,late,2
T4,M2,788,118,4390,M2T4R788C4390VB118.h5,118.28571428571429,0.789901477832507,0.3399999999654901,late,2
T4,M2,789,118,4394,M2T4R789C4394VB118.h5,118.85714285714286,0.7938423645320143,0.33999999996548785,late,2
T4,M2,790,119,4398,M2T4R790C4398VB119.h5,119.28571428571429,0.7967980295566448,0.31999999996751866,late,2
T4,M2,791,120,4420,M2T4R791C4420VB120.h5,119.71428571428571,0.7997536945812752,0.33999999996548785,late,2
T4,M2,792,121,4424,M2T4R792C4424VB121.h5,120.14285714285714,0.8027093596059058,0.31999999996751866,late,2
T4,M2,793,121,4427,M2T4R793C4427VB121.h5,120.71428571428571,0.8066502463054132,0.2999999999695494,late,2
T4,M2,794,121,4431,M2T4R794C4431VB121.h5,121.14285714285714,0.8096059113300437,0.2799999999715802,late,2
T4,M2,795,121,4435,M2T4R795C4435VB121.h5,121.42857142857143,0.8115763546797974,0.25999999997360873,late,2
T4,M2,796,122,4439,M2T4R796C4439VB122.h5,121.71428571428571,0.813546798029551,0.21999999997767258,late,2
T4,M2,797,122,4443,M2T4R797C4443VB122.h5,122.0,0.8155172413793047,0.19999999997970114,late,2
T4,M2,798,122,4447,M2T4R798C4447VB122.h5,122.28571428571429,0.8174876847290585,0.19999999997970114,late,2
T4,M2,799,123,4450,M2T4R799C4450VB123.h5,122.57142857142857,0.8194581280788121,0.19999999997970114,late,2
T4,M2,800,123,4454,M2T4R800C4454VB123.h5,122.85714285714286,0.8214285714285658,0.21999999997767034,late,2
T4,M2,801,123,4458,M2T4R801C4458VB123.h5,123.14285714285714,0.8233990147783194,0.2399999999756373,late,2
T4,M2,802,123,4462,M2T4R802C4462VB123.h5,123.57142857142857,0.82635467980295,0.259999999973611,late,2
T4,M2,803,124,4466,M2T4R803C4466VB124.h5,124.0,0.8293103448275805,0.2799999999715802,late,2
T4,M2,804,124,4470,M2T4R804C4470VB124.h5,124.42857142857143,0.8322660098522111,0.3199999999675209,late,2
T4,M2,805,125,4490,M2T4R805C4490VB125.h5,124.85714285714286,0.8352216748768416,0.3199999999675209,late,2
T4,M2,806,126,4494,M2T4R806C4494VB126.h5,125.42857142857143,0.8391625615763489,0.3199999999675209,late,2
T4,M2,807,126,4497,M2T4R807C4497VB126.h5,125.85714285714286,0.8421182266009795,0.2999999999695472,late,2
T4,M2,808,126,4501,M2T4R808C4501VB126.h5,126.28571428571429,0.84507389162561,0.2799999999715802,late,2
T4,M2,809,127,4505,M2T4R809C4505VB127.h5,126.57142857142857,0.8470443349753636,0.23999999997563956,late,2
T4,M2,810,127,4509,M2T4R810C4509VB127.h5,126.85714285714286,0.8490147783251174,0.21999999997767034,late,2
T4,M2,811,127,4513,M2T4R811C4513VB127.h5,127.14285714285714,0.850985221674871,0.1999999999796989,late,2
T4,M2,812,127,4517,M2T4R812C4517VB127.h5,127.42857142857143,0.8529556650246247,0.19999999997970114,late,2
T4,M2,813,128,4540,M2T4R813C4540VB128.h5,127.71428571428571,0.8549261083743783,0.19999999997969659,late,2
T4,M2,814,128,4544,M2T4R814C4544VB128.h5,128.0,0.856896551724132,0.19999999997970114,late,2
T4,M2,815,128,4548,M2T4R815C4548VB128.h5,128.28571428571428,0.8588669950738856,0.17999999998172964,late,2
T4,M2,816,129,4552,M2T4R816C4552VB129.h5,128.57142857142858,0.8608374384236395,0.15999999998376044,late,2
T4,M2,817,129,4556,M2T4R817C4556VB129.h5,128.71428571428572,0.8618226600985163,0.13999999998579124,late,2
T4,M2,818,129,4559,M2T4R818C4559VB129.h5,128.85714285714286,0.8628078817733931,0.0999999999898528,late,2
T4,M2,819,129,4563,M2T4R819C4563VB129.h5,129.0,0.86379310344827,0.05999999999390989,late,2
T4,M2,820,129,4585,M2T4R820C4585VB129.h5,129.0,0.86379310344827,0.05999999999390989,late,2
T4,M2,821,129,4589,M2T4R821C4589VB129.h5,129.0,0.86379310344827,0.05999999999390989,late,2
T4,M2,822,129,4593,M2T4R822C4593VB129.h5,129.14285714285714,0.8647783251231468,0.05999999999390763,late,2
T4,M2,823,129,4597,M2T4R823C4597VB129.h5,129.28571428571428,0.8657635467980236,0.07999999999188136,late,2
T4,M2,824,129,4600,M2T4R824C4600VB129.h5,129.42857142857142,0.8667487684729004,0.09999999998985057,late,2
T4,M2,825,130,4604,M2T4R825C4604VB130.h5,129.57142857142858,0.8677339901477774,0.09999999998985057,late,2
T4,M2,826,130,4608,M2T4R826C4608VB130.h5,129.71428571428572,0.8687192118226542,0.09999999998985057,late,2
T4,M2,827,130,4612,M2T4R827C4612VB130.h5,129.85714285714286,0.869704433497531,0.07999999999188136,late,2
T4,M2,828,130,4616,M2T4R828C4616VB130.h5,130.0,0.8706896551724078,0.05999999999390763,late,2
T4,M2,829,130,4620,M2T4R829C4620VB130.h5,130.0,0.8706896551724078,0.05999999999390763,late,2
T4,M2,830,130,4623,M2T4R830C4623VB130.h5,130.0,0.8706896551724078,0.05999999999390763,late,2
T4,M2,831,130,4627,M2T4R831C4627VB130.h5,130.14285714285714,0.8716748768472846,0.05999999999390763,late,2
T4,M2,832,130,4631,M2T4R832C4631VB130.h5,130.28571428571428,0.8726600985221614,0.07999999999188136,late,2
T4,M2,833,130,4635,M2T4R833C4635VB130.h5,130.42857142857142,0.8736453201970382,0.09999999998985057,late,2
T4,M2,834,131,4655,M2T4R834C4655VB131.h5,130.57142857142858,0.8746305418719152,0.09999999998985057,late,2
T4,M2,835,131,4659,M2T4R835C4659VB131.h5,130.71428571428572,0.875615763546792,0.09999999998985057,late,2
T4,M2,836,131,4663,M2T4R836C4663VB131.h5,130.85714285714286,0.8766009852216688,0.07999999999188136,late,2
T4,M2,837,131,4667,M2T4R837C4667VB131.h5,131.0,0.8775862068965457,0.0799999999918791,late,2
T4,M2,838,131,4670,M2T4R838C4670VB131.h5,131.0,0.8775862068965457,0.0799999999918791,late,2
T4,M2,839,131,4674,M2T4R839C4674VB131.h5,131.14285714285714,0.8785714285714226,0.0799999999918791,late,2
T4,M2,840,131,4678,M2T4R840C4678VB131.h5,131.28571428571428,0.8795566502462994,0.07999999999188359,late,2
T4,M2,841,131,4682,M2T4R841C4682VB131.h5,131.42857142857142,0.8805418719211762,0.11999999998782201,late,2
T4,M2,842,132,4705,M2T4R842C4705VB132.h5,131.57142857142858,0.8815270935960532,0.139999999985789,late,2
T4,M2,843,132,4709,M2T4R843C4709VB132.h5,131.85714285714286,0.8834975369458068,0.1599999999837582,late,2
T4,M2,844,132,4713,M2T4R844C4713VB132.h5,132.14285714285714,0.8854679802955604,0.1799999999817319,late,2
T4,M2,845,132,4717,M2T4R845C4717VB132.h5,132.42857142857142,0.887438423645314,0.19999999997969659,late,2
T4,M2,846,133,4721,M2T4R846C4721VB133.h5,132.71428571428572,0.8894088669950678,0.1999999999796989,late,2
T4,M2,847,133,4725,M2T4R847C4725VB133.h5,133.0,0.8913793103448214,0.19999999997970339,late,2
T4,M2,848,133,4728,M2T4R848C4728VB133.h5,133.28571428571428,0.8933497536945751,0.17999999998173416,late,2
T4,M2,849,134,4750,M2T4R849C4750VB134.h5,133.57142857142858,0.895320197044329,0.17999999998172964,late,2
T4,M2,850,134,4754,M2T4R850C4754VB134.h5,133.71428571428572,0.8963054187192058,0.17999999998172964,late,2
T4,M2,851,134,4758,M2T4R851C4758VB134.h5,134.0,0.8982758620689594,0.1599999999837582,late,2
T4,M2,852,134,4762,M2T4R852C4762VB134.h5,134.28571428571428,0.900246305418713,0.139999999985789,late,2
T4,M2,853,134,4765,M2T4R853C4765VB134.h5,134.42857142857142,0.9012315270935898,0.139999999985789,late,2
T4,M2,854,135,4769,M2T4R854C4769VB135.h5,134.57142857142858,0.9022167487684668,0.11999999998781978,late,2
T4,M2,855,135,4773,M2T4R855C4773VB135.h5,134.71428571428572,0.9032019704433436,0.11999999998781978,late,2
T4,M2,856,135,4777,M2T4R856C4777VB135.h5,134.85714285714286,0.9041871921182204,0.11999999998781978,late,2
T4,M2,857,135,4781,M2T4R857C4781VB135.h5,135.14285714285714,0.906157635467974,0.1199999999878175,late,2
T4,M2,858,135,4785,M2T4R858C4785VB135.h5,135.28571428571428,0.9071428571428508,0.13999999998579124,late,2
T4,M2,859,135,4788,M2T4R859C4788VB135.h5,135.42857142857142,0.9081280788177277,0.15999999998376044,late,2
T4,M2,860,136,4792,M2T4R860C4792VB136.h5,135.71428571428572,0.9100985221674815,0.15999999998376044,late,2
T4,M2,861,136,4796,M2T4R861C4796VB136.h5,136.0,0.9120689655172352,0.17999999998173416,late,2
T4,M2,862,136,4800,M2T4R862C4800VB136.h5,136.28571428571428,0.9140394088669888,0.1799999999817319,late,2
T4,M2,863,137,4820,M2T4R863C4820VB137.h5,136.57142857142858,0.9160098522167426,0.17999999998172742,late,2
T4,M2,864,137,4824,M2T4R864C4824VB137.h5,136.71428571428572,0.9169950738916194,0.17999999998172742,late,2
T4,M2,865,137,4828,M2T4R865C4828VB137.h5,137.0,0.918965517241373,0.1599999999837582,late,2
T4,M2,866,137,4832,M2T4R866C4832VB137.h5,137.28571428571428,0.9209359605911266,0.1599999999837582,late,2
T4,M2,867,137,4836,M2T4R867C4836VB137.h5,137.42857142857142,0.9219211822660034,0.17999999998172964,late,2
T4,M2,868,138,4839,M2T4R868C4839VB138.h5,137.71428571428572,0.9238916256157572,0.17999999998172964,late,2
T4,M2,869,138,4843,M2T4R869C4843VB138.h5,138.0,0.9258620689655109,0.17999999998173416,late,2
T4,M2,870,138,4847,M2T4R870C4847VB138.h5,138.28571428571428,0.9278325123152645,0.17999999998173416,late,2
T4,M2,871,139,4866,M2T4R871C4866VB139.h5,138.57142857142858,0.9298029556650184,0.15999999998376044,late,2
T4,M2,872,139,4870,M2T4R872C4870VB139.h5,138.71428571428572,0.9307881773398952,0.1599999999837582,late,2
T4,M2,873,139,4874,M2T4R873C4874VB139.h5,138.85714285714286,0.931773399014772,0.139999999985789,late,2
T4,M2,874,139,4878,M2T4R874C4878VB139.h5,139.14285714285714,0.9337438423645256,0.139999999985789,late,2
T4,M2,875,139,4882,M2T4R875C4882VB139.h5,139.28571428571428,0.9347290640394024,0.1599999999837582,late,2
T4,M2,876,139,4886,M2T4R876C4886VB139.h5,139.57142857142858,0.9366995073891562,0.17999999998172964,late,2
T4,M2,877,140,4889,M2T4R877C4889VB140.h5,139.85714285714286,0.9386699507389098,0.17999999998172964,late,2
T4,M2,878,140,4911,M2T4R878C4911VB140.h5,140.14285714285714,0.9406403940886635,0.19999999997970339,late,2
T4,M2,879,141,4915,M2T4R879C4915VB141.h5,140.42857142857142,0.9426108374384171,0.17999999998172964,late,2
T4,M2,880,141,4919,M2T4R880C4919VB141.h5,140.71428571428572,0.9445812807881709,0.17999999998172964,late,2
T4,M2,881,141,4923,M2T4R881C4923VB141.h5,140.85714285714286,0.9455665024630477,0.1599999999837582,late,2
T4,M2,882,141,4926,M2T4R882C4926VB141.h5,141.14285714285714,0.9475369458128013,0.139999999985789,late,2
T4,M2,883,141,4930,M2T4R883C4930VB141.h5,141.28571428571428,0.9485221674876781,0.11999999998781978,late,2
T4,M2,884,141,4934,M2T4R884C4934VB141.h5,141.42857142857142,0.949507389162555,0.11999999998781978,late,2
T4,M2,885,142,4938,M2T4R885C4938VB142.h5,141.57142857142858,0.950492610837432,0.09999999998985057,late,2
T4,M2,886,142,4942,M2T4R886C4942VB142.h5,141.71428571428572,0.9514778325123088,0.11999999998782201,late,2
T4,M2,887,142,4946,M2T4R887C4946VB142.h5,141.85714285714286,0.9524630541871856,0.11999999998782201,late,2
T4,M2,888,142,4949,M2T4R888C4949VB142.h5,142.14285714285714,0.9544334975369393,0.1199999999878175,late,2
T4,M2,889,142,4953,M2T4R889C4953VB142.h5,142.28571428571428,0.9554187192118161,0.13999999998579124,late,2
T4,M2,890,142,4957,M2T4R890C4957VB142.h5,142.42857142857142,0.9564039408866929,0.15999999998376044,late,2
T4,M2,891,143,4961,M2T4R891C4961VB143.h5,142.71428571428572,0.9583743842364467,0.1599999999837582,late,2
T4,M2,892,143,4981,M2T4R892C4981VB143.h5,143.0,0.9603448275862003,0.1799999999817319,late,2
T4,M2,893,143,4985,M2T4R893C4985VB143.h5,143.28571428571428,0.9623152709359539,0.1799999999817319,late,2
T4,M2,894,144,4989,M2T4R894C4989VB144.h5,143.57142857142858,0.9642857142857078,0.1599999999837582,late,2
T4,M2,895,144,4993,M2T4R895C4993VB144.h5,143.71428571428572,0.9652709359605846,0.1599999999837582,late,2
T4,M2,896,144,4997,M2T4R896C4997VB144.h5,143.85714285714286,0.9662561576354614,0.13999999998579124,late,2
T4,M2,897,144,5000,M2T4R897C5000VB144.h5,144.14285714285714,0.968226600985215,0.1199999999878175,late,2
T4,M2,898,144,5004,M2T4R898C5004VB144.h5,144.28571428571428,0.9692118226600919,0.11999999998781978,late,2
T4,M2,899,144,5008,M2T4R899C5008VB144.h5,144.42857142857142,0.9701970443349687,0.11999999998782201,late,2
T4,M2,900,145,5029,M2T4R900C5029VB145.h5,144.57142857142858,0.9711822660098456,0.11999999998782201,late,2
T4,M2,901,145,5033,M2T4R901C5033VB145.h5,144.71428571428572,0.9721674876847225,0.139999999985789,late,2
T4,M2,902,145,5037,M2T4R902C5037VB145.h5,145.0,0.9741379310344761,0.139999999985789,late,2
T4,M2,903,145,5041,M2T4R903C5041VB145.h5,145.28571428571428,0.9761083743842297,0.13999999998579124,late,2
T4,M2,904,145,5045,M2T4R904C5045VB145.h5,145.42857142857142,0.9770935960591065,0.139999999985789,late,2
T4,M2,905,146,5049,M2T4R905C5049VB146.h5,145.57142857142858,0.9780788177339835,0.139999999985789,late,2
T4,M2,906,146,5052,M2T4R906C5052VB146.h5,145.71428571428572,0.9790640394088603,0.139999999985789,late,2
T4,M2,907,146,5074,M2T4R907C5074VB146.h5,146.0,0.9810344827586139,0.13999999998579124,late,2
T4,M2,908,146,5078,M2T4R908C5078VB146.h5,146.28571428571428,0.9830049261083675,0.139999999985789,late,2
T4,M2,909,146,5082,M2T4R909C5082VB146.h5,146.42857142857142,0.9839901477832445,0.139999999985789,late,2
T4,M2,910,147,5086,M2T4R910C5086VB147.h5,146.57142857142858,0.9849753694581214,0.11999999998782201,late,2
T4,M2,911,147,5089,M2T4R911C5089VB147.h5,146.71428571428572,0.9859605911329982,0.0999999999898528,late,2
T4,M2,912,147,5093,M2T4R912C5093VB147.h5,146.85714285714286,0.9869458128078751,0.07999999999188136,late,2
T4,M2,913,147,5097,M2T4R913C5097VB147.h5,147.0,0.9879310344827519,0.05999999999390989,late,2
T4,M2,914,147,5101,M2T4R914C5101VB147.h5,147.0,0.9879310344827519,0.03999999999594068,late,2
T4,M2,915,147,5105,M2T4R915C5105VB147.h5,147.0,0.9879310344827519,0.03999999999593842,late,2
T4,M2,916,147,5109,M2T4R916C5109VB147.h5,147.0,0.9879310344827519,0.03999999999593842,late,2
T4,M2,917,147,5113,M2T4R917C5113VB147.h5,147.14285714285714,0.9889162561576287,0.05999999999390763,late,2
T4,M2,918,147,5116,M2T4R918C5116VB147.h5,147.28571428571428,0.9899014778325055,0.07999999999188136,late,2
T4,M2,919,147,5120,M2T4R919C5120VB147.h5,147.42857142857142,0.9908866995073823,0.09999999998985057,late,2
T4,M2,920,148,5124,M2T4R920C5124VB148.h5,147.57142857142858,0.9918719211822593,0.09999999998985057,late,2
T4,M2,921,148,5144,M2T4R921C5144VB148.h5,147.71428571428572,0.9928571428571361,0.11999999998781978,late,2
T4,M2,922,148,5148,M2T4R922C5148VB148.h5,147.85714285714286,0.9938423645320129,0.11999999998781978,late,2
T4,M2,923,148,5152,M2T4R923C5152VB148.h5,148.14285714285714,0.9958128078817665,0.11999999998781526,late,2
T4,M2,924,148,5156,M2T4R924C5156VB148.h5,148.28571428571428,0.9967980295566433,0.10999999998883404,late,2
T4,M2,925,148,5160,M2T4R925C5160VB148.h5,148.42857142857142,0.9977832512315201,0.10399999998944215,late,2
T4,M2,926,149,5163,M2T4R926C5163VB149.h5,148.5,0.9982758620689587,0.08499999999137309,late,2
T4,M2,927,149,5167,M2T4R927C5167VB149.h5,148.6,0.9989655172413724,0.08124999999175485,late,2
T4,M2,928,149,5171,M2T4R928C5171VB149.h5,148.75,0.9999999999999931,0.07499999999239111,late,2
T5,M2,1,3,11,M2T5R1C11VB3.h5,3.75,0.0,0.21388888886729152,early,0
T5,M2,2,3,15,M2T5R2C15VB3.h5,4.2,0.0031195840554592517,0.24374999997538738,early,0
T5,M2,3,4,19,M2T5R3C19VB4.h5,4.666666666666667,0.006354708261120698,0.37499999996213434,early,0
T5,M2,4,5,23,M2T5R4C23VB5.h5,5.142857142857143,0.009655855409754825,0.5749999999419393,early,0
T5,M2,5,6,27,M2T5R5C27VB6.h5,6.428571428571429,0.01856895271106697,0.7119999999281056,early,0
T5,M2,6,7,30,M2T5R6C30VB7.h5,7.857142857142857,0.02847239415696935,0.8466666665811742,early,0
T5,M2,7,8,34,M2T5R7C34VB8.h5,9.285714285714286,0.038375835602871736,0.9799999999010442,early,0
T5,M2,8,12,56,M2T5R8C56VB12.h5,10.714285714285714,0.04827927704877411,0.999999999899025,early,0
T5,M2,9,13,59,M2T5R9C59VB13.h5,12.142857142857142,0.058182718494676496,0.999999999899025,early,0
T5,M2,10,14,63,M2T5R10C63VB14.h5,13.571428571428571,0.06808615994057889,0.9199999999071028,early,0
T5,M2,11,15,67,M2T5R11C67VB15.h5,15.0,0.07798960138648127,0.839999999915181,early,0
T5,M2,12,16,71,M2T5R12C71VB16.h5,15.857142857142858,0.0839316662540227,0.7599999999232592,early,0
T5,M2,13,17,75,M2T5R13C75VB17.h5,16.714285714285715,0.08987373112156413,0.6799999999313365,early,0
T5,M2,14,18,78,M2T5R14C78VB18.h5,17.571428571428573,0.09581579598910557,0.5999999999394147,early,0
T5,M2,15,18,82,M2T5R15C82VB18.h5,18.428571428571427,0.10175786085664697,0.5999999999394149,early,0
T5,M2,16,19,86,M2T5R16C86VB19.h5,19.285714285714285,0.1076999257241884,0.5999999999394147,early,0
T5,M2,17,20,90,M2T5R17C90VB20.h5,20.142857142857142,0.11364199059172984,0.6799999999313363,early,0
T5,M2,18,21,94,M2T5R18C94VB21.h5,21.0,0.11958405545927127,0.7599999999232595,early,0
T5,M2,19,22,98,M2T5R19C98VB22.h5,22.428571428571427,0.12948749690517364,0.8399999999151807,early,0
T5,M2,20,23,101,M2T5R20C101VB23.h5,23.857142857142858,0.13939093835107605,0.9199999999071032,early,0
T5,M2,21,24,105,M2T5R21C105VB24.h5,25.285714285714285,0.1492943797969784,0.9799999999010442,early,0
T5,M2,22,28,125,M2T5R22C125VB28.h5,26.714285714285715,0.15919782124288082,0.9599999999030643,early,0
T5,M2,23,29,129,M2T5R23C129VB29.h5,28.0,0.16811091854419294,0.9399999999050832,early,0
T5,M2,24,30,133,M2T5R24C133VB30.h5,29.285714285714285,0.1770240158455051,0.8599999999131616,early,0
T5,M2,25,31,136,M2T5R25C136VB31.h5,30.571428571428573,0.18593711314681724,0.79999999991922,early,0
T5,M2,26,31,140,M2T5R26C140VB31.h5,31.428571428571427,0.19187917801435866,0.7399999999252783,early,0
T5,M2,27,32,144,M2T5R27C144VB32.h5,32.42857142857143,0.19881158702649035,0.6799999999313376,early,0
T5,M2,28,33,148,M2T5R28C148VB33.h5,33.285714285714285,0.20475365189403175,0.6199999999373954,early,0
T5,M2,29,34,152,M2T5R29C152VB34.h5,34.142857142857146,0.21069571676157323,0.5999999999394149,early,0
T5,M2,30,36,172,M2T5R30C172VB36.h5,35.0,0.21663778162911462,0.5399999999454733,early,0
T5,M2,31,36,176,M2T5R31C176VB36.h5,35.714285714285715,0.22158950235206581,0.47999999995153264,early,0
T5,M2,32,37,179,M2T5R32C179VB37.h5,36.285714285714285,0.22555087893042677,0.3999999999596094,early,0
T5,M2,33,37,183,M2T5R33C183VB37.h5,36.714285714285715,0.2285219113641975,0.31999999996768785,early,0
T5,M2,34,37,187,M2T5R34C187VB37.h5,37.0,0.23050259965337797,0.23999999997576632,early,0
T5,M2,35,37,191,M2T5R35C191VB37.h5,37.285714285714285,0.23248328794255843,0.199999999979805,early,0
T5,M2,36,37,195,M2T5R36C195VB37.h5,37.42857142857143,0.2334736320871487,0.17999999998182403,early,0
T5,M2,37,38,216,M2T5R37C216VB38.h5,37.714285714285715,0.23545432037632916,0.17999999998182403,early,0
T5,M2,38,38,220,M2T5R38C220VB38.h5,38.0,0.23743500866550962,0.17999999998182403,early,0
T5,M2,39,38,224,M2T5R39C224VB38.h5,38.285714285714285,0.2394156969546901,0.17999999998182403,early,0
T5,M2,40,39,228,M2T5R40C228VB39.h5,38.57142857142857,0.24139638524387055,0.15999999998384365,early,0
T5,M2,41,39,231,M2T5R41C231VB39.h5,38.714285714285715,0.24238672938846081,0.1599999999838448,early,0
T5,M2,42,39,235,M2T5R42C235VB39.h5,38.857142857142854,0.24337707353305105,0.13999999998586382,early,0
T5,M2,43,39,239,M2T5R43C239VB39.h5,39.142857142857146,0.24535776182223157,0.11999999998788399,early,0
T5,M2,44,39,243,M2T5R44C243VB39.h5,39.285714285714285,0.24634810596682177,0.11999999998788288,early,0
T5,M2,45,39,247,M2T5R45C247VB39.h5,39.42857142857143,0.24733845011141203,0.11999999998788345,early,0
T5,M2,46,40,250,M2T5R46C250VB40.h5,39.57142857142857,0.24832879425600224,0.11999999998788233,early,0
T5,M2,47,40,254,M2T5R47C254VB40.h5,39.714285714285715,0.2493191384005925,0.13999999998586327,early,0
T5,M2,48,40,258,M2T5R48C258VB40.h5,40.0,0.25129982668977296,0.13999999998586327,early,0
T5,M2,49,40,262,M2T5R49C262VB40.h5,40.285714285714285,0.25328051497895343,0.1599999999838442,early,0
T5,M2,50,40,266,M2T5R50C266VB40.h5,40.42857142857143,0.2542708591235437,0.17999999998182403,early,0
T5,M2,51,41,285,M2T5R51C285VB41.h5,40.714285714285715,0.25625154741272416,0.17999999998182403,early,0
T5,M2,52,41,289,M2T5R52C289VB41.h5,41.0,0.2582322357019046,0.17999999998182403,early,0
T5,M2,53,41,293,M2T5R53C293VB41.h5,41.285714285714285,0.2602129239910851,0.17999999998182403,early,0
T5,M2,54,42,297,M2T5R54C297VB42.h5,41.57142857142857,0.26219361228026555,0.17999999998182403,early,0
T5,M2,55,42,301,M2T5R55C301VB42.h5,41.714285714285715,0.2631839564248558,0.17999999998182403,early,0
T5,M2,56,42,304,M2T5R56C304VB42.h5,42.0,0.2651646447140363,0.1599999999838442,early,0
T5,M2,57,42,308,M2T5R57C308VB42.h5,42.285714285714285,0.26714533300321675,0.1399999999858644,early,0
T5,M2,58,42,312,M2T5R58C312VB42.h5,42.42857142857143,0.268135677147807,0.13999999998586327,early,0
T5,M2,59,43,332,M2T5R59C332VB43.h5,42.57142857142857,0.26912602129239727,0.11999999998788345,early,0
T5,M2,60,43,336,M2T5R60C336VB43.h5,42.714285714285715,0.27011636543698747,0.09999999998990362,early,0
T5,M2,61,43,340,M2T5R61C340VB43.h5,42.857142857142854,0.27110670958157773,0.09999999998990362,early,0
T5,M2,62,43,344,M2T5R62C344VB43.h5,43.0,0.272097053726168,0.0999999999899025,early,0
T5,M2,63,43,348,M2T5R63C348VB43.h5,43.142857142857146,0.27308739787075825,0.09999999998990362,early,0
T5,M2,64,43,351,M2T5R64C351VB43.h5,43.285714285714285,0.27407774201534846,0.0999999999899025,early,0
T5,M2,65,43,355,M2T5R65C355VB43.h5,43.42857142857143,0.2750680861599387,0.0999999999899025,early,0
T5,M2,66,44,377,M2T5R66C377VB44.h5,43.57142857142857,0.2760584303045289,0.11999999998788233,early,0
T5,M2,67,44,381,M2T5R67C381VB44.h5,43.714285714285715,0.2770487744491192,0.13999999998586327,early,0
T5,M2,68,44,384,M2T5R68C384VB44.h5,44.0,0.27902946273829965,0.13999999998586327,early,0
T5,M2,69,44,388,M2T5R69C388VB44.h5,44.285714285714285,0.2810101510274801,0.13999999998586327,early,0
T5,M2,70,44,392,M2T5R70C392VB44.h5,44.42857142857143,0.2820004951720704,0.13999999998586327,early,0
T5,M2,71,45,396,M2T5R71C396VB45.h5,44.57142857142857,0.2829908393166606,0.11999999998788233,early,0
T5,M2,72,45,400,M2T5R72C400VB45.h5,44.714285714285715,0.28398118346125084,0.0999999999899025,early,0
T5,M2,73,45,403,M2T5R73C403VB45.h5,44.857142857142854,0.28497152760584105,0.07999999999192155,early,0
T5,M2,74,45,407,M2T5R74C407VB45.h5,45.0,0.2859618717504313,0.059999999993941726,early,0
T5,M2,75,45,411,M2T5R75C411VB45.h5,45.0,0.2859618717504313,0.059999999993941726,early,0
T5,M2,76,45,415,M2T5R76C415VB45.h5,45.0,0.2859618717504313,0.059999999993941726,early,0
T5,M2,77,45,419,M2T5R77C419VB45.h5,45.142857142857146,0.28695221589502157,0.059999999993941726,early,0
T5,M2,78,45,422,M2T5R78C422VB45.h5,45.285714285714285,0.2879425600396118,0.07999999999192155,early,0
T5,M2,79,45,426,M2T5R79C426VB45.h5,45.42857142857143,0.28893290418420203,0.0999999999899025,early,0
T5,M2,80,46,446,M2T5R80C446VB46.h5,45.57142857142857,0.28992324832879224,0.09999999998990136,early,0
T5,M2,81,46,450,M2T5R81C450VB46.h5,45.714285714285715,0.2909135924733825,0.11999999998788345,early,0
T5,M2,82,46,454,M2T5R82C454VB46.h5,45.857142857142854,0.2919039366179727,0.11999999998788233,early,0
T5,M2,83,46,458,M2T5R83C458VB46.h5,46.142857142857146,0.2938846249071532,0.11999999998788345,early,0
T5,M2,84,46,461,M2T5R84C461VB46.h5,46.285714285714285,0.29487496905174343,0.11999999998788233,early,0
T5,M2,85,46,465,M2T5R85C465VB46.h5,46.42857142857143,0.2958653131963337,0.11999999998788345,early,0
T5,M2,86,47,469,M2T5R86C469VB47.h5,46.57142857142857,0.2968556573409239,0.09999999998990136,early,0
T5,M2,87,47,473,M2T5R87C473VB47.h5,46.714285714285715,0.29784600148551416,0.0999999999899025,early,0
T5,M2,88,47,493,M2T5R88C493VB47.h5,46.857142857142854,0.29883634563010436,0.07999999999192155,early,0
T5,M2,89,47,497,M2T5R89C497VB47.h5,47.0,0.2998266897746946,0.059999999993941726,early,0
T5,M2,90,47,501,M2T5R90C501VB47.h5,47.0,0.2998266897746946,0.059999999993941726,early,0
T5,M2,91,47,505,M2T5R91C505VB47.h5,47.0,0.2998266897746946,0.059999999993941726,early,0
T5,M2,92,47,509,M2T5R92C509VB47.h5,47.142857142857146,0.3008170339192849,0.059999999993941726,early,0
T5,M2,93,47,512,M2T5R93C512VB47.h5,47.285714285714285,0.3018073780638751,0.07999999999192155,early,0
T5,M2,94,47,516,M2T5R94C516VB47.h5,47.42857142857143,0.30279772220846535,0.0999999999899025,early,0
T5,M2,95,48,538,M2T5R95C538VB48.h5,47.57142857142857,0.30378806635305555,0.0999999999899025,early,0
T5,M2,96,48,541,M2T5R96C541VB48.h5,47.714285714285715,0.3047784104976458,0.09999999998990362,early,0
T5,M2,97,48,545,M2T5R97C545VB48.h5,47.857142857142854,0.3057687546422361,0.07999999999192267,early,0
T5,M2,98,48,549,M2T5R98C549VB48.h5,48.0,0.30675909878682633,0.05999999999394284,early,0
T5,M2,99,48,553,M2T5R99C553VB48.h5,48.0,0.30675909878682633,0.0399999999959619,early,0
T5,M2,100,48,557,M2T5R100C557VB48.h5,48.0,0.30675909878682633,0.01999999999798095,early,0
T5,M2,101,48,561,M2T5R101C561VB48.h5,48.0,0.30675909878682633,0.0,early,0
T5,M2,102,48,564,M2T5R102C564VB48.h5,48.0,0.30675909878682633,0.0,early,0
T5,M2,103,48,568,M2T5R103C568VB48.h5,48.0,0.30675909878682633,0.0,early,0
T5,M2,104,48,572,M2T5R104C572VB48.h5,48.0,0.30675909878682633,0.019999999997979828,early,0
T5,M2,105,48,576,M2T5R105C576VB48.h5,48.0,0.30675909878682633,0.039999999995960774,early,0
T5,M2,106,48,580,M2T5R106C580VB48.h5,48.142857142857146,0.30774944293141654,0.059999999993941726,early,0
T5,M2,107,48,583,M2T5R107C583VB48.h5,48.285714285714285,0.3087397870760068,0.07999999999192155,early,0
T5,M2,108,48,587,M2T5R108C587VB48.h5,48.42857142857143,0.30973013122059706,0.0999999999899025,early,0
T5,M2,109,49,607,M2T5R109C607VB49.h5,48.57142857142857,0.31072047536518727,0.0999999999899025,early,0
T5,M2,110,49,611,M2T5R110C611VB49.h5,48.714285714285715,0.3117108195097775,0.0999999999899025,early,0
T5,M2,111,49,615,M2T5R111C615VB49.h5,48.857142857142854,0.31270116365436773,0.07999999999192155,early,0
T5,M2,112,49,618,M2T5R112C618VB49.h5,49.0,0.313691507798958,0.059999999993941726,early,0
T5,M2,113,49,622,M2T5R113C622VB49.h5,49.0,0.313691507798958,0.039999999995960774,early,0
T5,M2,114,49,626,M2T5R114C626VB49.h5,49.0,0.313691507798958,0.01999999999798095,early,0
T5,M2,115,49,630,M2T5R115C630VB49.h5,49.0,0.313691507798958,0.0,early,0
T5,M2,116,49,634,M2T5R116C634VB49.h5,49.0,0.313691507798958,0.01999999999798095,early,0
T5,M2,117,49,655,M2T5R117C655VB49.h5,49.0,0.313691507798958,0.039999999995960774,early,0
T5,M2,118,49,658,M2T5R118C658VB49.h5,49.142857142857146,0.31468185194354825,0.059999999993941726,early,0
T5,M2,119,49,662,M2T5R119C662VB49.h5,49.285714285714285,0.31567219608813846,0.07999999999192155,early,0
T5,M2,120,49,666,M2T5R120C666VB49.h5,49.42857142857143,0.3166625402327287,0.0999999999899025,early,0
T5,M2,121,50,670,M2T5R121C670VB50.h5,49.57142857142857,0.3176528843773189,0.09999999998990136,early,0
T5,M2,122,50,674,M2T5R122C674VB50.h5,49.714285714285715,0.3186432285219092,0.0999999999899025,early,0
T5,M2,123,50,677,M2T5R123C677VB50.h5,49.857142857142854,0.3196335726664994,0.07999999999192155,early,0
T5,M2,124,50,699,M2T5R124C699VB50.h5,50.0,0.32062391681108965,0.059999999993941726,early,0
T5,M2,125,50,703,M2T5R125C703VB50.h5,50.0,0.32062391681108965,0.039999999995960774,early,0
T5,M2,126,50,706,M2T5R126C706VB50.h5,50.0,0.32062391681108965,0.01999999999798095,early,0
T5,M2,127,50,710,M2T5R127C710VB50.h5,50.0,0.32062391681108965,0.0,early,0
T5,M2,128,50,714,M2T5R128C714VB50.h5,50.0,0.32062391681108965,0.0,early,0
T5,M2,129,50,718,M2T5R129C718VB50.h5,50.0,0.32062391681108965,0.0,early,0
T5,M2,130,50,722,M2T5R130C722VB50.h5,50.0,0.32062391681108965,0.01999999999798095,early,0
T5,M2,131,50,726,M2T5R131C726VB50.h5,50.0,0.32062391681108965,0.039999999995960774,early,0
T5,M2,132,50,729,M2T5R132C729VB50.h5,50.142857142857146,0.3216142609556799,0.059999999993941726,early,0
T5,M2,133,50,733,M2T5R133C733VB50.h5,50.285714285714285,0.3226046051002701,0.07999999999192155,early,0
T5,M2,134,50,737,M2T5R134C737VB50.h5,50.42857142857143,0.3235949492448604,0.0999999999899025,early,0
T5,M2,135,51,741,M2T5R135C741VB51.h5,50.57142857142857,0.3245852933894506,0.09999999998990136,early,0
T5,M2,136,51,745,M2T5R136C745VB51.h5,50.714285714285715,0.32557563753404084,0.0999999999899025,early,0
T5,M2,137,51,748,M2T5R137C748VB51.h5,50.857142857142854,0.32656598167863105,0.07999999999192155,early,0
T5,M2,138,51,768,M2T5R138C768VB51.h5,51.0,0.3275563258232213,0.059999999993941726,early,0
T5,M2,139,51,772,M2T5R139C772VB51.h5,51.0,0.3275563258232213,0.039999999995960774,early,0
T5,M2,140,51,776,M2T5R140C776VB51.h5,51.0,0.3275563258232213,0.01999999999798095,early,0
T5,M2,141,51,780,M2T5R141C780VB51.h5,51.0,0.3275563258232213,0.01999999999798095,early,0
T5,M2,142,51,783,M2T5R142C783VB51.h5,51.0,0.3275563258232213,0.039999999995960774,early,0
T5,M2,143,51,787,M2T5R143C787VB51.h5,51.142857142857146,0.32854666996781157,0.059999999993941726,early,0
T5,M2,144,51,791,M2T5R144C791VB51.h5,51.285714285714285,0.32953701411240177,0.07999999999192155,early,0
T5,M2,145,51,795,M2T5R145C795VB51.h5,51.42857142857143,0.33052735825699203,0.0999999999899025,early,0
T5,M2,146,52,817,M2T5R146C817VB52.h5,51.57142857142857,0.33151770240158224,0.09999999998990136,early,0
T5,M2,147,52,821,M2T5R147C821VB52.h5,51.714285714285715,0.3325080465461725,0.0999999999899025,early,0
T5,M2,148,52,825,M2T5R148C825VB52.h5,51.857142857142854,0.3334983906907627,0.0999999999899025,early,0
T5,M2,149,52,829,M2T5R149C829VB52.h5,52.0,0.33448873483535296,0.0999999999899025,early,0
T5,M2,150,52,832,M2T5R150C832VB52.h5,52.142857142857146,0.3354790789799432,0.0999999999899025,early,0
T5,M2,151,52,836,M2T5R151C836VB52.h5,52.285714285714285,0.33646942312453343,0.0999999999899025,early,0
T5,M2,152,52,840,M2T5R152C840VB52.h5,52.42857142857143,0.3374597672691237,0.0999999999899025,early,0
T5,M2,153,53,862,M2T5R153C862VB53.h5,52.57142857142857,0.3384501114137139,0.0999999999899025,early,0
T5,M2,154,53,865,M2T5R154C865VB53.h5,52.714285714285715,0.33944045555830415,0.0999999999899025,early,0
T5,M2,155,53,869,M2T5R155C869VB53.h5,52.857142857142854,0.3404307997028944,0.07999999999192155,early,0
T5,M2,156,53,873,M2T5R156C873VB53.h5,53.0,0.3414211438474846,0.059999999993941726,early,0
T5,M2,157,53,877,M2T5R157C877VB53.h5,53.0,0.3414211438474846,0.039999999995960774,early,0
T5,M2,158,53,881,M2T5R158C881VB53.h5,53.0,0.3414211438474846,0.019999999997979828,early,0
T5,M2,159,53,885,M2T5R159C885VB53.h5,53.0,0.3414211438474846,0.0,early,0
T5,M2,160,53,888,M2T5R160C888VB53.h5,53.0,0.3414211438474846,0.0,early,0
T5,M2,161,53,892,M2T5R161C892VB53.h5,53.0,0.3414211438474846,0.0,early,0
T5,M2,162,53,896,M2T5R162C896VB53.h5,53.0,0.3414211438474846,0.01999999999798095,early,0
T5,M2,163,53,900,M2T5R163C900VB53.h5,53.0,0.3414211438474846,0.0399999999959619,early,0
T5,M2,164,53,904,M2T5R164C904VB53.h5,53.142857142857146,0.3424114879920749,0.05999999999394284,early,0
T5,M2,165,53,907,M2T5R165C907VB53.h5,53.285714285714285,0.34340183213666514,0.07999999999192267,early,0
T5,M2,166,53,911,M2T5R166C911VB53.h5,53.42857142857143,0.3443921762812554,0.09999999998990362,early,0
T5,M2,167,54,931,M2T5R167C931VB54.h5,53.57142857142857,0.3453825204258456,0.0999999999899025,early,0
T5,M2,168,54,935,M2T5R168C935VB54.h5,53.714285714285715,0.34637286457043587,0.0999999999899025,early,0
T5,M2,169,54,939,M2T5R169C939VB54.h5,53.857142857142854,0.3473632087150261,0.07999999999192155,early,0
T5,M2,170,54,942,M2T5R170C942VB54.h5,54.0,0.34835355285961633,0.07999999999192267,early,0
T5,M2,171,54,946,M2T5R171C946VB54.h5,54.0,0.34835355285961633,0.07999999999192155,early,0
T5,M2,172,54,950,M2T5R172C950VB54.h5,54.142857142857146,0.3493438970042066,0.07999999999192267,early,0
T5,M2,173,54,954,M2T5R173C954VB54.h5,54.285714285714285,0.3503342411487968,0.07999999999192155,early,0
T5,M2,174,54,958,M2T5R174C958VB54.h5,54.42857142857143,0.35132458529338706,0.0999999999899025,early,0
T5,M2,175,55,979,M2T5R175C979VB55.h5,54.57142857142857,0.35231492943797726,0.09999999998990136,early,0
T5,M2,176,55,983,M2T5R176C983VB55.h5,54.714285714285715,0.3533052735825675,0.0999999999899025,early,0
T5,M2,177,55,986,M2T5R177C986VB55.h5,54.857142857142854,0.35429561772715773,0.0999999999899025,early,0
T5,M2,178,55,990,M2T5R178C990VB55.h5,55.0,0.355285961871748,0.0999999999899025,early,0
T5,M2,179,55,994,M2T5R179C994VB55.h5,55.142857142857146,0.35627630601633825,0.0999999999899025,early,0
T5,M2,180,55,998,M2T5R180C998VB55.h5,55.285714285714285,0.35726665016092846,0.0999999999899025,early,0
T5,M2,181,55,1002,M2T5R181C1002VB55.h5,55.42857142857143,0.3582569943055187,0.0999999999899025,early,0
T5,M2,182,56,1023,M2T5R182C1023VB56.h5,55.57142857142857,0.3592473384501089,0.09999999998990136,early,0
T5,M2,183,56,1027,M2T5R183C1027VB56.h5,55.714285714285715,0.3602376825946992,0.0999999999899025,early,0
T5,M2,184,56,1031,M2T5R184C1031VB56.h5,55.857142857142854,0.3612280267392894,0.07999999999192155,early,0
T5,M2,185,56,1035,M2T5R185C1035VB56.h5,56.0,0.36221837088387965,0.059999999993941726,early,0
T5,M2,186,56,1038,M2T5R186C1038VB56.h5,56.0,0.36221837088387965,0.039999999995960774,early,0
T5,M2,187,56,1042,M2T5R187C1042VB56.h5,56.0,0.36221837088387965,0.01999999999798095,early,0
T5,M2,188,56,1046,M2T5R188C1046VB56.h5,56.0,0.36221837088387965,0.0,early,0
T5,M2,189,56,1050,M2T5R189C1050VB56.h5,56.0,0.36221837088387965,0.0,early,0
T5,M2,190,56,1054,M2T5R190C1054VB56.h5,56.0,0.36221837088387965,0.01999999999798095,early,0
T5,M2,191,56,1057,M2T5R191C1057VB56.h5,56.0,0.36221837088387965,0.039999999995960774,early,0
T5,M2,192,56,1061,M2T5R192C1061VB56.h5,56.142857142857146,0.3632087150284699,0.059999999993941726,early,0
T5,M2,193,56,1065,M2T5R193C1065VB56.h5,56.285714285714285,0.3641990591730601,0.07999999999192155,early,0
T5,M2,194,56,1069,M2T5R194C1069VB56.h5,56.42857142857143,0.3651894033176504,0.0999999999899025,early,0
T5,M2,195,57,1073,M2T5R195C1073VB57.h5,56.57142857142857,0.3661797474622406,0.09999999998990136,early,0
T5,M2,196,57,1093,M2T5R196C1093VB57.h5,56.714285714285715,0.36717009160683084,0.0999999999899025,early,0
T5,M2,197,57,1096,M2T5R197C1096VB57.h5,56.857142857142854,0.36816043575142104,0.07999999999192155,early,0
T5,M2,198,57,1100,M2T5R198C1100VB57.h5,57.0,0.3691507798960113,0.059999999993941726,early,0
T5,M2,199,57,1104,M2T5R199C1104VB57.h5,57.0,0.3691507798960113,0.059999999993941726,early,0
T5,M2,200,57,1108,M2T5R200C1108VB57.h5,57.0,0.3691507798960113,0.059999999993941726,early,0
T5,M2,201,57,1112,M2T5R201C1112VB57.h5,57.142857142857146,0.37014112404060157,0.059999999993941726,early,0
T5,M2,202,57,1115,M2T5R202C1115VB57.h5,57.285714285714285,0.37113146818519177,0.07999999999192155,early,0
T5,M2,203,57,1119,M2T5R203C1119VB57.h5,57.42857142857143,0.37212181232978203,0.0999999999899025,early,0
T5,M2,204,58,1139,M2T5R204C1139VB58.h5,57.57142857142857,0.37311215647437224,0.09999999998990136,early,0
T5,M2,205,58,1143,M2T5R205C1143VB58.h5,57.714285714285715,0.3741025006189625,0.0999999999899025,early,0
T5,M2,206,58,1147,M2T5R206C1147VB58.h5,57.857142857142854,0.3750928447635527,0.07999999999192155,early,0
T5,M2,207,58,1150,M2T5R207C1150VB58.h5,58.0,0.37608318890814296,0.059999999993941726,early,0
T5,M2,208,58,1154,M2T5R208C1154VB58.h5,58.0,0.37608318890814296,0.039999999995960774,early,0
T5,M2,209,58,1158,M2T5R209C1158VB58.h5,58.0,0.37608318890814296,0.01999999999798095,early,0
T5,M2,210,58,1162,M2T5R210C1162VB58.h5,58.0,0.37608318890814296,0.0,early,0
T5,M2,211,58,1183,M2T5R211C1183VB58.h5,58.0,0.37608318890814296,0.0,early,0
T5,M2,212,58,1187,M2T5R212C1187VB58.h5,58.0,0.37608318890814296,0.0,early,0
T5,M2,213,58,1191,M2T5R213C1191VB58.h5,58.0,0.37608318890814296,0.0,early,0
T5,M2,214,58,1195,M2T5R214C1195VB58.h5,58.0,0.37608318890814296,0.0,early,0
T5,M2,215,58,1199,M2T5R215C1199VB58.h5,58.0,0.37608318890814296,0.0,early,0
T5,M2,216,58,1202,M2T5R216C1202VB58.h5,58.0,0.37608318890814296,0.0,early,0
T5,M2,217,58,1206,M2T5R217C1206VB58.h5,58.0,0.37608318890814296,0.0,early,0
T5,M2,218,58,1210,M2T5R218C1210VB58.h5,58.0,0.37608318890814296,0.01999999999798095,early,0
T5,M2,219,58,1214,M2T5R219C1214VB58.h5,58.0,0.37608318890814296,0.0399999999959619,early,0
T5,M2,220,58,1218,M2T5R220C1218VB58.h5,58.142857142857146,0.3770735330527332,0.059999999993941726,early,0
T5,M2,221,58,1222,M2T5R221C1222VB58.h5,58.285714285714285,0.3780638771973235,0.07999999999192267,early,0
T5,M2,222,58,1225,M2T5R222C1225VB58.h5,58.42857142857143,0.3790542213419137,0.09999999998990362,early,0
T5,M2,223,59,1229,M2T5R223C1229VB59.h5,58.57142857142857,0.38004456548650395,0.0999999999899025,early,0
T5,M2,224,59,1233,M2T5R224C1233VB59.h5,58.714285714285715,0.3810349096310942,0.0999999999899025,early,0
T5,M2,225,59,1253,M2T5R225C1253VB59.h5,58.857142857142854,0.3820252537756844,0.07999999999192267,early,0
T5,M2,226,59,1257,M2T5R226C1257VB59.h5,59.0,0.3830155979202747,0.059999999993941726,early,0
T5,M2,227,59,1260,M2T5R227C1260VB59.h5,59.0,0.3830155979202747,0.039999999995960774,early,0
T5,M2,228,59,1264,M2T5R228C1264VB59.h5,59.0,0.3830155979202747,0.01999999999798095,early,0
T5,M2,229,59,1268,M2T5R229C1268VB59.h5,59.0,0.3830155979202747,0.0,early,0
T5,M2,230,59,1272,M2T5R230C1272VB59.h5,59.0,0.3830155979202747,0.0,early,0
T5,M2,231,59,1276,M2T5R231C1276VB59.h5,59.0,0.3830155979202747,0.0,early,0
T5,M2,232,59,1279,M2T5R232C1279VB59.h5,59.0,0.3830155979202747,0.0,early,0
T5,M2,233,59,1300,M2T5R233C1300VB59.h5,59.0,0.3830155979202747,0.0,early,0
T5,M2,234,59,1304,M2T5R234C1304VB59.h5,59.0,0.3830155979202747,0.0,early,0
T5,M2,235,59,1307,M2T5R235C1307VB59.h5,59.0,0.3830155979202747,0.01999999999798095,early,0
T5,M2,236,59,1311,M2T5R236C1311VB59.h5,59.0,0.3830155979202747,0.039999999995960774,early,0
T5,M2,237,59,1315,M2T5R237C1315VB59.h5,59.142857142857146,0.38400594206486494,0.059999999993941726,early,0
T5,M2,238,59,1319,M2T5R238C1319VB59.h5,59.285714285714285,0.38499628620945514,0.07999999999192155,early,0
T5,M2,239,59,1323,M2T5R239C1323VB59.h5,59.42857142857143,0.3859866303540454,0.0999999999899025,early,0
T5,M2,240,60,1344,M2T5R240C1344VB60.h5,59.57142857142857,0.3869769744986356,0.09999999998990136,early,0
T5,M2,241,60,1348,M2T5R241C1348VB60.h5,59.714285714285715,0.38796731864322587,0.0999999999899025,early,0
T5,M2,242,60,1352,M2T5R242C1352VB60.h5,59.857142857142854,0.38895766278781607,0.07999999999192155,early,0
T5,M2,243,60,1356,M2T5R243C1356VB60.h5,60.0,0.38994800693240633,0.059999999993941726,early,0
T5,M2,244,60,1360,M2T5R244C1360VB60.h5,60.0,0.38994800693240633,0.039999999995960774,early,0
T5,M2,245,60,1363,M2T5R245C1363VB60.h5,60.0,0.38994800693240633,0.01999999999798095,early,0
T5,M2,246,60,1367,M2T5R246C1367VB60.h5,60.0,0.38994800693240633,0.0,early,0
T5,M2,247,60,1371,M2T5R247C1371VB60.h5,60.0,0.38994800693240633,0.0,early,0
T5,M2,248,60,1375,M2T5R248C1375VB60.h5,60.0,0.38994800693240633,0.0,early,0
T5,M2,249,60,1379,M2T5R249C1379VB60.h5,60.0,0.38994800693240633,0.0,early,0
T5,M2,250,60,1382,M2T5R250C1382VB60.h5,60.0,0.38994800693240633,0.0,early,0
T5,M2,251,60,1386,M2T5R251C1386VB60.h5,60.0,0.38994800693240633,0.0,early,0
T5,M2,252,60,1390,M2T5R252C1390VB60.h5,60.0,0.38994800693240633,0.0,early,0
T5,M2,253,60,1394,M2T5R253C1394VB60.h5,60.0,0.38994800693240633,0.0,early,0
T5,M2,254,60,1414,M2T5R254C1414VB60.h5,60.0,0.38994800693240633,0.0,early,0
T5,M2,255,60,1417,M2T5R255C1417VB60.h5,60.0,0.38994800693240633,0.01999999999798095,early,0
T5,M2,256,60,1421,M2T5R256C1421VB60.h5,60.0,0.38994800693240633,0.039999999995960774,early,0
T5,M2,257,60,1425,M2T5R257C1425VB60.h5,60.142857142857146,0.3909383510769966,0.059999999993941726,early,0
T5,M2,258,60,1429,M2T5R258C1429VB60.h5,60.285714285714285,0.3919286952215868,0.07999999999192155,early,0
T5,M2,259,60,1433,M2T5R259C1433VB60.h5,60.42857142857143,0.39291903936617706,0.0999999999899025,early,0
T5,M2,260,61,1437,M2T5R260C1437VB61.h5,60.57142857142857,0.39390938351076726,0.09999999998990136,early,0
T5,M2,261,61,1440,M2T5R261C1440VB61.h5,60.714285714285715,0.3948997276553575,0.0999999999899025,early,0
T5,M2,262,61,1463,M2T5R262C1463VB61.h5,60.857142857142854,0.39589007179994773,0.07999999999192155,early,0
T5,M2,263,61,1467,M2T5R263C1467VB61.h5,61.0,0.396880415944538,0.059999999993941726,early,0
T5,M2,264,61,1471,M2T5R264C1471VB61.h5,61.0,0.396880415944538,0.039999999995960774,early,0
T5,M2,265,61,1475,M2T5R265C1475VB61.h5,61.0,0.396880415944538,0.01999999999798095,early,0
T5,M2,266,61,1479,M2T5R266C1479VB61.h5,61.0,0.396880415944538,0.0,early,0
T5,M2,267,61,1482,M2T5R267C1482VB61.h5,61.0,0.396880415944538,0.0,early,0
T5,M2,268,61,1486,M2T5R268C1486VB61.h5,61.0,0.396880415944538,0.01999999999798095,early,0
T5,M2,269,61,1508,M2T5R269C1508VB61.h5,61.0,0.396880415944538,0.039999999995960774,early,0
T5,M2,270,61,1512,M2T5R270C1512VB61.h5,61.142857142857146,0.39787076008912825,0.059999999993941726,early,0
T5,M2,271,61,1515,M2T5R271C1515VB61.h5,61.285714285714285,0.39886110423371846,0.07999999999192155,early,0
T5,M2,272,61,1519,M2T5R272C1519VB61.h5,61.42857142857143,0.3998514483783087,0.0999999999899025,early,0
T5,M2,273,62,1523,M2T5R273C1523VB62.h5,61.57142857142857,0.4008417925228989,0.09999999998990136,early,0
T5,M2,274,62,1527,M2T5R274C1527VB62.h5,61.714285714285715,0.4018321366674892,0.0999999999899025,early,0
T5,M2,275,62,1531,M2T5R275C1531VB62.h5,61.857142857142854,0.4028224808120794,0.07999999999192155,early,0
T5,M2,276,62,1534,M2T5R276C1534VB62.h5,62.0,0.40381282495666965,0.059999999993941726,early,0
T5,M2,277,62,1538,M2T5R277C1538VB62.h5,62.0,0.40381282495666965,0.039999999995960774,early,0
T5,M2,278,62,1542,M2T5R278C1542VB62.h5,62.0,0.40381282495666965,0.01999999999798095,early,0
T5,M2,279,62,1546,M2T5R279C1546VB62.h5,62.0,0.40381282495666965,0.0,early,0
T5,M2,280,62,1550,M2T5R280C1550VB62.h5,62.0,0.40381282495666965,0.0,early,0
T5,M2,281,62,1554,M2T5R281C1554VB62.h5,62.0,0.40381282495666965,0.0,early,0
T5,M2,282,62,1557,M2T5R282C1557VB62.h5,62.0,0.40381282495666965,0.0,early,0
T5,M2,283,62,1577,M2T5R283C1577VB62.h5,62.0,0.40381282495666965,0.0,early,0
T5,M2,284,62,1581,M2T5R284C1581VB62.h5,62.0,0.40381282495666965,0.0,early,0
T5,M2,285,62,1585,M2T5R285C1585VB62.h5,62.0,0.40381282495666965,0.01999999999798095,early,0
T5,M2,286,62,1589,M2T5R286C1589VB62.h5,62.0,0.40381282495666965,0.039999999995960774,early,0
T5,M2,287,62,1592,M2T5R287C1592VB62.h5,62.142857142857146,0.4048031691012599,0.059999999993941726,middle,1
T5,M2,288,62,1596,M2T5R288C1596VB62.h5,62.285714285714285,0.4057935132458501,0.07999999999192155,middle,1
T5,M2,289,62,1600,M2T5R289C1600VB62.h5,62.42857142857143,0.4067838573904404,0.0999999999899025,middle,1
T5,M2,290,63,1604,M2T5R290C1604VB63.h5,62.57142857142857,0.4077742015350306,0.09999999998990136,middle,1
T5,M2,291,63,1624,M2T5R291C1624VB63.h5,62.714285714285715,0.40876454567962084,0.0999999999899025,middle,1
T5,M2,292,63,1628,M2T5R292C1628VB63.h5,62.857142857142854,0.40975488982421104,0.07999999999192155,middle,1
T5,M2,293,63,1631,M2T5R293C1631VB63.h5,63.0,0.4107452339688013,0.059999999993941726,middle,1
T5,M2,294,63,1635,M2T5R294C1635VB63.h5,63.0,0.4107452339688013,0.039999999995960774,middle,1
T5,M2,295,63,1639,M2T5R295C1639VB63.h5,63.0,0.4107452339688013,0.01999999999798095,middle,1
T5,M2,296,63,1643,M2T5R296C1643VB63.h5,63.0,0.4107452339688013,0.0,middle,1
T5,M2,297,63,1647,M2T5R297C1647VB63.h5,63.0,0.4107452339688013,0.0,middle,1
T5,M2,298,63,1668,M2T5R298C1668VB63.h5,63.0,0.4107452339688013,0.01999999999798095,middle,1
T5,M2,299,63,1672,M2T5R299C1672VB63.h5,63.0,0.4107452339688013,0.039999999995960774,middle,1
T5,M2,300,63,1676,M2T5R300C1676VB63.h5,63.142857142857146,0.41173557811339156,0.059999999993941726,middle,1
T5,M2,301,63,1680,M2T5R301C1680VB63.h5,63.285714285714285,0.41272592225798177,0.07999999999192267,middle,1
T5,M2,302,63,1683,M2T5R302C1683VB63.h5,63.42857142857143,0.41371626640257203,0.09999999998990362,middle,1
T5,M2,303,64,1687,M2T5R303C1687VB64.h5,63.57142857142857,0.4147066105471623,0.0999999999899025,middle,1
T5,M2,304,64,1691,M2T5R304C1691VB64.h5,63.714285714285715,0.41569695469175255,0.09999999998990362,middle,1
T5,M2,305,64,1695,M2T5R305C1695VB64.h5,63.857142857142854,0.41668729883634276,0.07999999999192267,middle,1
T5,M2,306,64,1699,M2T5R306C1699VB64.h5,64.0,0.417677642980933,0.059999999993941726,middle,1
T5,M2,307,64,1703,M2T5R307C1703VB64.h5,64.0,0.417677642980933,0.039999999995960774,middle,1
T5,M2,308,64,1706,M2T5R308C1706VB64.h5,64.0,0.417677642980933,0.01999999999798095,middle,1
T5,M2,309,64,1710,M2T5R309C1710VB64.h5,64.0,0.417677642980933,0.0,middle,1
T5,M2,310,64,1714,M2T5R310C1714VB64.h5,64.0,0.417677642980933,0.0,middle,1
T5,M2,311,64,1718,M2T5R311C1718VB64.h5,64.0,0.417677642980933,0.0,middle,1
T5,M2,312,64,1738,M2T5R312C1738VB64.h5,64.0,0.417677642980933,0.0,middle,1
T5,M2,313,64,1741,M2T5R313C1741VB64.h5,64.0,0.417677642980933,0.0,middle,1
T5,M2,314,64,1745,M2T5R314C1745VB64.h5,64.0,0.417677642980933,0.0,middle,1
T5,M2,315,64,1749,M2T5R315C1749VB64.h5,64.0,0.417677642980933,0.019999999997979828,middle,1
T5,M2,316,64,1753,M2T5R316C1753VB64.h5,64.0,0.417677642980933,0.0399999999959619,middle,1
T5,M2,317,64,1757,M2T5R317C1757VB64.h5,64.14285714285714,0.4186679871255232,0.059999999993941726,middle,1
T5,M2,318,64,1761,M2T5R318C1761VB64.h5,64.28571428571429,0.41965833127011354,0.07999999999192155,middle,1
T5,M2,319,64,1764,M2T5R319C1764VB64.h5,64.42857142857143,0.42064867541470374,0.09999999998990136,middle,1
T5,M2,320,65,1785,M2T5R320C1785VB65.h5,64.57142857142857,0.42163901955929395,0.09999999998990362,middle,1
T5,M2,321,65,1789,M2T5R321C1789VB65.h5,64.71428571428571,0.42262936370388415,0.09999999998990136,middle,1
T5,M2,322,65,1793,M2T5R322C1793VB65.h5,64.85714285714286,0.42361970784847447,0.09999999998990136,middle,1
T5,M2,323,65,1797,M2T5R323C1797VB65.h5,65.0,0.4246100519930647,0.09999999998990362,middle,1
T5,M2,324,65,1800,M2T5R324C1800VB65.h5,65.14285714285714,0.4256003961376549,0.09999999998990362,middle,1
T5,M2,325,65,1804,M2T5R325C1804VB65.h5,65.28571428571429,0.4265907402822452,0.09999999998990136,middle,1
T5,M2,326,65,1808,M2T5R326C1808VB65.h5,65.42857142857143,0.4275810844268354,0.09999999998990136,middle,1
T5,M2,327,66,1830,M2T5R327C1830VB66.h5,65.57142857142857,0.4285714285714256,0.09999999998990362,middle,1
T5,M2,328,66,1833,M2T5R328C1833VB66.h5,65.71428571428571,0.4295617727160158,0.09999999998990136,middle,1
T5,M2,329,66,1837,M2T5R329C1837VB66.h5,65.85714285714286,0.4305521168606061,0.07999999999192155,middle,1
T5,M2,330,66,1841,M2T5R330C1841VB66.h5,66.0,0.43154246100519633,0.059999999993941726,middle,1
T5,M2,331,66,1845,M2T5R331C1845VB66.h5,66.0,0.43154246100519633,0.0399999999959619,middle,1
T5,M2,332,66,1849,M2T5R332C1849VB66.h5,66.0,0.43154246100519633,0.019999999997979828,middle,1
T5,M2,333,66,1853,M2T5R333C1853VB66.h5,66.0,0.43154246100519633,0.019999999997979828,middle,1
T5,M2,334,66,1856,M2T5R334C1856VB66.h5,66.0,0.43154246100519633,0.0399999999959619,middle,1
T5,M2,335,66,1860,M2T5R335C1860VB66.h5,66.14285714285714,0.43253280514978654,0.059999999993941726,middle,1
T5,M2,336,66,1864,M2T5R336C1864VB66.h5,66.28571428571429,0.43352314929437685,0.07999999999192155,middle,1
T5,M2,337,66,1868,M2T5R337C1868VB66.h5,66.42857142857143,0.43451349343896706,0.09999999998990136,middle,1
T5,M2,338,67,1872,M2T5R338C1872VB67.h5,66.57142857142857,0.43550383758355726,0.09999999998990362,middle,1
T5,M2,339,67,1876,M2T5R339C1876VB67.h5,66.71428571428571,0.43649418172814747,0.09999999998990136,middle,1
T5,M2,340,67,1879,M2T5R340C1879VB67.h5,66.85714285714286,0.4374845258727378,0.07999999999192155,middle,1
T5,M2,341,67,1899,M2T5R341C1899VB67.h5,67.0,0.438474870017328,0.059999999993941726,middle,1
T5,M2,342,67,1903,M2T5R342C1903VB67.h5,67.0,0.438474870017328,0.059999999993941726,middle,1
T5,M2,343,67,1907,M2T5R343C1907VB67.h5,67.0,0.438474870017328,0.059999999993941726,middle,1
T5,M2,344,67,1911,M2T5R344C1911VB67.h5,67.14285714285714,0.4394652141619182,0.059999999993941726,middle,1
T5,M2,345,67,1915,M2T5R345C1915VB67.h5,67.28571428571429,0.4404555583065085,0.07999999999192155,middle,1
T5,M2,346,67,1918,M2T5R346C1918VB67.h5,67.42857142857143,0.4414459024510987,0.09999999998990136,middle,1
T5,M2,347,68,1922,M2T5R347C1922VB68.h5,67.57142857142857,0.4424362465956889,0.09999999998990362,middle,1
T5,M2,348,68,1926,M2T5R348C1926VB68.h5,67.71428571428571,0.4434265907402791,0.09999999998990136,middle,1
T5,M2,349,68,1946,M2T5R349C1946VB68.h5,67.85714285714286,0.44441693488486944,0.07999999999192155,middle,1
T5,M2,350,68,1950,M2T5R350C1950VB68.h5,68.0,0.44540727902945965,0.059999999993941726,middle,1
T5,M2,351,68,1954,M2T5R351C1954VB68.h5,68.0,0.44540727902945965,0.059999999993941726,middle,1
T5,M2,352,68,1958,M2T5R352C1958VB68.h5,68.0,0.44540727902945965,0.059999999993941726,middle,1
T5,M2,353,68,1961,M2T5R353C1961VB68.h5,68.14285714285714,0.44639762317404985,0.059999999993941726,middle,1
T5,M2,354,68,1965,M2T5R354C1965VB68.h5,68.28571428571429,0.44738796731864017,0.07999999999192267,middle,1
T5,M2,355,68,1969,M2T5R355C1969VB68.h5,68.42857142857143,0.4483783114632304,0.0999999999899025,middle,1
T5,M2,356,69,1991,M2T5R356C1991VB69.h5,68.57142857142857,0.44936865560782063,0.09999999998990362,middle,1
T5,M2,357,69,1994,M2T5R357C1994VB69.h5,68.71428571428571,0.45035899975241084,0.0999999999899025,middle,1
T5,M2,358,69,1998,M2T5R358C1998VB69.h5,68.85714285714286,0.4513493438970011,0.07999999999192267,middle,1
T5,M2,359,69,2002,M2T5R359C2002VB69.h5,69.0,0.45233968804159136,0.07999999999192155,middle,1
T5,M2,360,69,2006,M2T5R360C2006VB69.h5,69.0,0.45233968804159136,0.0799999999919238,middle,1
T5,M2,361,69,2010,M2T5R361C2010VB69.h5,69.14285714285714,0.45333003218618156,0.07999999999192267,middle,1
T5,M2,362,69,2013,M2T5R362C2013VB69.h5,69.28571428571429,0.4543203763307719,0.07999999999192155,middle,1
T5,M2,363,69,2017,M2T5R363C2017VB69.h5,69.42857142857143,0.4553107204753621,0.09999999998990136,middle,1
T5,M2,364,70,2021,M2T5R364C2021VB70.h5,69.57142857142857,0.4563010646199523,0.09999999998990362,middle,1
T5,M2,365,70,2025,M2T5R365C2025VB70.h5,69.71428571428571,0.4572914087645425,0.09999999998990136,middle,1
T5,M2,366,70,2029,M2T5R366C2029VB70.h5,69.85714285714286,0.4582817529091328,0.07999999999192155,middle,1
T5,M2,367,70,2033,M2T5R367C2033VB70.h5,70.0,0.459272097053723,0.059999999993941726,middle,1
T5,M2,368,70,2036,M2T5R368C2036VB70.h5,70.0,0.459272097053723,0.059999999993941726,middle,1
T5,M2,369,70,2040,M2T5R369C2040VB70.h5,70.0,0.459272097053723,0.059999999993941726,middle,1
T5,M2,370,70,2060,M2T5R370C2060VB70.h5,70.14285714285714,0.4602624411983132,0.059999999993941726,middle,1
T5,M2,371,70,2064,M2T5R371C2064VB70.h5,70.28571428571429,0.46125278534290354,0.07999999999192155,middle,1
T5,M2,372,70,2068,M2T5R372C2068VB70.h5,70.42857142857143,0.46224312948749374,0.09999999998990136,middle,1
T5,M2,373,71,2072,M2T5R373C2072VB71.h5,70.57142857142857,0.46323347363208395,0.09999999998990362,middle,1
T5,M2,374,71,2075,M2T5R374C2075VB71.h5,70.71428571428571,0.46422381777667415,0.09999999998990136,middle,1
T5,M2,375,71,2079,M2T5R375C2079VB71.h5,70.85714285714286,0.46521416192126447,0.07999999999192155,middle,1
T5,M2,376,71,2083,M2T5R376C2083VB71.h5,71.0,0.4662045060658547,0.07999999999192155,middle,1
T5,M2,377,71,2087,M2T5R377C2087VB71.h5,71.0,0.4662045060658547,0.0799999999919238,middle,1
T5,M2,378,71,2110,M2T5R378C2110VB71.h5,71.14285714285714,0.4671948502104449,0.07999999999192155,middle,1
T5,M2,379,71,2114,M2T5R379C2114VB71.h5,71.28571428571429,0.4681851943550352,0.07999999999192155,middle,1
T5,M2,380,71,2118,M2T5R380C2118VB71.h5,71.42857142857143,0.4691755384996254,0.09999999998990136,middle,1
T5,M2,381,72,2121,M2T5R381C2121VB72.h5,71.57142857142857,0.4701658826442156,0.09999999998990362,middle,1
T5,M2,382,72,2125,M2T5R382C2125VB72.h5,71.71428571428571,0.4711562267888058,0.09999999998990136,middle,1
T5,M2,383,72,2129,M2T5R383C2129VB72.h5,71.85714285714286,0.4721465709333961,0.07999999999192155,middle,1
T5,M2,384,72,2133,M2T5R384C2133VB72.h5,72.0,0.47313691507798633,0.07999999999192155,middle,1
T5,M2,385,72,2154,M2T5R385C2154VB72.h5,72.0,0.47313691507798633,0.0799999999919238,middle,1
T5,M2,386,72,2158,M2T5R386C2158VB72.h5,72.14285714285714,0.47412725922257654,0.07999999999192155,middle,1
T5,M2,387,72,2162,M2T5R387C2162VB72.h5,72.28571428571429,0.47511760336716685,0.07999999999192155,middle,1
T5,M2,388,72,2166,M2T5R388C2166VB72.h5,72.42857142857143,0.47610794751175706,0.09999999998990136,middle,1
T5,M2,389,73,2170,M2T5R389C2170VB73.h5,72.57142857142857,0.47709829165634726,0.09999999998990362,middle,1
T5,M2,390,73,2173,M2T5R390C2173VB73.h5,72.71428571428571,0.47808863580093747,0.09999999998990136,middle,1
T5,M2,391,73,2177,M2T5R391C2177VB73.h5,72.85714285714286,0.4790789799455278,0.07999999999192155,middle,1
T5,M2,392,73,2181,M2T5R392C2181VB73.h5,73.0,0.480069324090118,0.059999999993941726,middle,1
T5,M2,393,73,2185,M2T5R393C2185VB73.h5,73.0,0.480069324090118,0.0399999999959619,middle,1
T5,M2,394,73,2189,M2T5R394C2189VB73.h5,73.0,0.480069324090118,0.039999999995959656,middle,1
T5,M2,395,73,2193,M2T5R395C2193VB73.h5,73.0,0.480069324090118,0.0399999999959619,middle,1
T5,M2,396,73,2196,M2T5R396C2196VB73.h5,73.14285714285714,0.4810596682347082,0.059999999993941726,middle,1
T5,M2,397,73,2200,M2T5R397C2200VB73.h5,73.28571428571429,0.4820500123792985,0.07999999999192155,middle,1
T5,M2,398,73,2204,M2T5R398C2204VB73.h5,73.42857142857143,0.4830403565238887,0.0999999999899025,middle,1
T5,M2,399,74,2224,M2T5R399C2224VB74.h5,73.57142857142857,0.4840307006684789,0.09999999998990362,middle,1
T5,M2,400,74,2228,M2T5R400C2228VB74.h5,73.71428571428571,0.4850210448130692,0.0999999999899025,middle,1
T5,M2,401,74,2232,M2T5R401C2232VB74.h5,73.85714285714286,0.48601138895765944,0.07999999999192267,middle,1
T5,M2,402,74,2235,M2T5R402C2235VB74.h5,74.0,0.4870017331022497,0.07999999999192267,middle,1
T5,M2,403,74,2239,M2T5R403C2239VB74.h5,74.0,0.4870017331022497,0.07999999999192267,middle,1
T5,M2,404,74,2243,M2T5R404C2243VB74.h5,74.14285714285714,0.4879920772468399,0.07999999999192267,middle,1
T5,M2,405,74,2247,M2T5R405C2247VB74.h5,74.28571428571429,0.48898242139143017,0.07999999999192155,middle,1
T5,M2,406,74,2251,M2T5R406C2251VB74.h5,74.42857142857143,0.4899727655360204,0.09999999998990136,middle,1
T5,M2,407,75,2271,M2T5R407C2271VB75.h5,74.57142857142857,0.49096310968061063,0.09999999998990362,middle,1
T5,M2,408,75,2275,M2T5R408C2275VB75.h5,74.71428571428571,0.49195345382520084,0.0999999999899025,middle,1
T5,M2,409,75,2279,M2T5R409C2279VB75.h5,74.85714285714286,0.49294379796979115,0.09999999998990136,middle,1
T5,M2,410,75,2282,M2T5R410C2282VB75.h5,75.0,0.49393414211438136,0.09999999998990362,middle,1
T5,M2,411,75,2286,M2T5R411C2286VB75.h5,75.14285714285714,0.49492448625897156,0.09999999998990362,middle,1
T5,M2,412,75,2290,M2T5R412C2290VB75.h5,75.28571428571429,0.4959148304035619,0.09999999998990136,middle,1
T5,M2,413,75,2294,M2T5R413C2294VB75.h5,75.42857142857143,0.4969051745481521,0.09999999998990136,middle,1
T5,M2,414,76,2315,M2T5R414C2315VB76.h5,75.57142857142857,0.4978955186927423,0.09999999998990362,middle,1
T5,M2,415,76,2319,M2T5R415C2319VB76.h5,75.71428571428571,0.4988858628373325,0.09999999998990136,middle,1
T5,M2,416,76,2323,M2T5R416C2323VB76.h5,75.85714285714286,0.4998762069819228,0.07999999999192155,middle,1
T5,M2,417,76,2327,M2T5R417C2327VB76.h5,76.0,0.500866551126513,0.059999999993941726,middle,1
T5,M2,418,76,2331,M2T5R418C2331VB76.h5,76.0,0.500866551126513,0.0399999999959619,middle,1
T5,M2,419,76,2335,M2T5R419C2335VB76.h5,76.0,0.500866551126513,0.019999999997979828,middle,1
T5,M2,420,76,2338,M2T5R420C2338VB76.h5,76.0,0.500866551126513,0.0,middle,1
T5,M2,421,76,2342,M2T5R421C2342VB76.h5,76.0,0.500866551126513,0.019999999997979828,middle,1
T5,M2,422,76,2346,M2T5R422C2346VB76.h5,76.0,0.500866551126513,0.0399999999959619,middle,1
T5,M2,423,76,2350,M2T5R423C2350VB76.h5,76.14285714285714,0.5018568952711032,0.059999999993941726,middle,1
T5,M2,424,76,2354,M2T5R424C2354VB76.h5,76.28571428571429,0.5028472394156935,0.07999999999192155,middle,1
T5,M2,425,76,2358,M2T5R425C2358VB76.h5,76.42857142857143,0.5038375835602837,0.09999999998990136,middle,1
T5,M2,426,77,2361,M2T5R426C2361VB77.h5,76.57142857142857,0.504827927704874,0.09999999998990362,middle,1
T5,M2,427,77,2365,M2T5R427C2365VB77.h5,76.71428571428571,0.5058182718494642,0.09999999998990136,middle,1
T5,M2,428,77,2385,M2T5R428C2385VB77.h5,76.85714285714286,0.5068086159940545,0.07999999999192155,middle,1
T5,M2,429,77,2389,M2T5R429C2389VB77.h5,77.0,0.5077989601386447,0.07999999999192155,middle,1
T5,M2,430,77,2393,M2T5R430C2393VB77.h5,77.0,0.5077989601386447,0.0799999999919238,middle,1
T5,M2,431,77,2397,M2T5R431C2397VB77.h5,77.14285714285714,0.5087893042832349,0.07999999999192155,middle,1
T5,M2,432,77,2400,M2T5R432C2400VB77.h5,77.28571428571429,0.5097796484278252,0.07999999999192155,middle,1
T5,M2,433,77,2404,M2T5R433C2404VB77.h5,77.42857142857143,0.5107699925724154,0.09999999998990136,middle,1
T5,M2,434,78,2408,M2T5R434C2408VB78.h5,77.57142857142857,0.5117603367170056,0.09999999998990362,middle,1
T5,M2,435,78,2412,M2T5R435C2412VB78.h5,77.71428571428571,0.5127506808615958,0.09999999998990136,middle,1
T5,M2,436,78,2432,M2T5R436C2432VB78.h5,77.85714285714286,0.5137410250061861,0.07999999999192155,middle,1
T5,M2,437,78,2435,M2T5R437C2435VB78.h5,78.0,0.5147313691507763,0.059999999993941726,middle,1
T5,M2,438,78,2439,M2T5R438C2439VB78.h5,78.0,0.5147313691507763,0.0399999999959619,middle,1
T5,M2,439,78,2443,M2T5R439C2443VB78.h5,78.0,0.5147313691507763,0.019999999997979828,middle,1
T5,M2,440,78,2447,M2T5R440C2447VB78.h5,78.0,0.5147313691507763,0.0,middle,1
T5,M2,441,78,2451,M2T5R441C2451VB78.h5,78.0,0.5147313691507763,0.0,middle,1
T5,M2,442,78,2455,M2T5R442C2455VB78.h5,78.0,0.5147313691507763,0.019999999997979828,middle,1
T5,M2,443,78,2476,M2T5R443C2476VB78.h5,78.0,0.5147313691507763,0.0399999999959619,middle,1
T5,M2,444,78,2480,M2T5R444C2480VB78.h5,78.14285714285714,0.5157217132953665,0.059999999993941726,middle,1
T5,M2,445,78,2484,M2T5R445C2484VB78.h5,78.28571428571429,0.5167120574399569,0.07999999999192155,middle,1
T5,M2,446,78,2488,M2T5R446C2488VB78.h5,78.42857142857143,0.5177024015845471,0.09999999998990136,middle,1
T5,M2,447,79,2491,M2T5R447C2491VB79.h5,78.57142857142857,0.5186927457291373,0.09999999998990362,middle,1
T5,M2,448,79,2495,M2T5R448C2495VB79.h5,78.71428571428571,0.5196830898737275,0.09999999998990136,middle,1
T5,M2,449,79,2499,M2T5R449C2499VB79.h5,78.85714285714286,0.5206734340183178,0.07999999999192155,middle,1
T5,M2,450,79,2503,M2T5R450C2503VB79.h5,79.0,0.521663778162908,0.059999999993941726,middle,1
T5,M2,451,79,2507,M2T5R451C2507VB79.h5,79.0,0.521663778162908,0.0399999999959619,middle,1
T5,M2,452,79,2511,M2T5R452C2511VB79.h5,79.0,0.521663778162908,0.019999999997979828,middle,1
T5,M2,453,79,2514,M2T5R453C2514VB79.h5,79.0,0.521663778162908,0.0,middle,1
T5,M2,454,79,2518,M2T5R454C2518VB79.h5,79.0,0.521663778162908,0.0,middle,1
T5,M2,455,79,2522,M2T5R455C2522VB79.h5,79.0,0.521663778162908,0.0,middle,1
T5,M2,456,79,2526,M2T5R456C2526VB79.h5,79.0,0.521663778162908,0.0,middle,1
T5,M2,457,79,2546,M2T5R457C2546VB79.h5,79.0,0.521663778162908,0.0,middle,1
T5,M2,458,79,2550,M2T5R458C2550VB79.h5,79.0,0.521663778162908,0.0,middle,1
T5,M2,459,79,2553,M2T5R459C2553VB79.h5,79.0,0.521663778162908,0.0,middle,1
T5,M2,460,79,2557,M2T5R460C2557VB79.h5,79.0,0.521663778162908,0.019999999997979828,middle,1
T5,M2,461,79,2561,M2T5R461C2561VB79.h5,79.0,0.521663778162908,0.0399999999959619,middle,1
T5,M2,462,79,2565,M2T5R462C2565VB79.h5,79.14285714285714,0.5226541223074982,0.059999999993941726,middle,1
T5,M2,463,79,2569,M2T5R463C2569VB79.h5,79.28571428571429,0.5236444664520885,0.07999999999192155,middle,1
T5,M2,464,79,2573,M2T5R464C2573VB79.h5,79.42857142857143,0.5246348105966787,0.09999999998990136,middle,1
T5,M2,465,80,2596,M2T5R465C2596VB80.h5,79.57142857142857,0.5256251547412689,0.09999999998990362,middle,1
T5,M2,466,80,2600,M2T5R466C2600VB80.h5,79.71428571428571,0.5266154988858591,0.09999999998990136,middle,1
T5,M2,467,80,2604,M2T5R467C2604VB80.h5,79.85714285714286,0.5276058430304494,0.07999999999192155,middle,1
T5,M2,468,80,2608,M2T5R468C2608VB80.h5,80.0,0.5285961871750396,0.059999999993941726,middle,1
T5,M2,469,80,2611,M2T5R469C2611VB80.h5,80.0,0.5285961871750396,0.0399999999959619,middle,1
T5,M2,470,80,2615,M2T5R470C2615VB80.h5,80.0,0.5285961871750396,0.019999999997979828,middle,1
T5,M2,471,80,2619,M2T5R471C2619VB80.h5,80.0,0.5285961871750396,0.0,middle,1
T5,M2,472,80,2641,M2T5R472C2641VB80.h5,80.0,0.5285961871750396,0.0,middle,1
T5,M2,473,80,2645,M2T5R473C2645VB80.h5,80.0,0.5285961871750396,0.0,middle,1
T5,M2,474,80,2648,M2T5R474C2648VB80.h5,80.0,0.5285961871750396,0.0,middle,1
T5,M2,475,80,2652,M2T5R475C2652VB80.h5,80.0,0.5285961871750396,0.0,middle,1
T5,M2,476,80,2656,M2T5R476C2656VB80.h5,80.0,0.5285961871750396,0.0,middle,1
T5,M2,477,80,2660,M2T5R477C2660VB80.h5,80.0,0.5285961871750396,0.0,middle,1
T5,M2,478,80,2664,M2T5R478C2664VB80.h5,80.0,0.5285961871750396,0.0,middle,1
T5,M2,479,80,2667,M2T5R479C2667VB80.h5,80.0,0.5285961871750396,0.019999999997979828,middle,1
T5,M2,480,80,2671,M2T5R480C2671VB80.h5,80.0,0.5285961871750396,0.0399999999959619,middle,1
T5,M2,481,80,2675,M2T5R481C2675VB80.h5,80.14285714285714,0.5295865313196298,0.059999999993941726,middle,1
T5,M2,482,80,2679,M2T5R482C2679VB80.h5,80.28571428571429,0.5305768754642202,0.07999999999192155,middle,1
T5,M2,483,80,2683,M2T5R483C2683VB80.h5,80.42857142857143,0.5315672196088104,0.09999999998990136,middle,1
T5,M2,484,81,2687,M2T5R484C2687VB81.h5,80.57142857142857,0.5325575637534006,0.09999999998990362,middle,1
T5,M2,485,81,2690,M2T5R485C2690VB81.h5,80.71428571428571,0.5335479078979908,0.09999999998990136,middle,1
T5,M2,486,81,2710,M2T5R486C2710VB81.h5,80.85714285714286,0.5345382520425811,0.07999999999192155,middle,1
T5,M2,487,81,2714,M2T5R487C2714VB81.h5,81.0,0.5355285961871713,0.059999999993941726,middle,1
T5,M2,488,81,2718,M2T5R488C2718VB81.h5,81.0,0.5355285961871713,0.0399999999959619,middle,1
T5,M2,489,81,2722,M2T5R489C2722VB81.h5,81.0,0.5355285961871713,0.019999999997979828,middle,1
T5,M2,490,81,2726,M2T5R490C2726VB81.h5,81.0,0.5355285961871713,0.0,middle,1
T5,M2,491,81,2730,M2T5R491C2730VB81.h5,81.0,0.5355285961871713,0.0,middle,1
T5,M2,492,81,2733,M2T5R492C2733VB81.h5,81.0,0.5355285961871713,0.0,middle,1
T5,M2,493,81,2737,M2T5R493C2737VB81.h5,81.0,0.5355285961871713,0.0,middle,1
T5,M2,494,81,2757,M2T5R494C2757VB81.h5,81.0,0.5355285961871713,0.019999999997979828,middle,1
T5,M2,495,81,2761,M2T5R495C2761VB81.h5,81.0,0.5355285961871713,0.0399999999959619,middle,1
T5,M2,496,81,2765,M2T5R496C2765VB81.h5,81.14285714285714,0.5365189403317615,0.059999999993941726,middle,1
T5,M2,497,81,2769,M2T5R497C2769VB81.h5,81.28571428571429,0.5375092844763518,0.0799999999919238,middle,1
T5,M2,498,81,2772,M2T5R498C2772VB81.h5,81.42857142857143,0.538499628620942,0.09999999998990362,middle,1
T5,M2,499,82,2776,M2T5R499C2776VB82.h5,81.57142857142857,0.5394899727655323,0.09999999998990362,middle,1
T5,M2,500,82,2780,M2T5R500C2780VB82.h5,81.71428571428571,0.5404803169101225,0.09999999998990362,middle,1
T5,M2,501,82,2802,M2T5R501C2802VB82.h5,81.85714285714286,0.5414706610547128,0.0799999999919238,middle,1
T5,M2,502,82,2806,M2T5R502C2806VB82.h5,82.0,0.5424610051993031,0.059999999993941726,middle,1
T5,M2,503,82,2809,M2T5R503C2809VB82.h5,82.0,0.5424610051993031,0.0399999999959619,middle,1
T5,M2,504,82,2813,M2T5R504C2813VB82.h5,82.0,0.5424610051993031,0.01999999999798207,middle,1
T5,M2,505,82,2817,M2T5R505C2817VB82.h5,82.0,0.5424610051993031,0.0,middle,1
T5,M2,506,82,2821,M2T5R506C2821VB82.h5,82.0,0.5424610051993031,0.0,middle,1
T5,M2,507,82,2825,M2T5R507C2825VB82.h5,82.0,0.5424610051993031,0.0,middle,1
T5,M2,508,82,2829,M2T5R508C2829VB82.h5,82.0,0.5424610051993031,0.0,middle,1
T5,M2,509,82,2832,M2T5R509C2832VB82.h5,82.0,0.5424610051993031,0.0,middle,1
T5,M2,510,82,2836,M2T5R510C2836VB82.h5,82.0,0.5424610051993031,0.019999999997979828,middle,1
T5,M2,511,82,2840,M2T5R511C2840VB82.h5,82.0,0.5424610051993031,0.0399999999959619,middle,1
T5,M2,512,82,2844,M2T5R512C2844VB82.h5,82.14285714285714,0.5434513493438933,0.059999999993941726,middle,1
T5,M2,513,82,2848,M2T5R513C2848VB82.h5,82.28571428571429,0.5444416934884836,0.07999999999192155,middle,1
T5,M2,514,82,2851,M2T5R514C2851VB82.h5,82.42857142857143,0.5454320376330738,0.09999999998990136,middle,1
T5,M2,515,83,2871,M2T5R515C2871VB83.h5,82.57142857142857,0.546422381777664,0.09999999998990362,middle,1
T5,M2,516,83,2875,M2T5R516C2875VB83.h5,82.71428571428571,0.5474127259222542,0.09999999998990136,middle,1
T5,M2,517,83,2879,M2T5R517C2879VB83.h5,82.85714285714286,0.5484030700668445,0.07999999999192155,middle,1
T5,M2,518,83,2883,M2T5R518C2883VB83.h5,83.0,0.5493934142114347,0.059999999993941726,middle,1
T5,M2,519,83,2887,M2T5R519C2887VB83.h5,83.0,0.5493934142114347,0.0399999999959619,middle,1
T5,M2,520,83,2891,M2T5R520C2891VB83.h5,83.0,0.5493934142114347,0.019999999997979828,middle,1
T5,M2,521,83,2894,M2T5R521C2894VB83.h5,83.0,0.5493934142114347,0.0,middle,1
T5,M2,522,83,2898,M2T5R522C2898VB83.h5,83.0,0.5493934142114347,0.0,middle,1
T5,M2,523,83,2918,M2T5R523C2918VB83.h5,83.0,0.5493934142114347,0.0,middle,1
T5,M2,524,83,2922,M2T5R524C2922VB83.h5,83.0,0.5493934142114347,0.019999999997979828,middle,1
T5,M2,525,83,2926,M2T5R525C2926VB83.h5,83.0,0.5493934142114347,0.0399999999959619,middle,1
T5,M2,526,83,2930,M2T5R526C2930VB83.h5,83.14285714285714,0.5503837583560249,0.059999999993941726,middle,1
T5,M2,527,83,2933,M2T5R527C2933VB83.h5,83.28571428571429,0.5513741025006152,0.07999999999192155,middle,1
T5,M2,528,83,2937,M2T5R528C2937VB83.h5,83.42857142857143,0.5523644466452055,0.09999999998990136,middle,1
T5,M2,529,84,2941,M2T5R529C2941VB84.h5,83.57142857142857,0.5533547907897957,0.09999999998990362,middle,1
T5,M2,530,84,2963,M2T5R530C2963VB84.h5,83.71428571428571,0.5543451349343859,0.09999999998990136,middle,1
T5,M2,531,84,2966,M2T5R531C2966VB84.h5,83.85714285714286,0.5553354790789762,0.07999999999192155,middle,1
T5,M2,532,84,2970,M2T5R532C2970VB84.h5,84.0,0.5563258232235664,0.059999999993941726,middle,1
T5,M2,533,84,2974,M2T5R533C2974VB84.h5,84.0,0.5563258232235664,0.0399999999959619,middle,1
T5,M2,534,84,2978,M2T5R534C2978VB84.h5,84.0,0.5563258232235664,0.019999999997979828,middle,1
T5,M2,535,84,2982,M2T5R535C2982VB84.h5,84.0,0.5563258232235664,0.0,middle,1
T5,M2,536,84,2986,M2T5R536C2986VB84.h5,84.0,0.5563258232235664,0.0,middle,1
T5,M2,537,84,2989,M2T5R537C2989VB84.h5,84.0,0.5563258232235664,0.0,middle,1
T5,M2,538,84,2993,M2T5R538C2993VB84.h5,84.0,0.5563258232235664,0.0,middle,1
T5,M2,539,84,2997,M2T5R539C2997VB84.h5,84.0,0.5563258232235664,0.019999999997979828,middle,1
T5,M2,540,84,3001,M2T5R540C3001VB84.h5,84.0,0.5563258232235664,0.0399999999959619,middle,1
T5,M2,541,84,3005,M2T5R541C3005VB84.h5,84.14285714285714,0.5573161673681566,0.059999999993941726,middle,1
T5,M2,542,84,3008,M2T5R542C3008VB84.h5,84.28571428571429,0.5583065115127469,0.07999999999192155,middle,1
T5,M2,543,84,3012,M2T5R543C3012VB84.h5,84.42857142857143,0.5592968556573371,0.09999999998990136,middle,1
T5,M2,544,85,3032,M2T5R544C3032VB85.h5,84.57142857142857,0.5602871998019273,0.09999999998990362,middle,1
T5,M2,545,85,3036,M2T5R545C3036VB85.h5,84.71428571428571,0.5612775439465175,0.09999999998990136,middle,1
T5,M2,546,85,3040,M2T5R546C3040VB85.h5,84.85714285714286,0.5622678880911078,0.07999999999192155,middle,1
T5,M2,547,85,3044,M2T5R547C3044VB85.h5,85.0,0.563258232235698,0.059999999993941726,middle,1
T5,M2,548,85,3048,M2T5R548C3048VB85.h5,85.0,0.563258232235698,0.0399999999959619,middle,1
T5,M2,549,85,3051,M2T5R549C3051VB85.h5,85.0,0.563258232235698,0.019999999997979828,middle,1
T5,M2,550,85,3055,M2T5R550C3055VB85.h5,85.0,0.563258232235698,0.0,middle,1
T5,M2,551,85,3059,M2T5R551C3059VB85.h5,85.0,0.563258232235698,0.0,middle,1
T5,M2,552,85,3080,M2T5R552C3080VB85.h5,85.0,0.563258232235698,0.0,middle,1
T5,M2,553,85,3084,M2T5R553C3084VB85.h5,85.0,0.563258232235698,0.0,middle,1
T5,M2,554,85,3088,M2T5R554C3088VB85.h5,85.0,0.563258232235698,0.0,middle,1
T5,M2,555,85,3092,M2T5R555C3092VB85.h5,85.0,0.563258232235698,0.0,middle,1
T5,M2,556,85,3095,M2T5R556C3095VB85.h5,85.0,0.563258232235698,0.0,middle,1
T5,M2,557,85,3099,M2T5R557C3099VB85.h5,85.0,0.563258232235698,0.019999999997979828,middle,1
T5,M2,558,85,3103,M2T5R558C3103VB85.h5,85.0,0.563258232235698,0.0399999999959619,middle,1
T5,M2,559,85,3125,M2T5R559C3125VB85.h5,85.14285714285714,0.5642485763802882,0.059999999993941726,middle,1
T5,M2,560,85,3129,M2T5R560C3129VB85.h5,85.28571428571429,0.5652389205248786,0.07999999999192155,middle,1
T5,M2,561,85,3132,M2T5R561C3132VB85.h5,85.42857142857143,0.5662292646694688,0.09999999998990136,middle,1
T5,M2,562,86,3136,M2T5R562C3136VB86.h5,85.57142857142857,0.567219608814059,0.09999999998990362,middle,1
T5,M2,563,86,3140,M2T5R563C3140VB86.h5,85.71428571428571,0.5682099529586492,0.09999999998990136,middle,1
T5,M2,564,86,3144,M2T5R564C3144VB86.h5,85.85714285714286,0.5692002971032395,0.07999999999192155,middle,1
T5,M2,565,86,3148,M2T5R565C3148VB86.h5,86.0,0.5701906412478297,0.059999999993941726,middle,1
T5,M2,566,86,3151,M2T5R566C3151VB86.h5,86.0,0.5701906412478297,0.0399999999959619,middle,1
T5,M2,567,86,3155,M2T5R567C3155VB86.h5,86.0,0.5701906412478297,0.019999999997979828,middle,1
T5,M2,568,86,3159,M2T5R568C3159VB86.h5,86.0,0.5701906412478297,0.0,middle,1
T5,M2,569,86,3163,M2T5R569C3163VB86.h5,86.0,0.5701906412478297,0.0,middle,1
T5,M2,570,86,3167,M2T5R570C3167VB86.h5,86.0,0.5701906412478297,0.0,middle,1
T5,M2,571,86,3171,M2T5R571C3171VB86.h5,86.0,0.5701906412478297,0.0,middle,1
T5,M2,572,86,3174,M2T5R572C3174VB86.h5,86.0,0.5701906412478297,0.0,middle,1
T5,M2,573,86,3194,M2T5R573C3194VB86.h5,86.0,0.5701906412478297,0.0,middle,1
T5,M2,574,86,3198,M2T5R574C3198VB86.h5,86.0,0.5701906412478297,0.0,middle,1
T5,M2,575,86,3202,M2T5R575C3202VB86.h5,86.0,0.5701906412478297,0.0,middle,1
T5,M2,576,86,3206,M2T5R576C3206VB86.h5,86.0,0.5701906412478297,0.0,middle,1
T5,M2,577,86,3210,M2T5R577C3210VB86.h5,86.0,0.5701906412478297,0.0,middle,1
T5,M2,578,86,3214,M2T5R578C3214VB86.h5,86.0,0.5701906412478297,0.0,middle,1
T5,M2,579,86,3217,M2T5R579C3217VB86.h5,86.0,0.5701906412478297,0.0,middle,1
T5,M2,580,86,3221,M2T5R580C3221VB86.h5,86.0,0.5701906412478297,0.0,middle,1
T5,M2,581,86,3241,M2T5R581C3241VB86.h5,86.0,0.5701906412478297,0.0,middle,1
T5,M2,582,86,3245,M2T5R582C3245VB86.h5,86.0,0.5701906412478297,0.0,middle,1
T5,M2,583,86,3248,M2T5R583C3248VB86.h5,86.0,0.5701906412478297,0.019999999997979828,middle,1
T5,M2,584,86,3252,M2T5R584C3252VB86.h5,86.0,0.5701906412478297,0.0399999999959619,middle,1
T5,M2,585,86,3256,M2T5R585C3256VB86.h5,86.14285714285714,0.5711809853924199,0.059999999993941726,middle,1
T5,M2,586,86,3260,M2T5R586C3260VB86.h5,86.28571428571429,0.5721713295370102,0.07999999999192155,middle,1
T5,M2,587,86,3264,M2T5R587C3264VB86.h5,86.42857142857143,0.5731616736816004,0.09999999998990136,middle,1
T5,M2,588,87,3285,M2T5R588C3285VB87.h5,86.57142857142857,0.5741520178261906,0.09999999998990362,middle,1
T5,M2,589,87,3289,M2T5R589C3289VB87.h5,86.71428571428571,0.5751423619707808,0.09999999998990136,middle,1
T5,M2,590,87,3293,M2T5R590C3293VB87.h5,86.85714285714286,0.5761327061153712,0.07999999999192155,middle,1
T5,M2,591,87,3297,M2T5R591C3297VB87.h5,87.0,0.5771230502599614,0.059999999993941726,middle,1
T5,M2,592,87,3301,M2T5R592C3301VB87.h5,87.0,0.5771230502599614,0.0399999999959619,middle,1
T5,M2,593,87,3305,M2T5R593C3305VB87.h5,87.0,0.5771230502599614,0.019999999997979828,middle,1
T5,M2,594,87,3308,M2T5R594C3308VB87.h5,87.0,0.5771230502599614,0.0,middle,1
T5,M2,595,87,3312,M2T5R595C3312VB87.h5,87.0,0.5771230502599614,0.0,middle,1
T5,M2,596,87,3316,M2T5R596C3316VB87.h5,87.0,0.5771230502599614,0.0,middle,1
T5,M2,597,87,3320,M2T5R597C3320VB87.h5,87.0,0.5771230502599614,0.0,middle,1
T5,M2,598,87,3324,M2T5R598C3324VB87.h5,87.0,0.5771230502599614,0.0,middle,1
T5,M2,599,87,3328,M2T5R599C3328VB87.h5,87.0,0.5771230502599614,0.0,middle,1
T5,M2,600,87,3331,M2T5R600C3331VB87.h5,87.0,0.5771230502599614,0.0,middle,1
T5,M2,601,87,3335,M2T5R601C3335VB87.h5,87.0,0.5771230502599614,0.0,middle,1
T5,M2,602,87,3355,M2T5R602C3355VB87.h5,87.0,0.5771230502599614,0.0,middle,1
T5,M2,603,87,3359,M2T5R603C3359VB87.h5,87.0,0.5771230502599614,0.0,middle,1
T5,M2,604,87,3363,M2T5R604C3363VB87.h5,87.0,0.5771230502599614,0.0,middle,1
T5,M2,605,87,3367,M2T5R605C3367VB87.h5,87.0,0.5771230502599614,0.019999999997979828,middle,1
T5,M2,606,87,3370,M2T5R606C3370VB87.h5,87.0,0.5771230502599614,0.0399999999959619,middle,1
T5,M2,607,87,3374,M2T5R607C3374VB87.h5,87.14285714285714,0.5781133944045516,0.059999999993941726,middle,1
T5,M2,608,87,3378,M2T5R608C3378VB87.h5,87.28571428571429,0.5791037385491419,0.07999999999192155,middle,1
T5,M2,609,87,3382,M2T5R609C3382VB87.h5,87.42857142857143,0.5800940826937321,0.09999999998990136,middle,1
T5,M2,610,88,3402,M2T5R610C3402VB88.h5,87.57142857142857,0.5810844268383223,0.09999999998990362,middle,1
T5,M2,611,88,3406,M2T5R611C3406VB88.h5,87.71428571428571,0.5820747709829125,0.09999999998990136,middle,1
T5,M2,612,88,3410,M2T5R612C3410VB88.h5,87.85714285714286,0.5830651151275028,0.07999999999192155,middle,1
T5,M2,613,88,3413,M2T5R613C3413VB88.h5,88.0,0.584055459272093,0.059999999993941726,middle,1
T5,M2,614,88,3417,M2T5R614C3417VB88.h5,88.0,0.584055459272093,0.0399999999959619,middle,1
T5,M2,615,88,3421,M2T5R615C3421VB88.h5,88.0,0.584055459272093,0.019999999997979828,middle,1
T5,M2,616,88,3425,M2T5R616C3425VB88.h5,88.0,0.584055459272093,0.019999999997979828,middle,1
T5,M2,617,88,3446,M2T5R617C3446VB88.h5,88.0,0.584055459272093,0.0399999999959619,middle,1
T5,M2,618,88,3450,M2T5R618C3450VB88.h5,88.14285714285714,0.5850458034166832,0.059999999993941726,middle,1
T5,M2,619,88,3454,M2T5R619C3454VB88.h5,88.28571428571429,0.5860361475612735,0.07999999999192155,middle,1
T5,M2,620,88,3458,M2T5R620C3458VB88.h5,88.42857142857143,0.5870264917058637,0.09999999998990136,middle,1
T5,M2,621,89,3462,M2T5R621C3462VB89.h5,88.57142857142857,0.588016835850454,0.09999999998990362,middle,1
T5,M2,622,89,3466,M2T5R622C3466VB89.h5,88.71428571428571,0.5890071799950442,0.09999999998990136,middle,1
T5,M2,623,89,3469,M2T5R623C3469VB89.h5,88.85714285714286,0.5899975241396345,0.07999999999192155,middle,1
T5,M2,624,89,3473,M2T5R624C3473VB89.h5,89.0,0.5909878682842247,0.059999999993941726,middle,1
T5,M2,625,89,3477,M2T5R625C3477VB89.h5,89.0,0.5909878682842247,0.0399999999959619,middle,1
T5,M2,626,89,3481,M2T5R626C3481VB89.h5,89.0,0.5909878682842247,0.019999999997979828,middle,1
T5,M2,627,89,3485,M2T5R627C3485VB89.h5,89.0,0.5909878682842247,0.019999999997979828,middle,1
T5,M2,628,89,3489,M2T5R628C3489VB89.h5,89.0,0.5909878682842247,0.0399999999959619,middle,1
T5,M2,629,89,3492,M2T5R629C3492VB89.h5,89.14285714285714,0.5919782124288149,0.059999999993941726,middle,1
T5,M2,630,89,3496,M2T5R630C3496VB89.h5,89.28571428571429,0.5929685565734052,0.07999999999192155,middle,1
T5,M2,631,89,3516,M2T5R631C3516VB89.h5,89.42857142857143,0.5939589007179954,0.09999999998990136,middle,1
T5,M2,632,90,3520,M2T5R632C3520VB90.h5,89.57142857142857,0.5949492448625856,0.09999999998990362,middle,1
T5,M2,633,90,3524,M2T5R633C3524VB90.h5,89.71428571428571,0.5959395890071758,0.09999999998990136,middle,1
T5,M2,634,90,3528,M2T5R634C3528VB90.h5,89.85714285714286,0.5969299331517661,0.07999999999192155,middle,1
T5,M2,635,90,3532,M2T5R635C3532VB90.h5,90.0,0.5979202772963563,0.059999999993941726,middle,1
T5,M2,636,90,3535,M2T5R636C3535VB90.h5,90.0,0.5979202772963563,0.0399999999959619,middle,1
T5,M2,637,90,3539,M2T5R637C3539VB90.h5,90.0,0.5979202772963563,0.019999999997979828,middle,1
T5,M2,638,90,3543,M2T5R638C3543VB90.h5,90.0,0.5979202772963563,0.019999999997979828,middle,1
T5,M2,639,90,3563,M2T5R639C3563VB90.h5,90.0,0.5979202772963563,0.0399999999959619,middle,1
T5,M2,640,90,3567,M2T5R640C3567VB90.h5,90.14285714285714,0.5989106214409465,0.059999999993941726,middle,1
T5,M2,641,90,3571,M2T5R641C3571VB90.h5,90.28571428571429,0.5999009655855368,0.07999999999192155,middle,1
T5,M2,642,90,3574,M2T5R642C3574VB90.h5,90.42857142857143,0.600891309730127,0.09999999998990136,middle,1
T5,M2,643,91,3578,M2T5R643C3578VB91.h5,90.57142857142857,0.6018816538747173,0.09999999998990362,middle,1
T5,M2,644,91,3582,M2T5R644C3582VB91.h5,90.71428571428571,0.6028719980193075,0.09999999998990136,middle,1
T5,M2,645,91,3586,M2T5R645C3586VB91.h5,90.85714285714286,0.6038623421638978,0.07999999999192155,middle,1
T5,M2,646,91,3607,M2T5R646C3607VB91.h5,91.0,0.604852686308488,0.059999999993941726,middle,1
T5,M2,647,91,3611,M2T5R647C3611VB91.h5,91.0,0.604852686308488,0.0399999999959619,middle,1
T5,M2,648,91,3615,M2T5R648C3615VB91.h5,91.0,0.604852686308488,0.019999999997979828,middle,1
T5,M2,649,91,3619,M2T5R649C3619VB91.h5,91.0,0.604852686308488,0.019999999997979828,middle,1
T5,M2,650,91,3623,M2T5R650C3623VB91.h5,91.0,0.604852686308488,0.0399999999959619,middle,1
T5,M2,651,91,3627,M2T5R651C3627VB91.h5,91.14285714285714,0.6058430304530782,0.059999999993941726,middle,1
T5,M2,652,91,3630,M2T5R652C3630VB91.h5,91.28571428571429,0.6068333745976685,0.07999999999192155,middle,1
T5,M2,653,91,3634,M2T5R653C3634VB91.h5,91.42857142857143,0.6078237187422587,0.09999999998990362,middle,1
T5,M2,654,92,3638,M2T5R654C3638VB92.h5,91.57142857142857,0.6088140628868489,0.09999999998990362,middle,1
T5,M2,655,92,3642,M2T5R655C3642VB92.h5,91.71428571428571,0.6098044070314392,0.09999999998990136,middle,1
T5,M2,656,92,3646,M2T5R656C3646VB92.h5,91.85714285714286,0.6107947511760294,0.07999999999192155,middle,1
T5,M2,657,92,3650,M2T5R657C3650VB92.h5,92.0,0.6117850953206196,0.059999999993941726,middle,1
T5,M2,658,92,3653,M2T5R658C3653VB92.h5,92.0,0.6117850953206196,0.039999999995959656,middle,1
T5,M2,659,92,3657,M2T5R659C3657VB92.h5,92.0,0.6117850953206196,0.019999999997979828,middle,1
T5,M2,660,92,3677,M2T5R660C3677VB92.h5,92.0,0.6117850953206196,0.01999999999798207,middle,1
T5,M2,661,92,3681,M2T5R661C3681VB92.h5,92.0,0.6117850953206196,0.0399999999959619,middle,1
T5,M2,662,92,3685,M2T5R662C3685VB92.h5,92.14285714285714,0.61277543946521,0.05999999999394397,middle,1
T5,M2,663,92,3689,M2T5R663C3689VB92.h5,92.28571428571429,0.6137657836098002,0.0799999999919238,middle,1
T5,M2,664,92,3693,M2T5R664C3693VB92.h5,92.42857142857143,0.6147561277543905,0.09999999998990362,middle,1
T5,M2,665,93,3696,M2T5R665C3696VB93.h5,92.57142857142857,0.6157464718989807,0.09999999998990362,middle,1
T5,M2,666,93,3700,M2T5R666C3700VB93.h5,92.71428571428571,0.6167368160435709,0.09999999998990362,middle,1
T5,M2,667,93,3704,M2T5R667C3704VB93.h5,92.85714285714286,0.6177271601881612,0.07999999999192155,middle,1
T5,M2,668,93,3724,M2T5R668C3724VB93.h5,93.0,0.6187175043327514,0.059999999993941726,late,2
T5,M2,669,93,3728,M2T5R669C3728VB93.h5,93.0,0.6187175043327514,0.0399999999959619,late,2
T5,M2,670,93,3732,M2T5R670C3732VB93.h5,93.0,0.6187175043327514,0.019999999997979828,late,2
T5,M2,671,93,3736,M2T5R671C3736VB93.h5,93.0,0.6187175043327514,0.019999999997979828,late,2
T5,M2,672,93,3739,M2T5R672C3739VB93.h5,93.0,0.6187175043327514,0.0399999999959619,late,2
T5,M2,673,93,3743,M2T5R673C3743VB93.h5,93.14285714285714,0.6197078484773416,0.059999999993941726,late,2
T5,M2,674,93,3747,M2T5R674C3747VB93.h5,93.28571428571429,0.6206981926219319,0.07999999999192155,late,2
T5,M2,675,93,3769,M2T5R675C3769VB93.h5,93.42857142857143,0.6216885367665221,0.09999999998990136,late,2
T5,M2,676,94,3773,M2T5R676C3773VB94.h5,93.57142857142857,0.6226788809111123,0.09999999998990362,late,2
T5,M2,677,94,3776,M2T5R677C3776VB94.h5,93.71428571428571,0.6236692250557025,0.09999999998990136,late,2
T5,M2,678,94,3780,M2T5R678C3780VB94.h5,93.85714285714286,0.6246595692002929,0.07999999999192155,late,2
T5,M2,679,94,3784,M2T5R679C3784VB94.h5,94.0,0.6256499133448831,0.059999999993941726,late,2
T5,M2,680,94,3788,M2T5R680C3788VB94.h5,94.0,0.6256499133448831,0.0399999999959619,late,2
T5,M2,681,94,3792,M2T5R681C3792VB94.h5,94.0,0.6256499133448831,0.019999999997979828,late,2
T5,M2,682,94,3796,M2T5R682C3796VB94.h5,94.0,0.6256499133448831,0.0,late,2
T5,M2,683,94,3799,M2T5R683C3799VB94.h5,94.0,0.6256499133448831,0.0,late,2
T5,M2,684,94,3803,M2T5R684C3803VB94.h5,94.0,0.6256499133448831,0.0,late,2
T5,M2,685,94,3807,M2T5R685C3807VB94.h5,94.0,0.6256499133448831,0.0,late,2
T5,M2,686,94,3811,M2T5R686C3811VB94.h5,94.0,0.6256499133448831,0.0,late,2
T5,M2,687,94,3815,M2T5R687C3815VB94.h5,94.0,0.6256499133448831,0.0,late,2
T5,M2,688,94,3819,M2T5R688C3819VB94.h5,94.0,0.6256499133448831,0.019999999997979828,late,2
T5,M2,689,94,3839,M2T5R689C3839VB94.h5,94.0,0.6256499133448831,0.0399999999959619,late,2
T5,M2,690,94,3842,M2T5R690C3842VB94.h5,94.14285714285714,0.6266402574894733,0.059999999993941726,late,2
T5,M2,691,94,3846,M2T5R691C3846VB94.h5,94.28571428571429,0.6276306016340636,0.07999999999192155,late,2
T5,M2,692,94,3850,M2T5R692C3850VB94.h5,94.42857142857143,0.6286209457786538,0.09999999998990136,late,2
T5,M2,693,95,3854,M2T5R693C3854VB95.h5,94.57142857142857,0.629611289923244,0.09999999998990362,late,2
T5,M2,694,95,3858,M2T5R694C3858VB95.h5,94.71428571428571,0.6306016340678342,0.09999999998990136,late,2
T5,M2,695,95,3862,M2T5R695C3862VB95.h5,94.85714285714286,0.6315919782124245,0.07999999999192155,late,2
T5,M2,696,95,3865,M2T5R696C3865VB95.h5,95.0,0.6325823223570147,0.059999999993941726,late,2
T5,M2,697,95,3889,M2T5R697C3889VB95.h5,95.0,0.6325823223570147,0.0399999999959619,late,2
T5,M2,698,95,3893,M2T5R698C3893VB95.h5,95.0,0.6325823223570147,0.019999999997979828,late,2
T5,M2,699,95,3897,M2T5R699C3897VB95.h5,95.0,0.6325823223570147,0.019999999997979828,late,2
T5,M2,700,95,3900,M2T5R700C3900VB95.h5,95.0,0.6325823223570147,0.0399999999959619,late,2
T5,M2,701,95,3904,M2T5R701C3904VB95.h5,95.14285714285714,0.6335726665016049,0.059999999993941726,late,2
T5,M2,702,95,3908,M2T5R702C3908VB95.h5,95.28571428571429,0.6345630106461952,0.07999999999192155,late,2
T5,M2,703,95,3912,M2T5R703C3912VB95.h5,95.42857142857143,0.6355533547907855,0.09999999998990136,late,2
T5,M2,704,96,3934,M2T5R704C3934VB96.h5,95.57142857142857,0.6365436989353757,0.09999999998990362,late,2
T5,M2,705,96,3938,M2T5R705C3938VB96.h5,95.71428571428571,0.6375340430799659,0.09999999998990136,late,2
T5,M2,706,96,3941,M2T5R706C3941VB96.h5,95.85714285714286,0.6385243872245562,0.07999999999192155,late,2
T5,M2,707,96,3945,M2T5R707C3945VB96.h5,96.0,0.6395147313691464,0.059999999993941726,late,2
T5,M2,708,96,3949,M2T5R708C3949VB96.h5,96.0,0.6395147313691464,0.0399999999959619,late,2
T5,M2,709,96,3953,M2T5R709C3953VB96.h5,96.0,0.6395147313691464,0.019999999997979828,late,2
T5,M2,710,96,3957,M2T5R710C3957VB96.h5,96.0,0.6395147313691464,0.0,late,2
T5,M2,711,96,3960,M2T5R711C3960VB96.h5,96.0,0.6395147313691464,0.0,late,2
T5,M2,712,96,3964,M2T5R712C3964VB96.h5,96.0,0.6395147313691464,0.0,late,2
T5,M2,713,96,3968,M2T5R713C3968VB96.h5,96.0,0.6395147313691464,0.0,late,2
T5,M2,714,96,3972,M2T5R714C3972VB96.h5,96.0,0.6395147313691464,0.0,late,2
T5,M2,715,96,3976,M2T5R715C3976VB96.h5,96.0,0.6395147313691464,0.0,late,2
T5,M2,716,96,3980,M2T5R716C3980VB96.h5,96.0,0.6395147313691464,0.019999999997979828,late,2
T5,M2,717,96,3984,M2T5R717C3984VB96.h5,96.0,0.6395147313691464,0.0399999999959619,late,2
T5,M2,718,96,4004,M2T5R718C4004VB96.h5,96.14285714285714,0.6405050755137366,0.059999999993941726,late,2
T5,M2,719,96,4007,M2T5R719C4007VB96.h5,96.28571428571429,0.6414954196583269,0.07999999999192155,late,2
T5,M2,720,96,4011,M2T5R720C4011VB96.h5,96.42857142857143,0.6424857638029171,0.09999999998990136,late,2
T5,M2,721,97,4015,M2T5R721C4015VB97.h5,96.57142857142857,0.6434761079475073,0.09999999998990362,late,2
T5,M2,722,97,4019,M2T5R722C4019VB97.h5,96.71428571428571,0.6444664520920975,0.09999999998990136,late,2
T5,M2,723,97,4023,M2T5R723C4023VB97.h5,96.85714285714286,0.6454567962366878,0.07999999999192155,late,2
T5,M2,724,97,4027,M2T5R724C4027VB97.h5,97.0,0.646447140381278,0.07999999999192155,late,2
T5,M2,725,97,4031,M2T5R725C4031VB97.h5,97.0,0.646447140381278,0.0799999999919238,late,2
T5,M2,726,97,4050,M2T5R726C4050VB97.h5,97.14285714285714,0.6474374845258682,0.07999999999192155,late,2
T5,M2,727,97,4054,M2T5R727C4054VB97.h5,97.28571428571429,0.6484278286704586,0.07999999999192155,late,2
T5,M2,728,97,4058,M2T5R728C4058VB97.h5,97.42857142857143,0.6494181728150488,0.11999999998788345,late,2
T5,M2,729,98,4061,M2T5R729C4061VB98.h5,97.57142857142857,0.650408516959639,0.13999999998586327,late,2
T5,M2,730,98,4065,M2T5R730C4065VB98.h5,97.85714285714286,0.6523892052488195,0.1599999999838431,late,2
T5,M2,731,98,4069,M2T5R731C4069VB98.h5,98.14285714285714,0.6543698935379999,0.1599999999838431,late,2
T5,M2,732,98,4073,M2T5R732C4073VB98.h5,98.42857142857143,0.6563505818271804,0.1599999999838431,late,2
T5,M2,733,99,4095,M2T5R733C4095VB99.h5,98.57142857142857,0.6573409259717706,0.13999999998586327,late,2
T5,M2,734,99,4098,M2T5R734C4098VB99.h5,98.71428571428571,0.6583312701163608,0.11999999998788345,late,2
T5,M2,735,99,4102,M2T5R735C4102VB99.h5,98.85714285714286,0.6593216142609511,0.07999999999192155,late,2
T5,M2,736,99,4106,M2T5R736C4106VB99.h5,99.0,0.6603119584055414,0.07999999999192155,late,2
T5,M2,737,99,4110,M2T5R737C4110VB99.h5,99.0,0.6603119584055414,0.0799999999919238,late,2
T5,M2,738,99,4114,M2T5R738C4114VB99.h5,99.14285714285714,0.6613023025501316,0.07999999999192155,late,2
T5,M2,739,99,4118,M2T5R739C4118VB99.h5,99.28571428571429,0.6622926466947219,0.07999999999192155,late,2
T5,M2,740,99,4121,M2T5R740C4121VB99.h5,99.42857142857143,0.6632829908393121,0.09999999998990136,late,2
T5,M2,741,100,4125,M2T5R741C4125VB100.h5,99.57142857142857,0.6642733349839023,0.09999999998990362,late,2
T5,M2,742,100,4129,M2T5R742C4129VB100.h5,99.71428571428571,0.6652636791284925,0.11999999998788119,late,2
T5,M2,743,100,4133,M2T5R743C4133VB100.h5,99.85714285714286,0.6662540232730828,0.11999999998788345,late,2
T5,M2,744,100,4137,M2T5R744C4137VB100.h5,100.14285714285714,0.6682347115622632,0.11999999998788345,late,2
T5,M2,745,100,4141,M2T5R745C4141VB100.h5,100.28571428571429,0.6692250557068535,0.11999999998788345,late,2
T5,M2,746,100,4144,M2T5R746C4144VB100.h5,100.42857142857143,0.6702153998514437,0.11999999998788119,late,2
T5,M2,747,101,4164,M2T5R747C4164VB101.h5,100.57142857142857,0.6712057439960339,0.09999999998990362,late,2
T5,M2,748,101,4168,M2T5R748C4168VB101.h5,100.71428571428571,0.6721960881406241,0.11999999998788119,late,2
T5,M2,749,101,4172,M2T5R749C4172VB101.h5,100.85714285714286,0.6731864322852145,0.11999999998788345,late,2
T5,M2,750,101,4176,M2T5R750C4176VB101.h5,101.14285714285714,0.6751671205743949,0.11999999998788345,late,2
T5,M2,751,101,4180,M2T5R751C4180VB101.h5,101.28571428571429,0.6761574647189852,0.11999999998788345,late,2
T5,M2,752,101,4184,M2T5R752C4184VB101.h5,101.42857142857143,0.6771478088635754,0.13999999998586327,late,2
T5,M2,753,102,4187,M2T5R753C4187VB102.h5,101.57142857142857,0.6781381530081656,0.13999999998586551,late,2
T5,M2,754,102,4191,M2T5R754C4191VB102.h5,101.85714285714286,0.6801188412973461,0.1599999999838431,late,2
T5,M2,755,102,4211,M2T5R755C4211VB102.h5,102.14285714285714,0.6820995295865266,0.15999999998384534,late,2
T5,M2,756,102,4215,M2T5R756C4215VB102.h5,102.42857142857143,0.684080217875707,0.15999999998384534,late,2
T5,M2,757,103,4219,M2T5R757C4219VB103.h5,102.57142857142857,0.6850705620202974,0.15999999998384534,late,2
T5,M2,758,103,4223,M2T5R758C4223VB103.h5,102.71428571428571,0.6860609061648876,0.15999999998384534,late,2
T5,M2,759,103,4227,M2T5R759C4227VB103.h5,103.0,0.6880415944540681,0.13999999998586551,late,2
T5,M2,760,103,4231,M2T5R760C4231VB103.h5,103.28571428571429,0.6900222827432486,0.13999999998586327,late,2
T5,M2,761,103,4234,M2T5R761C4234VB103.h5,103.42857142857143,0.6910126268878388,0.13999999998586327,late,2
T5,M2,762,104,4256,M2T5R762C4256VB104.h5,103.57142857142857,0.692002971032429,0.11999999998788345,late,2
T5,M2,763,104,4260,M2T5R763C4260VB104.h5,103.71428571428571,0.6929933151770192,0.11999999998788119,late,2
T5,M2,764,104,4264,M2T5R764C4264VB104.h5,103.85714285714286,0.6939836593216095,0.11999999998788345,late,2
T5,M2,765,104,4268,M2T5R765C4268VB104.h5,104.14285714285714,0.69596434761079,0.11999999998788345,late,2
T5,M2,766,104,4271,M2T5R766C4271VB104.h5,104.28571428571429,0.6969546917553803,0.11999999998788345,late,2
T5,M2,767,104,4275,M2T5R767C4275VB104.h5,104.42857142857143,0.6979450358999705,0.11999999998788119,late,2
T5,M2,768,105,4279,M2T5R768C4279VB105.h5,104.57142857142857,0.6989353800445607,0.09999999998990362,late,2
T5,M2,769,105,4283,M2T5R769C4283VB105.h5,104.71428571428571,0.6999257241891509,0.09999999998990136,late,2
T5,M2,770,105,4287,M2T5R770C4287VB105.h5,104.85714285714286,0.7009160683337412,0.07999999999192155,late,2
T5,M2,771,105,4291,M2T5R771C4291VB105.h5,105.0,0.7019064124783314,0.07999999999192155,late,2
T5,M2,772,105,4295,M2T5R772C4295VB105.h5,105.0,0.7019064124783314,0.0799999999919238,late,2
T5,M2,773,105,4298,M2T5R773C4298VB105.h5,105.14285714285714,0.7028967566229216,0.07999999999192155,late,2
T5,M2,774,105,4302,M2T5R774C4302VB105.h5,105.28571428571429,0.7038871007675119,0.07999999999192155,late,2
T5,M2,775,105,4306,M2T5R775C4306VB105.h5,105.42857142857143,0.7048774449121021,0.11999999998788345,late,2
T5,M2,776,106,4326,M2T5R776C4326VB106.h5,105.57142857142857,0.7058677890566923,0.13999999998586327,late,2
T5,M2,777,106,4330,M2T5R777C4330VB106.h5,105.85714285714286,0.7078484773458729,0.1599999999838431,late,2
T5,M2,778,106,4334,M2T5R778C4334VB106.h5,106.14285714285714,0.7098291656350533,0.1599999999838431,late,2
T5,M2,779,106,4338,M2T5R779C4338VB106.h5,106.42857142857143,0.7118098539242338,0.17999999998182517,late,2
T5,M2,780,107,4341,M2T5R780C4341VB107.h5,106.57142857142857,0.712800198068824,0.17999999998182292,late,2
T5,M2,781,107,4345,M2T5R781C4345VB107.h5,106.85714285714286,0.7147808863580045,0.17999999998182517,late,2
T5,M2,782,107,4349,M2T5R782C4349VB107.h5,107.14285714285714,0.7167615746471849,0.17999999998182292,late,2
T5,M2,783,107,4353,M2T5R783C4353VB107.h5,107.42857142857143,0.7187422629363655,0.199999999979805,late,2
T5,M2,784,108,4373,M2T5R784C4373VB108.h5,107.71428571428571,0.7207229512255459,0.199999999979805,late,2
T5,M2,785,108,4377,M2T5R785C4377VB108.h5,108.0,0.7227036395147264,0.199999999979805,late,2
T5,M2,786,108,4381,M2T5R786C4381VB108.h5,108.28571428571429,0.7246843278039069,0.21999999997778483,late,2
T5,M2,787,109,4384,M2T5R787C4384VB109.h5,108.57142857142857,0.7266650160930873,0.2399999999757669,late,2
T5,M2,788,109,4388,M2T5R788C4388VB109.h5,109.0,0.729636048526858,0.25999999997374673,late,2
T5,M2,789,109,4392,M2T5R789C4392VB109.h5,109.42857142857143,0.7326070809606288,0.2599999999737445,late,2
T5,M2,790,109,4396,M2T5R790C4396VB109.h5,109.85714285714286,0.7355781133943995,0.27999999997172653,late,2
T5,M2,791,111,4417,M2T5R791C4417VB111.h5,110.14285714285714,0.7375588016835799,0.27999999997172653,late,2
T5,M2,792,111,4421,M2T5R792C4421VB111.h5,110.57142857142857,0.7405298341173506,0.27999999997172653,late,2
T5,M2,793,111,4425,M2T5R793C4425VB111.h5,111.0,0.7435008665511214,0.23999999997576466,late,2
T5,M2,794,111,4429,M2T5R794C4429VB111.h5,111.42857142857143,0.7464718989848921,0.2399999999757669,late,2
T5,M2,795,112,4433,M2T5R795C4433VB112.h5,111.57142857142857,0.7474622431294823,0.21999999997778483,late,2
T5,M2,796,112,4437,M2T5R796C4437VB112.h5,111.85714285714286,0.7494429314186628,0.199999999979805,late,2
T5,M2,797,112,4440,M2T5R797C4440VB112.h5,112.14285714285714,0.7514236197078432,0.1599999999838431,late,2
T5,M2,798,112,4444,M2T5R798C4444VB112.h5,112.42857142857143,0.7534043079970237,0.17999999998182517,late,2
T5,M2,799,113,4448,M2T5R799C4448VB113.h5,112.57142857142857,0.7543946521416139,0.17999999998182517,late,2
T5,M2,800,113,4452,M2T5R800C4452VB113.h5,112.85714285714286,0.7563753404307945,0.19999999997980725,late,2
T5,M2,801,113,4456,M2T5R801C4456VB113.h5,113.14285714285714,0.758356028719975,0.19999999997980725,late,2
T5,M2,802,113,4460,M2T5R802C4460VB113.h5,113.57142857142857,0.7613270611537457,0.23999999997576912,late,2
T5,M2,803,114,4464,M2T5R803C4464VB114.h5,113.85714285714286,0.7633077494429262,0.25999999997374673,late,2
T5,M2,804,114,4467,M2T5R804C4467VB114.h5,114.28571428571429,0.766278781876697,0.27999999997172653,late,2
T5,M2,805,115,4488,M2T5R805C4488VB115.h5,114.71428571428571,0.7692498143104676,0.25999999997374673,late,2
T5,M2,806,115,4491,M2T5R806C4491VB115.h5,115.14285714285714,0.7722208467442383,0.27999999997172653,late,2
T5,M2,807,116,4495,M2T5R807C4495VB116.h5,115.42857142857143,0.7742015350334188,0.2599999999737445,late,2
T5,M2,808,116,4499,M2T5R808C4499VB116.h5,115.85714285714286,0.7771725674671895,0.25999999997374673,late,2
T5,M2,809,116,4503,M2T5R809C4503VB116.h5,116.14285714285714,0.77915325575637,0.2399999999757669,late,2
T5,M2,810,116,4507,M2T5R810C4507VB116.h5,116.57142857142857,0.7821242881901407,0.23999999997576466,late,2
T5,M2,811,117,4511,M2T5R811C4511VB117.h5,116.85714285714286,0.7841049764793212,0.21999999997778483,late,2
T5,M2,812,117,4514,M2T5R812C4514VB117.h5,117.14285714285714,0.7860856647685016,0.2399999999757669,late,2
T5,M2,813,118,4538,M2T5R813C4538VB118.h5,117.42857142857143,0.7880663530576821,0.21999999997778483,late,2
T5,M2,814,118,4542,M2T5R814C4542VB118.h5,117.85714285714286,0.7910373854914529,0.21999999997778483,late,2
T5,M2,815,118,4545,M2T5R815C4545VB118.h5,118.14285714285714,0.7930180737806333,0.21999999997778483,late,2
T5,M2,816,118,4549,M2T5R816C4549VB118.h5,118.42857142857143,0.7949987620698138,0.21999999997778483,late,2
T5,M2,817,119,4553,M2T5R817C4553VB119.h5,118.71428571428571,0.7969794503589942,0.199999999979805,late,2
T5,M2,818,119,4557,M2T5R818C4557VB119.h5,119.0,0.7989601386481747,0.199999999979805,late,2
T5,M2,819,119,4561,M2T5R819C4561VB119.h5,119.28571428571429,0.8009408269373552,0.199999999979805,late,2
T5,M2,820,120,4582,M2T5R820C4582VB120.h5,119.57142857142857,0.8029215152265357,0.199999999979805,late,2
T5,M2,821,120,4586,M2T5R821C4586VB120.h5,119.85714285714286,0.8049022035157162,0.199999999979805,late,2
T5,M2,822,120,4590,M2T5R822C4590VB120.h5,120.14285714285714,0.8068828918048966,0.17999999998182292,late,2
T5,M2,823,120,4594,M2T5R823C4594VB120.h5,120.42857142857143,0.8088635800940771,0.1599999999838431,late,2
T5,M2,824,121,4598,M2T5R824C4598VB121.h5,120.57142857142857,0.8098539242386673,0.13999999998586327,late,2
T5,M2,825,121,4602,M2T5R825C4602VB121.h5,120.71428571428571,0.8108442683832575,0.13999999998586327,late,2
T5,M2,826,121,4605,M2T5R826C4605VB121.h5,120.85714285714286,0.8118346125278478,0.11999999998788345,late,2
T5,M2,827,121,4609,M2T5R827C4609VB121.h5,121.14285714285714,0.8138153008170282,0.11999999998788345,late,2
T5,M2,828,121,4613,M2T5R828C4613VB121.h5,121.28571428571429,0.8148056449616186,0.11999999998788345,late,2
T5,M2,829,121,4617,M2T5R829C4617VB121.h5,121.42857142857143,0.8157959891062088,0.13999999998586327,late,2
T5,M2,830,122,4621,M2T5R830C4621VB122.h5,121.57142857142857,0.816786333250799,0.13999999998586327,late,2
T5,M2,831,122,4625,M2T5R831C4625VB122.h5,121.85714285714286,0.8187670215399795,0.1599999999838431,late,2
T5,M2,832,122,4628,M2T5R832C4628VB122.h5,122.14285714285714,0.8207477098291599,0.1599999999838431,late,2
T5,M2,833,122,4632,M2T5R833C4632VB122.h5,122.42857142857143,0.8227283981183404,0.17999999998182517,late,2
T5,M2,834,123,4652,M2T5R834C4652VB123.h5,122.57142857142857,0.8237187422629306,0.17999999998182517,late,2
T5,M2,835,123,4656,M2T5R835C4656VB123.h5,122.85714285714286,0.8256994305521111,0.17999999998182742,late,2
T5,M2,836,123,4660,M2T5R836C4660VB123.h5,123.14285714285714,0.8276801188412917,0.15999999998384534,late,2
T5,M2,837,123,4664,M2T5R837C4664VB123.h5,123.42857142857143,0.8296608071304722,0.17999999998182742,late,2
T5,M2,838,124,4668,M2T5R838C4668VB124.h5,123.57142857142857,0.8306511512750624,0.17999999998182517,late,2
T5,M2,839,124,4672,M2T5R839C4672VB124.h5,123.85714285714286,0.8326318395642429,0.17999999998182517,late,2
T5,M2,840,124,4675,M2T5R840C4675VB124.h5,124.14285714285714,0.8346125278534233,0.17999999998182292,late,2
T5,M2,841,124,4679,M2T5R841C4679VB124.h5,124.42857142857143,0.8365932161426038,0.199999999979805,late,2
T5,M2,842,125,4702,M2T5R842C4702VB125.h5,124.71428571428571,0.8385739044317843,0.199999999979805,late,2
T5,M2,843,125,4706,M2T5R843C4706VB125.h5,125.0,0.8405545927209648,0.199999999979805,late,2
T5,M2,844,125,4710,M2T5R844C4710VB125.h5,125.28571428571429,0.8425352810101453,0.199999999979805,late,2
T5,M2,845,126,4714,M2T5R845C4714VB126.h5,125.57142857142857,0.8445159692993257,0.199999999979805,late,2
T5,M2,846,126,4718,M2T5R846C4718VB126.h5,125.85714285714286,0.8464966575885062,0.199999999979805,late,2
T5,M2,847,126,4721,M2T5R847C4721VB126.h5,126.14285714285714,0.8484773458776866,0.19999999997980272,late,2
T5,M2,848,126,4725,M2T5R848C4725VB126.h5,126.42857142857143,0.8504580341668672,0.199999999979805,late,2
T5,M2,849,127,4747,M2T5R849C4747VB127.h5,126.71428571428571,0.8524387224560476,0.199999999979805,late,2
T5,M2,850,127,4751,M2T5R850C4751VB127.h5,127.0,0.8544194107452281,0.199999999979805,late,2
T5,M2,851,127,4755,M2T5R851C4755VB127.h5,127.28571428571429,0.8564000990344086,0.17999999998182292,late,2
T5,M2,852,128,4759,M2T5R852C4759VB128.h5,127.57142857142857,0.858380787323589,0.15999999998384534,late,2
T5,M2,853,128,4762,M2T5R853C4762VB128.h5,127.71428571428571,0.8593711314681792,0.1599999999838431,late,2
T5,M2,854,128,4766,M2T5R854C4766VB128.h5,127.85714285714286,0.8603614756127695,0.13999999998586102,late,2
T5,M2,855,128,4770,M2T5R855C4770VB128.h5,128.14285714285714,0.86234216390195,0.11999999998788119,late,2
T5,M2,856,128,4774,M2T5R856C4774VB128.h5,128.28571428571428,0.8633325080465402,0.11999999998788569,late,2
T5,M2,857,128,4778,M2T5R857C4778VB128.h5,128.42857142857142,0.8643228521911304,0.11999999998788345,late,2
T5,M2,858,129,4782,M2T5R858C4782VB129.h5,128.57142857142858,0.8653131963357208,0.11999999998788345,late,2
T5,M2,859,129,4785,M2T5R859C4785VB129.h5,128.71428571428572,0.866303540480311,0.13999999998586327,late,2
T5,M2,860,129,4789,M2T5R860C4789VB129.h5,129.0,0.8682842287694914,0.13999999998586327,late,2
T5,M2,861,129,4793,M2T5R861C4793VB129.h5,129.28571428571428,0.8702649170586718,0.1599999999838431,late,2
T5,M2,862,129,4797,M2T5R862C4797VB129.h5,129.42857142857142,0.871255261203262,0.17999999998182292,late,2
T5,M2,863,130,4817,M2T5R863C4817VB130.h5,129.71428571428572,0.8732359494924427,0.17999999998182292,late,2
T5,M2,864,130,4821,M2T5R864C4821VB130.h5,130.0,0.8752166377816231,0.17999999998182742,late,2
T5,M2,865,130,4825,M2T5R865C4825VB130.h5,130.28571428571428,0.8771973260708035,0.17999999998182742,late,2
T5,M2,866,131,4828,M2T5R866C4828VB131.h5,130.57142857142858,0.8791780143599841,0.17999999998182292,late,2
T5,M2,867,131,4832,M2T5R867C4832VB131.h5,130.71428571428572,0.8801683585045743,0.19999999997980272,late,2
T5,M2,868,131,4836,M2T5R868C4836VB131.h5,131.0,0.8821490467937547,0.19999999997980725,late,2
T5,M2,869,131,4840,M2T5R869C4840VB131.h5,131.42857142857142,0.8851200792275253,0.19999999997980272,late,2
T5,M2,870,131,4844,M2T5R870C4844VB131.h5,131.71428571428572,0.887100767516706,0.21999999997778255,late,2
T5,M2,871,132,4866,M2T5R871C4866VB132.h5,132.0,0.8890814558058864,0.21999999997778708,late,2
T5,M2,872,133,4870,M2T5R872C4870VB133.h5,132.28571428571428,0.8910621440950668,0.21999999997778708,late,2
T5,M2,873,133,4874,M2T5R873C4874VB133.h5,132.57142857142858,0.8930428323842474,0.23999999997576466,late,2
T5,M2,874,133,4878,M2T5R874C4878VB133.h5,133.0,0.896013864818018,0.2399999999757669,late,2
T5,M2,875,133,4882,M2T5R875C4882VB133.h5,133.42857142857142,0.8989848972517888,0.23999999997576912,late,2
T5,M2,876,133,4886,M2T5R876C4886VB133.h5,133.71428571428572,0.9009655855409693,0.23999999997576466,late,2
T5,M2,877,134,4889,M2T5R877C4889VB134.h5,134.0,0.9029462738301498,0.21999999997778708,late,2
T5,M2,878,135,4911,M2T5R878C4911VB135.h5,134.28571428571428,0.9049269621193302,0.21999999997778708,late,2
T5,M2,879,135,4915,M2T5R879C4915VB135.h5,134.57142857142858,0.9069076504085107,0.21999999997778483,late,2
T5,M2,880,135,4919,M2T5R880C4919VB135.h5,135.0,0.9098786828422815,0.19999999997980272,late,2
T5,M2,881,135,4923,M2T5R881C4923VB135.h5,135.28571428571428,0.9118593711314619,0.17999999998182742,late,2
T5,M2,882,135,4926,M2T5R882C4926VB135.h5,135.42857142857142,0.9128497152760521,0.15999999998384534,late,2
T5,M2,883,136,4930,M2T5R883C4930VB136.h5,135.57142857142858,0.9138400594206425,0.13999999998586327,late,2
T5,M2,884,136,4934,M2T5R884C4934VB136.h5,135.71428571428572,0.9148304035652327,0.13999999998586327,late,2
T5,M2,885,136,4938,M2T5R885C4938VB136.h5,136.0,0.9168110918544131,0.13999999998586327,late,2
T5,M2,886,136,4942,M2T5R886C4942VB136.h5,136.28571428571428,0.9187917801435935,0.13999999998586327,late,2
T5,M2,887,136,4946,M2T5R887C4946VB136.h5,136.42857142857142,0.9197821242881837,0.1599999999838431,late,2
T5,M2,888,137,4949,M2T5R888C4949VB137.h5,136.57142857142858,0.9207724684327742,0.1599999999838431,late,2
T5,M2,889,137,4953,M2T5R889C4953VB137.h5,136.85714285714286,0.9227531567219546,0.17999999998182742,late,2
T5,M2,890,137,4957,M2T5R890C4957VB137.h5,137.14285714285714,0.924733845011135,0.19999999997980725,late,2
T5,M2,891,137,4961,M2T5R891C4961VB137.h5,137.57142857142858,0.9277048774449058,0.21999999997778255,late,2
T5,M2,892,138,4981,M2T5R892C4981VB138.h5,137.85714285714286,0.9296855657340862,0.21999999997778255,late,2
T5,M2,893,138,4985,M2T5R893C4985VB138.h5,138.14285714285714,0.9316662540232666,0.21999999997778708,late,2
T5,M2,894,139,4989,M2T5R894C4989VB139.h5,138.42857142857142,0.933646942312447,0.19999999997980272,late,2
T5,M2,895,139,4993,M2T5R895C4993VB139.h5,138.71428571428572,0.9356276306016277,0.21999999997778255,late,2
T5,M2,896,139,4996,M2T5R896C4996VB139.h5,139.0,0.9376083188908081,0.21999999997778708,late,2
T5,M2,897,139,5000,M2T5R897C5000VB139.h5,139.42857142857142,0.9405793513245787,0.21999999997778708,late,2
T5,M2,898,139,5004,M2T5R898C5004VB139.h5,139.71428571428572,0.9425600396137593,0.21999999997778255,late,2
T5,M2,899,140,5008,M2T5R899C5008VB140.h5,140.0,0.9445407279029397,0.2399999999757669,late,2
T5,M2,900,141,5031,M2T5R900C5031VB141.h5,140.28571428571428,0.9465214161921202,0.2399999999757669,late,2
T5,M2,901,141,5034,M2T5R901C5034VB141.h5,140.71428571428572,0.949492448625891,0.23999999997576238,late,2
T5,M2,902,141,5038,M2T5R902C5038VB141.h5,141.14285714285714,0.9524634810596616,0.2399999999757669,late,2
T5,M2,903,141,5042,M2T5R903C5042VB141.h5,141.42857142857142,0.954444169348842,0.2399999999757669,late,2
T5,M2,904,142,5046,M2T5R904C5046VB142.h5,141.71428571428572,0.9564248576380227,0.23999999997576238,late,2
T5,M2,905,142,5050,M2T5R905C5050VB142.h5,142.0,0.9584055459272031,0.2399999999757669,late,2
T5,M2,906,142,5054,M2T5R906C5054VB142.h5,142.42857142857142,0.9613765783609737,0.2399999999757669,late,2
T5,M2,907,143,5075,M2T5R907C5075VB143.h5,142.85714285714286,0.9643476107947445,0.23999999997576466,late,2
T5,M2,908,143,5079,M2T5R908C5079VB143.h5,143.14285714285714,0.9663282990839249,0.25999999997374673,late,2
T5,M2,909,144,5083,M2T5R909C5083VB144.h5,143.42857142857142,0.9683089873731054,0.23999999997576912,late,2
T5,M2,910,144,5087,M2T5R910C5087VB144.h5,143.85714285714286,0.9712800198068762,0.21999999997778483,late,2
T5,M2,911,144,5091,M2T5R911C5091VB144.h5,144.14285714285714,0.9732607080960567,0.19999999997980725,late,2
T5,M2,912,144,5094,M2T5R912C5094VB144.h5,144.42857142857142,0.9752413963852371,0.17999999998182742,late,2
T5,M2,913,145,5098,M2T5R913C5098VB145.h5,144.57142857142858,0.9762317405298274,0.15999999998384534,late,2
T5,M2,914,145,5102,M2T5R914C5102VB145.h5,144.71428571428572,0.9772220846744177,0.1599999999838431,late,2
T5,M2,915,145,5106,M2T5R915C5106VB145.h5,145.0,0.9792027729635981,0.13999999998586327,late,2
T5,M2,916,145,5110,M2T5R916C5110VB145.h5,145.28571428571428,0.9811834612527786,0.15999999998384534,late,2
T5,M2,917,145,5114,M2T5R917C5114VB145.h5,145.42857142857142,0.9821738053973688,0.17999999998182292,late,2
T5,M2,918,146,5117,M2T5R918C5117VB146.h5,145.71428571428572,0.9841544936865494,0.17999999998182292,late,2
T5,M2,919,146,5121,M2T5R919C5121VB146.h5,146.0,0.9861351819757298,0.19999999997980725,late,2
T5,M2,920,146,5125,M2T5R920C5125VB146.h5,146.28571428571428,0.9881158702649102,0.21999999997778708,late,2
T5,M2,921,147,5145,M2T5R921C5145VB147.h5,146.71428571428572,0.991086902698681,0.21999999997778255,late,2
T5,M2,922,147,5149,M2T5R922C5149VB147.h5,147.0,0.9930675909878615,0.21999999997778708,late,2
T5,M2,923,147,5153,M2T5R923C5153VB147.h5,147.28571428571428,0.9950482792770419,0.19999999997980725,late,2
T5,M2,924,148,5157,M2T5R924C5157VB148.h5,147.57142857142858,0.9970289675662225,0.15666666665084722,late,2
T5,M2,925,148,5160,M2T5R925C5160VB148.h5,147.71428571428572,0.9980193117108127,0.13999999998586327,late,2
T5,M2,926,148,5164,M2T5R926C5164VB148.h5,147.83333333333334,0.9988445984979712,0.09999999998990362,late,2
T5,M2,927,148,5168,M2T5R927C5168VB148.h5,148.0,0.9999999999999931,0.07499999999242435,late,2
T5,M2,928,148,5172,M2T5R928C5172VB148.h5,148.0,0.9999999999999931,0.06666666665993275,late,2
T6,M2,1,3,11,M2T6R1C11VB3.h5,4.5,0.0,0.17948717947347975,early,0
T6,M2,2,4,15,M2T6R2C15VB4.h5,5.0,0.003527336860670169,0.22115384613696618,early,0
T6,M2,3,5,19,M2T6R3C19VB5.h5,5.5,0.007054673721340338,0.3615384615108663,early,0
T6,M2,4,6,23,M2T6R4C23VB6.h5,6.142857142857143,0.011589821113630558,0.5615384614956008,early,0
T6,M2,5,7,27,M2T6R5C27VB7.h5,7.857142857142857,0.023683547493071135,0.7076923076382917,early,0
T6,M2,6,8,30,M2T6R6C30VB8.h5,9.714285714285714,0.03678508440413176,0.8538461537809823,early,0
T6,M2,7,10,34,M2T6R7C34VB10.h5,11.571428571428571,0.04988662131519239,0.9846153845402318,early,0
T6,M2,8,15,56,M2T6R8C56VB15.h5,13.428571428571429,0.06298815822625302,0.999999999923673,early,0
T6,M2,9,17,59,M2T6R9C59VB17.h5,15.285714285714286,0.07608969513731366,0.9846153845402318,early,0
T6,M2,10,18,63,M2T6R10C63VB18.h5,17.142857142857142,0.08919123204837427,0.9076923076230262,early,0
T6,M2,11,19,67,M2T6R11C67VB19.h5,18.857142857142858,0.10128495842781486,0.8153846153223796,early,0
T6,M2,12,20,71,M2T6R12C71VB20.h5,20.0,0.10934744268077524,0.7230769230217327,early,0
T6,M2,13,21,75,M2T6R13C75VB21.h5,21.0,0.11640211640211559,0.6307692307210859,early,0
T6,M2,14,22,78,M2T6R14C78VB22.h5,22.0,0.12345679012345592,0.5538461538038801,early,0
T6,M2,15,23,82,M2T6R15C82VB23.h5,23.0,0.13051146384479625,0.5384615384204394,early,0
T6,M2,16,24,86,M2T6R16C86VB24.h5,24.0,0.1375661375661366,0.5384615384204392,early,0
T6,M2,17,25,90,M2T6R17C90VB25.h5,25.0,0.14462081128747695,0.615384615337645,early,0
T6,M2,18,26,94,M2T6R18C94VB26.h5,26.0,0.15167548500881728,0.6923076922548504,early,0
T6,M2,19,27,97,M2T6R19C97VB27.h5,27.714285714285715,0.16376921138825787,0.7692307691720564,early,0
T6,M2,20,28,101,M2T6R20C101VB28.h5,29.428571428571427,0.17586293776769843,0.8461538460892614,early,0
T6,M2,21,29,105,M2T6R21C105VB29.h5,31.142857142857142,0.18795666414713902,0.9230769230064672,early,0
T6,M2,22,35,125,M2T6R22C125VB35.h5,32.857142857142854,0.20005039052657958,0.9230769230064672,early,0
T6,M2,23,36,128,M2T6R23C128VB36.h5,34.57142857142857,0.21214411690602017,0.9230769230064676,early,0
T6,M2,24,37,132,M2T6R24C132VB37.h5,36.285714285714285,0.22423784328546076,0.8461538460892618,early,0
T6,M2,25,38,136,M2T6R25C136VB38.h5,38.0,0.23633156966490135,0.7999999999389382,early,0
T6,M2,26,39,140,M2T6R26C140VB39.h5,39.0,0.24338624338624168,0.738461538405174,early,0
T6,M2,27,40,144,M2T6R27C144VB40.h5,40.285714285714285,0.2524565381708221,0.6615384614879681,early,0
T6,M2,28,41,148,M2T6R28C148VB41.h5,41.42857142857143,0.2605190224237825,0.5692307691873215,early,0
T6,M2,29,42,151,M2T6R29C151VB42.h5,42.42857142857143,0.26757369614512283,0.5384615384204392,early,0
T6,M2,30,45,170,M2T6R30C170VB45.h5,43.285714285714285,0.27362055933484314,0.47692307688667496,early,0
T6,M2,31,45,174,M2T6R31C174VB45.h5,44.0,0.27865961199294337,0.41538461535291027,early,0
T6,M2,32,45,178,M2T6R32C178VB45.h5,44.714285714285715,0.2836986646510436,0.33846153843570487,early,0
T6,M2,33,45,182,M2T6R33C182VB45.h5,45.285714285714285,0.2877299067775238,0.27692307690193935,early,0
T6,M2,34,45,186,M2T6R34C186VB45.h5,45.57142857142857,0.2897455278407639,0.2307692307516171,early,0
T6,M2,35,46,189,M2T6R35C189VB46.h5,45.857142857142854,0.29176114890400395,0.18461538460129404,early,0
T6,M2,36,46,193,M2T6R36C193VB46.h5,46.142857142857146,0.2937767699672441,0.1538461538344117,early,0
T6,M2,37,47,215,M2T6R37C215VB47.h5,46.42857142857143,0.2957923910304842,0.15384615383441083,early,0
T6,M2,38,47,219,M2T6R38C219VB47.h5,46.714285714285715,0.2978080120937243,0.1538461538344117,early,0
T6,M2,39,47,222,M2T6R39C222VB47.h5,47.0,0.29982363315696436,0.1384615384509701,early,0
T6,M2,40,47,226,M2T6R40C226VB47.h5,47.285714285714285,0.30183925422020447,0.1230769230675285,early,0
T6,M2,41,47,230,M2T6R41C230VB47.h5,47.42857142857143,0.30284706475182455,0.10769230768408776,early,0
T6,M2,42,48,234,M2T6R42C234VB48.h5,47.57142857142857,0.30385487528344457,0.09230769230064702,early,0
T6,M2,43,48,238,M2T6R43C238VB48.h5,47.714285714285715,0.30486268581506465,0.09230769230064702,early,0
T6,M2,44,48,241,M2T6R44C241VB48.h5,47.857142857142854,0.3058704963466847,0.09230769230064617,early,0
T6,M2,45,48,245,M2T6R45C245VB48.h5,48.142857142857146,0.3078861174099248,0.09230769230064702,early,0
T6,M2,46,48,249,M2T6R46C249VB48.h5,48.285714285714285,0.3088939279415448,0.10769230768408776,early,0
T6,M2,47,48,253,M2T6R47C253VB48.h5,48.42857142857143,0.3099017384731649,0.12307692306752935,early,0
T6,M2,48,49,257,M2T6R48C257VB49.h5,48.714285714285715,0.311917359536405,0.1230769230675285,early,0
T6,M2,49,49,261,M2T6R49C261VB49.h5,49.0,0.3139329805996451,0.1384615384509701,early,0
T6,M2,50,49,264,M2T6R50C264VB49.h5,49.285714285714285,0.31594860166288513,0.1384615384509701,early,0
T6,M2,51,50,284,M2T6R51C284VB50.h5,49.57142857142857,0.31796422272612523,0.1384615384509701,early,0
T6,M2,52,50,288,M2T6R52C288VB50.h5,49.714285714285715,0.3189720332577453,0.1384615384509701,early,0
T6,M2,53,50,292,M2T6R53C292VB50.h5,50.0,0.3209876543209854,0.12307692306752935,early,0
T6,M2,54,50,295,M2T6R54C295VB50.h5,50.285714285714285,0.3230032753842255,0.12307692306752935,early,0
T6,M2,55,50,299,M2T6R55C299VB50.h5,50.42857142857143,0.32401108591584554,0.1384615384509701,early,0
T6,M2,56,51,303,M2T6R56C303VB51.h5,50.714285714285715,0.32602670697908565,0.1384615384509701,early,0
T6,M2,57,51,307,M2T6R57C307VB51.h5,51.0,0.32804232804232575,0.13846153845096923,early,0
T6,M2,58,51,311,M2T6R58C311VB51.h5,51.285714285714285,0.33005794910556585,0.1384615384509701,early,0
T6,M2,59,52,332,M2T6R59C332VB52.h5,51.57142857142857,0.3320735701688059,0.1230769230675285,early,0
T6,M2,60,52,336,M2T6R60C336VB52.h5,51.714285714285715,0.333081380700426,0.10769230768408776,early,0
T6,M2,61,52,339,M2T6R61C339VB52.h5,51.857142857142854,0.334089191232046,0.09230769230064702,early,0
T6,M2,62,52,343,M2T6R62C343VB52.h5,52.0,0.3350970017636661,0.07692307691720628,early,0
T6,M2,63,52,347,M2T6R63C347VB52.h5,52.142857142857146,0.33610481229528616,0.07692307691720628,early,0
T6,M2,64,52,351,M2T6R64C351VB52.h5,52.285714285714285,0.3371126228269062,0.07692307691720542,early,0
T6,M2,65,52,355,M2T6R65C355VB52.h5,52.42857142857143,0.33812043335852626,0.07692307691720542,early,0
T6,M2,66,53,376,M2T6R66C376VB53.h5,52.57142857142857,0.33912824389014623,0.09230769230064617,early,0
T6,M2,67,53,380,M2T6R67C380VB53.h5,52.714285714285715,0.3401360544217663,0.10769230768408776,early,0
T6,M2,68,53,384,M2T6R68C384VB53.h5,53.0,0.3421516754850064,0.10769230768408776,early,0
T6,M2,69,53,388,M2T6R69C388VB53.h5,53.285714285714285,0.3441672965482465,0.1076923076840886,early,0
T6,M2,70,53,391,M2T6R70C391VB53.h5,53.42857142857143,0.3451751070798666,0.10769230768408776,early,0
T6,M2,71,54,395,M2T6R71C395VB54.h5,53.57142857142857,0.3461829176114866,0.09230769230064617,early,0
T6,M2,72,54,399,M2T6R72C399VB54.h5,53.714285714285715,0.34719072814310664,0.07692307691720542,early,0
T6,M2,73,54,403,M2T6R73C403VB54.h5,53.857142857142854,0.34819853867472667,0.06153846153376383,early,0
T6,M2,74,54,407,M2T6R74C407VB54.h5,54.0,0.34920634920634674,0.046153846150323086,early,0
T6,M2,75,54,410,M2T6R75C410VB54.h5,54.0,0.34920634920634674,0.04615384615032393,early,0
T6,M2,76,54,414,M2T6R76C414VB54.h5,54.0,0.34920634920634674,0.04615384615032393,early,0
T6,M2,77,54,418,M2T6R77C418VB54.h5,54.142857142857146,0.3502141597379668,0.04615384615032393,early,0
T6,M2,78,54,422,M2T6R78C422VB54.h5,54.285714285714285,0.35122197026958685,0.061538461533764674,early,0
T6,M2,79,54,426,M2T6R79C426VB54.h5,54.42857142857143,0.3522297808012069,0.07692307691720628,early,0
T6,M2,80,55,445,M2T6R80C445VB55.h5,54.57142857142857,0.35323759133282695,0.09230769230064617,early,0
T6,M2,81,55,449,M2T6R81C449VB55.h5,54.714285714285715,0.35424540186444703,0.10769230768408776,early,0
T6,M2,82,55,453,M2T6R82C453VB55.h5,55.0,0.3562610229276871,0.10769230768408776,early,0
T6,M2,83,55,457,M2T6R83C457VB55.h5,55.285714285714285,0.3582766439909272,0.10769230768408776,early,0
T6,M2,84,55,461,M2T6R84C461VB55.h5,55.42857142857143,0.35928445452254726,0.10769230768408776,early,0
T6,M2,85,56,464,M2T6R85C464VB56.h5,55.57142857142857,0.3602922650541673,0.09230769230064702,early,0
T6,M2,86,56,468,M2T6R86C468VB56.h5,55.714285714285715,0.36130007558578736,0.07692307691720542,early,0
T6,M2,87,56,472,M2T6R87C472VB56.h5,55.857142857142854,0.3623078861174074,0.06153846153376383,early,0
T6,M2,88,56,493,M2T6R88C493VB56.h5,56.0,0.3633156966490274,0.046153846150323086,early,0
T6,M2,89,56,497,M2T6R89C497VB56.h5,56.0,0.3633156966490274,0.03076923076688149,early,0
T6,M2,90,56,501,M2T6R90C501VB56.h5,56.0,0.3633156966490274,0.015384615383440745,early,0
T6,M2,91,56,504,M2T6R91C504VB56.h5,56.0,0.3633156966490274,0.0,early,0
T6,M2,92,56,508,M2T6R92C508VB56.h5,56.0,0.3633156966490274,0.0,early,0
T6,M2,93,56,512,M2T6R93C512VB56.h5,56.0,0.3633156966490274,0.0,early,0
T6,M2,94,56,516,M2T6R94C516VB56.h5,56.0,0.3633156966490274,0.0,early,0
T6,M2,95,56,537,M2T6R95C537VB56.h5,56.0,0.3633156966490274,0.0,early,0
T6,M2,96,56,541,M2T6R96C541VB56.h5,56.0,0.3633156966490274,0.0,early,0
T6,M2,97,56,545,M2T6R97C545VB56.h5,56.0,0.3633156966490274,0.0,early,0
T6,M2,98,56,549,M2T6R98C549VB56.h5,56.0,0.3633156966490274,0.0,early,0
T6,M2,99,56,553,M2T6R99C553VB56.h5,56.0,0.3633156966490274,0.0,early,0
T6,M2,100,56,556,M2T6R100C556VB56.h5,56.0,0.3633156966490274,0.0,early,0
T6,M2,101,56,560,M2T6R101C560VB56.h5,56.0,0.3633156966490274,0.0,early,0
T6,M2,102,56,564,M2T6R102C564VB56.h5,56.0,0.3633156966490274,0.0,early,0
T6,M2,103,56,568,M2T6R103C568VB56.h5,56.0,0.3633156966490274,0.0,early,0
T6,M2,104,56,572,M2T6R104C572VB56.h5,56.0,0.3633156966490274,0.0,early,0
T6,M2,105,56,576,M2T6R105C576VB56.h5,56.0,0.3633156966490274,0.0,early,0
T6,M2,106,56,579,M2T6R106C579VB56.h5,56.0,0.3633156966490274,0.0,early,0
T6,M2,107,56,583,M2T6R107C583VB56.h5,56.0,0.3633156966490274,0.0,early,0
T6,M2,108,56,587,M2T6R108C587VB56.h5,56.0,0.3633156966490274,0.0,early,0
T6,M2,109,56,607,M2T6R109C607VB56.h5,56.0,0.3633156966490274,0.0,early,0
T6,M2,110,56,611,M2T6R110C611VB56.h5,56.0,0.3633156966490274,0.015384615383441592,early,0
T6,M2,111,56,614,M2T6R111C614VB56.h5,56.0,0.3633156966490274,0.030769230766882337,early,0
T6,M2,112,56,618,M2T6R112C618VB56.h5,56.142857142857146,0.3643235071806475,0.04615384615032393,early,0
T6,M2,113,56,622,M2T6R113C622VB56.h5,56.285714285714285,0.3653313177122675,0.061538461533764674,early,0
T6,M2,114,56,626,M2T6R114C626VB56.h5,56.42857142857143,0.3663391282438876,0.07692307691720628,early,0
T6,M2,115,57,630,M2T6R115C630VB57.h5,56.57142857142857,0.3673469387755076,0.07692307691720542,early,0
T6,M2,116,57,633,M2T6R116C633VB57.h5,56.714285714285715,0.3683547493071277,0.07692307691720628,early,0
T6,M2,117,57,656,M2T6R117C656VB57.h5,56.857142857142854,0.3693625598387477,0.061538461533764674,early,0
T6,M2,118,57,660,M2T6R118C660VB57.h5,57.0,0.3703703703703678,0.04615384615032393,early,0
T6,M2,119,57,664,M2T6R119C664VB57.h5,57.0,0.3703703703703678,0.030769230766882337,early,0
T6,M2,120,57,668,M2T6R120C668VB57.h5,57.0,0.3703703703703678,0.015384615383441592,early,0
T6,M2,121,57,672,M2T6R121C672VB57.h5,57.0,0.3703703703703678,0.0,early,0
T6,M2,122,57,675,M2T6R122C675VB57.h5,57.0,0.3703703703703678,0.0,early,0
T6,M2,123,57,679,M2T6R123C679VB57.h5,57.0,0.3703703703703678,0.0,early,0
T6,M2,124,57,701,M2T6R124C701VB57.h5,57.0,0.3703703703703678,0.0,early,0
T6,M2,125,57,705,M2T6R125C705VB57.h5,57.0,0.3703703703703678,0.0,early,0
T6,M2,126,57,708,M2T6R126C708VB57.h5,57.0,0.3703703703703678,0.0,early,0
T6,M2,127,57,712,M2T6R127C712VB57.h5,57.0,0.3703703703703678,0.0,early,0
T6,M2,128,57,716,M2T6R128C716VB57.h5,57.0,0.3703703703703678,0.0,early,0
T6,M2,129,57,720,M2T6R129C720VB57.h5,57.0,0.3703703703703678,0.0,early,0
T6,M2,130,57,724,M2T6R130C724VB57.h5,57.0,0.3703703703703678,0.0,early,0
T6,M2,131,57,727,M2T6R131C727VB57.h5,57.0,0.3703703703703678,0.0,early,0
T6,M2,132,57,731,M2T6R132C731VB57.h5,57.0,0.3703703703703678,0.0,early,0
T6,M2,133,57,735,M2T6R133C735VB57.h5,57.0,0.3703703703703678,0.0,early,0
T6,M2,134,57,739,M2T6R134C739VB57.h5,57.0,0.3703703703703678,0.0,early,0
T6,M2,135,57,743,M2T6R135C743VB57.h5,57.0,0.3703703703703678,0.0,early,0
T6,M2,136,57,747,M2T6R136C747VB57.h5,57.0,0.3703703703703678,0.0,early,0
T6,M2,137,57,750,M2T6R137C750VB57.h5,57.0,0.3703703703703678,0.0,early,0
T6,M2,138,57,770,M2T6R138C770VB57.h5,57.0,0.3703703703703678,0.0,early,0
T6,M2,139,57,774,M2T6R139C774VB57.h5,57.0,0.3703703703703678,0.0,early,0
T6,M2,140,57,778,M2T6R140C778VB57.h5,57.0,0.3703703703703678,0.0,early,0
T6,M2,141,57,781,M2T6R141C781VB57.h5,57.0,0.3703703703703678,0.0,early,0
T6,M2,142,57,785,M2T6R142C785VB57.h5,57.0,0.3703703703703678,0.0,early,0
T6,M2,143,57,789,M2T6R143C789VB57.h5,57.0,0.3703703703703678,0.0,early,0
T6,M2,144,57,793,M2T6R144C793VB57.h5,57.0,0.3703703703703678,0.0,early,0
T6,M2,145,57,797,M2T6R145C797VB57.h5,57.0,0.3703703703703678,0.0,early,0
T6,M2,146,57,819,M2T6R146C819VB57.h5,57.0,0.3703703703703678,0.0,early,0
T6,M2,147,57,823,M2T6R147C823VB57.h5,57.0,0.3703703703703678,0.0,early,0
T6,M2,148,57,827,M2T6R148C827VB57.h5,57.0,0.3703703703703678,0.0,early,0
T6,M2,149,57,831,M2T6R149C831VB57.h5,57.0,0.3703703703703678,0.0,early,0
T6,M2,150,57,835,M2T6R150C835VB57.h5,57.0,0.3703703703703678,0.0,early,0
T6,M2,151,57,838,M2T6R151C838VB57.h5,57.0,0.3703703703703678,0.0,early,0
T6,M2,152,57,842,M2T6R152C842VB57.h5,57.0,0.3703703703703678,0.0,early,0
T6,M2,153,57,864,M2T6R153C864VB57.h5,57.0,0.3703703703703678,0.0,early,0
T6,M2,154,57,868,M2T6R154C868VB57.h5,57.0,0.3703703703703678,0.0,early,0
T6,M2,155,57,871,M2T6R155C871VB57.h5,57.0,0.3703703703703678,0.0,early,0
T6,M2,156,57,875,M2T6R156C875VB57.h5,57.0,0.3703703703703678,0.0,early,0
T6,M2,157,57,879,M2T6R157C879VB57.h5,57.0,0.3703703703703678,0.0,early,0
T6,M2,158,57,883,M2T6R158C883VB57.h5,57.0,0.3703703703703678,0.0,early,0
T6,M2,159,57,887,M2T6R159C887VB57.h5,57.0,0.3703703703703678,0.0,early,0
T6,M2,160,57,890,M2T6R160C890VB57.h5,57.0,0.3703703703703678,0.0,early,0
T6,M2,161,57,894,M2T6R161C894VB57.h5,57.0,0.3703703703703678,0.0,early,0
T6,M2,162,57,898,M2T6R162C898VB57.h5,57.0,0.3703703703703678,0.0,early,0
T6,M2,163,57,902,M2T6R163C902VB57.h5,57.0,0.3703703703703678,0.0,early,0
T6,M2,164,57,906,M2T6R164C906VB57.h5,57.0,0.3703703703703678,0.0,early,0
T6,M2,165,57,910,M2T6R165C910VB57.h5,57.0,0.3703703703703678,0.0,early,0
T6,M2,166,57,913,M2T6R166C913VB57.h5,57.0,0.3703703703703678,0.0,early,0
T6,M2,167,57,933,M2T6R167C933VB57.h5,57.0,0.3703703703703678,0.0,early,0
T6,M2,168,57,937,M2T6R168C937VB57.h5,57.0,0.3703703703703678,0.0,early,0
T6,M2,169,57,941,M2T6R169C941VB57.h5,57.0,0.3703703703703678,0.0,early,0
T6,M2,170,57,945,M2T6R170C945VB57.h5,57.0,0.3703703703703678,0.0,early,0
T6,M2,171,57,948,M2T6R171C948VB57.h5,57.0,0.3703703703703678,0.0,early,0
T6,M2,172,57,952,M2T6R172C952VB57.h5,57.0,0.3703703703703678,0.0,early,0
T6,M2,173,57,956,M2T6R173C956VB57.h5,57.0,0.3703703703703678,0.0,early,0
T6,M2,174,57,960,M2T6R174C960VB57.h5,57.0,0.3703703703703678,0.0,early,0
T6,M2,175,57,983,M2T6R175C983VB57.h5,57.0,0.3703703703703678,0.0,early,0
T6,M2,176,57,987,M2T6R176C987VB57.h5,57.0,0.3703703703703678,0.0,early,0
T6,M2,177,57,990,M2T6R177C990VB57.h5,57.0,0.3703703703703678,0.0,early,0
T6,M2,178,57,994,M2T6R178C994VB57.h5,57.0,0.3703703703703678,0.0,early,0
T6,M2,179,57,998,M2T6R179C998VB57.h5,57.0,0.3703703703703678,0.0,early,0
T6,M2,180,57,1002,M2T6R180C1002VB57.h5,57.0,0.3703703703703678,0.0,early,0
T6,M2,181,57,1006,M2T6R181C1006VB57.h5,57.0,0.3703703703703678,0.0,early,0
T6,M2,182,57,1027,M2T6R182C1027VB57.h5,57.0,0.3703703703703678,0.0,early,0
T6,M2,183,57,1031,M2T6R183C1031VB57.h5,57.0,0.3703703703703678,0.0,early,0
T6,M2,184,57,1035,M2T6R184C1035VB57.h5,57.0,0.3703703703703678,0.0,early,0
T6,M2,185,57,1039,M2T6R185C1039VB57.h5,57.0,0.3703703703703678,0.0,early,0
T6,M2,186,57,1042,M2T6R186C1042VB57.h5,57.0,0.3703703703703678,0.0,early,0
T6,M2,187,57,1046,M2T6R187C1046VB57.h5,57.0,0.3703703703703678,0.0,early,0
T6,M2,188,57,1050,M2T6R188C1050VB57.h5,57.0,0.3703703703703678,0.0,early,0
T6,M2,189,57,1054,M2T6R189C1054VB57.h5,57.0,0.3703703703703678,0.0,early,0
T6,M2,190,57,1058,M2T6R190C1058VB57.h5,57.0,0.3703703703703678,0.0,early,0
T6,M2,191,57,1062,M2T6R191C1062VB57.h5,57.0,0.3703703703703678,0.0,early,0
T6,M2,192,57,1065,M2T6R192C1065VB57.h5,57.0,0.3703703703703678,0.0,early,0
T6,M2,193,57,1069,M2T6R193C1069VB57.h5,57.0,0.3703703703703678,0.0,early,0
T6,M2,194,57,1073,M2T6R194C1073VB57.h5,57.0,0.3703703703703678,0.0,early,0
T6,M2,195,57,1077,M2T6R195C1077VB57.h5,57.0,0.3703703703703678,0.0,early,0
T6,M2,196,57,1097,M2T6R196C1097VB57.h5,57.0,0.3703703703703678,0.0,early,0
T6,M2,197,57,1100,M2T6R197C1100VB57.h5,57.0,0.3703703703703678,0.0,early,0
T6,M2,198,57,1104,M2T6R198C1104VB57.h5,57.0,0.3703703703703678,0.0,early,0
T6,M2,199,57,1108,M2T6R199C1108VB57.h5,57.0,0.3703703703703678,0.015384615383440745,early,0
T6,M2,200,57,1112,M2T6R200C1112VB57.h5,57.0,0.3703703703703678,0.03076923076688149,early,0
T6,M2,201,57,1116,M2T6R201C1116VB57.h5,57.142857142857146,0.3713781809019878,0.046153846150323086,early,0
T6,M2,202,57,1119,M2T6R202C1119VB57.h5,57.285714285714285,0.37238599143360784,0.06153846153376383,early,0
T6,M2,203,57,1123,M2T6R203C1123VB57.h5,57.42857142857143,0.3733938019652279,0.07692307691720542,early,0
T6,M2,204,58,1147,M2T6R204C1147VB58.h5,57.57142857142857,0.37440161249684795,0.07692307691720542,early,0
T6,M2,205,58,1151,M2T6R205C1151VB58.h5,57.714285714285715,0.375409423028468,0.07692307691720628,early,0
T6,M2,206,58,1154,M2T6R206C1154VB58.h5,57.857142857142854,0.37641723356008805,0.061538461533764674,early,0
T6,M2,207,58,1158,M2T6R207C1158VB58.h5,58.0,0.37742504409170813,0.04615384615032393,early,0
T6,M2,208,58,1162,M2T6R208C1162VB58.h5,58.0,0.37742504409170813,0.030769230766882337,early,0
T6,M2,209,58,1166,M2T6R209C1166VB58.h5,58.0,0.37742504409170813,0.015384615383441592,early,0
T6,M2,210,58,1170,M2T6R210C1170VB58.h5,58.0,0.37742504409170813,0.0,early,0
T6,M2,211,58,1191,M2T6R211C1191VB58.h5,58.0,0.37742504409170813,0.0,early,0
T6,M2,212,58,1195,M2T6R212C1195VB58.h5,58.0,0.37742504409170813,0.0,early,0
T6,M2,213,58,1199,M2T6R213C1199VB58.h5,58.0,0.37742504409170813,0.0,early,0
T6,M2,214,58,1203,M2T6R214C1203VB58.h5,58.0,0.37742504409170813,0.0,early,0
T6,M2,215,58,1206,M2T6R215C1206VB58.h5,58.0,0.37742504409170813,0.0,early,0
T6,M2,216,58,1210,M2T6R216C1210VB58.h5,58.0,0.37742504409170813,0.0,early,0
T6,M2,217,58,1214,M2T6R217C1214VB58.h5,58.0,0.37742504409170813,0.0,early,0
T6,M2,218,58,1218,M2T6R218C1218VB58.h5,58.0,0.37742504409170813,0.0,early,0
T6,M2,219,58,1222,M2T6R219C1222VB58.h5,58.0,0.37742504409170813,0.0,early,0
T6,M2,220,58,1225,M2T6R220C1225VB58.h5,58.0,0.37742504409170813,0.0,early,0
T6,M2,221,58,1229,M2T6R221C1229VB58.h5,58.0,0.37742504409170813,0.0,early,0
T6,M2,222,58,1233,M2T6R222C1233VB58.h5,58.0,0.37742504409170813,0.0,early,0
T6,M2,223,58,1237,M2T6R223C1237VB58.h5,58.0,0.37742504409170813,0.0,early,0
T6,M2,224,58,1241,M2T6R224C1241VB58.h5,58.0,0.37742504409170813,0.0,early,0
T6,M2,225,58,1260,M2T6R225C1260VB58.h5,58.0,0.37742504409170813,0.0,early,0
T6,M2,226,58,1264,M2T6R226C1264VB58.h5,58.0,0.37742504409170813,0.0,early,0
T6,M2,227,58,1268,M2T6R227C1268VB58.h5,58.0,0.37742504409170813,0.0,early,0
T6,M2,228,58,1272,M2T6R228C1272VB58.h5,58.0,0.37742504409170813,0.0,early,0
T6,M2,229,58,1276,M2T6R229C1276VB58.h5,58.0,0.37742504409170813,0.0,early,0
T6,M2,230,58,1280,M2T6R230C1280VB58.h5,58.0,0.37742504409170813,0.0,early,0
T6,M2,231,58,1283,M2T6R231C1283VB58.h5,58.0,0.37742504409170813,0.0,early,0
T6,M2,232,58,1287,M2T6R232C1287VB58.h5,58.0,0.37742504409170813,0.0,early,0
T6,M2,233,58,1309,M2T6R233C1309VB58.h5,58.0,0.37742504409170813,0.0,early,0
T6,M2,234,58,1313,M2T6R234C1313VB58.h5,58.0,0.37742504409170813,0.0,early,0
T6,M2,235,58,1317,M2T6R235C1317VB58.h5,58.0,0.37742504409170813,0.015384615383440745,early,0
T6,M2,236,58,1321,M2T6R236C1321VB58.h5,58.0,0.37742504409170813,0.03076923076688149,early,0
T6,M2,237,58,1325,M2T6R237C1325VB58.h5,58.142857142857146,0.37843285462332815,0.046153846150323086,early,0
T6,M2,238,58,1328,M2T6R238C1328VB58.h5,58.285714285714285,0.3794406651549482,0.06153846153376383,early,0
T6,M2,239,58,1332,M2T6R239C1332VB58.h5,58.42857142857143,0.38044847568656825,0.07692307691720542,early,0
T6,M2,240,59,1354,M2T6R240C1354VB59.h5,58.57142857142857,0.3814562862181883,0.07692307691720542,early,0
T6,M2,241,59,1358,M2T6R241C1358VB59.h5,58.714285714285715,0.38246409674980836,0.07692307691720628,early,0
T6,M2,242,59,1361,M2T6R242C1361VB59.h5,58.857142857142854,0.3834719072814284,0.061538461533764674,early,0
T6,M2,243,59,1365,M2T6R243C1365VB59.h5,59.0,0.38447971781304846,0.04615384615032393,early,0
T6,M2,244,59,1369,M2T6R244C1369VB59.h5,59.0,0.38447971781304846,0.030769230766882337,early,0
T6,M2,245,59,1373,M2T6R245C1373VB59.h5,59.0,0.38447971781304846,0.015384615383441592,early,0
T6,M2,246,59,1377,M2T6R246C1377VB59.h5,59.0,0.38447971781304846,0.0,early,0
T6,M2,247,59,1380,M2T6R247C1380VB59.h5,59.0,0.38447971781304846,0.0,early,0
T6,M2,248,59,1384,M2T6R248C1384VB59.h5,59.0,0.38447971781304846,0.0,early,0
T6,M2,249,59,1388,M2T6R249C1388VB59.h5,59.0,0.38447971781304846,0.0,early,0
T6,M2,250,59,1392,M2T6R250C1392VB59.h5,59.0,0.38447971781304846,0.0,early,0
T6,M2,251,59,1396,M2T6R251C1396VB59.h5,59.0,0.38447971781304846,0.0,early,0
T6,M2,252,59,1399,M2T6R252C1399VB59.h5,59.0,0.38447971781304846,0.0,early,0
T6,M2,253,59,1403,M2T6R253C1403VB59.h5,59.0,0.38447971781304846,0.0,early,0
T6,M2,254,59,1423,M2T6R254C1423VB59.h5,59.0,0.38447971781304846,0.0,early,0
T6,M2,255,59,1427,M2T6R255C1427VB59.h5,59.0,0.38447971781304846,0.0,early,0
T6,M2,256,59,1431,M2T6R256C1431VB59.h5,59.0,0.38447971781304846,0.0,early,0
T6,M2,257,59,1434,M2T6R257C1434VB59.h5,59.0,0.38447971781304846,0.0,early,0
T6,M2,258,59,1438,M2T6R258C1438VB59.h5,59.0,0.38447971781304846,0.0,early,0
T6,M2,259,59,1442,M2T6R259C1442VB59.h5,59.0,0.38447971781304846,0.0,early,0
T6,M2,260,59,1446,M2T6R260C1446VB59.h5,59.0,0.38447971781304846,0.0,early,0
T6,M2,261,59,1450,M2T6R261C1450VB59.h5,59.0,0.38447971781304846,0.015384615383441592,early,0
T6,M2,262,59,1473,M2T6R262C1473VB59.h5,59.0,0.38447971781304846,0.030769230766882337,early,0
T6,M2,263,59,1477,M2T6R263C1477VB59.h5,59.142857142857146,0.38548752834466854,0.046153846150323086,early,0
T6,M2,264,59,1481,M2T6R264C1481VB59.h5,59.285714285714285,0.38649533887628856,0.06153846153376383,early,0
T6,M2,265,59,1485,M2T6R265C1485VB59.h5,59.42857142857143,0.3875031494079086,0.07692307691720542,early,0
T6,M2,266,60,1488,M2T6R266C1488VB60.h5,59.57142857142857,0.3885109599395286,0.07692307691720457,early,0
T6,M2,267,60,1492,M2T6R267C1492VB60.h5,59.714285714285715,0.3895187704711487,0.07692307691720542,early,0
T6,M2,268,60,1496,M2T6R268C1496VB60.h5,59.857142857142854,0.3905265810027687,0.061538461533764674,early,0
T6,M2,269,60,1518,M2T6R269C1518VB60.h5,60.0,0.3915343915343888,0.04615384615032393,early,0
T6,M2,270,60,1521,M2T6R270C1521VB60.h5,60.0,0.3915343915343888,0.030769230766882337,early,0
T6,M2,271,60,1525,M2T6R271C1525VB60.h5,60.0,0.3915343915343888,0.015384615383441592,early,0
T6,M2,272,60,1529,M2T6R272C1529VB60.h5,60.0,0.3915343915343888,0.0,early,0
T6,M2,273,60,1533,M2T6R273C1533VB60.h5,60.0,0.3915343915343888,0.0,early,0
T6,M2,274,60,1537,M2T6R274C1537VB60.h5,60.0,0.3915343915343888,0.015384615383441592,early,0
T6,M2,275,60,1541,M2T6R275C1541VB60.h5,60.0,0.3915343915343888,0.030769230766882337,early,0
T6,M2,276,60,1544,M2T6R276C1544VB60.h5,60.142857142857146,0.39254220206600887,0.046153846150323086,early,0
T6,M2,277,60,1548,M2T6R277C1548VB60.h5,60.285714285714285,0.3935500125976289,0.06153846153376383,early,0
T6,M2,278,60,1552,M2T6R278C1552VB60.h5,60.42857142857143,0.3945578231292489,0.07692307691720542,early,0
T6,M2,279,61,1556,M2T6R279C1556VB61.h5,60.57142857142857,0.39556563366086894,0.07692307691720457,early,0
T6,M2,280,61,1560,M2T6R280C1560VB61.h5,60.714285714285715,0.396573444192489,0.07692307691720542,middle,1
T6,M2,281,61,1563,M2T6R281C1563VB61.h5,60.857142857142854,0.39758125472410905,0.061538461533764674,middle,1
T6,M2,282,61,1567,M2T6R282C1567VB61.h5,61.0,0.3985890652557291,0.04615384615032393,middle,1
T6,M2,283,61,1587,M2T6R283C1587VB61.h5,61.0,0.3985890652557291,0.030769230766882337,middle,1
T6,M2,284,61,1591,M2T6R284C1591VB61.h5,61.0,0.3985890652557291,0.015384615383441592,middle,1
T6,M2,285,61,1595,M2T6R285C1595VB61.h5,61.0,0.3985890652557291,0.0,middle,1
T6,M2,286,61,1599,M2T6R286C1599VB61.h5,61.0,0.3985890652557291,0.015384615383441592,middle,1
T6,M2,287,61,1602,M2T6R287C1602VB61.h5,61.0,0.3985890652557291,0.030769230766882337,middle,1
T6,M2,288,61,1606,M2T6R288C1606VB61.h5,61.142857142857146,0.3995968757873492,0.04615384615032393,middle,1
T6,M2,289,61,1610,M2T6R289C1610VB61.h5,61.285714285714285,0.4006046863189692,0.061538461533764674,middle,1
T6,M2,290,61,1614,M2T6R290C1614VB61.h5,61.42857142857143,0.4016124968505893,0.07692307691720542,middle,1
T6,M2,291,62,1635,M2T6R291C1635VB62.h5,61.57142857142857,0.40262030738220933,0.07692307691720457,middle,1
T6,M2,292,62,1639,M2T6R292C1639VB62.h5,61.714285714285715,0.40362811791382935,0.07692307691720542,middle,1
T6,M2,293,62,1642,M2T6R293C1642VB62.h5,61.857142857142854,0.4046359284454494,0.06153846153376383,middle,1
T6,M2,294,62,1646,M2T6R294C1646VB62.h5,62.0,0.40564373897706946,0.046153846150323086,middle,1
T6,M2,295,62,1650,M2T6R295C1650VB62.h5,62.0,0.40564373897706946,0.030769230766882337,middle,1
T6,M2,296,62,1654,M2T6R296C1654VB62.h5,62.0,0.40564373897706946,0.030769230766883184,middle,1
T6,M2,297,62,1658,M2T6R297C1658VB62.h5,62.0,0.40564373897706946,0.030769230766882337,middle,1
T6,M2,298,62,1679,M2T6R298C1679VB62.h5,62.142857142857146,0.40665154950868954,0.04615384615032393,middle,1
T6,M2,299,62,1683,M2T6R299C1683VB62.h5,62.285714285714285,0.40765936004030956,0.061538461533764674,middle,1
T6,M2,300,62,1687,M2T6R300C1687VB62.h5,62.42857142857143,0.40866717057192964,0.07692307691720542,middle,1
T6,M2,301,63,1691,M2T6R301C1691VB63.h5,62.57142857142857,0.40967498110354966,0.07692307691720457,middle,1
T6,M2,302,63,1694,M2T6R302C1694VB63.h5,62.714285714285715,0.4106827916351697,0.07692307691720542,middle,1
T6,M2,303,63,1698,M2T6R303C1698VB63.h5,62.857142857142854,0.4116906021667897,0.06153846153376383,middle,1
T6,M2,304,63,1702,M2T6R304C1702VB63.h5,63.0,0.4126984126984098,0.046153846150323086,middle,1
T6,M2,305,63,1706,M2T6R305C1706VB63.h5,63.0,0.4126984126984098,0.030769230766882337,middle,1
T6,M2,306,63,1710,M2T6R306C1710VB63.h5,63.0,0.4126984126984098,0.015384615383441592,middle,1
T6,M2,307,63,1714,M2T6R307C1714VB63.h5,63.0,0.4126984126984098,0.0,middle,1
T6,M2,308,63,1717,M2T6R308C1717VB63.h5,63.0,0.4126984126984098,0.0,middle,1
T6,M2,309,63,1721,M2T6R309C1721VB63.h5,63.0,0.4126984126984098,0.0,middle,1
T6,M2,310,63,1725,M2T6R310C1725VB63.h5,63.0,0.4126984126984098,0.015384615383441592,middle,1
T6,M2,311,63,1729,M2T6R311C1729VB63.h5,63.0,0.4126984126984098,0.030769230766882337,middle,1
T6,M2,312,63,1749,M2T6R312C1749VB63.h5,63.142857142857146,0.41370622323002987,0.04615384615032393,middle,1
T6,M2,313,63,1752,M2T6R313C1752VB63.h5,63.285714285714285,0.4147140337616499,0.061538461533764674,middle,1
T6,M2,314,63,1756,M2T6R314C1756VB63.h5,63.42857142857143,0.41572184429326997,0.07692307691720628,middle,1
T6,M2,315,64,1760,M2T6R315C1760VB64.h5,63.57142857142857,0.41672965482489,0.07692307691720542,middle,1
T6,M2,316,64,1764,M2T6R316C1764VB64.h5,63.714285714285715,0.4177374653565101,0.07692307691720542,middle,1
T6,M2,317,64,1768,M2T6R317C1768VB64.h5,63.857142857142854,0.4187452758881301,0.06153846153376383,middle,1
T6,M2,318,64,1772,M2T6R318C1772VB64.h5,64.0,0.4197530864197501,0.046153846150323086,middle,1
T6,M2,319,64,1775,M2T6R319C1775VB64.h5,64.0,0.4197530864197501,0.03076923076688149,middle,1
T6,M2,320,64,1796,M2T6R320C1796VB64.h5,64.0,0.4197530864197501,0.03076923076688149,middle,1
T6,M2,321,64,1800,M2T6R321C1800VB64.h5,64.0,0.4197530864197501,0.030769230766883184,middle,1
T6,M2,322,64,1804,M2T6R322C1804VB64.h5,64.14285714285714,0.42076089695137014,0.04615384615032393,middle,1
T6,M2,323,64,1807,M2T6R323C1807VB64.h5,64.28571428571429,0.4217687074829903,0.061538461533764674,middle,1
T6,M2,324,64,1811,M2T6R324C1811VB64.h5,64.42857142857143,0.4227765180146103,0.07692307691720542,middle,1
T6,M2,325,65,1815,M2T6R325C1815VB65.h5,64.57142857142857,0.4237843285462303,0.07692307691720712,middle,1
T6,M2,326,65,1819,M2T6R326C1819VB65.h5,64.71428571428571,0.42479213907785035,0.07692307691720457,middle,1
T6,M2,327,65,1840,M2T6R327C1840VB65.h5,64.85714285714286,0.4257999496094705,0.06153846153376383,middle,1
T6,M2,328,65,1844,M2T6R328C1844VB65.h5,65.0,0.42680776014109045,0.046153846150323086,middle,1
T6,M2,329,65,1848,M2T6R329C1848VB65.h5,65.0,0.42680776014109045,0.046153846150323086,middle,1
T6,M2,330,65,1852,M2T6R330C1852VB65.h5,65.0,0.42680776014109045,0.046153846150323086,middle,1
T6,M2,331,65,1856,M2T6R331C1856VB65.h5,65.14285714285714,0.4278155706727105,0.04615384615032393,middle,1
T6,M2,332,65,1860,M2T6R332C1860VB65.h5,65.28571428571429,0.4288233812043306,0.061538461533764674,middle,1
T6,M2,333,65,1863,M2T6R333C1863VB65.h5,65.42857142857143,0.42983119173595064,0.07692307691720542,middle,1
T6,M2,334,66,1867,M2T6R334C1867VB66.h5,65.57142857142857,0.43083900226757066,0.07692307691720712,middle,1
T6,M2,335,66,1871,M2T6R335C1871VB66.h5,65.71428571428571,0.4318468127991907,0.07692307691720542,middle,1
T6,M2,336,66,1875,M2T6R336C1875VB66.h5,65.85714285714286,0.4328546233308108,0.061538461533764674,middle,1
T6,M2,337,66,1879,M2T6R337C1879VB66.h5,66.0,0.43386243386243084,0.04615384615032393,middle,1
T6,M2,338,66,1883,M2T6R338C1883VB66.h5,66.0,0.43386243386243084,0.04615384615032393,middle,1
T6,M2,339,66,1886,M2T6R339C1886VB66.h5,66.0,0.43386243386243084,0.046153846150323086,middle,1
T6,M2,340,66,1890,M2T6R340C1890VB66.h5,66.14285714285714,0.43487024439405086,0.046153846150323086,middle,1
T6,M2,341,66,1910,M2T6R341C1910VB66.h5,66.28571428571429,0.43587805492567094,0.06153846153376383,middle,1
T6,M2,342,66,1914,M2T6R342C1914VB66.h5,66.42857142857143,0.43688586545729097,0.07692307691720457,middle,1
T6,M2,343,67,1918,M2T6R343C1918VB67.h5,66.57142857142857,0.437893675988911,0.07692307691720628,middle,1
T6,M2,344,67,1921,M2T6R344C1921VB67.h5,66.71428571428571,0.438901486520531,0.07692307691720542,middle,1
T6,M2,345,67,1925,M2T6R345C1925VB67.h5,66.85714285714286,0.43990929705215115,0.061538461533764674,middle,1
T6,M2,346,67,1929,M2T6R346C1929VB67.h5,67.0,0.4409171075837712,0.04615384615032393,middle,1
T6,M2,347,67,1933,M2T6R347C1933VB67.h5,67.0,0.4409171075837712,0.04615384615032393,middle,1
T6,M2,348,67,1937,M2T6R348C1937VB67.h5,67.0,0.4409171075837712,0.046153846150323086,middle,1
T6,M2,349,67,1957,M2T6R349C1957VB67.h5,67.14285714285714,0.4419249181153912,0.046153846150323086,middle,1
T6,M2,350,67,1961,M2T6R350C1961VB67.h5,67.28571428571429,0.4429327286470113,0.06153846153376383,middle,1
T6,M2,351,67,1965,M2T6R351C1965VB67.h5,67.42857142857143,0.4439405391786313,0.07692307691720457,middle,1
T6,M2,352,68,1969,M2T6R352C1969VB68.h5,67.57142857142857,0.4449483497102513,0.07692307691720628,middle,1
T6,M2,353,68,1973,M2T6R353C1973VB68.h5,67.71428571428571,0.44595616024187135,0.07692307691720542,middle,1
T6,M2,354,68,1976,M2T6R354C1976VB68.h5,67.85714285714286,0.4469639707734915,0.061538461533764674,middle,1
T6,M2,355,68,1980,M2T6R355C1980VB68.h5,68.0,0.4479717813051115,0.04615384615032393,middle,1
T6,M2,356,68,2002,M2T6R356C2002VB68.h5,68.0,0.4479717813051115,0.04615384615032393,middle,1
T6,M2,357,68,2006,M2T6R357C2006VB68.h5,68.0,0.4479717813051115,0.046153846150323086,middle,1
T6,M2,358,68,2009,M2T6R358C2009VB68.h5,68.14285714285714,0.44897959183673153,0.046153846150323086,middle,1
T6,M2,359,68,2013,M2T6R359C2013VB68.h5,68.28571428571429,0.4499874023683516,0.06153846153376383,middle,1
T6,M2,360,68,2017,M2T6R360C2017VB68.h5,68.42857142857143,0.45099521289997163,0.07692307691720457,middle,1
T6,M2,361,69,2021,M2T6R361C2021VB69.h5,68.57142857142857,0.45200302343159166,0.07692307691720628,middle,1
T6,M2,362,69,2025,M2T6R362C2025VB69.h5,68.71428571428571,0.4530108339632117,0.07692307691720542,middle,1
T6,M2,363,69,2029,M2T6R363C2029VB69.h5,68.85714285714286,0.4540186444948318,0.061538461533764674,middle,1
T6,M2,364,69,2032,M2T6R364C2032VB69.h5,69.0,0.45502645502645184,0.04615384615032393,middle,1
T6,M2,365,69,2036,M2T6R365C2036VB69.h5,69.0,0.45502645502645184,0.04615384615032393,middle,1
T6,M2,366,69,2040,M2T6R366C2040VB69.h5,69.0,0.45502645502645184,0.04615384615032393,middle,1
T6,M2,367,69,2044,M2T6R367C2044VB69.h5,69.14285714285714,0.45603426555807186,0.04615384615032393,middle,1
T6,M2,368,69,2048,M2T6R368C2048VB69.h5,69.28571428571429,0.457042076089692,0.06153846153376383,middle,1
T6,M2,369,69,2051,M2T6R369C2051VB69.h5,69.42857142857143,0.458049886621312,0.07692307691720457,middle,1
T6,M2,370,70,2071,M2T6R370C2071VB70.h5,69.57142857142857,0.459057697152932,0.07692307691720628,middle,1
T6,M2,371,70,2075,M2T6R371C2075VB70.h5,69.71428571428571,0.460065507684552,0.07692307691720457,middle,1
T6,M2,372,70,2079,M2T6R372C2079VB70.h5,69.85714285714286,0.46107331821617215,0.06153846153376383,middle,1
T6,M2,373,70,2083,M2T6R373C2083VB70.h5,70.0,0.46208112874779217,0.061538461533764674,middle,1
T6,M2,374,70,2087,M2T6R374C2087VB70.h5,70.0,0.46208112874779217,0.06153846153376637,middle,1
T6,M2,375,70,2090,M2T6R375C2090VB70.h5,70.14285714285714,0.4630889392794122,0.061538461533764674,middle,1
T6,M2,376,70,2094,M2T6R376C2094VB70.h5,70.28571428571429,0.4640967498110323,0.061538461533764674,middle,1
T6,M2,377,70,2098,M2T6R377C2098VB70.h5,70.42857142857143,0.46510456034265235,0.07692307691720457,middle,1
T6,M2,378,71,2119,M2T6R378C2119VB71.h5,70.57142857142857,0.4661123708742724,0.07692307691720628,middle,1
T6,M2,379,71,2123,M2T6R379C2123VB71.h5,70.71428571428571,0.46712018140589234,0.07692307691720457,middle,1
T6,M2,380,71,2127,M2T6R380C2127VB71.h5,70.85714285714286,0.4681279919375125,0.07692307691720457,middle,1
T6,M2,381,71,2131,M2T6R381C2131VB71.h5,71.0,0.4691358024691325,0.07692307691720628,middle,1
T6,M2,382,71,2134,M2T6R382C2134VB71.h5,71.14285714285714,0.4701436130007525,0.07692307691720712,middle,1
T6,M2,383,71,2138,M2T6R383C2138VB71.h5,71.28571428571429,0.47115142353237266,0.07692307691720542,middle,1
T6,M2,384,71,2142,M2T6R384C2142VB71.h5,71.42857142857143,0.4721592340639927,0.07692307691720542,middle,1
T6,M2,385,72,2164,M2T6R385C2164VB72.h5,71.57142857142857,0.4731670445956127,0.07692307691720628,middle,1
T6,M2,386,72,2167,M2T6R386C2167VB72.h5,71.71428571428571,0.47417485512723273,0.07692307691720457,middle,1
T6,M2,387,72,2171,M2T6R387C2171VB72.h5,71.85714285714286,0.4751826656588528,0.07692307691720457,middle,1
T6,M2,388,72,2175,M2T6R388C2175VB72.h5,72.0,0.47619047619047283,0.07692307691720628,middle,1
T6,M2,389,72,2179,M2T6R389C2179VB72.h5,72.14285714285714,0.47719828672209286,0.07692307691720628,middle,1
T6,M2,390,72,2183,M2T6R390C2183VB72.h5,72.28571428571429,0.478206097253713,0.07692307691720542,middle,1
T6,M2,391,72,2187,M2T6R391C2187VB72.h5,72.42857142857143,0.479213907785333,0.07692307691720542,middle,1
T6,M2,392,73,2190,M2T6R392C2190VB73.h5,72.57142857142857,0.48022171831695304,0.07692307691720628,middle,1
T6,M2,393,73,2194,M2T6R393C2194VB73.h5,72.71428571428571,0.48122952884857306,0.07692307691720457,middle,1
T6,M2,394,73,2198,M2T6R394C2198VB73.h5,72.85714285714286,0.48223733938019314,0.07692307691720457,middle,1
T6,M2,395,73,2202,M2T6R395C2202VB73.h5,73.0,0.48324514991181317,0.07692307691720628,middle,1
T6,M2,396,73,2206,M2T6R396C2206VB73.h5,73.14285714285714,0.4842529604434332,0.07692307691720628,middle,1
T6,M2,397,73,2210,M2T6R397C2210VB73.h5,73.28571428571429,0.4852607709750533,0.07692307691720542,middle,1
T6,M2,398,73,2213,M2T6R398C2213VB73.h5,73.42857142857143,0.48626858150667335,0.07692307691720542,middle,1
T6,M2,399,74,2233,M2T6R399C2233VB74.h5,73.57142857142857,0.48727639203829337,0.07692307691720712,middle,1
T6,M2,400,74,2237,M2T6R400C2237VB74.h5,73.71428571428571,0.4882842025699134,0.07692307691720542,middle,1
T6,M2,401,74,2241,M2T6R401C2241VB74.h5,73.85714285714286,0.48929201310153353,0.07692307691720457,middle,1
T6,M2,402,74,2245,M2T6R402C2245VB74.h5,74.0,0.49029982363315355,0.07692307691720628,middle,1
T6,M2,403,74,2249,M2T6R403C2249VB74.h5,74.14285714285714,0.4913076341647735,0.07692307691720628,middle,1
T6,M2,404,74,2252,M2T6R404C2252VB74.h5,74.28571428571429,0.49231544469639366,0.07692307691720457,middle,1
T6,M2,405,74,2256,M2T6R405C2256VB74.h5,74.42857142857143,0.4933232552280137,0.07692307691720457,middle,1
T6,M2,406,75,2260,M2T6R406C2260VB75.h5,74.57142857142857,0.4943310657596337,0.09230769230064786,middle,1
T6,M2,407,75,2280,M2T6R407C2280VB75.h5,74.71428571428571,0.4953388762912537,0.10769230768408776,middle,1
T6,M2,408,75,2283,M2T6R408C2283VB75.h5,75.0,0.4973544973544939,0.1076923076840886,middle,1
T6,M2,409,75,2287,M2T6R409C2287VB75.h5,75.28571428571429,0.499370118417734,0.1076923076840886,middle,1
T6,M2,410,75,2291,M2T6R410C2291VB75.h5,75.42857142857143,0.5003779289493541,0.1076923076840886,middle,1
T6,M2,411,76,2295,M2T6R411C2295VB76.h5,75.57142857142857,0.5013857394809741,0.10769230768408691,middle,1
T6,M2,412,76,2299,M2T6R412C2299VB76.h5,75.71428571428571,0.5023935500125941,0.10769230768408776,middle,1
T6,M2,413,76,2303,M2T6R413C2303VB76.h5,76.0,0.5044091710758342,0.10769230768408691,middle,1
T6,M2,414,76,2324,M2T6R414C2324VB76.h5,76.28571428571429,0.5064247921390743,0.10769230768408691,middle,1
T6,M2,415,76,2328,M2T6R415C2328VB76.h5,76.42857142857143,0.5074326026706943,0.10769230768408691,middle,1
T6,M2,416,77,2332,M2T6R416C2332VB77.h5,76.57142857142857,0.5084404132023144,0.09230769230064786,middle,1
T6,M2,417,77,2336,M2T6R417C2336VB77.h5,76.71428571428571,0.5094482237339344,0.07692307691720542,middle,1
T6,M2,418,77,2339,M2T6R418C2339VB77.h5,76.85714285714286,0.5104560342655545,0.061538461533764674,middle,1
T6,M2,419,77,2343,M2T6R419C2343VB77.h5,77.0,0.5114638447971745,0.04615384615032393,middle,1
T6,M2,420,77,2347,M2T6R420C2347VB77.h5,77.0,0.5114638447971745,0.04615384615032393,middle,1
T6,M2,421,77,2351,M2T6R421C2351VB77.h5,77.0,0.5114638447971745,0.04615384615032393,middle,1
T6,M2,422,77,2355,M2T6R422C2355VB77.h5,77.14285714285714,0.5124716553287946,0.04615384615032393,middle,1
T6,M2,423,77,2359,M2T6R423C2359VB77.h5,77.28571428571429,0.5134794658604147,0.061538461533764674,middle,1
T6,M2,424,77,2362,M2T6R424C2362VB77.h5,77.42857142857143,0.5144872763920347,0.07692307691720542,middle,1
T6,M2,425,78,2366,M2T6R425C2366VB78.h5,77.57142857142857,0.5154950869236548,0.09230769230064617,middle,1
T6,M2,426,78,2370,M2T6R426C2370VB78.h5,77.71428571428571,0.5165028974552748,0.10769230768408691,middle,1
T6,M2,427,78,2374,M2T6R427C2374VB78.h5,78.0,0.5185185185185148,0.10769230768408691,middle,1
T6,M2,428,78,2394,M2T6R428C2394VB78.h5,78.28571428571429,0.520534139581755,0.10769230768408691,middle,1
T6,M2,429,78,2398,M2T6R429C2398VB78.h5,78.42857142857143,0.521541950113375,0.10769230768408691,middle,1
T6,M2,430,79,2401,M2T6R430C2401VB79.h5,78.57142857142857,0.522549760644995,0.09230769230064786,middle,1
T6,M2,431,79,2405,M2T6R431C2405VB79.h5,78.71428571428571,0.523557571176615,0.07692307691720542,middle,1
T6,M2,432,79,2409,M2T6R432C2409VB79.h5,78.85714285714286,0.5245653817082352,0.061538461533764674,middle,1
T6,M2,433,79,2413,M2T6R433C2413VB79.h5,79.0,0.5255731922398552,0.04615384615032393,middle,1
T6,M2,434,79,2417,M2T6R434C2417VB79.h5,79.0,0.5255731922398552,0.04615384615032393,middle,1
T6,M2,435,79,2421,M2T6R435C2421VB79.h5,79.0,0.5255731922398552,0.04615384615032393,middle,1
T6,M2,436,79,2443,M2T6R436C2443VB79.h5,79.14285714285714,0.5265810027714752,0.04615384615032393,middle,1
T6,M2,437,79,2446,M2T6R437C2446VB79.h5,79.28571428571429,0.5275888133030954,0.061538461533764674,middle,1
T6,M2,438,79,2450,M2T6R438C2450VB79.h5,79.42857142857143,0.5285966238347154,0.07692307691720542,middle,1
T6,M2,439,80,2454,M2T6R439C2454VB80.h5,79.57142857142857,0.5296044343663354,0.07692307691720712,middle,1
T6,M2,440,80,2458,M2T6R440C2458VB80.h5,79.71428571428571,0.5306122448979554,0.07692307691720542,middle,1
T6,M2,441,80,2462,M2T6R441C2462VB80.h5,79.85714285714286,0.5316200554295756,0.061538461533764674,middle,1
T6,M2,442,80,2466,M2T6R442C2466VB80.h5,80.0,0.5326278659611956,0.04615384615032393,middle,1
T6,M2,443,80,2487,M2T6R443C2487VB80.h5,80.0,0.5326278659611956,0.030769230766883184,middle,1
T6,M2,444,80,2491,M2T6R444C2491VB80.h5,80.0,0.5326278659611956,0.015384615383440745,middle,1
T6,M2,445,80,2495,M2T6R445C2495VB80.h5,80.0,0.5326278659611956,0.0,middle,1
T6,M2,446,80,2499,M2T6R446C2499VB80.h5,80.0,0.5326278659611956,0.0,middle,1
T6,M2,447,80,2502,M2T6R447C2502VB80.h5,80.0,0.5326278659611956,0.0,middle,1
T6,M2,448,80,2506,M2T6R448C2506VB80.h5,80.0,0.5326278659611956,0.0,middle,1
T6,M2,449,80,2510,M2T6R449C2510VB80.h5,80.0,0.5326278659611956,0.0,middle,1
T6,M2,450,80,2514,M2T6R450C2514VB80.h5,80.0,0.5326278659611956,0.0,middle,1
T6,M2,451,80,2518,M2T6R451C2518VB80.h5,80.0,0.5326278659611956,0.0,middle,1
T6,M2,452,80,2522,M2T6R452C2522VB80.h5,80.0,0.5326278659611956,0.0,middle,1
T6,M2,453,80,2525,M2T6R453C2525VB80.h5,80.0,0.5326278659611956,0.0,middle,1
T6,M2,454,80,2529,M2T6R454C2529VB80.h5,80.0,0.5326278659611956,0.0,middle,1
T6,M2,455,80,2533,M2T6R455C2533VB80.h5,80.0,0.5326278659611956,0.0,middle,1
T6,M2,456,80,2537,M2T6R456C2537VB80.h5,80.0,0.5326278659611956,0.0,middle,1
T6,M2,457,80,2557,M2T6R457C2557VB80.h5,80.0,0.5326278659611956,0.0,middle,1
T6,M2,458,80,2561,M2T6R458C2561VB80.h5,80.0,0.5326278659611956,0.0,middle,1
T6,M2,459,80,2565,M2T6R459C2565VB80.h5,80.0,0.5326278659611956,0.0,middle,1
T6,M2,460,80,2568,M2T6R460C2568VB80.h5,80.0,0.5326278659611956,0.015384615383440745,middle,1
T6,M2,461,80,2572,M2T6R461C2572VB80.h5,80.0,0.5326278659611956,0.03076923076688149,middle,1
T6,M2,462,80,2576,M2T6R462C2576VB80.h5,80.14285714285714,0.5336356764928156,0.04615384615032223,middle,1
T6,M2,463,80,2580,M2T6R463C2580VB80.h5,80.28571428571429,0.5346434870244356,0.06153846153376298,middle,1
T6,M2,464,80,2584,M2T6R464C2584VB80.h5,80.42857142857143,0.5356512975560557,0.07692307691720372,middle,1
T6,M2,465,81,2607,M2T6R465C2607VB81.h5,80.57142857142857,0.5366591080876757,0.07692307691720542,middle,1
T6,M2,466,81,2611,M2T6R466C2611VB81.h5,80.71428571428571,0.5376669186192957,0.07692307691720542,middle,1
T6,M2,467,81,2614,M2T6R467C2614VB81.h5,80.85714285714286,0.5386747291509159,0.061538461533764674,middle,1
T6,M2,468,81,2618,M2T6R468C2618VB81.h5,81.0,0.5396825396825359,0.04615384615032393,middle,1
T6,M2,469,81,2622,M2T6R469C2622VB81.h5,81.0,0.5396825396825359,0.030769230766883184,middle,1
T6,M2,470,81,2626,M2T6R470C2626VB81.h5,81.0,0.5396825396825359,0.015384615383440745,middle,1
T6,M2,471,81,2630,M2T6R471C2630VB81.h5,81.0,0.5396825396825359,0.0,middle,1
T6,M2,472,81,2651,M2T6R472C2651VB81.h5,81.0,0.5396825396825359,0.0,middle,1
T6,M2,473,81,2655,M2T6R473C2655VB81.h5,81.0,0.5396825396825359,0.0,middle,1
T6,M2,474,81,2659,M2T6R474C2659VB81.h5,81.0,0.5396825396825359,0.0,middle,1
T6,M2,475,81,2663,M2T6R475C2663VB81.h5,81.0,0.5396825396825359,0.0,middle,1
T6,M2,476,81,2666,M2T6R476C2666VB81.h5,81.0,0.5396825396825359,0.0,middle,1
T6,M2,477,81,2670,M2T6R477C2670VB81.h5,81.0,0.5396825396825359,0.0,middle,1
T6,M2,478,81,2674,M2T6R478C2674VB81.h5,81.0,0.5396825396825359,0.0,middle,1
T6,M2,479,81,2678,M2T6R479C2678VB81.h5,81.0,0.5396825396825359,0.0,middle,1
T6,M2,480,81,2682,M2T6R480C2682VB81.h5,81.0,0.5396825396825359,0.0,middle,1
T6,M2,481,81,2686,M2T6R481C2686VB81.h5,81.0,0.5396825396825359,0.0,middle,1
T6,M2,482,81,2689,M2T6R482C2689VB81.h5,81.0,0.5396825396825359,0.0,middle,1
T6,M2,483,81,2693,M2T6R483C2693VB81.h5,81.0,0.5396825396825359,0.0,middle,1
T6,M2,484,81,2697,M2T6R484C2697VB81.h5,81.0,0.5396825396825359,0.0,middle,1
T6,M2,485,81,2701,M2T6R485C2701VB81.h5,81.0,0.5396825396825359,0.0,middle,1
T6,M2,486,81,2721,M2T6R486C2721VB81.h5,81.0,0.5396825396825359,0.0,middle,1
T6,M2,487,81,2725,M2T6R487C2725VB81.h5,81.0,0.5396825396825359,0.0,middle,1
T6,M2,488,81,2728,M2T6R488C2728VB81.h5,81.0,0.5396825396825359,0.0,middle,1
T6,M2,489,81,2732,M2T6R489C2732VB81.h5,81.0,0.5396825396825359,0.015384615383440745,middle,1
T6,M2,490,81,2736,M2T6R490C2736VB81.h5,81.0,0.5396825396825359,0.030769230766883184,middle,1
T6,M2,491,81,2740,M2T6R491C2740VB81.h5,81.14285714285714,0.5406903502141559,0.04615384615032393,middle,1
T6,M2,492,81,2744,M2T6R492C2744VB81.h5,81.28571428571429,0.541698160745776,0.061538461533764674,middle,1
T6,M2,493,81,2748,M2T6R493C2748VB81.h5,81.42857142857143,0.5427059712773961,0.07692307691720542,middle,1
T6,M2,494,82,2768,M2T6R494C2768VB82.h5,81.57142857142857,0.5437137818090161,0.07692307691720712,middle,1
T6,M2,495,82,2772,M2T6R495C2772VB82.h5,81.71428571428571,0.5447215923406361,0.07692307691720542,middle,1
T6,M2,496,82,2776,M2T6R496C2776VB82.h5,81.85714285714286,0.5457294028722562,0.061538461533764674,middle,1
T6,M2,497,82,2780,M2T6R497C2780VB82.h5,82.0,0.5467372134038763,0.04615384615032393,middle,1
T6,M2,498,82,2784,M2T6R498C2784VB82.h5,82.0,0.5467372134038763,0.030769230766883184,middle,1
T6,M2,499,82,2788,M2T6R499C2788VB82.h5,82.0,0.5467372134038763,0.015384615383440745,middle,1
T6,M2,500,82,2791,M2T6R500C2791VB82.h5,82.0,0.5467372134038763,0.0,middle,1
T6,M2,501,82,2813,M2T6R501C2813VB82.h5,82.0,0.5467372134038763,0.0,middle,1
T6,M2,502,82,2817,M2T6R502C2817VB82.h5,82.0,0.5467372134038763,0.0,middle,1
T6,M2,503,82,2821,M2T6R503C2821VB82.h5,82.0,0.5467372134038763,0.0,middle,1
T6,M2,504,82,2824,M2T6R504C2824VB82.h5,82.0,0.5467372134038763,0.0,middle,1
T6,M2,505,82,2828,M2T6R505C2828VB82.h5,82.0,0.5467372134038763,0.0,middle,1
T6,M2,506,82,2832,M2T6R506C2832VB82.h5,82.0,0.5467372134038763,0.0,middle,1
T6,M2,507,82,2836,M2T6R507C2836VB82.h5,82.0,0.5467372134038763,0.0,middle,1
T6,M2,508,82,2840,M2T6R508C2840VB82.h5,82.0,0.5467372134038763,0.0,middle,1
T6,M2,509,82,2844,M2T6R509C2844VB82.h5,82.0,0.5467372134038763,0.015384615383440745,middle,1
T6,M2,510,82,2847,M2T6R510C2847VB82.h5,82.0,0.5467372134038763,0.030769230766883184,middle,1
T6,M2,511,82,2851,M2T6R511C2851VB82.h5,82.14285714285714,0.5477450239354963,0.04615384615032393,middle,1
T6,M2,512,82,2855,M2T6R512C2855VB82.h5,82.28571428571429,0.5487528344671164,0.06153846153376298,middle,1
T6,M2,513,82,2859,M2T6R513C2859VB82.h5,82.42857142857143,0.5497606449987364,0.07692307691720372,middle,1
T6,M2,514,83,2863,M2T6R514C2863VB83.h5,82.57142857142857,0.5507684555303564,0.07692307691720542,middle,1
T6,M2,515,83,2883,M2T6R515C2883VB83.h5,82.71428571428571,0.5517762660619764,0.07692307691720372,middle,1
T6,M2,516,83,2887,M2T6R516C2887VB83.h5,82.85714285714286,0.5527840765935965,0.06153846153376298,middle,1
T6,M2,517,83,2891,M2T6R517C2891VB83.h5,83.0,0.5537918871252165,0.04615384615032393,middle,1
T6,M2,518,83,2894,M2T6R518C2894VB83.h5,83.0,0.5537918871252165,0.030769230766883184,middle,1
T6,M2,519,83,2898,M2T6R519C2898VB83.h5,83.0,0.5537918871252165,0.015384615383440745,middle,1
T6,M2,520,83,2902,M2T6R520C2902VB83.h5,83.0,0.5537918871252165,0.0,middle,1
T6,M2,521,83,2906,M2T6R521C2906VB83.h5,83.0,0.5537918871252165,0.0,middle,1
T6,M2,522,83,2910,M2T6R522C2910VB83.h5,83.0,0.5537918871252165,0.0,middle,1
T6,M2,523,83,2933,M2T6R523C2933VB83.h5,83.0,0.5537918871252165,0.0,middle,1
T6,M2,524,83,2936,M2T6R524C2936VB83.h5,83.0,0.5537918871252165,0.0,middle,1
T6,M2,525,83,2940,M2T6R525C2940VB83.h5,83.0,0.5537918871252165,0.015384615383440745,middle,1
T6,M2,526,83,2944,M2T6R526C2944VB83.h5,83.0,0.5537918871252165,0.030769230766883184,middle,1
T6,M2,527,83,2948,M2T6R527C2948VB83.h5,83.14285714285714,0.5547996976568366,0.04615384615032393,middle,1
T6,M2,528,83,2952,M2T6R528C2952VB83.h5,83.28571428571429,0.5558075081884567,0.061538461533764674,middle,1
T6,M2,529,83,2956,M2T6R529C2956VB83.h5,83.42857142857143,0.5568153187200767,0.07692307691720542,middle,1
T6,M2,530,84,2977,M2T6R530C2977VB84.h5,83.57142857142857,0.5578231292516967,0.07692307691720712,middle,1
T6,M2,531,84,2981,M2T6R531C2981VB84.h5,83.71428571428571,0.5588309397833168,0.07692307691720542,middle,1
T6,M2,532,84,2985,M2T6R532C2985VB84.h5,83.85714285714286,0.5598387503149369,0.061538461533764674,middle,1
T6,M2,533,84,2989,M2T6R533C2989VB84.h5,84.0,0.5608465608465569,0.04615384615032393,middle,1
T6,M2,534,84,2992,M2T6R534C2992VB84.h5,84.0,0.5608465608465569,0.030769230766883184,middle,1
T6,M2,535,84,2996,M2T6R535C2996VB84.h5,84.0,0.5608465608465569,0.015384615383440745,middle,1
T6,M2,536,84,3000,M2T6R536C3000VB84.h5,84.0,0.5608465608465569,0.0,middle,1
T6,M2,537,84,3004,M2T6R537C3004VB84.h5,84.0,0.5608465608465569,0.0,middle,1
T6,M2,538,84,3008,M2T6R538C3008VB84.h5,84.0,0.5608465608465569,0.0,middle,1
T6,M2,539,84,3012,M2T6R539C3012VB84.h5,84.0,0.5608465608465569,0.0,middle,1
T6,M2,540,84,3015,M2T6R540C3015VB84.h5,84.0,0.5608465608465569,0.0,middle,1
T6,M2,541,84,3019,M2T6R541C3019VB84.h5,84.0,0.5608465608465569,0.0,middle,1
T6,M2,542,84,3023,M2T6R542C3023VB84.h5,84.0,0.5608465608465569,0.0,middle,1
T6,M2,543,84,3027,M2T6R543C3027VB84.h5,84.0,0.5608465608465569,0.0,middle,1
T6,M2,544,84,3047,M2T6R544C3047VB84.h5,84.0,0.5608465608465569,0.0,middle,1
T6,M2,545,84,3051,M2T6R545C3051VB84.h5,84.0,0.5608465608465569,0.0,middle,1
T6,M2,546,84,3055,M2T6R546C3055VB84.h5,84.0,0.5608465608465569,0.0,middle,1
T6,M2,547,84,3058,M2T6R547C3058VB84.h5,84.0,0.5608465608465569,0.015384615383440745,middle,1
T6,M2,548,84,3062,M2T6R548C3062VB84.h5,84.0,0.5608465608465569,0.030769230766883184,middle,1
T6,M2,549,84,3066,M2T6R549C3066VB84.h5,84.14285714285714,0.561854371378177,0.04615384615032393,middle,1
T6,M2,550,84,3070,M2T6R550C3070VB84.h5,84.28571428571429,0.5628621819097971,0.061538461533764674,middle,1
T6,M2,551,84,3074,M2T6R551C3074VB84.h5,84.42857142857143,0.5638699924414171,0.07692307691720542,middle,1
T6,M2,552,85,3093,M2T6R552C3093VB85.h5,84.57142857142857,0.5648778029730371,0.07692307691720542,middle,1
T6,M2,553,85,3097,M2T6R553C3097VB85.h5,84.71428571428571,0.5658856135046572,0.07692307691720372,middle,1
T6,M2,554,85,3101,M2T6R554C3101VB85.h5,84.85714285714286,0.5668934240362772,0.06153846153376298,middle,1
T6,M2,555,85,3105,M2T6R555C3105VB85.h5,85.0,0.5679012345678972,0.04615384615032223,middle,1
T6,M2,556,85,3109,M2T6R556C3109VB85.h5,85.0,0.5679012345678972,0.03076923076688149,middle,1
T6,M2,557,85,3113,M2T6R557C3113VB85.h5,85.0,0.5679012345678972,0.015384615383440745,middle,1
T6,M2,558,85,3116,M2T6R558C3116VB85.h5,85.0,0.5679012345678972,0.0,middle,1
T6,M2,559,85,3138,M2T6R559C3138VB85.h5,85.0,0.5679012345678972,0.0,middle,1
T6,M2,560,85,3142,M2T6R560C3142VB85.h5,85.0,0.5679012345678972,0.0,middle,1
T6,M2,561,85,3146,M2T6R561C3146VB85.h5,85.0,0.5679012345678972,0.0,middle,1
T6,M2,562,85,3149,M2T6R562C3149VB85.h5,85.0,0.5679012345678972,0.0,middle,1
T6,M2,563,85,3153,M2T6R563C3153VB85.h5,85.0,0.5679012345678972,0.0,middle,1
T6,M2,564,85,3157,M2T6R564C3157VB85.h5,85.0,0.5679012345678972,0.0,middle,1
T6,M2,565,85,3161,M2T6R565C3161VB85.h5,85.0,0.5679012345678972,0.0,middle,1
T6,M2,566,85,3165,M2T6R566C3165VB85.h5,85.0,0.5679012345678972,0.0,middle,1
T6,M2,567,85,3168,M2T6R567C3168VB85.h5,85.0,0.5679012345678972,0.0,middle,1
T6,M2,568,85,3172,M2T6R568C3172VB85.h5,85.0,0.5679012345678972,0.015384615383440745,middle,1
T6,M2,569,85,3176,M2T6R569C3176VB85.h5,85.0,0.5679012345678972,0.030769230766883184,middle,1
T6,M2,570,85,3180,M2T6R570C3180VB85.h5,85.14285714285714,0.5689090450995172,0.04615384615032393,middle,1
T6,M2,571,85,3184,M2T6R571C3184VB85.h5,85.28571428571429,0.5699168556311374,0.061538461533764674,middle,1
T6,M2,572,85,3188,M2T6R572C3188VB85.h5,85.42857142857143,0.5709246661627574,0.07692307691720542,middle,1
T6,M2,573,86,3208,M2T6R573C3208VB86.h5,85.57142857142857,0.5719324766943774,0.07692307691720712,middle,1
T6,M2,574,86,3211,M2T6R574C3211VB86.h5,85.71428571428571,0.5729402872259974,0.07692307691720542,middle,1
T6,M2,575,86,3215,M2T6R575C3215VB86.h5,85.85714285714286,0.5739480977576176,0.061538461533764674,middle,1
T6,M2,576,86,3219,M2T6R576C3219VB86.h5,86.0,0.5749559082892376,0.04615384615032393,middle,1
T6,M2,577,86,3223,M2T6R577C3223VB86.h5,86.0,0.5749559082892376,0.030769230766883184,middle,1
T6,M2,578,86,3227,M2T6R578C3227VB86.h5,86.0,0.5749559082892376,0.015384615383440745,middle,1
T6,M2,579,86,3231,M2T6R579C3231VB86.h5,86.0,0.5749559082892376,0.0,middle,1
T6,M2,580,86,3234,M2T6R580C3234VB86.h5,86.0,0.5749559082892376,0.0,middle,1
T6,M2,581,86,3255,M2T6R581C3255VB86.h5,86.0,0.5749559082892376,0.0,middle,1
T6,M2,582,86,3259,M2T6R582C3259VB86.h5,86.0,0.5749559082892376,0.0,middle,1
T6,M2,583,86,3263,M2T6R583C3263VB86.h5,86.0,0.5749559082892376,0.0,middle,1
T6,M2,584,86,3267,M2T6R584C3267VB86.h5,86.0,0.5749559082892376,0.015384615383440745,middle,1
T6,M2,585,86,3271,M2T6R585C3271VB86.h5,86.0,0.5749559082892376,0.030769230766883184,middle,1
T6,M2,586,86,3275,M2T6R586C3275VB86.h5,86.14285714285714,0.5759637188208576,0.04615384615032393,middle,1
T6,M2,587,86,3278,M2T6R587C3278VB86.h5,86.28571428571429,0.5769715293524778,0.061538461533764674,middle,1
T6,M2,588,86,3300,M2T6R588C3300VB86.h5,86.42857142857143,0.5779793398840978,0.07692307691720542,middle,1
T6,M2,589,87,3304,M2T6R589C3304VB87.h5,86.57142857142857,0.5789871504157178,0.07692307691720712,middle,1
T6,M2,590,87,3308,M2T6R590C3308VB87.h5,86.71428571428571,0.5799949609473378,0.07692307691720542,middle,1
T6,M2,591,87,3312,M2T6R591C3312VB87.h5,86.85714285714286,0.581002771478958,0.061538461533764674,middle,1
T6,M2,592,87,3315,M2T6R592C3315VB87.h5,87.0,0.582010582010578,0.04615384615032393,middle,1
T6,M2,593,87,3319,M2T6R593C3319VB87.h5,87.0,0.582010582010578,0.030769230766883184,middle,1
T6,M2,594,87,3323,M2T6R594C3323VB87.h5,87.0,0.582010582010578,0.015384615383440745,middle,1
T6,M2,595,87,3327,M2T6R595C3327VB87.h5,87.0,0.582010582010578,0.0,middle,1
T6,M2,596,87,3331,M2T6R596C3331VB87.h5,87.0,0.582010582010578,0.0,middle,1
T6,M2,597,87,3335,M2T6R597C3335VB87.h5,87.0,0.582010582010578,0.0,middle,1
T6,M2,598,87,3338,M2T6R598C3338VB87.h5,87.0,0.582010582010578,0.0,middle,1
T6,M2,599,87,3342,M2T6R599C3342VB87.h5,87.0,0.582010582010578,0.0,middle,1
T6,M2,600,87,3346,M2T6R600C3346VB87.h5,87.0,0.582010582010578,0.0,middle,1
T6,M2,601,87,3350,M2T6R601C3350VB87.h5,87.0,0.582010582010578,0.0,middle,1
T6,M2,602,87,3370,M2T6R602C3370VB87.h5,87.0,0.582010582010578,0.0,middle,1
T6,M2,603,87,3374,M2T6R603C3374VB87.h5,87.0,0.582010582010578,0.0,middle,1
T6,M2,604,87,3377,M2T6R604C3377VB87.h5,87.0,0.582010582010578,0.0,middle,1
T6,M2,605,87,3381,M2T6R605C3381VB87.h5,87.0,0.582010582010578,0.015384615383439049,middle,1
T6,M2,606,87,3385,M2T6R606C3385VB87.h5,87.0,0.582010582010578,0.03076923076688149,middle,1
T6,M2,607,87,3389,M2T6R607C3389VB87.h5,87.14285714285714,0.5830183925421979,0.04615384615032223,middle,1
T6,M2,608,87,3393,M2T6R608C3393VB87.h5,87.28571428571429,0.584026203073818,0.06153846153376298,middle,1
T6,M2,609,87,3397,M2T6R609C3397VB87.h5,87.42857142857143,0.585034013605438,0.07692307691720372,middle,1
T6,M2,610,88,3417,M2T6R610C3417VB88.h5,87.57142857142857,0.5860418241370581,0.07692307691720712,middle,1
T6,M2,611,88,3421,M2T6R611C3421VB88.h5,87.71428571428571,0.5870496346686781,0.07692307691720542,middle,1
T6,M2,612,88,3425,M2T6R612C3425VB88.h5,87.85714285714286,0.5880574452002982,0.061538461533764674,middle,1
T6,M2,613,88,3429,M2T6R613C3429VB88.h5,88.0,0.5890652557319183,0.04615384615032393,middle,1
T6,M2,614,88,3432,M2T6R614C3432VB88.h5,88.0,0.5890652557319183,0.030769230766883184,middle,1
T6,M2,615,88,3436,M2T6R615C3436VB88.h5,88.0,0.5890652557319183,0.015384615383440745,middle,1
T6,M2,616,88,3440,M2T6R616C3440VB88.h5,88.0,0.5890652557319183,0.0,middle,1
T6,M2,617,88,3462,M2T6R617C3462VB88.h5,88.0,0.5890652557319183,0.0,middle,1
T6,M2,618,88,3466,M2T6R618C3466VB88.h5,88.0,0.5890652557319183,0.0,middle,1
T6,M2,619,88,3469,M2T6R619C3469VB88.h5,88.0,0.5890652557319183,0.0,middle,1
T6,M2,620,88,3473,M2T6R620C3473VB88.h5,88.0,0.5890652557319183,0.0,middle,1
T6,M2,621,88,3477,M2T6R621C3477VB88.h5,88.0,0.5890652557319183,0.0,middle,1
T6,M2,622,88,3481,M2T6R622C3481VB88.h5,88.0,0.5890652557319183,0.0,middle,1
T6,M2,623,88,3485,M2T6R623C3485VB88.h5,88.0,0.5890652557319183,0.0,middle,1
T6,M2,624,88,3488,M2T6R624C3488VB88.h5,88.0,0.5890652557319183,0.0,middle,1
T6,M2,625,88,3492,M2T6R625C3492VB88.h5,88.0,0.5890652557319183,0.0,middle,1
T6,M2,626,88,3496,M2T6R626C3496VB88.h5,88.0,0.5890652557319183,0.0,middle,1
T6,M2,627,88,3500,M2T6R627C3500VB88.h5,88.0,0.5890652557319183,0.0,middle,1
T6,M2,628,88,3504,M2T6R628C3504VB88.h5,88.0,0.5890652557319183,0.0,middle,1
T6,M2,629,88,3508,M2T6R629C3508VB88.h5,88.0,0.5890652557319183,0.0,middle,1
T6,M2,630,88,3512,M2T6R630C3512VB88.h5,88.0,0.5890652557319183,0.015384615383440745,middle,1
T6,M2,631,88,3532,M2T6R631C3532VB88.h5,88.0,0.5890652557319183,0.030769230766883184,middle,1
T6,M2,632,88,3535,M2T6R632C3535VB88.h5,88.14285714285714,0.5900730662635383,0.04615384615032393,middle,1
T6,M2,633,88,3539,M2T6R633C3539VB88.h5,88.28571428571429,0.5910808767951584,0.061538461533764674,middle,1
T6,M2,634,88,3543,M2T6R634C3543VB88.h5,88.42857142857143,0.5920886873267784,0.07692307691720542,middle,1
T6,M2,635,89,3547,M2T6R635C3547VB89.h5,88.57142857142857,0.5930964978583985,0.07692307691720712,middle,1
T6,M2,636,89,3551,M2T6R636C3551VB89.h5,88.71428571428571,0.5941043083900185,0.07692307691720542,middle,1
T6,M2,637,89,3555,M2T6R637C3555VB89.h5,88.85714285714286,0.5951121189216386,0.061538461533764674,middle,1
T6,M2,638,89,3558,M2T6R638C3558VB89.h5,89.0,0.5961199294532586,0.04615384615032393,middle,1
T6,M2,639,89,3579,M2T6R639C3579VB89.h5,89.0,0.5961199294532586,0.030769230766883184,middle,1
T6,M2,640,89,3583,M2T6R640C3583VB89.h5,89.0,0.5961199294532586,0.015384615383440745,middle,1
T6,M2,641,89,3586,M2T6R641C3586VB89.h5,89.0,0.5961199294532586,0.0,middle,1
T6,M2,642,89,3590,M2T6R642C3590VB89.h5,89.0,0.5961199294532586,0.0,middle,1
T6,M2,643,89,3594,M2T6R643C3594VB89.h5,89.0,0.5961199294532586,0.0,middle,1
T6,M2,644,89,3598,M2T6R644C3598VB89.h5,89.0,0.5961199294532586,0.0,middle,1
T6,M2,645,89,3602,M2T6R645C3602VB89.h5,89.0,0.5961199294532586,0.0,middle,1
T6,M2,646,89,3623,M2T6R646C3623VB89.h5,89.0,0.5961199294532586,0.0,middle,1
T6,M2,647,89,3627,M2T6R647C3627VB89.h5,89.0,0.5961199294532586,0.0,middle,1
T6,M2,648,89,3631,M2T6R648C3631VB89.h5,89.0,0.5961199294532586,0.0,middle,1
T6,M2,649,89,3635,M2T6R649C3635VB89.h5,89.0,0.5961199294532586,0.0,middle,1
T6,M2,650,89,3639,M2T6R650C3639VB89.h5,89.0,0.5961199294532586,0.0,middle,1
T6,M2,651,89,3643,M2T6R651C3643VB89.h5,89.0,0.5961199294532586,0.0,middle,1
T6,M2,652,89,3646,M2T6R652C3646VB89.h5,89.0,0.5961199294532586,0.0,middle,1
T6,M2,653,89,3650,M2T6R653C3650VB89.h5,89.0,0.5961199294532586,0.0,middle,1
T6,M2,654,89,3654,M2T6R654C3654VB89.h5,89.0,0.5961199294532586,0.0,middle,1
T6,M2,655,89,3658,M2T6R655C3658VB89.h5,89.0,0.5961199294532586,0.015384615383440745,middle,1
T6,M2,656,89,3662,M2T6R656C3662VB89.h5,89.0,0.5961199294532586,0.03076923076688149,middle,1
T6,M2,657,89,3666,M2T6R657C3666VB89.h5,89.14285714285714,0.5971277399848787,0.04615384615032223,middle,1
T6,M2,658,89,3669,M2T6R658C3669VB89.h5,89.28571428571429,0.5981355505164987,0.06153846153376298,middle,1
T6,M2,659,89,3673,M2T6R659C3673VB89.h5,89.42857142857143,0.5991433610481187,0.07692307691720372,middle,1
T6,M2,660,90,3693,M2T6R660C3693VB90.h5,89.57142857142857,0.6001511715797387,0.07692307691720542,middle,1
T6,M2,661,90,3697,M2T6R661C3697VB90.h5,89.71428571428571,0.6011589821113588,0.07692307691720542,middle,1
T6,M2,662,90,3701,M2T6R662C3701VB90.h5,89.85714285714286,0.6021667926429789,0.061538461533764674,middle,1
T6,M2,663,90,3705,M2T6R663C3705VB90.h5,90.0,0.6031746031745989,0.04615384615032393,late,2
T6,M2,664,90,3709,M2T6R664C3709VB90.h5,90.0,0.6031746031745989,0.030769230766883184,late,2
T6,M2,665,90,3712,M2T6R665C3712VB90.h5,90.0,0.6031746031745989,0.015384615383440745,late,2
T6,M2,666,90,3716,M2T6R666C3716VB90.h5,90.0,0.6031746031745989,0.0,late,2
T6,M2,667,90,3720,M2T6R667C3720VB90.h5,90.0,0.6031746031745989,0.0,late,2
T6,M2,668,90,3742,M2T6R668C3742VB90.h5,90.0,0.6031746031745989,0.0,late,2
T6,M2,669,90,3746,M2T6R669C3746VB90.h5,90.0,0.6031746031745989,0.0,late,2
T6,M2,670,90,3750,M2T6R670C3750VB90.h5,90.0,0.6031746031745989,0.0,late,2
T6,M2,671,90,3754,M2T6R671C3754VB90.h5,90.0,0.6031746031745989,0.0,late,2
T6,M2,672,90,3758,M2T6R672C3758VB90.h5,90.0,0.6031746031745989,0.0,late,2
T6,M2,673,90,3761,M2T6R673C3761VB90.h5,90.0,0.6031746031745989,0.0,late,2
T6,M2,674,90,3765,M2T6R674C3765VB90.h5,90.0,0.6031746031745989,0.0,late,2
T6,M2,675,90,3787,M2T6R675C3787VB90.h5,90.0,0.6031746031745989,0.0,late,2
T6,M2,676,90,3791,M2T6R676C3791VB90.h5,90.0,0.6031746031745989,0.0,late,2
T6,M2,677,90,3795,M2T6R677C3795VB90.h5,90.0,0.6031746031745989,0.0,late,2
T6,M2,678,90,3798,M2T6R678C3798VB90.h5,90.0,0.6031746031745989,0.0,late,2
T6,M2,679,90,3802,M2T6R679C3802VB90.h5,90.0,0.6031746031745989,0.0,late,2
T6,M2,680,90,3806,M2T6R680C3806VB90.h5,90.0,0.6031746031745989,0.0,late,2
T6,M2,681,90,3810,M2T6R681C3810VB90.h5,90.0,0.6031746031745989,0.0,late,2
T6,M2,682,90,3814,M2T6R682C3814VB90.h5,90.0,0.6031746031745989,0.0,late,2
T6,M2,683,90,3818,M2T6R683C3818VB90.h5,90.0,0.6031746031745989,0.0,late,2
T6,M2,684,90,3821,M2T6R684C3821VB90.h5,90.0,0.6031746031745989,0.0,late,2
T6,M2,685,90,3825,M2T6R685C3825VB90.h5,90.0,0.6031746031745989,0.0,late,2
T6,M2,686,90,3829,M2T6R686C3829VB90.h5,90.0,0.6031746031745989,0.0,late,2
T6,M2,687,90,3833,M2T6R687C3833VB90.h5,90.0,0.6031746031745989,0.0,late,2
T6,M2,688,90,3837,M2T6R688C3837VB90.h5,90.0,0.6031746031745989,0.0,late,2
T6,M2,689,90,3857,M2T6R689C3857VB90.h5,90.0,0.6031746031745989,0.0,late,2
T6,M2,690,90,3861,M2T6R690C3861VB90.h5,90.0,0.6031746031745989,0.0,late,2
T6,M2,691,90,3864,M2T6R691C3864VB90.h5,90.0,0.6031746031745989,0.0,late,2
T6,M2,692,90,3868,M2T6R692C3868VB90.h5,90.0,0.6031746031745989,0.0,late,2
T6,M2,693,90,3872,M2T6R693C3872VB90.h5,90.0,0.6031746031745989,0.0,late,2
T6,M2,694,90,3876,M2T6R694C3876VB90.h5,90.0,0.6031746031745989,0.015384615383440745,late,2
T6,M2,695,90,3880,M2T6R695C3880VB90.h5,90.0,0.6031746031745989,0.030769230766883184,late,2
T6,M2,696,90,3884,M2T6R696C3884VB90.h5,90.14285714285714,0.604182413706219,0.04615384615032393,late,2
T6,M2,697,90,3905,M2T6R697C3905VB90.h5,90.28571428571429,0.6051902242378391,0.061538461533764674,late,2
T6,M2,698,90,3908,M2T6R698C3908VB90.h5,90.42857142857143,0.6061980347694591,0.07692307691720542,late,2
T6,M2,699,91,3912,M2T6R699C3912VB91.h5,90.57142857142857,0.6072058453010791,0.09230769230064786,late,2
T6,M2,700,91,3916,M2T6R700C3916VB91.h5,90.71428571428571,0.6082136558326992,0.1076923076840886,late,2
T6,M2,701,91,3920,M2T6R701C3920VB91.h5,91.0,0.6102292768959393,0.12307692306752765,late,2
T6,M2,702,91,3924,M2T6R702C3924VB91.h5,91.28571428571429,0.6122448979591795,0.1384615384509701,late,2
T6,M2,703,91,3928,M2T6R703C3928VB91.h5,91.57142857142857,0.6142605190224194,0.15384615383441083,late,2
T6,M2,704,92,3949,M2T6R704C3949VB92.h5,91.85714285714286,0.6162761400856596,0.15384615383441083,late,2
T6,M2,705,92,3953,M2T6R705C3953VB92.h5,92.14285714285714,0.6182917611488996,0.15384615383440914,late,2
T6,M2,706,93,3957,M2T6R706C3957VB93.h5,92.42857142857143,0.6203073822121398,0.13846153845097178,late,2
T6,M2,707,93,3961,M2T6R707C3961VB93.h5,92.71428571428571,0.6223230032753798,0.12307692306752935,late,2
T6,M2,708,93,3964,M2T6R708C3964VB93.h5,92.85714285714286,0.623330813807,0.1076923076840886,late,2
T6,M2,709,93,3968,M2T6R709C3968VB93.h5,93.0,0.62433862433862,0.09230769230064786,late,2
T6,M2,710,93,3972,M2T6R710C3972VB93.h5,93.14285714285714,0.62534643487024,0.07692307691720712,late,2
T6,M2,711,93,3976,M2T6R711C3976VB93.h5,93.28571428571429,0.6263542454018601,0.07692307691720542,late,2
T6,M2,712,93,3980,M2T6R712C3980VB93.h5,93.42857142857143,0.6273620559334802,0.07692307691720542,late,2
T6,M2,713,94,3984,M2T6R713C3984VB94.h5,93.57142857142857,0.6283698664651002,0.09230769230064617,late,2
T6,M2,714,94,3987,M2T6R714C3987VB94.h5,93.71428571428571,0.6293776769967202,0.10769230768408691,late,2
T6,M2,715,94,3991,M2T6R715C3991VB94.h5,94.0,0.6313932980599603,0.10769230768408691,late,2
T6,M2,716,94,3995,M2T6R716C3995VB94.h5,94.28571428571429,0.6334089191232004,0.12307692306752765,late,2
T6,M2,717,94,3999,M2T6R717C3999VB94.h5,94.42857142857143,0.6344167296548204,0.1384615384509701,late,2
T6,M2,718,95,4019,M2T6R718C4019VB95.h5,94.71428571428571,0.6364323507180605,0.13846153845097178,late,2
T6,M2,719,95,4023,M2T6R719C4023VB95.h5,95.0,0.6384479717813006,0.1384615384509701,late,2
T6,M2,720,95,4027,M2T6R720C4027VB95.h5,95.28571428571429,0.6404635928445408,0.1384615384509701,late,2
T6,M2,721,96,4030,M2T6R721C4030VB96.h5,95.57142857142857,0.6424792139077808,0.13846153845097178,late,2
T6,M2,722,96,4034,M2T6R722C4034VB96.h5,95.71428571428571,0.6434870244394009,0.1384615384509701,late,2
T6,M2,723,96,4038,M2T6R723C4038VB96.h5,96.0,0.645502645502641,0.12307692306752765,late,2
T6,M2,724,96,4042,M2T6R724C4042VB96.h5,96.28571428571429,0.6475182665658811,0.10769230768408691,late,2
T6,M2,725,96,4046,M2T6R725C4046VB96.h5,96.42857142857143,0.6485260770975011,0.12307692306752935,late,2
T6,M2,726,97,4065,M2T6R726C4065VB97.h5,96.57142857142857,0.6495338876291211,0.12307692306752765,late,2
T6,M2,727,97,4069,M2T6R727C4069VB97.h5,96.85714285714286,0.6515495086923613,0.12307692306752935,late,2
T6,M2,728,97,4073,M2T6R728C4073VB97.h5,97.14285714285714,0.6535651297556013,0.1384615384509701,late,2
T6,M2,729,97,4077,M2T6R729C4077VB97.h5,97.42857142857143,0.6555807508188415,0.15384615383441255,late,2
T6,M2,730,98,4081,M2T6R730C4081VB98.h5,97.71428571428571,0.6575963718820815,0.15384615383441083,late,2
T6,M2,731,98,4085,M2T6R731C4085VB98.h5,98.0,0.6596119929453217,0.15384615383441083,late,2
T6,M2,732,98,4088,M2T6R732C4088VB98.h5,98.28571428571429,0.6616276140085617,0.1384615384509684,late,2
T6,M2,733,99,4110,M2T6R733C4110VB99.h5,98.57142857142857,0.6636432350718018,0.12307692306752935,late,2
T6,M2,734,99,4114,M2T6R734C4114VB99.h5,98.71428571428571,0.6646510456034218,0.10769230768408691,late,2
T6,M2,735,99,4118,M2T6R735C4118VB99.h5,98.85714285714286,0.6656588561350419,0.09230769230064617,late,2
T6,M2,736,99,4122,M2T6R736C4122VB99.h5,99.0,0.666666666666662,0.07692307691720712,late,2
T6,M2,737,99,4125,M2T6R737C4125VB99.h5,99.14285714285714,0.667674477198282,0.07692307691720712,late,2
T6,M2,738,99,4129,M2T6R738C4129VB99.h5,99.28571428571429,0.6686822877299021,0.07692307691720542,late,2
T6,M2,739,99,4133,M2T6R739C4133VB99.h5,99.42857142857143,0.6696900982615221,0.07692307691720542,late,2
T6,M2,740,100,4137,M2T6R740C4137VB100.h5,99.57142857142857,0.6706979087931422,0.07692307691720712,late,2
T6,M2,741,100,4141,M2T6R741C4141VB100.h5,99.71428571428571,0.6717057193247622,0.07692307691720542,late,2
T6,M2,742,100,4145,M2T6R742C4145VB100.h5,99.85714285714286,0.6727135298563823,0.07692307691720542,late,2
T6,M2,743,100,4148,M2T6R743C4148VB100.h5,100.0,0.6737213403880024,0.07692307691720712,late,2
T6,M2,744,100,4152,M2T6R744C4152VB100.h5,100.14285714285714,0.6747291509196224,0.07692307691720712,late,2
T6,M2,745,100,4156,M2T6R745C4156VB100.h5,100.28571428571429,0.6757369614512425,0.07692307691720542,late,2
T6,M2,746,100,4160,M2T6R746C4160VB100.h5,100.42857142857143,0.6767447719828625,0.09230769230064617,late,2
T6,M2,747,101,4180,M2T6R747C4180VB101.h5,100.57142857142857,0.6777525825144826,0.10769230768408691,late,2
T6,M2,748,101,4184,M2T6R748C4184VB101.h5,100.85714285714286,0.6797682035777226,0.12307692306752765,late,2
T6,M2,749,101,4188,M2T6R749C4188VB101.h5,101.14285714285714,0.6817838246409627,0.12307692306752765,late,2
T6,M2,750,101,4191,M2T6R750C4191VB101.h5,101.42857142857143,0.6837994457042028,0.1384615384509701,late,2
T6,M2,751,102,4195,M2T6R751C4195VB102.h5,101.57142857142857,0.6848072562358228,0.1384615384509701,late,2
T6,M2,752,102,4199,M2T6R752C4199VB102.h5,101.85714285714286,0.686822877299063,0.13846153845097178,late,2
T6,M2,753,102,4203,M2T6R753C4203VB102.h5,102.14285714285714,0.688838498362303,0.12307692306752935,late,2
T6,M2,754,102,4207,M2T6R754C4207VB102.h5,102.42857142857143,0.6908541194255432,0.12307692306752935,late,2
T6,M2,755,103,4228,M2T6R755C4228VB103.h5,102.57142857142857,0.6918619299571632,0.10769230768408691,late,2
T6,M2,756,103,4231,M2T6R756C4231VB103.h5,102.71428571428571,0.6928697404887832,0.09230769230064617,late,2
T6,M2,757,103,4235,M2T6R757C4235VB103.h5,102.85714285714286,0.6938775510204033,0.06153846153376298,late,2
T6,M2,758,103,4239,M2T6R758C4239VB103.h5,103.0,0.6948853615520233,0.04615384615032223,late,2
T6,M2,759,103,4243,M2T6R759C4243VB103.h5,103.0,0.6948853615520233,0.03076923076688149,late,2
T6,M2,760,103,4247,M2T6R760C4247VB103.h5,103.0,0.6948853615520233,0.015384615383440745,late,2
T6,M2,761,103,4251,M2T6R761C4251VB103.h5,103.0,0.6948853615520233,0.015384615383440745,late,2
T6,M2,762,103,4272,M2T6R762C4272VB103.h5,103.0,0.6948853615520233,0.030769230766883184,late,2
T6,M2,763,103,4276,M2T6R763C4276VB103.h5,103.14285714285714,0.6958931720836433,0.04615384615032393,late,2
T6,M2,764,103,4280,M2T6R764C4280VB103.h5,103.28571428571429,0.6969009826152635,0.061538461533764674,late,2
T6,M2,765,103,4284,M2T6R765C4284VB103.h5,103.42857142857143,0.6979087931468835,0.07692307691720542,late,2
T6,M2,766,104,4287,M2T6R766C4287VB104.h5,103.57142857142857,0.6989166036785035,0.07692307691720712,late,2
T6,M2,767,104,4291,M2T6R767C4291VB104.h5,103.71428571428571,0.6999244142101235,0.07692307691720542,late,2
T6,M2,768,104,4295,M2T6R768C4295VB104.h5,103.85714285714286,0.7009322247417437,0.061538461533764674,late,2
T6,M2,769,104,4299,M2T6R769C4299VB104.h5,104.0,0.7019400352733637,0.04615384615032393,late,2
T6,M2,770,104,4303,M2T6R770C4303VB104.h5,104.0,0.7019400352733637,0.030769230766883184,late,2
T6,M2,771,104,4307,M2T6R771C4307VB104.h5,104.0,0.7019400352733637,0.015384615383440745,late,2
T6,M2,772,104,4311,M2T6R772C4311VB104.h5,104.0,0.7019400352733637,0.0,late,2
T6,M2,773,104,4314,M2T6R773C4314VB104.h5,104.0,0.7019400352733637,0.015384615383440745,late,2
T6,M2,774,104,4318,M2T6R774C4318VB104.h5,104.0,0.7019400352733637,0.030769230766883184,late,2
T6,M2,775,104,4322,M2T6R775C4322VB104.h5,104.14285714285714,0.7029478458049837,0.04615384615032393,late,2
T6,M2,776,104,4342,M2T6R776C4342VB104.h5,104.28571428571429,0.7039556563366038,0.061538461533764674,late,2
T6,M2,777,104,4346,M2T6R777C4346VB104.h5,104.42857142857143,0.7049634668682239,0.07692307691720542,late,2
T6,M2,778,105,4350,M2T6R778C4350VB105.h5,104.57142857142857,0.7059712773998439,0.07692307691720712,late,2
T6,M2,779,105,4354,M2T6R779C4354VB105.h5,104.71428571428571,0.7069790879314639,0.09230769230064617,late,2
T6,M2,780,105,4357,M2T6R780C4357VB105.h5,104.85714285714286,0.707986898463084,0.09230769230064617,late,2
T6,M2,781,105,4361,M2T6R781C4361VB105.h5,105.14285714285714,0.7100025195263241,0.09230769230064617,late,2
T6,M2,782,105,4365,M2T6R782C4365VB105.h5,105.28571428571429,0.7110103300579441,0.10769230768408691,late,2
T6,M2,783,105,4369,M2T6R783C4369VB105.h5,105.42857142857143,0.7120181405895641,0.12307692306752765,late,2
T6,M2,784,106,4390,M2T6R784C4390VB106.h5,105.71428571428571,0.7140337616528042,0.12307692306752935,late,2
T6,M2,785,106,4394,M2T6R785C4394VB106.h5,106.0,0.7160493827160443,0.1384615384509701,late,2
T6,M2,786,106,4398,M2T6R786C4398VB106.h5,106.28571428571429,0.7180650037792845,0.16923076921785327,late,2
T6,M2,787,107,4401,M2T6R787C4401VB107.h5,106.57142857142857,0.7200806248425246,0.18461538460129404,late,2
T6,M2,788,107,4405,M2T6R788C4405VB107.h5,107.0,0.7231040564373847,0.21538461536817552,late,2
T6,M2,789,107,4409,M2T6R789C4409VB107.h5,107.42857142857143,0.7261274880322448,0.23076923075161626,late,2
T6,M2,790,107,4413,M2T6R790C4413VB107.h5,108.0,0.730158730158725,0.2461538461350587,late,2
T6,M2,791,109,4435,M2T6R791C4435VB109.h5,108.42857142857143,0.7331821617535852,0.2461538461350587,late,2
T6,M2,792,109,4438,M2T6R792C4438VB109.h5,108.85714285714286,0.7362055933484454,0.26153846151849947,late,2
T6,M2,793,110,4442,M2T6R793C4442VB110.h5,109.28571428571429,0.7392290249433056,0.23076923075161626,late,2
T6,M2,794,110,4446,M2T6R794C4446VB110.h5,109.85714285714286,0.7432602670697857,0.21538461536817552,late,2
T6,M2,795,110,4450,M2T6R795C4450VB110.h5,110.14285714285714,0.7452758881330257,0.18461538460129234,late,2
T6,M2,796,110,4454,M2T6R796C4454VB110.h5,110.42857142857143,0.7472915091962659,0.16923076921785157,late,2
T6,M2,797,111,4458,M2T6R797C4458VB111.h5,110.57142857142857,0.7482993197278859,0.1384615384509701,late,2
T6,M2,798,111,4461,M2T6R798C4461VB111.h5,110.85714285714286,0.750314940791126,0.13846153845097178,late,2
T6,M2,799,111,4465,M2T6R799C4465VB111.h5,111.14285714285714,0.7523305618543661,0.12307692306752935,late,2
T6,M2,800,111,4469,M2T6R800C4469VB111.h5,111.42857142857143,0.7543461829176062,0.15384615383441083,late,2
T6,M2,801,112,4473,M2T6R801C4473VB112.h5,111.57142857142857,0.7553539934492263,0.16923076921785157,late,2
T6,M2,802,112,4477,M2T6R802C4477VB112.h5,112.0,0.7583774250440863,0.18461538460129404,late,2
T6,M2,803,112,4481,M2T6R803C4481VB112.h5,112.42857142857143,0.7614008566389465,0.19999999998473475,late,2
T6,M2,804,112,4484,M2T6R804C4484VB112.h5,112.85714285714286,0.7644242882338067,0.23076923075161626,late,2
T6,M2,805,114,4505,M2T6R805C4505VB114.h5,113.28571428571429,0.7674477198286669,0.23076923075161795,late,2
T6,M2,806,114,4508,M2T6R806C4508VB114.h5,113.71428571428571,0.770471151423527,0.23076923075161626,late,2
T6,M2,807,114,4512,M2T6R807C4512VB114.h5,114.14285714285714,0.7734945830183871,0.21538461536817552,late,2
T6,M2,808,115,4516,M2T6R808C4516VB115.h5,114.57142857142857,0.7765180146132472,0.21538461536817552,late,2
T6,M2,809,115,4520,M2T6R809C4520VB115.h5,114.85714285714286,0.7785336356764874,0.21538461536817552,late,2
T6,M2,810,115,4524,M2T6R810C4524VB115.h5,115.28571428571429,0.7815570672713475,0.19999999998473475,late,2
T6,M2,811,115,4528,M2T6R811C4528VB115.h5,115.71428571428571,0.7845804988662076,0.19999999998473475,late,2
T6,M2,812,116,4531,M2T6R812C4531VB116.h5,116.0,0.7865961199294478,0.21538461536817552,late,2
T6,M2,813,117,4552,M2T6R813C4552VB117.h5,116.42857142857143,0.7896195515243078,0.21538461536817552,late,2
T6,M2,814,117,4556,M2T6R814C4556VB117.h5,116.85714285714286,0.792642983119168,0.19999999998473475,late,2
T6,M2,815,117,4560,M2T6R815C4560VB117.h5,117.28571428571429,0.7956664147140282,0.21538461536817552,late,2
T6,M2,816,118,4564,M2T6R816C4564VB118.h5,117.57142857142857,0.7976820357772683,0.2153846153681772,late,2
T6,M2,817,118,4567,M2T6R817C4567VB118.h5,118.0,0.8007054673721284,0.21538461536817552,late,2
T6,M2,818,118,4571,M2T6R818C4571VB118.h5,118.42857142857143,0.8037288989669886,0.19999999998473306,late,2
T6,M2,819,118,4575,M2T6R819C4575VB118.h5,118.85714285714286,0.8067523305618487,0.21538461536817552,late,2
T6,M2,820,120,4597,M2T6R820C4597VB120.h5,119.14285714285714,0.8087679516250887,0.21538461536817552,late,2
T6,M2,821,120,4601,M2T6R821C4601VB120.h5,119.57142857142857,0.8117913832199489,0.21538461536817552,late,2
T6,M2,822,120,4605,M2T6R822C4605VB120.h5,120.0,0.8148148148148091,0.18461538460129404,late,2
T6,M2,823,120,4608,M2T6R823C4608VB120.h5,120.42857142857143,0.8178382464096693,0.16923076921785327,late,2
T6,M2,824,121,4612,M2T6R824C4612VB121.h5,120.57142857142857,0.8188460569412893,0.15384615383441083,late,2
T6,M2,825,121,4616,M2T6R825C4616VB121.h5,120.71428571428571,0.8198538674729093,0.1384615384509701,late,2
T6,M2,826,121,4620,M2T6R826C4620VB121.h5,121.0,0.8218694885361494,0.10769230768408691,late,2
T6,M2,827,121,4624,M2T6R827C4624VB121.h5,121.28571428571429,0.8238851095993895,0.10769230768408691,late,2
T6,M2,828,121,4628,M2T6R828C4628VB121.h5,121.42857142857143,0.8248929201310096,0.12307692306752935,late,2
T6,M2,829,122,4631,M2T6R829C4631VB122.h5,121.57142857142857,0.8259007306626296,0.13846153845097178,late,2
T6,M2,830,122,4635,M2T6R830C4635VB122.h5,121.85714285714286,0.8279163517258697,0.15384615383441083,late,2
T6,M2,831,122,4639,M2T6R831C4639VB122.h5,122.28571428571429,0.8309397833207299,0.16923076921785327,late,2
T6,M2,832,122,4643,M2T6R832C4643VB122.h5,122.71428571428571,0.83396321491559,0.18461538460129404,late,2
T6,M2,833,123,4647,M2T6R833C4647VB123.h5,123.0,0.8359788359788302,0.19999999998473306,late,2
T6,M2,834,124,4667,M2T6R834C4667VB124.h5,123.28571428571429,0.8379944570420702,0.19999999998473306,late,2
T6,M2,835,124,4671,M2T6R835C4671VB124.h5,123.71428571428571,0.8410178886369303,0.18461538460129404,late,2
T6,M2,836,124,4675,M2T6R836C4675VB124.h5,124.14285714285714,0.8440413202317905,0.16923076921785157,late,2
T6,M2,837,124,4678,M2T6R837C4678VB124.h5,124.42857142857143,0.8460569412950306,0.16923076921785327,late,2
T6,M2,838,125,4682,M2T6R838C4682VB125.h5,124.57142857142857,0.8470647518266506,0.15384615383441255,late,2
T6,M2,839,125,4686,M2T6R839C4686VB125.h5,124.85714285714286,0.8490803728898908,0.15384615383441083,late,2
T6,M2,840,125,4690,M2T6R840C4690VB125.h5,125.14285714285714,0.8510959939531308,0.15384615383441083,late,2
T6,M2,841,125,4694,M2T6R841C4694VB125.h5,125.57142857142857,0.8541194255479909,0.16923076921785157,late,2
T6,M2,842,126,4713,M2T6R842C4713VB126.h5,125.85714285714286,0.8561350466112311,0.16923076921785157,late,2
T6,M2,843,126,4717,M2T6R843C4717VB126.h5,126.14285714285714,0.8581506676744711,0.16923076921785157,late,2
T6,M2,844,127,4721,M2T6R844C4721VB127.h5,126.42857142857143,0.8601662887377113,0.15384615383441255,late,2
T6,M2,845,127,4725,M2T6R845C4725VB127.h5,126.71428571428571,0.8621819098009513,0.15384615383441255,late,2
T6,M2,846,127,4728,M2T6R846C4728VB127.h5,127.0,0.8641975308641915,0.13846153845097178,late,2
T6,M2,847,127,4732,M2T6R847C4732VB127.h5,127.28571428571429,0.8662131519274316,0.12307692306752935,late,2
T6,M2,848,127,4736,M2T6R848C4736VB127.h5,127.42857142857143,0.8672209624590517,0.12307692306752935,late,2
T6,M2,849,128,4758,M2T6R849C4758VB128.h5,127.57142857142857,0.8682287729906717,0.12307692306752765,late,2
T6,M2,850,128,4762,M2T6R850C4762VB128.h5,127.85714285714286,0.8702443940539117,0.12307692306752596,late,2
T6,M2,851,128,4765,M2T6R851C4765VB128.h5,128.14285714285714,0.8722600151171518,0.12307692306752935,late,2
T6,M2,852,128,4769,M2T6R852C4769VB128.h5,128.42857142857142,0.8742756361803918,0.12307692306752935,late,2
T6,M2,853,129,4773,M2T6R853C4773VB129.h5,128.57142857142858,0.8752834467120121,0.1076923076840886,late,2
T6,M2,854,129,4777,M2T6R854C4777VB129.h5,128.71428571428572,0.8762912572436321,0.09230769230064786,late,2
T6,M2,855,129,4781,M2T6R855C4781VB129.h5,128.85714285714286,0.8772990677752521,0.07692307691720712,late,2
T6,M2,856,129,4785,M2T6R856C4785VB129.h5,129.0,0.8783068783068722,0.07692307691720372,late,2
T6,M2,857,129,4788,M2T6R857C4788VB129.h5,129.14285714285714,0.8793146888384922,0.07692307691720372,late,2
T6,M2,858,129,4792,M2T6R858C4792VB129.h5,129.28571428571428,0.8803224993701122,0.09230769230064786,late,2
T6,M2,859,129,4796,M2T6R859C4796VB129.h5,129.42857142857142,0.8813303099017322,0.10769230768408691,late,2
T6,M2,860,130,4800,M2T6R860C4800VB130.h5,129.71428571428572,0.8833459309649725,0.12307692306752765,late,2
T6,M2,861,130,4804,M2T6R861C4804VB130.h5,130.0,0.8853615520282124,0.13846153845097178,late,2
T6,M2,862,130,4808,M2T6R862C4808VB130.h5,130.28571428571428,0.8873771730914525,0.13846153845097178,late,2
T6,M2,863,131,4828,M2T6R863C4828VB131.h5,130.57142857142858,0.8893927941546927,0.12307692306752765,late,2
T6,M2,864,131,4832,M2T6R864C4832VB131.h5,130.71428571428572,0.8904006046863128,0.1076923076840886,late,2
T6,M2,865,131,4835,M2T6R865C4835VB131.h5,130.85714285714286,0.8914084152179328,0.09230769230064786,late,2
T6,M2,866,131,4839,M2T6R866C4839VB131.h5,131.0,0.8924162257495528,0.09230769230064446,late,2
T6,M2,867,131,4843,M2T6R867C4843VB131.h5,131.14285714285714,0.8934240362811728,0.1076923076840886,late,2
T6,M2,868,131,4847,M2T6R868C4847VB131.h5,131.42857142857142,0.8954396573444129,0.12307692306752935,late,2
T6,M2,869,131,4851,M2T6R869C4851VB131.h5,131.71428571428572,0.8974552784076532,0.1384615384509701,late,2
T6,M2,870,132,4855,M2T6R870C4855VB132.h5,132.0,0.8994708994708932,0.15384615383441255,late,2
T6,M2,871,133,4876,M2T6R871C4876VB133.h5,132.28571428571428,0.9014865205341333,0.15384615383441255,late,2
T6,M2,872,133,4880,M2T6R872C4880VB133.h5,132.57142857142858,0.9035021415973734,0.15384615383440914,late,2
T6,M2,873,133,4884,M2T6R873C4884VB133.h5,132.85714285714286,0.9055177626606135,0.15384615383440914,late,2
T6,M2,874,133,4888,M2T6R874C4888VB133.h5,133.14285714285714,0.9075333837238535,0.15384615383441255,late,2
T6,M2,875,133,4892,M2T6R875C4892VB133.h5,133.42857142857142,0.9095490047870936,0.15384615383441083,late,2
T6,M2,876,133,4896,M2T6R876C4896VB133.h5,133.71428571428572,0.9115646258503338,0.15384615383441083,late,2
T6,M2,877,134,4900,M2T6R877C4900VB134.h5,134.0,0.9135802469135739,0.15384615383441255,late,2
T6,M2,878,135,4921,M2T6R878C4921VB135.h5,134.28571428571428,0.9155958679768139,0.16923076921785327,late,2
T6,M2,879,135,4925,M2T6R879C4925VB135.h5,134.57142857142858,0.9176114890400541,0.1692307692178499,late,2
T6,M2,880,135,4929,M2T6R880C4929VB135.h5,135.0,0.9206349206349141,0.15384615383440914,late,2
T6,M2,881,135,4933,M2T6R881C4933VB135.h5,135.28571428571428,0.9226505416981542,0.13846153845097178,late,2
T6,M2,882,135,4937,M2T6R882C4937VB135.h5,135.42857142857142,0.9236583522297742,0.12307692306752935,late,2
T6,M2,883,136,4940,M2T6R883C4940VB136.h5,135.57142857142858,0.9246661627613945,0.1076923076840886,late,2
T6,M2,884,136,4944,M2T6R884C4944VB136.h5,135.71428571428572,0.9256739732930145,0.1076923076840886,late,2
T6,M2,885,136,4948,M2T6R885C4948VB136.h5,136.0,0.9276895943562545,0.1076923076840886,late,2
T6,M2,886,136,4952,M2T6R886C4952VB136.h5,136.28571428571428,0.9297052154194946,0.10769230768408691,late,2
T6,M2,887,136,4956,M2T6R887C4956VB136.h5,136.42857142857142,0.9307130259511146,0.12307692306752765,late,2
T6,M2,888,137,4960,M2T6R888C4960VB137.h5,136.57142857142858,0.9317208364827347,0.12307692306752765,late,2
T6,M2,889,137,4963,M2T6R889C4963VB137.h5,136.85714285714286,0.9337364575459748,0.12307692306752765,late,2
T6,M2,890,137,4967,M2T6R890C4967VB137.h5,137.14285714285714,0.9357520786092148,0.13846153845097178,late,2
T6,M2,891,137,4971,M2T6R891C4971VB137.h5,137.42857142857142,0.9377676996724549,0.15384615383441083,late,2
T6,M2,892,138,4991,M2T6R892C4991VB138.h5,137.71428571428572,0.9397833207356951,0.15384615383441083,late,2
T6,M2,893,138,4995,M2T6R893C4995VB138.h5,138.0,0.9417989417989352,0.15384615383441425,late,2
T6,M2,894,138,4999,M2T6R894C4999VB138.h5,138.28571428571428,0.9438145628621752,0.13846153845097348,late,2
T6,M2,895,139,5003,M2T6R895C5003VB139.h5,138.57142857142858,0.9458301839254155,0.1384615384509684,late,2
T6,M2,896,139,5007,M2T6R896C5007VB139.h5,138.71428571428572,0.9468379944570355,0.1384615384509684,late,2
T6,M2,897,139,5010,M2T6R897C5010VB139.h5,139.0,0.9488536155202755,0.13846153845097178,late,2
T6,M2,898,139,5014,M2T6R898C5014VB139.h5,139.28571428571428,0.9508692365835155,0.1384615384509684,late,2
T6,M2,899,139,5018,M2T6R899C5018VB139.h5,139.57142857142858,0.9528848576467558,0.15384615383440914,late,2
T6,M2,900,140,5040,M2T6R900C5040VB140.h5,139.85714285714286,0.9549004787099958,0.15384615383441083,late,2
T6,M2,901,140,5043,M2T6R901C5043VB140.h5,140.14285714285714,0.9569160997732359,0.15384615383441425,late,2
T6,M2,902,141,5047,M2T6R902C5047VB141.h5,140.42857142857142,0.9589317208364759,0.15384615383441083,late,2
T6,M2,903,141,5051,M2T6R903C5051VB141.h5,140.71428571428572,0.9609473418997162,0.15384615383441083,late,2
T6,M2,904,141,5055,M2T6R904C5055VB141.h5,141.0,0.9629629629629562,0.15384615383441255,late,2
T6,M2,905,141,5059,M2T6R905C5059VB141.h5,141.28571428571428,0.9649785840261963,0.15384615383441255,late,2
T6,M2,906,141,5063,M2T6R906C5063VB141.h5,141.57142857142858,0.9669942050894365,0.15384615383440914,late,2
T6,M2,907,142,5084,M2T6R907C5084VB142.h5,141.85714285714286,0.9690098261526765,0.15384615383440914,late,2
T6,M2,908,142,5088,M2T6R908C5088VB142.h5,142.14285714285714,0.9710254472159165,0.15384615383441255,late,2
T6,M2,909,143,5092,M2T6R909C5092VB143.h5,142.42857142857142,0.9730410682791566,0.15384615383441083,late,2
T6,M2,910,143,5096,M2T6R910C5096VB143.h5,142.71428571428572,0.9750566893423969,0.15384615383441083,late,2
T6,M2,911,143,5100,M2T6R911C5100VB143.h5,143.0,0.9770723104056369,0.1384615384509701,late,2
T6,M2,912,143,5103,M2T6R912C5103VB143.h5,143.28571428571428,0.979087931468877,0.12307692306753104,late,2
T6,M2,913,143,5107,M2T6R913C5107VB143.h5,143.42857142857142,0.980095742000497,0.10769230768408691,late,2
T6,M2,914,144,5111,M2T6R914C5111VB144.h5,143.57142857142858,0.9811035525321171,0.09230769230064617,late,2
T6,M2,915,144,5115,M2T6R915C5115VB144.h5,143.71428571428572,0.9821113630637371,0.09230769230064617,late,2
T6,M2,916,144,5119,M2T6R916C5119VB144.h5,143.85714285714286,0.9831191735953572,0.09230769230064617,late,2
T6,M2,917,144,5123,M2T6R917C5123VB144.h5,144.14285714285714,0.9851347946585972,0.1076923076840886,late,2
T6,M2,918,144,5127,M2T6R918C5127VB144.h5,144.28571428571428,0.9861426051902172,0.12307692306752935,late,2
T6,M2,919,144,5130,M2T6R919C5130VB144.h5,144.57142857142858,0.9881582262534575,0.1384615384509701,late,2
T6,M2,920,145,5134,M2T6R920C5134VB145.h5,144.85714285714286,0.9901738473166976,0.1384615384509701,late,2
T6,M2,921,145,5154,M2T6R921C5154VB145.h5,145.14285714285714,0.9921894683799376,0.15384615383441255,late,2
T6,M2,922,146,5158,M2T6R922C5158VB146.h5,145.42857142857142,0.9942050894431776,0.1384615384509684,late,2
T6,M2,923,146,5162,M2T6R923C5162VB146.h5,145.71428571428572,0.9962207105064178,0.1384615384509684,late,2
T6,M2,924,146,5166,M2T6R924C5166VB146.h5,145.85714285714286,0.9972285210380378,0.1102564102479937,late,2
T6,M2,925,146,5170,M2T6R925C5170VB146.h5,146.14285714285714,0.9992441421012779,0.08307692307058138,late,2
T6,M2,926,146,5174,M2T6R926C5174VB146.h5,146.16666666666666,0.9994121105232145,0.05769230768790449,late,2
T6,M2,927,146,5177,M2T6R927C5177VB146.h5,146.2,0.9996472663139259,0.05288461538057968,late,2
T6,M2,928,147,5181,M2T6R928C5181VB147.h5,146.25,0.999999999999993,0.019230769229303758,late,2
T7,M3,1,3,11,M3T7R1C11VB3.h5,4.5,0.0,0.21212121210120036,early,0
T7,M3,2,4,15,M3T7R2C15VB4.h5,5.0,0.0033726812816188643,0.2386363636138504,early,0
T7,M3,3,5,19,M3T7R3C19VB5.h5,5.5,0.0067453625632377286,0.3909090908722121,early,0
T7,M3,4,6,23,M3T7R4C23VB6.h5,6.0,0.010118043844856593,0.5909090908533438,early,0
T7,M3,5,7,27,M3T7R5C27VB7.h5,7.571428571428571,0.02071789930137302,0.7272727272041155,early,0
T7,M3,6,8,31,M3T7R6C31VB8.h5,9.142857142857142,0.03131775475788945,0.8636363635548874,early,0
T7,M3,7,9,34,M3T7R7C34VB9.h5,10.714285714285714,0.04191761021440588,0.999999999905659,early,0
T7,M3,8,14,56,M3T7R8C56VB14.h5,12.285714285714286,0.052517465670922324,0.999999999905659,early,0
T7,M3,9,15,60,M3T7R9C60VB15.h5,13.857142857142858,0.06311732112743876,0.999999999905659,early,0
T7,M3,10,16,64,M3T7R10C64VB16.h5,15.428571428571429,0.07371717658395519,0.9272727271852473,early,0
T7,M3,11,17,68,M3T7R11C68VB17.h5,17.0,0.08431703204047161,0.8545454544648357,early,0
T7,M3,12,18,71,M3T7R12C71VB18.h5,18.0,0.09106239460370934,0.7818181817444242,early,0
T7,M3,13,19,75,M3T7R13C75VB19.h5,19.0,0.09780775716694706,0.7090909090240126,early,0
T7,M3,14,20,79,M3T7R14C79VB20.h5,20.0,0.1045531197301848,0.636363636303601,early,0
T7,M3,15,21,83,M3T7R15C83VB21.h5,21.0,0.11129848229342253,0.636363636303601,early,0
T7,M3,16,22,87,M3T7R16C87VB22.h5,22.0,0.11804384485666025,0.636363636303601,early,0
T7,M3,17,23,91,M3T7R17C91VB23.h5,23.0,0.12478920741989798,0.7090909090240128,early,0
T7,M3,18,24,94,M3T7R18C94VB24.h5,24.0,0.1315345699831357,0.7818181817444239,early,0
T7,M3,19,25,98,M3T7R19C98VB25.h5,25.571428571428573,0.14213442543965216,0.854545454464836,early,0
T7,M3,20,26,102,M3T7R20C102VB26.h5,27.142857142857142,0.15273428089616856,0.9272727271852474,early,0
T7,M3,21,27,106,M3T7R21C106VB27.h5,28.714285714285715,0.163334136352685,0.999999999905659,early,0
T7,M3,22,32,126,M3T7R22C126VB32.h5,30.285714285714285,0.17393399180920144,0.999999999905659,early,0
T7,M3,23,33,130,M3T7R23C130VB33.h5,31.857142857142858,0.18453384726571787,0.999999999905659,early,0
T7,M3,24,34,133,M3T7R24C133VB34.h5,33.42857142857143,0.19513370272223432,0.9272727271852473,early,0
T7,M3,25,35,137,M3T7R25C137VB35.h5,35.0,0.20573355817875072,0.8909090908250414,early,0
T7,M3,26,36,141,M3T7R26C141VB36.h5,36.0,0.21247892074198846,0.8363636362847332,early,0
T7,M3,27,37,145,M3T7R27C145VB37.h5,37.285714285714285,0.22115152975186553,0.763636363564321,early,0
T7,M3,28,38,149,M3T7R28C149VB38.h5,38.42857142857143,0.22886051553842296,0.6727272726638069,early,0
T7,M3,29,39,153,M3T7R29C153VB39.h5,39.42857142857143,0.23560587810166067,0.636363636303601,early,0
T7,M3,30,42,176,M3T7R30C176VB42.h5,40.285714285714285,0.24138761744157872,0.545454545403087,early,0
T7,M3,31,42,179,M3T7R31C179VB42.h5,41.0,0.2462057335581771,0.4545454545025715,early,0
T7,M3,32,42,183,M3T7R32C183VB42.h5,41.57142857142857,0.2500602264514558,0.34545454542195536,early,0
T7,M3,33,42,187,M3T7R33C187VB42.h5,42.0,0.2529510961214148,0.25454545452144084,early,0
T7,M3,34,42,191,M3T7R34C191VB42.h5,42.142857142857146,0.25391471934473453,0.18181818180102902,early,0
T7,M3,35,42,195,M3T7R35C195VB42.h5,42.285714285714285,0.2548783425680542,0.1272727272607199,early,0
T7,M3,36,42,199,M3T7R36C199VB42.h5,42.42857142857143,0.25584196579137386,0.09090909090051451,early,0
T7,M3,37,43,220,M3T7R37C220VB43.h5,42.57142857142857,0.2568055890146935,0.09090909090051347,early,0
T7,M3,38,43,224,M3T7R38C224VB43.h5,42.714285714285715,0.2577692122380132,0.10909090908061721,early,0
T7,M3,39,43,228,M3T7R39C228VB43.h5,42.857142857142854,0.25873283546133286,0.10909090908061721,early,0
T7,M3,40,43,232,M3T7R40C232VB43.h5,43.142857142857146,0.26066008190797224,0.10909090908061721,early,0
T7,M3,41,43,236,M3T7R41C236VB43.h5,43.285714285714285,0.2616237051312919,0.10909090908061721,early,0
T7,M3,42,43,239,M3T7R42C239VB43.h5,43.42857142857143,0.26258732835461157,0.10909090908061825,early,0
T7,M3,43,44,243,M3T7R43C243VB44.h5,43.57142857142857,0.26355095157793124,0.09090909090051347,early,0
T7,M3,44,44,247,M3T7R44C247VB44.h5,43.714285714285715,0.26451457480125096,0.09090909090051451,early,0
T7,M3,45,44,251,M3T7R45C251VB44.h5,43.857142857142854,0.26547819802457057,0.07272727272041182,early,0
T7,M3,46,44,255,M3T7R46C255VB44.h5,44.0,0.2664418212478903,0.07272727272041286,early,0
T7,M3,47,44,259,M3T7R47C259VB44.h5,44.0,0.2664418212478903,0.07272727272041077,early,0
T7,M3,48,44,262,M3T7R48C262VB44.h5,44.142857142857146,0.26740544447121,0.07272727272041286,early,0
T7,M3,49,44,266,M3T7R49C266VB44.h5,44.285714285714285,0.2683690676945296,0.07272727272041077,early,0
T7,M3,50,44,270,M3T7R50C270VB44.h5,44.42857142857143,0.26933269091784934,0.09090909090051451,early,0
T7,M3,51,45,290,M3T7R51C290VB45.h5,44.57142857142857,0.27029631414116895,0.10909090908061615,early,0
T7,M3,52,45,294,M3T7R52C294VB45.h5,44.714285714285715,0.27125993736448867,0.12727272726072095,early,0
T7,M3,53,45,298,M3T7R53C298VB45.h5,45.0,0.273187183811128,0.1272727272607199,early,0
T7,M3,54,45,302,M3T7R54C302VB45.h5,45.285714285714285,0.2751144302577674,0.12727272726072095,early,0
T7,M3,55,45,305,M3T7R55C305VB45.h5,45.42857142857143,0.27607805348108705,0.1272727272607199,early,0
T7,M3,56,46,309,M3T7R56C309VB46.h5,45.57142857142857,0.2770416767044067,0.10909090908061721,early,0
T7,M3,57,46,313,M3T7R57C313VB46.h5,45.714285714285715,0.2780052999277264,0.09090909090051451,early,0
T7,M3,58,46,317,M3T7R58C317VB46.h5,45.857142857142854,0.27896892315104604,0.07272727272041182,early,0
T7,M3,59,46,340,M3T7R59C340VB46.h5,46.0,0.27993254637436576,0.054545454540309124,early,0
T7,M3,60,46,344,M3T7R60C344VB46.h5,46.0,0.27993254637436576,0.03636363636020643,early,0
T7,M3,61,46,347,M3T7R61C347VB46.h5,46.0,0.27993254637436576,0.01818181818010374,early,0
T7,M3,62,46,351,M3T7R62C351VB46.h5,46.0,0.27993254637436576,0.0,early,0
T7,M3,63,46,355,M3T7R63C355VB46.h5,46.0,0.27993254637436576,0.0,early,0
T7,M3,64,46,359,M3T7R64C359VB46.h5,46.0,0.27993254637436576,0.0,early,0
T7,M3,65,46,363,M3T7R65C363VB46.h5,46.0,0.27993254637436576,0.0,early,0
T7,M3,66,46,384,M3T7R66C384VB46.h5,46.0,0.27993254637436576,0.0,early,0
T7,M3,67,46,388,M3T7R67C388VB46.h5,46.0,0.27993254637436576,0.0,early,0
T7,M3,68,46,392,M3T7R68C392VB46.h5,46.0,0.27993254637436576,0.0,early,0
T7,M3,69,46,396,M3T7R69C396VB46.h5,46.0,0.27993254637436576,0.0,early,0
T7,M3,70,46,400,M3T7R70C400VB46.h5,46.0,0.27993254637436576,0.0,early,0
T7,M3,71,46,404,M3T7R71C404VB46.h5,46.0,0.27993254637436576,0.0,early,0
T7,M3,72,46,407,M3T7R72C407VB46.h5,46.0,0.27993254637436576,0.0,early,0
T7,M3,73,46,411,M3T7R73C411VB46.h5,46.0,0.27993254637436576,0.0,early,0
T7,M3,74,46,415,M3T7R74C415VB46.h5,46.0,0.27993254637436576,0.0,early,0
T7,M3,75,46,419,M3T7R75C419VB46.h5,46.0,0.27993254637436576,0.0,early,0
T7,M3,76,46,423,M3T7R76C423VB46.h5,46.0,0.27993254637436576,0.0,early,0
T7,M3,77,46,427,M3T7R77C427VB46.h5,46.0,0.27993254637436576,0.0,early,0
T7,M3,78,46,430,M3T7R78C430VB46.h5,46.0,0.27993254637436576,0.0,early,0
T7,M3,79,46,434,M3T7R79C434VB46.h5,46.0,0.27993254637436576,0.018181818180102692,early,0
T7,M3,80,46,454,M3T7R80C454VB46.h5,46.0,0.27993254637436576,0.036363636360205384,early,0
T7,M3,81,46,458,M3T7R81C458VB46.h5,46.142857142857146,0.28089616959768543,0.054545454540308076,early,0
T7,M3,82,46,462,M3T7R82C462VB46.h5,46.285714285714285,0.2818597928210051,0.07272727272041077,early,0
T7,M3,83,46,466,M3T7R83C466VB46.h5,46.42857142857143,0.28282341604432476,0.09090909090051451,early,0
T7,M3,84,47,470,M3T7R84C470VB47.h5,46.57142857142857,0.2837870392676444,0.09090909090051347,early,0
T7,M3,85,47,473,M3T7R85C473VB47.h5,46.714285714285715,0.28475066249096415,0.09090909090051451,early,0
T7,M3,86,47,477,M3T7R86C477VB47.h5,46.857142857142854,0.28571428571428376,0.07272727272041182,early,0
T7,M3,87,47,481,M3T7R87C481VB47.h5,47.0,0.2866779089376035,0.054545454540309124,early,0
T7,M3,88,47,504,M3T7R88C504VB47.h5,47.0,0.2866779089376035,0.036363636360205384,early,0
T7,M3,89,47,508,M3T7R89C508VB47.h5,47.0,0.2866779089376035,0.01818181818010374,early,0
T7,M3,90,47,512,M3T7R90C512VB47.h5,47.0,0.2866779089376035,0.018181818180102692,early,0
T7,M3,91,47,515,M3T7R91C515VB47.h5,47.0,0.2866779089376035,0.036363636360205384,early,0
T7,M3,92,47,519,M3T7R92C519VB47.h5,47.142857142857146,0.28764153216092314,0.054545454540309124,early,0
T7,M3,93,47,523,M3T7R93C523VB47.h5,47.285714285714285,0.2886051553842428,0.07272727272041077,early,0
T7,M3,94,47,527,M3T7R94C527VB47.h5,47.42857142857143,0.2895687786075625,0.09090909090051451,early,0
T7,M3,95,48,549,M3T7R95C549VB48.h5,47.57142857142857,0.29053240183088214,0.09090909090051451,early,0
T7,M3,96,48,552,M3T7R96C552VB48.h5,47.714285714285715,0.29149602505420186,0.09090909090051451,early,0
T7,M3,97,48,556,M3T7R97C556VB48.h5,47.857142857142854,0.2924596482775215,0.09090909090051451,early,0
T7,M3,98,48,560,M3T7R98C560VB48.h5,48.0,0.2934232715008412,0.09090909090051556,early,0
T7,M3,99,48,564,M3T7R99C564VB48.h5,48.142857142857146,0.2943868947241609,0.09090909090051451,early,0
T7,M3,100,48,568,M3T7R100C568VB48.h5,48.285714285714285,0.2953505179474806,0.09090909090051451,early,0
T7,M3,101,48,572,M3T7R101C572VB48.h5,48.42857142857143,0.29631414117080024,0.09090909090051451,early,0
T7,M3,102,49,575,M3T7R102C575VB49.h5,48.57142857142857,0.2972777643941199,0.09090909090051347,early,0
T7,M3,103,49,579,M3T7R103C579VB49.h5,48.714285714285715,0.29824138761743957,0.09090909090051451,early,0
T7,M3,104,49,583,M3T7R104C583VB49.h5,48.857142857142854,0.29920501084075923,0.07272727272041182,early,0
T7,M3,105,49,587,M3T7R105C587VB49.h5,49.0,0.30016863406407895,0.07272727272041182,early,0
T7,M3,106,49,591,M3T7R106C591VB49.h5,49.0,0.30016863406407895,0.07272727272041182,early,0
T7,M3,107,49,595,M3T7R107C595VB49.h5,49.142857142857146,0.3011322572873986,0.07272727272041182,early,0
T7,M3,108,49,598,M3T7R108C598VB49.h5,49.285714285714285,0.3020958805107183,0.07272727272041077,early,0
T7,M3,109,49,618,M3T7R109C618VB49.h5,49.42857142857143,0.30305950373403795,0.09090909090051451,early,0
T7,M3,110,50,622,M3T7R110C622VB50.h5,49.57142857142857,0.3040231269573576,0.09090909090051347,early,0
T7,M3,111,50,626,M3T7R111C626VB50.h5,49.714285714285715,0.30498675018067734,0.09090909090051451,early,0
T7,M3,112,50,630,M3T7R112C630VB50.h5,49.857142857142854,0.30595037340399694,0.09090909090051451,early,0
T7,M3,113,50,634,M3T7R113C634VB50.h5,50.0,0.30691399662731667,0.09090909090051451,early,0
T7,M3,114,50,638,M3T7R114C638VB50.h5,50.142857142857146,0.30787761985063633,0.09090909090051451,early,0
T7,M3,115,50,641,M3T7R115C641VB50.h5,50.285714285714285,0.308841243073956,0.09090909090051451,early,0
T7,M3,116,50,645,M3T7R116C645VB50.h5,50.42857142857143,0.3098048662972757,0.09090909090051451,early,0
T7,M3,117,51,668,M3T7R117C668VB51.h5,50.57142857142857,0.3107684895205953,0.09090909090051451,early,0
T7,M3,118,51,672,M3T7R118C672VB51.h5,50.714285714285715,0.31173211274391505,0.09090909090051451,early,0
T7,M3,119,51,676,M3T7R119C676VB51.h5,50.857142857142854,0.3126957359672347,0.09090909090051451,early,0
T7,M3,120,51,680,M3T7R120C680VB51.h5,51.0,0.3136593591905544,0.09090909090051451,early,0
T7,M3,121,51,684,M3T7R121C684VB51.h5,51.142857142857146,0.3146229824138741,0.09090909090051451,early,0
T7,M3,122,51,687,M3T7R122C687VB51.h5,51.285714285714285,0.3155866056371937,0.09090909090051451,early,0
T7,M3,123,51,691,M3T7R123C691VB51.h5,51.42857142857143,0.3165502288605134,0.09090909090051451,early,0
T7,M3,124,52,713,M3T7R124C713VB52.h5,51.57142857142857,0.3175138520838331,0.09090909090051347,early,0
T7,M3,125,52,717,M3T7R125C717VB52.h5,51.714285714285715,0.31847747530715276,0.09090909090051556,early,0
T7,M3,126,52,721,M3T7R126C721VB52.h5,51.857142857142854,0.3194410985304724,0.07272727272041182,early,0
T7,M3,127,52,724,M3T7R127C724VB52.h5,52.0,0.32040472175379214,0.054545454540309124,early,0
T7,M3,128,52,728,M3T7R128C728VB52.h5,52.0,0.32040472175379214,0.03636363636020643,early,0
T7,M3,129,52,732,M3T7R129C732VB52.h5,52.0,0.32040472175379214,0.01818181818010374,early,0
T7,M3,130,52,736,M3T7R130C736VB52.h5,52.0,0.32040472175379214,0.018181818180102692,early,0
T7,M3,131,52,740,M3T7R131C740VB52.h5,52.0,0.32040472175379214,0.036363636360205384,early,0
T7,M3,132,52,744,M3T7R132C744VB52.h5,52.142857142857146,0.3213683449771118,0.054545454540308076,early,0
T7,M3,133,52,747,M3T7R133C747VB52.h5,52.285714285714285,0.3223319682004315,0.07272727272041077,early,0
T7,M3,134,52,751,M3T7R134C751VB52.h5,52.42857142857143,0.32329559142375114,0.09090909090051451,early,0
T7,M3,135,53,755,M3T7R135C755VB53.h5,52.57142857142857,0.3242592146470708,0.09090909090051347,early,0
T7,M3,136,53,759,M3T7R136C759VB53.h5,52.714285714285715,0.3252228378703905,0.09090909090051451,early,0
T7,M3,137,53,763,M3T7R137C763VB53.h5,52.857142857142854,0.32618646109371013,0.09090909090051451,early,0
T7,M3,138,53,783,M3T7R138C783VB53.h5,53.0,0.32715008431702985,0.09090909090051451,early,0
T7,M3,139,53,787,M3T7R139C787VB53.h5,53.142857142857146,0.3281137075403495,0.09090909090051451,early,0
T7,M3,140,53,790,M3T7R140C790VB53.h5,53.285714285714285,0.3290773307636692,0.09090909090051451,early,0
T7,M3,141,53,794,M3T7R141C794VB53.h5,53.42857142857143,0.3300409539869889,0.09090909090051451,early,0
T7,M3,142,54,798,M3T7R142C798VB54.h5,53.57142857142857,0.3310045772103085,0.09090909090051451,early,0
T7,M3,143,54,802,M3T7R143C802VB54.h5,53.714285714285715,0.33196820043362824,0.09090909090051451,early,0
T7,M3,144,54,806,M3T7R144C806VB54.h5,53.857142857142854,0.3329318236569479,0.07272727272041077,early,0
T7,M3,145,54,810,M3T7R145C810VB54.h5,54.0,0.33389544688026757,0.054545454540309124,early,0
T7,M3,146,54,833,M3T7R146C833VB54.h5,54.0,0.33389544688026757,0.036363636360205384,early,0
T7,M3,147,54,836,M3T7R147C836VB54.h5,54.0,0.33389544688026757,0.018181818180102692,early,0
T7,M3,148,54,840,M3T7R148C840VB54.h5,54.0,0.33389544688026757,0.01818181818010374,early,0
T7,M3,149,54,844,M3T7R149C844VB54.h5,54.0,0.33389544688026757,0.036363636360205384,early,0
T7,M3,150,54,848,M3T7R150C848VB54.h5,54.142857142857146,0.3348590701035873,0.054545454540309124,early,0
T7,M3,151,54,852,M3T7R151C852VB54.h5,54.285714285714285,0.3358226933269069,0.07272727272041182,early,0
T7,M3,152,54,856,M3T7R152C856VB54.h5,54.42857142857143,0.3367863165502266,0.09090909090051451,early,0
T7,M3,153,55,877,M3T7R153C877VB55.h5,54.57142857142857,0.3377499397735463,0.09090909090051347,early,0
T7,M3,154,55,881,M3T7R154C881VB55.h5,54.714285714285715,0.33871356299686595,0.09090909090051451,early,0
T7,M3,155,55,885,M3T7R155C885VB55.h5,54.857142857142854,0.3396771862201856,0.07272727272041077,early,0
T7,M3,156,55,889,M3T7R156C889VB55.h5,55.0,0.3406408094435053,0.054545454540308076,early,0
T7,M3,157,55,893,M3T7R157C893VB55.h5,55.0,0.3406408094435053,0.036363636360205384,early,0
T7,M3,158,55,896,M3T7R158C896VB55.h5,55.0,0.3406408094435053,0.018181818180102692,early,0
T7,M3,159,55,900,M3T7R159C900VB55.h5,55.0,0.3406408094435053,0.0,early,0
T7,M3,160,55,904,M3T7R160C904VB55.h5,55.0,0.3406408094435053,0.0,early,0
T7,M3,161,55,908,M3T7R161C908VB55.h5,55.0,0.3406408094435053,0.0,early,0
T7,M3,162,55,912,M3T7R162C912VB55.h5,55.0,0.3406408094435053,0.0,early,0
T7,M3,163,55,916,M3T7R163C916VB55.h5,55.0,0.3406408094435053,0.0,early,0
T7,M3,164,55,919,M3T7R164C919VB55.h5,55.0,0.3406408094435053,0.0,early,0
T7,M3,165,55,923,M3T7R165C923VB55.h5,55.0,0.3406408094435053,0.0,early,0
T7,M3,166,55,927,M3T7R166C927VB55.h5,55.0,0.3406408094435053,0.01818181818010374,early,0
T7,M3,167,55,947,M3T7R167C947VB55.h5,55.0,0.3406408094435053,0.03636363636020643,early,0
T7,M3,168,55,951,M3T7R168C951VB55.h5,55.142857142857146,0.341604432666825,0.054545454540309124,early,0
T7,M3,169,55,955,M3T7R169C955VB55.h5,55.285714285714285,0.34256805589014466,0.07272727272041182,early,0
T7,M3,170,55,959,M3T7R170C959VB55.h5,55.42857142857143,0.3435316791134643,0.09090909090051556,early,0
T7,M3,171,56,962,M3T7R171C962VB56.h5,55.57142857142857,0.344495302336784,0.09090909090051347,early,0
T7,M3,172,56,966,M3T7R172C966VB56.h5,55.714285714285715,0.3454589255601037,0.09090909090051451,early,0
T7,M3,173,56,970,M3T7R173C970VB56.h5,55.857142857142854,0.3464225487834233,0.07272727272041182,early,0
T7,M3,174,56,974,M3T7R174C974VB56.h5,56.0,0.34738617200674304,0.054545454540309124,early,0
T7,M3,175,56,997,M3T7R175C997VB56.h5,56.0,0.34738617200674304,0.036363636360205384,early,0
T7,M3,176,56,1001,M3T7R176C1001VB56.h5,56.0,0.34738617200674304,0.01818181818010374,early,0
T7,M3,177,56,1005,M3T7R177C1005VB56.h5,56.0,0.34738617200674304,0.0,early,0
T7,M3,178,56,1009,M3T7R178C1009VB56.h5,56.0,0.34738617200674304,0.0,early,0
T7,M3,179,56,1012,M3T7R179C1012VB56.h5,56.0,0.34738617200674304,0.0,early,0
T7,M3,180,56,1016,M3T7R180C1016VB56.h5,56.0,0.34738617200674304,0.018181818180102692,early,0
T7,M3,181,56,1020,M3T7R181C1020VB56.h5,56.0,0.34738617200674304,0.036363636360205384,early,0
T7,M3,182,56,1042,M3T7R182C1042VB56.h5,56.142857142857146,0.3483497952300627,0.054545454540309124,early,0
T7,M3,183,56,1045,M3T7R183C1045VB56.h5,56.285714285714285,0.3493134184533824,0.07272727272041077,early,0
T7,M3,184,56,1049,M3T7R184C1049VB56.h5,56.42857142857143,0.3502770416767021,0.09090909090051451,middle,1
T7,M3,185,57,1053,M3T7R185C1053VB57.h5,56.57142857142857,0.3512406649000217,0.09090909090051451,middle,1
T7,M3,186,57,1057,M3T7R186C1057VB57.h5,56.714285714285715,0.3522042881233414,0.09090909090051451,middle,1
T7,M3,187,57,1061,M3T7R187C1061VB57.h5,56.857142857142854,0.3531679113466611,0.07272727272041077,middle,1
T7,M3,188,57,1065,M3T7R188C1065VB57.h5,57.0,0.35413153456998075,0.054545454540309124,middle,1
T7,M3,189,57,1069,M3T7R189C1069VB57.h5,57.0,0.35413153456998075,0.036363636360205384,middle,1
T7,M3,190,57,1072,M3T7R190C1072VB57.h5,57.0,0.35413153456998075,0.018181818180102692,middle,1
T7,M3,191,57,1076,M3T7R191C1076VB57.h5,57.0,0.35413153456998075,0.0,middle,1
T7,M3,192,57,1080,M3T7R192C1080VB57.h5,57.0,0.35413153456998075,0.0,middle,1
T7,M3,193,57,1084,M3T7R193C1084VB57.h5,57.0,0.35413153456998075,0.0,middle,1
T7,M3,194,57,1088,M3T7R194C1088VB57.h5,57.0,0.35413153456998075,0.0,middle,1
T7,M3,195,57,1092,M3T7R195C1092VB57.h5,57.0,0.35413153456998075,0.0,middle,1
T7,M3,196,57,1111,M3T7R196C1111VB57.h5,57.0,0.35413153456998075,0.0,middle,1
T7,M3,197,57,1115,M3T7R197C1115VB57.h5,57.0,0.35413153456998075,0.0,middle,1
T7,M3,198,57,1119,M3T7R198C1119VB57.h5,57.0,0.35413153456998075,0.0,middle,1
T7,M3,199,57,1123,M3T7R199C1123VB57.h5,57.0,0.35413153456998075,0.01818181818010374,middle,1
T7,M3,200,57,1127,M3T7R200C1127VB57.h5,57.0,0.35413153456998075,0.036363636360205384,middle,1
T7,M3,201,57,1131,M3T7R201C1131VB57.h5,57.142857142857146,0.3550951577933005,0.054545454540309124,middle,1
T7,M3,202,57,1134,M3T7R202C1134VB57.h5,57.285714285714285,0.3560587810166201,0.07272727272041182,middle,1
T7,M3,203,57,1138,M3T7R203C1138VB57.h5,57.42857142857143,0.3570224042399398,0.10909090908061721,middle,1
T7,M3,204,58,1161,M3T7R204C1161VB58.h5,57.57142857142857,0.35798602746325947,0.1272727272607199,middle,1
T7,M3,205,58,1165,M3T7R205C1165VB58.h5,57.857142857142854,0.3599132739098988,0.14545454544082365,middle,1
T7,M3,206,58,1169,M3T7R206C1169VB58.h5,58.142857142857146,0.3618405203565382,0.1454545454408226,middle,1
T7,M3,207,58,1173,M3T7R207C1173VB58.h5,58.42857142857143,0.3637677668031775,0.1636363636209253,middle,1
T7,M3,208,59,1177,M3T7R208C1177VB59.h5,58.57142857142857,0.3647313900264972,0.16363636362092632,late,2
T7,M3,209,59,1180,M3T7R209C1180VB59.h5,58.857142857142854,0.3666586364731365,0.16363636362092632,late,2
T7,M3,210,59,1184,M3T7R210C1184VB59.h5,59.142857142857146,0.3685858829197759,0.1454545454408226,middle,1
T7,M3,211,59,1206,M3T7R211C1206VB59.h5,59.42857142857143,0.3705131293664153,0.14545454544082365,middle,1
T7,M3,212,60,1210,M3T7R212C1210VB60.h5,59.57142857142857,0.3714767525897349,0.1272727272607199,middle,1
T7,M3,213,60,1214,M3T7R213C1214VB60.h5,59.714285714285715,0.3724403758130546,0.10909090908061721,middle,1
T7,M3,214,60,1217,M3T7R214C1217VB60.h5,59.857142857142854,0.3734039990363742,0.07272727272041077,middle,1
T7,M3,215,60,1221,M3T7R215C1221VB60.h5,60.0,0.37436762225969394,0.07272727272041286,middle,1
T7,M3,216,60,1225,M3T7R216C1225VB60.h5,60.0,0.37436762225969394,0.07272727272041077,middle,1
T7,M3,217,60,1229,M3T7R217C1229VB60.h5,60.142857142857146,0.37533124548301366,0.07272727272041286,middle,1
T7,M3,218,60,1233,M3T7R218C1233VB60.h5,60.285714285714285,0.3762948687063333,0.07272727272041182,middle,1
T7,M3,219,60,1237,M3T7R219C1237VB60.h5,60.42857142857143,0.377258491929653,0.09090909090051451,middle,1
T7,M3,220,61,1241,M3T7R220C1241VB61.h5,60.57142857142857,0.37822211515297266,0.10909090908061615,middle,1
T7,M3,221,61,1244,M3T7R221C1244VB61.h5,60.714285714285715,0.3791857383762923,0.12727272726072095,middle,1
T7,M3,222,61,1248,M3T7R222C1248VB61.h5,61.0,0.38111298482293166,0.1272727272607199,middle,1
T7,M3,223,61,1252,M3T7R223C1252VB61.h5,61.285714285714285,0.38304023126957104,0.1272727272607199,middle,1
T7,M3,224,61,1256,M3T7R224C1256VB61.h5,61.42857142857143,0.3840038544928907,0.1272727272607199,middle,1
T7,M3,225,62,1276,M3T7R225C1276VB62.h5,61.57142857142857,0.38496747771621037,0.10909090908061721,middle,1
T7,M3,226,62,1280,M3T7R226C1280VB62.h5,61.714285714285715,0.38593110093953004,0.09090909090051451,middle,1
T7,M3,227,62,1284,M3T7R227C1284VB62.h5,61.857142857142854,0.3868947241628497,0.07272727272041182,middle,1
T7,M3,228,62,1287,M3T7R228C1287VB62.h5,62.0,0.3878583473861694,0.07272727272041182,middle,1
T7,M3,229,62,1291,M3T7R229C1291VB62.h5,62.0,0.3878583473861694,0.07272727272041182,middle,1
T7,M3,230,62,1295,M3T7R230C1295VB62.h5,62.142857142857146,0.3888219706094891,0.07272727272041182,middle,1
T7,M3,231,62,1299,M3T7R231C1299VB62.h5,62.285714285714285,0.38978559383280875,0.09090909090051451,middle,1
T7,M3,232,62,1303,M3T7R232C1303VB62.h5,62.42857142857143,0.3907492170561284,0.1272727272607199,middle,1
T7,M3,233,63,1326,M3T7R233C1326VB63.h5,62.714285714285715,0.3926764635027678,0.1454545454408226,middle,1
T7,M3,234,63,1329,M3T7R234C1329VB63.h5,63.0,0.39460370994940713,0.16363636362092632,late,2
T7,M3,235,63,1333,M3T7R235C1333VB63.h5,63.285714285714285,0.39653095639604646,0.18181818180102902,late,2
T7,M3,236,64,1337,M3T7R236C1337VB64.h5,63.57142857142857,0.39845820284268585,0.18181818180102796,late,2
T7,M3,237,64,1341,M3T7R237C1341VB64.h5,63.857142857142854,0.4003854492893252,0.18181818180102902,late,2
T7,M3,238,64,1345,M3T7R238C1345VB64.h5,64.14285714285714,0.4023126957359645,0.16363636362092632,late,2
T7,M3,239,64,1349,M3T7R239C1349VB64.h5,64.42857142857143,0.4042399421826039,0.1454545454408226,middle,1
T7,M3,240,65,1370,M3T7R240C1370VB65.h5,64.57142857142857,0.40520356540592356,0.12727272726072095,middle,1
T7,M3,241,65,1374,M3T7R241C1374VB65.h5,64.71428571428571,0.4061671886292432,0.10909090908061825,middle,1
T7,M3,242,65,1378,M3T7R242C1378VB65.h5,64.85714285714286,0.40713081185256295,0.07272727272041182,middle,1
T7,M3,243,65,1382,M3T7R243C1382VB65.h5,65.0,0.4080944350758826,0.07272727272041077,middle,1
T7,M3,244,65,1386,M3T7R244C1386VB65.h5,65.0,0.4080944350758826,0.07272727272041286,middle,1
T7,M3,245,65,1390,M3T7R245C1390VB65.h5,65.14285714285714,0.4090580582992022,0.07272727272041077,middle,1
T7,M3,246,65,1393,M3T7R246C1393VB65.h5,65.28571428571429,0.410021681522522,0.07272727272041077,middle,1
T7,M3,247,65,1397,M3T7R247C1397VB65.h5,65.42857142857143,0.4109853047458416,0.09090909090051347,middle,1
T7,M3,248,66,1401,M3T7R248C1401VB66.h5,65.57142857142857,0.41194892796916127,0.09090909090051556,middle,1
T7,M3,249,66,1405,M3T7R249C1405VB66.h5,65.71428571428571,0.41291255119248094,0.10909090908061615,middle,1
T7,M3,250,66,1409,M3T7R250C1409VB66.h5,65.85714285714286,0.41387617441580066,0.10909090908061825,middle,1
T7,M3,251,66,1413,M3T7R251C1413VB66.h5,66.14285714285714,0.41580342086244,0.10909090908061825,middle,1
T7,M3,252,66,1416,M3T7R252C1416VB66.h5,66.28571428571429,0.4167670440857597,0.10909090908061721,middle,1
T7,M3,253,66,1420,M3T7R253C1420VB66.h5,66.42857142857143,0.4177306673090794,0.10909090908061615,middle,1
T7,M3,254,67,1440,M3T7R254C1440VB67.h5,66.57142857142857,0.418694290532399,0.09090909090051556,middle,1
T7,M3,255,67,1444,M3T7R255C1444VB67.h5,66.71428571428571,0.41965791375571865,0.09090909090051347,middle,1
T7,M3,256,67,1448,M3T7R256C1448VB67.h5,66.85714285714286,0.4206215369790384,0.09090909090051347,middle,1
T7,M3,257,67,1452,M3T7R257C1452VB67.h5,67.0,0.42158516020235803,0.09090909090051556,middle,1
T7,M3,258,67,1455,M3T7R258C1455VB67.h5,67.14285714285714,0.4225487834256777,0.09090909090051556,middle,1
T7,M3,259,67,1459,M3T7R259C1459VB67.h5,67.28571428571429,0.4235124066489974,0.09090909090051347,middle,1
T7,M3,260,67,1463,M3T7R260C1463VB67.h5,67.42857142857143,0.4244760298723171,0.10909090908061825,middle,1
T7,M3,261,68,1467,M3T7R261C1467VB68.h5,67.57142857142857,0.42543965309563675,0.1272727272607199,middle,1
T7,M3,262,68,1490,M3T7R262C1490VB68.h5,67.85714285714286,0.42736689954227614,0.1454545454408226,middle,1
T7,M3,263,68,1494,M3T7R263C1494VB68.h5,68.14285714285714,0.4292941459889154,0.1454545454408226,middle,1
T7,M3,264,68,1498,M3T7R264C1498VB68.h5,68.42857142857143,0.4312213924355548,0.16363636362092632,late,2
T7,M3,265,69,1502,M3T7R265C1502VB69.h5,68.57142857142857,0.43218501565887446,0.1636363636209253,middle,1
T7,M3,266,69,1505,M3T7R266C1505VB69.h5,68.85714285714286,0.43411226210551385,0.16363636362092737,late,2
T7,M3,267,69,1509,M3T7R267C1509VB69.h5,69.14285714285714,0.4360395085521532,0.1454545454408226,middle,1
T7,M3,268,69,1513,M3T7R268C1513VB69.h5,69.42857142857143,0.43796675499879256,0.1454545454408226,middle,1
T7,M3,269,70,1535,M3T7R269C1535VB70.h5,69.57142857142857,0.43893037822211217,0.12727272726072095,middle,1
T7,M3,270,70,1539,M3T7R270C1539VB70.h5,69.71428571428571,0.43989400144543184,0.10909090908061721,middle,1
T7,M3,271,70,1542,M3T7R271C1542VB70.h5,69.85714285714286,0.4408576246687516,0.07272727272041077,middle,1
T7,M3,272,70,1546,M3T7R272C1546VB70.h5,70.0,0.4418212478920712,0.054545454540309124,middle,1
T7,M3,273,70,1550,M3T7R273C1550VB70.h5,70.0,0.4418212478920712,0.03636363636020643,middle,1
T7,M3,274,70,1554,M3T7R274C1554VB70.h5,70.0,0.4418212478920712,0.036363636360204336,middle,1
T7,M3,275,70,1558,M3T7R275C1558VB70.h5,70.0,0.4418212478920712,0.03636363636020643,middle,1
T7,M3,276,70,1562,M3T7R276C1562VB70.h5,70.14285714285714,0.4427848711153909,0.054545454540309124,middle,1
T7,M3,277,70,1565,M3T7R277C1565VB70.h5,70.28571428571429,0.4437484943387106,0.07272727272041182,middle,1
T7,M3,278,70,1569,M3T7R278C1569VB70.h5,70.42857142857143,0.4447121175620303,0.09090909090051347,middle,1
T7,M3,279,71,1573,M3T7R279C1573VB71.h5,70.57142857142857,0.44567574078534994,0.10909090908061825,middle,1
T7,M3,280,71,1577,M3T7R280C1577VB71.h5,70.71428571428571,0.44663936400866955,0.12727272726072095,middle,1
T7,M3,281,71,1581,M3T7R281C1581VB71.h5,71.0,0.448566610455309,0.1272727272607199,middle,1
T7,M3,282,71,1585,M3T7R282C1585VB71.h5,71.28571428571429,0.4504938569019484,0.1272727272607199,middle,1
T7,M3,283,71,1605,M3T7R283C1605VB71.h5,71.42857142857143,0.451457480125268,0.12727272726072095,middle,1
T7,M3,284,72,1608,M3T7R284C1608VB72.h5,71.57142857142857,0.45242110334858765,0.10909090908061721,middle,1
T7,M3,285,72,1612,M3T7R285C1612VB72.h5,71.71428571428571,0.4533847265719073,0.09090909090051347,middle,1
T7,M3,286,72,1616,M3T7R286C1616VB72.h5,71.85714285714286,0.45434834979522704,0.09090909090051451,middle,1
T7,M3,287,72,1620,M3T7R287C1620VB72.h5,72.0,0.4553119730185467,0.09090909090051556,middle,1
T7,M3,288,72,1624,M3T7R288C1624VB72.h5,72.14285714285714,0.45627559624186637,0.09090909090051556,middle,1
T7,M3,289,72,1628,M3T7R289C1628VB72.h5,72.28571428571429,0.4572392194651861,0.09090909090051347,middle,1
T7,M3,290,72,1631,M3T7R290C1631VB72.h5,72.42857142857143,0.45820284268850575,0.09090909090051347,middle,1
T7,M3,291,73,1654,M3T7R291C1654VB73.h5,72.57142857142857,0.45916646591182536,0.09090909090051451,middle,1
T7,M3,292,73,1658,M3T7R292C1658VB73.h5,72.71428571428571,0.460130089135145,0.10909090908061615,middle,1
T7,M3,293,73,1662,M3T7R293C1662VB73.h5,72.85714285714286,0.46109371235846475,0.10909090908061721,middle,1
T7,M3,294,73,1666,M3T7R294C1666VB73.h5,73.14285714285714,0.4630209588051041,0.10909090908061825,middle,1
T7,M3,295,73,1670,M3T7R295C1670VB73.h5,73.28571428571429,0.4639845820284238,0.10909090908061825,middle,1
T7,M3,296,73,1674,M3T7R296C1674VB73.h5,73.42857142857143,0.46494820525174346,0.10909090908061615,middle,1
T7,M3,297,74,1677,M3T7R297C1677VB74.h5,73.57142857142857,0.46591182847506313,0.10909090908061721,middle,1
T7,M3,298,74,1699,M3T7R298C1699VB74.h5,73.71428571428571,0.46687545169838274,0.12727272726072095,middle,1
T7,M3,299,74,1703,M3T7R299C1703VB74.h5,74.0,0.4688026981450221,0.1272727272607199,middle,1
T7,M3,300,74,1707,M3T7R300C1707VB74.h5,74.28571428571429,0.47072994459166156,0.1272727272607199,middle,1
T7,M3,301,74,1711,M3T7R301C1711VB74.h5,74.42857142857143,0.4716935678149812,0.12727272726072095,middle,1
T7,M3,302,75,1714,M3T7R302C1714VB75.h5,74.57142857142857,0.47265719103830084,0.10909090908061825,middle,1
T7,M3,303,75,1718,M3T7R303C1718VB75.h5,74.71428571428571,0.4736208142616205,0.09090909090051347,middle,1
T7,M3,304,75,1722,M3T7R304C1722VB75.h5,74.85714285714286,0.4745844374849402,0.07272727272041182,middle,1
T7,M3,305,75,1726,M3T7R305C1726VB75.h5,75.0,0.4755480607082599,0.054545454540309124,middle,1
T7,M3,306,75,1730,M3T7R306C1730VB75.h5,75.0,0.4755480607082599,0.054545454540308076,middle,1
T7,M3,307,75,1734,M3T7R307C1734VB75.h5,75.0,0.4755480607082599,0.054545454540309124,middle,1
T7,M3,308,75,1737,M3T7R308C1737VB75.h5,75.14285714285714,0.4765116839315795,0.054545454540309124,middle,1
T7,M3,309,75,1741,M3T7R309C1741VB75.h5,75.28571428571429,0.4774753071548993,0.07272727272041077,middle,1
T7,M3,310,75,1745,M3T7R310C1745VB75.h5,75.42857142857143,0.47843893037821894,0.09090909090051347,middle,1
T7,M3,311,76,1749,M3T7R311C1749VB76.h5,75.57142857142857,0.47940255360153855,0.10909090908061825,middle,1
T7,M3,312,76,1769,M3T7R312C1769VB76.h5,75.71428571428571,0.4803661768248582,0.1272727272607199,middle,1
T7,M3,313,76,1773,M3T7R313C1773VB76.h5,76.0,0.4822934232714976,0.1272727272607199,middle,1
T7,M3,314,76,1777,M3T7R314C1777VB76.h5,76.28571428571429,0.484220669718137,0.12727272726072095,middle,1
T7,M3,315,76,1780,M3T7R315C1780VB76.h5,76.42857142857143,0.48518429294145665,0.14545454544082467,middle,1
T7,M3,316,77,1784,M3T7R316C1784VB77.h5,76.57142857142857,0.4861479161647763,0.1454545454408226,middle,1
T7,M3,317,77,1788,M3T7R317C1788VB77.h5,76.85714285714286,0.4880751626114157,0.1454545454408226,middle,1
T7,M3,318,77,1792,M3T7R318C1792VB77.h5,77.14285714285714,0.490002409058055,0.1454545454408226,middle,1
T7,M3,319,77,1796,M3T7R319C1796VB77.h5,77.42857142857143,0.49192965550469436,0.1454545454408226,middle,1
T7,M3,320,78,1819,M3T7R320C1819VB78.h5,77.57142857142857,0.49289327872801403,0.1272727272607199,middle,1
T7,M3,321,78,1823,M3T7R321C1823VB78.h5,77.71428571428571,0.4938569019513337,0.1272727272607199,middle,1
T7,M3,322,78,1826,M3T7R322C1826VB78.h5,77.85714285714286,0.4948205251746534,0.10909090908061825,middle,1
T7,M3,323,78,1830,M3T7R323C1830VB78.h5,78.14285714285714,0.4967477716212927,0.10909090908061825,middle,1
T7,M3,324,78,1834,M3T7R324C1834VB78.h5,78.28571428571429,0.49771139484461246,0.12727272726071884,middle,1
T7,M3,325,78,1838,M3T7R325C1838VB78.h5,78.42857142857143,0.49867501806793213,0.1454545454408226,middle,1
T7,M3,326,79,1842,M3T7R326C1842VB79.h5,78.71428571428571,0.5006022645145713,0.14545454544082573,middle,1
T7,M3,327,79,1863,M3T7R327C1863VB79.h5,79.0,0.5025295109612108,0.16363636362092424,middle,1
T7,M3,328,79,1867,M3T7R328C1867VB79.h5,79.28571428571429,0.5044567574078502,0.16363636362092424,middle,1
T7,M3,329,80,1871,M3T7R329C1871VB80.h5,79.57142857142857,0.5063840038544895,0.14545454544082573,middle,1
T7,M3,330,80,1875,M3T7R330C1875VB80.h5,79.71428571428571,0.5073476270778091,0.12727272726072095,middle,1
T7,M3,331,80,1879,M3T7R331C1879VB80.h5,79.85714285714286,0.5083112503011289,0.10909090908061615,middle,1
T7,M3,332,80,1883,M3T7R332C1883VB80.h5,80.0,0.5092748735244486,0.09090909090051556,middle,1
T7,M3,333,80,1886,M3T7R333C1886VB80.h5,80.14285714285714,0.5102384967477682,0.09090909090051556,middle,1
T7,M3,334,80,1890,M3T7R334C1890VB80.h5,80.28571428571429,0.5112021199710879,0.09090909090051347,middle,1
T7,M3,335,80,1894,M3T7R335C1894VB80.h5,80.42857142857143,0.5121657431944076,0.09090909090051347,middle,1
T7,M3,336,81,1898,M3T7R336C1898VB81.h5,80.57142857142857,0.5131293664177272,0.10909090908061615,middle,1
T7,M3,337,81,1902,M3T7R337C1902VB81.h5,80.71428571428571,0.5140929896410469,0.12727272726072095,middle,1
T7,M3,338,81,1906,M3T7R338C1906VB81.h5,81.0,0.5160202360876862,0.12727272726072095,middle,1
T7,M3,339,81,1909,M3T7R339C1909VB81.h5,81.28571428571429,0.5179474825343257,0.12727272726072095,middle,1
T7,M3,340,81,1913,M3T7R340C1913VB81.h5,81.42857142857143,0.5189111057576453,0.12727272726071884,middle,1
T7,M3,341,82,1933,M3T7R341C1933VB82.h5,81.57142857142857,0.519874728980965,0.12727272726072095,middle,1
T7,M3,342,82,1937,M3T7R342C1937VB82.h5,81.71428571428571,0.5208383522042845,0.12727272726072095,middle,1
T7,M3,343,82,1941,M3T7R343C1941VB82.h5,82.0,0.522765598650924,0.12727272726071884,middle,1
T7,M3,344,82,1945,M3T7R344C1945VB82.h5,82.28571428571429,0.5246928450975634,0.14545454544082154,middle,1
T7,M3,345,82,1949,M3T7R345C1949VB82.h5,82.42857142857143,0.525656468320883,0.16363636362092843,late,2
T7,M3,346,83,1952,M3T7R346C1952VB83.h5,82.71428571428571,0.5275837147675223,0.16363636362092632,late,2
T7,M3,347,83,1956,M3T7R347C1956VB83.h5,83.0,0.5295109612141617,0.16363636362092424,middle,1
T7,M3,348,83,1960,M3T7R348C1960VB83.h5,83.28571428571429,0.5314382076608011,0.16363636362092632,late,2
T7,M3,349,84,1983,M3T7R349C1983VB84.h5,83.57142857142857,0.5333654541074404,0.14545454544082365,middle,1
T7,M3,350,84,1987,M3T7R350C1987VB84.h5,83.71428571428571,0.5343290773307601,0.14545454544082154,middle,1
T7,M3,351,84,1991,M3T7R351C1991VB84.h5,83.85714285714286,0.5352927005540797,0.12727272726072095,middle,1
T7,M3,352,84,1995,M3T7R352C1995VB84.h5,84.14285714285714,0.5372199470007191,0.10909090908061825,middle,1
T7,M3,353,84,1998,M3T7R353C1998VB84.h5,84.28571428571429,0.5381835702240388,0.12727272726071884,middle,1
T7,M3,354,84,2002,M3T7R354C2002VB84.h5,84.42857142857143,0.5391471934473585,0.14545454544082365,middle,1
T7,M3,355,85,2006,M3T7R355C2006VB85.h5,84.71428571428571,0.5410744398939977,0.14545454544082573,middle,1
T7,M3,356,85,2028,M3T7R356C2028VB85.h5,85.0,0.5430016863406372,0.16363636362092424,middle,1
T7,M3,357,85,2031,M3T7R357C2031VB85.h5,85.28571428571429,0.5449289327872766,0.16363636362092424,middle,1
T7,M3,358,86,2035,M3T7R358C2035VB86.h5,85.57142857142857,0.5468561792339158,0.14545454544082573,middle,1
T7,M3,359,86,2039,M3T7R359C2039VB86.h5,85.71428571428571,0.5478198024572355,0.12727272726072095,middle,1
T7,M3,360,86,2043,M3T7R360C2043VB86.h5,85.85714285714286,0.5487834256805553,0.10909090908061406,middle,1
T7,M3,361,86,2047,M3T7R361C2047VB86.h5,86.0,0.5497470489038749,0.09090909090051556,middle,1
T7,M3,362,86,2051,M3T7R362C2051VB86.h5,86.14285714285714,0.5507106721271945,0.09090909090051556,middle,1
T7,M3,363,86,2055,M3T7R363C2055VB86.h5,86.28571428571429,0.5516742953505143,0.09090909090051347,middle,1
T7,M3,364,86,2058,M3T7R364C2058VB86.h5,86.42857142857143,0.5526379185738339,0.09090909090051347,middle,1
T7,M3,365,87,2062,M3T7R365C2062VB87.h5,86.57142857142857,0.5536015417971536,0.10909090908061825,middle,1
T7,M3,366,87,2066,M3T7R366C2066VB87.h5,86.71428571428571,0.5545651650204733,0.12727272726072095,middle,1
T7,M3,367,87,2070,M3T7R367C2070VB87.h5,87.0,0.5564924114671126,0.12727272726072095,middle,1
T7,M3,368,87,2074,M3T7R368C2074VB87.h5,87.28571428571429,0.558419657913752,0.12727272726072095,middle,1
T7,M3,369,87,2078,M3T7R369C2078VB87.h5,87.42857142857143,0.5593832811370717,0.12727272726071884,middle,1
T7,M3,370,88,2098,M3T7R370C2098VB88.h5,87.57142857142857,0.5603469043603914,0.12727272726072095,middle,1
T7,M3,371,88,2101,M3T7R371C2101VB88.h5,87.71428571428571,0.5613105275837109,0.12727272726072095,middle,1
T7,M3,372,88,2105,M3T7R372C2105VB88.h5,88.0,0.5632377740303504,0.12727272726071884,middle,1
T7,M3,373,88,2109,M3T7R373C2109VB88.h5,88.28571428571429,0.5651650204769898,0.14545454544082154,middle,1
T7,M3,374,88,2113,M3T7R374C2113VB88.h5,88.42857142857143,0.5661286437003094,0.16363636362092843,late,2
T7,M3,375,89,2117,M3T7R375C2117VB89.h5,88.71428571428571,0.5680558901469487,0.16363636362092632,late,2
T7,M3,376,89,2121,M3T7R376C2121VB89.h5,89.0,0.5699831365935881,0.16363636362092424,middle,1
T7,M3,377,89,2124,M3T7R377C2124VB89.h5,89.28571428571429,0.5719103830402275,0.16363636362092632,late,2
T7,M3,378,90,2147,M3T7R378C2147VB90.h5,89.57142857142857,0.5738376294868668,0.14545454544082365,middle,1
T7,M3,379,90,2151,M3T7R379C2151VB90.h5,89.71428571428571,0.5748012527101864,0.12727272726071884,middle,1
T7,M3,380,90,2155,M3T7R380C2155VB90.h5,89.85714285714286,0.5757648759335061,0.10909090908061615,middle,1
T7,M3,381,90,2159,M3T7R381C2159VB90.h5,90.0,0.5767284991568258,0.09090909090051556,middle,1
T7,M3,382,90,2163,M3T7R382C2163VB90.h5,90.14285714285714,0.5776921223801454,0.09090909090051556,middle,1
T7,M3,383,90,2167,M3T7R383C2167VB90.h5,90.28571428571429,0.5786557456034652,0.09090909090051556,middle,1
T7,M3,384,90,2170,M3T7R384C2170VB90.h5,90.42857142857143,0.5796193688267849,0.09090909090051347,middle,1
T7,M3,385,91,2192,M3T7R385C2192VB91.h5,90.57142857142857,0.5805829920501046,0.09090909090051556,middle,1
T7,M3,386,91,2196,M3T7R386C2196VB91.h5,90.71428571428571,0.5815466152734241,0.10909090908061615,middle,1
T7,M3,387,91,2200,M3T7R387C2200VB91.h5,90.85714285714286,0.5825102384967439,0.10909090908061615,middle,1
T7,M3,388,91,2204,M3T7R388C2204VB91.h5,91.14285714285714,0.5844374849433832,0.10909090908061615,middle,1
T7,M3,389,91,2207,M3T7R389C2207VB91.h5,91.28571428571429,0.5854011081667029,0.10909090908061825,middle,1
T7,M3,390,91,2211,M3T7R390C2211VB91.h5,91.42857142857143,0.5863647313900225,0.10909090908061615,middle,1
T7,M3,391,92,2215,M3T7R391C2215VB92.h5,91.57142857142857,0.5873283546133422,0.09090909090051556,middle,1
T7,M3,392,92,2219,M3T7R392C2219VB92.h5,91.71428571428571,0.5882919778366619,0.09090909090051556,middle,1
T7,M3,393,92,2223,M3T7R393C2223VB92.h5,91.85714285714286,0.5892556010599816,0.07272727272041286,middle,1
T7,M3,394,92,2227,M3T7R394C2227VB92.h5,92.0,0.5902192242833013,0.07272727272041077,middle,1
T7,M3,395,92,2230,M3T7R395C2230VB92.h5,92.0,0.5902192242833013,0.07272727272041286,middle,1
T7,M3,396,92,2234,M3T7R396C2234VB92.h5,92.14285714285714,0.5911828475066209,0.07272727272041077,middle,1
T7,M3,397,92,2238,M3T7R397C2238VB92.h5,92.28571428571429,0.5921464707299406,0.07272727272041077,middle,1
T7,M3,398,92,2242,M3T7R398C2242VB92.h5,92.42857142857143,0.5931100939532603,0.09090909090051347,middle,1
T7,M3,399,93,2262,M3T7R399C2262VB93.h5,92.57142857142857,0.59407371717658,0.10909090908061825,middle,1
T7,M3,400,93,2266,M3T7R400C2266VB93.h5,92.71428571428571,0.5950373403998996,0.12727272726072095,middle,1
T7,M3,401,93,2270,M3T7R401C2270VB93.h5,93.0,0.596964586846539,0.12727272726072095,middle,1
T7,M3,402,93,2273,M3T7R402C2273VB93.h5,93.28571428571429,0.5988918332931784,0.12727272726071884,middle,1
T7,M3,403,93,2277,M3T7R403C2277VB93.h5,93.42857142857143,0.5998554565164981,0.14545454544082365,middle,1
T7,M3,404,94,2281,M3T7R404C2281VB94.h5,93.57142857142857,0.6008190797398176,0.14545454544082365,middle,1
T7,M3,405,94,2285,M3T7R405C2285VB94.h5,93.85714285714286,0.6027463261864571,0.14545454544082154,middle,1
T7,M3,406,94,2289,M3T7R406C2289VB94.h5,94.14285714285714,0.6046735726330964,0.14545454544082154,middle,1
T7,M3,407,94,2312,M3T7R407C2312VB94.h5,94.42857142857143,0.6066008190797357,0.14545454544082365,middle,1
T7,M3,408,95,2316,M3T7R408C2316VB95.h5,94.57142857142857,0.6075644423030554,0.12727272726072095,middle,1
T7,M3,409,95,2319,M3T7R409C2319VB95.h5,94.71428571428571,0.6085280655263751,0.12727272726071884,middle,1
T7,M3,410,95,2323,M3T7R410C2323VB95.h5,94.85714285714286,0.6094916887496948,0.10909090908061825,middle,1
T7,M3,411,95,2327,M3T7R411C2327VB95.h5,95.14285714285714,0.6114189351963341,0.10909090908061825,middle,1
T7,M3,412,95,2331,M3T7R412C2331VB95.h5,95.28571428571429,0.6123825584196538,0.10909090908061825,middle,1
T7,M3,413,95,2335,M3T7R413C2335VB95.h5,95.42857142857143,0.6133461816429735,0.10909090908061615,middle,1
T7,M3,414,96,2356,M3T7R414C2356VB96.h5,95.57142857142857,0.6143098048662932,0.09090909090051556,middle,1
T7,M3,415,96,2360,M3T7R415C2360VB96.h5,95.71428571428571,0.6152734280896128,0.09090909090051347,middle,1
T7,M3,416,96,2364,M3T7R416C2364VB96.h5,95.85714285714286,0.6162370513129325,0.09090909090051347,middle,1
T7,M3,417,96,2368,M3T7R417C2368VB96.h5,96.0,0.6172006745362522,0.09090909090051556,middle,1
T7,M3,418,96,2372,M3T7R418C2372VB96.h5,96.14285714285714,0.6181642977595718,0.09090909090051556,middle,1
T7,M3,419,96,2376,M3T7R419C2376VB96.h5,96.28571428571429,0.6191279209828916,0.09090909090051347,middle,1
T7,M3,420,96,2379,M3T7R420C2379VB96.h5,96.42857142857143,0.6200915442062113,0.09090909090051347,middle,1
T7,M3,421,97,2383,M3T7R421C2383VB97.h5,96.57142857142857,0.6210551674295308,0.09090909090051556,middle,1
T7,M3,422,97,2387,M3T7R422C2387VB97.h5,96.71428571428571,0.6220187906528505,0.09090909090051347,middle,1
T7,M3,423,97,2391,M3T7R423C2391VB97.h5,96.85714285714286,0.6229824138761703,0.09090909090051347,middle,1
T7,M3,424,97,2395,M3T7R424C2395VB97.h5,97.0,0.6239460370994899,0.09090909090051556,middle,1
T7,M3,425,97,2399,M3T7R425C2399VB97.h5,97.14285714285714,0.6249096603228096,0.09090909090051556,middle,1
T7,M3,426,97,2402,M3T7R426C2402VB97.h5,97.28571428571429,0.6258732835461293,0.09090909090051347,middle,1
T7,M3,427,97,2406,M3T7R427C2406VB97.h5,97.42857142857143,0.6268369067694489,0.09090909090051347,middle,1
T7,M3,428,98,2426,M3T7R428C2426VB98.h5,97.57142857142857,0.6278005299927686,0.09090909090051556,middle,1
T7,M3,429,98,2430,M3T7R429C2430VB98.h5,97.71428571428571,0.6287641532160883,0.09090909090051556,middle,1
T7,M3,430,98,2434,M3T7R430C2434VB98.h5,97.85714285714286,0.629727776439408,0.09090909090051347,middle,1
T7,M3,431,98,2438,M3T7R431C2438VB98.h5,98.0,0.6306913996627277,0.09090909090051556,middle,1
T7,M3,432,98,2442,M3T7R432C2442VB98.h5,98.14285714285714,0.6316550228860472,0.09090909090051556,middle,1
T7,M3,433,98,2445,M3T7R433C2445VB98.h5,98.28571428571429,0.632618646109367,0.09090909090051347,middle,1
T7,M3,434,98,2449,M3T7R434C2449VB98.h5,98.42857142857143,0.6335822693326867,0.09090909090051347,middle,1
T7,M3,435,99,2453,M3T7R435C2453VB99.h5,98.57142857142857,0.6345458925560064,0.09090909090051556,middle,1
T7,M3,436,99,2476,M3T7R436C2476VB99.h5,98.71428571428571,0.635509515779326,0.10909090908061615,middle,1
T7,M3,437,99,2480,M3T7R437C2480VB99.h5,98.85714285714286,0.6364731390026457,0.10909090908061825,middle,1
T7,M3,438,99,2484,M3T7R438C2484VB99.h5,99.14285714285714,0.638400385449285,0.10909090908061825,middle,1
T7,M3,439,99,2488,M3T7R439C2488VB99.h5,99.28571428571429,0.6393640086726048,0.10909090908061615,late,2
T7,M3,440,99,2491,M3T7R440C2491VB99.h5,99.42857142857143,0.6403276318959245,0.10909090908061615,late,2
T7,M3,441,100,2495,M3T7R441C2495VB100.h5,99.57142857142857,0.641291255119244,0.09090909090051556,late,2
T7,M3,442,100,2499,M3T7R442C2499VB100.h5,99.71428571428571,0.6422548783425637,0.09090909090051347,late,2
T7,M3,443,100,2521,M3T7R443C2521VB100.h5,99.85714285714286,0.6432185015658834,0.07272727272041077,late,2
T7,M3,444,100,2525,M3T7R444C2525VB100.h5,100.0,0.6441821247892031,0.07272727272041286,late,2
T7,M3,445,100,2528,M3T7R445C2528VB100.h5,100.0,0.6441821247892031,0.07272727272041286,late,2
T7,M3,446,100,2532,M3T7R446C2532VB100.h5,100.14285714285714,0.6451457480125228,0.07272727272041077,late,2
T7,M3,447,100,2536,M3T7R447C2536VB100.h5,100.28571428571429,0.6461093712358424,0.07272727272041077,late,2
T7,M3,448,100,2540,M3T7R448C2540VB100.h5,100.42857142857143,0.6470729944591621,0.09090909090051347,late,2
T7,M3,449,101,2544,M3T7R449C2544VB101.h5,100.57142857142857,0.6480366176824818,0.09090909090051556,late,2
T7,M3,450,101,2548,M3T7R450C2548VB101.h5,100.71428571428571,0.6490002409058014,0.09090909090051556,late,2
T7,M3,451,101,2551,M3T7R451C2551VB101.h5,100.85714285714286,0.6499638641291212,0.07272727272041286,late,2
T7,M3,452,101,2555,M3T7R452C2555VB101.h5,101.0,0.6509274873524409,0.07272727272041077,late,2
T7,M3,453,101,2559,M3T7R453C2559VB101.h5,101.0,0.6509274873524409,0.07272727272041286,late,2
T7,M3,454,101,2563,M3T7R454C2563VB101.h5,101.14285714285714,0.6518911105757604,0.07272727272041077,late,2
T7,M3,455,101,2567,M3T7R455C2567VB101.h5,101.28571428571429,0.6528547337990802,0.07272727272041077,late,2
T7,M3,456,101,2571,M3T7R456C2571VB101.h5,101.42857142857143,0.6538183570223999,0.09090909090051347,late,2
T7,M3,457,102,2591,M3T7R457C2591VB102.h5,101.57142857142857,0.6547819802457195,0.09090909090051556,late,2
T7,M3,458,102,2595,M3T7R458C2595VB102.h5,101.71428571428571,0.6557456034690392,0.09090909090051347,late,2
T7,M3,459,102,2598,M3T7R459C2598VB102.h5,101.85714285714286,0.6567092266923589,0.07272727272041077,late,2
T7,M3,460,102,2602,M3T7R460C2602VB102.h5,102.0,0.6576728499156785,0.07272727272041077,late,2
T7,M3,461,102,2606,M3T7R461C2606VB102.h5,102.0,0.6576728499156785,0.07272727272041286,late,2
T7,M3,462,102,2610,M3T7R462C2610VB102.h5,102.14285714285714,0.6586364731389982,0.07272727272041286,late,2
T7,M3,463,102,2614,M3T7R463C2614VB102.h5,102.28571428571429,0.659600096362318,0.07272727272041077,late,2
T7,M3,464,102,2618,M3T7R464C2618VB102.h5,102.42857142857143,0.6605637195856376,0.09090909090051347,late,2
T7,M3,465,103,2641,M3T7R465C2641VB103.h5,102.57142857142857,0.6615273428089572,0.09090909090051556,late,2
T7,M3,466,103,2644,M3T7R466C2644VB103.h5,102.71428571428571,0.6624909660322769,0.09090909090051347,late,2
T7,M3,467,103,2648,M3T7R467C2648VB103.h5,102.85714285714286,0.6634545892555966,0.09090909090051347,late,2
T7,M3,468,103,2652,M3T7R468C2652VB103.h5,103.0,0.6644182124789163,0.09090909090051556,late,2
T7,M3,469,103,2656,M3T7R469C2656VB103.h5,103.14285714285714,0.665381835702236,0.09090909090051556,late,2
T7,M3,470,103,2660,M3T7R470C2660VB103.h5,103.28571428571429,0.6663454589255556,0.09090909090051347,late,2
T7,M3,471,103,2664,M3T7R471C2664VB103.h5,103.42857142857143,0.6673090821488753,0.09090909090051347,late,2
T7,M3,472,104,2685,M3T7R472C2685VB104.h5,103.57142857142857,0.668272705372195,0.09090909090051556,late,2
T7,M3,473,104,2689,M3T7R473C2689VB104.h5,103.71428571428571,0.6692363285955146,0.09090909090051347,late,2
T7,M3,474,104,2693,M3T7R474C2693VB104.h5,103.85714285714286,0.6701999518188344,0.07272727272041077,late,2
T7,M3,475,104,2697,M3T7R475C2697VB104.h5,104.0,0.671163575042154,0.054545454540308076,late,2
T7,M3,476,104,2701,M3T7R476C2701VB104.h5,104.0,0.671163575042154,0.036363636360205384,late,2
T7,M3,477,104,2704,M3T7R477C2704VB104.h5,104.0,0.671163575042154,0.018181818180100597,late,2
T7,M3,478,104,2708,M3T7R478C2708VB104.h5,104.0,0.671163575042154,0.0,late,2
T7,M3,479,104,2712,M3T7R479C2712VB104.h5,104.0,0.671163575042154,0.018181818180102692,late,2
T7,M3,480,104,2716,M3T7R480C2716VB104.h5,104.0,0.671163575042154,0.03636363636020748,late,2
T7,M3,481,104,2720,M3T7R481C2720VB104.h5,104.14285714285714,0.6721271982654736,0.05454545454031017,late,2
T7,M3,482,104,2724,M3T7R482C2724VB104.h5,104.28571428571429,0.6730908214887934,0.07272727272041286,late,2
T7,M3,483,104,2727,M3T7R483C2727VB104.h5,104.42857142857143,0.6740544447121131,0.09090909090051556,late,2
T7,M3,484,105,2731,M3T7R484C2731VB105.h5,104.57142857142857,0.6750180679354327,0.09090909090051556,late,2
T7,M3,485,105,2735,M3T7R485C2735VB105.h5,104.71428571428571,0.6759816911587524,0.09090909090051347,late,2
T7,M3,486,105,2755,M3T7R486C2755VB105.h5,104.85714285714286,0.6769453143820721,0.07272727272041077,late,2
T7,M3,487,105,2759,M3T7R487C2759VB105.h5,105.0,0.6779089376053917,0.07272727272041077,late,2
T7,M3,488,105,2763,M3T7R488C2763VB105.h5,105.0,0.6779089376053917,0.07272727272041286,late,2
T7,M3,489,105,2767,M3T7R489C2767VB105.h5,105.14285714285714,0.6788725608287114,0.09090909090051347,late,2
T7,M3,490,105,2770,M3T7R490C2770VB105.h5,105.28571428571429,0.6798361840520312,0.10909090908061825,late,2
T7,M3,491,105,2774,M3T7R491C2774VB105.h5,105.57142857142857,0.6817634304986704,0.14545454544082365,late,2
T7,M3,492,106,2778,M3T7R492C2778VB106.h5,105.85714285714286,0.6836906769453098,0.16363636362092632,late,2
T7,M3,493,106,2782,M3T7R493C2782VB106.h5,106.14285714285714,0.6856179233919492,0.1999999999811317,late,2
T7,M3,494,107,2805,M3T7R494C2805VB107.h5,106.42857142857143,0.6875451698385885,0.1999999999811317,late,2
T7,M3,495,107,2809,M3T7R495C2809VB107.h5,106.85714285714286,0.6904360395085476,0.1999999999811317,late,2
T7,M3,496,107,2813,M3T7R496C2813VB107.h5,107.14285714285714,0.6923632859551868,0.21818181816123441,late,2
T7,M3,497,107,2816,M3T7R497C2816VB107.h5,107.42857142857143,0.6942905324018263,0.2363636363413392,late,2
T7,M3,498,108,2820,M3T7R498C2820VB108.h5,107.85714285714286,0.6971814020717853,0.23636363634133503,late,2
T7,M3,499,108,2824,M3T7R499C2824VB108.h5,108.28571428571429,0.7000722717417444,0.2545454545214419,late,2
T7,M3,500,108,2828,M3T7R500C2828VB108.h5,108.71428571428571,0.7029631414117032,0.27272727270154246,late,2
T7,M3,501,110,2850,M3T7R501C2850VB110.h5,109.14285714285714,0.7058540110816623,0.27272727270154246,late,2
T7,M3,502,110,2853,M3T7R502C2853VB110.h5,109.57142857142857,0.7087448807516213,0.27272727270154246,late,2
T7,M3,503,110,2857,M3T7R503C2857VB110.h5,110.0,0.7116357504215803,0.2363636363413392,late,2
T7,M3,504,110,2861,M3T7R504C2861VB110.h5,110.42857142857143,0.7145266200915394,0.21818181816123441,late,2
T7,M3,505,111,2865,M3T7R505C2865VB111.h5,110.57142857142857,0.7154902433148591,0.1999999999811317,late,2
T7,M3,506,111,2869,M3T7R506C2869VB111.h5,110.85714285714286,0.7174174897614984,0.18181818180102902,late,2
T7,M3,507,111,2873,M3T7R507C2873VB111.h5,111.14285714285714,0.7193447362081378,0.14545454544082154,late,2
T7,M3,508,111,2877,M3T7R508C2877VB111.h5,111.42857142857143,0.7212719826547771,0.16363636362092632,late,2
T7,M3,509,112,2880,M3T7R509C2880VB112.h5,111.57142857142857,0.7222356058780968,0.16363636362092632,late,2
T7,M3,510,112,2884,M3T7R510C2884VB112.h5,111.85714285714286,0.7241628523247362,0.18181818180102902,late,2
T7,M3,511,112,2888,M3T7R511C2888VB112.h5,112.14285714285714,0.7260900987713755,0.18181818180103113,late,2
T7,M3,512,112,2892,M3T7R512C2892VB112.h5,112.57142857142857,0.7289809684413345,0.2181818181612365,late,2
T7,M3,513,113,2896,M3T7R513C2896VB113.h5,112.85714285714286,0.730908214887974,0.2363636363413371,late,2
T7,M3,514,113,2900,M3T7R514C2900VB113.h5,113.28571428571429,0.733799084557933,0.2545454545214398,late,2
T7,M3,515,114,2920,M3T7R515C2920VB114.h5,113.71428571428571,0.736689954227892,0.2363636363413371,late,2
T7,M3,516,114,2923,M3T7R516C2923VB114.h5,114.14285714285714,0.739580823897851,0.23636363634133503,late,2
T7,M3,517,115,2927,M3T7R517C2927VB115.h5,114.42857142857143,0.7415080703444903,0.21818181816123441,late,2
T7,M3,518,115,2931,M3T7R518C2931VB115.h5,114.71428571428571,0.7434353167911296,0.21818181816123441,late,2
T7,M3,519,115,2935,M3T7R519C2935VB115.h5,115.0,0.7453625632377691,0.1999999999811317,late,2
T7,M3,520,115,2939,M3T7R520C2939VB115.h5,115.42857142857143,0.748253432907728,0.21818181816123441,late,2
T7,M3,521,115,2943,M3T7R521C2943VB115.h5,115.71428571428571,0.7501806793543674,0.2363636363413392,late,2
T7,M3,522,116,2946,M3T7R522C2946VB116.h5,116.14285714285714,0.7530715490243264,0.2545454545214398,late,2
T7,M3,523,117,2969,M3T7R523C2969VB117.h5,116.57142857142857,0.7559624186942855,0.2545454545214398,late,2
T7,M3,524,117,2973,M3T7R524C2973VB117.h5,117.0,0.7588532883642445,0.27272727270154457,late,2
T7,M3,525,118,2977,M3T7R525C2977VB118.h5,117.42857142857143,0.7617441580342035,0.27272727270154457,late,2
T7,M3,526,118,2981,M3T7R526C2981VB118.h5,117.85714285714286,0.7646350277041626,0.27272727270154246,late,2
T7,M3,527,118,2985,M3T7R527C2985VB118.h5,118.28571428571429,0.7675258973741216,0.2545454545214398,late,2
T7,M3,528,118,2989,M3T7R528C2989VB118.h5,118.71428571428571,0.7704167670440806,0.2545454545214419,late,2
T7,M3,529,119,2992,M3T7R529C2992VB119.h5,119.0,0.7723440134907199,0.2545454545214398,late,2
T7,M3,530,120,3014,M3T7R530C3014VB120.h5,119.42857142857143,0.775234883160679,0.2545454545214419,late,2
T7,M3,531,120,3018,M3T7R531C3018VB120.h5,119.85714285714286,0.778125752830638,0.2363636363413371,late,2
T7,M3,532,120,3022,M3T7R532C3022VB120.h5,120.28571428571429,0.7810166225005971,0.2363636363413392,late,2
T7,M3,533,121,3025,M3T7R533C3025VB121.h5,120.57142857142857,0.7829438689472363,0.21818181816123441,late,2
T7,M3,534,121,3029,M3T7R534C3029VB121.h5,120.85714285714286,0.7848711153938758,0.1999999999811317,late,2
T7,M3,535,121,3033,M3T7R535C3033VB121.h5,121.14285714285714,0.7867983618405151,0.16363636362092424,late,2
T7,M3,536,121,3037,M3T7R536C3037VB121.h5,121.42857142857143,0.7887256082871544,0.16363636362092632,late,2
T7,M3,537,122,3041,M3T7R537C3041VB122.h5,121.57142857142857,0.7896892315104741,0.16363636362092424,late,2
T7,M3,538,122,3045,M3T7R538C3045VB122.h5,121.85714285714286,0.7916164779571134,0.16363636362092632,late,2
T7,M3,539,122,3049,M3T7R539C3049VB122.h5,122.14285714285714,0.7935437244037528,0.16363636362092424,late,2
T7,M3,540,122,3052,M3T7R540C3052VB122.h5,122.42857142857143,0.7954709708503922,0.1999999999811317,late,2
T7,M3,541,123,3056,M3T7R541C3056VB123.h5,122.71428571428571,0.7973982172970314,0.21818181816123441,late,2
T7,M3,542,123,3060,M3T7R542C3060VB123.h5,123.14285714285714,0.8002890869669905,0.2363636363413392,late,2
T7,M3,543,123,3064,M3T7R543C3064VB123.h5,123.57142857142857,0.8031799566369495,0.2363636363413371,late,2
T7,M3,544,124,3084,M3T7R544C3084VB124.h5,124.0,0.8060708263069086,0.2545454545214419,late,2
T7,M3,545,125,3088,M3T7R545C3088VB125.h5,124.28571428571429,0.807998072753548,0.2545454545214398,late,2
T7,M3,546,125,3092,M3T7R546C3092VB125.h5,124.71428571428571,0.810888942423507,0.2363636363413392,late,2
T7,M3,547,125,3095,M3T7R547C3095VB125.h5,125.14285714285714,0.813779812093466,0.2545454545214398,late,2
T7,M3,548,125,3099,M3T7R548C3099VB125.h5,125.42857142857143,0.8157070585401054,0.2909090908816452,late,2
T7,M3,549,126,3103,M3T7R549C3103VB126.h5,126.0,0.819561551433384,0.3090909090617479,late,2
T7,M3,550,126,3107,M3T7R550C3107VB126.h5,126.57142857142857,0.8234160443266627,0.34545454542195536,late,2
T7,M3,551,126,3111,M3T7R551C3111VB126.h5,127.14285714285714,0.8272705372199414,0.3818181817821586,late,2
T7,M3,552,129,3134,M3T7R552C3134VB129.h5,127.85714285714286,0.8320886533365398,0.3999999999622634,late,2
T7,M3,553,129,3138,M3T7R553C3138VB129.h5,128.42857142857142,0.8359431462298185,0.41818181814236827,late,2
T7,M3,554,129,3141,M3T7R554C3141VB129.h5,129.14285714285714,0.8407612623464169,0.436363636322473,late,2
T7,M3,555,130,3145,M3T7R555C3145VB130.h5,129.85714285714286,0.8455793784630153,0.4545454545025715,late,2
T7,M3,556,130,3149,M3T7R556C3149VB130.h5,130.57142857142858,0.8503974945796138,0.490909090862779,late,2
T7,M3,557,131,3153,M3T7R557C3153VB131.h5,131.42857142857142,0.8561792339195317,0.490909090862779,late,2
T7,M3,558,131,3157,M3T7R558C3157VB131.h5,132.28571428571428,0.8619609732594498,0.5090909090428796,late,2
T7,M3,559,134,3178,M3T7R559C3178VB134.h5,133.0,0.8667790893760482,0.5090909090428796,late,2
T7,M3,560,135,3182,M3T7R560C3182VB135.h5,133.85714285714286,0.8725608287159662,0.5090909090428796,late,2
T7,M3,561,135,3186,M3T7R561C3186VB135.h5,134.57142857142858,0.8773789448325646,0.4545454545025736,late,2
T7,M3,562,135,3190,M3T7R562C3190VB135.h5,135.42857142857142,0.8831606841724825,0.418181818142364,late,2
T7,M3,563,136,3194,M3T7R563C3194VB136.h5,135.85714285714286,0.8860515538424417,0.36363636360206014,late,2
T7,M3,564,136,3198,M3T7R564C3198VB136.h5,136.28571428571428,0.8889424235124006,0.34545454542195325,late,2
T7,M3,565,137,3201,M3T7R565C3201VB137.h5,136.71428571428572,0.8918332931823598,0.29090909088164935,late,2
T7,M3,566,137,3205,M3T7R566C3205VB137.h5,137.28571428571428,0.8956877860756384,0.3090909090617479,late,2
T7,M3,567,138,3209,M3T7R567C3209VB138.h5,137.71428571428572,0.8985786557455975,0.3090909090617521,late,2
T7,M3,568,138,3213,M3T7R568C3213VB138.h5,138.28571428571428,0.9024331486388761,0.36363636360205803,late,2
T7,M3,569,139,3217,M3T7R569C3217VB139.h5,138.71428571428572,0.9053240183088352,0.38181818178216076,late,2
T7,M3,570,139,3221,M3T7R570C3221VB139.h5,139.57142857142858,0.9111057576487533,0.43636363632246883,late,2
T7,M3,571,140,3224,M3T7R571C3224VB140.h5,140.28571428571428,0.9159238737653516,0.4545454545025736,late,2
T7,M3,572,140,3228,M3T7R572C3228VB140.h5,141.14285714285714,0.9217056131052697,0.5090909090428796,late,2
T7,M3,573,143,3248,M3T7R573C3248VB143.h5,141.85714285714286,0.9265237292218681,0.4909090908627748,late,2
T7,M3,574,143,3252,M3T7R574C3252VB143.h5,142.71428571428572,0.9323054685617861,0.490909090862779,late,2
T7,M3,575,144,3256,M3T7R575C3256VB144.h5,143.42857142857142,0.9371235846783844,0.4363636363224709,late,2
T7,M3,576,144,3260,M3T7R576C3260VB144.h5,144.14285714285714,0.9419417007949829,0.418181818142364,late,2
T7,M3,577,145,3264,M3T7R577C3264VB145.h5,144.57142857142858,0.944832570464942,0.38181818178216076,late,2
T7,M3,578,145,3267,M3T7R578C3267VB145.h5,145.14285714285714,0.9486870633582205,0.36363636360205803,late,2
T7,M3,579,145,3271,M3T7R579C3271VB145.h5,145.71428571428572,0.9525415562514993,0.32727272724185263,late,2
T7,M3,580,146,3275,M3T7R580C3275VB146.h5,146.28571428571428,0.9563960491447779,0.3272727272418506,late,2
T7,M3,581,147,3298,M3T7R581C3298VB147.h5,146.71428571428572,0.959286918814737,0.3090909090617521,late,2
T7,M3,582,148,3302,M3T7R582C3302VB148.h5,147.14285714285714,0.962177788484696,0.27272727270154457,late,2
T7,M3,583,148,3306,M3T7R583C3306VB148.h5,147.57142857142858,0.9650686581546551,0.2363636363413371,late,2
T7,M3,584,148,3310,M3T7R584C3310VB148.h5,147.85714285714286,0.9669959046012945,0.1999999999811296,late,2
T7,M3,585,148,3313,M3T7R585C3313VB148.h5,148.14285714285714,0.9689231510479337,0.16363636362092424,late,2
T7,M3,586,148,3317,M3T7R586C3317VB148.h5,148.28571428571428,0.9698867742712534,0.14545454544082154,late,2
T7,M3,587,148,3321,M3T7R587C3321VB148.h5,148.42857142857142,0.970850397494573,0.14545454544082154,late,2
T7,M3,588,149,3343,M3T7R588C3343VB149.h5,148.71428571428572,0.9727776439412125,0.14545454544082365,late,2
T7,M3,589,149,3346,M3T7R589C3346VB149.h5,149.0,0.9747048903878518,0.16363636362092843,late,2
T7,M3,590,149,3350,M3T7R590C3350VB149.h5,149.28571428571428,0.9766321368344911,0.16363636362092843,late,2
T7,M3,591,150,3354,M3T7R591C3354VB150.h5,149.57142857142858,0.9785593832811306,0.14545454544082365,late,2
T7,M3,592,150,3358,M3T7R592C3358VB150.h5,149.71428571428572,0.9795230065044502,0.12727272726072095,late,2
T7,M3,593,150,3362,M3T7R593C3362VB150.h5,149.85714285714286,0.9804866297277699,0.10909090908061825,late,2
T7,M3,594,150,3366,M3T7R594C3366VB150.h5,150.0,0.9814502529510896,0.09090909090051137,late,2
T7,M3,595,150,3369,M3T7R595C3369VB150.h5,150.14285714285714,0.9824138761744092,0.09090909090051137,late,2
T7,M3,596,150,3373,M3T7R596C3373VB150.h5,150.28571428571428,0.9833774993977288,0.09090909090051556,late,2
T7,M3,597,150,3377,M3T7R597C3377VB150.h5,150.42857142857142,0.9843411226210484,0.10909090908061825,late,2
T7,M3,598,151,3381,M3T7R598C3381VB151.h5,150.57142857142858,0.9853047458443683,0.12727272726071884,late,2
T7,M3,599,151,3385,M3T7R599C3385VB151.h5,150.85714285714286,0.9872319922910077,0.14545454544082365,late,2
T7,M3,600,151,3389,M3T7R600C3389VB151.h5,151.14285714285714,0.9891592387376469,0.1454545454408278,late,2
T7,M3,601,151,3393,M3T7R601C3393VB151.h5,151.42857142857142,0.9910864851842862,0.14545454544082154,late,2
T7,M3,602,152,3412,M3T7R602C3412VB152.h5,151.57142857142858,0.9920501084076061,0.14545454544082154,late,2
T7,M3,603,152,3416,M3T7R603C3416VB152.h5,151.71428571428572,0.9930137316309257,0.14545454544082365,late,2
T7,M3,604,152,3420,M3T7R604C3420VB152.h5,152.0,0.994940978077565,0.12727272726072095,late,2
T7,M3,605,152,3424,M3T7R605C3424VB152.h5,152.28571428571428,0.9968682245242043,0.1181818181706654,late,2
T7,M3,606,152,3428,M3T7R606C3428VB152.h5,152.42857142857142,0.997831847747524,0.11272727271663627,late,2
T7,M3,607,153,3432,M3T7R607C3432VB153.h5,152.5,0.9983136593591838,0.09545454544554123,late,2
T7,M3,608,153,3435,M3T7R608C3435VB153.h5,152.6,0.9989881956155076,0.0738636363566698,late,2
T7,M3,609,153,3439,M3T7R609C3439VB153.h5,152.75,0.9999999999999933,0.06818181817538858,late,2
T8,M3,1,34,177,M3T8R1C177VB34.h5,34.75,0.0,0.08101851851307126,early,0
T8,M3,2,35,181,M3T8R2C181VB35.h5,35.0,0.002169197396963105,0.07812499999474758,early,0
T8,M3,3,35,185,M3T8R3C185VB35.h5,35.166666666666664,0.0036153289949384876,0.12916666665798254,early,0
T8,M3,4,35,189,M3T8R4C189VB35.h5,35.285714285714285,0.004648280136349501,0.17916666665462133,early,0
T8,M3,5,36,193,M3T8R5C193VB36.h5,35.857142857142854,0.009606445615122295,0.3499999999764698,early,0
T8,M3,6,36,197,M3T8R6C197VB36.h5,36.285714285714285,0.01332506972420192,0.5305555555198871,early,0
T8,M3,7,36,201,M3T8R7C201VB36.h5,38.0,0.028199566160520363,0.7166666666184863,early,0
T8,M3,8,38,222,M3T8R8C222VB38.h5,39.714285714285715,0.043074062596838804,0.849999999942856,early,0
T8,M3,9,38,226,M3T8R9C226VB38.h5,41.42857142857143,0.05794855903315725,0.9999999999327708,early,0
T8,M3,10,47,343,M3T8R10C343VB47.h5,43.142857142857146,0.07282305546947569,0.9666666666016784,early,0
T8,M3,11,47,347,M3T8R11C347VB47.h5,44.857142857142854,0.08769755190579408,0.9333333332705861,early,0
T8,M3,12,48,351,M3T8R12C351VB48.h5,46.285714285714285,0.10009296560272612,0.7666666666151242,early,0
T8,M3,13,48,355,M3T8R13C355VB48.h5,47.714285714285715,0.11248837929965816,0.5999999999596621,early,0
T8,M3,14,48,359,M3T8R14C359VB48.h5,48.0,0.11496746203904457,0.4166666666386551,early,0
T8,M3,15,48,363,M3T8R15C363VB48.h5,48.285714285714285,0.11744654477843096,0.28333333331428523,early,0
T8,M3,16,48,367,M3T8R16C367VB48.h5,48.42857142857143,0.11868608614812419,0.14999999998991553,early,0
T8,M3,17,49,389,M3T8R17C389VB49.h5,48.714285714285715,0.12116516888751058,0.14999999998991534,early,0
T8,M3,18,49,392,M3T8R18C392VB49.h5,49.0,0.12364425162689698,0.14999999998991553,early,0
T8,M3,19,49,396,M3T8R19C396VB49.h5,49.285714285714285,0.12612333436628337,0.14999999998991553,early,0
T8,M3,20,50,400,M3T8R20C400VB50.h5,49.57142857142857,0.12860241710566978,0.13333333332436914,early,0
T8,M3,21,50,404,M3T8R21C404VB50.h5,49.714285714285715,0.129841958475363,0.11666666665882351,early,0
T8,M3,22,50,408,M3T8R22C408VB50.h5,49.857142857142854,0.13108149984505618,0.09999999999327752,early,0
T8,M3,23,50,412,M3T8R23C412VB50.h5,50.0,0.1323210412147494,0.08333333332773095,early,0
T8,M3,24,50,416,M3T8R24C416VB50.h5,50.142857142857146,0.13356058258444262,0.08333333332773095,early,0
T8,M3,25,50,419,M3T8R25C419VB50.h5,50.285714285714285,0.1348001239541358,0.08333333332773095,early,0
T8,M3,26,50,423,M3T8R26C423VB50.h5,50.42857142857143,0.13603966532382902,0.0999999999932764,early,0
T8,M3,27,51,427,M3T8R27C427VB51.h5,50.57142857142857,0.1372792066935222,0.11666666665882333,early,0
T8,M3,28,51,431,M3T8R28C431VB51.h5,50.857142857142854,0.13975828943290858,0.1333333333243699,early,0
T8,M3,29,51,435,M3T8R29C435VB51.h5,51.142857142857146,0.14223737217229504,0.13333333332436914,early,0
T8,M3,30,51,439,M3T8R30C439VB51.h5,51.42857142857143,0.14471645491168145,0.1333333333243699,early,0
T8,M3,31,52,459,M3T8R31C459VB52.h5,51.57142857142857,0.14595599628137462,0.1333333333243699,early,0
T8,M3,32,52,463,M3T8R32C463VB52.h5,51.714285714285715,0.14719553765106785,0.13333333332436914,early,0
T8,M3,33,52,467,M3T8R33C467VB52.h5,52.0,0.14967462039045423,0.11666666665882333,early,0
T8,M3,34,52,471,M3T8R34C471VB52.h5,52.285714285714285,0.15215370312984064,0.11666666665882333,early,0
T8,M3,35,52,475,M3T8R35C475VB52.h5,52.42857142857143,0.15339324449953387,0.13333333332436875,early,0
T8,M3,36,53,478,M3T8R36C478VB53.h5,52.57142857142857,0.15463278586922705,0.1333333333243699,early,0
T8,M3,37,53,482,M3T8R37C482VB53.h5,52.857142857142854,0.15711186860861343,0.1333333333243699,early,0
T8,M3,38,53,486,M3T8R38C486VB53.h5,53.142857142857146,0.1595909513479999,0.13333333332436875,early,0
T8,M3,39,53,509,M3T8R39C509VB53.h5,53.42857142857143,0.1620700340873863,0.13333333332436953,early,0
T8,M3,40,54,513,M3T8R40C513VB54.h5,53.57142857142857,0.16330957545707944,0.11666666665882333,early,0
T8,M3,41,54,517,M3T8R41C517VB54.h5,53.714285714285715,0.16454911682677267,0.09999999999327676,early,0
T8,M3,42,54,521,M3T8R42C521VB54.h5,53.857142857142854,0.16578865819646585,0.06666666666218438,early,0
T8,M3,43,54,525,M3T8R43C525VB54.h5,54.0,0.16702819956615908,0.0666666666621855,early,0
T8,M3,44,54,529,M3T8R44C529VB54.h5,54.0,0.16702819956615908,0.06666666666218476,early,0
T8,M3,45,54,533,M3T8R45C533VB54.h5,54.142857142857146,0.1682677409358523,0.0666666666621855,early,0
T8,M3,46,54,554,M3T8R46C554VB54.h5,54.285714285714285,0.1695072823055455,0.06666666666218438,early,0
T8,M3,47,54,558,M3T8R47C558VB54.h5,54.42857142857143,0.17074682367523872,0.08333333332773095,early,0
T8,M3,48,55,562,M3T8R48C562VB55.h5,54.57142857142857,0.17198636504493187,0.0833333333277302,early,0
T8,M3,49,55,566,M3T8R49C566VB55.h5,54.714285714285715,0.1732259064146251,0.08333333332773095,early,0
T8,M3,50,55,570,M3T8R50C570VB55.h5,54.857142857142854,0.17446544778431827,0.06666666666218438,early,0
T8,M3,51,55,574,M3T8R51C574VB55.h5,55.0,0.1757049891540115,0.04999999999663894,early,0
T8,M3,52,55,578,M3T8R52C578VB55.h5,55.0,0.1757049891540115,0.03333333333109238,early,0
T8,M3,53,55,582,M3T8R53C582VB55.h5,55.0,0.1757049891540115,0.016666666665546562,early,0
T8,M3,54,55,585,M3T8R54C585VB55.h5,55.0,0.1757049891540115,0.0,early,0
T8,M3,55,55,589,M3T8R55C589VB55.h5,55.0,0.1757049891540115,0.016666666665546562,early,0
T8,M3,56,55,593,M3T8R56C593VB55.h5,55.0,0.1757049891540115,0.03333333333109201,early,0
T8,M3,57,55,597,M3T8R57C597VB55.h5,55.142857142857146,0.17694453052370474,0.04999999999663857,early,0
T8,M3,58,55,601,M3T8R58C601VB55.h5,55.285714285714285,0.17818407189339788,0.06666666666218438,early,0
T8,M3,59,55,605,M3T8R59C605VB55.h5,55.42857142857143,0.17942361326309111,0.08333333332773095,early,0
T8,M3,60,56,625,M3T8R60C625VB56.h5,55.57142857142857,0.1806631546327843,0.0833333333277302,early,0
T8,M3,61,56,629,M3T8R61C629VB56.h5,55.714285714285715,0.18190269600247752,0.08333333332773132,early,0
T8,M3,62,56,633,M3T8R62C633VB56.h5,55.857142857142854,0.1831422373721707,0.06666666666218476,early,0
T8,M3,63,56,637,M3T8R63C637VB56.h5,56.0,0.18438177874186393,0.0666666666621855,early,0
T8,M3,64,56,640,M3T8R64C640VB56.h5,56.0,0.18438177874186393,0.06666666666218438,early,0
T8,M3,65,56,644,M3T8R65C644VB56.h5,56.142857142857146,0.18562132011155716,0.06666666666218514,early,0
T8,M3,66,56,648,M3T8R66C648VB56.h5,56.285714285714285,0.1868608614812503,0.06666666666218438,early,0
T8,M3,67,56,652,M3T8R67C652VB56.h5,56.42857142857143,0.18810040285094354,0.08333333332773095,early,0
T8,M3,68,57,675,M3T8R68C675VB57.h5,56.57142857142857,0.1893399442206367,0.0833333333277302,early,0
T8,M3,69,57,679,M3T8R69C679VB57.h5,56.714285714285715,0.19057948559032994,0.08333333332773132,early,0
T8,M3,70,57,683,M3T8R70C683VB57.h5,56.857142857142854,0.19181902696002312,0.08333333332773095,early,0
T8,M3,71,57,687,M3T8R71C687VB57.h5,57.0,0.19305856832971635,0.08333333332773095,early,0
T8,M3,72,57,691,M3T8R72C691VB57.h5,57.142857142857146,0.19429810969940955,0.08333333332773095,early,0
T8,M3,73,57,695,M3T8R73C695VB57.h5,57.285714285714285,0.19553765106910273,0.08333333332773095,early,0
T8,M3,74,57,698,M3T8R74C698VB57.h5,57.42857142857143,0.19677719243879596,0.08333333332773095,early,0
T8,M3,75,58,720,M3T8R75C720VB58.h5,57.57142857142857,0.19801673380848914,0.0833333333277302,early,0
T8,M3,76,58,724,M3T8R76C724VB58.h5,57.714285714285715,0.19925627517818237,0.08333333332773095,early,0
T8,M3,77,58,728,M3T8R77C728VB58.h5,57.857142857142854,0.20049581654787552,0.06666666666218438,early,0
T8,M3,78,58,732,M3T8R78C732VB58.h5,58.0,0.20173535791756875,0.04999999999663857,early,0
T8,M3,79,58,736,M3T8R79C736VB58.h5,58.0,0.20173535791756875,0.03333333333109201,early,0
T8,M3,80,58,740,M3T8R80C740VB58.h5,58.0,0.20173535791756875,0.016666666665546562,early,0
T8,M3,81,58,744,M3T8R81C744VB58.h5,58.0,0.20173535791756875,0.0,early,0
T8,M3,82,58,747,M3T8R82C747VB58.h5,58.0,0.20173535791756875,0.016666666665546562,early,0
T8,M3,83,58,751,M3T8R83C751VB58.h5,58.0,0.20173535791756875,0.03333333333109238,early,0
T8,M3,84,58,755,M3T8R84C755VB58.h5,58.142857142857146,0.20297489928726198,0.04999999999663894,early,0
T8,M3,85,58,759,M3T8R85C759VB58.h5,58.285714285714285,0.20421444065695515,0.06666666666218476,early,0
T8,M3,86,58,763,M3T8R86C763VB58.h5,58.42857142857143,0.20545398202664839,0.08333333332773132,early,0
T8,M3,87,59,767,M3T8R87C767VB59.h5,58.57142857142857,0.20669352339634156,0.0833333333277302,early,0
T8,M3,88,59,771,M3T8R88C771VB59.h5,58.714285714285715,0.2079330647660348,0.08333333332773095,early,0
T8,M3,89,59,791,M3T8R89C791VB59.h5,58.857142857142854,0.20917260613572794,0.06666666666218438,early,0
T8,M3,90,59,795,M3T8R90C795VB59.h5,59.0,0.21041214750542117,0.04999999999663857,early,0
T8,M3,91,59,799,M3T8R91C799VB59.h5,59.0,0.21041214750542117,0.04999999999663857,early,0
T8,M3,92,59,803,M3T8R92C803VB59.h5,59.0,0.21041214750542117,0.04999999999663894,early,0
T8,M3,93,59,806,M3T8R93C806VB59.h5,59.142857142857146,0.2116516888751144,0.04999999999663894,early,0
T8,M3,94,59,810,M3T8R94C810VB59.h5,59.285714285714285,0.21289123024480758,0.06666666666218476,early,0
T8,M3,95,59,814,M3T8R95C814VB59.h5,59.42857142857143,0.2141307716145008,0.08333333332773095,early,0
T8,M3,96,60,818,M3T8R96C818VB60.h5,59.57142857142857,0.21537031298419398,0.0833333333277302,early,0
T8,M3,97,60,841,M3T8R97C841VB60.h5,59.714285714285715,0.2166098543538872,0.08333333332773095,early,0
T8,M3,98,60,845,M3T8R98C845VB60.h5,59.857142857142854,0.21784939572358036,0.06666666666218438,early,0
T8,M3,99,60,849,M3T8R99C849VB60.h5,60.0,0.2190889370932736,0.04999999999663857,early,0
T8,M3,100,60,853,M3T8R100C853VB60.h5,60.0,0.2190889370932736,0.04999999999663894,early,0
T8,M3,101,60,857,M3T8R101C857VB60.h5,60.0,0.2190889370932736,0.04999999999663894,early,0
T8,M3,102,60,860,M3T8R102C860VB60.h5,60.142857142857146,0.22032847846296683,0.04999999999663894,early,0
T8,M3,103,60,864,M3T8R103C864VB60.h5,60.285714285714285,0.22156801983266,0.06666666666218438,early,0
T8,M3,104,60,886,M3T8R104C886VB60.h5,60.42857142857143,0.22280756120235323,0.08333333332773095,early,0
T8,M3,105,61,890,M3T8R105C890VB61.h5,60.57142857142857,0.22404710257204638,0.0833333333277302,early,0
T8,M3,106,61,894,M3T8R106C894VB61.h5,60.714285714285715,0.2252866439417396,0.08333333332773095,early,0
T8,M3,107,61,898,M3T8R107C898VB61.h5,60.857142857142854,0.2265261853114328,0.06666666666218438,early,0
T8,M3,108,61,902,M3T8R108C902VB61.h5,61.0,0.22776572668112602,0.04999999999663894,early,0
T8,M3,109,61,906,M3T8R109C906VB61.h5,61.0,0.22776572668112602,0.03333333333109238,early,0
T8,M3,110,61,909,M3T8R110C909VB61.h5,61.0,0.22776572668112602,0.016666666665546562,early,0
T8,M3,111,61,913,M3T8R111C913VB61.h5,61.0,0.22776572668112602,0.0,early,0
T8,M3,112,61,917,M3T8R112C917VB61.h5,61.0,0.22776572668112602,0.0,early,0
T8,M3,113,61,921,M3T8R113C921VB61.h5,61.0,0.22776572668112602,0.0,early,0
T8,M3,114,61,925,M3T8R114C925VB61.h5,61.0,0.22776572668112602,0.0,early,0
T8,M3,115,61,929,M3T8R115C929VB61.h5,61.0,0.22776572668112602,0.0,early,0
T8,M3,116,61,933,M3T8R116C933VB61.h5,61.0,0.22776572668112602,0.016666666665546562,early,0
T8,M3,117,61,937,M3T8R117C937VB61.h5,61.0,0.22776572668112602,0.03333333333109238,early,0
T8,M3,118,61,957,M3T8R118C957VB61.h5,61.142857142857146,0.22900526805081925,0.04999999999663894,early,0
T8,M3,119,61,961,M3T8R119C961VB61.h5,61.285714285714285,0.23024480942051243,0.06666666666218438,early,0
T8,M3,120,61,965,M3T8R120C965VB61.h5,61.42857142857143,0.23148435079020566,0.08333333332773095,early,0
T8,M3,121,62,968,M3T8R121C968VB62.h5,61.57142857142857,0.2327238921598988,0.0833333333277302,early,0
T8,M3,122,62,972,M3T8R122C972VB62.h5,61.714285714285715,0.23396343352959204,0.08333333332773095,early,0
T8,M3,123,62,976,M3T8R123C976VB62.h5,61.857142857142854,0.2352029748992852,0.06666666666218438,early,0
T8,M3,124,62,980,M3T8R124C980VB62.h5,62.0,0.23644251626897844,0.04999999999663894,early,0
T8,M3,125,62,984,M3T8R125C984VB62.h5,62.0,0.23644251626897844,0.03333333333109238,early,0
T8,M3,126,62,1007,M3T8R126C1007VB62.h5,62.0,0.23644251626897844,0.016666666665546562,early,0
T8,M3,127,62,1011,M3T8R127C1011VB62.h5,62.0,0.23644251626897844,0.0,early,0
T8,M3,128,62,1015,M3T8R128C1015VB62.h5,62.0,0.23644251626897844,0.016666666665546562,early,0
T8,M3,129,62,1019,M3T8R129C1019VB62.h5,62.0,0.23644251626897844,0.03333333333109201,early,0
T8,M3,130,62,1022,M3T8R130C1022VB62.h5,62.142857142857146,0.23768205763867167,0.04999999999663857,early,0
T8,M3,131,62,1026,M3T8R131C1026VB62.h5,62.285714285714285,0.23892159900836482,0.06666666666218438,early,0
T8,M3,132,62,1030,M3T8R132C1030VB62.h5,62.42857142857143,0.24016114037805805,0.08333333332773095,early,0
T8,M3,133,63,1052,M3T8R133C1052VB63.h5,62.57142857142857,0.24140068174775123,0.0833333333277302,early,0
T8,M3,134,63,1056,M3T8R134C1056VB63.h5,62.714285714285715,0.24264022311744446,0.08333333332773132,early,0
T8,M3,135,63,1060,M3T8R135C1060VB63.h5,62.857142857142854,0.24387976448713763,0.06666666666218476,early,0
T8,M3,136,63,1064,M3T8R136C1064VB63.h5,63.0,0.24511930585683087,0.04999999999663894,early,0
T8,M3,137,63,1068,M3T8R137C1068VB63.h5,63.0,0.24511930585683087,0.03333333333109238,early,0
T8,M3,138,63,1071,M3T8R138C1071VB63.h5,63.0,0.24511930585683087,0.016666666665546562,early,0
T8,M3,139,63,1075,M3T8R139C1075VB63.h5,63.0,0.24511930585683087,0.0,early,0
T8,M3,140,63,1079,M3T8R140C1079VB63.h5,63.0,0.24511930585683087,0.0,early,0
T8,M3,141,63,1083,M3T8R141C1083VB63.h5,63.0,0.24511930585683087,0.0,early,0
T8,M3,142,63,1087,M3T8R142C1087VB63.h5,63.0,0.24511930585683087,0.0,early,0
T8,M3,143,63,1091,M3T8R143C1091VB63.h5,63.0,0.24511930585683087,0.016666666665546562,early,0
T8,M3,144,63,1095,M3T8R144C1095VB63.h5,63.0,0.24511930585683087,0.03333333333109201,early,0
T8,M3,145,63,1099,M3T8R145C1099VB63.h5,63.142857142857146,0.2463588472265241,0.04999999999663857,early,0
T8,M3,146,63,1102,M3T8R146C1102VB63.h5,63.285714285714285,0.24759838859621724,0.06666666666218438,early,0
T8,M3,147,63,1123,M3T8R147C1123VB63.h5,63.42857142857143,0.24883792996591048,0.08333333332773095,early,0
T8,M3,148,64,1127,M3T8R148C1127VB64.h5,63.57142857142857,0.25007747133560365,0.0833333333277302,early,0
T8,M3,149,64,1130,M3T8R149C1130VB64.h5,63.714285714285715,0.2513170127052969,0.08333333332773132,early,0
T8,M3,150,64,1134,M3T8R150C1134VB64.h5,63.857142857142854,0.25255655407499006,0.06666666666218476,early,0
T8,M3,151,64,1138,M3T8R151C1138VB64.h5,64.0,0.2537960954446833,0.06666666666218476,early,0
T8,M3,152,64,1142,M3T8R152C1142VB64.h5,64.0,0.2537960954446833,0.0666666666621855,early,0
T8,M3,153,64,1146,M3T8R153C1146VB64.h5,64.14285714285714,0.25503563681437647,0.0666666666621855,early,0
T8,M3,154,64,1150,M3T8R154C1150VB64.h5,64.28571428571429,0.25627517818406975,0.06666666666218402,early,0
T8,M3,155,64,1173,M3T8R155C1173VB64.h5,64.42857142857143,0.2575147195537629,0.08333333332772982,early,0
T8,M3,156,65,1177,M3T8R156C1177VB65.h5,64.57142857142857,0.25875426092345605,0.08333333332773132,early,0
T8,M3,157,65,1181,M3T8R157C1181VB65.h5,64.71428571428571,0.2599938022931492,0.09999999999327565,early,0
T8,M3,158,65,1184,M3T8R158C1184VB65.h5,64.85714285714286,0.2612333436628425,0.09999999999327713,early,0
T8,M3,159,65,1188,M3T8R159C1188VB65.h5,65.14285714285714,0.26371242640222886,0.09999999999327788,early,0
T8,M3,160,65,1192,M3T8R160C1192VB65.h5,65.28571428571429,0.26495196777192215,0.09999999999327788,early,0
T8,M3,161,65,1196,M3T8R161C1196VB65.h5,65.42857142857143,0.2661915091416153,0.1166666666588237,early,0
T8,M3,162,66,1218,M3T8R162C1218VB66.h5,65.57142857142857,0.2674310505113085,0.11666666665882294,early,0
T8,M3,163,66,1222,M3T8R163C1222VB66.h5,65.85714285714286,0.26991013325069496,0.13333333332436875,early,0
T8,M3,164,66,1226,M3T8R164C1226VB66.h5,66.14285714285714,0.27238921599008126,0.13333333332436875,early,0
T8,M3,165,66,1230,M3T8R165C1230VB66.h5,66.42857142857143,0.2748682987294677,0.13333333332436875,early,0
T8,M3,166,67,1233,M3T8R166C1233VB67.h5,66.57142857142857,0.2761078400991609,0.11666666665882294,early,0
T8,M3,167,67,1237,M3T8R167C1237VB67.h5,66.71428571428571,0.27734738146885407,0.09999999999327788,early,0
T8,M3,168,67,1241,M3T8R168C1241VB67.h5,66.85714285714286,0.27858692283854736,0.08333333332773057,early,0
T8,M3,169,67,1245,M3T8R169C1245VB67.h5,67.0,0.27982646420824053,0.08333333332773207,middle,1
T8,M3,170,67,1249,M3T8R170C1249VB67.h5,67.14285714285714,0.2810660055779337,0.08333333332773207,middle,1
T8,M3,171,67,1253,M3T8R171C1253VB67.h5,67.28571428571429,0.282305546947627,0.0999999999932764,middle,1
T8,M3,172,67,1257,M3T8R172C1257VB67.h5,67.42857142857143,0.28354508831732017,0.11666666665882294,middle,1
T8,M3,173,68,1261,M3T8R173C1261VB68.h5,67.71428571428571,0.2860241710567065,0.13333333332437028,middle,1
T8,M3,174,68,1264,M3T8R174C1264VB68.h5,68.0,0.28850325379609293,0.1499999999899146,middle,1
T8,M3,175,68,1268,M3T8R175C1268VB68.h5,68.28571428571429,0.2909823365354794,0.1499999999899146,middle,1
T8,M3,176,69,1289,M3T8R176C1289VB69.h5,68.57142857142857,0.29346141927486574,0.13333333332437028,middle,1
T8,M3,177,69,1292,M3T8R177C1292VB69.h5,68.71428571428571,0.2947009606445589,0.1166666666588237,middle,1
T8,M3,178,69,1296,M3T8R178C1296VB69.h5,68.85714285714286,0.2959405020142522,0.08333333332773057,middle,1
T8,M3,179,69,1300,M3T8R179C1300VB69.h5,69.0,0.2971800433839454,0.06666666666218476,middle,1
T8,M3,180,69,1304,M3T8R180C1304VB69.h5,69.0,0.2971800433839454,0.06666666666218625,middle,1
T8,M3,181,69,1308,M3T8R181C1308VB69.h5,69.14285714285714,0.29841958475363856,0.08333333332773057,middle,1
T8,M3,182,69,1312,M3T8R182C1312VB69.h5,69.28571428571429,0.29965912612333184,0.09999999999327713,middle,1
T8,M3,183,69,1316,M3T8R183C1316VB69.h5,69.57142857142857,0.3021382088627182,0.13333333332436875,middle,1
T8,M3,184,70,1339,M3T8R184C1339VB70.h5,69.85714285714286,0.3046172916021046,0.1499999999899161,late,2
T8,M3,185,70,1343,M3T8R185C1343VB70.h5,70.14285714285714,0.30709637434149095,0.1666666666554604,late,2
T8,M3,186,71,1347,M3T8R186C1347VB71.h5,70.42857142857143,0.3095754570808774,0.1666666666554619,late,2
T8,M3,187,71,1350,M3T8R187C1350VB71.h5,70.71428571428571,0.31205453982026377,0.16666666665546265,late,2
T8,M3,188,71,1354,M3T8R188C1354VB71.h5,71.0,0.31453362255965023,0.1499999999899168,late,2
T8,M3,189,71,1358,M3T8R189C1358VB71.h5,71.28571428571429,0.3170127052990367,0.13333333332436875,middle,1
T8,M3,190,71,1362,M3T8R190C1362VB71.h5,71.42857142857143,0.31825224666872987,0.11666666665882294,middle,1
T8,M3,191,72,1384,M3T8R191C1384VB72.h5,71.57142857142857,0.319491788038423,0.11666666665882294,middle,1
T8,M3,192,72,1388,M3T8R192C1388VB72.h5,71.71428571428571,0.32073132940811616,0.11666666665882294,middle,1
T8,M3,193,72,1392,M3T8R193C1392VB72.h5,72.0,0.3232104121475026,0.11666666665882294,middle,1
T8,M3,194,72,1396,M3T8R194C1396VB72.h5,72.28571428571429,0.3256894948868891,0.1166666666588237,middle,1
T8,M3,195,72,1399,M3T8R195C1399VB72.h5,72.42857142857143,0.32692903625658226,0.1166666666588237,middle,1
T8,M3,196,73,1403,M3T8R196C1403VB73.h5,72.57142857142857,0.32816857762627544,0.09999999999327788,middle,1
T8,M3,197,73,1407,M3T8R197C1407VB73.h5,72.71428571428571,0.3294081189959686,0.08333333332773057,middle,1
T8,M3,198,73,1411,M3T8R198C1411VB73.h5,72.85714285714286,0.3306476603656619,0.06666666666218476,middle,1
T8,M3,199,73,1415,M3T8R199C1415VB73.h5,73.0,0.3318872017353551,0.06666666666218402,middle,1
T8,M3,200,73,1419,M3T8R200C1419VB73.h5,73.0,0.3318872017353551,0.06666666666218625,middle,1
T8,M3,201,73,1423,M3T8R201C1423VB73.h5,73.14285714285714,0.3331267431050482,0.06666666666218402,middle,1
T8,M3,202,73,1427,M3T8R202C1427VB73.h5,73.28571428571429,0.33436628447474154,0.08333333332772982,middle,1
T8,M3,203,73,1430,M3T8R203C1430VB73.h5,73.42857142857143,0.33560582584443466,0.11666666665882294,middle,1
T8,M3,204,74,1434,M3T8R204C1434VB74.h5,73.71428571428571,0.338084908583821,0.133333333324371,middle,1
T8,M3,205,74,1455,M3T8R205C1455VB74.h5,74.0,0.34056399132320747,0.1499999999899146,middle,1
T8,M3,206,74,1459,M3T8R206C1459VB74.h5,74.28571428571429,0.34304307406259393,0.14999999998991534,middle,1
T8,M3,207,75,1462,M3T8R207C1462VB75.h5,74.57142857142857,0.3455221568019803,0.133333333324371,middle,1
T8,M3,208,75,1466,M3T8R208C1466VB75.h5,74.71428571428571,0.34676169817167346,0.13333333332436875,middle,1
T8,M3,209,75,1470,M3T8R209C1470VB75.h5,74.85714285714286,0.34800123954136675,0.11666666665882294,middle,1
T8,M3,210,75,1474,M3T8R210C1474VB75.h5,75.14285714285714,0.35048032228075304,0.09999999999327713,middle,1
T8,M3,211,75,1478,M3T8R211C1478VB75.h5,75.28571428571429,0.35171986365044633,0.09999999999327713,middle,1
T8,M3,212,75,1482,M3T8R212C1482VB75.h5,75.42857142857143,0.3529594050201395,0.09999999999327565,middle,1
T8,M3,213,76,1505,M3T8R213C1505VB76.h5,75.57142857142857,0.3541989463898327,0.08333333332773207,middle,1
T8,M3,214,76,1509,M3T8R214C1509VB76.h5,75.71428571428571,0.35543848775952586,0.08333333332773057,middle,1
T8,M3,215,76,1513,M3T8R215C1513VB76.h5,75.85714285714286,0.35667802912921914,0.08333333332773057,middle,1
T8,M3,216,76,1516,M3T8R216C1516VB76.h5,76.0,0.3579175704989123,0.08333333332773207,middle,1
T8,M3,217,76,1520,M3T8R217C1520VB76.h5,76.14285714285714,0.3591571118686055,0.08333333332773207,middle,1
T8,M3,218,76,1524,M3T8R218C1524VB76.h5,76.28571428571429,0.3603966532382988,0.08333333332773057,middle,1
T8,M3,219,76,1528,M3T8R219C1528VB76.h5,76.42857142857143,0.36163619460799196,0.08333333332772982,middle,1
T8,M3,220,77,1550,M3T8R220C1550VB77.h5,76.57142857142857,0.36287573597768513,0.08333333332773132,middle,1
T8,M3,221,77,1554,M3T8R221C1554VB77.h5,76.71428571428571,0.36411527734737825,0.08333333332772982,middle,1
T8,M3,222,77,1558,M3T8R222C1558VB77.h5,76.85714285714286,0.36535481871707154,0.06666666666218402,middle,1
T8,M3,223,77,1562,M3T8R223C1562VB77.h5,77.0,0.3665943600867647,0.0499999999966382,middle,1
T8,M3,224,77,1566,M3T8R224C1566VB77.h5,77.0,0.3665943600867647,0.033333333331093125,middle,1
T8,M3,225,77,1569,M3T8R225C1569VB77.h5,77.0,0.3665943600867647,0.016666666665545816,middle,1
T8,M3,226,77,1573,M3T8R226C1573VB77.h5,77.0,0.3665943600867647,0.0,middle,1
T8,M3,227,77,1577,M3T8R227C1577VB77.h5,77.0,0.3665943600867647,0.016666666665545816,middle,1
T8,M3,228,77,1581,M3T8R228C1581VB77.h5,77.0,0.3665943600867647,0.033333333331093125,middle,1
T8,M3,229,77,1585,M3T8R229C1585VB77.h5,77.14285714285714,0.3678339014564579,0.04999999999663894,middle,1
T8,M3,230,77,1589,M3T8R230C1589VB77.h5,77.28571428571429,0.3690734428261512,0.06666666666218476,middle,1
T8,M3,231,77,1593,M3T8R231C1593VB77.h5,77.42857142857143,0.37031298419584435,0.08333333332773057,middle,1
T8,M3,232,78,1597,M3T8R232C1597VB78.h5,77.57142857142857,0.37155252556553753,0.08333333332773207,middle,1
T8,M3,233,78,1600,M3T8R233C1600VB78.h5,77.71428571428571,0.3727920669352307,0.08333333332773057,middle,1
T8,M3,234,78,1621,M3T8R234C1621VB78.h5,77.85714285714286,0.374031608304924,0.06666666666218476,middle,1
T8,M3,235,78,1625,M3T8R235C1625VB78.h5,78.0,0.37527114967461717,0.04999999999663894,middle,1
T8,M3,236,78,1628,M3T8R236C1628VB78.h5,78.0,0.37527114967461717,0.04999999999663894,middle,1
T8,M3,237,78,1632,M3T8R237C1632VB78.h5,78.0,0.37527114967461717,0.04999999999663894,middle,1
T8,M3,238,78,1636,M3T8R238C1636VB78.h5,78.14285714285714,0.37651069104431034,0.04999999999663894,middle,1
T8,M3,239,78,1640,M3T8R239C1640VB78.h5,78.28571428571429,0.37775023241400363,0.06666666666218402,middle,1
T8,M3,240,78,1644,M3T8R240C1644VB78.h5,78.42857142857143,0.3789897737836968,0.08333333332772982,middle,1
T8,M3,241,79,1648,M3T8R241C1648VB79.h5,78.57142857142857,0.3802293151533899,0.08333333332773132,middle,1
T8,M3,242,79,1671,M3T8R242C1671VB79.h5,78.71428571428571,0.3814688565230831,0.08333333332772982,middle,1
T8,M3,243,79,1675,M3T8R243C1675VB79.h5,78.85714285714286,0.3827083978927764,0.06666666666218402,middle,1
T8,M3,244,79,1679,M3T8R244C1679VB79.h5,79.0,0.38394793926246956,0.06666666666218476,middle,1
T8,M3,245,79,1682,M3T8R245C1682VB79.h5,79.0,0.38394793926246956,0.06666666666218625,middle,1
T8,M3,246,79,1686,M3T8R246C1686VB79.h5,79.14285714285714,0.38518748063216274,0.06666666666218476,middle,1
T8,M3,247,79,1690,M3T8R247C1690VB79.h5,79.28571428571429,0.386427022001856,0.06666666666218476,middle,1
T8,M3,248,79,1694,M3T8R248C1694VB79.h5,79.42857142857143,0.3876665633715492,0.08333333332773057,middle,1
T8,M3,249,80,1716,M3T8R249C1716VB80.h5,79.57142857142857,0.3889061047412424,0.08333333332773207,middle,1
T8,M3,250,80,1720,M3T8R250C1720VB80.h5,79.71428571428571,0.39014564611093555,0.08333333332773057,middle,1
T8,M3,251,80,1724,M3T8R251C1724VB80.h5,79.85714285714286,0.39138518748062884,0.06666666666218476,middle,1
T8,M3,252,80,1728,M3T8R252C1728VB80.h5,80.0,0.392624728850322,0.04999999999663894,middle,1
T8,M3,253,80,1731,M3T8R253C1731VB80.h5,80.0,0.392624728850322,0.033333333331093125,middle,1
T8,M3,254,80,1735,M3T8R254C1735VB80.h5,80.0,0.392624728850322,0.033333333331090884,middle,1
T8,M3,255,80,1739,M3T8R255C1739VB80.h5,80.0,0.392624728850322,0.033333333331093125,middle,1
T8,M3,256,80,1743,M3T8R256C1743VB80.h5,80.14285714285714,0.39386427022001513,0.0499999999966382,middle,1
T8,M3,257,80,1747,M3T8R257C1747VB80.h5,80.28571428571429,0.3951038115897085,0.06666666666218402,middle,1
T8,M3,258,80,1751,M3T8R258C1751VB80.h5,80.42857142857143,0.3963433529594016,0.08333333332772982,middle,1
T8,M3,259,81,1755,M3T8R259C1755VB81.h5,80.57142857142857,0.39758289432909477,0.08333333332773207,middle,1
T8,M3,260,81,1759,M3T8R260C1759VB81.h5,80.71428571428571,0.39882243569878795,0.08333333332772982,middle,1
T8,M3,261,81,1762,M3T8R261C1762VB81.h5,80.85714285714286,0.40006197706848123,0.06666666666218476,middle,1
T8,M3,262,81,1766,M3T8R262C1766VB81.h5,81.0,0.4013015184381744,0.04999999999663894,middle,1
T8,M3,263,81,1787,M3T8R263C1787VB81.h5,81.0,0.4013015184381744,0.04999999999663894,middle,1
T8,M3,264,81,1791,M3T8R264C1791VB81.h5,81.0,0.4013015184381744,0.04999999999663894,middle,1
T8,M3,265,81,1794,M3T8R265C1794VB81.h5,81.14285714285714,0.4025410598078676,0.04999999999663894,middle,1
T8,M3,266,81,1798,M3T8R266C1798VB81.h5,81.28571428571429,0.40378060117756087,0.06666666666218476,middle,1
T8,M3,267,81,1802,M3T8R267C1802VB81.h5,81.42857142857143,0.40502014254725405,0.08333333332773057,middle,1
T8,M3,268,82,1806,M3T8R268C1806VB82.h5,81.57142857142857,0.4062596839169472,0.08333333332773207,middle,1
T8,M3,269,82,1810,M3T8R269C1810VB82.h5,81.71428571428571,0.4074992252866404,0.08333333332772982,middle,1
T8,M3,270,82,1814,M3T8R270C1814VB82.h5,81.85714285714286,0.4087387666563337,0.06666666666218402,middle,1
T8,M3,271,82,1837,M3T8R271C1837VB82.h5,82.0,0.4099783080260268,0.06666666666218402,middle,1
T8,M3,272,82,1841,M3T8R272C1841VB82.h5,82.0,0.4099783080260268,0.0666666666621855,middle,1
T8,M3,273,82,1845,M3T8R273C1845VB82.h5,82.14285714285714,0.41121784939572,0.06666666666218402,middle,1
T8,M3,274,82,1849,M3T8R274C1849VB82.h5,82.28571428571429,0.41245739076541327,0.06666666666218476,middle,1
T8,M3,275,82,1852,M3T8R275C1852VB82.h5,82.42857142857143,0.41369693213510644,0.08333333332773057,middle,1
T8,M3,276,83,1856,M3T8R276C1856VB83.h5,82.57142857142857,0.4149364735047996,0.08333333332773207,middle,1
T8,M3,277,83,1860,M3T8R277C1860VB83.h5,82.71428571428571,0.4161760148744928,0.08333333332773057,middle,1
T8,M3,278,83,1882,M3T8R278C1882VB83.h5,82.85714285714286,0.4174155562441861,0.06666666666218476,middle,1
T8,M3,279,83,1886,M3T8R279C1886VB83.h5,83.0,0.41865509761387926,0.04999999999663894,middle,1
T8,M3,280,83,1890,M3T8R280C1890VB83.h5,83.0,0.41865509761387926,0.04999999999663894,middle,1
T8,M3,281,83,1894,M3T8R281C1894VB83.h5,83.0,0.41865509761387926,0.04999999999663894,middle,1
T8,M3,282,83,1898,M3T8R282C1898VB83.h5,83.14285714285714,0.41989463898357243,0.04999999999663894,middle,1
T8,M3,283,83,1901,M3T8R283C1901VB83.h5,83.28571428571429,0.4211341803532657,0.06666666666218476,middle,1
T8,M3,284,83,1905,M3T8R284C1905VB83.h5,83.42857142857143,0.4223737217229589,0.08333333332772982,middle,1
T8,M3,285,84,1909,M3T8R285C1909VB84.h5,83.57142857142857,0.42361326309265207,0.08333333332773132,middle,1
T8,M3,286,84,1913,M3T8R286C1913VB84.h5,83.71428571428571,0.4248528044623452,0.08333333332772982,middle,1
T8,M3,287,84,1917,M3T8R287C1917VB84.h5,83.85714285714286,0.4260923458320385,0.06666666666218402,middle,1
T8,M3,288,84,1921,M3T8R288C1921VB84.h5,84.0,0.42733188720173165,0.0499999999966382,middle,1
T8,M3,289,84,1925,M3T8R289C1925VB84.h5,84.0,0.42733188720173165,0.04999999999663894,middle,1
T8,M3,290,84,1929,M3T8R290C1929VB84.h5,84.0,0.42733188720173165,0.04999999999663894,middle,1
T8,M3,291,84,1932,M3T8R291C1932VB84.h5,84.14285714285714,0.42857142857142483,0.04999999999663894,middle,1
T8,M3,292,84,1953,M3T8R292C1953VB84.h5,84.28571428571429,0.4298109699411181,0.06666666666218476,middle,1
T8,M3,293,84,1957,M3T8R293C1957VB84.h5,84.42857142857143,0.4310505113108113,0.08333333332773057,middle,1
T8,M3,294,85,1960,M3T8R294C1960VB85.h5,84.57142857142857,0.43229005268050447,0.08333333332773207,middle,1
T8,M3,295,85,1964,M3T8R295C1964VB85.h5,84.71428571428571,0.43352959405019764,0.08333333332773057,middle,1
T8,M3,296,85,1968,M3T8R296C1968VB85.h5,84.85714285714286,0.43476913541989093,0.06666666666218476,middle,1
T8,M3,297,85,1972,M3T8R297C1972VB85.h5,85.0,0.4360086767895841,0.06666666666218476,middle,1
T8,M3,298,85,1976,M3T8R298C1976VB85.h5,85.0,0.4360086767895841,0.06666666666218625,middle,1
T8,M3,299,85,1980,M3T8R299C1980VB85.h5,85.14285714285714,0.4372482181592773,0.06666666666218476,middle,1
T8,M3,300,85,2003,M3T8R300C2003VB85.h5,85.28571428571429,0.43848775952897057,0.06666666666218402,middle,1
T8,M3,301,85,2007,M3T8R301C2007VB85.h5,85.42857142857143,0.43972730089866374,0.08333333332772982,middle,1
T8,M3,302,86,2011,M3T8R302C2011VB86.h5,85.57142857142857,0.44096684226835686,0.08333333332773132,middle,1
T8,M3,303,86,2015,M3T8R303C2015VB86.h5,85.71428571428571,0.44220638363805004,0.08333333332772982,middle,1
T8,M3,304,86,2018,M3T8R304C2018VB86.h5,85.85714285714286,0.4434459250077433,0.06666666666218402,middle,1
T8,M3,305,86,2022,M3T8R305C2022VB86.h5,86.0,0.4446854663774365,0.04999999999663894,middle,1
T8,M3,306,86,2026,M3T8R306C2026VB86.h5,86.0,0.4446854663774365,0.04999999999663894,middle,1
T8,M3,307,86,2048,M3T8R307C2048VB86.h5,86.0,0.4446854663774365,0.04999999999663894,middle,1
T8,M3,308,86,2052,M3T8R308C2052VB86.h5,86.14285714285714,0.4459250077471297,0.04999999999663894,middle,1
T8,M3,309,86,2056,M3T8R309C2056VB86.h5,86.28571428571429,0.44716454911682296,0.06666666666218476,middle,1
T8,M3,310,86,2060,M3T8R310C2060VB86.h5,86.42857142857143,0.44840409048651614,0.08333333332773057,middle,1
T8,M3,311,87,2063,M3T8R311C2063VB87.h5,86.57142857142857,0.4496436318562093,0.08333333332773207,middle,1
T8,M3,312,87,2067,M3T8R312C2067VB87.h5,86.71428571428571,0.4508831732259025,0.08333333332773057,middle,1
T8,M3,313,87,2071,M3T8R313C2071VB87.h5,86.85714285714286,0.4521227145955958,0.06666666666218476,middle,1
T8,M3,314,87,2075,M3T8R314C2075VB87.h5,87.0,0.45336225596528895,0.04999999999663894,middle,1
T8,M3,315,87,2079,M3T8R315C2079VB87.h5,87.0,0.45336225596528895,0.033333333331093125,middle,1
T8,M3,316,87,2083,M3T8R316C2083VB87.h5,87.0,0.45336225596528895,0.033333333331090884,middle,1
T8,M3,317,87,2087,M3T8R317C2087VB87.h5,87.0,0.45336225596528895,0.033333333331093125,middle,1
T8,M3,318,87,2091,M3T8R318C2091VB87.h5,87.14285714285714,0.45460179733498207,0.0499999999966382,middle,1
T8,M3,319,87,2094,M3T8R319C2094VB87.h5,87.28571428571429,0.4558413387046754,0.06666666666218402,middle,1
T8,M3,320,87,2098,M3T8R320C2098VB87.h5,87.42857142857143,0.45708088007436853,0.08333333332772982,middle,1
T8,M3,321,88,2119,M3T8R321C2119VB88.h5,87.57142857142857,0.4583204214440617,0.08333333332773207,middle,1
T8,M3,322,88,2122,M3T8R322C2122VB88.h5,87.71428571428571,0.4595599628137549,0.08333333332772982,middle,1
T8,M3,323,88,2126,M3T8R323C2126VB88.h5,87.85714285714286,0.46079950418344817,0.06666666666218476,middle,1
T8,M3,324,88,2130,M3T8R324C2130VB88.h5,88.0,0.46203904555314135,0.06666666666218476,middle,1
T8,M3,325,88,2134,M3T8R325C2134VB88.h5,88.0,0.46203904555314135,0.06666666666218625,middle,1
T8,M3,326,88,2138,M3T8R326C2138VB88.h5,88.14285714285714,0.4632785869228345,0.06666666666218476,middle,1
T8,M3,327,88,2142,M3T8R327C2142VB88.h5,88.28571428571429,0.4645181282925278,0.08333333332773057,middle,1
T8,M3,328,88,2146,M3T8R328C2146VB88.h5,88.42857142857143,0.465757669662221,0.11666666665882294,middle,1
T8,M3,329,89,2169,M3T8R329C2169VB89.h5,88.71428571428571,0.46823675240160734,0.13333333332437028,middle,1
T8,M3,330,89,2173,M3T8R330C2173VB89.h5,89.0,0.47071583514099374,0.1499999999899146,middle,1
T8,M3,331,89,2176,M3T8R331C2176VB89.h5,89.28571428571429,0.4731949178803802,0.1666666666554619,late,2
T8,M3,332,90,2180,M3T8R332C2180VB90.h5,89.57142857142857,0.47567400061976656,0.1833333333210092,late,2
T8,M3,333,90,2184,M3T8R333C2184VB90.h5,89.85714285714286,0.478153083359153,0.19999999998655352,late,2
T8,M3,334,90,2188,M3T8R334C2188VB90.h5,90.28571428571429,0.48187170746823266,0.19999999998655352,late,2
T8,M3,335,90,2192,M3T8R335C2192VB90.h5,90.71428571428571,0.48559033157731213,0.19999999998655504,late,2
T8,M3,336,91,2214,M3T8R336C2214VB91.h5,91.0,0.4880694143166986,0.19999999998655352,late,2
T8,M3,337,92,2218,M3T8R337C2218VB92.h5,91.28571428571429,0.49054849705608505,0.19999999998655352,late,2
T8,M3,338,92,2222,M3T8R338C2222VB92.h5,91.57142857142857,0.4930275797954714,0.18333333332100996,late,2
T8,M3,339,92,2225,M3T8R339C2225VB92.h5,92.0,0.49674620390455104,0.16666666665546265,late,2
T8,M3,340,92,2229,M3T8R340C2229VB92.h5,92.28571428571429,0.4992252866439375,0.14999999998991534,middle,1
T8,M3,341,92,2233,M3T8R341C2233VB92.h5,92.42857142857143,0.5004648280136307,0.13333333332436953,middle,1
T8,M3,342,93,2237,M3T8R342C2237VB93.h5,92.57142857142857,0.5017043693833239,0.1166666666588237,middle,1
T8,M3,343,93,2241,M3T8R343C2241VB93.h5,92.71428571428571,0.502943910753017,0.1166666666588237,middle,1
T8,M3,344,93,2245,M3T8R344C2245VB93.h5,93.0,0.5054229934924035,0.11666666665882221,middle,1
T8,M3,345,93,2249,M3T8R345C2249VB93.h5,93.28571428571429,0.50790207623179,0.13333333332436803,middle,1
T8,M3,346,93,2253,M3T8R346C2253VB93.h5,93.42857142857143,0.509141617601483,0.14999999998991534,middle,1
T8,M3,347,94,2256,M3T8R347C2256VB94.h5,93.71428571428571,0.5116207003408694,0.14999999998991534,middle,1
T8,M3,348,94,2260,M3T8R348C2260VB94.h5,94.0,0.5140997830802558,0.16666666665545965,late,2
T8,M3,349,94,2264,M3T8R349C2264VB94.h5,94.28571428571429,0.5165788658196423,0.18333333332100846,late,2
T8,M3,350,95,2285,M3T8R350C2285VB95.h5,94.71428571428571,0.5202974899287218,0.18333333332100996,late,2
T8,M3,351,95,2288,M3T8R351C2288VB95.h5,95.0,0.5227765726681083,0.18333333332100846,late,2
T8,M3,352,95,2292,M3T8R352C2292VB95.h5,95.28571428571429,0.5252556554074947,0.16666666665546115,late,2
T8,M3,353,96,2296,M3T8R353C2296VB96.h5,95.57142857142857,0.5277347381468811,0.16666666665546265,late,2
T8,M3,354,96,2300,M3T8R354C2300VB96.h5,95.71428571428571,0.5289742795165743,0.18333333332100846,late,2
T8,M3,355,96,2304,M3T8R355C2304VB96.h5,96.14285714285714,0.5326929036256539,0.18333333332100846,late,2
T8,M3,356,96,2308,M3T8R356C2308VB96.h5,96.57142857142857,0.5364115277347336,0.18333333332100699,late,2
T8,M3,357,96,2312,M3T8R357C2312VB96.h5,96.85714285714286,0.53889061047412,0.19999999998655427,late,2
T8,M3,358,98,2335,M3T8R358C2335VB98.h5,97.14285714285714,0.5413696932135063,0.19999999998655427,late,2
T8,M3,359,98,2339,M3T8R359C2339VB98.h5,97.42857142857143,0.5438487759528927,0.19999999998655427,late,2
T8,M3,360,98,2343,M3T8R360C2343VB98.h5,97.85714285714286,0.5475674000619724,0.1999999999865528,late,2
T8,M3,361,98,2346,M3T8R361C2346VB98.h5,98.28571428571429,0.551286024171052,0.19999999998655577,late,2
T8,M3,362,98,2350,M3T8R362C2350VB98.h5,98.57142857142857,0.5537651069104383,0.19999999998655427,late,2
T8,M3,363,99,2354,M3T8R363C2354VB99.h5,98.85714285714286,0.5562441896498248,0.18333333332100846,late,2
T8,M3,364,99,2358,M3T8R364C2358VB99.h5,99.14285714285714,0.5587232723892112,0.18333333332100846,late,2
T8,M3,365,100,2380,M3T8R365C2380VB100.h5,99.42857142857143,0.5612023551285976,0.18333333332100699,late,2
T8,M3,366,100,2384,M3T8R366C2384VB100.h5,99.85714285714286,0.5649209792376773,0.18333333332100699,late,2
T8,M3,367,100,2388,M3T8R367C2388VB100.h5,100.14285714285714,0.5674000619770635,0.16666666665546115,late,2
T8,M3,368,100,2392,M3T8R368C2392VB100.h5,100.42857142857143,0.56987914471645,0.14999999998991384,middle,1
T8,M3,369,101,2395,M3T8R369C2395VB101.h5,100.57142857142857,0.5711186860861431,0.13333333332436803,middle,1
T8,M3,370,101,2399,M3T8R370C2399VB101.h5,100.71428571428571,0.5723582274558363,0.133333333324371,middle,1
T8,M3,371,101,2403,M3T8R371C2403VB101.h5,101.0,0.5748373101952228,0.1166666666588237,middle,1
T8,M3,372,101,2407,M3T8R372C2407VB101.h5,101.28571428571429,0.5773163929346092,0.1166666666588237,middle,1
T8,M3,373,101,2411,M3T8R373C2411VB101.h5,101.42857142857143,0.5785559343043024,0.1166666666588237,middle,1
T8,M3,374,102,2415,M3T8R374C2415VB102.h5,101.57142857142857,0.5797954756739956,0.1166666666588237,middle,1
T8,M3,375,102,2419,M3T8R375C2419VB102.h5,101.71428571428571,0.5810350170436888,0.13333333332436953,middle,1
T8,M3,376,102,2422,M3T8R376C2422VB102.h5,102.0,0.5835140997830752,0.14999999998991534,middle,1
T8,M3,377,102,2426,M3T8R377C2426VB102.h5,102.42857142857143,0.5872327238921549,0.16666666665546265,late,2
T8,M3,378,102,2430,M3T8R378C2430VB102.h5,102.71428571428571,0.5897118066315412,0.18333333332100996,late,2
T8,M3,379,103,2451,M3T8R379C2451VB103.h5,103.0,0.5921908893709277,0.18333333332100846,late,2
T8,M3,380,104,2454,M3T8R380C2454VB104.h5,103.28571428571429,0.5946699721103141,0.18333333332100699,late,2
T8,M3,381,104,2458,M3T8R381C2458VB104.h5,103.57142857142857,0.5971490548497005,0.18333333332100846,late,2
T8,M3,382,104,2462,M3T8R382C2462VB104.h5,104.0,0.60086767895878,0.18333333332100699,late,2
T8,M3,383,104,2466,M3T8R383C2466VB104.h5,104.28571428571429,0.6033467616981665,0.18333333332100699,late,2
T8,M3,384,104,2470,M3T8R384C2470VB104.h5,104.57142857142857,0.6058258444375528,0.18333333332100699,late,2
T8,M3,385,105,2474,M3T8R385C2474VB105.h5,104.85714285714286,0.6083049271769393,0.16666666665546265,late,2
T8,M3,386,105,2478,M3T8R386C2478VB105.h5,105.14285714285714,0.6107840099163256,0.16666666665546115,late,2
T8,M3,387,106,2501,M3T8R387C2501VB106.h5,105.42857142857143,0.6132630926557121,0.16666666665546265,late,2
T8,M3,388,106,2505,M3T8R388C2505VB106.h5,105.71428571428571,0.6157421753950985,0.16666666665546265,late,2
T8,M3,389,106,2508,M3T8R389C2508VB106.h5,106.0,0.6182212581344849,0.16666666665546265,late,2
T8,M3,390,106,2512,M3T8R390C2512VB106.h5,106.28571428571429,0.6207003408738714,0.16666666665546265,late,2
T8,M3,391,106,2516,M3T8R391C2516VB106.h5,106.57142857142857,0.6231794236132577,0.16666666665546115,late,2
T8,M3,392,107,2520,M3T8R392C2520VB107.h5,106.85714285714286,0.6256585063526442,0.16666666665546115,late,2
T8,M3,393,107,2524,M3T8R393C2524VB107.h5,107.14285714285714,0.6281375890920304,0.16666666665545965,late,2
T8,M3,394,108,2546,M3T8R394C2546VB108.h5,107.42857142857143,0.6306166718314169,0.14999999998991534,middle,1
T8,M3,395,108,2550,M3T8R395C2550VB108.h5,107.71428571428571,0.6330957545708032,0.14999999998991384,middle,1
T8,M3,396,108,2554,M3T8R396C2554VB108.h5,107.85714285714286,0.6343352959404965,0.133333333324371,middle,1
T8,M3,397,108,2557,M3T8R397C2557VB108.h5,108.14285714285714,0.6368143786798829,0.1166666666588237,middle,1
T8,M3,398,108,2561,M3T8R398C2561VB108.h5,108.28571428571429,0.6380539200495762,0.09999999999327788,middle,1
T8,M3,399,108,2565,M3T8R399C2565VB108.h5,108.42857142857143,0.6392934614192693,0.0999999999932764,middle,1
T8,M3,400,109,2569,M3T8R400C2569VB109.h5,108.57142857142857,0.6405330027889625,0.08333333332773207,middle,1
T8,M3,401,109,2573,M3T8R401C2573VB109.h5,108.71428571428571,0.6417725441586557,0.08333333332773057,middle,1
T8,M3,402,109,2577,M3T8R402C2577VB109.h5,108.85714285714286,0.643012085528349,0.08333333332773057,middle,1
T8,M3,403,109,2581,M3T8R403C2581VB109.h5,109.0,0.6442516268980422,0.08333333332773207,middle,1
T8,M3,404,109,2585,M3T8R404C2585VB109.h5,109.14285714285714,0.6454911682677353,0.09999999999327788,late,2
T8,M3,405,109,2588,M3T8R405C2588VB109.h5,109.28571428571429,0.6467307096374286,0.1166666666588237,late,2
T8,M3,406,109,2592,M3T8R406C2592VB109.h5,109.57142857142857,0.649209792376815,0.13333333332436953,late,2
T8,M3,407,110,2596,M3T8R407C2596VB110.h5,109.85714285714286,0.6516888751162014,0.1499999999899168,late,2
T8,M3,408,110,2616,M3T8R408C2616VB110.h5,110.14285714285714,0.6541679578555878,0.16666666665545965,late,2
T8,M3,409,111,2620,M3T8R409C2620VB111.h5,110.42857142857143,0.6566470405949743,0.14999999998991534,late,2
T8,M3,410,111,2624,M3T8R410C2624VB111.h5,110.71428571428571,0.6591261233343605,0.13333333332436803,late,2
T8,M3,411,111,2628,M3T8R411C2628VB111.h5,110.85714285714286,0.6603656647040538,0.11666666665882221,late,2
T8,M3,412,111,2632,M3T8R412C2632VB111.h5,111.0,0.661605206073747,0.11666666665882221,late,2
T8,M3,413,111,2636,M3T8R413C2636VB111.h5,111.14285714285714,0.6628447474434401,0.1166666666588237,late,2
T8,M3,414,111,2640,M3T8R414C2640VB111.h5,111.42857142857143,0.6653238301828266,0.13333333332436953,late,2
T8,M3,415,111,2643,M3T8R415C2643VB111.h5,111.71428571428571,0.6678029129222129,0.1499999999899168,late,2
T8,M3,416,112,2667,M3T8R416C2667VB112.h5,112.0,0.6702819956615994,0.16666666665546265,late,2
T8,M3,417,113,2670,M3T8R417C2670VB113.h5,112.28571428571429,0.6727610784009859,0.16666666665546265,late,2
T8,M3,418,113,2674,M3T8R418C2674VB113.h5,112.57142857142857,0.6752401611403722,0.16666666665546265,late,2
T8,M3,419,113,2678,M3T8R419C2678VB113.h5,112.85714285714286,0.6777192438797587,0.1499999999899168,late,2
T8,M3,420,113,2682,M3T8R420C2682VB113.h5,113.14285714285714,0.680198326619145,0.13333333332436953,late,2
T8,M3,421,113,2686,M3T8R421C2686VB113.h5,113.28571428571429,0.6814378679888383,0.13333333332436953,late,2
T8,M3,422,113,2690,M3T8R422C2690VB113.h5,113.42857142857143,0.6826774093585315,0.13333333332436953,late,2
T8,M3,423,114,2712,M3T8R423C2712VB114.h5,113.71428571428571,0.6851564920979178,0.133333333324371,late,2
T8,M3,424,114,2716,M3T8R424C2716VB114.h5,114.0,0.6876355748373043,0.14999999998991384,late,2
T8,M3,425,114,2719,M3T8R425C2719VB114.h5,114.28571428571429,0.6901146575766908,0.14999999998991384,late,2
T8,M3,426,115,2723,M3T8R426C2723VB115.h5,114.57142857142857,0.692593740316077,0.13333333332436953,late,2
T8,M3,427,115,2727,M3T8R427C2727VB115.h5,114.71428571428571,0.6938332816857702,0.13333333332436803,late,2
T8,M3,428,115,2731,M3T8R428C2731VB115.h5,114.85714285714286,0.6950728230554635,0.11666666665882221,late,2
T8,M3,429,115,2735,M3T8R429C2735VB115.h5,115.14285714285714,0.6975519057948498,0.09999999999327788,late,2
T8,M3,430,115,2739,M3T8R430C2739VB115.h5,115.28571428571429,0.6987914471645431,0.09999999999327788,late,2
T8,M3,431,115,2743,M3T8R431C2743VB115.h5,115.42857142857143,0.7000309885342363,0.0999999999932764,late,2
T8,M3,432,116,2747,M3T8R432C2747VB116.h5,115.57142857142857,0.7012705299039295,0.09999999999327788,late,2
T8,M3,433,116,2750,M3T8R433C2750VB116.h5,115.71428571428571,0.7025100712736226,0.1166666666588237,late,2
T8,M3,434,116,2754,M3T8R434C2754VB116.h5,116.0,0.7049891540130091,0.1166666666588237,late,2
T8,M3,435,116,2758,M3T8R435C2758VB116.h5,116.28571428571429,0.7074682367523956,0.1166666666588237,late,2
T8,M3,436,116,2762,M3T8R436C2762VB116.h5,116.42857142857143,0.7087077781220887,0.133333333324371,late,2
T8,M3,437,117,2782,M3T8R437C2782VB117.h5,116.57142857142857,0.7099473194917819,0.13333333332436953,late,2
T8,M3,438,117,2786,M3T8R438C2786VB117.h5,116.85714285714286,0.7124264022311684,0.13333333332436953,late,2
T8,M3,439,117,2790,M3T8R439C2790VB117.h5,117.14285714285714,0.7149054849705547,0.13333333332436953,late,2
T8,M3,440,117,2794,M3T8R440C2794VB117.h5,117.42857142857143,0.7173845677099412,0.14999999998991534,late,2
T8,M3,441,118,2798,M3T8R441C2798VB118.h5,117.57142857142857,0.7186241090796344,0.14999999998991384,late,2
T8,M3,442,118,2802,M3T8R442C2802VB118.h5,117.85714285714286,0.7211031918190207,0.14999999998991534,late,2
T8,M3,443,118,2805,M3T8R443C2805VB118.h5,118.14285714285714,0.7235822745584071,0.13333333332436803,late,2
T8,M3,444,118,2809,M3T8R444C2809VB118.h5,118.42857142857143,0.7260613572977935,0.13333333332436803,late,2
T8,M3,445,119,2833,M3T8R445C2833VB119.h5,118.57142857142857,0.7273008986674867,0.1166666666588237,late,2
T8,M3,446,119,2836,M3T8R446C2836VB119.h5,118.71428571428571,0.7285404400371799,0.09999999999327788,late,2
T8,M3,447,119,2840,M3T8R447C2840VB119.h5,118.85714285714286,0.7297799814068732,0.06666666666218476,late,2
T8,M3,448,119,2844,M3T8R448C2844VB119.h5,119.0,0.7310195227765663,0.04999999999663894,late,2
T8,M3,449,119,2848,M3T8R449C2848VB119.h5,119.0,0.7310195227765663,0.033333333331093125,late,2
T8,M3,450,119,2852,M3T8R450C2852VB119.h5,119.0,0.7310195227765663,0.03333333333109163,late,2
T8,M3,451,119,2856,M3T8R451C2856VB119.h5,119.0,0.7310195227765663,0.033333333331093125,late,2
T8,M3,452,119,2878,M3T8R452C2878VB119.h5,119.14285714285714,0.7322590641462595,0.04999999999663894,late,2
T8,M3,453,119,2882,M3T8R453C2882VB119.h5,119.28571428571429,0.7334986055159528,0.06666666666218476,late,2
T8,M3,454,119,2885,M3T8R454C2885VB119.h5,119.42857142857143,0.734738146885646,0.08333333332773057,late,2
T8,M3,455,120,2889,M3T8R455C2889VB120.h5,119.57142857142857,0.7359776882553392,0.08333333332773207,late,2
T8,M3,456,120,2893,M3T8R456C2893VB120.h5,119.71428571428571,0.7372172296250323,0.08333333332773057,late,2
T8,M3,457,120,2897,M3T8R457C2897VB120.h5,119.85714285714286,0.7384567709947256,0.06666666666218476,late,2
T8,M3,458,120,2901,M3T8R458C2901VB120.h5,120.0,0.7396963123644188,0.04999999999663894,late,2
T8,M3,459,120,2905,M3T8R459C2905VB120.h5,120.0,0.7396963123644188,0.033333333331093125,late,2
T8,M3,460,120,2909,M3T8R460C2909VB120.h5,120.0,0.7396963123644188,0.016666666665545816,late,2
T8,M3,461,120,2913,M3T8R461C2913VB120.h5,120.0,0.7396963123644188,0.016666666665545816,late,2
T8,M3,462,120,2916,M3T8R462C2916VB120.h5,120.0,0.7396963123644188,0.033333333331093125,late,2
T8,M3,463,120,2920,M3T8R463C2920VB120.h5,120.14285714285714,0.740935853734112,0.04999999999663894,late,2
T8,M3,464,120,2924,M3T8R464C2924VB120.h5,120.28571428571429,0.7421753951038053,0.06666666666218476,late,2
T8,M3,465,120,2928,M3T8R465C2928VB120.h5,120.42857142857143,0.7434149364734984,0.08333333332773057,late,2
T8,M3,466,121,2948,M3T8R466C2948VB121.h5,120.57142857142857,0.7446544778431916,0.08333333332773207,late,2
T8,M3,467,121,2952,M3T8R467C2952VB121.h5,120.71428571428571,0.7458940192128848,0.08333333332773057,late,2
T8,M3,468,121,2956,M3T8R468C2956VB121.h5,120.85714285714286,0.7471335605825781,0.06666666666218476,late,2
T8,M3,469,121,2960,M3T8R469C2960VB121.h5,121.0,0.7483731019522712,0.06666666666218327,late,2
T8,M3,470,121,2964,M3T8R470C2964VB121.h5,121.0,0.7483731019522712,0.06666666666218625,late,2
T8,M3,471,121,2968,M3T8R471C2968VB121.h5,121.14285714285714,0.7496126433219643,0.06666666666218327,late,2
T8,M3,472,121,2971,M3T8R472C2971VB121.h5,121.28571428571429,0.7508521846916577,0.06666666666218327,late,2
T8,M3,473,121,2975,M3T8R473C2975VB121.h5,121.42857142857143,0.7520917260613508,0.0999999999932764,late,2
T8,M3,474,122,2998,M3T8R474C2998VB122.h5,121.57142857142857,0.753331267431044,0.1166666666588237,late,2
T8,M3,475,122,3002,M3T8R475C3002VB122.h5,121.85714285714286,0.7558103501704304,0.13333333332436803,late,2
T8,M3,476,122,3006,M3T8R476C3006VB122.h5,122.14285714285714,0.7582894329098168,0.14999999998991534,late,2
T8,M3,477,122,3010,M3T8R477C3010VB122.h5,122.42857142857143,0.7607685156492032,0.16666666665546265,late,2
T8,M3,478,123,3014,M3T8R478C3014VB123.h5,122.71428571428571,0.7632475983885896,0.16666666665546265,late,2
T8,M3,479,123,3018,M3T8R479C3018VB123.h5,123.0,0.765726681127976,0.16666666665546265,late,2
T8,M3,480,123,3022,M3T8R480C3022VB123.h5,123.28571428571429,0.7682057638673625,0.16666666665546265,late,2
T8,M3,481,124,3044,M3T8R481C3044VB124.h5,123.57142857142857,0.7706848466067489,0.16666666665546265,late,2
T8,M3,482,124,3047,M3T8R482C3047VB124.h5,123.85714285714286,0.7731639293461353,0.16666666665546265,late,2
T8,M3,483,124,3051,M3T8R483C3051VB124.h5,124.14285714285714,0.7756430120855217,0.14999999998991534,late,2
T8,M3,484,124,3055,M3T8R484C3055VB124.h5,124.42857142857143,0.7781220948249081,0.13333333332436803,late,2
T8,M3,485,125,3059,M3T8R485C3059VB125.h5,124.57142857142857,0.7793616361946013,0.13333333332436803,late,2
T8,M3,486,125,3063,M3T8R486C3063VB125.h5,124.71428571428571,0.7806011775642944,0.13333333332436953,late,2
T8,M3,487,125,3067,M3T8R487C3067VB125.h5,125.0,0.7830802603036808,0.11666666665882221,late,2
T8,M3,488,125,3071,M3T8R488C3071VB125.h5,125.28571428571429,0.7855593430430673,0.11666666665882221,late,2
T8,M3,489,125,3075,M3T8R489C3075VB125.h5,125.42857142857143,0.7867988844127605,0.1166666666588237,late,2
T8,M3,490,126,3078,M3T8R490C3078VB126.h5,125.57142857142857,0.7880384257824536,0.1166666666588237,late,2
T8,M3,491,126,3082,M3T8R491C3082VB126.h5,125.71428571428571,0.7892779671521468,0.1166666666588237,late,2
T8,M3,492,126,3086,M3T8R492C3086VB126.h5,126.0,0.7917570498915333,0.13333333332436953,late,2
T8,M3,493,126,3090,M3T8R493C3090VB126.h5,126.28571428571429,0.7942361326309197,0.1499999999899168,late,2
T8,M3,494,126,3094,M3T8R494C3094VB126.h5,126.57142857142857,0.7967152153703061,0.16666666665546265,late,2
T8,M3,495,127,3114,M3T8R495C3114VB127.h5,126.85714285714286,0.7991942981096926,0.16666666665546265,late,2
T8,M3,496,127,3118,M3T8R496C3118VB127.h5,127.14285714285714,0.8016733808490789,0.16666666665546115,late,2
T8,M3,497,128,3122,M3T8R497C3122VB128.h5,127.42857142857143,0.8041524635884654,0.1499999999899168,late,2
T8,M3,498,128,3126,M3T8R498C3126VB128.h5,127.71428571428571,0.8066315463278517,0.16666666665545965,late,2
T8,M3,499,128,3130,M3T8R499C3130VB128.h5,127.85714285714286,0.807871087697545,0.18333333332100846,late,2
T8,M3,500,128,3134,M3T8R500C3134VB128.h5,128.28571428571428,0.8115897118066244,0.1999999999865528,late,2
T8,M3,501,128,3137,M3T8R501C3137VB128.h5,128.71428571428572,0.8153083359157042,0.2333333333176474,late,2
T8,M3,502,128,3141,M3T8R502C3141VB128.h5,129.14285714285714,0.8190269600247837,0.28333333331428334,late,2
T8,M3,503,130,3164,M3T8R503C3164VB130.h5,129.71428571428572,0.8239851255035566,0.2999999999798336,late,2
T8,M3,504,131,3168,M3T8R504C3168VB131.h5,130.28571428571428,0.8289432909823293,0.3333333333109253,late,2
T8,M3,505,131,3172,M3T8R505C3172VB131.h5,130.85714285714286,0.8339014564611023,0.3666666666420154,late,2
T8,M3,506,132,3176,M3T8R506C3176VB132.h5,131.57142857142858,0.8400991633095684,0.3666666666420154,late,2
T8,M3,507,132,3180,M3T8R507C3180VB132.h5,132.28571428571428,0.8462968701580341,0.38333333330756425,late,2
T8,M3,508,132,3184,M3T8R508C3184VB132.h5,132.85714285714286,0.851255035636807,0.38333333330756125,late,2
T8,M3,509,133,3188,M3T8R509C3188VB133.h5,133.57142857142858,0.8574527424852731,0.38333333330756125,late,2
T8,M3,510,135,3210,M3T8R510C3210VB135.h5,134.14285714285714,0.8624109079640458,0.38333333330756425,late,2
T8,M3,511,135,3213,M3T8R511C3213VB135.h5,134.85714285714286,0.868608614812512,0.38333333330756125,late,2
T8,M3,512,136,3217,M3T8R512C3217VB136.h5,135.57142857142858,0.8748063216609779,0.34999999997646963,late,2
T8,M3,513,136,3221,M3T8R513C3221VB136.h5,136.14285714285714,0.8797644871397506,0.3333333333109238,late,2
T8,M3,514,137,3225,M3T8R514C3225VB137.h5,136.57142857142858,0.8834831112488304,0.2999999999798292,late,2
T8,M3,515,137,3229,M3T8R515C3229VB137.h5,137.0,0.8872017353579099,0.26666666664873906,late,2
T8,M3,516,137,3233,M3T8R516C3233VB137.h5,137.42857142857142,0.8909203594669894,0.2333333333176474,late,2
T8,M3,517,138,3237,M3T8R517C3237VB138.h5,137.85714285714286,0.8946389835760692,0.2333333333176474,late,2
T8,M3,518,138,3241,M3T8R518C3241VB138.h5,138.14285714285714,0.8971180663154555,0.23333333331764589,late,2
T8,M3,519,139,3244,M3T8R519C3244VB139.h5,138.57142857142858,0.9008366904245353,0.24999999998319472,late,2
T8,M3,520,139,3248,M3T8R520C3248VB139.h5,139.0,0.9045553145336147,0.28333333331428334,late,2
T8,M3,521,139,3252,M3T8R521C3252VB139.h5,139.57142857142858,0.9095134800123876,0.31666666664537796,late,2
T8,M3,522,140,3256,M3T8R522C3256VB140.h5,140.28571428571428,0.9157111868608535,0.3333333333109208,late,2
T8,M3,523,140,3260,M3T8R523C3260VB140.h5,140.85714285714286,0.9206693523396264,0.3666666666420154,late,2
T8,M3,524,142,3280,M3T8R524C3280VB142.h5,141.42857142857142,0.9256275178183991,0.3666666666420154,late,2
T8,M3,525,143,3284,M3T8R525C3284VB143.h5,142.14285714285714,0.9318252246668651,0.3666666666420154,late,2
T8,M3,526,143,3288,M3T8R526C3288VB143.h5,142.71428571428572,0.936783390145638,0.34999999997646963,late,2
T8,M3,527,143,3292,M3T8R527C3292VB143.h5,143.42857142857142,0.9429810969941039,0.3333333333109238,late,2
T8,M3,528,144,3296,M3T8R528C3296VB144.h5,143.85714285714286,0.9466997211031837,0.2999999999798336,late,2
T8,M3,529,144,3299,M3T8R529C3299VB144.h5,144.28571428571428,0.9504183452122632,0.2833333333142849,late,2
T8,M3,530,145,3303,M3T8R530C3303VB145.h5,144.71428571428572,0.954136969321343,0.2499999999831962,late,2
T8,M3,531,145,3307,M3T8R531C3307VB145.h5,145.14285714285714,0.9578555934304225,0.24999999998319175,late,2
T8,M3,532,146,3330,M3T8R532C3330VB146.h5,145.57142857142858,0.9615742175395022,0.23333333331764589,late,2
T8,M3,533,146,3334,M3T8R533C3334VB146.h5,146.0,0.9652928416485816,0.21666666665210008,late,2
T8,M3,534,146,3338,M3T8R534C3338VB146.h5,146.28571428571428,0.967771924387968,0.19999999998655427,late,2
T8,M3,535,147,3342,M3T8R535C3342VB147.h5,146.57142857142858,0.9702510071273546,0.18333333332100546,late,2
T8,M3,536,147,3346,M3T8R536C3346VB147.h5,146.85714285714286,0.9727300898667409,0.16666666665546115,late,2
T8,M3,537,147,3350,M3T8R537C3350VB147.h5,147.14285714285714,0.9752091726061273,0.14999999998991834,late,2
T8,M3,538,147,3354,M3T8R538C3354VB147.h5,147.42857142857142,0.9776882553455136,0.13333333332436953,late,2
T8,M3,539,148,3375,M3T8R539C3375VB148.h5,147.57142857142858,0.978927796715207,0.1166666666588237,late,2
T8,M3,540,148,3379,M3T8R540C3379VB148.h5,147.71428571428572,0.9801673380849002,0.09999999999327788,late,2
T8,M3,541,148,3383,M3T8R541C3383VB148.h5,147.85714285714286,0.9814068794545934,0.06666666666218625,late,2
T8,M3,542,148,3387,M3T8R542C3387VB148.h5,148.0,0.9826464208242865,0.04999999999663745,late,2
T8,M3,543,148,3391,M3T8R543C3391VB148.h5,148.0,0.9826464208242865,0.04999999999663745,late,2
T8,M3,544,148,3395,M3T8R544C3395VB148.h5,148.0,0.9826464208242865,0.04999999999663745,late,2
T8,M3,545,148,3399,M3T8R545C3399VB148.h5,148.14285714285714,0.9838859621939797,0.04999999999663745,late,2
T8,M3,546,148,3402,M3T8R546C3402VB148.h5,148.28571428571428,0.9851255035636729,0.06666666666218625,late,2
T8,M3,547,148,3406,M3T8R547C3406VB148.h5,148.42857142857142,0.9863650449333661,0.08333333332773207,late,2
T8,M3,548,149,3410,M3T8R548C3410VB149.h5,148.57142857142858,0.9876045863030595,0.09999999999327788,late,2
T8,M3,549,149,3414,M3T8R549C3414VB149.h5,148.71428571428572,0.9888441276727526,0.11666666665882221,late,2
T8,M3,550,149,3418,M3T8R550C3418VB149.h5,149.0,0.991323210412139,0.11666666665882221,late,2
T8,M3,551,149,3422,M3T8R551C3422VB149.h5,149.28571428571428,0.9938022931515252,0.11666666665882221,late,2
T8,M3,552,149,3426,M3T8R552C3426VB149.h5,149.42857142857142,0.9950418345212184,0.11666666665882221,late,2
T8,M3,553,150,3446,M3T8R553C3446VB150.h5,149.57142857142858,0.9962813758909118,0.0999999999932764,late,2
T8,M3,554,150,3450,M3T8R554C3450VB150.h5,149.71428571428572,0.997520917260605,0.08333333332773207,late,2
T8,M3,555,150,3454,M3T8R555C3454VB150.h5,149.85714285714286,0.9987604586302982,0.06666666666218625,late,2
T8,M3,556,150,3457,M3T8R556C3457VB150.h5,150.0,0.9999999999999913,0.04999999999663745,late,2
T8,M3,557,150,3461,M3T8R557C3461VB150.h5,150.0,0.9999999999999913,0.03333333333109163,late,2
T8,M3,558,150,3465,M3T8R558C3465VB150.h5,150.0,0.9999999999999913,0.016666666665545816,late,2
T8,M3,559,150,3469,M3T8R559C3469VB150.h5,150.0,0.9999999999999913,0.0,late,2
T8,M3,560,150,3473,M3T8R560C3473VB150.h5,150.0,0.9999999999999913,0.0,late,2
T9,M3,1,3,12,M3T9R1C12VB3.h5,4.0,0.0,0.18696581194627485,early,0
T9,M3,2,4,15,M3T9R2C15VB4.h5,4.4,0.002576489533011258,0.2163461538235467,early,0
T9,M3,3,4,19,M3T9R3C19VB4.h5,4.833333333333333,0.005367686527106781,0.3653846153464344,early,0
T9,M3,4,5,23,M3T9R4C23VB5.h5,5.285714285714286,0.00828157349896475,0.5576923076340313,early,0
T9,M3,5,6,27,M3T9R5C27VB6.h5,6.714285714285714,0.017483321831147806,0.7153846153098607,early,0
T9,M3,6,7,31,M3T9R6C31VB7.h5,8.142857142857142,0.026685070163330857,0.8685897434989802,early,0
T9,M3,7,8,35,M3T9R7C35VB8.h5,9.714285714285714,0.03680699332873222,0.9999999998955048,early,0
T9,M3,8,13,56,M3T9R8C56VB13.h5,11.285714285714286,0.04692891649413359,0.9999999998955048,early,0
T9,M3,9,14,60,M3T9R9C60VB14.h5,12.714285714285714,0.05613066482631664,0.9999999998955048,early,0
T9,M3,10,15,64,M3T9R10C64VB15.h5,14.142857142857142,0.06533241315849969,0.903846153751706,early,0
T9,M3,11,16,68,M3T9R11C68VB16.h5,15.571428571428571,0.07453416149068275,0.8076923076079074,early,0
T9,M3,12,16,71,M3T9R12C71VB16.h5,16.428571428571427,0.08005521048999258,0.7307692306928688,early,0
T9,M3,13,17,75,M3T9R13C75VB17.h5,17.285714285714285,0.0855762594893024,0.65384615377783,early,0
T9,M3,14,18,79,M3T9R14C79VB18.h5,18.142857142857142,0.09109730848861225,0.5961538460915509,early,0
T9,M3,15,19,83,M3T9R15C83VB19.h5,19.0,0.09661835748792208,0.6153846153203106,early,0
T9,M3,16,20,87,M3T9R16C87VB20.h5,20.0,0.10305958132045022,0.615384615320311,early,0
T9,M3,17,21,91,M3T9R17C91VB21.h5,21.0,0.10950080515297836,0.6923076922353492,early,0
T9,M3,18,22,94,M3T9R18C94VB22.h5,21.857142857142858,0.1150218541522882,0.7692307691503887,early,0
T9,M3,19,23,98,M3T9R19C98VB23.h5,23.285714285714285,0.12422360248447124,0.8269230768366674,early,0
T9,M3,20,24,102,M3T9R20C102VB24.h5,24.714285714285715,0.13342535081665433,0.8846153845229469,early,0
T9,M3,21,24,106,M3T9R21C106VB24.h5,26.142857142857142,0.14262709914883737,0.9615384614379852,early,0
T9,M3,22,29,126,M3T9R22C126VB29.h5,27.571428571428573,0.15182884748102043,0.9615384614379852,early,0
T9,M3,23,30,130,M3T9R23C130VB30.h5,29.0,0.16103059581320348,0.9615384614379847,early,0
T9,M3,24,31,134,M3T9R24C134VB31.h5,30.428571428571427,0.17023234414538652,0.8846153845229469,early,0
T9,M3,25,32,138,M3T9R25C138VB32.h5,31.857142857142858,0.17943409247756958,0.8461538460654262,early,0
T9,M3,26,33,142,M3T9R26C142VB33.h5,32.714285714285715,0.18495514147687944,0.7884615383791476,early,0
T9,M3,27,34,145,M3T9R27C145VB34.h5,33.857142857142854,0.19231654014262584,0.7115384614641096,early,0
T9,M3,28,34,149,M3T9R28C149VB34.h5,34.857142857142854,0.198757763975154,0.615384615320311,early,0
T9,M3,29,35,153,M3T9R29C153VB35.h5,35.714285714285715,0.20427881297446385,0.5769230768627908,early,0
T9,M3,30,38,176,M3T9R30C176VB38.h5,36.42857142857143,0.20887968714055538,0.49999999994775274,early,0
T9,M3,31,38,180,M3T9R31C180VB38.h5,37.0,0.2125603864734286,0.4230769230327136,early,0
T9,M3,32,38,184,M3T9R32C184VB38.h5,37.57142857142857,0.2162410858063018,0.326923076888915,early,0
T9,M3,33,38,188,M3T9R33C188VB38.h5,38.0,0.21900161030595672,0.24999999997387584,early,0
T9,M3,34,38,192,M3T9R34C192VB38.h5,38.142857142857146,0.21992178513917504,0.1923076922875973,early,0
T9,M3,35,38,195,M3T9R35C195VB38.h5,38.285714285714285,0.22084195997239334,0.13461538460131764,early,0
T9,M3,36,38,199,M3T9R36C199VB38.h5,38.42857142857143,0.22176213480561166,0.09615384614379865,early,0
T9,M3,37,39,221,M3T9R37C221VB39.h5,38.57142857142857,0.22268230963882993,0.09615384614379807,early,0
T9,M3,38,39,224,M3T9R38C224VB39.h5,38.714285714285715,0.22360248447204825,0.11538461537255873,early,0
T9,M3,39,39,228,M3T9R39C228VB39.h5,38.857142857142854,0.22452265930526655,0.11538461537255756,early,0
T9,M3,40,39,232,M3T9R40C232VB39.h5,39.142857142857146,0.2263630089717032,0.11538461537255873,early,0
T9,M3,41,39,236,M3T9R41C236VB39.h5,39.285714285714285,0.22728318380492146,0.11538461537255816,early,0
T9,M3,42,39,240,M3T9R42C240VB39.h5,39.42857142857143,0.22820335863813979,0.11538461537255873,early,0
T9,M3,43,40,244,M3T9R43C244VB40.h5,39.57142857142857,0.22912353347135808,0.0961538461437975,early,0
T9,M3,44,40,248,M3T9R44C248VB40.h5,39.714285714285715,0.2300437083045764,0.09615384614379865,early,0
T9,M3,45,40,251,M3T9R45C251VB40.h5,39.857142857142854,0.23096388313779467,0.07692307691503858,early,0
T9,M3,46,40,255,M3T9R46C255VB40.h5,40.0,0.231884057971013,0.07692307691503915,early,0
T9,M3,47,40,259,M3T9R47C259VB40.h5,40.0,0.231884057971013,0.07692307691503858,early,0
T9,M3,48,40,263,M3T9R48C263VB40.h5,40.142857142857146,0.23280423280423132,0.07692307691503973,early,0
T9,M3,49,40,267,M3T9R49C267VB40.h5,40.285714285714285,0.23372440763744962,0.07692307691503858,early,0
T9,M3,50,40,271,M3T9R50C271VB40.h5,40.42857142857143,0.23464458247066794,0.11538461537255816,early,0
T9,M3,51,41,291,M3T9R51C291VB41.h5,40.57142857142857,0.2355647573038862,0.13461538460131822,early,0
T9,M3,52,41,295,M3T9R52C295VB41.h5,40.857142857142854,0.23740510697032283,0.15384615383007774,early,0
T9,M3,53,41,298,M3T9R53C298VB41.h5,41.142857142857146,0.23924545663675947,0.15384615383007716,early,0
T9,M3,54,41,302,M3T9R54C302VB41.h5,41.42857142857143,0.24108580630319607,0.17307692305883723,early,0
T9,M3,55,42,306,M3T9R55C306VB42.h5,41.57142857142857,0.24200598113641436,0.17307692305883782,early,0
T9,M3,56,42,310,M3T9R56C310VB42.h5,41.857142857142854,0.24384633080285095,0.17307692305883723,early,0
T9,M3,57,42,314,M3T9R57C314VB42.h5,42.142857142857146,0.2456866804692876,0.15384615383007716,early,0
T9,M3,58,42,318,M3T9R58C318VB42.h5,42.42857142857143,0.24752703013572422,0.17307692305883723,early,0
T9,M3,59,43,341,M3T9R59C341VB43.h5,42.57142857142857,0.2484472049689425,0.17307692305883837,early,0
T9,M3,60,43,345,M3T9R60C345VB43.h5,42.857142857142854,0.2502875546353791,0.17307692305883723,early,0
T9,M3,61,43,348,M3T9R61C348VB43.h5,43.142857142857146,0.25212790430181575,0.17307692305883665,early,0
T9,M3,62,43,352,M3T9R62C352VB43.h5,43.42857142857143,0.25396825396825234,0.1923076922875979,early,0
T9,M3,63,44,356,M3T9R63C356VB44.h5,43.714285714285715,0.25580860363468894,0.1923076922875973,early,0
T9,M3,64,44,360,M3T9R64C360VB44.h5,44.0,0.2576489533011256,0.21153846151635622,early,0
T9,M3,65,44,364,M3T9R65C364VB44.h5,44.285714285714285,0.2594893029675622,0.21153846151635622,early,0
T9,M3,66,45,385,M3T9R66C385VB45.h5,44.714285714285715,0.2622498274672171,0.2115384615163574,early,0
T9,M3,67,45,389,M3T9R67C389VB45.h5,45.0,0.2640901771336537,0.21153846151635622,early,0
T9,M3,68,45,393,M3T9R68C393VB45.h5,45.285714285714285,0.2659305268000903,0.1923076922875973,early,0
T9,M3,69,46,397,M3T9R69C397VB46.h5,45.57142857142857,0.2677708764665269,0.17307692305883723,early,0
T9,M3,70,46,401,M3T9R70C401VB46.h5,45.714285714285715,0.26869105129974524,0.17307692305883723,early,0
T9,M3,71,46,405,M3T9R71C405VB46.h5,46.0,0.27053140096618183,0.15384615383007716,early,0
T9,M3,72,46,408,M3T9R72C408VB46.h5,46.285714285714285,0.2723717506326184,0.13461538460131822,early,0
T9,M3,73,46,412,M3T9R73C412VB46.h5,46.42857142857143,0.27329192546583675,0.13461538460131822,early,0
T9,M3,74,47,416,M3T9R74C416VB47.h5,46.57142857142857,0.2742121002990551,0.11538461537255816,early,0
T9,M3,75,47,420,M3T9R75C420VB47.h5,46.714285714285715,0.2751322751322734,0.11538461537255931,early,0
T9,M3,76,47,424,M3T9R76C424VB47.h5,46.857142857142854,0.27605244996549166,0.13461538460131822,early,0
T9,M3,77,47,428,M3T9R77C428VB47.h5,47.142857142857146,0.2778927996319283,0.15384615383007716,early,0
T9,M3,78,47,432,M3T9R78C432VB47.h5,47.42857142857143,0.2797331492983649,0.17307692305883723,early,0
T9,M3,79,47,435,M3T9R79C435VB47.h5,47.714285714285715,0.2815734989648015,0.1923076922875973,early,0
T9,M3,80,48,456,M3T9R80C456VB48.h5,48.0,0.28341384863123814,0.19230769228759614,early,0
T9,M3,81,49,459,M3T9R81C459VB49.h5,48.285714285714285,0.28525419829767473,0.21153846151635622,early,0
T9,M3,82,49,463,M3T9R82C463VB49.h5,48.57142857142857,0.2870945479641113,0.2115384615163574,early,0
T9,M3,83,49,467,M3T9R83C467VB49.h5,49.0,0.28985507246376624,0.1923076922875973,early,0
T9,M3,84,49,471,M3T9R84C471VB49.h5,49.285714285714285,0.2916954221302029,0.17307692305883723,early,0
T9,M3,85,49,475,M3T9R85C475VB49.h5,49.42857142857143,0.2926155969634212,0.1538461538300783,early,0
T9,M3,86,50,479,M3T9R86C479VB50.h5,49.57142857142857,0.2935357717966395,0.11538461537255816,early,0
T9,M3,87,50,482,M3T9R87C482VB50.h5,49.714285714285715,0.2944559466298578,0.11538461537255816,early,0
T9,M3,88,50,506,M3T9R88C506VB50.h5,49.857142857142854,0.29537612146307607,0.11538461537255701,early,0
T9,M3,89,50,509,M3T9R89C509VB50.h5,50.142857142857146,0.2972164711295127,0.11538461537255816,early,0
T9,M3,90,50,513,M3T9R90C513VB50.h5,50.285714285714285,0.298136645962731,0.11538461537255816,early,0
T9,M3,91,50,517,M3T9R91C517VB50.h5,50.42857142857143,0.2990568207959493,0.11538461537255931,early,0
T9,M3,92,51,521,M3T9R92C521VB51.h5,50.57142857142857,0.29997699562916763,0.09615384614379807,early,0
T9,M3,93,51,525,M3T9R93C525VB51.h5,50.714285714285715,0.30089717046238595,0.09615384614379924,early,0
T9,M3,94,51,529,M3T9R94C529VB51.h5,50.857142857142854,0.3018173452956042,0.07692307691503915,early,0
T9,M3,95,51,550,M3T9R95C550VB51.h5,51.0,0.30273752012882255,0.05769230768627908,early,0
T9,M3,96,51,554,M3T9R96C554VB51.h5,51.0,0.30273752012882255,0.038461538457519,early,0
T9,M3,97,51,558,M3T9R97C558VB51.h5,51.0,0.30273752012882255,0.019230769228760082,early,0
T9,M3,98,51,562,M3T9R98C562VB51.h5,51.0,0.30273752012882255,0.0,early,0
T9,M3,99,51,565,M3T9R99C565VB51.h5,51.0,0.30273752012882255,0.0,early,0
T9,M3,100,51,569,M3T9R100C569VB51.h5,51.0,0.30273752012882255,0.0,early,0
T9,M3,101,51,573,M3T9R101C573VB51.h5,51.0,0.30273752012882255,0.0,early,0
T9,M3,102,51,577,M3T9R102C577VB51.h5,51.0,0.30273752012882255,0.0,early,0
T9,M3,103,51,581,M3T9R103C581VB51.h5,51.0,0.30273752012882255,0.019230769228760082,early,0
T9,M3,104,51,585,M3T9R104C585VB51.h5,51.0,0.30273752012882255,0.038461538457519,early,0
T9,M3,105,51,589,M3T9R105C589VB51.h5,51.142857142857146,0.30365769496204087,0.05769230768627908,early,0
T9,M3,106,51,592,M3T9R106C592VB51.h5,51.285714285714285,0.30457786979525914,0.076923076915038,early,0
T9,M3,107,51,596,M3T9R107C596VB51.h5,51.42857142857143,0.30549804462847746,0.09615384614379807,early,0
T9,M3,108,52,600,M3T9R108C600VB52.h5,51.57142857142857,0.30641821946169573,0.09615384614379807,early,0
T9,M3,109,52,620,M3T9R109C620VB52.h5,51.714285714285715,0.30733839429491405,0.09615384614379924,early,0
T9,M3,110,52,624,M3T9R110C624VB52.h5,51.857142857142854,0.3082585691281324,0.07692307691503915,early,0
T9,M3,111,52,628,M3T9R111C628VB52.h5,52.0,0.3091787439613507,0.05769230768628023,early,0
T9,M3,112,52,632,M3T9R112C632VB52.h5,52.0,0.3091787439613507,0.038461538457520164,early,0
T9,M3,113,52,636,M3T9R113C636VB52.h5,52.0,0.3091787439613507,0.038461538457520164,early,0
T9,M3,114,52,639,M3T9R114C639VB52.h5,52.0,0.3091787439613507,0.038461538457519,early,0
T9,M3,115,52,643,M3T9R115C643VB52.h5,52.142857142857146,0.310098918794569,0.05769230768627908,early,0
T9,M3,116,52,647,M3T9R116C647VB52.h5,52.285714285714285,0.3110190936277873,0.076923076915038,early,0
T9,M3,117,52,670,M3T9R117C670VB52.h5,52.42857142857143,0.3119392684610056,0.09615384614379807,early,0
T9,M3,118,53,674,M3T9R118C674VB53.h5,52.57142857142857,0.3128594432942239,0.09615384614379692,early,0
T9,M3,119,53,678,M3T9R119C678VB53.h5,52.714285714285715,0.3137796181274422,0.09615384614379807,early,0
T9,M3,120,53,682,M3T9R120C682VB53.h5,52.857142857142854,0.3146997929606605,0.076923076915038,early,0
T9,M3,121,53,686,M3T9R121C686VB53.h5,53.0,0.3156199677938788,0.05769230768627908,early,0
T9,M3,122,53,689,M3T9R122C689VB53.h5,53.0,0.3156199677938788,0.038461538457519,early,0
T9,M3,123,53,693,M3T9R123C693VB53.h5,53.0,0.3156199677938788,0.019230769228760082,early,0
T9,M3,124,53,715,M3T9R124C715VB53.h5,53.0,0.3156199677938788,0.0,early,0
T9,M3,125,53,719,M3T9R125C719VB53.h5,53.0,0.3156199677938788,0.0,early,0
T9,M3,126,53,722,M3T9R126C722VB53.h5,53.0,0.3156199677938788,0.0,early,0
T9,M3,127,53,726,M3T9R127C726VB53.h5,53.0,0.3156199677938788,0.0,early,0
T9,M3,128,53,730,M3T9R128C730VB53.h5,53.0,0.3156199677938788,0.0,early,0
T9,M3,129,53,734,M3T9R129C734VB53.h5,53.0,0.3156199677938788,0.019230769228760082,early,0
T9,M3,130,53,738,M3T9R130C738VB53.h5,53.0,0.3156199677938788,0.038461538457520164,early,0
T9,M3,131,53,742,M3T9R131C742VB53.h5,53.142857142857146,0.3165401426270971,0.05769230768628023,early,0
T9,M3,132,53,745,M3T9R132C745VB53.h5,53.285714285714285,0.31746031746031544,0.07692307691503915,early,0
T9,M3,133,53,749,M3T9R133C749VB53.h5,53.42857142857143,0.31838049229353377,0.09615384614379924,early,0
T9,M3,134,54,753,M3T9R134C753VB54.h5,53.57142857142857,0.31930066712675204,0.09615384614379807,early,0
T9,M3,135,54,757,M3T9R135C757VB54.h5,53.714285714285715,0.32022084195997036,0.09615384614379807,early,0
T9,M3,136,54,761,M3T9R136C761VB54.h5,53.857142857142854,0.3211410167931886,0.076923076915038,early,0
T9,M3,137,54,765,M3T9R137C765VB54.h5,54.0,0.32206119162640695,0.05769230768627908,early,0
T9,M3,138,54,785,M3T9R138C785VB54.h5,54.0,0.32206119162640695,0.038461538457519,early,0
T9,M3,139,54,789,M3T9R139C789VB54.h5,54.0,0.32206119162640695,0.019230769228760082,early,0
T9,M3,140,54,792,M3T9R140C792VB54.h5,54.0,0.32206119162640695,0.0,early,0
T9,M3,141,54,796,M3T9R141C796VB54.h5,54.0,0.32206119162640695,0.019230769228760082,early,0
T9,M3,142,54,800,M3T9R142C800VB54.h5,54.0,0.32206119162640695,0.038461538457519,early,0
T9,M3,143,54,804,M3T9R143C804VB54.h5,54.142857142857146,0.3229813664596253,0.05769230768627908,early,0
T9,M3,144,54,808,M3T9R144C808VB54.h5,54.285714285714285,0.32390154129284354,0.07692307691503915,early,0
T9,M3,145,54,812,M3T9R145C812VB54.h5,54.42857142857143,0.32482171612606187,0.09615384614379924,early,0
T9,M3,146,55,835,M3T9R146C835VB55.h5,54.57142857142857,0.3257418909592802,0.09615384614379807,early,0
T9,M3,147,55,839,M3T9R147C839VB55.h5,54.714285714285715,0.3266620657924985,0.09615384614379924,early,0
T9,M3,148,55,842,M3T9R148C842VB55.h5,54.857142857142854,0.3275822406257168,0.09615384614379924,early,0
T9,M3,149,55,846,M3T9R149C846VB55.h5,55.0,0.3285024154589351,0.09615384614379807,early,0
T9,M3,150,55,850,M3T9R150C850VB55.h5,55.142857142857146,0.3294225902921534,0.09615384614379807,early,0
T9,M3,151,55,854,M3T9R151C854VB55.h5,55.285714285714285,0.3303427651253717,0.09615384614379807,early,0
T9,M3,152,55,858,M3T9R152C858VB55.h5,55.42857142857143,0.33126293995859,0.09615384614379807,early,0
T9,M3,153,56,879,M3T9R153C879VB56.h5,55.57142857142857,0.3321831147918083,0.11538461537255816,early,0
T9,M3,154,56,883,M3T9R154C883VB56.h5,55.714285714285715,0.3331032896250266,0.13461538460131822,early,0
T9,M3,155,56,887,M3T9R155C887VB56.h5,56.0,0.33494363929146326,0.13461538460131822,early,0
T9,M3,156,56,891,M3T9R156C891VB56.h5,56.285714285714285,0.33678398895789985,0.13461538460131822,early,0
T9,M3,157,56,895,M3T9R157C895VB56.h5,56.42857142857143,0.3377041637911182,0.13461538460131822,early,0
T9,M3,158,57,899,M3T9R158C899VB57.h5,56.57142857142857,0.33862433862433644,0.11538461537255701,early,0
T9,M3,159,57,902,M3T9R159C902VB57.h5,56.714285714285715,0.33954451345755476,0.09615384614379807,early,0
T9,M3,160,57,906,M3T9R160C906VB57.h5,56.857142857142854,0.34046468829077303,0.076923076915038,early,0
T9,M3,161,57,910,M3T9R161C910VB57.h5,57.0,0.34138486312399136,0.05769230768627908,early,0
T9,M3,162,57,914,M3T9R162C914VB57.h5,57.0,0.34138486312399136,0.05769230768627908,early,0
T9,M3,163,57,918,M3T9R163C918VB57.h5,57.0,0.34138486312399136,0.05769230768628023,early,0
T9,M3,164,57,922,M3T9R164C922VB57.h5,57.142857142857146,0.3423050379572097,0.05769230768628023,early,0
T9,M3,165,57,925,M3T9R165C925VB57.h5,57.285714285714285,0.343225212790428,0.07692307691503915,early,0
T9,M3,166,57,929,M3T9R166C929VB57.h5,57.42857142857143,0.3441453876236463,0.09615384614379924,early,0
T9,M3,167,58,950,M3T9R167C950VB58.h5,57.57142857142857,0.3450655624568646,0.09615384614379807,early,0
T9,M3,168,58,954,M3T9R168C954VB58.h5,57.714285714285715,0.3459857372900829,0.09615384614379807,early,0
T9,M3,169,58,957,M3T9R169C957VB58.h5,57.857142857142854,0.3469059121233012,0.09615384614379807,early,0
T9,M3,170,58,961,M3T9R170C961VB58.h5,58.0,0.3478260869565195,0.09615384614379807,early,0
T9,M3,171,58,965,M3T9R171C965VB58.h5,58.142857142857146,0.34874626178973783,0.09615384614379807,early,0
T9,M3,172,58,969,M3T9R172C969VB58.h5,58.285714285714285,0.3496664366229561,0.09615384614379807,early,0
T9,M3,173,58,973,M3T9R173C973VB58.h5,58.42857142857143,0.3505866114561744,0.09615384614379924,early,0
T9,M3,174,59,977,M3T9R174C977VB59.h5,58.57142857142857,0.3515067862893927,0.11538461537255816,early,0
T9,M3,175,59,1000,M3T9R175C1000VB59.h5,58.714285714285715,0.35242696112261107,0.13461538460131822,early,0
T9,M3,176,59,1003,M3T9R176C1003VB59.h5,59.0,0.35426731078904766,0.13461538460131822,early,0
T9,M3,177,59,1007,M3T9R177C1007VB59.h5,59.285714285714285,0.35610766045548425,0.13461538460131822,early,0
T9,M3,178,59,1011,M3T9R178C1011VB59.h5,59.42857142857143,0.3570278352887026,0.13461538460131708,early,0
T9,M3,179,60,1015,M3T9R179C1015VB60.h5,59.57142857142857,0.35794801012192085,0.13461538460131822,early,0
T9,M3,180,60,1019,M3T9R180C1019VB60.h5,59.714285714285715,0.35886818495513917,0.13461538460131822,early,0
T9,M3,181,60,1023,M3T9R181C1023VB60.h5,60.0,0.3607085346215758,0.13461538460131822,early,0
T9,M3,182,60,1044,M3T9R182C1044VB60.h5,60.285714285714285,0.3625488842880124,0.13461538460131822,early,0
T9,M3,183,60,1048,M3T9R183C1048VB60.h5,60.42857142857143,0.36346905912123073,0.13461538460131822,early,0
T9,M3,184,61,1052,M3T9R184C1052VB61.h5,60.57142857142857,0.364389233954449,0.11538461537255701,middle,1
T9,M3,185,61,1056,M3T9R185C1056VB61.h5,60.714285714285715,0.3653094087876673,0.09615384614379807,middle,1
T9,M3,186,61,1060,M3T9R186C1060VB61.h5,60.857142857142854,0.3662295836208856,0.076923076915038,middle,1
T9,M3,187,61,1064,M3T9R187C1064VB61.h5,61.0,0.3671497584541039,0.05769230768627908,middle,1
T9,M3,188,61,1067,M3T9R188C1067VB61.h5,61.0,0.3671497584541039,0.038461538457519,middle,1
T9,M3,189,61,1071,M3T9R189C1071VB61.h5,61.0,0.3671497584541039,0.038461538457520164,middle,1
T9,M3,190,61,1075,M3T9R190C1075VB61.h5,61.0,0.3671497584541039,0.038461538457519,middle,1
T9,M3,191,61,1079,M3T9R191C1079VB61.h5,61.142857142857146,0.36806993328732224,0.05769230768628023,middle,1
T9,M3,192,61,1083,M3T9R192C1083VB61.h5,61.285714285714285,0.3689901081205405,0.07692307691503915,middle,1
T9,M3,193,61,1087,M3T9R193C1087VB61.h5,61.42857142857143,0.3699102829537589,0.09615384614379924,middle,1
T9,M3,194,62,1090,M3T9R194C1090VB62.h5,61.57142857142857,0.37083045778697715,0.11538461537255816,middle,1
T9,M3,195,62,1094,M3T9R195C1094VB62.h5,61.714285714285715,0.3717506326201955,0.13461538460131822,middle,1
T9,M3,196,62,1114,M3T9R196C1114VB62.h5,62.0,0.37359098228663207,0.13461538460131708,middle,1
T9,M3,197,62,1118,M3T9R197C1118VB62.h5,62.285714285714285,0.37543133195306866,0.13461538460131708,middle,1
T9,M3,198,62,1122,M3T9R198C1122VB62.h5,62.42857142857143,0.376351506786287,0.13461538460131708,middle,1
T9,M3,199,63,1126,M3T9R199C1126VB63.h5,62.57142857142857,0.37727168161950525,0.11538461537255816,middle,1
T9,M3,200,63,1130,M3T9R200C1130VB63.h5,62.714285714285715,0.3781918564527236,0.09615384614379924,middle,1
T9,M3,201,63,1134,M3T9R201C1134VB63.h5,62.857142857142854,0.3791120312859419,0.07692307691503915,middle,1
T9,M3,202,63,1138,M3T9R202C1138VB63.h5,63.0,0.3800322061191602,0.05769230768628023,middle,1
T9,M3,203,63,1141,M3T9R203C1141VB63.h5,63.0,0.3800322061191602,0.038461538457520164,middle,1
T9,M3,204,63,1164,M3T9R204C1164VB63.h5,63.0,0.3800322061191602,0.038461538457520164,middle,1
T9,M3,205,63,1168,M3T9R205C1168VB63.h5,63.0,0.3800322061191602,0.038461538457519,middle,1
T9,M3,206,63,1172,M3T9R206C1172VB63.h5,63.142857142857146,0.38095238095237854,0.05769230768627908,middle,1
T9,M3,207,63,1176,M3T9R207C1176VB63.h5,63.285714285714285,0.3818725557855968,0.076923076915038,middle,1
T9,M3,208,63,1180,M3T9R208C1180VB63.h5,63.42857142857143,0.38279273061881514,0.09615384614379807,middle,1
T9,M3,209,64,1184,M3T9R209C1184VB64.h5,63.57142857142857,0.3837129054520334,0.09615384614379692,middle,1
T9,M3,210,64,1187,M3T9R210C1187VB64.h5,63.714285714285715,0.3846330802852517,0.09615384614379807,middle,1
T9,M3,211,64,1209,M3T9R211C1209VB64.h5,63.857142857142854,0.38555325511847,0.076923076915038,middle,1
T9,M3,212,64,1213,M3T9R212C1213VB64.h5,64.0,0.3864734299516883,0.05769230768627908,middle,1
T9,M3,213,64,1217,M3T9R213C1217VB64.h5,64.0,0.3864734299516883,0.038461538457519,middle,1
T9,M3,214,64,1221,M3T9R214C1221VB64.h5,64.0,0.3864734299516883,0.019230769228760082,middle,1
T9,M3,215,64,1225,M3T9R215C1225VB64.h5,64.0,0.3864734299516883,0.0,middle,1
T9,M3,216,64,1228,M3T9R216C1228VB64.h5,64.0,0.3864734299516883,0.0,middle,1
T9,M3,217,64,1232,M3T9R217C1232VB64.h5,64.0,0.3864734299516883,0.0,middle,1
T9,M3,218,64,1236,M3T9R218C1236VB64.h5,64.0,0.3864734299516883,0.0,middle,1
T9,M3,219,64,1240,M3T9R219C1240VB64.h5,64.0,0.3864734299516883,0.0,middle,1
T9,M3,220,64,1244,M3T9R220C1244VB64.h5,64.0,0.3864734299516883,0.019230769228760082,middle,1
T9,M3,221,64,1248,M3T9R221C1248VB64.h5,64.0,0.3864734299516883,0.038461538457521316,middle,1
T9,M3,222,64,1251,M3T9R222C1251VB64.h5,64.14285714285714,0.38739360478490664,0.05769230768628023,middle,1
T9,M3,223,64,1255,M3T9R223C1255VB64.h5,64.28571428571429,0.388313779618125,0.07692307691503915,middle,1
T9,M3,224,64,1259,M3T9R224C1259VB64.h5,64.42857142857143,0.3892339544513433,0.09615384614379807,middle,1
T9,M3,225,65,1279,M3T9R225C1279VB65.h5,64.57142857142857,0.39015412928456156,0.09615384614379924,middle,1
T9,M3,226,65,1283,M3T9R226C1283VB65.h5,64.71428571428571,0.3910743041177798,0.09615384614379692,middle,1
T9,M3,227,65,1287,M3T9R227C1287VB65.h5,64.85714285714286,0.3919944789509982,0.076923076915038,middle,1
T9,M3,228,65,1291,M3T9R228C1291VB65.h5,65.0,0.39291465378421647,0.05769230768627908,middle,1
T9,M3,229,65,1295,M3T9R229C1295VB65.h5,65.0,0.39291465378421647,0.038461538457520164,middle,1
T9,M3,230,65,1299,M3T9R230C1299VB65.h5,65.0,0.39291465378421647,0.01923076922875892,middle,1
T9,M3,231,65,1302,M3T9R231C1302VB65.h5,65.0,0.39291465378421647,0.0,middle,1
T9,M3,232,65,1306,M3T9R232C1306VB65.h5,65.0,0.39291465378421647,0.01923076922875892,middle,1
T9,M3,233,65,1329,M3T9R233C1329VB65.h5,65.0,0.39291465378421647,0.038461538457520164,middle,1
T9,M3,234,65,1333,M3T9R234C1333VB65.h5,65.14285714285714,0.39383482861743474,0.05769230768627908,middle,1
T9,M3,235,65,1337,M3T9R235C1337VB65.h5,65.28571428571429,0.3947550034506531,0.07692307691503915,middle,1
T9,M3,236,65,1341,M3T9R236C1341VB65.h5,65.42857142857143,0.3956751782838714,0.09615384614379807,middle,1
T9,M3,237,66,1345,M3T9R237C1345VB66.h5,65.57142857142857,0.3965953531170897,0.0961538461438004,middle,1
T9,M3,238,66,1349,M3T9R238C1349VB66.h5,65.71428571428571,0.397515527950308,0.09615384614379807,middle,1
T9,M3,239,66,1352,M3T9R239C1352VB66.h5,65.85714285714286,0.39843570278352636,0.07692307691503915,middle,1
T9,M3,240,66,1374,M3T9R240C1374VB66.h5,66.0,0.3993558776167446,0.05769230768627908,middle,1
T9,M3,241,66,1378,M3T9R241C1378VB66.h5,66.0,0.3993558776167446,0.038461538457520164,middle,1
T9,M3,242,66,1382,M3T9R242C1382VB66.h5,66.0,0.3993558776167446,0.01923076922875892,middle,1
T9,M3,243,66,1386,M3T9R243C1386VB66.h5,66.0,0.3993558776167446,0.0,middle,1
T9,M3,244,66,1389,M3T9R244C1389VB66.h5,66.0,0.3993558776167446,0.0,middle,1
T9,M3,245,66,1393,M3T9R245C1393VB66.h5,66.0,0.3993558776167446,0.0,middle,1
T9,M3,246,66,1397,M3T9R246C1397VB66.h5,66.0,0.3993558776167446,0.0,middle,1
T9,M3,247,66,1401,M3T9R247C1401VB66.h5,66.0,0.3993558776167446,0.0,middle,1
T9,M3,248,66,1405,M3T9R248C1405VB66.h5,66.0,0.3993558776167446,0.0,middle,1
T9,M3,249,66,1409,M3T9R249C1409VB66.h5,66.0,0.3993558776167446,0.01923076922875892,middle,1
T9,M3,250,66,1412,M3T9R250C1412VB66.h5,66.0,0.3993558776167446,0.038461538457520164,middle,1
T9,M3,251,66,1416,M3T9R251C1416VB66.h5,66.14285714285714,0.4002760524499629,0.05769230768627908,middle,1
T9,M3,252,66,1420,M3T9R252C1420VB66.h5,66.28571428571429,0.4011962272831813,0.076923076915038,middle,1
T9,M3,253,66,1424,M3T9R253C1424VB66.h5,66.42857142857143,0.40211640211639954,0.09615384614379807,middle,1
T9,M3,254,67,1444,M3T9R254C1444VB67.h5,66.57142857142857,0.4030365769496178,0.09615384614379924,middle,1
T9,M3,255,67,1448,M3T9R255C1448VB67.h5,66.71428571428571,0.40395675178283613,0.09615384614379807,middle,1
T9,M3,256,67,1452,M3T9R256C1452VB67.h5,66.85714285714286,0.40487692661605446,0.07692307691503915,middle,1
T9,M3,257,67,1456,M3T9R257C1456VB67.h5,67.0,0.4057971014492728,0.07692307691503915,middle,1
T9,M3,258,67,1460,M3T9R258C1460VB67.h5,67.0,0.4057971014492728,0.07692307691504033,middle,1
T9,M3,259,67,1463,M3T9R259C1463VB67.h5,67.14285714285714,0.40671727628249105,0.07692307691503915,middle,1
T9,M3,260,67,1467,M3T9R260C1467VB67.h5,67.28571428571429,0.4076374511157094,0.076923076915038,middle,1
T9,M3,261,67,1471,M3T9R261C1471VB67.h5,67.42857142857143,0.4085576259489277,0.09615384614379692,middle,1
T9,M3,262,68,1494,M3T9R262C1494VB68.h5,67.57142857142857,0.40947780078214596,0.09615384614379924,middle,1
T9,M3,263,68,1498,M3T9R263C1498VB68.h5,67.71428571428571,0.41039797561536423,0.09615384614379692,middle,1
T9,M3,264,68,1502,M3T9R264C1502VB68.h5,67.85714285714286,0.4113181504485826,0.09615384614379807,middle,1
T9,M3,265,68,1506,M3T9R265C1506VB68.h5,68.0,0.4122383252818009,0.09615384614379924,middle,1
T9,M3,266,68,1509,M3T9R266C1509VB68.h5,68.14285714285714,0.4131585001150192,0.0961538461438004,middle,1
T9,M3,267,68,1513,M3T9R267C1513VB68.h5,68.28571428571429,0.4140786749482375,0.09615384614379807,middle,1
T9,M3,268,68,1517,M3T9R268C1517VB68.h5,68.42857142857143,0.41499884978145585,0.09615384614379807,middle,1
T9,M3,269,69,1539,M3T9R269C1539VB69.h5,68.57142857142857,0.4159190246146741,0.09615384614379924,middle,1
T9,M3,270,69,1542,M3T9R270C1542VB69.h5,68.71428571428571,0.4168391994478924,0.09615384614379807,middle,1
T9,M3,271,69,1546,M3T9R271C1546VB69.h5,68.85714285714286,0.41775937428111076,0.076923076915038,middle,1
T9,M3,272,69,1550,M3T9R272C1550VB69.h5,69.0,0.41867954911432903,0.076923076915038,middle,1
T9,M3,273,69,1554,M3T9R273C1554VB69.h5,69.0,0.41867954911432903,0.07692307691504033,middle,1
T9,M3,274,69,1558,M3T9R274C1558VB69.h5,69.14285714285714,0.4195997239475473,0.076923076915038,middle,1
T9,M3,275,69,1562,M3T9R275C1562VB69.h5,69.28571428571429,0.4205198987807657,0.07692307691503915,middle,1
T9,M3,276,69,1566,M3T9R276C1566VB69.h5,69.42857142857143,0.42144007361398395,0.09615384614379807,middle,1
T9,M3,277,70,1569,M3T9R277C1569VB70.h5,69.57142857142857,0.42236024844720227,0.0961538461438004,middle,1
T9,M3,278,70,1573,M3T9R278C1573VB70.h5,69.71428571428571,0.42328042328042054,0.11538461537255701,middle,1
T9,M3,279,70,1577,M3T9R279C1577VB70.h5,69.85714285714286,0.4242005981136389,0.11538461537255931,middle,1
T9,M3,280,70,1581,M3T9R280C1581VB70.h5,70.14285714285714,0.42604094778007545,0.11538461537255816,middle,1
T9,M3,281,70,1585,M3T9R281C1585VB70.h5,70.28571428571429,0.42696112261329383,0.11538461537255816,middle,1
T9,M3,282,70,1589,M3T9R282C1589VB70.h5,70.42857142857143,0.4278812974465121,0.11538461537255701,middle,1
T9,M3,283,71,1609,M3T9R283C1609VB71.h5,70.57142857142857,0.42880147227973037,0.09615384614379924,middle,1
T9,M3,284,71,1613,M3T9R284C1613VB71.h5,70.71428571428571,0.4297216471129487,0.09615384614379807,middle,1
T9,M3,285,71,1616,M3T9R285C1616VB71.h5,70.85714285714286,0.430641821946167,0.07692307691503915,middle,1
T9,M3,286,71,1620,M3T9R286C1620VB71.h5,71.0,0.43156199677938534,0.07692307691503915,middle,1
T9,M3,287,71,1624,M3T9R287C1624VB71.h5,71.0,0.43156199677938534,0.07692307691504033,middle,1
T9,M3,288,71,1628,M3T9R288C1628VB71.h5,71.14285714285714,0.4324821716126036,0.07692307691503915,middle,1
T9,M3,289,71,1632,M3T9R289C1632VB71.h5,71.28571428571429,0.433402346445822,0.076923076915038,middle,1
T9,M3,290,71,1636,M3T9R290C1636VB71.h5,71.42857142857143,0.43432252127904025,0.09615384614379692,middle,1
T9,M3,291,72,1659,M3T9R291C1659VB72.h5,71.57142857142857,0.4352426961122585,0.09615384614379924,middle,1
T9,M3,292,72,1663,M3T9R292C1663VB72.h5,71.71428571428571,0.4361628709454768,0.11538461537255701,middle,1
T9,M3,293,72,1666,M3T9R293C1666VB72.h5,71.85714285714286,0.43708304577869517,0.11538461537255816,middle,1
T9,M3,294,72,1670,M3T9R294C1670VB72.h5,72.14285714285714,0.43892339544513176,0.11538461537255931,middle,1
T9,M3,295,72,1674,M3T9R295C1674VB72.h5,72.28571428571429,0.4398435702783501,0.11538461537255931,middle,1
T9,M3,296,72,1678,M3T9R296C1678VB72.h5,72.42857142857143,0.4407637451115684,0.11538461537255701,middle,1
T9,M3,297,73,1682,M3T9R297C1682VB73.h5,72.57142857142857,0.4416839199447867,0.11538461537255816,middle,1
T9,M3,298,73,1703,M3T9R298C1703VB73.h5,72.71428571428571,0.44260409477800494,0.13461538460131822,middle,1
T9,M3,299,73,1707,M3T9R299C1707VB73.h5,73.0,0.4444444444444416,0.13461538460131708,middle,1
T9,M3,300,73,1711,M3T9R300C1711VB73.h5,73.28571428571429,0.44628479411087824,0.13461538460131822,middle,1
T9,M3,301,73,1715,M3T9R301C1715VB73.h5,73.42857142857143,0.4472049689440965,0.13461538460131822,middle,1
T9,M3,302,74,1719,M3T9R302C1719VB74.h5,73.57142857142857,0.4481251437773148,0.11538461537255931,middle,1
T9,M3,303,74,1723,M3T9R303C1723VB74.h5,73.71428571428571,0.4490453186105331,0.09615384614379807,middle,1
T9,M3,304,74,1726,M3T9R304C1726VB74.h5,73.85714285714286,0.4499654934437515,0.07692307691503915,middle,1
T9,M3,305,74,1730,M3T9R305C1730VB74.h5,74.0,0.45088566827696974,0.05769230768627908,middle,1
T9,M3,306,74,1734,M3T9R306C1734VB74.h5,74.0,0.45088566827696974,0.038461538457520164,middle,1
T9,M3,307,74,1738,M3T9R307C1738VB74.h5,74.0,0.45088566827696974,0.03846153845751784,middle,1
T9,M3,308,74,1742,M3T9R308C1742VB74.h5,74.0,0.45088566827696974,0.038461538457520164,middle,1
T9,M3,309,74,1746,M3T9R309C1746VB74.h5,74.14285714285714,0.451805843110188,0.05769230768627908,middle,1
T9,M3,310,74,1750,M3T9R310C1750VB74.h5,74.28571428571429,0.4527260179434064,0.076923076915038,middle,1
T9,M3,311,74,1753,M3T9R311C1753VB74.h5,74.42857142857143,0.45364619277662466,0.09615384614379807,middle,1
T9,M3,312,75,1774,M3T9R312C1774VB75.h5,74.57142857142857,0.4545663676098429,0.11538461537255931,middle,1
T9,M3,313,75,1777,M3T9R313C1777VB75.h5,74.71428571428571,0.45548654244306125,0.13461538460131822,middle,1
T9,M3,314,75,1781,M3T9R314C1781VB75.h5,75.0,0.4573268921094979,0.13461538460131822,middle,1
T9,M3,315,75,1785,M3T9R315C1785VB75.h5,75.28571428571429,0.45916724177593454,0.13461538460131822,middle,1
T9,M3,316,75,1789,M3T9R316C1789VB75.h5,75.42857142857143,0.4600874166091528,0.13461538460131708,middle,1
T9,M3,317,76,1793,M3T9R317C1793VB76.h5,75.57142857142857,0.4610075914423711,0.11538461537255816,middle,1
T9,M3,318,76,1797,M3T9R318C1797VB76.h5,75.71428571428571,0.46192776627558935,0.11538461537255701,middle,1
T9,M3,319,76,1800,M3T9R319C1800VB76.h5,75.85714285714286,0.4628479411088077,0.11538461537255816,middle,1
T9,M3,320,76,1824,M3T9R320C1824VB76.h5,76.14285714285714,0.4646882907752443,0.11538461537255931,middle,1
T9,M3,321,76,1827,M3T9R321C1827VB76.h5,76.28571428571429,0.46560846560846264,0.11538461537255931,middle,1
T9,M3,322,76,1831,M3T9R322C1831VB76.h5,76.42857142857143,0.46652864044168096,0.11538461537255701,middle,1
T9,M3,323,77,1835,M3T9R323C1835VB77.h5,76.57142857142857,0.46744881527489923,0.09615384614379924,middle,1
T9,M3,324,77,1839,M3T9R324C1839VB77.h5,76.71428571428571,0.4683689901081175,0.11538461537255701,middle,1
T9,M3,325,77,1843,M3T9R325C1843VB77.h5,76.85714285714286,0.4692891649413359,0.11538461537255816,middle,1
T9,M3,326,77,1847,M3T9R326C1847VB77.h5,77.14285714285714,0.4711295146077724,0.11538461537255816,middle,1
T9,M3,327,77,1868,M3T9R327C1868VB77.h5,77.28571428571429,0.4720496894409908,0.11538461537255931,middle,1
T9,M3,328,77,1872,M3T9R328C1872VB77.h5,77.42857142857143,0.47296986427420906,0.11538461537255701,middle,1
T9,M3,329,78,1876,M3T9R329C1876VB78.h5,77.57142857142857,0.4738900391074274,0.0961538461438004,middle,1
T9,M3,330,78,1880,M3T9R330C1880VB78.h5,77.71428571428571,0.47481021394064565,0.09615384614379807,middle,1
T9,M3,331,78,1884,M3T9R331C1884VB78.h5,77.85714285714286,0.47573038877386403,0.07692307691503915,middle,1
T9,M3,332,78,1887,M3T9R332C1887VB78.h5,78.0,0.4766505636070823,0.05769230768627908,middle,1
T9,M3,333,78,1891,M3T9R333C1891VB78.h5,78.0,0.4766505636070823,0.038461538457520164,middle,1
T9,M3,334,78,1895,M3T9R334C1895VB78.h5,78.0,0.4766505636070823,0.01923076922875892,middle,1
T9,M3,335,78,1899,M3T9R335C1899VB78.h5,78.0,0.4766505636070823,0.01923076922875892,middle,1
T9,M3,336,78,1903,M3T9R336C1903VB78.h5,78.0,0.4766505636070823,0.038461538457520164,middle,1
T9,M3,337,78,1907,M3T9R337C1907VB78.h5,78.14285714285714,0.47757073844030057,0.05769230768627908,middle,1
T9,M3,338,78,1911,M3T9R338C1911VB78.h5,78.28571428571429,0.47849091327351895,0.076923076915038,middle,1
T9,M3,339,78,1914,M3T9R339C1914VB78.h5,78.42857142857143,0.4794110881067372,0.09615384614379807,middle,1
T9,M3,340,79,1918,M3T9R340C1918VB79.h5,78.57142857142857,0.4803312629399555,0.09615384614379924,middle,1
T9,M3,341,79,1938,M3T9R341C1938VB79.h5,78.71428571428571,0.4812514377731738,0.09615384614379807,middle,1
T9,M3,342,79,1942,M3T9R342C1942VB79.h5,78.85714285714286,0.48217161260639213,0.09615384614379807,middle,1
T9,M3,343,79,1946,M3T9R343C1946VB79.h5,79.0,0.48309178743961045,0.0961538461438004,middle,1
T9,M3,344,79,1950,M3T9R344C1950VB79.h5,79.14285714285714,0.4840119622728287,0.09615384614379924,middle,1
T9,M3,345,79,1954,M3T9R345C1954VB79.h5,79.28571428571429,0.4849321371060471,0.09615384614379807,middle,1
T9,M3,346,79,1958,M3T9R346C1958VB79.h5,79.42857142857143,0.48585231193926537,0.09615384614379692,middle,1
T9,M3,347,80,1962,M3T9R347C1962VB80.h5,79.57142857142857,0.48677248677248364,0.09615384614379924,middle,1
T9,M3,348,80,1965,M3T9R348C1965VB80.h5,79.71428571428571,0.4876926616057019,0.11538461537255701,middle,1
T9,M3,349,80,1988,M3T9R349C1988VB80.h5,79.85714285714286,0.4886128364389203,0.11538461537255816,middle,1
T9,M3,350,80,1992,M3T9R350C1992VB80.h5,80.14285714285714,0.4904531861053569,0.11538461537255931,middle,1
T9,M3,351,80,1996,M3T9R351C1996VB80.h5,80.28571428571429,0.4913733609385752,0.11538461537255931,middle,1
T9,M3,352,80,2000,M3T9R352C2000VB80.h5,80.42857142857143,0.4922935357717935,0.11538461537255701,middle,1
T9,M3,353,81,2004,M3T9R353C2004VB81.h5,80.57142857142857,0.4932137106050118,0.09615384614379924,middle,1
T9,M3,354,81,2008,M3T9R354C2008VB81.h5,80.71428571428571,0.49413388543823006,0.11538461537255701,middle,1
T9,M3,355,81,2011,M3T9R355C2011VB81.h5,80.85714285714286,0.49505406027144844,0.11538461537255816,middle,1
T9,M3,356,81,2033,M3T9R356C2033VB81.h5,81.14285714285714,0.496894409937885,0.11538461537255816,middle,1
T9,M3,357,81,2037,M3T9R357C2037VB81.h5,81.28571428571429,0.49781458477110335,0.11538461537255931,middle,1
T9,M3,358,81,2041,M3T9R358C2041VB81.h5,81.42857142857143,0.4987347596043216,0.11538461537255701,middle,1
T9,M3,359,82,2045,M3T9R359C2045VB82.h5,81.57142857142857,0.49965493443753994,0.0961538461438004,middle,1
T9,M3,360,82,2049,M3T9R360C2049VB82.h5,81.71428571428571,0.5005751092707582,0.09615384614379807,middle,1
T9,M3,361,82,2053,M3T9R361C2053VB82.h5,81.85714285714286,0.5014952841039766,0.07692307691503915,middle,1
T9,M3,362,82,2056,M3T9R362C2056VB82.h5,82.0,0.5024154589371949,0.05769230768627908,middle,1
T9,M3,363,82,2060,M3T9R363C2060VB82.h5,82.0,0.5024154589371949,0.038461538457520164,middle,1
T9,M3,364,82,2064,M3T9R364C2064VB82.h5,82.0,0.5024154589371949,0.01923076922875892,middle,1
T9,M3,365,82,2068,M3T9R365C2068VB82.h5,82.0,0.5024154589371949,0.01923076922875892,middle,1
T9,M3,366,82,2072,M3T9R366C2072VB82.h5,82.0,0.5024154589371949,0.038461538457520164,middle,1
T9,M3,367,82,2076,M3T9R367C2076VB82.h5,82.14285714285714,0.5033356337704131,0.05769230768627908,middle,1
T9,M3,368,82,2079,M3T9R368C2079VB82.h5,82.28571428571429,0.5042558086036315,0.076923076915038,middle,1
T9,M3,369,82,2083,M3T9R369C2083VB82.h5,82.42857142857143,0.5051759834368498,0.09615384614379692,middle,1
T9,M3,370,83,2104,M3T9R370C2104VB83.h5,82.57142857142857,0.506096158270068,0.09615384614379924,middle,1
T9,M3,371,83,2107,M3T9R371C2107VB83.h5,82.71428571428571,0.5070163331032863,0.11538461537255583,middle,1
T9,M3,372,83,2111,M3T9R372C2111VB83.h5,82.85714285714286,0.5079365079365047,0.11538461537255816,middle,1
T9,M3,373,83,2115,M3T9R373C2115VB83.h5,83.14285714285714,0.5097768576029412,0.1346153846013194,middle,1
T9,M3,374,83,2119,M3T9R374C2119VB83.h5,83.28571428571429,0.5106970324361596,0.15384615383008066,middle,1
T9,M3,375,83,2123,M3T9R375C2123VB83.h5,83.57142857142857,0.5125373821025963,0.17307692305883723,middle,1
T9,M3,376,84,2127,M3T9R376C2127VB84.h5,83.85714285714286,0.5143777317690329,0.17307692305883957,middle,1
T9,M3,377,84,2131,M3T9R377C2131VB84.h5,84.14285714285714,0.5162180814354694,0.2115384615163574,middle,1
T9,M3,378,85,2154,M3T9R378C2154VB85.h5,84.42857142857143,0.5180584311019061,0.21153846151635508,middle,1
T9,M3,379,85,2157,M3T9R379C2157VB85.h5,84.85714285714286,0.520818955601561,0.21153846151635508,middle,1
T9,M3,380,85,2161,M3T9R380C2161VB85.h5,85.14285714285714,0.5226593052679975,0.21153846151635508,middle,1
T9,M3,381,85,2165,M3T9R381C2165VB85.h5,85.42857142857143,0.5244996549344342,0.21153846151635508,middle,1
T9,M3,382,86,2169,M3T9R382C2169VB86.h5,85.71428571428571,0.5263400046008707,0.2115384615163574,middle,1
T9,M3,383,86,2173,M3T9R383C2173VB86.h5,86.0,0.5281803542673074,0.23076923074511863,late,2
T9,M3,384,86,2177,M3T9R384C2177VB86.h5,86.42857142857143,0.5309408787669624,0.23076923074511632,late,2
T9,M3,385,87,2198,M3T9R385C2198VB87.h5,86.85714285714286,0.5337014032666173,0.23076923074511863,late,2
T9,M3,386,87,2202,M3T9R386C2202VB87.h5,87.14285714285714,0.5355417529330538,0.24999999997387756,late,2
T9,M3,387,88,2206,M3T9R387C2206VB88.h5,87.42857142857143,0.5373821025994905,0.23076923074511402,middle,1
T9,M3,388,88,2210,M3T9R388C2210VB88.h5,87.85714285714286,0.5401426270991454,0.21153846151635508,middle,1
T9,M3,389,88,2214,M3T9R389C2214VB88.h5,88.14285714285714,0.5419829767655819,0.19230769228759614,middle,1
T9,M3,390,88,2217,M3T9R390C2217VB88.h5,88.42857142857143,0.5438233264320186,0.17307692305883493,middle,1
T9,M3,391,89,2221,M3T9R391C2221VB89.h5,88.57142857142857,0.5447435012652369,0.1538461538300783,middle,1
T9,M3,392,89,2225,M3T9R392C2225VB89.h5,88.71428571428571,0.5456636760984551,0.15384615383008066,middle,1
T9,M3,393,89,2229,M3T9R393C2229VB89.h5,89.0,0.5475040257648919,0.1346153846013194,middle,1
T9,M3,394,89,2233,M3T9R394C2233VB89.h5,89.28571428571429,0.5493443754313285,0.1538461538300783,middle,1
T9,M3,395,89,2237,M3T9R395C2237VB89.h5,89.42857142857143,0.5502645502645468,0.19230769228759848,middle,1
T9,M3,396,90,2240,M3T9R396C2240VB90.h5,89.71428571428571,0.5521048999309833,0.21153846151635508,middle,1
T9,M3,397,90,2244,M3T9R397C2244VB90.h5,90.14285714285714,0.5548654244306382,0.23076923074511402,middle,1
T9,M3,398,90,2248,M3T9R398C2248VB90.h5,90.57142857142857,0.5576259489302932,0.24999999997387523,late,2
T9,M3,399,91,2268,M3T9R399C2268VB91.h5,91.0,0.5603864734299481,0.24999999997387523,late,2
T9,M3,400,92,2272,M3T9R400C2272VB92.h5,91.28571428571429,0.5622268230963847,0.24999999997387756,late,2
T9,M3,401,92,2276,M3T9R401C2276VB92.h5,91.57142857142857,0.5640671727628213,0.23076923074511863,late,2
T9,M3,402,92,2280,M3T9R402C2280VB92.h5,92.0,0.5668276972624763,0.2115384615163574,middle,1
T9,M3,403,92,2284,M3T9R403C2284VB92.h5,92.28571428571429,0.5686680469289129,0.2115384615163574,middle,1
T9,M3,404,92,2288,M3T9R404C2288VB92.h5,92.57142857142857,0.5705083965953495,0.23076923074511863,late,2
T9,M3,405,93,2291,M3T9R405C2291VB93.h5,92.85714285714286,0.5723487462617861,0.23076923074511402,middle,1
T9,M3,406,93,2295,M3T9R406C2295VB93.h5,93.28571428571429,0.575109270761441,0.24999999997387293,late,2
T9,M3,407,94,2318,M3T9R407C2318VB94.h5,93.71428571428571,0.5778697952610958,0.24999999997387523,late,2
T9,M3,408,94,2322,M3T9R408C2322VB94.h5,94.14285714285714,0.5806303197607507,0.26923076920263644,late,2
T9,M3,409,95,2326,M3T9R409C2326VB95.h5,94.42857142857143,0.5824706694271874,0.26923076920263644,late,2
T9,M3,410,95,2330,M3T9R410C2330VB95.h5,94.85714285714286,0.5852311939268424,0.26923076920263644,late,2
T9,M3,411,95,2334,M3T9R411C2334VB95.h5,95.28571428571429,0.5879917184264973,0.24999999997387756,late,2
T9,M3,412,95,2338,M3T9R412C2338VB95.h5,95.71428571428571,0.5907522429261521,0.24999999997387756,late,2
T9,M3,413,96,2341,M3T9R413C2341VB96.h5,96.0,0.5925925925925888,0.24999999997387293,late,2
T9,M3,414,97,2363,M3T9R414C2363VB97.h5,96.28571428571429,0.5944329422590254,0.24999999997387523,late,2
T9,M3,415,97,2367,M3T9R415C2367VB97.h5,96.71428571428571,0.5971934667586802,0.23076923074511863,late,2
T9,M3,416,97,2371,M3T9R416C2371VB97.h5,97.14285714285714,0.5999539912583353,0.2115384615163574,middle,1
T9,M3,417,97,2374,M3T9R417C2374VB97.h5,97.42857142857143,0.6017943409247719,0.2115384615163574,middle,1
T9,M3,418,98,2378,M3T9R418C2378VB98.h5,97.57142857142857,0.6027145157579902,0.19230769228759848,middle,1
T9,M3,419,98,2382,M3T9R419C2382VB98.h5,97.85714285714286,0.6045548654244268,0.17307692305883723,middle,1
T9,M3,420,98,2386,M3T9R420C2386VB98.h5,98.14285714285714,0.6063952150908634,0.153846153830076,middle,1
T9,M3,421,98,2390,M3T9R421C2390VB98.h5,98.42857142857143,0.6082355647573,0.153846153830076,middle,1
T9,M3,422,99,2394,M3T9R422C2394VB99.h5,98.57142857142857,0.6091557395905183,0.153846153830076,middle,1
T9,M3,423,99,2398,M3T9R423C2398VB99.h5,98.71428571428571,0.6100759144237365,0.17307692305883723,middle,1
T9,M3,424,99,2401,M3T9R424C2401VB99.h5,99.0,0.6119162640901732,0.17307692305883723,middle,1
T9,M3,425,99,2405,M3T9R425C2405VB99.h5,99.42857142857143,0.6146767885898281,0.19230769228759848,middle,1
T9,M3,426,99,2409,M3T9R426C2409VB99.h5,99.71428571428571,0.6165171382562648,0.21153846151635972,middle,1
T9,M3,427,100,2413,M3T9R427C2413VB100.h5,100.0,0.6183574879227014,0.23076923074511632,late,2
T9,M3,428,101,2433,M3T9R428C2433VB101.h5,100.28571428571429,0.620197837589138,0.23076923074511632,late,2
T9,M3,429,101,2437,M3T9R429C2437VB101.h5,100.71428571428571,0.6229583620887928,0.23076923074511632,late,2
T9,M3,430,101,2441,M3T9R430C2441VB101.h5,101.14285714285714,0.6257188865884478,0.21153846151635508,middle,1
T9,M3,431,101,2445,M3T9R431C2445VB101.h5,101.42857142857143,0.6275592362548844,0.21153846151635508,middle,1
T9,M3,432,102,2449,M3T9R432C2449VB102.h5,101.57142857142857,0.6284794110881027,0.19230769228759614,middle,1
T9,M3,433,102,2452,M3T9R433C2452VB102.h5,101.85714285714286,0.6303197607545393,0.17307692305883723,middle,1
T9,M3,434,102,2456,M3T9R434C2456VB102.h5,102.14285714285714,0.6321601104209759,0.17307692305883723,middle,1
T9,M3,435,102,2460,M3T9R435C2460VB102.h5,102.42857142857143,0.6340004600874125,0.19230769228759848,middle,1
T9,M3,436,103,2483,M3T9R436C2483VB103.h5,102.71428571428571,0.6358408097538492,0.19230769228759848,middle,1
T9,M3,437,103,2487,M3T9R437C2487VB103.h5,103.0,0.6376811594202858,0.19230769228759848,middle,1
T9,M3,438,103,2491,M3T9R438C2491VB103.h5,103.28571428571429,0.6395215090867225,0.19230769228759848,middle,1
T9,M3,439,104,2495,M3T9R439C2495VB104.h5,103.57142857142857,0.641361858753159,0.19230769228759614,late,2
T9,M3,440,104,2499,M3T9R440C2499VB104.h5,103.85714285714286,0.6432022084195956,0.19230769228759614,late,2
T9,M3,441,104,2502,M3T9R441C2502VB104.h5,104.14285714285714,0.6450425580860322,0.17307692305883493,late,2
T9,M3,442,104,2506,M3T9R442C2506VB104.h5,104.42857142857143,0.6468829077524688,0.153846153830076,late,2
T9,M3,443,105,2528,M3T9R443C2528VB105.h5,104.57142857142857,0.6478030825856871,0.13461538460131708,late,2
T9,M3,444,105,2532,M3T9R444C2532VB105.h5,104.71428571428571,0.6487232574189054,0.11538461537255816,late,2
T9,M3,445,105,2535,M3T9R445C2535VB105.h5,104.85714285714286,0.6496434322521237,0.076923076915038,late,2
T9,M3,446,105,2539,M3T9R446C2539VB105.h5,105.0,0.650563607085342,0.05769230768627908,late,2
T9,M3,447,105,2543,M3T9R447C2543VB105.h5,105.0,0.650563607085342,0.038461538457520164,late,2
T9,M3,448,105,2547,M3T9R448C2547VB105.h5,105.0,0.650563607085342,0.038461538457520164,late,2
T9,M3,449,105,2551,M3T9R449C2551VB105.h5,105.0,0.650563607085342,0.038461538457520164,late,2
T9,M3,450,105,2555,M3T9R450C2555VB105.h5,105.14285714285714,0.6514837819185604,0.057692307686281405,late,2
T9,M3,451,105,2558,M3T9R451C2558VB105.h5,105.28571428571429,0.6524039567517786,0.07692307691504033,late,2
T9,M3,452,105,2562,M3T9R452C2562VB105.h5,105.42857142857143,0.653324131584997,0.09615384614379924,late,2
T9,M3,453,106,2566,M3T9R453C2566VB106.h5,105.57142857142857,0.6542443064182153,0.11538461537255816,late,2
T9,M3,454,106,2570,M3T9R454C2570VB106.h5,105.71428571428571,0.6551644812514336,0.1346153846013194,late,2
T9,M3,455,106,2574,M3T9R455C2574VB106.h5,106.0,0.6570048309178702,0.13461538460131708,late,2
T9,M3,456,106,2578,M3T9R456C2578VB106.h5,106.28571428571429,0.6588451805843069,0.13461538460131708,late,2
T9,M3,457,106,2598,M3T9R457C2598VB106.h5,106.42857142857143,0.6597653554175251,0.13461538460131708,late,2
T9,M3,458,107,2602,M3T9R458C2602VB107.h5,106.57142857142857,0.6606855302507434,0.11538461537255816,late,2
T9,M3,459,107,2606,M3T9R459C2606VB107.h5,106.71428571428571,0.6616057050839617,0.09615384614379692,late,2
T9,M3,460,107,2609,M3T9R460C2609VB107.h5,106.85714285714286,0.66252587991718,0.09615384614379692,late,2
T9,M3,461,107,2613,M3T9R461C2613VB107.h5,107.0,0.6634460547503983,0.09615384614379924,late,2
T9,M3,462,107,2617,M3T9R462C2617VB107.h5,107.14285714285714,0.6643662295836166,0.09615384614379924,late,2
T9,M3,463,107,2621,M3T9R463C2621VB107.h5,107.28571428571429,0.665286404416835,0.09615384614379692,late,2
T9,M3,464,107,2625,M3T9R464C2625VB107.h5,107.42857142857143,0.6662065792500532,0.09615384614379924,late,2
T9,M3,465,108,2648,M3T9R465C2648VB108.h5,107.57142857142857,0.6671267540832715,0.09615384614379924,late,2
T9,M3,466,108,2652,M3T9R466C2652VB108.h5,107.71428571428571,0.6680469289164899,0.11538461537255816,late,2
T9,M3,467,108,2655,M3T9R467C2655VB108.h5,107.85714285714286,0.6689671037497081,0.11538461537256046,late,2
T9,M3,468,108,2659,M3T9R468C2659VB108.h5,108.14285714285714,0.6708074534161448,0.11538461537256046,late,2
T9,M3,469,108,2663,M3T9R469C2663VB108.h5,108.28571428571429,0.6717276282493632,0.11538461537255816,late,2
T9,M3,470,108,2667,M3T9R470C2667VB108.h5,108.42857142857143,0.6726478030825814,0.11538461537255816,late,2
T9,M3,471,109,2671,M3T9R471C2671VB109.h5,108.57142857142857,0.6735679779157997,0.11538461537255816,late,2
T9,M3,472,109,2692,M3T9R472C2692VB109.h5,108.71428571428571,0.674488152749018,0.13461538460131708,late,2
T9,M3,473,109,2696,M3T9R473C2696VB109.h5,109.0,0.6763285024154546,0.13461538460131708,late,2
T9,M3,474,109,2700,M3T9R474C2700VB109.h5,109.28571428571429,0.6781688520818913,0.13461538460131708,late,2
T9,M3,475,109,2704,M3T9R475C2704VB109.h5,109.42857142857143,0.6790890269151095,0.13461538460131708,late,2
T9,M3,476,110,2708,M3T9R476C2708VB110.h5,109.57142857142857,0.6800092017483278,0.11538461537255816,late,2
T9,M3,477,110,2712,M3T9R477C2712VB110.h5,109.71428571428571,0.6809293765815461,0.09615384614379692,late,2
T9,M3,478,110,2716,M3T9R478C2716VB110.h5,109.85714285714286,0.6818495514147644,0.076923076915038,late,2
T9,M3,479,110,2719,M3T9R479C2719VB110.h5,110.0,0.6827697262479827,0.05769230768627908,late,2
T9,M3,480,110,2723,M3T9R480C2723VB110.h5,110.0,0.6827697262479827,0.038461538457520164,late,2
T9,M3,481,110,2727,M3T9R481C2727VB110.h5,110.0,0.6827697262479827,0.03846153845751784,late,2
T9,M3,482,110,2731,M3T9R482C2731VB110.h5,110.0,0.6827697262479827,0.038461538457520164,late,2
T9,M3,483,110,2735,M3T9R483C2735VB110.h5,110.14285714285714,0.683689901081201,0.05769230768627908,late,2
T9,M3,484,110,2739,M3T9R484C2739VB110.h5,110.28571428571429,0.6846100759144194,0.07692307691504033,late,2
T9,M3,485,110,2742,M3T9R485C2742VB110.h5,110.42857142857143,0.6855302507476376,0.09615384614379924,late,2
T9,M3,486,111,2763,M3T9R486C2763VB111.h5,110.57142857142857,0.686450425580856,0.11538461537256046,late,2
T9,M3,487,111,2766,M3T9R487C2766VB111.h5,110.71428571428571,0.6873706004140743,0.1346153846013194,late,2
T9,M3,488,111,2770,M3T9R488C2770VB111.h5,111.0,0.6892109500805109,0.1346153846013194,late,2
T9,M3,489,111,2774,M3T9R489C2774VB111.h5,111.28571428571429,0.6910512997469476,0.153846153830076,late,2
T9,M3,490,111,2778,M3T9R490C2778VB111.h5,111.42857142857143,0.6919714745801658,0.17307692305883723,late,2
T9,M3,491,112,2782,M3T9R491C2782VB112.h5,111.71428571428571,0.6938118242466024,0.19230769228759614,late,2
T9,M3,492,112,2786,M3T9R492C2786VB112.h5,112.0,0.695652173913039,0.21153846151635508,late,2
T9,M3,493,112,2790,M3T9R493C2790VB112.h5,112.42857142857143,0.6984126984126939,0.23076923074511402,late,2
T9,M3,494,113,2813,M3T9R494C2813VB113.h5,112.85714285714286,0.7011732229123488,0.24999999997387756,late,2
T9,M3,495,113,2817,M3T9R495C2817VB113.h5,113.14285714285714,0.7030135725787854,0.26923076920263644,late,2
T9,M3,496,114,2820,M3T9R496C2820VB114.h5,113.57142857142857,0.7057740970784404,0.26923076920263644,late,2
T9,M3,497,114,2824,M3T9R497C2824VB114.h5,114.0,0.7085346215780953,0.2884615384313954,late,2
T9,M3,498,114,2828,M3T9R498C2828VB114.h5,114.42857142857143,0.7112951460777502,0.3076923076601566,late,2
T9,M3,499,115,2832,M3T9R499C2832VB115.h5,115.0,0.7149758454106234,0.3076923076601543,late,2
T9,M3,500,115,2836,M3T9R500C2836VB115.h5,115.42857142857143,0.7177363699102783,0.3076923076601566,late,2
T9,M3,501,116,2857,M3T9R501C2857VB116.h5,115.85714285714286,0.7204968944099333,0.3076923076601543,late,2
T9,M3,502,117,2861,M3T9R502C2861VB117.h5,116.28571428571429,0.7232574189095883,0.2884615384313954,late,2
T9,M3,503,117,2865,M3T9R503C2865VB117.h5,116.71428571428571,0.7260179434092431,0.26923076920263644,late,2
T9,M3,504,117,2869,M3T9R504C2869VB117.h5,117.14285714285714,0.728778467908898,0.24999999997387523,late,2
T9,M3,505,117,2873,M3T9R505C2873VB117.h5,117.42857142857143,0.7306188175753346,0.23076923074511402,late,2
T9,M3,506,118,2877,M3T9R506C2877VB118.h5,117.71428571428571,0.7324591672417712,0.2115384615163574,late,2
T9,M3,507,118,2880,M3T9R507C2880VB118.h5,118.0,0.7342995169082078,0.19230769228759614,late,2
T9,M3,508,118,2884,M3T9R508C2884VB118.h5,118.28571428571429,0.7361398665746445,0.19230769228759848,late,2
T9,M3,509,119,2888,M3T9R509C2888VB119.h5,118.57142857142857,0.737980216241081,0.19230769228759848,late,2
T9,M3,510,119,2892,M3T9R510C2892VB119.h5,118.85714285714286,0.7398205659075178,0.2115384615163574,late,2
T9,M3,511,119,2896,M3T9R511C2896VB119.h5,119.14285714285714,0.7416609155739543,0.23076923074511632,late,2
T9,M3,512,119,2900,M3T9R512C2900VB119.h5,119.57142857142857,0.7444214400736092,0.24999999997387756,late,2
T9,M3,513,120,2903,M3T9R513C2903VB120.h5,120.0,0.7471819645732641,0.26923076920263417,late,2
T9,M3,514,120,2907,M3T9R514C2907VB120.h5,120.42857142857143,0.749942489072919,0.2884615384313954,late,2
T9,M3,515,121,2927,M3T9R515C2927VB121.h5,120.85714285714286,0.752703013572574,0.2884615384313954,late,2
T9,M3,516,122,2931,M3T9R516C2931VB122.h5,121.28571428571429,0.7554635380722289,0.2884615384313954,late,2
T9,M3,517,122,2935,M3T9R517C2935VB122.h5,121.71428571428571,0.7582240625718838,0.26923076920263644,late,2
T9,M3,518,122,2939,M3T9R518C2939VB122.h5,122.14285714285714,0.7609845870715387,0.26923076920263644,late,2
T9,M3,519,122,2943,M3T9R519C2943VB122.h5,122.42857142857143,0.7628249367379754,0.26923076920263644,late,2
T9,M3,520,123,2947,M3T9R520C2947VB123.h5,122.85714285714286,0.7655854612376303,0.26923076920263417,late,2
T9,M3,521,123,2951,M3T9R521C2951VB123.h5,123.28571428571429,0.7683459857372852,0.26923076920263644,late,2
T9,M3,522,123,2954,M3T9R522C2954VB123.h5,123.71428571428571,0.77110651023694,0.26923076920263644,late,2
T9,M3,523,125,2977,M3T9R523C2977VB125.h5,124.14285714285714,0.773867034736595,0.26923076920263644,late,2
T9,M3,524,125,2981,M3T9R524C2981VB125.h5,124.42857142857143,0.7757073844030317,0.26923076920263644,late,2
T9,M3,525,125,2985,M3T9R525C2985VB125.h5,124.85714285714286,0.7784679089026866,0.24999999997387756,late,2
T9,M3,526,125,2989,M3T9R526C2989VB125.h5,125.28571428571429,0.7812284334023415,0.23076923074511632,late,2
T9,M3,527,125,2993,M3T9R527C2993VB125.h5,125.57142857142857,0.783068783068778,0.23076923074511402,late,2
T9,M3,528,126,2997,M3T9R528C2997VB126.h5,125.85714285714286,0.7849091327352147,0.21153846151635508,late,2
T9,M3,529,126,3001,M3T9R529C3001VB126.h5,126.14285714285714,0.7867494824016512,0.19230769228759614,late,2
T9,M3,530,127,3022,M3T9R530C3022VB127.h5,126.42857142857143,0.7885898320680879,0.19230769228759848,late,2
T9,M3,531,127,3026,M3T9R531C3026VB127.h5,126.71428571428571,0.7904301817345245,0.19230769228759848,late,2
T9,M3,532,127,3030,M3T9R532C3030VB127.h5,127.0,0.7922705314009612,0.17307692305883957,late,2
T9,M3,533,127,3034,M3T9R533C3034VB127.h5,127.28571428571429,0.7941108810673978,0.1538461538300783,late,2
T9,M3,534,127,3038,M3T9R534C3038VB127.h5,127.42857142857143,0.7950310559006161,0.13461538460131708,late,2
T9,M3,535,128,3042,M3T9R535C3042VB128.h5,127.57142857142857,0.7959512307338343,0.13461538460131708,late,2
T9,M3,536,128,3045,M3T9R536C3045VB128.h5,127.71428571428571,0.7968714055670526,0.13461538460131475,late,2
T9,M3,537,128,3049,M3T9R537C3049VB128.h5,128.0,0.7987117552334893,0.13461538460131475,late,2
T9,M3,538,128,3053,M3T9R538C3053VB128.h5,128.28571428571428,0.8005521048999258,0.1346153846013194,late,2
T9,M3,539,128,3057,M3T9R539C3057VB128.h5,128.42857142857142,0.801472279733144,0.1538461538300783,late,2
T9,M3,540,129,3061,M3T9R540C3061VB129.h5,128.57142857142858,0.8023924545663625,0.153846153830076,late,2
T9,M3,541,129,3065,M3T9R541C3065VB129.h5,128.85714285714286,0.8042328042327991,0.1538461538300783,late,2
T9,M3,542,129,3068,M3T9R542C3068VB129.h5,129.14285714285714,0.8060731538992356,0.17307692305883957,late,2
T9,M3,543,129,3072,M3T9R543C3072VB129.h5,129.42857142857142,0.8079135035656723,0.19230769228759614,late,2
T9,M3,544,130,3093,M3T9R544C3093VB130.h5,129.71428571428572,0.8097538532321089,0.19230769228759614,late,2
T9,M3,545,130,3096,M3T9R545C3096VB130.h5,130.0,0.8115942028985456,0.1923076922876008,late,2
T9,M3,546,130,3100,M3T9R546C3100VB130.h5,130.28571428571428,0.8134345525649821,0.17307692305883957,late,2
T9,M3,547,131,3104,M3T9R547C3104VB131.h5,130.57142857142858,0.8152749022314189,0.19230769228759614,late,2
T9,M3,548,131,3108,M3T9R548C3108VB131.h5,130.71428571428572,0.8161950770646371,0.23076923074511632,late,2
T9,M3,549,131,3112,M3T9R549C3112VB131.h5,131.14285714285714,0.8189556015642919,0.24999999997387756,late,2
T9,M3,550,131,3116,M3T9R550C3116VB131.h5,131.71428571428572,0.8226363008971652,0.26923076920263417,late,2
T9,M3,551,131,3119,M3T9R551C3119VB131.h5,132.14285714285714,0.8253968253968201,0.3269230768889132,late,2
T9,M3,552,133,3143,M3T9R552C3143VB133.h5,132.57142857142858,0.828157349896475,0.34615384611767674,late,2
T9,M3,553,134,3146,M3T9R553C3146VB134.h5,133.14285714285714,0.8318380492293482,0.34615384611767214,late,2
T9,M3,554,134,3150,M3T9R554C3150VB134.h5,133.71428571428572,0.8355187485622215,0.36538461534643335,late,2
T9,M3,555,134,3154,M3T9R555C3154VB134.h5,134.28571428571428,0.8391994478950946,0.3846153845751923,late,2
T9,M3,556,135,3158,M3T9R556C3158VB135.h5,134.85714285714286,0.8428801472279679,0.3846153845751946,late,2
T9,M3,557,135,3162,M3T9R557C3162VB135.h5,135.42857142857142,0.8465608465608411,0.3846153845751946,late,2
T9,M3,558,135,3166,M3T9R558C3166VB135.h5,136.0,0.8502415458937144,0.3846153845751946,late,2
T9,M3,559,137,3187,M3T9R559C3187VB137.h5,136.57142857142858,0.8539222452265877,0.3846153845751946,late,2
T9,M3,560,138,3191,M3T9R560C3191VB138.h5,137.14285714285714,0.8576029445594607,0.4038461538039535,late,2
T9,M3,561,138,3195,M3T9R561C3195VB138.h5,137.71428571428572,0.861283643892334,0.3846153845751946,late,2
T9,M3,562,138,3199,M3T9R562C3199VB138.h5,138.42857142857142,0.8658845180584255,0.34615384611767214,late,2
T9,M3,563,139,3203,M3T9R563C3203VB139.h5,138.85714285714286,0.8686450425580805,0.32692307688891786,late,2
T9,M3,564,139,3206,M3T9R564C3206VB139.h5,139.14285714285714,0.870485392224517,0.3076923076601543,late,2
T9,M3,565,140,3210,M3T9R565C3210VB140.h5,139.57142857142858,0.8732459167241721,0.24999999997387756,late,2
T9,M3,566,140,3214,M3T9R566C3214VB140.h5,140.0,0.8760064412238269,0.24999999997387756,late,2
T9,M3,567,140,3218,M3T9R567C3218VB140.h5,140.28571428571428,0.8778467908902635,0.24999999997387756,late,2
T9,M3,568,141,3222,M3T9R568C3222VB141.h5,140.71428571428572,0.8806073153899185,0.26923076920263644,late,2
T9,M3,569,141,3226,M3T9R569C3226VB141.h5,141.0,0.8824476650563551,0.2884615384313954,late,2
T9,M3,570,141,3229,M3T9R570C3229VB141.h5,141.57142857142858,0.8861283643892284,0.32692307688891553,late,2
T9,M3,571,142,3233,M3T9R571C3233VB142.h5,142.14285714285714,0.8898090637221014,0.34615384611767214,late,2
T9,M3,572,142,3237,M3T9R572C3237VB142.h5,142.71428571428572,0.8934897630549747,0.3846153845751946,late,2
T9,M3,573,144,3257,M3T9R573C3257VB144.h5,143.28571428571428,0.8971704623878479,0.38461538457519,late,2
T9,M3,574,144,3261,M3T9R574C3261VB144.h5,143.85714285714286,0.9008511617207212,0.3846153845751946,late,2
T9,M3,575,145,3265,M3T9R575C3265VB145.h5,144.42857142857142,0.9045318610535943,0.34615384611767214,late,2
T9,M3,576,145,3269,M3T9R576C3269VB145.h5,145.0,0.9082125603864676,0.34615384611767674,late,2
T9,M3,577,145,3273,M3T9R577C3273VB145.h5,145.28571428571428,0.9100529100529041,0.34615384611767214,late,2
T9,M3,578,146,3277,M3T9R578C3277VB146.h5,145.85714285714286,0.9137336093857775,0.34615384611767674,late,2
T9,M3,579,146,3280,M3T9R579C3280VB146.h5,146.42857142857142,0.9174143087186506,0.34615384611767674,late,2
T9,M3,580,146,3284,M3T9R580C3284VB146.h5,147.0,0.9210950080515239,0.3846153845751946,late,2
T9,M3,581,148,3307,M3T9R581C3307VB148.h5,147.57142857142858,0.9247757073843972,0.3846153845751946,late,2
T9,M3,582,149,3311,M3T9R582C3311VB149.h5,148.14285714285714,0.9284564067172703,0.3846153845751946,late,2
T9,M3,583,149,3315,M3T9R583C3315VB149.h5,148.71428571428572,0.9321371060501437,0.3846153845751946,late,2
T9,M3,584,149,3319,M3T9R584C3319VB149.h5,149.28571428571428,0.9358178053830167,0.3653846153464311,late,2
T9,M3,585,150,3323,M3T9R585C3323VB150.h5,149.85714285714286,0.93949850471589,0.3653846153464357,late,2
T9,M3,586,150,3327,M3T9R586C3327VB150.h5,150.28571428571428,0.9422590292155448,0.3653846153464311,late,2
T9,M3,587,150,3330,M3T9R587C3330VB150.h5,150.85714285714286,0.9459397285484181,0.34615384611767674,late,2
T9,M3,588,152,3352,M3T9R588C3352VB152.h5,151.42857142857142,0.9496204278812913,0.3269230768889132,late,2
T9,M3,589,152,3356,M3T9R589C3356VB152.h5,151.85714285714286,0.9523809523809463,0.34615384611767674,late,2
T9,M3,590,153,3360,M3T9R590C3360VB153.h5,152.28571428571428,0.9551414768806011,0.3076923076601543,late,2
T9,M3,591,153,3364,M3T9R591C3364VB153.h5,152.85714285714286,0.9588221762134744,0.26923076920263644,late,2
T9,M3,592,153,3367,M3T9R592C3367VB153.h5,153.14285714285714,0.960662525879911,0.24999999997387523,late,2
T9,M3,593,153,3371,M3T9R593C3371VB153.h5,153.42857142857142,0.9625028755463476,0.23076923074511863,late,2
T9,M3,594,154,3375,M3T9R594C3375VB154.h5,153.71428571428572,0.9643432252127843,0.19230769228759614,late,2
T9,M3,595,154,3379,M3T9R595C3379VB154.h5,154.0,0.9661835748792209,0.21153846151635972,late,2
T9,M3,596,154,3383,M3T9R596C3383VB154.h5,154.28571428571428,0.9680239245456574,0.2115384615163574,late,2
T9,M3,597,155,3387,M3T9R597C3387VB155.h5,154.71428571428572,0.9707844490453125,0.23076923074511402,late,2
T9,M3,598,155,3390,M3T9R598C3390VB155.h5,155.0,0.972624798711749,0.26923076920263417,late,2
T9,M3,599,155,3394,M3T9R599C3394VB155.h5,155.42857142857142,0.9753853232114038,0.2884615384313954,late,2
T9,M3,600,156,3398,M3T9R600C3398VB156.h5,156.0,0.9790660225442771,0.2884615384313954,late,2
T9,M3,601,156,3402,M3T9R601C3402VB156.h5,156.42857142857142,0.981826547043932,0.3269230768889132,late,2
T9,M3,602,157,3422,M3T9R602C3422VB157.h5,156.85714285714286,0.984587071543587,0.32692307688891786,late,2
T9,M3,603,158,3426,M3T9R603C3426VB158.h5,157.42857142857142,0.9882677708764601,0.3076923076601543,late,2
T9,M3,604,158,3430,M3T9R604C3430VB158.h5,157.85714285714286,0.9910282953761151,0.3076923076601566,late,2
T9,M3,605,158,3434,M3T9R605C3434VB158.h5,158.28571428571428,0.99378881987577,0.26602564099784215,late,2
T9,M3,606,159,3438,M3T9R606C3438VB159.h5,158.71428571428572,0.996549344375425,0.2115384615163574,late,2
T9,M3,607,159,3441,M3T9R607C3441VB159.h5,158.83333333333334,0.9973161567364403,0.18749999998040584,late,2
T9,M3,608,159,3445,M3T9R608C3445VB159.h5,159.0,0.9983896940418615,0.16225961536766137,late,2
T9,M3,609,160,3449,M3T9R609C3449VB160.h5,159.25,0.9999999999999936,0.12019230767974615,late,2
