case,run,VB,time,DOC,feed,material,smcAC_mean,smcAC_std,smcAC_rms,smcAC_max,smcAC_min,smcAC_peak_to_peak,smcAC_skewness,smcAC_kurtosis,smcAC_crest_factor,smcAC_clearance_factor,smcAC_shape_factor,smcAC_impulse_factor,smcAC_energy,smcAC_spectral_centroid,smcAC_spectral_std,smcAC_spectral_entropy,smcAC_dominant_frequency_index,smcAC_frequency_energy,smcDC_mean,smcDC_std,smcDC_rms,smcDC_max,smcDC_min,smcDC_peak_to_peak,smcDC_skewness,smcDC_kurtosis,smcDC_crest_factor,smcDC_clearance_factor,smcDC_shape_factor,smcDC_impulse_factor,smcDC_energy,smcDC_spectral_centroid,smcDC_spectral_std,smcDC_spectral_entropy,smcDC_dominant_frequency_index,smcDC_frequency_energy,vib_table_mean,vib_table_std,vib_table_rms,vib_table_max,vib_table_min,vib_table_peak_to_peak,vib_table_skewness,vib_table_kurtosis,vib_table_crest_factor,vib_table_clearance_factor,vib_table_shape_factor,vib_table_impulse_factor,vib_table_energy,vib_table_spectral_centroid,vib_table_spectral_std,vib_table_spectral_entropy,vib_table_dominant_frequency_index,vib_table_frequency_energy,vib_spindle_mean,vib_spindle_std,vib_spindle_rms,vib_spindle_max,vib_spindle_min,vib_spindle_peak_to_peak,vib_spindle_skewness,vib_spindle_kurtosis,vib_spindle_crest_factor,vib_spindle_clearance_factor,vib_spindle_shape_factor,vib_spindle_impulse_factor,vib_spindle_energy,vib_spindle_spectral_centroid,vib_spindle_spectral_std,vib_spindle_spectral_entropy,vib_spindle_dominant_frequency_index,vib_spindle_frequency_energy,AE_table_mean,AE_table_std,AE_table_rms,AE_table_max,AE_table_min,AE_table_peak_to_peak,AE_table_skewness,AE_table_kurtosis,AE_table_crest_factor,AE_table_clearance_factor,AE_table_shape_factor,AE_table_impulse_factor,AE_table_energy,AE_table_spectral_centroid,AE_table_spectral_std,AE_table_spectral_entropy,AE_table_dominant_frequency_index,AE_table_frequency_energy,AE_spindle_mean,AE_spindle_std,AE_spindle_rms,AE_spindle_max,AE_spindle_min,AE_spindle_peak_to_peak,AE_spindle_skewness,AE_spindle_kurtosis,AE_spindle_crest_factor,AE_spindle_clearance_factor,AE_spindle_shape_factor,AE_spindle_impulse_factor,AE_spindle_energy,AE_spindle_spectral_centroid,AE_spindle_spectral_std,AE_spindle_spectral_entropy,AE_spindle_dominant_frequency_index,AE_spindle_frequency_energy,VB_smooth,q_true,nu_norm,stage_label,stage_id
1,1,0.0,2.0,1.5,0.5,1.0,-0.16425537109375,1.5233353005998844,1.5321652211778227,3.8232421875,-4.20166015625,8.02490234375,8.656890924059814e-05,2.2780641206154684,2.7423022649067255,3.977044688788501,1.2275401880646255,3.3662862379958476,21127.772384881973,474.7395973318566,338.2687988216434,0.2659434217355702,452.0,96234229.34702037,5.438449435763889,2.243695730595105,5.883103160480127,7.8173828125,0.625,7.1923828125,-0.9347599942262352,2.145474296870705,1.3287856084204182,1.5290290054279547,1.081761121431241,1.4374286099068099,311498.1251716614,0.6104905149400373,31.568019127059824,0.04060916324142899,0.0,2599599258.471918,1.6121793619791667,0.7770767834995015,1.7896845036613254,2.8125,0.0634765625,2.7490234375,-1.0765003936766306,2.6892232922223407,1.571506035977086,1.9665446568840976,1.110102601402326,1.7445329386585955,28826.735603809357,21.182523843368287,221.51830942001095,0.06487444396287295,0.0,234984797.9488969,0.5503841145833334,0.14926376186710263,0.570265152532047,0.858154296875,0.283203125,0.574951171875,-0.40592410475124674,1.9148175464060604,1.504833835739717,1.5915041700682915,1.0361221143941053,1.5591916157011616,2926.8210977315903,10.521785281935282,152.02567974170685,0.026311547519398047,0.0,25439063.438883435,0.16963148328993055,0.05463574864233757,0.1782130891737492,0.4681396484375,0.072021484375,0.3961181640625,0.3303349871596684,2.906526190895573,2.62685333947867,2.8351870705344435,1.0505897001920366,2.759745062386832,285.8391463756561,21.50468214984348,192.88464375402907,0.04186802303654902,0.0,2451657.3969319463,0.18850409613715277,0.056478829823540695,0.19678326269965493,0.4290771484375,0.0799560546875,0.34912109375,0.36002981489995584,3.1581295777431024,2.1804555049491614,2.3296119679894525,1.0439203536215702,2.276221881794195,348.51287230849266,17.09007657042283,159.26720851451034,0.03726885721155394,0.0,3007426.6108378777,0.018333333333333333,0.0,0.34797891036606354,early,0
1,2,,4.0,1.5,0.5,1.0,-0.1661469184027778,1.557777661083424,1.5666129196024403,3.779296875,-4.02099609375,7.80029296875,0.0002904345619142105,2.2674322016062662,2.5666813055313256,3.7242239268394397,1.227050416403114,3.149447364728312,22088.484358787537,471.901947045988,316.97486833736457,0.2683249535694352,452.0,100516221.3991761,5.565661892361111,2.2895961845843855,6.0182092842093855,7.9345703125,0.6689453125,7.265625,-0.9669133916506535,2.2052768169516965,1.318427116404452,1.5169134741798538,1.0813106150893421,1.4256292361900025,325969.58689689636,0.5756215064484798,30.26523809954061,0.04077276232787809,0.0,2721415132.2899346,1.5432307942708334,0.7423524123749659,1.7124977046830512,2.68310546875,0.05859375,2.62451171875,-1.077688933793,2.6919671228323776,1.5667790160600663,1.957021801116246,1.1096834712212216,1.73862877717912,26393.835496902466,20.73260763106724,221.1688748340945,0.06393922132617051,0.0,215225530.12043238,0.5486258951822917,0.15223946503754146,0.5693568543360901,0.86669921875,0.277099609375,0.589599609375,-0.4470813258464258,1.915580188003086,1.5222425305814746,1.6144124911787059,1.0377870591505207,1.5797635991287697,2917.5050482153893,11.294165070926484,160.75248605177995,0.027423204982863308,0.0,25318882.834525403,0.1736530219184028,0.055764048811377205,0.18238695447106665,0.4046630859375,0.0726318359375,0.33203125,0.2949034567047578,2.9282149503333446,2.2187063055514527,2.394127293963039,1.0502953098951398,2.3302968267682402,299.3850104510784,21.283432652926546,191.95874952391398,0.04169149446097975,0.0,2568525.197510422,0.1883426242404514,0.05549481619592479,0.19634820786144025,0.40283203125,0.0787353515625,0.3240966796875,0.2778954788220154,3.0163492746002025,2.0516206164317037,2.1877865146161466,1.042505426757386,2.1388256262882774,346.9735685735941,14.924583503636672,148.16338258586615,0.035963813071411894,0.0,2998035.2994564916,0.03666666666666667,0.040293040292951735,0.5219683655490953,early,0
1,3,,6.0,1.5,0.5,1.0,-0.1675119357638889,1.5758939731628578,1.5847719278414745,3.85498046875,-4.0576171875,7.91259765625,0.002866354031341069,2.2502655800227997,2.5603792673334915,3.7030803462969852,1.225038496141951,3.13656316720923,22603.518569469452,472.17866860723854,316.1176965297642,0.27029246876384433,453.0,102852969.08745761,5.6363709852430555,2.3065010008568216,6.090043082790408,7.9345703125,0.8349609375,7.099609375,-0.9803006128037536,2.2416589475639364,1.302875891784848,1.4972597312116058,1.0804901059092917,1.4077445103015043,333797.62275218964,0.5439953133952846,29.264412268126673,0.04029644292060287,0.0,2788720759.508633,1.4666444227430555,0.6849113366417356,1.618687555343427,2.5390625,0.068359375,2.470703125,-1.085850974636133,2.7554020565052424,1.5685933283521996,1.92802539191222,1.1036673444780176,1.731205233269477,23581.344616413116,20.733755024873272,219.38894531363056,0.06190739030425386,0.0,193233432.79787296,0.5567042371961806,0.15834347947549754,0.5787851632554074,0.968017578125,0.277099609375,0.69091796875,-0.3423438249213499,1.945527650269537,1.6724989505236487,1.7785175836725853,1.039663657257931,1.738836375664472,3014.930386841297,13.540047056052694,174.65113147003825,0.029144832583266805,0.0,26118930.880309638,0.17547797309027777,0.054682695810866405,0.18380075152462244,0.443115234375,0.0738525390625,0.3692626953125,0.21476156557915427,2.8391478192202655,2.4108456069790782,2.5908350427007822,1.0474291917482739,2.525190065561712,304.044446349144,19.902338222075233,188.23639715159985,0.03980477091006684,0.0,2615297.1031457176,0.20961154513888888,0.07126068083460807,0.22139350597640467,0.5450439453125,0.0811767578125,0.4638671875,0.4694018421131774,3.3346336573412243,2.4618786486362745,2.6789343812938187,1.0562085491457678,2.600257275660808,441.135760396719,23.295137780708682,191.1833905574285,0.04707071649563967,0.0,3764560.1432174444,0.07333333333333333,0.12087912087885522,0.7715289982358682,early,0
1,4,0.11,7.0,1.5,0.5,1.0,-0.16282307942708332,1.6306087337480009,1.6387178517882133,3.98193359375,-4.26025390625,8.2421875,-4.2138608049903805e-05,2.2118862151803986,2.5997482736875637,3.7520125743181825,1.2228116325837448,3.179002430856602,24168.565779924393,471.80170328187626,299.0956041740367,0.2668735747888324,455.0,109832278.745538,5.827789171006945,2.384961113457539,6.296917192913563,8.193359375,0.1318359375,8.0615234375,-0.9912305393825385,2.275963312443093,1.30116994141504,1.4959977267807962,1.0804984545836753,1.4059121108499053,356860.4952096939,0.5063347678013386,28.1528254609616,0.0400996944229062,0.0,2981378856.947255,1.4277110460069444,0.6618642881796705,1.573665519371199,2.53173828125,0.05859375,2.47314453125,-1.07133712080121,2.7628934108153493,1.6088160095545692,1.9689149209620103,1.1022297010108322,1.7732847891938996,22287.80850172043,20.907149511201368,222.86176772363382,0.06105168286429238,0.0,182848684.32843682,0.5097483995225695,0.11934769609988448,0.5235334787577309,0.743408203125,0.2783203125,0.465087890625,-0.5270332297078211,1.9468761424709944,1.4199821659687935,1.4806815860951528,1.0270429083191739,1.458382613500735,2466.785730421543,7.868873455984082,134.98973718229885,0.020812233643090726,0.0,21624195.025975995,0.18783169216579862,0.05308774619475901,0.19518978809842097,0.4327392578125,0.0799560546875,0.352783203125,0.08632550619264515,2.8099852737011477,2.217017918950155,2.3533480437157452,1.039173878735481,2.3038671100732997,342.89148040115833,16.63844115131357,177.99290957164544,0.034741648289361535,0.0,2971881.904261187,0.2169057888454861,0.06404645436441297,0.22616381132120905,0.521240234375,0.09033203125,0.430908203125,0.5524982555565005,3.6242209808325683,2.3047022038039677,2.4563094643853844,1.042682228648472,2.4030720302439916,460.35062596201897,18.05803685389123,179.24017013022402,0.03776865514312247,0.0,3977026.9604839385,0.1127777777777778,0.20757020756975142,0.92267135324335,early,0
1,5,,11.0,1.5,0.5,1.0,-0.16212727864583334,1.8432936810825418,1.8504099138298873,4.3798828125,-4.73876953125,9.11865234375,-0.0025257668252644198,2.2122511617511753,2.560929605829536,3.7153344871701752,1.225385957188605,3.138127176333759,30816.151642799377,482.1895651137717,303.0610416591909,0.2886054352332534,464.0,139737329.12704945,6.554652777777778,2.7725587060868886,7.116920318222492,9.1650390625,0.44921875,8.7158203125,-0.9445405846827665,2.2033733417393395,1.2877816039378889,1.4952559322830108,1.0857814379351844,1.3982493616703557,455854.9933433533,0.4013682522153059,23.90768579285045,0.04150117683589638,0.0,3791368128.3283234,1.5348033311631943,0.6883053631085644,1.6820777444082813,2.626953125,0.09033203125,2.53662109375,-1.1520687481556364,2.8922413270186107,1.5617310993687414,1.8851836019480908,1.0959565373971236,1.7115894080105867,25464.46984410286,12.332964741757934,183.14022563872808,0.05431814021558416,0.0,209992776.08342764,0.4775259060329861,0.10592534069746111,0.4891330787572003,0.67138671875,0.27099609375,0.400390625,-0.6660807185773195,1.963276837806493,1.3726054276568271,1.4254006139924817,1.024306896393571,1.4059692055790092,2153.2605186104774,4.929693677380277,115.2839203708266,0.017667298167581346,0.0,18924927.466984093,0.19741407606336805,0.05689097976271125,0.20544804940985564,0.4010009765625,0.07568359375,0.3253173828125,-0.2508199116748194,2.5204049213237387,1.9518363776751027,2.07917896202489,1.0406960511917502,2.0312684108287757,379.8801090568304,14.311648281751042,172.2740779526763,0.03400983939186778,0.0,3287839.42601271,0.22843804253472222,0.059409353772330135,0.23603688396676786,0.3973388671875,0.0872802734375,0.31005859375,-0.4105414762777092,2.789816262075636,1.6833761762494661,1.7730861403761018,1.0332643431308397,1.7393725790018786,501.4206953346729,9.174654878090568,133.70512738302878,0.02831393790516676,0.0,4369842.672500759,0.155,0.3003663003656402,0.9648506151059031,early,0
1,6,0.2,15.0,1.5,0.5,1.0,-0.15732747395833332,2.007536022287473,2.0136913405097414,4.58251953125,-4.88525390625,9.4677734375,0.0021048315778673054,2.1496969020761303,2.4260192254742137,3.496077759961569,1.2198109498058058,2.959284815674316,36494.575333595276,487.2859893374051,286.6785017821325,0.30634576718752643,471.0,165228613.84119985,7.148231879340278,2.9864564531007423,7.747008528915126,9.8681640625,0.68359375,9.1845703125,-0.988513541474962,2.3156042534353154,1.2738031752084107,1.4753569423877368,1.0837657003411347,1.3805041902766826,540145.2703237534,0.3201848858012215,19.94068397881766,0.04080939750889456,0.0,4500091088.062882,0.9306100802951389,0.3939299027800852,1.0105522697274258,1.572265625,0.06103515625,1.51123046875,-1.2439802113433154,3.1446466937701945,1.5558478983205173,1.8377761832431077,1.0859029910849964,1.689499886461227,9190.94300866127,13.578919815352195,191.97345642955935,0.05140800162143657,0.0,76433670.10427117,0.460113525390625,0.09484715459897183,0.4697876530762708,1.099853515625,0.267333984375,0.83251953125,-0.4956318877558858,2.6219008122068566,2.341171608961157,2.4182703610724077,1.0210255233779788,2.3903959673623185,1986.3039508461952,6.229367980265436,127.66561943869917,0.016686491004514564,0.0,17512398.930658393,0.2076568603515625,0.05975113174763172,0.21608232087838924,0.426025390625,0.0762939453125,0.3497314453125,-0.41684980119338094,2.509906172587051,1.9715883691511937,2.1011500342955456,1.0405739570150578,2.0515835109020166,420.22412456572056,14.328376619097506,177.95261347641966,0.033697431519105585,0.0,3637426.38243474,0.2185724555121528,0.05617571389682575,0.22567593832845811,0.3973388671875,0.087890625,0.3094482421875,-0.374871638256163,2.6550902622395625,1.7606611946703679,1.8518854034423946,1.0324994418835993,1.8178817008513215,458.36666226387024,10.5140079679319,146.6532004554243,0.028157825188590273,0.0,3997493.8218906526,0.19833333333333333,0.3956043956035261,0.9999999999913638,late,2
1,7,0.24,19.0,1.5,0.5,1.0,-0.15789252387152777,2.05558635893313,2.0616414159902985,4.6533203125,-5.0,9.6533203125,-0.0004895574067390103,2.148834760635032,2.4252520158050137,3.5172526202078744,1.2233021434411953,2.9668159893207924,38253.28795313835,490.4367686786196,284.28936587618955,0.2829589720026657,473.0,173149465.92078802,7.490556098090278,3.22389513648254,8.154871581433593,9.9951171875,1.3623046875,8.6328125,-0.9574474159249677,2.2357176103158474,1.225662119591793,1.432666797624149,1.0886870713793324,1.3343625034791378,598517.374587059,0.15192773576210442,4.842175523203991,0.04239321715937803,0.0,4965719627.328038,1.4947148980034721,0.6781636852760725,1.6413648620403551,2.56591796875,0.0439453125,2.52197265625,-1.022967771955152,2.8239304026410967,1.563283111567762,1.896953963748159,1.0981123318110155,1.716660462925501,24246.707493066788,14.883378576714259,192.4685069619271,0.05678803612038681,0.0,199594199.07110333,0.4014152018229167,0.05964807000775991,0.40582269097499163,0.914306640625,0.2734375,0.640869140625,-0.2982049232713677,2.7111215522308356,2.2529707208488503,2.2908401380109282,1.0109798760262407,2.277708060060133,1482.228508591652,4.0282226306662325,98.60886941188356,0.010018264471576527,0.0,13195962.456718085,0.18704745822482638,0.05612838843794447,0.19528734627980623,0.3680419921875,0.0665283203125,0.301513671875,-0.3366799153627831,2.638671903695013,1.8846177143412435,2.0194151527677695,1.0440523925432426,1.967639633697428,343.23432855308056,14.814917466798999,178.32579314441696,0.03636414343218541,0.0,2961522.306266799,0.28588609483506944,0.09399845795717969,0.3009428007418918,0.5645751953125,0.086669921875,0.4779052734375,-0.4485183998812127,2.488548720304162,1.8760216025065861,2.0400818817093076,1.0526668004418196,1.9748256578769048,815.099123865366,15.254280681345065,182.10772087804514,0.04050421036820334,0.0,6978045.994851738,0.24333333333333332,0.4945054945044076,0.9015817223120737,middle,1
1,8,0.29,22.0,1.5,0.5,1.0,-0.17752332899305556,2.25690871596652,2.263879741625518,4.990234375,-5.0,9.990234375,-0.028617657942664167,2.1075960194743733,2.208597880913796,3.1899027754160274,1.2194285074015259,2.693227217374073,46126.363360881805,498.65457158569495,287.1152243936135,0.3051827404523108,481.0,208846468.77791876,7.818536783854166,3.1929392016324676,8.445376142351627,9.9951171875,1.376953125,8.6181640625,-1.0811456399994102,2.4984548005620164,1.1835017196422541,1.3641511447604886,1.0801734871658912,1.2783871795729538,641919.4036722183,0.1232821443703216,2.5450342733600713,0.040046427896281746,0.0,5364382772.890784,0.86292724609375,0.35632341994238714,0.9336004561108473,1.4892578125,0.05615234375,1.43310546875,-1.1266444961655457,3.1748610309057117,1.5951768261792536,1.8650897180887016,1.081899384143837,1.7258208258457033,7844.488304853439,16.425220737313694,193.67493657072947,0.05160747748322496,0.0,65458256.38173223,0.40655978732638887,0.0803958492350247,0.4144325677901043,1.607666015625,0.2685546875,1.339111328125,3.7914071509234106,47.08582965533334,3.879198066391703,3.9877875526143214,1.0193643855297863,3.9543163533052543,1545.7891792058945,17.887145339644434,204.54603537262818,0.02225767902660093,0.0,13650331.17261231,0.2363339572482639,0.07317486495432335,0.24740311277287455,0.457763671875,0.07568359375,0.382080078125,-0.5100245250242694,2.5409380203778515,1.8502745044012205,1.9933507430174682,1.0468369237008794,1.936935670197372,550.8747018873692,15.780934605902289,192.4874290804739,0.036956382820191334,0.0,4741012.602441011,0.2691421169704861,0.07583484461539047,0.27962189253560826,0.511474609375,0.086669921875,0.4248046875,-0.5867564429852904,2.8981021007211374,1.8291651084080889,1.9459283555056373,1.0389377020662747,1.900388594436104,703.6956250667572,10.698061847284759,148.26741799186365,0.03244484851249179,0.0,6100350.214041769,0.27,0.5531135531123376,0.7328646748618612,middle,1
1,9,0.28,26.0,1.5,0.5,1.0,-0.15953721788194444,2.3475056909103276,2.352920545353346,4.99755859375,-5.0,9.99755859375,0.02917248207843124,2.123987694271022,2.125018632640231,3.0784063517563394,1.2210351436776972,2.5947224314247515,49826.11583471298,499.12296397668973,264.7018157394457,0.3209439737138671,486.0,225248332.3407888,7.855196940104166,3.153043553338773,8.46438436137402,9.9951171875,1.3818359375,8.61328125,-1.0991227213793322,2.5540804136500155,1.1808439646372955,1.3544560874083387,1.0775521512590742,1.2724209543963623,644812.2235536575,0.1224574048283269,2.679929406038144,0.039260619697109055,0.0,5400671824.329878,1.3497276475694444,0.5756549392876701,1.4673593056029726,2.24609375,0.0537109375,2.1923828125,-1.1224923897929258,3.1084269986510025,1.530704675686434,1.8171032472742135,1.087152143800469,1.6641088696990425,19378.28998565674,13.919215740361631,185.54557374865394,0.052008243208815336,0.0,160983776.48769617,0.39948988172743055,0.06381462477327579,0.4045546587762282,1.197509765625,0.264892578125,0.9326171875,0.583364498259745,11.613638323758089,2.9600691517049618,3.0169736474579123,1.012678110959618,2.9975972368658286,1472.980247437954,6.955258113102392,130.17547493358478,0.012960432403372293,0.0,13091894.288904967,0.2460666232638889,0.07654204133692952,0.2576964632596203,0.4559326171875,0.069580078125,0.3863525390625,-0.6072510093228412,2.6606859447374447,1.7692622219901961,1.9086250553809818,1.0472629722813402,1.8528828133537312,597.6672045886517,15.796008452815945,194.59850061232927,0.03686267387893505,0.0,5141728.1403392535,0.3289683702256944,0.10962079091264597,0.34675193785942077,0.653076171875,0.08056640625,0.572509765625,-0.5956447209794181,2.655898237245051,1.883410301625726,2.0556644161404383,1.0540585942060983,1.9852248148506213,1082.1321576833725,16.52558044423029,200.25615560318028,0.04067706268079274,0.0,9252514.406269787,0.2866666666666667,0.5897435897422937,0.6379613356711165,middle,1
1,10,0.29,29.0,1.5,0.5,1.0,-0.1463259548611111,2.516348176621153,2.520599022266457,5.13671875,-5.576171875,10.712890625,0.007502402281168755,2.0614415715123293,2.2122407514003712,3.153372385811145,1.2106366120910494,2.6782196484061656,57180.77487945557,503.0634064489208,246.4445751147712,0.36416909526918334,493.0,258180644.11721233,8.068226453993056,3.008872232544372,8.61101563258887,9.9951171875,1.34765625,8.6474609375,-1.2208411561769894,2.8642162434348633,1.1607361563334944,1.307178237423027,1.0672749062870086,1.2388245724749167,667346.3120222092,0.11510081793065023,2.877241305944684,0.03629200861064593,0.0,5639457667.747331,0.78770263671875,0.2896791061441304,0.8392791123518644,1.30126953125,0.05615234375,1.2451171875,-1.166681840209518,3.4926374270705507,1.5504609993235452,1.7495872740001444,1.0654770889772511,1.651980672133979,6339.504855871201,12.777681854891387,177.6869769506678,0.043281235496499905,0.0,53657031.14131092,0.3742404513888889,0.04847825833459194,0.3773672706885359,0.499267578125,0.264892578125,0.234375,-0.4541492392708088,2.144127279546058,1.3230282986988364,1.3399322602199122,1.0083551077576847,1.3340823427044666,1281.6545128822327,2.944733779509203,85.49103924862571,0.007953088857771287,0.0,11439710.272315143,0.2702250162760417,0.0820734419879917,0.2824138971459146,0.51025390625,0.0750732421875,0.4351806640625,-0.6470871222780206,2.8249072557089807,1.806759197776166,1.9428041268229856,1.045106411822274,1.888255622221425,717.818483710289,15.616096160394488,199.06157497971463,0.035644179375484246,0.0,6187558.016355338,0.3106056722005208,0.08833825463344369,0.32292341326515883,0.6146240234375,0.08544921875,0.5291748046875,-0.6736093699647088,3.254025518110225,1.9033120491976119,2.0285940306979984,1.03965716716096,1.9787920132982384,938.5157775133848,11.021657460508472,161.8427723434922,0.033711119405426405,0.0,8130594.491269069,0.31666666666666665,0.6556776556762146,0.7223198593962229,middle,1
1,11,0.38,32.0,1.5,0.5,1.0,-0.154833984375,2.4613278233705658,2.4661930615455727,5.1953125,-5.673828125,10.869140625,-0.00497093589504777,2.0717127551847785,2.300642319317,3.306422770279033,1.2150130600279583,2.795310464424301,54738.97395133972,502.30347677704464,255.7376405015757,0.34756873965106977,490.0,247296436.59501073,7.9936322699652775,3.1158950783187804,8.579449807914342,9.9951171875,1.376953125,8.6181640625,-1.1879616807438274,2.7327373744766184,1.1650067791385146,1.3270940296638156,1.073285525048369,1.2503849126327355,662462.6310586929,0.12338969671347169,2.773575896763672,0.03869428300714633,0.0,5568957193.112302,0.7170203993055555,0.2714821474738301,0.7666947302657693,1.30126953125,0.05615234375,1.2451171875,-1.2501256839760213,3.595063123714143,1.697245957067198,1.9334930753258248,1.0692788252708776,1.814829163170927,5290.387284755707,13.876190909635248,187.03110457086254,0.0463552298805791,0.0,44628532.04332591,0.35663248697916666,0.043141805319869976,0.3592324402600676,1.18408203125,0.264892578125,0.919189453125,1.395931238568837,28.556855131591465,3.2961444973886085,3.3320640134604713,1.007290287270003,3.320174337667253,1161.4315152168274,4.457803892913727,104.49901045544254,0.008247302006016456,0.0,10377504.666987062,0.2637926567925347,0.08332879693873721,0.2766410204162089,0.521240234375,0.0732421875,0.447998046875,-0.6379665089034896,2.70627620791564,1.8841755050964792,2.038231167001322,1.0487062975097536,1.975946717815441,688.7722875922918,17.53773020837118,208.64534926605484,0.03854097986518266,0.0,5917735.92644371,0.38342597113715277,0.12845934604801135,0.40437269805162596,0.9564208984375,0.0799560546875,0.87646484375,-0.7932944143552467,3.249231865128145,2.365196520545087,2.5902563888610386,1.0546304332262508,2.4944082311338547,1471.655510365963,13.902208430965496,177.19177611674604,0.04414183682909153,0.0,12576576.781667024,0.3566666666666667,0.7435897435881095,0.9121265377777116,late,2
1,12,0.4,35.0,1.5,0.5,1.0,-0.15418728298611112,2.688467602614894,2.6928853983310383,5.2978515625,-5.517578125,10.8154296875,0.0057355183952389355,2.058953883680401,2.0489465048967785,3.008440995713185,1.2246422233476761,2.5092264032781735,65264.685916900635,503.5346887935512,195.57462102983231,0.3214831414919067,500.0,294653922.2226143,8.018026801215278,3.2074762533075964,8.635777770446541,9.9951171875,1.337890625,8.6572265625,-1.2915056152067652,2.989488277945538,1.1574078737533344,1.333080679444704,1.0770452612027381,1.2465806657049103,671189.9193048477,0.13922446143185488,3.6889158530850743,0.0404976099778151,0.0,5624049165.715623,1.141506076388889,0.5060020298868478,1.2486289187274042,1.97998046875,0.04150390625,1.9384765625,-1.2420156998068022,3.3004707178604544,1.5857236998534356,1.9248845108288286,1.0938434271644881,1.7345334463850235,14031.667590141296,15.80768216159304,199.21713861451735,0.058471644950026706,0.0,115915469.39069034,0.4461325412326389,0.0603776471859332,0.450199627528057,1.142578125,0.30029296875,0.84228515625,-0.21737292487319237,5.116213659346695,2.537936628848622,2.573292965573132,1.0091163183998455,2.5610732672415253,1824.1173416376114,5.181739792410549,116.04419253938067,0.009960216798898996,0.0,16269415.929058192,0.26397148980034724,0.0948901877634603,0.2805086365180216,0.540771484375,0.0274658203125,0.5133056640625,-0.5583098119426391,2.7016289860779237,1.9278247225672487,2.1360250358647237,1.0626474727597268,2.0485980693671113,708.1658564507961,18.289744051872987,207.67245790776573,0.0472131035270595,0.0,6008826.820187271,0.3429695638020833,0.1156476525406599,0.3619426767220971,0.6390380859375,0.084228515625,0.5548095703125,-0.8961671537539417,3.0081058263223963,1.765578162053528,1.9366525802121273,1.0553201068591243,1.8632501346516133,1179.0225110948086,12.62991516601283,175.8599931704903,0.04212054510155242,0.0,10069540.731981399,0.4033333333333333,0.8461538461519865,0.869947275915159,middle,1
1,13,0.43,38.0,1.5,0.5,1.0,-0.15311686197916666,2.692015337419152,2.696366323466138,5.3955078125,-5.76171875,11.1572265625,0.005943131089181431,2.052748449742757,2.1368456874180435,3.094555393803892,1.2178870242094095,2.6024366354452364,65433.522152900696,506.3235936027153,219.19327061375063,0.33800078235673736,500.0,295400363.5938882,8.116930338541666,3.104365701390339,8.69031901190669,9.9951171875,1.328125,8.6669921875,-1.3442338731811472,3.1622139863560124,1.1501438754785,1.308286529343196,1.0706410735892766,1.2313912736245742,679694.8007583618,0.12790664904712662,3.1261192946944925,0.03834140027528248,0.0,5726951207.556628,0.8833414713541666,0.3575537113598098,0.9529621249143736,1.4794921875,0.0537109375,1.42578125,-1.3380211227231804,3.6337130079158584,1.5525194011581354,1.8157223416913904,1.0788151081058148,1.6748813855985463,8173.231303691864,12.832005198653736,178.60695218397188,0.050336211636945606,0.0,68381373.60264066,0.3694211154513889,0.040004486660935944,0.37158083843808926,1.563720703125,0.28076171875,1.282958984375,3.225269243012689,98.83999313027782,4.208292089801423,4.244716020586132,1.0058462358954647,4.232894758086813,1242.6508754491806,3.81076524075345,98.73091676293276,0.006918295256697375,0.0,11119044.323360918,0.27716078016493056,0.091962655076843,0.2920192253780825,0.5352783203125,0.072021484375,0.4632568359375,-0.6963436278903984,2.883257274767183,1.8330242456387336,2.00136483535993,1.053609479679111,1.9312917216932342,767.4770519137383,17.81656270657697,211.881685833162,0.041499391195445774,0.0,6564779.976917061,0.33874484592013887,0.1088773079961234,0.3558122241210121,0.660400390625,0.0830078125,0.577392578125,-0.8658939518435558,3.18090239126394,1.8560362625386955,2.0178902558742426,1.0503841708748731,1.9495511107458852,1139.4210495054722,13.89974400547127,186.60106019758757,0.03928906005540049,0.0,9774691.678017378,0.4266666666666667,0.8974358974339252,0.827768014052605,late,2
1,14,0.45,41.0,1.5,0.5,1.0,-0.14756673177083332,2.777589131570969,2.781506304890696,5.4345703125,-5.712890625,11.1474609375,0.006009569457031229,2.065353844062446,2.053883758937747,2.984735353407272,1.2199655824492583,2.5056674962564616,69630.99591732025,509.6020320864718,216.34983336563326,0.34335340918313406,504.0,314221433.6412669,8.155065104166667,3.0686833364337933,8.713317638678355,9.9951171875,1.3525390625,8.642578125,-1.3716177926639566,3.2475850353465323,1.1471080938367952,1.2994827299622327,1.0684546999171585,1.2256330341730772,683297.1384525299,0.12789535196510918,3.2821455516323774,0.03775212825633754,0.0,5768293140.943525,1.0134209526909723,0.39656581360113824,1.0882492691797272,1.8115234375,0.08544921875,1.72607421875,-1.2901365060991299,3.680939352360218,1.6646217817943303,1.9185872037041916,1.0738373489209856,1.7875330411197936,10658.578246831894,13.314088203781523,186.6932735472357,0.04840950486501936,0.0,89558003.25186849,0.37719021267361114,0.04280895556397568,0.3796117269174418,1.007080078125,0.267333984375,0.73974609375,-0.09241459418057332,8.002283206190762,2.652921410779724,2.6788032602048935,1.0064198755997937,2.6699528362199922,1296.9455689191818,3.4315810350154354,96.37388654077095,0.006961528137945765,0.0,11598289.904597403,0.29154310438368053,0.09743181065626481,0.30739280967750676,0.6024169921875,0.074462890625,0.5279541015625,-0.7256542285228904,2.8484328888052715,1.9597627960704433,2.1429279086531583,1.0543648779698565,2.0663050613353993,850.413054972887,16.717154728169604,205.97651316839395,0.041015917996271134,0.0,7269252.85168141,0.36498277452256944,0.12342367467963751,0.38528668439178865,0.6719970703125,0.084228515625,0.5877685546875,-0.8561918226777433,2.9043121501148885,1.7441481824672105,1.9136278096336903,1.0556297756646815,1.8411747545886021,1336.0124625265598,12.222558603822119,175.87176864280053,0.03988149361344022,0.0,11407167.138640583,0.45999999999999996,0.9706959706938373,0.6168717047398395,late,2
1,15,0.5,44.0,1.5,0.5,1.0,-0.1563400607638889,2.9220876229627093,2.9262669548199995,5.771484375,-6.11328125,11.884765625,0.004582322155599457,2.0288850249483366,2.089105793963337,2.99828843219635,1.2121497008832494,2.532308963266987,77067.34461784363,514.659072508444,220.61964319047382,0.3798526558124625,511.0,347793609.73782545,8.296011284722223,2.9645400987069213,8.80978440332564,9.9951171875,1.3671875,8.6279296875,-1.4948381770560148,3.641788671389451,1.1345473089813378,1.2706698351919403,1.0619301373840353,1.2048099796953764,698510.7110977173,0.12260978503514204,3.409855330379414,0.03553179997021333,0.0,5930662231.402255,0.6999039713541667,0.2537455622332481,0.7444812821491225,1.1083984375,0.068359375,1.0400390625,-1.4609973612595628,4.112821752262816,1.4888197515172648,1.6805815202325456,1.063690609881302,1.5836435894968548,4988.271415233612,10.919657255454078,168.41590039341636,0.04318459878872476,0.0,42286779.23619749,0.3849233669704861,0.05071944284320957,0.3882505123270556,1.258544921875,0.262451171875,0.99609375,-0.0030586154477998447,12.424194613016851,3.2415795521515802,3.2843648515207637,1.0086436564808912,3.2695986522642806,1356.64614289999,3.612486557566043,96.97582131055619,0.008666235944044897,0.0,12105630.593849715,0.30763014051649307,0.09965767259772859,0.3233696879143024,0.56640625,0.0750732421875,0.4913330078125,-0.8068787527240409,3.0986929626032214,1.7515749656422783,1.9063125759930344,1.0511638663569582,1.8411923131042875,941.11159555614,16.837705059836278,207.76408569629817,0.040024663498231056,0.0,8067774.338782205,0.39576863606770835,0.1299483415950894,0.41655658052443273,0.7708740234375,0.0830078125,0.6878662109375,-0.8317895903117272,3.381571548471541,1.850586593699087,2.0206111214552505,1.0525254973769964,1.947789574977009,1561.6744630038738,12.261341929632016,174.84127427584096,0.04024355431212711,0.0,13371164.466003327,0.47333333333333333,0.9999999999978022,0.448154657289627,late,2
1,16,,46.0,1.5,0.5,1.0,-0.1669379340277778,2.827800875421409,2.832724142032109,5.8740234375,-6.025390625,11.8994140625,-0.005632319663954935,2.0775396235282386,2.1270657935210884,3.06648803497561,1.2168642084699461,2.5883502331974513,72218.93458366394,513.1473041945401,234.4024008441605,0.36716179801313137,506.0,326113873.3944416,8.210130750868055,2.9786573707033646,8.733764748285514,9.9951171875,1.3818359375,8.61328125,-1.3807005887887072,3.3095021904947957,1.1444225343327403,1.2838275733190758,1.0637790083137264,1.2174126686645035,686507.8201055527,0.1208654127776843,3.395305460241471,0.03572487344639763,0.0,5819238192.26477,1.0114189995659721,0.40742061337281915,1.090394400611135,1.92626953125,0.07080078125,1.85546875,-0.9932493301612375,3.3019351083327333,1.766580542020955,2.045065919731324,1.0780837625929265,1.9045217976671496,10700.639539957047,20.905739381484988,219.9431293706047,0.05423279434927284,0.0,89583108.69427322,0.36447496202256946,0.04871857862659365,0.3677165999037153,1.37451171875,0.262451171875,1.112060546875,2.0120396378668013,41.48282061611451,3.7379648324447983,3.787450602349017,1.0088939933271361,3.771210266731888,1216.9394806027412,5.869965383082789,115.92342152139253,0.010274275881713089,0.0,10856328.665973244,0.2751662868923611,0.0889947098139049,0.28919983370844166,0.5401611328125,0.069580078125,0.4705810546875,-0.7583862503943731,2.9544191286292993,1.8677781583899478,2.030953259808043,1.0510002405219037,1.963035293716181,752.7288943529129,18.041547527929026,213.07920593553573,0.0418810224064595,0.0,6453797.854516656,0.44034891764322914,0.15983371726529924,0.4684591619814976,0.9161376953125,0.084228515625,0.8319091796875,-0.5994487584269825,2.815442702472205,1.95564046914025,2.1741564586213205,1.0638362971065132,2.080481315166249,1975.0858779996634,27.39408902314587,267.4804091191868,0.05032946040508812,0.0,16741131.513455886,0.47,0.992673992671811,0.14235500878611695,late,2
1,17,0.44,48.0,1.5,0.5,1.0,-0.14747721354166668,2.8736607486341783,2.877442549687962,5.8154296875,-5.9765625,11.7919921875,0.0025207149568054156,2.0599844813285975,2.0770397312175835,2.968089698077207,1.2117402169060547,2.516832574428963,74517.08064079285,514.1666167431922,226.38105243941206,0.3864654877729886,509.0,336208085.7182026,8.28,2.896141145742607,8.771888823740488,9.9951171875,1.396484375,8.5986328125,-1.3958893189144204,3.355520888852179,1.1394486852646597,1.2667980155184406,1.0594068627704625,1.2071397569442988,692514.3018245697,0.1185636391712387,3.238621829867628,0.0344271626867386,0.0,5892929558.563232,1.0126236979166667,0.3997151607843738,1.088659250336533,1.97509765625,0.078125,1.89697265625,-0.8439556205659093,3.0792250047804552,1.8142478058562688,2.078076742733979,1.0750876683759465,1.9504754434559843,10666.610670089722,21.229248980134642,218.04685429129518,0.05471664020056487,0.0,89528721.54294252,0.38114583333333335,0.05620706059000166,0.3852679326488635,1.417236328125,0.2587890625,1.158447265625,1.0348998389311799,21.745288960015344,3.6785732941158193,3.7384534409900696,1.0108150186989302,3.7183571330867187,1335.882419347763,6.770973475424593,123.32051145807928,0.011975315832164019,0.0,11894993.161514401,0.28216932508680553,0.09092946393642676,0.29645858974182093,0.5096435546875,0.0689697265625,0.440673828125,-0.7294286876362471,2.7824954948211147,1.7191053736362234,1.867256674802058,1.05064074434586,1.8061621493722217,790.9892588853836,17.02529121442339,208.63662735299255,0.03986723193372955,0.0,6784042.637447268,0.4191400146484375,0.1474520509175456,0.4443202214611472,0.843505859375,0.0860595703125,0.7574462890625,-0.6074151112980913,2.7259766871460727,1.8984187948935394,2.0954396616085758,1.0600758837897406,2.012467981804352,1776.7841327935457,20.519248991484208,229.55222854232733,0.04580986476379612,0.0,15110502.020709593,0.45499999999999996,0.9597069597048504,0.0,late,2
2,1,0.08,3.0,0.75,0.5,1.0,3.5280086424329876e+25,1.4589004685175583e+28,1.4589047343420792e+28,1.5876067210361666e+29,-1.5876059654575293e+29,3.175212686493696e+29,0.2791679420097016,118.48451732288599,10.882182254018993,14023.066005692466,10.882143748529032,118.42147158592634,1.9155627214971596e+60,2317.9704067355183,1328.0086358373646,0.9514641541568457,4141.0,8.620284294724268e+63,-9.446331786610128e+16,4.943011319502948e+18,4.943913856769407e+18,3.696437586108508e+19,-3.696429229820137e+19,7.392866815928644e+19,-1.0115014031486729,55.892006409370715,7.47674351373901,3124.9093057496075,7.476671794218085,55.90115734177547,2.1998055800840894e+41,2263.869519398651,1360.3482229476836,0.949473810426942,3089.0,9.903893604556953e+44,1.0584077337533632e+26,1.3595071317811185e+28,1.3595483309014102e+28,1.5876188102943627e+29,-1.5876174880317475e+29,3.17523629832611e+29,1.038505300252194,136.4222470688536,11.677545948232211,18594.32289917381,11.67748415857447,136.36435782150716,1.6635344976511293e+60,2161.7405134485603,1292.7915514603362,0.9493756010970476,1039.0,7.486560573068438e+63,4.6468253994381075e+30,5.384272445355623e+32,5.384472960694027e+32,1.044564768186717e+34,-1.0445622923066385e+34,2.0891270604933556e+34,3.229089884407221,375.156966922124,19.399573102361327,138427.7363730764,19.364287993593464,375.65892050689416,2.609329415800059e+69,2315.5726265965022,1271.529799812931,0.9474935650133223,3786.0,1.1742856887878076e+73,-1.1560133349358495e+30,3.9545794893104245e+32,3.95459638572102e+32,1.0405231415464582e+34,-1.0405231415464582e+34,2.0810462830929164e+34,-2.015572223723931,692.6796702590711,26.31174056860787,466567.9298566314,26.31035089839853,692.2711271077011,1.4074949316561977e+69,2250.4533480284854,1239.8759847264032,0.954546812041276,3549.0,6.3342685300492585e+72,-4.699516158286029e+25,1.641233669606195e+26,1.7071914009474543e+26,0.4510498046875,-6.201735590130352e+26,6.201735590130352e+26,-3.2065400316664254,11.283739756538035,3.632712528125741,174.14789681297057,3.6326960977405975,13.19654062513576,2.623052231522038e+56,10.919995122162941,87.37437004602054,0.3262563697555652,0.0,1.2698195852789828e+60,0.11000000000000001,0.0,0.0,early,0
2,2,0.14,9.0,0.75,0.5,1.0,-0.17634440104166665,1.0774265653472348,1.0917624977506248,2.1240234375,-2.67578125,4.7998046875,-0.008226029709241073,1.9838567366767053,2.450882179512946,3.3646170135071545,1.1914423726410521,2.920084879025252,10727.508163452148,443.2910720875386,312.66557399053596,0.22549583211316315,440.0,49533263.93437384,4.044118923611111,1.3797807087389187,4.273019151901565,5.2685546875,1.3525390625,3.916015625,-1.0201990501408742,2.353977414387384,1.2329817630595388,1.3546118327775025,1.0566007658560657,1.3027694751355758,164328.23405265808,0.11990585834240275,5.26589658141867,0.03074929044032588,0.0,1401850416.904688,0.7327194552951389,0.3478754362622716,0.8111073414306339,1.484375,0.048828125,1.435546875,-0.7985127976985453,2.484774462796341,1.8300598751578605,2.233712986455648,1.1069821274266745,2.02584357392294,5921.0560739040375,27.033296425983746,238.35043042800933,0.06574659719771206,0.0,48388305.27763962,0.45936143663194445,0.10433457137343684,0.4710611767575871,0.6591796875,0.26611328125,0.39306640625,-0.47875946169743244,1.8295275236467483,1.399350487840821,1.4553853934026704,1.0254695740469641,1.4349913487115846,1997.0876902341843,8.073843747345347,133.35815716780567,0.019526980285604068,0.0,17532918.82110834,0.14212226019965277,0.06495830593668052,0.15626361814069578,0.3594970703125,0.0146484375,0.3448486328125,-0.5925039189732728,2.710861356675827,2.300580740339171,2.7491126929814493,1.0995013583380802,2.5294916489855317,219.76486518979073,18.869916854513377,194.63832642723216,0.06433221495665167,0.0,1806990.8938869834,0.21649210611979167,0.059260961958390874,0.2244564403718837,0.447998046875,0.0860595703125,0.3619384765625,-0.19179144790491587,2.809264311473214,1.9959242253452492,2.1127718489708753,1.0367881046279273,2.0693504945858843,453.4262426197529,16.353417376458392,180.12568421712956,0.03233569852939533,0.0,3938605.8283843105,0.12000000000000001,0.024691358024630385,0.09677419354762856,early,0
2,3,0.14,12.0,0.75,0.5,1.0,-0.17982476128472222,1.0871586156461126,1.1019304879821954,2.2900390625,-2.6416015625,4.931640625,-0.010520379157866978,1.9807912075557677,2.3972488204176856,3.287243579563444,1.1908955268067742,2.854872896880829,10928.257203102112,442.3497766013817,309.618543326377,0.22120161787347165,440.0,50487018.69509221,4.089541015625,1.3773562145134362,4.3152584928527675,5.3173828125,1.34765625,3.9697265625,-1.027173141622062,2.3583949383617426,1.2322281090010687,1.3503774198789975,1.0551938411582886,1.3002395115203536,167593.10274124146,0.117869855988713,5.262593615588094,0.030258165654735707,0.0,1431504963.949442,0.7553133138020833,0.34344895055667185,0.8297321155922336,1.51123046875,0.06103515625,1.4501953125,-0.8808533456954328,2.559415739091958,1.8213474449756781,2.184969576502398,1.0985270621200143,2.0007994578313375,6196.098452806473,24.365376830078855,228.75670421108126,0.06083444138047642,0.0,50987620.223432794,0.45927910698784724,0.09277408920079018,0.4685555780722182,0.67138671875,0.272216796875,0.399169921875,-0.45171473490167374,1.8472975390319801,1.4328859801666616,1.477967087037895,1.0201978947925368,1.4618272604468887,1975.8989676833153,6.827232743808256,122.46176796788274,0.016310609363659724,0.0,17434507.30428845,0.15471401638454862,0.03691230644903467,0.15905642154036354,0.33203125,0.0738525390625,0.2581787109375,0.2240355617601666,3.010897203707834,2.0875060986685994,2.1777123203722297,1.028067302861517,2.146096764578688,227.6905070990324,14.90591329776746,172.8388776735273,0.026885440645865746,0.0,1994032.8298065814,0.21594618055555556,0.055404628132165325,0.22294040843910762,0.43701171875,0.0860595703125,0.3509521484375,-0.07566191291226579,3.095511231547597,1.9602176285928985,2.0601638328979273,1.0323887547560504,2.023706636642958,447.32183143496513,16.020560342557324,177.54217581214115,0.030993892367265224,0.0,3901574.7626818717,0.14,0.07407407407389119,0.118279569891546,early,0
2,4,0.14,15.0,0.75,0.5,1.0,-0.17196180555555557,1.15868839653364,1.1713793846707499,2.4169921875,-2.6953125,5.1123046875,-0.008521658775132043,2.0020581427920154,2.3009731392492405,3.17778063813721,1.195143495515166,2.74999308073119,12349.16696548462,448.5872866021848,315.52341456462227,0.21826144982777568,441.0,56769423.475694634,4.342749565972222,1.5356079463651722,4.606252876003638,5.6640625,1.357421875,4.306640625,-1.0016219518985403,2.3185856294124125,1.2296464506987472,1.3608784560360925,1.0606766073031346,1.3042572255097715,190958.09001922607,0.12428907254426186,5.309182096785796,0.032311245063289765,0.0,1623120093.7067509,1.0291834852430555,0.46919455618301154,1.1310889345444133,2.05810546875,0.0732421875,1.98486328125,-0.9834917978056317,2.7462362410072942,1.8195788199246739,2.197750761387082,1.099015822505345,1.9997459133945885,11514.259600639343,21.7419911872842,224.63576507544343,0.061724435114514906,0.0,94712532.71467686,0.38013251410590276,0.054777882098508215,0.384059037971602,0.7080078125,0.267333984375,0.440673828125,-0.2151901261684578,2.316001633692946,1.843486918671363,1.8725379160022877,1.0103293554720632,1.8625289503672673,1327.512101829052,3.5943797463441025,87.4419028367068,0.009710666488214002,0.0,11826083.998312054,0.144810791015625,0.03343585790432581,0.1486207313545768,0.2972412109375,0.07080078125,0.2264404296875,0.06766867813396514,2.8518174251936044,1.9999983059318085,2.0813503261766355,1.0263097819658646,2.052617825306784,198.79309609532356,12.069949163508051,157.96364346764446,0.024254733220080083,0.0,1743860.633717477,0.2074698215060764,0.05868617196886736,0.2156102817959354,0.438232421875,0.079345703125,0.35888671875,-0.13978499635181235,2.833125638285931,2.0325209828709982,2.1595387743649193,1.039236840470224,2.1122706844380867,418.390142545104,16.767332270887902,193.88569936174164,0.03417910764301146,0.0,3626026.7125610257,0.14333333333333334,0.08230452674876798,0.10752688171958712,early,0
2,5,0.15,22.0,0.75,0.5,1.0,-0.17194498697916666,1.2425245440116575,1.2543653060486977,2.63671875,-3.0029296875,5.6396484375,-0.0029522259771646527,2.018387309729669,2.393983373915975,3.329876295065241,1.1988228396636258,2.869961946427745,14160.890889167786,450.8391717512462,303.7288482953275,0.2206438352204683,442.0,64921442.70050525,4.627128363715277,1.6922220353640203,4.926858259709729,6.09375,1.30859375,4.78515625,-1.0032471616569805,2.315126996157546,1.236842969450025,1.3793977181352823,1.0647766546404438,1.3169615193268176,218465.39080142975,0.1352365200791342,5.414729568992109,0.03411121317058646,0.0,1850212092.8541422,0.9865782335069444,0.44409590653877534,1.0819231881396107,1.8798828125,0.07080078125,1.80908203125,-0.897563293235436,2.7677165768104737,1.7375381479074865,2.0824191797357345,1.0966420618187078,1.9054574170116862,10535.020065307617,21.386667626380184,221.03111825851903,0.060343271002906,0.0,86827724.34645891,0.33560004340277777,0.053738632623810824,0.33987531503217944,1.392822265625,0.264892578125,1.1279296875,10.690574919495184,154.39405575596197,4.098038910207496,4.1668677235890295,1.0127391867564746,4.15024459323214,1039.637067914009,18.444583128358044,210.24264234158795,0.01726948845438319,0.0,9239776.067471504,0.08535630967881945,0.06606211077588507,0.10793471212798891,0.242919921875,0.0164794921875,0.2264404296875,0.13417375257244252,1.3320195117168954,2.2506190741000456,3.4763262194236,1.2645194307587035,2.8459515504620376,104.84911873936653,15.104602082104437,180.43792748535273,0.10364324217302147,0.0,766892.2219023108,0.20311930338541667,0.05064429113780088,0.2093377549144618,0.389404296875,0.079345703125,0.31005859375,-0.5492056519376666,2.95432604397307,1.8601723183295609,1.9516511696784977,1.0306147738022469,1.9171210730975796,394.4006606936455,11.665467766188982,164.25813473043266,0.02747719664009883,0.0,3445729.9148537214,0.15166666666666664,0.1028806584359599,0.06451612903175238,middle,1
2,6,,24.0,0.75,0.5,1.0,-0.17216254340277778,1.2517756066372066,1.2635593024163367,2.5,-2.8857421875,5.3857421875,0.0024486339774651106,2.008070682220608,2.283820143604845,3.1658632693013318,1.196861789620716,2.7334170642488993,14369.238996505737,449.4569707732377,293.48615113754556,0.21721485622870157,442.0,65862004.325389855,4.667266710069445,1.6964247953461522,4.966008017430871,6.123046875,1.318359375,4.8046875,-1.0102050580486845,2.3261731703839246,1.2329917417585003,1.3732358240619844,1.0640077642693613,1.3119127865113118,221951.1206626892,0.13347063912562904,5.362850845287807,0.033904162064764175,0.0,1881006873.9798074,0.9164512803819445,0.38282622489478435,0.9931962886463569,1.69677734375,0.1416015625,1.55517578125,-0.7745749961989887,2.533006205610877,1.7084008097340522,1.975385019594702,1.0837415036741986,1.8514648624212646,8877.949810028076,19.803128597886186,214.36367465743646,0.053916758827675,0.0,73966033.63243343,0.3486207411024306,0.10921429447481854,0.36532750135247183,2.320556640625,0.267333984375,2.05322265625,10.474534265553496,137.96239170260375,6.351990014515088,6.735087954052588,1.0479224506154228,6.656392942313566,1201.1776491999626,64.54100645334842,382.473792859913,0.05686209047410339,0.0,10327539.15819675,0.16133680555555555,0.04168873771571104,0.16663587752702144,0.57373046875,0.07568359375,0.498046875,1.5161897210524076,13.368649256498195,3.4430188580098644,3.613104745962681,1.0328447805334062,3.5561040567949176,249.9076411128044,20.15537030543056,207.17905506502464,0.0323704592228828,0.0,2178782.5960643585,0.17275146484375,0.07337023367032945,0.18768659993324016,0.367431640625,-0.003662109375,0.37109375,-1.1295332013257582,3.5061446788524804,1.9576871271243508,2.3454768900191643,1.0850402988263304,2.124169425434783,317.03633815050125,10.0464076531834,152.27085759221575,0.055264477214370895,0.0,2635308.343589306,0.165,0.13580246913546717,0.19354838709525699,middle,1
2,7,0.18,27.0,0.75,0.5,1.0,-0.16674045138888888,1.33012796265049,1.3405382408398925,2.70263671875,-3.03955078125,5.7421875,0.003738466795485632,1.9808132240545029,2.2674107225343687,3.125044117595298,1.192737649431982,2.7044261354945323,16173.384976387024,454.0810874130645,298.8412171308875,0.21246133755092542,443.0,73906352.61621474,4.985134006076389,1.8026032898579174,5.301031944739233,6.4990234375,1.3427734375,5.15625,-1.0412350809712,2.414111953607132,1.225992128560635,1.364621737215626,1.0633679933732436,1.3036807896391602,252908.45711231232,0.1295053909460701,5.3818387385561035,0.03363651056483825,0.0,2144576279.876542,0.7194590928819444,0.30424656447669507,0.7811449022597422,1.318359375,0.07568359375,1.24267578125,-0.9568431793487999,2.8215420245293656,1.6877270416596002,1.9724428695443388,1.085739147627722,1.8324313196420972,5491.686224937439,19.894992054123016,212.56259183090873,0.0558785514462968,0.0,45676255.113339424,0.32281087239583334,0.11090208512128859,0.34132994568482933,2.498779296875,0.260009765625,2.23876953125,12.29110022957309,178.25861451190022,7.320715127570302,7.835478302718669,1.057368183266239,7.74069125467136,1048.5551863908768,74.12024190791809,406.01157506515915,0.06510000916416775,0.0,8938891.431167724,0.16193162706163194,0.0362875143473927,0.16594768916842345,0.2740478515625,0.078125,0.1959228515625,-0.2730577294731182,2.4657471399135953,1.651411073779474,1.715443585115421,1.0248009742052315,1.6923676772327108,247.84771986305714,10.185082803492605,155.599546768732,0.02219153973296177,0.0,2177299.7455317527,0.19299472384982638,0.040295131852121815,0.19715643810144934,0.3350830078125,0.087890625,0.2471923828125,-0.43830983134570983,2.9143355573514835,1.699579334246134,1.7571119987932273,1.021563875776416,1.736228851890788,349.83594976365566,7.824250577787466,132.54825494718867,0.020549204766225102,0.0,3082763.8685885826,0.18833333333333332,0.19341563785960472,0.3440860215026795,middle,1
2,8,0.22,33.0,0.75,0.5,1.0,-0.16713948567708334,1.4386219151987851,1.4482985267418524,2.91015625,-3.1689453125,6.0791015625,-0.0012299587167383342,2.002198035906848,2.1880470455402534,3.0347042886794764,1.1962476748883473,2.617446190775653,18878.117603063583,457.94264287752014,300.9644558097843,0.2372466561936211,445.0,86083086.24675868,5.3473122829861115,1.9419804788379318,5.689027758058642,6.9970703125,1.328125,5.6689453125,-1.034724218219209,2.458405957770553,1.2299237426970284,1.3707909497846325,1.0639041553938648,1.3085209806731732,291285.33148765564,0.1297062191855721,5.408840144601881,0.03380567362456681,0.0,2468830812.118768,0.8538145616319445,0.3709523719526386,0.9309161981145446,1.64794921875,0.07568359375,1.572265625,-0.6881210085850304,2.5470565857952767,1.7702444345537727,2.0783443299521096,1.0903025550819152,1.9301020301155916,7799.4447112083435,23.748417622169587,214.69576695998845,0.060533044925179094,0.0,64621974.37764406,0.3290787760416667,0.1579248775555175,0.36501110639541723,2.498779296875,0.2587890625,2.239990234375,9.632786857612675,106.72190905120834,6.845762370203667,7.765429636820852,1.1091906648762173,7.593255715011597,1199.0979701280594,133.03176752718306,531.6981520888927,0.11351668182265279,0.0,9781801.052322986,0.17106180826822917,0.03986273719920563,0.17564503996700087,0.3033447265625,0.079345703125,0.2239990234375,-0.3243405890692648,2.540102216704046,1.7270326939933147,1.7998149293823005,1.0267928402262547,1.773304805039092,277.66062058508396,11.002562960974874,160.87955436984848,0.02396606654791196,0.0,2434589.5996857435,0.21616780598958332,0.0506245371060866,0.2220165851992947,0.423583984375,0.0885009765625,0.3350830078125,-0.4552418520910384,2.905534172836987,1.9078934305419526,1.9898454721127585,1.0270566617536294,1.9595146577629239,443.6222769320011,10.277668489501744,155.0068398401931,0.024532526898020084,0.0,3888805.645752698,0.22,0.27160493827093435,0.5376344085979365,middle,1
2,9,0.26,39.0,0.75,0.5,1.0,-0.16352349175347222,1.603090193239153,1.6114087315187269,3.29833984375,-3.64013671875,6.9384765625,2.0689150242328464e-05,2.0016627962372064,2.2589779039592086,3.1324907704865903,1.195569759689664,2.700765669782448,23369.742900133133,464.7607943571443,289.6640984016337,0.2931466957158047,453.0,106246810.32281518,5.961409505208334,2.200690573080385,6.354639430151261,7.79296875,1.3427734375,6.4501953125,-1.0176571842225957,2.468482225306599,1.226343183693945,1.3722858343107949,1.0659625755617537,1.3072359386132042,363432.98058509827,0.12343576235591615,5.244745258233245,0.034198610631506116,0.0,3074753745.8479414,0.8194854058159722,0.33510930100446923,0.8853556200561855,1.95068359375,0.08056640625,1.8701171875,-0.6561177467528324,2.9343419211240933,2.2032769088019166,2.537969820878973,1.0803799723236622,2.3803762457554676,7054.691165685654,26.64779848698913,217.9880314568825,0.05801743281692467,0.0,58944142.16795566,0.30199503580729165,0.09279172260808466,0.3159292728393859,2.489013671875,0.247802734375,2.2412109375,14.384801668093447,251.24426211214248,7.878388885896314,8.321970307124289,1.0461406161654252,8.241902603508496,898.3017489314079,59.524242817804,366.257015545674,0.054330577020432445,0.0,7735998.513878882,0.17760701497395834,0.04179267571251041,0.18245788421214065,0.341796875,0.0750732421875,0.2667236328125,-0.4047451899146482,2.672097974277306,1.8732918912987357,1.9542311124892502,1.0273123741078936,1.9244559402577177,299.61791560053825,11.812318232815565,166.02307925689567,0.024732848662685103,0.0,2625823.208425939,0.2697915310329861,0.0775897850417849,0.28072699364320686,0.540771484375,0.0872802734375,0.4534912109375,-0.40062039286374324,2.9155044137519432,1.9263252078294022,2.0533082806492047,1.0405330091990295,2.0044049652058136,709.2688046395779,16.33207593264174,201.42612794119907,0.03406476142587379,0.0,6139602.222252639,0.26333333333333336,0.3786008230443328,0.7311827956931937,middle,1
2,10,0.31,45.0,0.75,0.5,1.0,-0.16091200086805554,1.7032291497901368,1.7108133179041465,3.49365234375,-4.0625,7.55615234375,8.37471616068494e-05,2.0612644433175866,2.3746015754509338,3.4276637570068478,1.2180986329615386,2.892498932886789,26341.939878463745,468.1491988109497,262.071282204308,0.30897587950482,457.0,119587382.99852607,6.2446489800347225,2.6755607571049977,6.793693122949326,8.4814453125,1.357421875,7.1240234375,-1.0431295824742546,2.379770504433124,1.248429265055871,1.45944001293466,1.0879223387365582,1.3581940857869454,415388.3962392807,0.18826095994460393,7.735317368209085,0.04301743699772628,0.0,3448571239.530969,0.7520345052083334,0.37013597532982084,0.8381864573335103,1.767578125,0.087890625,1.6796875,-0.7138854115567779,2.3979573749621137,2.108812555408039,2.600822383056082,1.1145585096526867,2.3503949788952623,6323.008835315704,25.421729233987474,214.78056188471945,0.07112917443924661,0.0,51358555.41087389,0.33510606553819444,0.041854460608899934,0.3377097437643022,2.03125,0.269775390625,1.761474609375,11.99087026460894,401.8665562308439,6.0147805549005895,6.07967812376392,1.0077697138096213,6.061513678457791,1026.4308393001556,6.602741127842274,121.33127738386794,0.010407846923821452,0.0,9166929.96905446,0.19243855794270834,0.0563520623079786,0.2005197085311851,0.3564453125,0.0714111328125,0.2850341796875,-0.4957976889229798,2.361460050224847,1.7776073739045335,1.8990623942725686,1.0419934064868674,1.8522551629401969,361.87338158488274,12.446121590210723,171.43579585649508,0.032513672497238584,0.0,3128250.5458749826,0.28283528645833333,0.10205021038960461,0.3006826312019536,0.560302734375,0.078125,0.482177734375,-0.4868951898868736,2.4468438702328683,1.863435650184959,2.0631366614712894,1.0631015491950875,1.9810213265435732,813.6904023587704,18.980231532004044,217.88280136156035,0.04553302103219237,0.0,6901437.243524939,0.31666666666666665,0.5102880658423615,0.8924731182725741,late,2
2,11,0.38,51.0,0.75,0.5,1.0,-0.16134223090277777,1.8906052415478352,1.8974771394777945,3.9013671875,-4.27734375,8.1787109375,0.00028354404334103095,1.9753349923275405,2.2542267630032766,3.129437711622204,1.1945736963372966,2.6928399966647025,32403.775453567505,476.62569061322404,268.0041989482812,0.3051320871095431,465.0,146871267.23905796,7.0578271484375,2.610087495666785,7.5249904180841005,9.1552734375,1.34765625,7.8076171875,-1.149943666786299,2.839443069411791,1.2166491821035117,1.3663011368646043,1.0661908062949597,1.2971801724452188,509629.3271303177,0.13331882352055766,5.732568418895836,0.035055856936790725,0.0,4310755396.406579,0.5336482747395833,0.20488813529480954,0.5716289260675302,1.25732421875,0.08056640625,1.1767578125,-0.5006661472100167,3.112128970237162,2.1995461765685116,2.4800272727496115,1.071171693275707,2.3560916023971212,2940.836662054062,26.671566656381206,212.48666430511258,0.05510518951003674,0.0,24767374.578434236,0.3351628960503472,0.03752664011232151,0.33725719504107776,1.43310546875,0.262451171875,1.170654296875,5.337780561258567,118.9190149925023,4.249295462981003,4.287568959305951,1.0062486003504687,4.2758476121129085,1023.68174046278,5.598123869509888,111.25868262669975,0.008339543678067307,0.0,9156101.592458786,0.2064763726128472,0.054392538581268024,0.21352058612853717,0.364990234375,0.076904296875,0.2880859375,-0.5049866684536256,2.7818812742151047,1.7093913097146065,1.803467948360885,1.0341163176469788,1.767709446628094,410.3193663060665,13.230280108515641,179.19515114596732,0.029257414195242346,0.0,3573053.555134684,0.3233123101128472,0.10531528602945152,0.3400325857060924,0.6268310546875,0.081787109375,0.5450439453125,-0.6142424617549235,2.8445459243830817,1.8434440728202997,2.004831693544861,1.0517155551125088,1.9387788063707672,1040.5994340777397,18.519678770652273,213.37718720056913,0.041529797888039524,0.0,8916196.881319582,0.37333333333333335,0.6502057613152671,0.9784946236482439,late,2
2,12,0.43,59.0,0.75,0.5,1.0,-0.16300889756944445,1.910561701650182,1.917503042109515,3.896484375,-4.42138671875,8.31787109375,-0.0017168862653460057,1.9872924502050844,2.305804278612025,3.1860118362878467,1.1925512925358903,2.7497898727949908,33091.361248493195,479.27869361565473,280.04381877473685,0.36874721918691883,467.0,149987288.34109306,7.135653211805556,2.59045593800727,7.591311396979317,9.453125,1.357421875,8.095703125,-1.0719420122306664,2.7193356044464347,1.2452558597135506,1.3903674898047134,1.0638565484683078,1.3247736008749678,518652.0785331726,0.12783941331838042,5.639718751801568,0.03382713877458327,0.0,4396094997.213745,0.7833219401041667,0.28317786781137355,0.8329363521102626,1.6796875,0.078125,1.6015625,-0.7119251111372974,3.691688695996932,2.0165856559657387,2.2541581557414787,1.063338468469854,2.1443131029554587,6244.046700000763,27.004783956993524,217.06481696540715,0.051527934527178305,0.0,52948737.28963138,0.31990397135416665,0.053821970811293085,0.32439999295650296,2.158203125,0.252685546875,1.905517578125,15.729030477161485,388.5114204138491,6.65290743481221,6.774070765582172,1.0140542850477612,6.746409292318227,947.1181988716125,16.778962910817786,192.391170755507,0.02012073838842786,0.0,8406753.85158062,0.22443488226996527,0.05724534322479154,0.23162047772262573,0.4583740234375,0.0787353515625,0.379638671875,-0.5479284568093568,3.1488959935907093,1.9789874709801833,2.0814024767621695,1.0320163932582687,2.042347512113089,482.83241130411625,12.864287885917358,175.54626921478317,0.02883131086107563,0.0,4212772.2319010645,0.3481432427300347,0.10798203698627828,0.3645049214623718,0.675048828125,0.087890625,0.587158203125,-0.36753604872502266,3.17662506073582,1.8519608059471264,1.9961915766833913,1.0469969734382512,1.9389973587582252,1195.7745399326086,24.568161272204307,252.46756443598628,0.04012372397797087,0.0,10289746.878886595,0.43,0.7901234567881726,0.9999999999921613,late,2
2,13,0.48,66.0,0.75,0.5,1.0,-0.1576150173611111,2.1350124182044787,2.1408223932837305,4.3408203125,-4.7705078125,9.111328125,-0.002777086549245653,1.9444153123783674,2.2283529112288765,3.0709477491768493,1.1889655499041318,2.6494348444809517,41248.08467626572,486.81607347822,267.37851956963345,0.3670527737308886,476.0,186624616.76021814,7.936211480034722,2.811626491892703,8.41954251641666,9.9951171875,1.34765625,8.6474609375,-1.250013803854396,3.2127020422302066,1.187133050045184,1.322421681016483,1.060901985487257,1.2594318098306283,637998.26567173,0.12196224484069049,5.228899094704728,0.033469422011522296,0.0,5421822028.500962,0.5074161783854166,0.18409201432154207,0.5397787026404652,1.24755859375,0.078125,1.16943359375,-0.4824493792990386,3.4598475325488276,2.3112408615696354,2.572202638323898,1.0637790548124844,2.4586496191690936,2622.2494304180145,27.691628488019543,215.3649121571364,0.05323494811319387,0.0,22227705.18353581,0.28387532552083333,0.01774959476885937,0.2844296900009171,1.309814453125,0.250244140625,1.0595703125,24.61266422195639,1308.3317518516715,4.6050553059920425,4.617301189251377,1.0019528448908503,4.614048264734654,728.1022369861603,2.504467377627558,78.30948508872743,0.0033731261528388364,0.0,6540160.684910417,0.24197530110677085,0.06675395117828192,0.25101421542140767,0.455322265625,0.074462890625,0.380859375,-0.654002049528099,3.0825008476139772,1.8139301985697582,1.9254559791320527,1.0373546980714825,1.881689013467572,567.0732270926237,13.184781575117492,180.12016648275943,0.031973890308146374,0.0,4923187.702665105,0.3918490939670139,0.12978398439532302,0.41278274557967554,0.7623291015625,0.0830078125,0.6793212890625,-0.6402275773607754,3.0818557159621505,1.8468046683736883,2.016095020635958,1.0534227383293897,1.9454660309224243,1533.5063554346561,22.26283729938939,233.46871766872454,0.04523800733971813,0.0,13119379.97175306,0.48666666666666664,0.9300411522610782,0.8172043010688628,late,2
2,14,0.55,72.0,0.75,0.5,1.0,-0.15812445746527778,2.149627801041138,2.1554356930926164,4.53125,-4.9267578125,9.4580078125,0.0024791387401009663,2.029467252537985,2.285736395795139,3.310435000661949,1.2167555351091945,2.7811824113855663,41813.12724351883,489.53689054512586,267.3596783970525,0.3740227755742385,478.0,189171708.9577436,7.712771267361111,3.2743408504888256,8.379030291615553,9.9951171875,1.328125,8.6669921875,-1.175542120261132,2.7130804304538323,1.1928727835606927,1.3974712990631222,1.086383869190161,1.2959177500564576,631873.3376502991,0.17914280753815703,7.464994751257555,0.042971152724402904,0.0,5252647066.867637,0.4362356228298611,0.19490170068825388,0.4777951355517661,0.9912109375,0.05859375,0.9326171875,-0.6476035507284394,2.7020600693337196,2.074552174653804,2.4536236107775617,1.0952684983661196,2.272191645119995,2054.593724012375,26.363707434822935,210.57091403955576,0.06526336392857594,0.0,16952884.572416544,0.2766118706597222,0.01534964917701256,0.2770374319829872,1.12548828125,0.247802734375,0.877685546875,21.287200837084914,1088.4765286339648,4.06258559787348,4.071234779174015,1.0015384781616512,4.068835797110333,690.7476484775543,1.966580382662157,69.22170324455028,0.0026678124274710125,0.0,6207186.568689346,0.24990688747829862,0.08421288857118948,0.263714358749376,0.479736328125,0.076904296875,0.40283203125,-0.6408336845362526,2.6590254700473066,1.8191513363104506,1.9899605070177866,1.0552504631198736,1.919660290134019,625.9073670953512,14.4949834981101,184.1789736378206,0.04149300495690806,0.0,5345948.118412867,0.35015489366319447,0.13114163748862448,0.37390717917617045,0.97900390625,0.0872802734375,0.8917236328125,-0.5263148839421835,2.8024569360321343,2.6183073253752998,2.9271042394952986,1.0678336528826438,2.7959166756323683,1258.2592077553272,23.207552778417494,237.41749857940076,0.05291314126393993,0.0,10627809.756333381,0.5149999999999999,0.9999999999975309,0.7258064516072135,late,2
3,1,0.0,0.0,0.75,0.25,1.0,-0.1841259765625,0.8639869776060685,0.8833888570261476,1.6455078125,-2.10205078125,3.74755859375,-0.0208338327655218,1.803417818085524,2.379530559536367,3.1016032147675365,1.159287609559918,2.7585602942428116,7023.38285446167,423.1242360901573,330.5253526704157,0.2406983489713426,435.0,32978281.591379642,3.3854106987847223,0.517663859676958,3.4247600603636026,3.8720703125,1.2890625,2.5830078125,-2.4413747315960372,8.923990283044116,1.1306106834496827,1.152479993768223,1.0116232165249535,1.1437520162291779,105560.83323955536,0.187788137726691,10.781485987902087,0.010976049928498209,0.0,939194476.927304,1.1785240342881944,0.5985827247657463,1.3218245639202302,2.71728515625,0.087890625,2.62939453125,-0.010183678540381554,1.6741326385554856,2.0557078680616256,2.498495400651259,1.121593217840029,2.3056680026800485,15724.981600046158,64.75607512566806,251.77600969058219,0.06188138625503394,0.0,127013632.96819331,0.283421630859375,0.0125307065653538,0.28369850095834986,0.3564453125,0.2490234375,0.107421875,0.6603535528578954,3.7796075824070035,1.2564229676739596,1.258257524608381,1.0009768841465432,1.2576503473568659,724.3635550141335,1.1573909363508994,53.2760868940777,0.0015928975003866393,0.0,6512913.56766969,0.13543592664930557,0.020775706113759815,0.1370201452045698,0.2423095703125,0.0836181640625,0.15869140625,0.8589820047097508,3.9527095936433074,1.7684229567044003,1.799236659001929,1.0116971810467592,1.7891085202092742,168.97068172693253,9.832389995680618,136.11738313899144,0.012911812472311403,0.0,1503255.1219858231,0.18696512858072917,0.04680967554554328,0.19273584261856336,0.4473876953125,0.0946044921875,0.352783203125,0.9791992414680175,4.109224741513355,2.3212480316678192,2.428365575754246,1.030865189036102,2.3928937909773413,334.3239452689886,20.899928635315337,171.22338022428255,0.026094063219181663,0.0,2920174.1458464414,0.065,0.0,0.0,early,0
3,2,0.13,3.0,0.75,0.25,1.0,-0.17283040364583332,0.8559848918440002,0.873258543324694,1.74072265625,-2.216796875,3.95751953125,-0.0259791559937517,1.939803216739665,2.5385344259646305,3.3975956833333374,1.1771129599891081,2.9881417721848993,6863.224351406097,427.1879437747541,332.4723020383407,0.25762346340016073,436.0,32094258.864176262,3.288376736111111,0.8045656167935906,3.385372563001481,3.984375,1.30859375,2.67578125,-1.6356662253044438,4.200648156585707,1.1769384095398543,1.236242285005246,1.029496567660325,1.21165405296924,103146.72651290894,0.22326666372881035,11.337077957606766,0.021643098237030204,0.0,902103842.9176806,0.8593155924479167,0.49878305826958164,0.9935833264708456,1.94580078125,0.09033203125,1.85546875,0.06550634870443137,1.7929412513640244,1.9583669828271184,2.5316522482565915,1.1562496191175662,2.2643610779885517,8884.870439767838,68.08089587984843,287.31644262522815,0.08847634644256964,0.0,69888060.12514234,0.290269775390625,0.014258048875727633,0.2906197420394329,0.3759765625,0.252685546875,0.123291015625,0.8502887896317368,4.229895662322774,1.2937062013071765,1.2960336010369575,1.0012056599669592,1.2952659710875565,760.1385101675987,1.20086794131625,53.53978259372399,0.001881102959914033,0.0,6833013.328589499,0.13725138346354165,0.023748027370329942,0.1392907429323216,0.2557373046875,0.0836181640625,0.172119140625,0.7978836012680937,3.680483154353932,1.835996415138092,1.8767283040573135,1.0148585713039957,1.8632766987996787,174.6171995997429,10.680680192052254,140.44181051173513,0.016032228324455857,0.0,1548714.302755892,0.16852450900607638,0.031633816810242105,0.17146780602119768,0.2880859375,0.0921630859375,0.1959228515625,0.42116043110195545,2.632241497382157,1.6801167763393747,1.724420208350828,1.0174650976968442,1.7094601799902185,264.6108765155077,12.599891974177666,155.0228207274206,0.01800318512035819,0.0,2340969.692728295,0.08666666666666667,0.050387596899107615,0.31609195402017604,early,0
3,3,0.13,9.0,0.75,0.25,1.0,-0.1774875217013889,0.9239479336692294,0.9408409028583631,1.98486328125,-2.3779296875,4.36279296875,-0.018101542720649632,1.9786407808871749,2.5274514323017834,3.409118671650559,1.1819820402439516,2.9874022005727348,7966.634440422058,431.35051357657835,328.46867543473917,0.2574375102560743,437.0,37125679.150509834,3.5270301649305558,0.9517259892386221,3.653180004177497,4.3603515625,1.2841796875,3.076171875,-1.5030763895118948,3.768498233528698,1.1935769815647306,1.2673824311880113,1.0357665892682801,1.236267159224768,120111.51728630066,0.24225248402271157,11.688438796687384,0.02502869137974747,0.0,1044319470.484066,0.7512087673611111,0.3849717255809871,0.8441077192260492,1.5625,0.09033203125,1.47216796875,-0.23966636916959705,1.7447434715669539,1.8510670669269365,2.2771660678140737,1.123665957986826,2.0799810490587842,6412.660574913025,51.0838428291059,261.41818499523976,0.07855161097570898,0.0,51711715.026772015,0.2855999077690972,0.012616314231000441,0.2858784334336751,0.35888671875,0.24658203125,0.1123046875,0.7901667804402179,4.323294037736817,1.2553822771384668,1.2572106410229864,1.0009752302294233,1.25660656388901,735.5383083224297,1.5442420594020327,65.69815051424847,0.0016775399730023996,0.0,6613398.33945781,0.14192179361979165,0.02385685004351742,0.14391297647626364,0.24658203125,0.0848388671875,0.1617431640625,0.39648771790235743,2.827056555325534,1.7134106825242177,1.7496578069681803,1.0140301415636863,1.737450076968838,186.39850318431854,9.501424761106016,137.0939589668221,0.015434120179914586,0.0,1654535.9827950594,0.1753927273220486,0.03207373952296735,0.17830124386681562,0.3070068359375,0.0994873046875,0.20751953125,0.1712511463366521,2.31748333122494,1.7218434895782377,1.7652435806409108,1.0165828799640588,1.7503966134926268,286.1220020800829,10.619072709145575,142.24383666982504,0.016932969488212633,0.0,2533434.859827534,0.14333333333333334,0.18217054263523524,0.4540229885017073,early,0
3,5,0.17,21.0,0.75,0.25,1.0,-0.15924913194444446,1.0022419402550424,1.0148148564301034,1.9921875,-2.42431640625,4.41650390625,-0.015515706800405246,1.8619924717015621,2.3889248278999635,3.1674049882046016,1.1683948875457943,2.7912075556522846,9268.642735481262,439.22962877757493,294.8658452309025,0.23100368342745212,437.0,42735984.09514427,3.878587239583333,0.9076762467699586,3.983379864387661,4.6044921875,1.3720703125,3.232421875,-1.8614115154185693,5.170192277697368,1.1559259584214077,1.209909195637381,1.0270182461628885,1.187157050512408,142805.83629608154,0.2174428135426378,11.492606143749308,0.02065197367553172,0.0,1251885542.4638746,0.7984168836805555,0.35023965600395557,0.8718585531976726,1.6796875,0.146484375,1.533203125,0.07987956747823102,2.2935819894677607,1.9265596395625948,2.2274722267290525,1.0919841138347082,2.1037725207598874,6841.23603105545,47.024518900651145,239.9820647444436,0.06486365698734854,0.0,56603079.165983185,0.3224526638454861,0.01581627911592018,0.32284032447345046,0.377197265625,0.260009765625,0.1171875,-0.41432125975605644,3.2437051439497946,1.1683709779409894,1.170488457999341,1.0012022249167987,1.169775622646358,938.0328759551048,0.6585180397596675,39.54402280515478,0.001693037477066686,0.0,8432164.620639386,0.15619486490885418,0.027521737572557745,0.15860101469696825,0.2972412109375,0.0885009765625,0.208740234375,0.6147556666517594,3.8081428758795655,1.8741444467020032,1.9175345648555342,1.0154047944438043,1.9030152566734435,226.38853676617146,12.464398802338293,153.85232632495814,0.01744677476887102,0.0,2006820.3104916958,0.1949051242404514,0.03710475561671588,0.19840557034660594,0.3326416015625,0.0994873046875,0.233154296875,0.2690001895796,2.7631551790447326,1.6765739035437006,1.7223266956996865,1.0179597438434618,1.7066847413945803,354.282933101058,13.50976301579287,155.1583108259155,0.01914531244503121,0.0,3132787.981908396,0.16333333333333333,0.2286821705421038,0.4655172413751683,early,0
3,6,0.19,27.0,0.75,0.25,1.0,-0.1629098849826389,1.0845324154382374,1.0966996812078291,2.0263671875,-2.529296875,4.5556640625,-0.014536397783930217,1.8025128479112429,2.3062803047522555,3.0120479581805912,1.1584082362734567,2.671614100182707,10824.751716852188,444.726555937697,306.59365157167554,0.2317300829779934,438.0,49786238.81414533,4.225169813368056,0.8184608693691918,4.30371213564351,4.8974609375,1.328125,3.5693359375,-2.357408595235609,7.908826556294309,1.137962015846251,1.1745653516212735,1.018589151618459,1.1591157642951335,166697.443318367,0.2216181054173462,11.71885915041395,0.01607844061888829,0.0,1473146924.3503807,0.9952956814236111,0.3558939218464472,1.0570118150085814,1.85791015625,0.13671875,1.72119140625,-0.2396651285307916,2.4573964542852176,1.7577004626321595,1.9416299869113356,1.062007838209077,1.8666916685408403,10055.46579360962,45.185083109224806,277.3516422919563,0.051265506904266345,0.0,85369442.56937505,0.3200185818142361,0.015627102363692674,0.320399904860598,0.391845703125,0.269775390625,0.1220703125,0.03958775713442308,3.1534183816612016,1.2229894490582456,1.2251779809092436,1.001191565324735,1.2244467208820817,923.9048913121223,0.9791912459523548,50.38646254253155,0.0018163729125948065,0.0,8305254.050679505,0.15589029947916666,0.02360904589359887,0.15766791848600759,0.28076171875,0.0848388671875,0.1959228515625,0.3195207059560619,3.2810937317012865,1.7807155789472529,1.811368419147353,1.011403012321925,1.8010211006472552,223.73255267739296,10.263354657299606,144.5265578734707,0.01396777605843686,0.0,1991018.873995543,0.22177666558159723,0.046583671189471945,0.22661625673808233,0.487060546875,0.1019287109375,0.3851318359375,0.34602050863792666,3.016015889762617,2.149274521976522,2.2206383807443615,1.0218219132421877,2.1961758041384294,462.19435036182404,17.993318356125535,175.55532461241998,0.02315158012514724,0.0,4071862.776074558,0.18666666666666668,0.2829457364334505,0.21264367815902735,middle,1
3,7,0.2,33.0,0.75,0.25,1.0,-0.16742485894097223,1.052524535303474,1.065757468098253,2.0654296875,-2.41455078125,4.47998046875,-0.009277592162802517,1.8528536735339156,2.2655724717146764,3.015272074064731,1.1704729490752648,2.6517912923141025,10222.550827264786,443.3969687418015,309.5908953976174,0.23478752068413555,439.0,47136738.71262669,4.040774197048611,1.0469612339078203,4.174204587324349,4.892578125,1.337890625,3.5546875,-1.7670393510934546,4.6903546496741555,1.1720983058319512,1.2401080357286798,1.033020996415034,1.2108021597871856,156815.8554315567,0.22532710971303177,11.345498321410922,0.02403433111357675,0.0,1366949523.3945134,0.6992073567708333,0.30255803858475205,0.7618610729488071,1.6064453125,0.17333984375,1.43310546875,0.40060848815407046,2.7466259096363586,2.108580382352513,2.419282759995469,1.089606774828914,2.2975234698856557,5223.890650272369,56.69196361178075,289.55569527375917,0.06533464998843658,0.0,43307590.637087815,0.30771348741319443,0.01627645867837817,0.3081436571521457,0.38330078125,0.24169921875,0.1416015625,0.031071705472478627,3.2454660963706123,1.2439028756626382,1.2465152821466914,1.001397955421344,1.2456417964353383,854.5726209878922,0.9027144749823461,44.77312378855474,0.00202593544115959,0.0,7680424.205735324,0.16277560763888888,0.028262719064539723,0.16521101576810973,0.2996826171875,0.0897216796875,0.2099609375,0.3575130279155099,3.2471799524073743,1.8139384700976642,1.8549919684770169,1.0149617511095934,1.841078166026526,245.6521175801754,11.202646424130588,150.4482238757759,0.016982373797461325,0.0,2178518.7474884083,0.20615098741319443,0.035531101264353604,0.20919055611688783,0.347900390625,0.106201171875,0.24169921875,-0.049708029941693425,2.932586951075962,1.6630788553807525,1.7006256548519307,1.0147443810035524,1.6875999236715054,393.84619891643524,10.448847480648395,148.85640440165736,0.016458980548376467,0.0,3493486.2570464616,0.20666666666666667,0.329457364340319,0.16666666666518365,middle,1
3,8,0.23,39.0,0.75,0.25,1.0,-0.16893500434027778,1.2147093771936435,1.2264003859807036,2.4169921875,-2.80517578125,5.22216796875,-0.007558916419401057,1.865064264933986,2.287324607293339,3.0382632238081313,1.1682128401730014,2.672081975885926,13536.52116060257,448.08216286325296,302.1258152728073,0.24376547662671294,441.0,62070180.1095724,4.678594835069444,1.1314834416056214,4.813471139351122,5.48828125,1.3232421875,4.1650390625,-2.0137909985803653,5.882867017229316,1.1401919926622237,1.1985698730435366,1.028828378826406,1.1730618793617689,208525.53968429565,0.24270508855487288,12.45704808402335,0.02216810369883361,0.0,1824879540.9111977,0.6264409722222222,0.19079989753176085,0.6548533366921584,1.2646484375,0.16845703125,1.09619140625,-0.46779796663397655,2.982540930356182,1.9311933934492123,2.0765956640302745,1.0453552141841898,2.018783083443276,3859.496033191681,29.697113289630305,231.47190284052465,0.03924237426713758,0.0,33261081.647539146,0.28142510308159724,0.014846028678522178,0.28181641757003995,1.0107421875,0.24169921875,0.76904296875,15.95560880402049,694.6863189840146,3.5865269887806073,3.5935419459843883,1.001390474705904,3.591513963853292,714.7844389081001,1.6015023483310142,62.33105376621189,0.0023561910348938926,0.0,6424133.687396347,0.1626056586371528,0.025829839717650842,0.16464440725594595,0.269775390625,0.0848388671875,0.1849365234375,-0.09888012432735438,2.9117494375295148,1.638533583494187,1.6699351699211857,1.0125379930493685,1.659077506185271,243.97002756595612,9.20362062102013,142.66345648916445,0.014610475959023036,0.0,2168710.152931513,0.21421298556857638,0.03704599407392707,0.21739275255428492,0.350341796875,0.1031494140625,0.2471923828125,-0.1789108471028534,2.9793019836179844,1.611561529798032,1.648360529079116,1.0148439506421787,1.6354834696107112,425.336479768157,9.794716502389656,144.53562682386655,0.015975049878575138,0.0,3772445.88940777,0.22,0.3604651162782314,0.1436781609182615,middle,1
3,9,0.23,45.0,0.75,0.25,1.0,-0.16246012369791665,1.1918970652353509,1.2029180794670038,2.81005859375,-3.18359375,5.99365234375,-0.0011469863215781279,2.140663841404826,2.6465590669382566,3.776642869176131,1.2161107566766867,3.2185089494865045,13023.107153177261,450.04914875380064,301.4574299923761,0.26674556136884725,442.0,59672914.06720281,4.383597547743055,1.7692111809244013,4.7271593651247725,5.966796875,1.3720703125,4.5947265625,-0.8974459419521195,2.0475972473454,1.2622373002737226,1.4409760665496667,1.0783743976582716,1.3611643883847666,201114.3209695816,0.3162766489519531,13.251175921497673,0.04241143833599937,0.0,1683259508.7930918,0.6637386067708333,0.30980644924071365,0.7324813814079002,1.25,0.15380859375,1.09619140625,-0.5369885475973784,1.8953214145712234,1.7065280179486233,2.0319530142917497,1.103569046511254,1.8832714976148734,4828.760766983032,32.5665899188117,252.5232703401197,0.06621023292119196,0.0,39571655.48670292,0.27443996853298613,0.02504219014004775,0.2755801292099935,1.397705078125,0.228271484375,1.16943359375,26.830371900829878,970.8365388066129,5.071864514058885,5.098861333401581,1.0041544993686522,5.092935571998912,683.4996685385704,5.125784987389035,107.15603357828232,0.006828566233570805,0.0,6126099.078126254,0.16417683919270834,0.032653479367316655,0.16739260509980775,0.2679443359375,0.09033203125,0.1776123046875,-0.2463408983666538,2.3170089441690385,1.600693983919646,1.6492273342077535,1.0195872080489088,1.6320471100150664,252.18255817890167,8.36007346232501,146.14338674961772,0.018808640545086932,0.0,2226460.5298586185,0.2185155571831597,0.050153477015367445,0.2241972791712641,0.3594970703125,0.106201171875,0.2532958984375,-0.5574621253648082,2.2709884774782214,1.6034854287249267,1.669512045880801,1.0260014529872397,1.6451783797229798,452.37977989017963,8.175339826182881,141.37513113536784,0.022364002657955656,0.0,3969545.9439937025,0.24,0.40697674418509994,0.12068965517133975,middle,1
3,10,0.26,51.0,0.75,0.25,1.0,-0.16125542534722223,1.4240727649325449,1.433173594519009,2.9931640625,-3.359375,6.3525390625,-0.005195879161265329,1.8604090476453052,2.344011229934155,3.128049854695159,1.1699169026091165,2.742298357807466,18485.87896823883,457.6362537794568,298.872012578631,0.2661689511292758,445.0,84239618.69837046,5.438609483506944,1.4663842795733077,5.632828416477055,6.5625,1.34765625,5.21484375,-1.8563125823856743,5.244909467966506,1.1650452516540928,1.2404895670825458,1.0357111378483894,1.2066503432357378,285558.8037252426,0.25844059488095694,12.778291128887675,0.02617987135583186,0.0,2482942780.6423435,0.5594273546006945,0.15423091318957696,0.5802983195381681,0.9375,0.13916015625,0.79833984375,-0.9933545293902112,3.9182771503235827,1.6155483626843796,1.7183963850383255,1.0373077304225382,1.675820805486869,3030.7152569293976,21.03460890377033,206.95461581327723,0.03347969538937232,0.0,26313056.960612535,0.2911749945746528,0.036458945489971736,0.29344868745964736,2.000732421875,0.23193359375,1.768798828125,28.928873643554724,1128.389507932017,6.817997514960111,6.884530941042855,1.0078086818111156,6.871237088166827,775.0091895461082,9.251550386620153,146.53391751191592,0.012048447722471059,0.0,6921247.896482049,0.1899123806423611,0.03723358250789822,0.19352791009986522,0.367431640625,0.0164794921875,0.3509521484375,-0.33989808075795297,3.9469216094524477,1.8985976773763407,1.9555811211808125,1.0190378818076835,1.9347429555685713,337.0774678885937,11.294841889508653,158.93568928670396,0.021222200538971576,0.0,2977551.479656249,0.2584804958767361,0.04920661872731222,0.26312251533317793,0.44189453125,0.1043701171875,0.3375244140625,-0.6095319326869258,4.101192649872855,1.679425003553091,1.7270492942796227,1.01795887708927,1.7095855907790452,623.1011226773262,8.448295456416767,136.43112432117144,0.019152197910468998,0.0,5509848.006833344,0.25666666666666665,0.4457364341074904,0.25862068965287144,middle,1
3,11,0.28,57.0,0.75,0.25,1.0,-0.16254421657986112,1.4717005191126298,1.4806495332454421,2.98828125,-3.388671875,6.376953125,-0.0035849442910986665,1.8844879659737208,2.288638735170548,3.0799932616980303,1.1751553623269062,2.6895060820665546,19730.90736269951,459.23701704538416,297.8002766917159,0.27919098944795934,446.0,89859604.56054808,5.589153645833333,1.6099623343337872,5.816409304261998,6.9091796875,1.3671875,5.5419921875,-1.7168535205529682,4.6778122862709255,1.1878771465474554,1.2759675361132328,1.040660120087599,1.2361763739756015,304475.55475234985,0.27564277609546745,13.093993060923372,0.02878849767513416,0.0,2635304858.0671306,0.7331949869791666,0.22887246219231064,0.7680869045110397,1.15966796875,0.09521484375,1.064453125,-1.573166661681732,5.091606523489532,1.5098134884707208,1.6478587522212904,1.0475888653775218,1.5816637993207798,5309.617435932159,18.758503887679865,204.41793202604353,0.04024338745480815,0.0,45665061.463606335,0.27013712565104164,0.027508564946418644,0.2715341374494522,1.35498046875,0.23193359375,1.123046875,22.2474868198885,683.1388519906913,4.990092521966039,5.023382963282987,1.0051714913084921,5.01589874209043,663.577090203762,6.6053767719794525,125.37535140877333,0.008064291211524972,0.0,5941546.617843212,0.1923516845703125,0.03615147975677161,0.19571944217588927,0.3289794921875,0.0909423828125,0.238037109375,-0.37650552163846945,3.286944065930544,1.6808728275966147,1.7267045654640576,1.0175083343412479,1.7103021110560335,344.75490041077137,9.675783200306359,151.36012295088034,0.01906286399336987,0.0,3049870.042559876,0.29396898057725696,0.06721920313589413,0.3015562680692548,0.5169677734375,0.1055908203125,0.411376953125,-0.5584632968565322,3.69795888539267,1.7143327072779,1.7852096028609405,1.0258098234584927,1.7585793318076939,818.4256453067064,13.491211903412887,181.8046975657255,0.02591523036151525,0.0,7182842.132115738,0.29000000000000004,0.5232558139522715,0.35057471264055856,middle,1
3,12,0.33,63.0,0.75,0.25,1.0,-0.15549370659722223,1.5930381461569376,1.6006088928599878,3.1982421875,-3.5791015625,6.77734375,-0.004392499428310535,1.8614329909169711,2.2360875154845483,3.0114519990307795,1.1749366029667156,2.62726106938134,23057.539451122284,463.72691331863217,294.75380843356334,0.3348034705920769,449.0,104738431.92893264,6.036658528645833,1.8321844106579435,6.308577169705581,7.685546875,1.3525390625,6.3330078125,-1.6390593614620907,4.425942919849825,1.2182694557348916,1.319565380870808,1.045044562280335,1.2731458701081737,358183.31315517426,0.290122076143355,13.488908292230528,0.03126552181214605,0.0,3087695384.7597356,0.5372319878472223,0.1564259731327494,0.5595420393829275,0.8251953125,0.09521484375,0.72998046875,-1.7413360101632325,5.347661090246172,1.4747691047638973,1.5892955383221692,1.0415277795055797,1.5360129909709186,2817.78564453125,12.749876115226707,175.72884482058632,0.034102809421692824,0.0,24369072.88522721,0.2627998860677083,0.01912944991241272,0.2634951915522406,1.1376953125,0.234375,0.9033203125,22.14183041459331,803.4583121616196,4.317708060604676,4.33294717404158,1.0026457602167702,4.329131680835481,624.8674437403679,3.368936870239174,90.95654595308646,0.0044405773674877375,0.0,5608986.607243121,0.21312981499565972,0.04445528593506305,0.21771676666635567,0.3948974609375,0.0897216796875,0.30517578125,-0.596794344127432,3.39998498242662,1.813812812776402,1.8756747256954653,1.021521867645631,1.852849452075436,426.6053143888712,10.199811697628366,159.42262164247555,0.02226578087817307,0.0,3759409.043854847,0.2792169867621528,0.05667301049150076,0.2849104347241532,0.4901123046875,0.108642578125,0.3814697265625,-0.9603261351600998,4.3419962547313,1.7202329046329963,1.7767987246733852,1.0203907649996595,1.7553097695422102,730.5656023323536,7.306646760059514,131.13057858808455,0.021628847685694286,0.0,6445011.441541462,0.3233333333333333,0.6007751937970522,0.6034482758566994,late,2
3,14,0.36,69.0,0.75,0.25,1.0,-0.15952446831597222,1.5709616359729288,1.579040378739643,3.07373046875,-3.4130859375,6.48681640625,-0.0030979215877904387,1.8396142344187352,2.1614937676401236,2.9162958776548744,1.1748600348607567,2.5394526432025923,22440.316659212112,461.6804956707364,294.1335238059549,0.28274235228624167,447.0,102012180.57063217,5.939159071180556,1.8156658344995495,6.2104953824437565,7.333984375,1.3232421875,6.0107421875,-1.7857662589116672,4.716609153123424,1.180901671021448,1.2821564894002304,1.0456859814681172,1.2348523228796013,347132.276058197,0.2814628514210218,13.303258737336007,0.03136484814820662,0.0,2990676470.174885,0.5088031684027777,0.1269553892786117,0.5244028366090226,0.7568359375,0.1611328125,0.595703125,-1.617462542179605,4.880308414295819,1.4432338741577566,1.5198531648976472,1.030659534322839,1.4874827526612169,2474.9850153923035,9.909401936684931,158.8243278806594,0.026353338959164644,0.0,21622101.235401627,0.23558091905381945,0.019569121540016814,0.23639230093234884,0.93994140625,0.1953125,0.74462890625,8.352484959201464,244.92409695633597,3.9761929747239013,3.9957582767569004,1.0034441748541636,3.9898876785996262,502.9318794608116,2.2014766764103584,72.87748596416395,0.004847153991101665,0.0,4510877.5550201535,0.21230326334635416,0.04336211442694331,0.2166862907409851,0.3802490234375,0.0927734375,0.2874755859375,-0.8111981094019579,3.7418915783358018,1.7548365525822487,1.8127206299064853,1.0206451249242448,1.791065372440206,422.5765373557806,9.186370384944277,148.3365234379402,0.021588435308258627,0.0,3727037.867905572,0.3704086642795139,0.10568496673330348,0.3851907199904394,0.8038330078125,0.1080322265625,0.69580078125,-0.5866601776573346,3.745518890843983,2.0868441685987777,2.2253078131242297,1.0399074242462398,2.170124744176475,1335.3470169007778,17.609533569395563,210.8710624414994,0.037421532107716225,0.0,11565766.61445573,0.37666666666666665,0.7248062015487018,0.8793103448197619,late,2
3,15,0.44,75.0,0.75,0.25,1.0,-0.16193196614583333,1.6972110752062055,1.7049185891010925,3.51806640625,-3.7841796875,7.30224609375,0.0011271369441893406,1.9348048402767162,2.2195662078463023,3.090803981825144,1.1940696527644161,2.6503166510922207,26160.72655916214,466.65974895846466,280.8856705967226,0.36866781652425495,455.0,118785275.75967309,6.316368815104167,2.3034386600940047,6.723268897585168,8.4130859375,1.337890625,7.0751953125,-1.3819115492695027,3.3576781673154557,1.2513386071053205,1.4048744190205602,1.0644199372124894,1.3319497616068074,406821.1020231247,0.3330890433560167,14.217645771057015,0.03971877062050107,0.0,3446503818.5158963,0.5935096571180556,0.18463300763146653,0.6215650091498339,0.93017578125,0.1708984375,0.75927734375,-1.2784597227405115,3.5298190621164514,1.4965060252036744,1.6218446837407765,1.0472702536416363,1.5672462445938105,3477.0875453948975,11.517993844707675,164.7596577013154,0.03608142565313873,0.0,29913169.431078434,0.2644862196180556,0.01713633514969375,0.26504077865530984,0.960693359375,0.234375,0.726318359375,14.792396730230665,504.4869895007111,3.6247001847997655,3.635280728092344,1.0020967407566754,3.6323002414216687,632.2195291519165,2.216451595153109,70.77294527993182,0.0034558603818313303,0.0,5678082.842245698,0.23312188042534723,0.05789165126576451,0.24020252792035054,0.4302978515625,0.0933837890625,0.3369140625,-0.6369399817840086,3.1610327620069647,1.7913960160460605,1.8792953528265244,1.0303731570844135,1.8458063686495045,519.275289773941,10.927888010912548,163.8452940993333,0.02904570075865932,0.0,4537744.725306331,0.3186111111111111,0.09139044512855637,0.33145927892314686,0.65185546875,0.1055908203125,0.5462646484375,-0.3717607459983876,3.312879679572573,1.9666230822253572,2.0958160389560603,1.0403255484913545,2.045928236698025,988.7872822582722,9.521625827410217,153.04224024006737,0.0371156507415039,0.0,8560820.994967222,0.45,0.8953488372072199,0.9597701149339899,late,2
3,16,0.55,81.0,0.75,0.25,1.0,-0.15243408203125,1.881135111279054,1.8873011037594314,3.583984375,-3.91357421875,7.49755859375,-0.0008509764871027181,1.811181146892276,2.073635314975568,2.7916578267984273,1.1720046832189739,2.430310300440906,32057.149106264114,473.5929446676379,275.3696593206628,0.30293663490831124,460.0,145198330.80485463,7.116940646701389,2.1746021922730696,7.441756436709631,8.6376953125,1.328125,7.3095703125,-1.8366014587589452,5.002674676749584,1.1607065329214123,1.2617131299215292,1.0456398059407372,1.2136809538382547,498417.649769783,0.27668204504246513,12.966025736615565,0.03145956227957804,0.0,4294238618.098664,0.5089987521701389,0.12147217337416678,0.5232926701330739,0.8203125,0.16357421875,0.65673828125,-1.5675059953733415,5.134328855296382,1.5675979176047432,1.643110067708819,1.0280824224046998,1.6116198644907271,2464.516967535019,9.695673966241818,153.8119452904044,0.024625913612578886,0.0,21583056.345134974,0.27757649739583334,0.031433105247522256,0.2793505897828764,2.498779296875,0.245361328125,2.25341796875,47.99773754715197,3098.5023344037213,8.944958014258058,9.014483701288219,1.0063913638318838,9.00212849542033,702.3307681083679,7.477095428211019,129.79096245306803,0.010393974189584747,0.0,6280963.055682182,0.23966505262586807,0.05125347484694422,0.24508418172955684,0.4510498046875,0.0982666015625,0.352783203125,-0.6563944945811795,3.7136824408166,1.8403872559322483,1.9068069515146264,1.022611261188446,1.882000732871699,540.596305206418,9.754418500046283,155.39714310691429,0.02305559301759892,0.0,4758976.78011097,0.3125335015190972,0.06864896527067199,0.3199841714905934,0.5792236328125,0.1123046875,0.4669189453125,-0.742256209156765,4.198348457029848,1.8101633906217058,1.8797686924413812,1.0238395881857711,1.8533169404088783,921.5088300406933,11.639488432571163,173.83698289214303,0.025330457315307104,0.0,8102715.945697578,0.4950000000000001,0.9999999999976744,0.9999999999911034,late,2
4,1,0.08,3.0,1.5,0.25,1.0,-0.16636827256944445,1.2257559909443287,1.2369948065588852,2.509765625,-2.96142578125,5.47119140625,0.0067493283293681245,2.005973725012322,2.3940486779292165,3.291320982517776,1.190414168802324,2.849909467011715,13771.405363082886,454.45295373135036,310.8766916759368,0.3044722658424695,443.0,63092310.751974575,4.632887369791667,1.447135256201787,4.853642532255271,5.9521484375,1.2744140625,4.677734375,-1.509651437460534,3.7854789153446937,1.2263260835430903,1.3323144605125214,1.0476495854187975,1.284760013012441,212020.61247825623,0.3170159997389061,13.309854651785384,0.03172165850788707,0.0,1823370396.6341968,1.3232891167534722,0.6570424294397237,1.4774298090272306,2.67822265625,0.1220703125,2.55615234375,-0.428008595003068,2.090107228436788,1.812757966492894,2.2230030272074113,1.1164830045990306,2.023913461042185,19645.18956542015,57.55824870317088,301.39391362201843,0.07982597541025638,0.0,159322664.35733432,0.29940443250868054,0.014132948419163759,0.2997378094883323,0.386962890625,0.247802734375,0.13916015625,0.6979517882023526,3.925635152948082,1.2910045992671875,1.2931523132748135,1.00111346707815,1.2924420903905238,808.5847899317741,1.54014155358481,62.95216358432073,0.0018984707664132833,0.0,7269174.1952613,0.17372219509548611,0.04649710214123047,0.17983709733068468,0.40771484375,0.0927734375,0.31494140625,1.1325800371218886,4.261414409467718,2.2671342553868423,2.3859513242464256,1.0351993148071972,2.3469358277654346,291.0724341869354,25.00662875955368,197.9162657217817,0.03285637898342195,0.0,2532091.714341193,0.21889811197916667,0.06271936570406866,0.2277061752837733,0.5224609375,0.1080322265625,0.4144287109375,1.0691488198187666,3.918275549444974,2.294452211700457,2.43250297621605,1.0402381876386613,2.386776810333283,466.65092036128044,28.818746496535834,203.49448742835887,0.03543203906467789,0.0,4040543.141356856,0.10500000000000001,0.0,0.0,early,0
4,2,0.13,9.0,1.5,0.25,1.0,-0.15757405598958332,1.434131781641015,1.442762471869102,3.1396484375,-3.349609375,6.4892578125,-0.00023783865097072007,2.008796995340851,2.3216637806348346,3.1789169567796165,1.1881127012295685,2.7583982257588175,18734.07195210457,462.6523137348555,306.03549025858376,0.30545477789829106,449.0,85308922.02611564,5.418782009548611,1.6479977427697385,5.663841013586261,6.7626953125,1.3525390625,5.41015625,-1.5812933412386847,4.10829374219427,1.194012207665548,1.2924172946589858,1.0452240011878644,1.2480102171635596,288711.85524463654,0.2980063983425087,12.974344358806583,0.03065699211496723,0.0,2488412888.355852,1.0273141818576388,0.4523620950787998,1.1224998411179894,1.97021484375,0.146484375,1.82373046875,-0.5202605027219825,2.1481418220958863,1.7552027818426652,2.0540982886711725,1.0926548673621332,1.9178308627896532,11340.0530397892,42.25005288045179,254.98537818315975,0.06485168038633056,0.0,93772904.98316881,0.2892019314236111,0.013799896184234207,0.2895309901786728,0.384521484375,0.25390625,0.130615234375,1.0015735202703477,5.551086184200256,1.3280840304396413,1.3303369209776388,1.0011378165852516,1.3295951464806752,754.4537484645844,1.1707034058393013,52.03912067707605,0.0017468348104239736,0.0,6782371.476268767,0.17971516927083334,0.03560381853607913,0.18320800735883333,0.3106689453125,0.0927734375,0.2178955078125,-0.05826141195366099,2.498178800927267,1.6957170692999486,1.7464213873735923,1.0194354104951306,1.7286740266348288,302.08656564354897,12.12343783978786,155.78060256564768,0.020263079786586674,0.0,2667440.143314004,0.2327362060546875,0.05310550904624177,0.23871811137781404,0.4388427734375,0.1104736328125,0.328369140625,0.07461226178677713,2.4886506326729574,1.8383304513544623,1.9111955807962762,1.0257025128298913,1.885580163373879,512.8770302981138,15.957582602632584,168.17845904126574,0.024895595279105422,0.0,4501675.397132708,0.1366666666666667,0.0931372549016869,0.35960591132788094,early,0
4,3,0.2,15.0,1.5,0.25,1.0,-0.15972574869791667,1.451995092097737,1.4607539362510804,2.94677734375,-3.408203125,6.35498046875,-0.003505985723263513,1.9531198283015796,2.3331808598404833,3.176840844090973,1.1839396379163374,2.762345302394762,19204.21856045723,464.39485293226704,308.2267608550981,0.2889630025525751,448.0,87453065.7193005,5.489027777777777,1.6534568871912894,5.732656070532782,6.865234375,1.318359375,5.546875,-1.6255607818730022,4.28651492540946,1.1975660654557219,1.2948275787570735,1.0443845982598747,1.2507195541608511,295770.1106071472,0.3033130061295837,13.189557544312047,0.030473865685296357,0.0,2551207252.7479167,1.4434654405381944,0.5059197071895637,1.5295578538096877,2.392578125,0.27587890625,2.11669921875,-0.9181616359360022,2.8315381005910862,1.564228590006722,1.7303502410731109,1.0596428642159483,1.6575236634042811,21055.925053358078,31.40252574145094,245.59911733209955,0.048177615866117934,0.0,179137161.59573194,0.28558186848958333,0.015497056191855615,0.2860020320917584,0.406494140625,0.24658203125,0.159912109375,1.019265945495543,5.264495515803862,1.4212980853687176,1.4244131296562126,1.0014712544721267,1.4233891765380182,736.1744612455368,1.383554309374901,56.792900584398105,0.002188330765403772,0.0,6615843.7246739855,0.18795206705729167,0.03991541200103125,0.19214374729956926,0.4052734375,0.0909423828125,0.3143310546875,0.17063011156883076,3.257321867676836,2.1092200146697113,2.1814092684833017,1.0223018576325504,2.1562595391638233,332.2729766368866,15.463032624932863,177.71115161489084,0.02355440336016325,0.0,2925930.8037497103,0.27791517469618054,0.07726715937494265,0.28845633680729105,0.716552734375,0.1123046875,0.604248046875,0.19885728437646755,3.028933541349609,2.4840942733430853,2.631168933194253,1.0379294226074423,2.578314534842381,748.8635241985321,26.126795574229693,211.41793776692148,0.03596832843821132,0.0,6497979.904670269,0.21333333333333335,0.31862745097945505,0.79310344827108,middle,1
4,4,0.31,21.0,1.5,0.25,1.0,-0.1534738498263889,1.6332471640728974,1.640442172565889,3.35205078125,-3.82568359375,7.177734375,-0.005432355029563262,1.9327286462826985,2.3321051224644784,3.1734811977558106,1.1820358272109124,2.7566318075767864,24219.45469379425,468.64512716938754,295.1188599070292,0.3069794178956539,452.0,109941497.97784089,6.168229166666666,1.8832564104738205,6.4493182399466145,7.6416015625,1.3427734375,6.298828125,-1.715449263355407,4.551355993885343,1.1848696681096125,1.2855023189883998,1.0455704653124624,1.2388647302201825,374343.3518409729,0.2969189132265672,13.503618053424013,0.031169528555757598,0.0,3225450655.6127553,0.9014124891493056,0.33052308788548734,0.9600989465777496,1.58203125,0.0830078125,1.4990234375,-1.1223124105186275,3.7375889113812817,1.6477793831953111,1.8569464856991738,1.0651049970283453,1.7550580550434385,8296.10988497734,23.49168239190133,214.57275130831198,0.0497812814784419,0.0,70240545.87665202,0.2882797580295139,0.014356009120995541,0.2886369932760477,0.379638671875,0.242919921875,0.13671875,0.8757831287837164,4.3226451245096325,1.315280718402594,1.3177121537535452,1.0012391964249394,1.3169106095711929,749.8018249869347,1.2144465562059084,54.13911600258298,0.0018776678235808255,0.0,6739869.585998358,0.2108309597439236,0.04575080846321146,0.2157378734983299,0.377197265625,0.0946044921875,0.2825927734375,-0.35829092937987356,3.0471445660162457,1.7484054121177364,1.812345978609802,1.023274161249102,1.7890980816164603,418.8854705542326,12.404939057428784,164.35043777977535,0.02340941761943656,0.0,3685197.381922975,0.26397081163194447,0.05704057574397091,0.2700633567791661,0.435791015625,0.107421875,0.328369140625,-0.632233593889368,2.9710175593930175,1.6136621451378081,1.6728332270068202,1.0230803743358317,1.6509060715052626,656.4079500734806,11.905142351539194,154.9496232850679,0.02312683301458493,0.0,5775899.645862727,0.2866666666666667,0.5343137254886247,0.9999999999939704,late,2
4,5,0.35,27.0,1.5,0.25,1.0,-0.15444661458333334,1.6759518949887977,1.683053329836222,3.56201171875,-3.91357421875,7.4755859375,-2.75590473107707e-05,1.9771722788580313,2.3252823599644965,3.2018598558988605,1.1893790666755866,2.7656421630534216,25494.01659965515,470.6044492779266,293.4301378546817,0.2880831767306355,454.0,115689323.62308502,6.300372178819444,2.0274469583523675,6.618552013890526,7.91015625,1.3330078125,6.5771484375,-1.7087215948145225,4.372999780679361,1.1951490648403995,1.3095759243452458,1.050501752283728,1.2555061868552881,394247.07684516907,0.3188583910099795,13.572625781357761,0.033620517240274254,0.0,3381746778.729678,0.7294832356770833,0.28664603548952877,0.783780416185408,1.59423828125,0.0927734375,1.50146484375,-0.8093026820477498,3.148607107377242,2.034036891361725,2.3207710451652046,1.0744323897407366,2.185435118009385,5528.8056671619415,33.5031432878982,256.20153224539945,0.05618202932424792,0.0,46431530.043393396,0.27878553602430556,0.013599548302263264,0.2791170414188015,0.391845703125,0.24658203125,0.145263671875,1.4375082286698113,7.526831171490638,1.4038759551612285,1.4063566117148827,1.0011891054257058,1.4055453116815642,701.1569052934647,1.3602244071146545,57.38951437459481,0.0018977769055196173,0.0,6302921.765270831,0.20625291612413194,0.04356596461665769,0.21080383934522653,0.406494140625,0.0933837890625,0.3131103515625,-0.3792638985477416,3.3480651651621436,1.9283052049036429,1.995159580903479,1.0220647703101253,1.9708528163470105,399.9443281441927,13.187557938526977,176.34015973075745,0.022988213203222328,0.0,3522631.2570158388,0.31730448404947914,0.08455362984391547,0.32837699663296765,0.6365966796875,0.1123046875,0.5242919921875,-0.4340771669096134,3.088645234570131,1.938615329980303,2.0478706666133975,1.0348955439934062,2.006264366520032,970.4830672591925,16.469773507139795,179.16880703391715,0.03228820590183908,0.0,8444800.333966687,0.35333333333333333,0.730392156860597,0.9014778325068796,late,2
4,6,0.4,34.0,1.5,0.25,1.0,-0.15489935980902778,1.9882347030714718,1.9942595232734754,4.21875,-4.6435546875,8.8623046875,0.0036271261289802926,1.9795818991059166,2.3284605806347174,3.239125423228359,1.194584377536961,2.7815426333382693,35793.63941550255,482.58158473232936,271.52264972557754,0.36839398765339054,465.0,162043209.3550741,7.466947157118056,2.6339220011103275,7.917881342576842,9.7705078125,1.3232421875,8.447265625,-1.5010222399872153,3.7999812515198794,1.2339800749424965,1.3779755827231885,1.0603907026485198,1.308500998722712,564235.604596138,0.34333370429251087,14.039979800694498,0.03832038267678307,0.0,4797149872.9655485,1.0181646050347222,0.43015207891120166,1.1053008522285417,1.80419921875,0.0537109375,1.75048828125,-0.9524254553778019,3.2039125514875426,1.6323150526037191,1.9242881162305703,1.0855816896028931,1.772011332771384,10995.209765434265,34.993478538981776,252.65913239674518,0.06269741647222773,0.0,91463141.24923947,0.29722452799479165,0.015892954215852382,0.29764913242849184,0.80078125,0.260009765625,0.540771484375,8.561531079285169,200.6197992908838,2.6903530457616633,2.695862634740373,1.0014285645789847,2.694196388836853,797.3550543189049,1.7853580509718454,66.96047417935098,0.0024339803722546838,0.0,7165965.771360695,0.26784871419270834,0.07616410041866659,0.2784670606863079,0.5908203125,0.086669921875,0.504150390625,-0.5349310809856678,3.188787815766757,2.1216883283852206,2.25988878544019,1.0396430743547285,2.2057985765528763,697.8951349854469,18.417739696516204,208.00399527854805,0.03600585324931922,0.0,6046117.941979317,0.32242431640625,0.09410067106607414,0.3358755366279645,0.704345703125,0.093994140625,0.6103515625,-0.6227871324554941,3.219522237697528,2.09704377459046,2.2424774191315873,1.0417190005102606,2.184530344899142,1015.3113849461079,17.113475981451227,179.41831981377862,0.03690389560854467,0.0,8779178.016644722,0.41333333333333333,0.9068627450953721,0.6551724137891529,late,2
4,7,0.49,39.0,1.5,0.25,1.0,-0.16144124348958333,2.0995183665119774,2.1057161837295606,4.31640625,-4.8291015625,9.1455078125,-0.005210082585480771,1.9185287859064393,2.293329746815449,3.137205079963624,1.1837004346245807,2.714615418044216,39906.36581778526,486.668103283706,279.7245935810282,0.3409798482187117,468.0,180634208.9542448,7.942624240451389,2.55037009154718,8.342042161776957,9.9951171875,1.3037109375,8.69140625,-1.7464798921362887,4.713827549830987,1.1981619121150209,1.3147826831784861,1.0502879034979777,1.2584149627265644,626307.0068597794,0.3259616762189468,14.061033402505021,0.03410725186492232,0.0,5373335371.661114,0.7180295138888889,0.2652151311297466,0.7654446084438004,1.259765625,0.01953125,1.240234375,-1.079423334604585,3.713771249854786,1.6457959349397486,1.8598589960161247,1.0660350217319656,1.7544761052721676,5273.149037361145,31.982704431890006,247.8066601882141,0.05237399419838163,0.0,44609612.42041588,0.285894775390625,0.022334645004891622,0.2867658608746,1.119384765625,0.250244140625,0.869140625,14.660413176514446,420.5969426597597,3.9034798710247904,3.9197971342623705,1.003046874437568,3.9153732840750304,740.111930668354,3.149673473046443,88.70094156923106,0.004787611346394063,0.0,6640804.640252888,0.27468092176649306,0.07103823558039243,0.28371823997914836,0.5462646484375,0.0823974609375,0.4638671875,-0.7649525653735952,3.7491719078442456,1.9253772632867099,2.02995966762081,1.0329011500089005,1.9887243894568414,724.4643572717905,17.95542267827382,210.9938202294317,0.03237256973690819,0.0,6315799.292260781,0.3275674099392361,0.0833619369516695,0.33800831437500717,0.62255859375,0.0958251953125,0.5267333984375,-0.9053612544884381,4.157719622625901,1.8418440235687619,1.939709598191026,1.0318740635299342,1.900551076993845,1028.2465852797031,15.03169395381211,187.28688727146945,0.030995875600002512,0.0,8972776.654843984,0.445,0.9999999999970589,0.5320197044302895,late,2
5,1,0.0,0.0,1.5,0.5,2.0,-0.16209228515625,1.76358747273705,1.7710208025040899,4.2041015625,-4.57275390625,8.77685546875,0.0044673373643481055,2.286223278521262,2.581987687429695,3.7903206915252525,1.2331726650627544,3.184036637668693,28228.63214612007,478.3850170789247,287.8760571472858,0.42618675282818885,466.0,128092945.37990683,6.407239040798611,2.8153144326161326,6.998478940486326,9.8681640625,1.2890625,8.5791015625,-0.751635714120943,2.1036510019305434,1.4100441176454908,1.6529756018767379,1.0922768599582213,1.5401585612245976,440808.3673238754,0.19497734513768442,5.908859779922748,0.043932306806026965,0.0,3646272494.069219,1.2101722547743055,0.5647116326279211,1.3354460356939994,3.095703125,0.06591796875,3.02978515625,-0.40853474684355623,2.792174288513983,2.318104245514435,2.795569952322839,1.1035173136918046,2.5580681698695726,16050.74502825737,88.81141740454967,492.10259995841693,0.08054014737555079,0.0,131541288.61714004,0.310096435546875,0.01943553082531452,0.31070490694119873,0.379638671875,0.24658203125,0.133056640625,-0.01870865309544438,2.3324580968869704,1.221862492006363,1.225467353579502,1.0019622005401279,1.22426003125208,868.8378527760506,1.136516870694902,56.606370480582385,0.0026202201021482646,0.0,7804242.214907705,0.1774102783203125,0.04696707995380942,0.18352196994659323,0.357666015625,0.0787353515625,0.2789306640625,0.6187912611775417,3.9581719114693756,1.9489002636966875,2.0514974777965733,1.0344494788188747,2.016038862061991,303.12282107770443,37.847021496164146,309.75396523711004,0.03554796812829046,0.0,2638767.138155177,0.17155497233072917,0.04496653059007225,0.17735021117750369,0.3131103515625,0.00732421875,0.3057861328125,-1.3119724838548905,6.393990008298106,1.765491845100501,1.8751603751423362,1.0337806521548585,1.8251313110123717,283.0778766423464,15.576305117596368,205.1619540310831,0.031012735951775186,0.0,2465810.679376499,0.08,0.0,0.0,early,0
5,2,0.16,3.0,1.5,0.5,2.0,-0.18523003472222221,2.1238389505987523,2.1319010422258358,4.99755859375,-5.0,9.99755859375,-0.009291643306927501,2.1846971084164486,2.345324619184644,3.412081276634983,1.2252297199800453,2.873561426427256,40905.01848459244,491.2473487847762,280.44222342888,0.46220644770068775,482.0,185462329.76198193,7.481693250868055,3.1161874775857155,8.1047121044209,9.9951171875,1.2890625,8.7060546875,-1.0203211119515685,2.443475529876707,1.2332476537996584,1.4290217446549762,1.0832724401631244,1.3359431952571688,591177.2246599197,0.14198508100309357,4.089280532007952,0.04108474155713868,0.0,4927314733.9230795,0.8717062717013889,0.44056543761755773,0.9767137395095278,3.34228515625,0.01220703125,3.330078125,1.195112394726257,6.536637599085768,3.4219700420360213,4.129545530369945,1.1204619849781117,3.8341873458392377,8585.727560520172,56.262899664680944,384.60060107073224,0.08712459709872003,0.0,69410587.32059002,0.28393229166666667,0.014039021990984208,0.2842791592599577,0.772705078125,0.244140625,0.528564453125,7.1904646652748605,204.60421101403946,2.7181207378472845,2.722937874158363,1.001221656016136,2.7214413464088323,727.3317635059357,1.5073275879576251,62.08556074638807,0.0021299097556644678,0.0,6538003.732040524,0.18657050238715278,0.07076025074869367,0.19953838088701778,0.5517578125,0.0189208984375,0.5328369140625,0.41335415372181894,5.999230452200939,2.765171342197319,3.10064688283098,1.069506585086456,2.957368959387208,358.34008902311325,42.34416675267277,325.2366267754796,0.06295471068425591,0.0,3022278.3659234657,0.17950527615017361,0.03541831567914318,0.18296612050130354,0.362548828125,0.0933837890625,0.2691650390625,1.0844507771386516,5.977902534678532,1.981507981530578,2.038495439543023,1.0192799032113982,2.0197112636381394,301.28941126167774,12.816498675352404,178.5197226205487,0.0212645676845846,0.0,2660799.3767742063,0.15,0.12612612612589885,0.3544973544954809,early,0
5,3,0.29,6.0,1.5,0.5,2.0,-0.19861924913194445,2.0671970092847896,2.0767168996571765,4.716796875,-5.5126953125,10.2294921875,-0.05914247856964984,2.2455576751765265,2.654524222058085,3.903376274389554,1.2334304390746202,3.274170976748896,38814.77773189545,487.2267662055723,282.14113887977754,0.47303839510702855,482.0,176269821.7705011,7.288275282118056,3.1205665337954525,7.928233856274497,9.9951171875,1.3037109375,8.69140625,-0.9228453092146541,2.271562130230071,1.2606990874251882,1.470697494267843,1.0878065865219864,1.3713967709235502,565712.0287179947,0.14360813171590547,4.41474365449116,0.0419666098554313,0.0,4697021871.055244,0.8328125,0.4002846549378187,0.9240154030831621,2.9345703125,0.0634765625,2.87109375,0.7255122462636107,5.577574252482277,3.1758889545618434,3.7978017356720515,1.109511928653872,3.5236866791702535,7684.240186214447,46.19049498904953,350.1188265246011,0.07880520259709062,0.0,62668945.08062602,0.2849761284722222,0.016868890581733513,0.28547496084328483,1.036376953125,0.245361328125,0.791015625,11.985031700438148,465.2454459440644,3.6303602601781324,3.639388574745464,1.0017504356338027,3.636714972153828,733.463579416275,2.307677735476922,77.36186601407208,0.0030008227492365398,0.0,6589647.55795002,0.19309129503038194,0.06006404075097278,0.2022175492083823,0.552978515625,0.08056640625,0.472412109375,1.476485267007231,7.697633058601286,2.7345723345327904,2.9284177721920877,1.0472639337548444,2.8638189802141407,368.0274348706007,37.3767809851701,309.93780135483684,0.04627789977603869,0.0,3166136.3875959064,0.18098320855034722,0.037462016404298956,0.18481970795955296,0.45654296875,0.0933837890625,0.3631591796875,1.6830766020552321,11.139874763157536,2.47020717534865,2.5476180717542594,1.0211980958836702,2.52257086391787,307.42492005228996,20.520648024202075,232.529392684176,0.024858664099418285,0.0,2709988.4227164094,0.2966666666666667,0.390390390389687,0.7460317460278029,late,2
5,4,0.44,9.0,1.5,0.5,2.0,-0.16238878038194443,2.758606551397885,2.7633820259618953,5.7861328125,-5.849609375,11.6357421875,7.143780027938303e-05,2.064829704509031,2.1168297832297416,3.0902292469481742,1.222316100064461,2.5874351251386125,68726.52199268341,509.7630374634459,232.38665692640058,0.2662347110545868,501.0,310337560.41758066,8.1195654296875,3.162803937557431,8.713820718514075,9.9951171875,1.337890625,8.6572265625,-1.3160100592759092,2.9889138945835976,1.1470418672101474,1.3096958799456613,1.0731880657864683,1.2309916428474983,683376.0436296463,0.13224895300936348,2.0018999971433415,0.03969960006544587,0.0,5745249578.412271,1.0626155598958333,0.4160717622820069,1.1411693737132933,2.7734375,0.06591796875,2.70751953125,-0.3708798351070227,4.651376828594904,2.430346944006198,2.773475478971772,1.0739249609935002,2.610010247044816,11720.407855510712,32.23459647752415,296.6320142872009,0.05694167893633042,0.0,98472492.46356486,0.27244181315104166,0.040702535517616364,0.275465493212108,1.524658203125,0.235595703125,1.2890625,17.14381071923858,395.85455675805304,5.534842804958807,5.613186723208469,1.0110984434624173,5.596270944923325,682.9311415553093,12.397483893917801,175.1878891034768,0.016189093727606203,0.0,6079285.494960844,0.25678758409288194,0.08977815825582725,0.27202937533300936,0.660400390625,0.08544921875,0.574951171875,0.638914051602482,3.9380713868438675,2.427680429049738,2.6538840045194787,1.0593556393815171,2.5717769531394348,665.9998293966055,50.979900893169805,373.3070089020341,0.05342120083016098,0.0,5667564.600067215,0.2283114963107639,0.05683505909406709,0.23527933034987594,0.48095703125,0.09521484375,0.3857421875,0.1773874299968563,3.599679222717534,2.04419585236298,2.141225621067115,1.0305189802120054,2.1065826251396627,498.20726960897446,22.80412456198466,246.7089502466162,0.030447862783462416,0.0,4353041.535709053,0.42,0.6126126126115087,0.9999999999947142,late,2
5,5,0.53,12.0,1.5,0.5,2.0,-0.15132432725694445,2.9957352101375267,2.999554717166783,5.87890625,-6.220703125,12.099609375,0.005506513107699258,2.0467541875418953,2.0738755287230317,3.022862746309203,1.2210991688904702,2.532407684506823,80975.9565114975,517.971153063767,219.90058212014242,0.25512273152245446,511.0,365319236.14799976,8.200740017361111,3.119056588228248,8.773861797003526,9.9951171875,1.3232421875,8.671875,-1.3807121192896856,3.1561310569836167,1.1391924580932447,1.293306801995631,1.0698865929694195,1.2188067377259786,692825.8574962616,0.13092450698251373,1.9146829593136552,0.03884058600314278,0.0,5841427900.444984,0.98425048828125,0.38383355949414927,1.0564455618136828,2.2998046875,0.06591796875,2.23388671875,-0.45658945502310044,4.09875677601631,2.176926829575173,2.4771031671531833,1.0733503050198434,2.3366050765326047,10044.69502568245,30.788653315074487,284.3978565549793,0.05608388245203854,0.0,84435487.63967156,0.27093343098958333,0.051342966736091906,0.2757553703213244,1.88232421875,0.225830078125,1.656494140625,16.60636351766592,364.38020086626034,6.826065496203365,6.978497490631465,1.017797505878515,6.947552437024366,684.3692183494568,18.115010906302746,214.8380849959813,0.024923886373948254,0.0,6052561.0121548185,0.2656979031032986,0.09948723533065702,0.28371303408061355,0.7421875,0.0787353515625,0.6634521484375,0.7069740206214347,3.9015979563073206,2.615979566827024,2.8951674383568133,1.0678030604149826,2.7933509874508022,724.4377713650465,55.034580972498965,389.9948377598814,0.05894505531106226,0.0,6119082.739270107,0.2438458251953125,0.07044716448947318,0.2538180242807626,0.531005859375,0.089111328125,0.44189453125,0.5057461235910654,3.729151617254401,2.0920730940113694,2.224559655008841,1.0408955087765879,2.177629487597354,579.8123050481081,28.1177144661047,277.2273933590289,0.03879222359988476,0.0,5017317.383240534,0.57,0.8828828828812919,0.7407407407368259,late,2
5,6,0.74,15.0,1.5,0.5,2.0,-0.14999837239583333,3.467845267879275,3.471087770955105,6.77734375,-6.9677734375,13.7451171875,0.007202452910451731,2.0720868985349368,2.0073746033741866,2.985292827522591,1.2317782081169097,2.4726402919643604,108436.05282306671,534.9923869601306,202.27483705068477,0.2899131246215878,531.0,488873568.6681032,8.222862413194445,3.1349217443332007,8.800181850928938,9.9951171875,1.3330078125,8.662109375,-1.40080858634039,3.1954331599202614,1.1357853004416938,1.2908650777458546,1.070209059658721,1.215527718360041,696988.8054847717,0.13311857167613003,1.7832031489874596,0.03935708989564799,0.0,5874876008.477021,1.088135036892361,0.4501213857800338,1.1775598160812375,3.18115234375,0.0634765625,3.11767578125,-0.2518409925359303,4.52286880551739,2.7014783455618843,3.122591125034848,1.082181692672249,2.9234904087200695,12479.824084043503,23.3182946223076,248.67468266622438,0.05773568161098076,0.0,104112774.47748782,0.2722007921006944,0.04435007530520303,0.2757901383295325,1.533203125,0.2392578125,1.2939453125,9.498018952028522,144.36890113549188,5.559310910394002,5.656911616651179,1.0131863915608927,5.632618160887622,684.5418035984039,15.962214500145073,201.62168509859842,0.018640855259126485,0.0,6081215.64643681,0.2725488959418403,0.09170388963505553,0.2875630436153341,0.5792236328125,0.0787353515625,0.50048828125,-0.021847779502067555,3.1337711043793135,2.0142492078547436,2.195586124633441,1.055087904944743,2.12520997675946,744.2325364798307,51.68965554953977,374.8025005793819,0.052704153847077106,0.0,6357504.138426855,0.27737080891927085,0.08519045012520647,0.2901585401691047,0.5950927734375,0.0921630859375,0.5029296875,0.048274009173080605,3.0952649641392056,2.050922826840211,2.2020570119053633,1.0461033779964555,2.145477297174978,757.7278058975935,45.00377565308825,351.3147214305991,0.04569702677101908,0.0,6525625.068624691,0.635,0.9999999999981982,0.6904761904725417,late,2
6,1,0.0,0.0,1.5,0.25,2.0,-0.16549153645833334,1.3709942665402213,1.3809463159462423,2.9443359375,-3.2177734375,6.162109375,-0.010622877806173209,1.8857936216443072,2.3301220332325587,3.139681418366781,1.1764924546663602,2.741370990551929,17163.114547729492,464.18835582825955,326.61585422383166,0.22086039219726653,444.0,78343248.02231787,5.198841145833334,1.4791196070389128,5.405159023704723,6.3232421875,1.357421875,4.9658203125,-1.869727457013693,5.041381263317419,1.1698531273118489,1.2551491933362047,1.0396853591181,1.2162791687848769,262941.69664382935,0.2882968454076275,11.9509455671876,0.02830821375205894,0.0,2277869583.1596847,0.7875534396701389,0.2787035916654164,0.8354137372245385,2.82470703125,0.05859375,2.76611328125,-0.9714106904457213,6.372655899963474,3.3812073052940566,3.7930470934226403,1.0607708571159118,3.586686171327652,6281.245011091232,25.95674720499394,248.01940053826968,0.0539745897247834,0.0,53385339.7437632,0.27633504231770833,0.010848338597031637,0.2765479019320984,0.347900390625,0.250244140625,0.09765625,1.0153094083158518,4.790976542330574,1.2580113180868138,1.2594569439418906,1.0007702954051862,1.2589803584293608,688.3086785674095,0.8393859806301511,46.229838669725176,0.0011805973032754384,0.0,6190011.827148498,0.020721028645833334,0.0004746503703234526,0.020726464269515285,0.0244140625,0.01708984375,0.00732421875,-0.96537219443948,8.134962993976965,1.1779173804733574,1.1783828754644197,1.00026232397892,1.1782263765042886,3.866276890039444,0.41045867687960175,33.586746585700574,0.0005055276283802652,0.0,34787.36845627427,0.13913499620225694,0.013802353398295324,0.13981792491498896,0.1971435546875,0.0909423828125,0.106201171875,-0.0662299182089293,3.193275026228426,1.4100020065807424,1.4204621994187214,1.0049083891929989,1.4169228452020841,175.9414691478014,6.821992630460818,137.56864330415377,0.00709453005696986,0.0,1575757.8182298688,0.0,0.0,0.0,early,0
7,1,0.0,1.0,0.75,0.25,2.0,-0.17609157986111112,0.8604894715730637,0.8783224779009543,1.71875,-2.0263671875,3.7451171875,-0.015652157812343158,1.7873070064453191,2.307087930096445,3.0240305858199297,1.1620859318298702,2.6810344270626256,6943.053376674652,429.11400054127967,310.1892755852303,0.22890787802712273,435.0,32499574.766790852,3.344076605902778,0.7191593543839572,3.420531906464869,3.9794921875,1.318359375,2.6611328125,-1.8878864947742924,5.315462469933687,1.1634132632932095,1.2085997470160805,1.0228629034472816,1.1900122684015169,105300.34670829773,0.20851904950868835,11.09250582707409,0.0182095272890445,0.0,926756918.7727928,0.5249140082465278,0.2074439851679883,0.5644180392544275,1.99462890625,0.04638671875,1.9482421875,0.15367121788502877,5.1099349315032505,3.5339566908266913,4.0117196614855795,1.0752581001577524,3.7999155574248182,2867.1095073223114,54.265327769966305,332.15466895926613,0.06624651960504016,0.0,24061149.29638505,0.3058437771267361,0.015856677937109202,0.3062545513822608,0.390625,0.26123046875,0.12939453125,0.9358051535313718,4.355966912466141,1.275491248164845,1.2780451125912153,1.0013430852129228,1.277204341603638,844.1266521811485,2.0481675099997605,75.23110543563061,0.0022214889665219855,0.0,7586956.921507418,0.11778116861979167,0.01295257682724291,0.11849123565863184,0.1995849609375,0.0836181640625,0.115966796875,0.6815601630336677,4.616945183922934,1.6843858520541664,1.6995597907034297,1.0060286975087358,1.6945405048584963,126.36155635118484,8.920675029079431,153.09983797063953,0.008447572184166604,0.0,1130459.377087653,0.1260928683810764,0.012163027304143382,0.1266781381682285,0.179443359375,0.089111328125,0.09033203125,0.20099225014366856,2.910829133589882,1.4165298130233235,1.4264162250733174,1.0046415772252772,1.4231047455536128,144.42615620791912,8.924224313183288,164.27457787806702,0.006916025194220801,0.0,1293843.8669282938,0.045,0.0,0.0,early,0
7,2,0.09,3.0,0.75,0.25,2.0,-0.1752517361111111,0.9707168808843627,0.9864098711204307,1.8896484375,-2.1826171875,4.072265625,-0.013469328030196322,1.7725608544184146,2.212687901245984,2.9045900484440486,1.1609816534425157,2.5688900581434164,8757.039904594421,436.9347123111504,305.9499657557281,0.21192663493149094,437.0,40650564.350426205,3.7724088541666667,0.8069997611273301,3.857760642841211,4.4384765625,1.30859375,3.1298828125,-2.127096802403881,6.378640067865117,1.1505318689834385,1.1955867029019212,1.0226252752480023,1.1765629692010922,133940.85459709167,0.1989551307445367,10.533696749830392,0.018363905252069587,0.0,1179092123.3190536,0.61489013671875,0.22270488553014575,0.6539780931139807,1.97021484375,0.0341796875,1.93603515625,-0.08719458070825124,5.2341419723746885,3.0126618375940035,3.359264132543226,1.0635690086081928,3.2041737638864904,3849.1861164569855,44.94647814432687,304.7704359143877,0.05715706479488957,0.0,32633977.83811688,0.33249077690972223,0.01570560331500393,0.332861506794521,0.391845703125,0.23681640625,0.155029296875,-0.2354203561711962,4.180217882950117,1.1772034168123664,1.1791793199924434,1.0011150080229092,1.1785160080702488,997.1710443496704,1.433339558143567,64.1647970608797,0.0018229469067322002,0.0,8964550.74507296,0.12352464463975694,0.016317112704092092,0.12459769660943286,0.2557373046875,0.0799560546875,0.17578125,1.5147942343237097,8.270114569455446,2.0525042729087377,2.0787911743596963,1.008686946412974,2.0703342675565124,139.7212740033865,10.638520753291933,164.3948376568887,0.011354021355070706,0.0,1246708.4224957975,0.13364162868923612,0.01713987801860757,0.13473626214647785,0.2337646484375,0.0885009765625,0.145263671875,1.2114731761747028,6.033523157306273,1.7349794681229092,1.7560230882477073,1.0081908120019918,1.7491903587866022,163.38474303483963,10.807125379303779,170.46020182305276,0.010784570752808571,0.0,1458564.8147895935,0.07333333333333333,0.0682730923693134,0.3271889400899133,early,0
7,3,0.13,6.0,0.75,0.25,2.0,-0.1793478732638889,1.0459909005768953,1.061255211404846,2.09228515625,-2.373046875,4.46533203125,-0.007862034377817377,1.8427035866609853,2.2360755918987874,2.9781415433041802,1.1709035437429502,2.6182288346338725,10136.3636136055,439.64857670433594,304.39441432917516,0.2266400062355259,438.0,46916345.48368453,4.016929253472222,1.053039255830289,4.152663278153011,4.84375,1.298828125,3.544921875,-1.7747826397484494,4.689633828869228,1.1664201201868691,1.2359417590534563,1.0337904942095824,1.2058340325042745,155201.51071548462,0.23183512380238194,11.765134625267423,0.024487054074124732,0.0,1351903485.4799747,0.6606122504340278,0.26893870289515975,0.7132577173353554,1.92138671875,0.05859375,1.86279296875,-0.2869426833425757,3.803125162525852,2.6938183380971674,3.0930926347445893,1.0796919325453915,2.9084939273904236,4578.629142045975,43.24941038388474,292.28976029338713,0.06506489590683368,0.0,38278378.97296549,0.2958285861545139,0.01942992963622358,0.2964659753695983,0.379638671875,0.238037109375,0.1416015625,0.9897563924808744,3.282044769876002,1.280547190619198,1.2846519577639015,1.0021545896641284,1.2833062443648635,791.0286709666252,1.2464051746656488,59.66764353916175,0.0028702289684361965,0.0,7103968.685765565,0.10572489420572917,0.014244039724601013,0.10668011024782753,0.1971435546875,0.0408935546875,0.15625,1.1624476267670498,6.346614944665586,1.8479879166572823,1.8727557076764965,1.0090349207560385,1.864684341059877,102.42581330239773,11.32456507880838,170.50603965755133,0.012278068239669414,0.0,913615.5941996721,0.14316663953993056,0.026631928755371365,0.14562261605392063,0.3448486328125,0.0872802734375,0.257568359375,2.110028908695389,10.249287027534564,2.368098047918893,2.4270796080443633,1.0171546703957377,2.4087219894122724,190.85351675748825,17.07774868303121,210.34024000503715,0.01956649459926994,0.0,1688958.9306309817,0.14666666666666667,0.24497991967812455,0.6036866359405443,early,0
7,4,0.22,10.0,0.75,0.25,2.0,-0.17252115885416666,1.2480283048184457,1.2598961067803918,2.431640625,-2.76123046875,5.19287109375,-0.0034663227491245094,1.7879003474359765,2.19163346397189,2.8987712295028536,1.1641552046261965,2.5514015037178406,14286.043798923492,449.4838546883302,298.0429475290341,0.20968770638404716,441.0,65492662.43302821,4.797508680555556,1.2193919825120056,4.950051145899451,5.654296875,1.279296875,4.375,-2.0634279404397473,5.9348844419131215,1.1422703944549732,1.2080053059272746,1.0317961832901152,1.1785902332841738,220527.0571231842,0.23674392001200228,12.008804663854878,0.023944868024068682,0.0,1924523385.1823802,0.90732421875,0.30452042218261655,0.9570631773590377,1.923828125,0.05126953125,1.87255859375,-1.1996512127663905,5.317970850356801,2.0101370217864676,2.2335297456325334,1.0548193882408508,2.120331503603303,8243.729329109192,30.371153147954555,267.26296428855056,0.04847047154345963,0.0,70437891.4311409,0.32257161458333333,0.02218837199042301,0.32333383736702215,1.326904296875,0.234375,1.092529296875,12.598540079560232,511.25962547097254,4.103821324969162,4.117559427432129,1.0023629567768109,4.11351847739254,940.9029334783554,2.73918891758803,84.79496401214466,0.0038183889868425407,0.0,8448188.131967193,0.02161227756076389,0.0005972019033154436,0.021620527086008378,0.0250244140625,0.015869140625,0.0091552734375,-1.6820929657744776,12.184220821234558,1.157437742465446,1.1581064570862603,1.000381705455194,1.157879542819347,4.207024723291397,0.5612533170439244,41.217534961992776,0.0007046321456766967,0.0,37848.778347671025,0.16391703287760417,0.02530110854996194,0.1658581917218879,0.2947998046875,0.0970458984375,0.19775390625,0.9990211779350807,5.053674339381251,1.7774208293555063,1.8087316895523742,1.0118423254081308,1.7984696252147676,247.5804578512907,10.834066376349584,166.62930579895357,0.014171270705373494,0.0,2202298.30284901,0.19666666666666666,0.3654618473886776,0.8341013824827368,middle,1
7,5,0.24,13.0,0.75,0.25,2.0,-0.16334933810763888,1.269705977100287,1.2801704084005372,2.51953125,-2.88330078125,5.40283203125,-0.007743273681140716,1.9390999467098442,2.2522788859415863,3.1122666114479185,1.1923072844891685,2.6854085224114006,14749.526470899582,452.61526737154435,300.58762294541924,0.2197143641335626,442.0,67453602.86672708,4.7491682942708335,1.6703824525567423,5.034359643998114,6.0107421875,1.3330078125,4.677734375,-1.3208337524319842,3.025881185326718,1.193943741120029,1.3254063464135077,1.0600507988041319,1.265641016501732,228102.99322605133,0.27618669499115256,12.628372350058171,0.03638372512882957,0.0,1939924750.8062596,0.8831016710069445,0.4051783704574874,0.9716162170434592,1.82373046875,0.048828125,1.77490234375,-1.0521801351660625,3.1366924129312963,1.8770070288632799,2.293395657259409,1.10023143307439,2.0651421332590747,8496.342658996582,26.366562676965916,237.78632200707904,0.06793134552964442,0.0,69818227.25174427,0.30187771267361113,0.021779241214290496,0.3026623345527513,0.872802734375,0.250244140625,0.62255859375,6.1033209549358585,130.5126303033931,2.8837507503597037,2.8945683832880045,1.0025991381450075,2.8912460169452103,824.440398812294,2.1586885613377653,74.12344219684202,0.0037951832711200003,0.0,7400753.57685387,0.14636555989583333,0.027358469667481348,0.14890051372029336,0.291748046875,0.0848388671875,0.2069091796875,0.5527390223580201,3.866965052486436,1.9593488268353694,2.0105510180712174,1.0173193326712022,1.9932834409996478,199.54226687550545,12.750925707165134,185.89301538510557,0.018233081947371853,0.0,1765566.8055832386,0.17723273383246527,0.043543055533453515,0.18250325922272978,0.406494140625,0.089111328125,0.3173828125,1.3612036213757073,5.500925897996579,2.2273253768398784,2.3252179808636204,1.0297378778471977,2.293561306834874,299.7669566422701,18.117742896087236,221.44840354052198,0.027495403922515115,0.0,2621114.756049589,0.26666666666666666,0.5341365461834519,0.8709677419294877,late,2
7,6,0.34,15.0,0.75,0.25,2.0,-0.16185438368055555,1.3725090616706783,1.3820195244224078,2.63427734375,-3.0419921875,5.67626953125,-0.007629922092646029,1.814200087751106,2.201120992678558,2.9480758411858674,1.1712207572397175,2.5779985958230847,17189.801692962646,454.41560453886734,293.91955416984683,0.18922775464442815,442.0,78415161.40489578,5.224656575520833,1.521602801889552,5.441719527764291,6.2255859375,1.3427734375,4.8828125,-1.8449446451873546,4.81183686137044,1.1440475580807108,1.2316327213559384,1.0415458794477372,1.1915780200114292,266510.80276966095,0.245718678723869,12.248125088300142,0.028850246843912793,0.0,2304828586.788774,0.9616707356770834,0.3689162836672074,1.0300047709659048,2.00439453125,0.0146484375,1.98974609375,-1.266673758604053,4.176368192712315,1.9460050941010671,2.2378484008840935,1.0710576216501362,2.0842835878089625,9548.188453912735,19.879110057270584,197.5034313269391,0.05235543561819834,0.0,80421677.88723113,0.31757283528645835,0.013942313888484062,0.31787874076201605,0.39306640625,0.242919921875,0.150146484375,-0.6204266465957674,4.127589834539882,1.2365293926435856,1.238326798254301,1.000963260835206,1.2377204929829937,909.4220444560051,0.7205196783902399,43.72456727462356,0.0014738305862573029,0.0,8176925.80601722,0.14874715169270833,0.025641574755372605,0.15094106628955867,0.36376953125,0.0848388671875,0.2789306640625,1.0113435872984053,6.985613398753729,2.410010345029302,2.4631179156572607,1.0147492881098519,2.445556281972064,205.0488494336605,11.39670936717215,174.89387581469302,0.0166162144898254,0.0,1818811.354342848,0.18167527940538195,0.04466641752893356,0.18708553124678728,0.4705810546875,0.0958251953125,0.374755859375,1.5493185542199859,6.263186659198736,2.515325752605819,2.625416462241013,1.0297797909439477,2.590231627688193,315.0089640170336,22.346805091599144,249.43254369127473,0.02820959968159167,0.0,2754279.6292621647,0.3466666666666667,0.7269076305203368,0.9999999999931152,late,2
7,7,0.46,19.0,0.75,0.25,2.0,-0.16040174696180556,1.4294968728672013,1.4384679454077198,2.724609375,-3.0908203125,5.8154296875,-0.0022207023851330884,1.8060000905282014,2.148689042647932,2.861172533258868,1.167474460285687,2.508539580388908,18622.71026968956,455.9440182670396,289.2210311459145,0.24484876381441117,444.0,84844216.52327177,5.4656494140625,1.5677745209258191,5.686056671007239,6.6162109375,1.3525390625,5.263671875,-1.7752146434440574,4.8145179406731025,1.1635851206398244,1.249485135485858,1.040325904617412,1.2105077432291989,290981.1641931534,0.2555378960742402,12.680314481657703,0.028475003964219238,0.0,2519284843.75031,1.1782443576388888,0.4444095084247998,1.2592694618254863,2.63671875,0.048828125,2.587890625,-1.2644918855245049,4.206215474586873,2.093847925269001,2.3991402748595605,1.068767657286216,2.237836941805131,14271.836197376251,30.032974536977168,250.50924248992175,0.05655584126015238,0.0,120447786.6719246,0.30630872938368053,0.03506369118426737,0.308309098367386,2.30224609375,0.242919921875,2.059326171875,29.16683196326267,1369.2802563019047,7.4673310192070295,7.529401612654207,1.00653056472378,7.516096907766229,855.4905012249947,7.802685694729073,135.95127279236266,0.010301614488597167,0.0,7649621.844865382,0.14909681532118055,0.020837589941245474,0.15054589165260443,0.2398681640625,0.084228515625,0.1556396484375,-0.28149004944084266,3.5526359494508437,1.5933225505377449,1.6170385090949386,1.0097190293923621,1.6088080992486211,203.97658944129944,9.361822340312207,155.1163823762628,0.012080138565964174,0.0,1818204.0529675782,0.17949673122829862,0.03052079124064129,0.1820730491302842,0.29541015625,0.0982666015625,0.1971435546875,0.2183483200090701,3.002128941333837,1.6224815131040828,1.6578328932340793,1.0143530073408102,1.6457690021810338,298.3553569763899,17.16124042878066,210.0033785123551,0.016828590930518517,0.0,2647471.815669909,0.42,0.9036144578291478,0.8341013824827368,late,2
7,8,,21.0,0.75,0.25,2.0,-0.15986762152777778,1.4469124266239022,1.455717426814565,2.734375,-3.1884765625,5.9228515625,-0.008379150444691825,1.8720611333332655,2.1903128339096063,2.9776191530835954,1.1806162825786104,2.5859189956563573,19072.019040584564,458.37495500653233,300.1929228990473,0.2291568647418436,444.0,86859176.36095284,5.448088650173611,1.7209850497644232,5.713445500016883,6.6796875,1.3525390625,5.3271484375,-1.6146570233733115,4.059954738989749,1.1691172165690724,1.2743880888816053,1.0487064118961733,1.2260607212744081,293791.13533496857,0.26435258949586976,12.530040330866852,0.03220885198702918,0.0,2524167744.2505126,0.94590576171875,0.38317781240889853,1.020569912340746,2.42919921875,0.04638671875,2.3828125,-1.0045978289938142,4.320544328679788,2.3802379331133596,2.782022093867253,1.078934026667994,2.568119697604417,9374.06651377678,32.66042282696726,276.6300437676314,0.06237593394688332,0.0,78420177.39682794,0.2867678493923611,0.059754266150591526,0.2929272465447959,2.09716796875,0.242919921875,1.854248046875,12.836803402082436,227.47824505819267,7.159347563191365,7.35488350075518,1.021478687950775,7.313120955457259,772.2573459148407,26.398920554963293,248.75917009523835,0.029517630131415208,0.0,6805709.742671251,0.15495591905381945,0.030119197375124054,0.157855956176305,0.3338623046875,0.018310546875,0.3155517578125,0.4296486314635518,6.0437716108161315,2.1149807252917547,2.1757666042829844,1.0187152393995327,2.1545630959046362,224.26652610301971,14.851362164402156,195.38341517683762,0.020898741428686113,0.0,1981658.5871316493,0.1809130181206597,0.04250435755004891,0.18583901779838524,0.37353515625,0.0958251953125,0.2777099609375,1.1251067794186977,4.1727832200658135,2.009993168674806,2.091274814144057,1.0272285528585505,2.0647223739245035,310.82526482641697,13.433207661184092,185.43640027585118,0.025423557930087725,0.0,2724259.3028116976,0.46,0.9999999999975904,0.705069124419109,late,2
8,1,0.0,0.0,0.75,0.5,2.0,-0.16841010199652778,1.2370529221546438,1.2484638139192596,2.6416015625,-2.94189453125,5.58349609375,-0.004349339115481264,2.0216001729211452,2.3564115342776772,3.2794940980333194,1.1988764947093975,2.825046400309878,14027.957051992416,451.0822668361281,303.15696479126365,0.2122699144008392,442.0,64274468.03119776,4.617359483506944,1.6585232833836954,4.906190791383612,5.9619140625,1.3330078125,4.62890625,-1.1256095113459252,2.536835249341992,1.2151818622645625,1.3516663989779243,1.0625533508723548,1.2911955596687823,216636.37273311615,0.1435695476554063,5.596855897392964,0.034037786925229616,0.0,1838324025.6272554,0.7183954535590278,0.3334503234707735,0.7920108243686097,2.90771484375,0.04638671875,2.861328125,0.8638026004438103,7.094969695721206,3.6713069497053357,4.342329514954464,1.1024719330332327,4.047512869605092,5645.530313253403,55.47306865069346,383.23414384872785,0.08127504286350537,0.0,46306620.28155922,0.32686971028645834,0.017137818709219474,0.3273186709200428,0.4052734375,0.25390625,0.1513671875,-0.34777814973869153,3.747022790214363,1.238161686162296,1.240725424612186,1.001373515558201,1.239862320505596,964.2376109957695,1.0976606521374388,55.1848218251484,0.0020627636800280764,0.0,8666243.504096568,0.13414910210503472,0.018930584665606917,0.13547822198186962,0.2667236328125,0.0848388671875,0.181884765625,1.0022447350707708,7.334091027912336,1.9687565197469563,1.9978428108254167,1.0099077806334054,1.9882625274798718,165.1891376823187,12.037258460571861,175.69649301769837,0.013029467408625279,0.0,1472188.4748164564,0.14828850640190971,0.015570816144887296,0.14910376067130937,0.2142333984375,0.10009765625,0.1141357421875,0.10045476620585177,3.332074402320086,1.4368074787082556,1.448721791556561,1.0054977576359463,1.444706698005398,200.08738301694393,7.503484803987027,143.51917189770776,0.007848284379947779,0.0,1790967.2138530759,0.09,0.0,0.0,early,0
8,2,0.18,3.0,0.75,0.5,2.0,-0.16526746961805555,1.3586592135187479,1.3686738818993138,2.83447265625,-3.12744140625,5.9619140625,-0.007154116983862455,2.0196656222824534,2.2850157715494306,3.1888828030321044,1.2007682754629607,2.7437744474110817,16859.413754940033,456.4493751038449,304.7806653010743,0.21281841406192012,444.0,76973562.44761945,5.067150607638889,1.8660316287163377,5.39982308227454,6.494140625,1.34765625,5.146484375,-1.1121580866392928,2.5248881429234844,1.2026580363931672,1.3456944495177106,1.065652770243906,1.2816158681387122,262422.8038787842,0.1339673201109668,5.264359209113343,0.03496233541149117,0.0,2220781236.3697047,0.7979576280381945,0.3713697247531786,0.8801430841673376,2.96142578125,0.0146484375,2.94677734375,0.6580400638090359,6.243014541639299,3.3647094824909094,3.9971885466462065,1.102994762178157,3.711256935442867,6971.866637468338,55.92362681444408,390.4877486803579,0.07730935904420731,0.0,57161223.14324976,0.30914306640625,0.018760783573695154,0.309711805566656,1.41357421875,0.2392578125,1.17431640625,25.26600932187103,1403.8221932912725,4.564159949147329,4.575635673193456,1.001839728013362,4.572556762078003,863.2926225662231,2.1371211685928992,72.7562373298983,0.003126609636349436,0.0,7755380.253556371,0.15210727267795138,0.026728623257398297,0.1544378247151927,0.2935791015625,0.084228515625,0.2093505859375,0.781382080117975,5.443810418564431,1.9009533584276028,1.9446779731676416,1.015321765982619,1.9300793209418021,214.6593753248453,16.01451343844281,205.91983879593604,0.018066840653405452,0.0,1903000.4666734484,0.16821085611979167,0.03292849784553423,0.17140355330889906,0.401611328125,0.10009765625,0.301513671875,1.8705439574791796,9.491046448491593,2.3430746934334747,2.408053499285354,1.0189803277965288,2.387547019180523,264.41260278224945,17.80820555876859,216.16925579486787,0.021446409178550698,0.0,2335799.858053028,0.16,0.15909090909054752,0.4173228346430667,early,0
8,3,0.3,6.0,0.75,0.5,2.0,-0.1604814995659722,1.575535803367294,1.5836879046690882,3.28857421875,-3.5498046875,6.83837890625,-0.0015098599037864221,2.002073763033057,2.2414799513414803,3.1334129018313472,1.200295132267034,2.6904374746710262,22572.606414556503,465.0343800880746,296.3308307958514,0.2423259401186897,450.0,102619781.83174728,5.846361762152778,2.2245558881527736,6.255285345488031,7.59765625,1.34765625,6.25,-1.1117004893850595,2.5292666688894796,1.2145978689012187,1.3707560353201338,1.0699449674806998,1.2995528773438494,352157.3527812958,0.13821902762053517,5.133722521968321,0.0367634723671579,0.0,2968995894.6310987,0.9737052408854167,0.39870497082832407,1.0521727756841754,2.87353515625,0.029296875,2.84423828125,-0.18194857651604132,4.828575243212506,2.731048761814572,3.151547284004799,1.0805865384131297,2.951134527769477,9963.607949018478,41.06357830020266,332.37103073295293,0.06290698263888052,0.0,83234365.53803085,0.30322767469618056,0.013919246947675056,0.30354697846831397,0.5908203125,0.2294921875,0.361328125,1.2741259641586296,26.304588394967343,1.9463883827119925,1.949446851527518,1.0010530165871314,1.948437961970407,829.2669132351875,1.0275225320823584,51.75117023982215,0.0017075174080385198,0.0,7455555.615611373,0.049176161024305554,0.058673820046972296,0.0765565932627159,0.262451171875,0.01220703125,0.250244140625,1.6033798150515681,4.070343184956394,3.4281981562440955,6.985520776046871,1.5567826293581692,5.336959339708224,52.74820774793625,45.11437388183971,342.652860235722,0.1759274913525035,0.0,335308.007478714,0.1879638671875,0.04296018226053574,0.1928107689625727,0.3936767578125,0.0982666015625,0.29541015625,1.1701350914469888,4.985363494255014,2.0417778525994907,2.120024750383434,1.0257863484432994,2.0944278477612954,334.5839336514473,18.880923925991276,227.33248189683502,0.026484903205992474,0.0,2936510.106068851,0.2833333333333333,0.43939393939294075,0.8267716535381505,late,2
8,4,,8.0,0.75,0.5,2.0,-0.16377658420138888,1.5750056254416138,1.583497865393384,3.369140625,-3.7060546875,7.0751953125,-0.0019295753113705314,1.999685995758039,2.340422913406943,3.2760262160932485,1.2007433375381609,2.810247220296814,22567.189407348633,463.9523719137206,291.6271762168161,0.23598962499568107,450.0,102638715.03430606,5.843984917534722,2.207635534970733,6.247064460339659,7.578125,1.318359375,6.259765625,-1.134149922157284,2.5966415229175372,1.2130697623034863,1.3671492075817333,1.0689734057311542,1.296739315199247,351232.32934474945,0.14189514485705063,5.193494245492464,0.03649048165079656,0.0,2963707950.5654593,0.9942344835069444,0.3989722876919768,1.071298788639514,2.9638671875,0.05126953125,2.91259765625,-0.36489894733198147,4.682393025524835,2.766611162942851,3.1818836743541437,1.0775111972174458,2.981054506420484,10329.12985086441,39.75380702008612,324.00091222681954,0.06145206666739857,0.0,86515425.12265444,0.31151963975694447,0.024881601485098777,0.3125117278547474,1.65771484375,0.234375,1.42333984375,26.196539668442522,1184.5417989845005,5.304488427119722,5.326811454442038,1.0031846727146123,5.321381486695574,878.9722204208374,3.6512299510521626,92.94344432994707,0.0053251338301983225,0.0,7885676.767468452,0.16378038194444444,0.03110842766996371,0.1667085714112069,0.306396484375,0.0830078125,0.223388671875,0.3046210511692288,3.888832821810848,1.8379168016346201,1.8879792561272257,1.0178787558740572,1.8707764674590956,250.1257300376892,17.23502005614607,214.12150954029585,0.020292722784038066,0.0,2211938.5952025647,0.1885809326171875,0.04485330712750547,0.19384165524221708,0.4193115234375,0.0958251953125,0.323486328125,1.3449662173471955,5.490619090634559,2.1631652026050916,2.252386676452291,1.027896365507327,2.2235096497611653,338.1712857633829,17.88849555980997,217.2651115965358,0.028029440925680542,0.0,2962062.9468280817,0.36999999999999994,0.6363636363621898,0.9999999999937638,late,2
8,5,0.44,9.0,0.75,0.5,2.0,-0.16217583550347223,1.6350806335136716,1.64310367284378,3.3203125,-3.53271484375,6.85302734375,4.452244897083733e-05,1.9879569177369234,2.150025529206961,3.0081359875343847,1.2000303080655554,2.580095798164609,24298.107117414474,466.56219207409873,289.920474787978,0.2564588583812307,453.0,110406681.38001561,6.063752170138889,2.3046680804660977,6.486955013100012,7.822265625,1.3427734375,6.4794921875,-1.1226132183388626,2.5809225098496626,1.2058455175351461,1.3610720572489035,1.069792239373523,1.2900041765426475,378725.26807785034,0.13377810111991306,5.031650812104948,0.03653934807339022,0.0,3193411866.782188,0.9360989040798611,0.38211106449654775,1.0110835889431704,2.734375,0.04638671875,2.68798828125,-0.4416454339451204,4.440797355858788,2.704400536117282,3.128784236681738,1.0801033785376937,2.9210321559823154,9200.610214471817,38.7328689672882,319.4931584253285,0.06206399753808184,0.0,76892144.00861861,0.2804326714409722,0.02259074881631598,0.2813411188283756,1.0986328125,0.245361328125,0.853271484375,18.08047057264925,529.2432929938132,3.904984870577293,3.9219722485433883,1.0032394491759187,3.9176348706121846,712.3754262924194,3.6903047930493047,97.4023008963836,0.005350781555752001,0.0,6390710.339003802,0.16957539876302083,0.034355261216323846,0.17302051854875297,0.36865234375,0.0848388671875,0.2838134765625,0.3444931847416092,3.9543565989717497,2.130685694621774,2.1967405851872437,1.020316153226485,2.173973031683755,269.42489854991436,18.176510193175133,221.97005012379068,0.022158976911393506,0.0,2377022.6389486333,0.20669935438368056,0.06490546368830019,0.21665027652699548,0.5096435546875,0.098876953125,0.4107666015625,1.2890255141477907,4.262167866294703,2.352378971561774,2.520529703816603,1.0481420088221254,2.465627220775064,422.43608087301254,21.52415769539143,242.02644404095955,0.04067554090146678,0.0,3631309.9320478733,0.47666666666666674,0.8787878787858816,0.6692913385785034,late,2
8,6,0.62,12.0,0.75,0.5,2.0,-0.16283827039930557,1.799236610133875,1.8065903469111848,3.7451171875,-4.111328125,7.8564453125,0.00030858014987949356,2.0345873952467115,2.2757390085843543,3.2193302324115436,1.2069952313025964,2.7468061310521343,29373.918133974075,475.2863833686466,285.71866573604893,0.27761113073938426,461.0,133271555.4651558,6.627985026041666,2.627863184947833,7.129926396831648,8.73046875,1.3427734375,7.3876953125,-1.0560235153801638,2.4522399797392587,1.224482310768084,1.3971275693963814,1.0757306132733786,1.3172131071051396,457522.6538181305,0.13794146849219271,5.018320158010683,0.03823583058147496,0.0,3838024455.181408,1.2251201714409723,0.47470537316969336,1.3138739002612598,2.5732421875,0.048828125,2.5244140625,-1.0249680220515047,3.91085876937497,1.9585153392470616,2.2507987523888198,1.072444916742187,2.1003998199387097,15536.381632089615,36.364529177809665,311.27020607908736,0.05773131628606054,0.0,130700955.35188316,0.27483805338541667,0.012672695234233896,0.27513006522949274,0.750732421875,0.245361328125,0.50537109375,8.096163431221546,250.48292170988856,2.7286455271475587,2.7328440093170343,1.0010624869426852,2.7315446774012972,681.2689751386642,1.2110324191122603,55.82185694430829,0.0017986666635566278,0.0,6124916.735023258,0.17321268717447916,0.033739535573987574,0.17646810266717425,0.3173828125,0.0836181640625,0.2337646484375,0.06803792606352056,4.036065050528581,1.798527936217447,1.85055869079282,1.018794324739025,1.8323300543133094,280.2689213305712,17.428358073923746,216.52820329017823,0.021060364303377276,0.0,2476317.10675992,0.20567966037326388,0.048258326359135066,0.21126520952169567,0.46142578125,0.09765625,0.36376953125,0.9725473887530691,5.383519210022884,2.1841068024994916,2.273255869468274,1.0271565459475578,2.2434195992465615,401.69689878821373,28.593789782997604,283.8303944057768,0.02831569030075403,0.0,3520953.0727930362,0.53,0.9999999999977274,0.6377952755865748,late,2
9,1,0.0,1.0,1.5,0.5,1.0,-0.16364393446180556,1.406402059660537,1.415890564522393,2.91748046875,-3.291015625,6.20849609375,-0.0002836400315716,2.0878493385441153,2.324343213705784,3.3109115456526745,1.2131389854916859,2.819751368211511,18042.714816331863,460.13223988487744,300.07171626997314,0.24527616186300205,446.0,82276780.19657731,5.1740532769097225,2.1039278466844107,5.585457877054874,7.0947265625,1.318359375,5.7763671875,-0.96082636845082,2.1905057557561833,1.2702139589386126,1.4558927743458536,1.079513019701604,1.3712125064811964,280776.057267189,0.1674702584314476,5.3636110675051585,0.0396315316096048,0.0,2347710763.924908,1.8297376844618056,0.8431505577753048,2.014657007288451,3.26171875,0.0732421875,3.1884765625,-1.1396515569523615,2.8565339229949247,1.6189945674119308,1.982608710869481,1.1010632968845127,1.7826154960335807,36529.58571314812,16.28060846276211,199.06806717608055,0.057796153842943565,0.0,299974758.8643849,0.311072998046875,0.01883827881440273,0.3116428899599031,0.380859375,0.25390625,0.126953125,-0.14750551345668994,2.784610144880392,1.222101922645437,1.2254727929753073,1.0018320198654478,1.224340837649254,874.0916177630424,1.0160747052423709,49.335820767281206,0.0024236280465253623,0.0,7852452.091784774,0.17542249891493056,0.03323663420334624,0.17854334761823487,0.3045654296875,0.0946044921875,0.2099609375,-0.34148222356889857,2.4614976207179584,1.7058346544337364,1.752869747348488,1.0177904699886868,1.736182254668826,286.8995428085327,7.389777984167522,133.52883408367165,0.01728836950912583,0.0,2537356.5943136816,0.21561191134982638,0.04756629725719674,0.2207963970509605,0.4168701171875,0.111083984375,0.3057861328125,0.08606378459432913,2.8828675719913,1.888029527444676,1.9579735016306716,1.0240454512352906,1.9334280493863922,438.75944055616856,9.68678184841964,142.12727890770296,0.02265942630704129,0.0,3857201.630799846,0.05,0.0,0.0,early,0
9,2,0.1,3.0,1.5,0.5,1.0,-0.1656903754340278,1.4022790073352112,1.412033892980085,3.06884765625,-3.408203125,6.47705078125,-0.0003667844013377139,2.0740433776386022,2.413683653020965,3.432753859259894,1.2117779263972048,2.924848572038647,17944.55743432045,460.8412723635264,308.00061409307574,0.26731214957570537,445.0,81862380.03123403,5.166222873263889,2.081045264907094,5.569614723733342,7.3486328125,1.328125,6.0205078125,-0.9914778967887105,2.2441677818924504,1.3194149285020658,1.5089095495220288,1.078082548965512,1.422438209262911,279185.47353744507,0.16903021366282206,5.3119555746914155,0.040009160784580805,0.0,2337273911.4361763,1.4004690212673612,0.6461659420568979,1.5423501237409873,2.43896484375,0.0537109375,2.38525390625,-1.140896736839141,2.8600804149702026,1.581330209143876,1.9382166429722787,1.1013097043332873,1.741534305086667,21409.59513783455,17.945843832015573,208.98083419094465,0.05986394896045146,0.0,175776404.31132913,0.3077444118923611,0.019470570887645935,0.3083597350200996,0.39794921875,0.257568359375,0.140380859375,0.03637925832541079,3.0924260375401342,1.290535610048991,1.2944144646057112,1.0019994615757692,1.2931159864176396,855.7715356349945,1.2592456596023245,55.62895016777884,0.002703263149320601,0.0,7686590.536624194,0.18183614095052084,0.036206125727628324,0.18540567870478647,0.3131103515625,0.0909423828125,0.22216796875,-0.4131762817629898,2.3994983055026093,1.6887851210823128,1.7404445628795329,1.0196305186339019,1.7219368488796627,309.3773912638426,7.473910066459755,134.69477704358988,0.018402650731498885,0.0,2731306.0193378483,0.21762308756510418,0.04765688077538721,0.22278013045738274,0.4156494140625,0.107421875,0.3082275390625,-0.13718598308592708,2.5352263380126274,1.8657382649308885,1.934358678142577,1.0236971313519851,1.909950909671954,446.6788787394762,9.281177777890782,138.47399581401805,0.022237239047257697,0.0,3928127.2822637106,0.08,0.044444444444378596,0.1534391534381671,early,0
9,3,0.14,9.0,1.5,0.5,1.0,-0.15198296440972223,1.7588353820827052,1.765389680137726,3.80126953125,-3.96728515625,7.7685546875,0.0017956030666351293,2.0968855145917376,2.247257475719608,3.2502661548003453,1.220635426638865,2.743082087643937,28049.406504631042,474.35480703807144,263.9810930976151,0.2605365640951865,460.0,127157876.12892385,6.454820963541667,2.7598706402521143,7.02008544266397,8.857421875,1.279296875,7.578125,-0.9565516343846032,2.204117064502371,1.2617256509683648,1.4704549238932236,1.087572448920576,1.3722180560897679,443534.39660072327,0.1654392779372266,5.180245130167082,0.042274498425251286,0.0,3683325688.4171014,1.4778228081597222,0.6479551582062572,1.61363135175392,2.7294921875,0.04150390625,2.68798828125,-1.0881676877537338,2.9849574020791394,1.6915215390005374,2.0245821355561833,1.0918977179423988,1.8469685082862457,23434.255254268646,16.562497668551064,206.5205314219192,0.056236904534319884,0.0,193904592.13763478,0.35355075412326387,0.024013446038053013,0.3543653218526766,0.455322265625,0.2783203125,0.177001953125,0.2141679599367905,3.159879716642693,1.2848950999020448,1.2893378251617662,1.0023039626387742,1.2878554502105972,1130.1730319857597,2.4166677320054664,81.67936530108145,0.0034508360737159193,0.0,10148203.141458334,0.19094679090711805,0.04454630757536723,0.19607409435294068,0.3594970703125,0.084228515625,0.2752685546875,-0.5962928631090655,2.580211945420391,1.8334756128647898,1.911898657219487,1.0268520011278421,1.882708102098908,346.00545428693295,10.292259444071368,158.66753993500893,0.0239891900913231,0.0,3033682.4724961063,0.24790364583333332,0.0677241746955288,0.2569879013799079,0.4962158203125,0.0909423828125,0.4052734375,-0.26363266292899956,2.85291176200928,1.9308917565617538,2.043961535226576,1.036644299905316,2.0016479331816943,594.3850331008434,9.917933205027081,145.62635443886728,0.030538792922416652,0.0,5163710.562334208,0.14333333333333334,0.13827160493806676,0.33333333333119064,early,0
9,4,0.19,16.0,1.5,0.5,1.0,-0.15553195529513889,2.006292190333912,2.0123117407878865,4.32373046875,-4.5556640625,8.87939453125,0.0019578345094366724,2.0899888183876487,2.263895782228077,3.2591978342958403,1.2181407449711037,2.7577436947016203,36444.58687901497,486.4851198559292,270.29994881617,0.2832164291721798,471.0,164980430.29325604,7.355115017361111,3.1417029561537326,7.998000649119506,9.9951171875,1.30859375,8.6865234375,-0.945887838874428,2.2046163615022856,1.2497019725297354,1.4561432313383378,1.087406604823967,1.3589341789905438,575712.1294498444,0.15363685617763934,5.026206048507243,0.04207141804867986,0.0,4781662117.736103,1.5673554144965278,0.6802574252291471,1.7086114713213683,2.861328125,0.0341796875,2.8271484375,-0.9992960187742902,2.88887078930954,1.6746511263824622,1.9928101112915466,1.0901238197266987,1.8255770826027367,26274.17843937874,15.73931954246457,205.07569447839984,0.05280059475684636,0.0,217726235.33256653,0.3314016384548611,0.01531899882804299,0.33175550891531563,0.400390625,0.255126953125,0.145263671875,-0.21662128957006163,3.450414087503999,1.2068846311185066,1.2088237451797745,1.0010677993660604,1.2081733417661646,990.5554592609406,1.0248382341813425,52.97077921416014,0.0016668782420879086,0.0,8905494.951561091,0.20373019748263888,0.05058824384113871,0.20991704023553104,0.338134765625,0.08056640625,0.257568359375,-0.6193261438263729,2.586119931405721,1.6108018922332143,1.689375496394559,1.0303678238587533,1.6597184403758056,396.58647403120995,11.194542850101978,169.18268204113045,0.02628904028400195,0.0,3465632.5640566647,0.26558648003472224,0.07233282732070379,0.27526027008168225,0.5303955078125,0.089111328125,0.4412841796875,-0.43744709595435455,2.936730719502975,1.926887260748457,2.0403150492027193,1.0364242564028818,1.9970726964006607,681.9139465689659,8.903884959624003,141.96190315688187,0.030264648382070495,0.0,5925328.706712277,0.20000000000000004,0.22222222222189303,0.4920634920603292,middle,1
9,5,0.27,22.0,1.5,0.5,1.0,-0.1479904513888889,2.242292337042827,2.24717068743415,4.619140625,-4.9853515625,9.6044921875,0.00687850901771935,2.086451397054441,2.2185015096428313,3.210235722936452,1.220135373383212,2.7068721678204803,45447.98488616943,494.48517446078404,254.79009339542048,0.2802103607239765,482.0,205403006.7348599,7.744064127604167,3.2420187128873277,8.395309079906308,9.9951171875,1.3427734375,8.65234375,-1.022639403291514,2.348573016893954,1.1905597628825304,1.3808978091865936,1.084096017487724,1.2906810975222343,634330.9309244156,0.12558653980290382,2.3121001338194755,0.04130542899736078,0.0,5283295622.263933,1.0202446831597223,0.4266338816972605,1.1058551815349758,1.88720703125,0.04638671875,1.8408203125,-1.1257092463824583,3.0871309810961973,1.7065589263042262,2.0044173627264357,1.0839117319475087,1.8497592414825672,11006.241142749786,13.43746941669292,185.5125962888342,0.051684655867763094,0.0,91684504.08942698,0.30477335611979167,0.020215935010628523,0.30544309229196087,1.03271484375,0.24658203125,0.7861328125,11.089875297933334,375.394721092038,3.381038464472747,3.3915933133392926,1.0021974892414933,3.3884682601345943,839.6593436598778,2.180702728521915,74.29776602547405,0.0034847242230021005,0.0,7540382.390703261,0.23354363335503472,0.05983486973402991,0.24108679000882488,0.4315185546875,0.0885009765625,0.343017578125,-0.5869887383476879,2.5350063255852766,1.7898888390770582,1.8829468148448256,1.0322987038627196,1.8476999286452593,523.1055628508329,11.413607735459873,172.985265426277,0.026762916014175082,0.0,4562952.215069904,0.2892237006293403,0.07280207917537804,0.298245690225338,0.4901123046875,0.1068115234375,0.38330078125,-0.6393386864666287,2.7557463384721563,1.6433173076719227,1.7260046101762618,1.03119381148687,1.694578637986233,800.5544256418943,7.376959589775068,135.3893179977367,0.025728264570256756,0.0,6990335.163614526,0.28,0.34074074074023597,0.5873015872978121,middle,1
9,6,0.38,28.0,1.5,0.5,1.0,-0.15285264756944444,2.4133398511613486,2.4181755868986166,5.185546875,-5.25390625,10.439453125,0.003611631862858468,2.0922258860891985,2.1726735967656183,3.159622495726898,1.222350481863842,2.6557686179403985,52628.15852165222,501.5879017992027,254.1353676638497,0.27119327849926844,489.0,237772974.05729294,7.856048177083333,3.2100293719320145,8.48656476610652,9.9951171875,1.3525390625,8.642578125,-1.0817695499639246,2.4442047089783916,1.1777577221135611,1.3569755388516809,1.0802587477583665,1.2722830820532918,648196.0337638855,0.12747277698093062,2.3422328554792293,0.04080472905023552,0.0,5416440616.878746,0.8288859049479167,0.33447721308986417,0.893827080311225,1.484375,0.04638671875,1.43798828125,-1.1458918114012038,3.152185709655392,1.6606959362671012,1.925341083215824,1.0783475445469308,1.7908073851146986,7190.341645479202,12.736470336445262,180.05802807157542,0.049489258757333114,0.0,60182166.12980961,0.2992034233940972,0.03548094745864067,0.30129982775187614,1.917724609375,0.238037109375,1.6796875,23.085066896081763,809.0197987717376,6.364838054099066,6.422066278682336,1.0070066188848736,6.409434048629352,817.034275829792,9.037065793177067,145.75711998578953,0.010845583464643677,0.0,7302325.987644494,0.2553447808159722,0.0710356680236229,0.2650415499907878,0.4779052734375,0.093994140625,0.3839111328125,-0.6288285105603081,2.5272158970028036,1.803133408525221,1.9148388788449142,1.037975200208874,1.871607760724337,632.2232089936733,14.51807158425438,194.4671387101882,0.03110367925581157,0.0,5485643.212988974,0.3036515977647569,0.08244131619566063,0.3146440265461314,0.579833984375,0.107421875,0.472412109375,-0.6295735869760706,2.70019382965395,1.842825337375808,1.9514667701568853,1.0362007934792896,1.9095370768386204,891.0077709704638,8.310628430305192,142.3967717166648,0.02896326144929102,0.0,7743809.394663944,0.37333333333333335,0.4790123456783027,0.798941798936663,middle,1
9,7,0.47,34.0,1.5,0.5,1.0,-0.15303873697916667,2.6659179402663806,2.6703069709773666,5.390625,-5.7666015625,11.1572265625,0.001709397582358579,2.068633409083224,2.159527584346301,3.119571704651599,1.2179770492748392,2.6302550350107143,64174.85387325287,511.0636757016105,252.6859709033677,0.3120623901324183,499.0,289735403.07095045,8.069975043402778,3.0887981555800597,8.640901066848205,9.9951171875,1.3330078125,8.662109375,-1.227341713136481,2.8167190581941823,1.1567216324054723,1.311737330102816,1.0707469379240633,1.2385561459288268,671986.541223526,0.12313941718826896,2.4140921243255993,0.038273249661503195,0.0,5661481572.224712,0.7760853407118056,0.2887784955169578,0.8280709362976079,1.337890625,0.048828125,1.2890625,-1.3250155753367945,3.675112013430944,1.6156715159938275,1.8351230039292008,1.0669843802706742,1.7238962712157366,6171.313279867172,10.842973877067562,167.3092117875594,0.04459661536811026,0.0,52164402.233010545,0.2968488226996528,0.022363653133516098,0.2976900342968271,1.4501953125,0.25146484375,1.19873046875,20.731830665731923,914.6858275017737,4.871494324358662,4.890261410571851,1.002833804724308,4.885299188005878,797.574208676815,2.984951449449492,84.66750606059846,0.004624155774658479,0.0,7157913.146479429,0.2804616970486111,0.07985639794995744,0.29160899815494185,0.4937744140625,0.0933837890625,0.400390625,-0.6873730723375521,2.6395064354845985,1.6932756437044083,1.8040914542884532,1.0397462513512457,1.7605770030520633,765.32227024436,15.525049864350061,203.50326211671933,0.03244716796778778,0.0,6629630.19182384,0.3218853759765625,0.09051762067399372,0.3343705054577243,0.5780029296875,0.106201171875,0.4718017578125,-0.5685814427605468,2.675325991973681,1.7286301281105383,1.8380731120150116,1.0387875014273158,1.7956793716772972,1006.2327142804861,7.768052267693275,137.73060152530184,0.029886965410859924,0.0,8724260.214652492,0.49666666666666665,0.661728395060748,0.9999999999935714,late,2
9,8,0.64,40.0,1.5,0.5,1.0,-0.1437787543402778,2.8697451983612945,2.8733447119545796,5.7421875,-6.0595703125,11.8017578125,0.002572139108126089,2.0644999741206007,2.108890829313652,3.0541700425176495,1.2189921209825854,2.5707213049466673,74304.98850345612,516.5928131342092,236.0406198271926,0.30952019728664365,507.0,335209708.1180811,8.164600694444445,3.030872031550131,8.709011985946255,9.9951171875,1.3623046875,8.6328125,-1.299538523629203,3.0071106637207365,1.1476752131732035,1.2924746333569188,1.0666794754422202,1.2242015943657716,682622.0079421997,0.12363214051805702,2.612294428143364,0.03721774344436964,0.0,5771557568.205691,0.7320548502604166,0.2707941437745549,0.7805342863016304,1.25244140625,0.048828125,1.20361328125,-1.228398059513641,3.6005831772911536,1.6045949911858208,1.8169503858250975,1.0662237754765258,1.7108573296150602,5483.103948831558,11.77747547972423,172.64074528715327,0.04424971062134285,0.0,46378092.63198972,0.29747300889756945,0.02860696490674084,0.29884536045210564,1.492919921875,0.244140625,1.248779296875,18.083074710884215,617.803019532523,4.995626900854186,5.0265540112319815,1.0046133649523952,5.018673550930623,803.7769451737404,5.096402962172187,112.13676747234557,0.007354900195512677,0.0,7200854.876936972,0.3058395724826389,0.09112942343678283,0.3191275856335265,0.59326171875,0.091552734375,0.501708984375,-0.6318930759368699,2.6396589198994485,1.8590110835151032,1.992693621233353,1.0434476580057295,1.9397807613066063,916.5817432105541,15.790571234947773,204.10828601574474,0.03493631006720235,0.0,7912901.422062516,0.3163481987847222,0.08448322682889917,0.3274348767156018,0.6353759765625,0.1080322265625,0.52734375,-0.689577929040929,2.906377079979129,1.9404651787061291,2.051563123198336,1.035045807032994,2.008470346919442,964.9223864078522,9.595414992631579,156.512932721666,0.028914146375897412,0.0,8395236.153460296,0.64,0.874074074072779,0.9735449735387152,late,2
9,9,0.81,46.0,1.5,0.5,1.0,-0.1489377170138889,3.057942251769982,3.0615671246453795,6.083984375,-6.2744140625,12.3583984375,-5.68549781021769e-05,2.0612292865911717,2.049412541697812,2.956706347543504,1.217222607304983,2.494591277449758,84358.7393283844,521.9327842293695,227.1402910267652,0.3175208287226758,514.0,380512725.51178944,8.26845974392361,2.9480863783355877,8.778305065957388,9.9951171875,1.3671875,8.6279296875,-1.370141211754365,3.2043281125755487,1.1386158389801602,1.2705983099277711,1.0616614626935077,1.20882455705781,693527.7584791183,0.12227637898879687,2.695644279449238,0.03565049226151912,0.0,5889755688.208891,0.6866794162326388,0.24192638234766667,0.7280501323078151,1.4404296875,0.04638671875,1.39404296875,-0.9732329087217675,3.9577074810768713,1.97847596419228,2.208270320474163,1.060247497006813,2.097674188925887,4770.512956380844,18.139488664604368,213.16184026231568,0.04500522565043386,0.0,40564218.09111235,0.286715087890625,0.031032501652929412,0.28838959374944145,1.485595703125,0.244140625,1.241455078125,20.50369169882533,626.0485770404697,5.151349893750201,5.190466555650575,1.005840313009441,5.1814353895688186,748.517020046711,7.491892266384497,135.14795321929893,0.009258477589330152,0.0,6697651.886995137,0.33608622233072916,0.10634849419549276,0.3525109233175464,0.6915283203125,0.0927734375,0.5987548828125,-0.54019196197006,2.6180736092307457,1.9617216788700775,2.1213372278776816,1.0488704977903125,2.0575919938483427,1118.3755595237017,21.698370287814075,238.51873511473576,0.04109582353632042,0.0,9607325.011840835,0.37322645399305554,0.11766163518914166,0.3913339320268728,0.7244873046875,0.107421875,0.6170654296875,-0.36005228552761853,2.8149123806565446,1.8513275885207379,1.9992282370054644,1.048516062671982,1.9411467138367398,1378.2802172005177,22.335127265105417,242.74364633901365,0.039848059040006496,0.0,11843829.502687605,0.7250000000000001,0.9999999999985185,0.9444444444383735,late,2
10,1,0.0,0.0,1.5,0.25,1.0,-0.16872504340277777,1.2672383253244222,1.2784213364311139,2.9296875,-3.06640625,5.99609375,0.0015827829644883286,1.990677879876616,2.398588135706409,3.3119503730049007,1.1928605165655046,2.861181082588876,14709.250020980835,457.03631173778126,314.9991737862431,0.26539059960971967,443.0,67344616.994524,4.7335791015625,1.612952385495156,5.000838580540644,6.220703125,1.318359375,4.90234375,-1.2913845972500433,3.102126571112285,1.2439319975663425,1.3713295490355426,1.0564603386238687,1.3141648193742663,225075.47857761383,0.29570655832288506,12.244572235090654,0.03527589332645143,0.0,1920313885.598302,1.0859288194444445,0.49106053035066305,1.1917977367692385,2.1337890625,0.04638671875,2.08740234375,-1.1410742348491452,3.120006493978082,1.7903952966738717,2.185837071515775,1.0974915808734669,1.9649437645366759,12783.436608314514,24.95738437312088,208.7365835826852,0.06409540437413085,0.0,105284752.0071983,0.2972125922309028,0.015662461266481915,0.2976249950416412,0.39794921875,0.25390625,0.14404296875,0.13058822434251452,3.2287935207938414,1.3370826556183066,1.3398673561255712,1.001387568429189,1.3389379493029574,797.2257390618324,1.0826436695793502,50.77452628162389,0.002035389414122269,0.0,7165096.498043836,0.15520819769965277,0.024317940228150425,0.15710170861615222,0.2392578125,0.091552734375,0.147705078125,-0.2025330258043136,2.718817960846374,1.522948506454869,1.5513978931443129,1.0121998125327853,1.541528192740516,222.1285216510296,7.289308678071613,129.92134692697448,0.01357624436591484,0.0,1975206.5770007675,0.18054043240017362,0.02712312256129113,0.18256645778651806,0.281982421875,0.10498046875,0.177001953125,-0.27784195419298746,2.8411974911765268,1.544546710782921,1.5711102915191086,1.0112220036165775,1.5618796195658549,299.9746035784483,7.443060518232722,133.55640096271787,0.01273806647023935,0.0,2669977.4169091135,0.02,0.0,0.0,early,0
10,2,0.04,4.0,1.5,0.25,1.0,-0.16690592447916666,1.2984637616130192,1.3091469466215306,2.9052734375,-3.0029296875,5.908203125,0.008932079534769747,1.927550187097975,2.293806432690586,3.111506363635694,1.1815004159506777,2.7101332543363377,15424.791550636292,460.5134323312562,321.2893552781267,0.2508557038259151,443.0,70544809.424901,4.917646484375,1.5203028048756917,5.147287398601199,6.2646484375,1.34765625,4.9169921875,-1.5187946743717589,3.8310613956266177,1.2170776473839857,1.3199615746037272,1.046697320548518,1.2739119124165594,238451.10807418823,0.3042426334480493,13.023775161051043,0.031290940607429756,0.0,2052451489.781284,0.9638975694444445,0.4317521688342513,1.0561763392890353,1.9287109375,0.04638671875,1.88232421875,-0.895763426152505,2.907002875141483,1.8261258709852226,2.1981105324111767,1.095735037382324,2.0009500995107166,10039.576137065887,41.646580554647635,270.8889349729732,0.06736761645772489,0.0,82806583.15939902,0.30121107313368056,0.032890156178240045,0.3030014405110518,0.92041015625,0.25390625,0.66650390625,7.1188166071395225,91.77754548409969,3.037642839897294,3.062829714445988,1.0059438962775806,3.055698273876063,826.2888565659523,7.414967791258061,132.8333428965788,0.009310300822460644,0.0,7392788.3852913985,0.16245001898871528,0.026706340075331552,0.1646306085442595,0.3045654296875,0.0909423828125,0.213623046875,-0.3349239004473343,2.9367143869308006,1.8499927345149199,1.888264462518871,1.013423141272038,1.874825448353946,243.92913542687893,8.545474755294265,144.07188741912336,0.014866777656348727,0.0,2166476.568970457,0.1963925509982639,0.03577101867632661,0.19962364555519915,0.340576171875,0.1019287109375,0.2386474609375,-0.06520635550006709,3.0809270219857336,1.7060913346516313,1.7492127043271295,1.016452225603747,1.7341603341986047,358.6463987827301,10.267194803059727,141.03713629425772,0.0170207169635537,0.0,3175996.060273796,0.04,0.03361344537809476,0.1911764705867299,early,0
10,3,0.08,9.0,1.5,0.25,1.0,-0.16445041232638888,1.4661394607624283,1.4753334729880778,3.1103515625,-3.466796875,6.5771484375,-0.0030822704694792803,1.9057593000858737,2.3498395030488575,3.191509268396278,1.180391272781569,2.7737300418381308,19589.47970867157,465.64183557299936,313.2532679254508,0.27095898189270823,446.0,89254990.70351125,5.548324652777778,1.7050627334697366,5.804407409692133,7.060546875,1.337890625,5.72265625,-1.6458180199307864,4.28021225258182,1.2164113193035284,1.3199228748026695,1.046154969822305,1.2725547470377123,303220.30839920044,0.2936001116195918,12.352458100917655,0.03151023665138778,0.0,2611239602.0367155,0.9228778754340278,0.37569370034573685,0.9964182502569376,1.708984375,0.0439453125,1.6650390625,-1.10013061082444,3.49633472993609,1.715127532597485,2.0045236152483707,1.0796859224599402,1.8517990521708152,8935.643965005875,32.78249438658617,253.7265703931269,0.059692188613406166,0.0,74704392.55731703,0.2882199435763889,0.013255606556986401,0.28852460376954064,0.347900390625,0.245361328125,0.1025390625,0.38065786665039447,3.08709186617327,1.2057910697337966,1.2076998557956027,1.0010570406349064,1.207065639895896,749.2180228233337,1.121684887227521,51.450336930822914,0.0016198375490678052,0.0,6735846.182885765,0.17165791829427082,0.03071368314390679,0.17438397645823675,0.284423828125,0.084228515625,0.2001953125,-0.3259835841813623,3.0376609471703713,1.6310204291704844,1.671122630583468,1.01588075976942,1.6569222727946589,273.6879412084818,9.97168240706023,155.30037487673704,0.017248792599428082,0.0,2424986.65443249,0.20854587131076388,0.03916275792569551,0.21219119220437102,0.34912109375,0.1007080078125,0.2484130859375,-0.29292551126061145,3.1401629498345955,1.6453137857489402,1.6899388230597285,1.0174797077960733,1.6740733899645723,405.2259184420109,9.305389308860587,134.00691291597502,0.018199239799010856,0.0,3584917.7820608015,0.09333333333333334,0.12324929971968081,0.4999999999960627,early,0
10,4,0.16,15.0,1.5,0.25,1.0,-0.16094563802083334,1.627791922581143,1.6357292079125894,3.28125,-3.61328125,6.89453125,-0.002603032054874831,1.8661386682719578,2.2089727520417783,2.989157578003703,1.1773658411329646,2.6007690622490585,24080.490374565125,468.88587539792707,302.4066658957217,0.2809242616539241,450.0,109413155.35767075,6.1561376953125,1.906950506410073,6.444725871404084,7.71484375,1.3330078125,6.3818359375,-1.6924993405788977,4.4587445684850096,1.197078650657643,1.3018992174019732,1.046878122351012,1.2531954501071507,373810.4240179062,0.30398826332477025,13.320465124253758,0.03190332408464603,0.0,3217017181.3151603,0.9353819444444444,0.35442685697981563,1.0002788505918039,1.86279296875,0.009765625,1.85302734375,-1.2129253393475135,4.209156085383454,1.8622736726324232,2.1343075423532296,1.0693801142215063,1.9914784327533557,9005.020010471344,25.219211020341543,222.39782622811194,0.05269616682468827,0.0,75957635.46648028,0.30000691731770834,0.015674062582542128,0.3004160892434287,0.386962890625,0.26123046875,0.125732421875,0.7760605438373155,3.803224220279543,1.288089767755927,1.2907120001123689,1.0013638749678753,1.289846561150839,812.2484400868416,1.3280068602483424,56.2472161116105,0.002052033117491746,0.0,7300286.329872905,0.19740912543402778,0.037221922001410813,0.20088761604963812,0.323486328125,0.086669921875,0.23681640625,-0.8128545536035597,3.41043844620689,1.6102850662703776,1.6551990397156062,1.0176207184290231,1.638659446021746,363.2025085389614,10.793122485851033,166.17069831910348,0.018660214269496142,0.0,3212711.1936755483,0.2168545871310764,0.038120081740014515,0.22017959167837284,0.333251953125,0.09765625,0.235595703125,-0.7761251685912587,3.5989701208202765,1.5135460583934772,1.5500554812243081,1.0153328762387273,1.5367530727954175,436.3114733248949,8.38678991989722,140.44884583992635,0.016132319658334466,0.0,3867951.082581654,0.16333333333333333,0.24089635854301247,0.8235294117582209,middle,1
10,5,0.25,21.0,1.5,0.25,1.0,-0.15512858072916666,1.8093083750812302,1.8159464949987174,3.88671875,-4.033203125,7.919921875,-0.001870316264035199,1.911337841731228,2.220992268277501,3.0542752043669816,1.1868851375137,2.6360627137528576,29678.955054283142,476.90480446614424,295.671611308946,0.30847581654860085,457.0,134530245.4826593,6.759198676215278,2.3299420232931096,7.1495032398382445,8.65234375,1.337890625,7.314453125,-1.5370784869829122,3.8351019992912168,1.2102020881376014,1.343683092501534,1.0577442064242524,1.2800842473302594,460038.569188118,0.3178034045947569,13.456985987128071,0.03674245275287496,0.0,3920487619.5529222,0.7931201171875,0.31102165710975865,0.8519237005030521,1.376953125,0.03662109375,1.34033203125,-1.4368474085783316,4.096591998468264,1.6162869094794607,1.8773256778600675,1.0741420902586643,1.7361217994080222,6531.965923309326,20.556990973996843,213.22285166762114,0.053091341588316805,0.0,54869949.93889332,0.290113525390625,0.018757964628111926,0.2907193128286566,0.880126953125,0.25390625,0.626220703125,8.519875664960534,208.4127232193301,3.027411369951537,3.0364348021103993,1.0020881047728258,3.033732922092875,760.6594696640968,2.6211981135886666,80.56320730016256,0.003350475415492967,0.0,6831684.904874861,0.2153744845920139,0.048825274430131155,0.220839480248558,0.3814697265625,0.09033203125,0.2911376953125,-0.6706344644817748,3.2048055673565217,1.727362001266363,1.797554774736232,1.025374387620108,1.7711927542547616,438.9306843280792,15.954919450479695,203.04533706559525,0.025176514892469835,0.0,3853827.9396250844,0.22563707139756944,0.04354808000374946,0.22980105147906704,0.396728515625,0.10009765625,0.296630859375,-0.8889559678507483,3.5106859485518935,1.7263999144904358,1.7770776155573467,1.018454326032012,1.7582594613817315,475.27670934796333,7.114143469819883,129.12245143775627,0.01798869844901738,0.0,4200685.0880779335,0.25666666666666665,0.39775910364078804,0.9852941176393001,late,2
10,6,0.36,27.0,1.5,0.25,1.0,-0.1583572048611111,1.968305867901613,1.974665792975446,3.9990234375,-4.4873046875,8.486328125,-0.0019431842628954746,1.891235221856467,2.2724375453611376,3.118326470496193,1.1846922673046378,2.6921391879234355,35093.74494552612,484.111714340815,295.1764856336328,0.31744811564918096,465.0,158937481.41884795,7.374219292534722,2.5155919644099316,7.791489787312508,9.404296875,1.34765625,8.056640625,-1.5794351487288003,4.017535609691341,1.206995983016309,1.338306873308768,1.0565850401545764,1.275293899181863,546365.8179521561,0.303131629035661,13.026720813557006,0.036379865246057685,0.0,4661000148.806215,0.7738671875,0.30928198534212026,0.8333821274459416,1.40869140625,0.0439453125,1.36474609375,-1.1135721914505572,3.694454008927633,1.6903307136733456,1.962366746909869,1.0769058837306817,1.8203270910076925,6250.731933116913,24.670530267181835,225.8097250201433,0.056372705416277015,0.0,52382546.74202204,0.28564805772569446,0.027975900840779125,0.2870147451095758,1.405029296875,0.247802734375,1.1572265625,16.49103294798701,508.6231723574915,4.895320957582497,4.926812931902356,1.0047845148808574,4.91874269356776,741.397175192833,6.1559096626824426,121.63545798706097,0.00760536660055784,0.0,6640877.211549878,0.24177537706163194,0.057240258934907993,0.2484588098583538,0.4498291015625,0.09033203125,0.3594970703125,-0.8049685791532413,3.556500905251625,1.8104775669542037,1.8918289982238643,1.0276431490953295,1.8605248682787565,555.5860217660666,16.938269255912875,210.17605413775894,0.02733293871792706,0.0,4867578.9284128705,0.28133585611979167,0.06632881895949633,0.28904908953881475,0.4864501953125,0.1007080078125,0.3857421875,-0.9238666145845894,3.680913124865622,1.6829328059360467,1.7583739770444629,1.0274164606118015,1.7290728669282824,751.9443854689598,14.894945359334859,196.1862147005304,0.02655083078910614,0.0,6589319.57372576,0.3466666666666667,0.5490196078422145,0.999999999992125,late,2
10,7,0.43,33.0,1.5,0.25,1.0,-0.15519097222222222,2.1766213364192306,2.1821468053306394,4.2578125,-4.8046875,9.0625,0.0009373613699645287,1.8644329716178942,2.201816801812191,3.006268616790979,1.1805996471771212,2.599464139369321,42855.882120132446,491.9251545500556,290.33491125138517,0.2950988345712186,473.0,193826904.0739536,8.16030490451389,2.713012399662537,8.59947745013359,9.9951171875,1.328125,8.6669921875,-1.688980532712699,4.418633214901158,1.1622935516091815,1.2839427543278084,1.0538181539486002,1.2248460449032923,665559.111738205,0.2925818022914869,13.23064739844182,0.035236554431654125,0.0,5691934343.639278,0.62559814453125,0.2285093718177636,0.6660252033140276,1.1328125,0.04150390625,1.09130859375,-1.2267800046381725,4.361515195392201,1.7008553045164323,1.9246777295794393,1.0646214493043362,1.8107670393539712,3992.3061430454254,20.399799773955188,201.51817369798073,0.04964949582264183,0.0,33815986.19423508,0.2811284722222222,0.023531195238112944,0.2821115648876078,1.009521484375,0.245361328125,0.76416015625,11.086975899811183,270.0663927354615,3.5784477136682122,3.5958617732699953,1.0034969516129446,3.5909613721850904,716.2824153900146,4.174407562107621,101.01768131913363,0.00536154837327593,0.0,6424116.214001178,0.25896870930989585,0.06284307300918907,0.2664846041085143,0.445556640625,0.087890625,0.357666015625,-0.8211918468915173,3.804090295300597,1.6719789201851767,1.7514616704728578,1.0290224051300172,1.7205037697820957,639.1263980418444,20.239933310439596,232.07915174225715,0.02895034229789667,0.0,5592192.982443049,0.27547166612413193,0.05961324688174615,0.28184814713066547,0.43212890625,0.096435546875,0.335693359375,-1.1228689397680138,4.038849496193853,1.5331976124296849,1.5911866397269185,1.0231475022285488,1.5686873075857724,714.9454023689032,9.343494757677302,152.95451497576641,0.022199524363758733,0.0,6290582.354870812,0.42,0.6722689075618952,0.8382352941110465,middle,1
10,8,0.47,39.0,1.5,0.25,1.0,-0.15839029947916666,2.3498342972896245,2.355166387261784,4.7705078125,-5.0244140625,9.794921875,0.0034062748005598367,1.8913346938360207,2.133358428378159,2.94439730021112,1.1866378092270182,2.531523771747728,49921.278405189514,496.046957980896,272.85701216505197,0.3066167109963711,480.0,225661829.0137529,8.41687717013889,2.8680351333494527,8.892100248160276,9.9951171875,1.3330078125,8.662109375,-1.6976534807848507,4.343489728775598,1.1240445911039756,1.2488855648762178,1.0564607357828995,1.1875089757706279,711625.0214099884,0.27877387437540513,12.70534919658978,0.03628355279835428,0.0,6071487368.6237335,0.7324818250868056,0.2719809007695565,0.7813470640284744,1.2646484375,0.04150390625,1.22314453125,-1.4646858141822872,4.413053979950405,1.6185489083149536,1.8478800260198858,1.0667118790760592,1.726525347367358,5494.529110193253,18.821604088950757,205.04091898262303,0.04971724825411597,0.0,46454832.24406838,0.28025010850694443,0.020000894086479856,0.2809629140694777,1.007080078125,0.24658203125,0.760498046875,10.355113741690793,271.99390174879846,3.584387930545099,3.597223302187895,1.002543462214264,3.5935046858204935,710.4614317417145,3.2511429695770624,90.19196700413339,0.004106771483352709,0.0,6377951.86983645,0.27559251573350696,0.07460147031175747,0.28551114531835586,0.506591796875,0.0885009765625,0.4180908203125,-0.639783904922879,3.5244247519745686,1.7743328244099068,1.8795742005011302,1.035990199361597,1.8381914165006827,733.6495269089937,24.31758772928334,246.39121614637372,0.03525330927667456,0.0,6377449.095431342,0.32878255208333335,0.0893771450375156,0.3407143093700159,0.6988525390625,0.0994873046875,0.599365234375,-0.6505407271781843,3.6789175882675664,2.0511393852305004,2.174166535354589,1.0362907253138605,2.1255767212465795,1044.776165485382,21.022221043303812,227.8480078835825,0.035089441255150226,0.0,9079461.716011168,0.47666666666666674,0.7675070027998305,0.8382352941110465,late,2
10,9,0.53,45.0,1.5,0.25,1.0,-0.11967176649305555,2.4925380402097623,2.4954092276795588,5.1611328125,-5.3076171875,10.46875,0.04603522899400699,1.8870511230996907,2.126952617079701,2.920525840219051,1.1836027513952554,2.5174669696638823,56043.60492229462,503.525853803358,273.3460955882261,0.33029354214321566,486.0,252776295.10004526,8.516700303819444,2.7898022349597844,8.96198530322745,9.9951171875,1.337890625,8.6572265625,-1.8188575436581078,4.799742674642852,1.1152793548879594,1.2301782543614406,1.0522837464654309,1.1735903379171817,722854.6251773834,0.2714914995238651,12.577124180960443,0.034584496527158344,0.0,6190480277.040004,0.5251622178819444,0.18563327500105256,0.5570054469018227,0.98876953125,0.04150390625,0.947265625,-1.3829421061556901,4.441345604444042,1.7751523557767013,1.9917505407154357,1.0606350341562005,1.8827887795050615,2792.2956109046936,17.105081630899353,192.84519422631524,0.04746967326803566,0.0,23735042.287898064,0.2778091091579861,0.027424510270551528,0.27915946141002174,1.358642578125,0.24169921875,1.116943359375,17.018025371899824,522.5429210638094,4.866904998518379,4.898625874782055,1.0048607198486887,4.890561660263878,701.3700440526009,5.771279709867649,118.18816994773806,0.007616050149763177,0.0,6281870.474018157,0.30649020724826387,0.0833584190862785,0.3176237918853803,0.54931640625,0.09033203125,0.458984375,-0.8017048826650205,3.777445026387114,1.7294561058779259,1.8345026326686351,1.0363260697170062,1.7922804489581923,907.9638585448265,23.752295273659218,246.21242572086427,0.03571078866477946,0.0,7890256.639493256,0.3245853000217014,0.1018882976924767,0.3402011790056711,0.865478515625,0.10498046875,0.760498046875,0.6662113324746812,5.318722067570948,2.5440197419422486,2.7362057195177547,1.0481102470810526,2.666413160314003,1041.631579771638,17.460106751501353,208.95455608909788,0.04453871254135672,0.0,8954245.741752163,0.5666666666666668,0.918767507001257,0.7279411764648566,late,2
10,10,0.7,57.0,1.5,0.25,1.0,-0.15334364149305554,2.4231247105990925,2.427971918186511,5.1416015625,-5.44921875,10.5908203125,0.009859641558807967,2.2359123110055203,2.244349989874619,3.5066642207211074,1.2633774225136425,2.8354611054274836,53055.42871952057,501.3883357657233,233.9663841903931,0.3715721276033323,493.0,239701786.466527,7.4029747178819445,3.6642299346207854,8.260182545644515,9.9951171875,1.3037109375,8.69140625,-0.9215607277106491,2.0066233491601313,1.2100358717579531,1.4942492111708892,1.1157923484043328,1.3501487670024543,614075.5411863327,0.3775444716249521,14.048271589869707,0.055724971896038575,0.0,4982903349.426006,0.4483531358506944,0.22867718007880342,0.5033028781121213,0.89599609375,0.05126953125,0.8447265625,-0.7498277988014675,2.1045662973105577,1.780232406198595,2.22562789216083,1.1225590675440331,1.9984160299179357,2279.824084043503,17.47318796551223,190.8068788473982,0.06955916626836754,0.0,18400543.530899286,0.29376953125,0.035472201246193824,0.29590338719267,1.832275390625,0.242919921875,1.58935546875,21.09365094201099,734.9742644336554,6.192140644289983,6.250658128598369,1.0072637074804291,6.237118542628859,788.0293309688568,7.8236433245197725,139.74576922542562,0.011277036384418846,0.0,7041303.774502874,0.2932351345486111,0.10740583196854972,0.31228649806643644,0.616455078125,0.0933837890625,0.5230712890625,-0.5055664068071201,2.1610828159154956,1.9740049023569382,2.1913458832028856,1.0649695799450736,2.102255171679316,877.7057118713856,21.799453032647765,235.71640432230762,0.0490007774764622,0.0,7432142.996732146,0.3992398410373264,0.21082679418905031,0.4514868633964247,1.2493896484375,0.111083984375,1.1383056640625,1.065562961546901,4.431868372734381,2.767277964713927,3.3525652935181998,1.1308662537842327,3.1294212651426254,1834.5634903758764,28.76155822926803,270.1685834653098,0.08567340929088933,0.0,14710931.248240547,0.6150000000000001,0.9999999999983193,0.7830882352879511,late,2
11,1,0.0,1.0,0.75,0.25,1.0,-0.17570529513888888,0.84203879659721,0.8601753807885469,1.6357421875,-2.080078125,3.7158203125,-0.013751313480914521,1.8456962922267393,2.418202347398871,3.2117361645513394,1.1708563091103654,2.8313674751607554,6659.115171432495,427.70158694837835,314.94754192789844,0.2415355988547468,435.0,31216349.012184147,3.239052191840278,0.8240353770350085,3.3422288078571962,3.955078125,1.30859375,2.646484375,-1.4837390201430554,3.7087231356756587,1.1833654583135906,1.2474896204156838,1.0318539529174016,1.2210603259071564,100534.44063663483,0.2030645244457271,10.47965302499755,0.022676623083588844,0.0,877309077.2862672,0.8906309678819444,0.44093743674479763,0.9938054860350699,1.7578125,0.05859375,1.69921875,-0.5268072519504591,2.1458500964900895,1.7687691652933788,2.1812352822940637,1.1158442967656677,1.973670985389573,8888.844096660614,67.28297976998411,333.5578850956681,0.07931043039800999,0.0,72125351.29106046,0.30501844618055557,0.016161300515439375,0.3054462966623606,0.3857421875,0.26123046875,0.12451171875,0.3766872077326822,3.1039159189332213,1.2628805512254593,1.2655335104222707,1.0014027036271451,1.2646519983594546,839.6769613027573,1.5528075640107197,60.889173683662875,0.0021627614929071158,0.0,7546514.5557790985,0.13734361436631945,0.017275957474245554,0.13842589033073333,0.2191162109375,0.0885009765625,0.130615234375,0.1694849271655367,2.9684666449117865,1.5829135027587313,1.601739372862827,1.0078800603027627,1.5953869566260528,172.4555440247059,8.611235406144532,146.5126894820285,0.010227719658265902,0.0,1540012.3651690783,0.17342380099826388,0.024857269338580217,0.17519617173801533,0.28564453125,0.103759765625,0.181884765625,0.18883078941057374,2.7667313323388973,1.630426786240035,1.6556140245856497,1.0102198817494432,1.6470895552059341,276.2432873249054,11.092019462262229,162.3785616430063,0.012638628977124951,0.0,2461165.3952196245,0.02,0.0,0.0,early,0
11,2,0.04,3.0,0.75,0.25,1.0,-0.17761610243055556,0.8434299837291684,0.861929009429435,1.650390625,-1.9921875,3.642578125,-0.010799818428028348,1.838523789182829,2.3113127394522235,3.069344436504668,1.1702703609856075,2.704860793952525,6686.2945556640625,427.741813376319,320.9497333847573,0.2404715384011236,435.0,31365999.03225899,3.2457541232638887,0.8133252021674645,3.3461048568694443,3.955078125,1.2939453125,2.6611328125,-1.556664541567183,3.931888510889782,1.1819946756537445,1.2443284266342947,1.0309175402059148,1.2185390435618104,100767.75941848755,0.20824718046794224,10.73729496546921,0.022397351661254294,0.0,880119171.3398933,0.7857964409722222,0.3790169248638152,0.8724275763510884,1.5576171875,0.048828125,1.5087890625,-0.5200020264938616,2.197829410504457,1.7853827982064927,2.1746190814798556,1.1102462811750229,1.982214612184887,6850.168883800507,61.45255731191703,313.3628181296035,0.07775648320375617,0.0,55833547.044706345,0.30154500325520833,0.014391688177234055,0.3018882403751003,0.367431640625,0.257568359375,0.10986328125,0.40833089234111664,3.2593899251245726,1.2171114720044875,1.21918582433638,1.0011382616696864,1.218496863344842,820.2285870909691,1.1885520733933617,53.38777020404323,0.0017790909814207137,0.0,7373669.015736877,0.14016303168402777,0.01665383340672882,0.14114894834180258,0.2069091796875,0.0921630859375,0.11474609375,0.10858628895669084,2.8789236828283418,1.465892464072692,1.4814600712118438,1.0070340705742606,1.4762036551297146,179.30723056197166,8.005853744118156,143.40170733416286,0.009375351994762984,0.0,1602532.393336296,0.18543043348524305,0.03511478865816006,0.1887259760738632,0.379638671875,0.107421875,0.272216796875,0.6033887271351466,3.3985405678491354,2.0115867448178206,2.0653545616501834,1.0177723932671745,2.0473374555486066,320.55744640529156,16.041365670230377,181.99274061905516,0.019728449402630462,0.0,2835078.821482137,0.036666666666666674,0.023809523809489808,0.08108108108016068,early,0
11,3,0.07,10.0,0.75,0.25,1.0,-0.1788916015625,0.8998617146638761,0.9174711497520821,1.8017578125,-2.1435546875,3.9453125,-0.011111040255598236,1.8366343999022454,2.336372852788769,3.095852777110899,1.168946142784778,2.731094034377476,7575.7797956466675,431.54002236043874,320.0263538280824,0.24051892223735377,436.0,35387098.39365481,3.4636322699652777,0.8642465580004484,3.569827813012897,4.2138671875,1.3427734375,2.87109375,-1.6151513385479375,4.139217386398948,1.1804118876933618,1.2424189599220221,1.0306601667756299,1.2166035130343171,114693.035531044,0.21344792741081078,10.874527936378746,0.022372055783274534,0.0,1001986974.8718499,0.8183219401041667,0.38276838457914697,0.9034170874458691,1.6162109375,0.05615234375,1.56005859375,-0.610671292594928,2.410168301004797,1.7889975294440632,2.1612392472457094,1.103987371192524,1.9750306796030577,7345.461905002594,59.0766389346749,325.2954947037615,0.07416784101626463,0.0,60175436.35441065,0.2900816514756944,0.013432482224215617,0.2903924863035718,0.355224609375,0.2392578125,0.115966796875,0.4429832395814037,3.5032564996758104,1.2232568889624456,1.2252191139155726,1.0010715425305083,1.2245676607489229,758.9501649141312,1.0392846657534272,50.074404705666545,0.0016255349229146333,0.0,6823244.011059403,0.13049329969618056,0.017992953800950184,0.13172793041750988,0.2105712890625,0.0238037109375,0.186767578125,-0.09589968820900346,3.4752375836157317,1.5985318253577554,1.6216042367321464,1.0094612575756332,1.613655946712562,156.17022886872292,8.225552433932895,140.90684573841642,0.011829005577696113,0.0,1392422.0935590565,0.1700277370876736,0.02914341290042384,0.17250730388780544,0.2679443359375,0.0958251953125,0.172119140625,-0.046197841214838886,2.5963452709974457,1.5532347320795834,1.5878649530055495,1.0145833076507904,1.5758860320405281,267.82892905175686,11.305736961524282,154.23569272793114,0.016499584656852945,0.0,2376063.7213159357,0.060000000000000005,0.057142857142775526,0.15315315315141464,early,0
11,4,0.07,12.0,0.75,0.25,1.0,-0.17850423177083333,0.9808389979628079,0.996949798477727,1.953125,-2.421875,4.375,-0.011384106462078616,1.8418096780475668,2.4292848082176306,3.2256353508742275,1.1692364611667634,2.8404083723294113,8945.180106163025,436.03913354142776,308.87147284132004,0.24288606408557303,438.0,41543792.792820916,3.7725282118055556,0.9691655563086213,3.8950290094431677,4.58984375,1.3427734375,3.2470703125,-1.6902116715705922,4.411149814586431,1.1783849976139162,1.2449111548571938,1.0324718042540362,1.2166492845926407,136541.2588596344,0.22073977079071658,11.008587595022579,0.023652925807112642,0.0,1190830414.9528978,0.7907796223958333,0.3250528515732952,0.8549805655758659,1.39892578125,0.0537109375,1.34521484375,-1.1037986696534452,3.1780524424349976,1.636207695909588,1.9087493813179908,1.0811868962738835,1.7690463204019988,6578.925907611847,39.44902662333587,276.02356557468863,0.060643374488671443,0.0,54931129.83052732,0.28844373914930554,0.012483938633185865,0.28871376721283964,0.34912109375,0.24658203125,0.1025390625,0.5646048303202693,3.441185443969918,1.2092291168485183,1.210922311463825,1.0009361550482239,1.2103611427949075,750.200754404068,0.9481056564350684,48.24503866668613,0.0014622161528669692,0.0,6745494.987922907,0.13341905381944444,0.017328872107741207,0.13453971060843808,0.2044677734375,0.08056640625,0.1239013671875,-0.12677021899722007,3.04467746682936,1.5197577912967235,1.5391701059593355,1.0083995258241136,1.5325230361225093,162.90840357542038,7.173305187845585,132.98960372604162,0.010687849706775648,0.0,1454014.5132727919,0.18201972113715278,0.03483539323619049,0.18532318663558234,0.3240966796875,0.0909423828125,0.233154296875,-0.017066987638136792,2.8974412647694896,1.7488188368088644,1.7975758791811112,1.0181489427451778,1.7805580497594047,309.102151542902,12.33510719445332,153.22885575191899,0.019412478268373126,0.0,2732772.4838659177,0.07333333333333335,0.07619047619036737,0.09909909909797408,early,0
11,5,0.08,14.0,0.75,0.25,1.0,-0.17848741319444444,0.9797440247596919,0.9958695249485067,1.93359375,-2.2509765625,4.1845703125,-0.011166717043283949,1.8288368732130245,2.260312727828609,2.995959870538646,1.1680029450882783,2.640051922926986,8925.804996490479,437.2593909815913,313.0496518907834,0.24413682120186098,438.0,41456363.10634612,3.770912543402778,0.9511438590815108,3.8890173631215474,4.6044921875,1.3330078125,3.271484375,-1.6815566661119128,4.435886736195532,1.1839731627742047,1.248160166358254,1.0313199572672038,1.221055151638123,136120.10445594788,0.2338367933729029,12.003160511554219,0.02307002636735444,0.0,1188441617.8431032,1.198808322482639,0.49425267349174695,1.2966985383300846,2.27294921875,0.00244140625,2.2705078125,-1.0348858298555246,3.256902402348813,1.752874050182395,2.051597320596828,1.0816562698227195,1.8960072065907938,15132.843893766403,46.12480642484998,307.2193373625176,0.06308621847617686,0.0,126302030.01587985,0.307197265625,0.01478209924890512,0.30755271168643805,0.384521484375,0.228271484375,0.15625,-0.002375523043670844,3.9374181923083413,1.2502620518780676,1.2524357193973037,1.0011570612769412,1.2517086816883947,851.2980341911316,1.153417108789359,54.69844343193571,0.0017651692939967486,0.0,7652832.634925842,0.1308770751953125,0.017226979438530188,0.13200597574449052,0.196533203125,0.0823974609375,0.1141357421875,0.016984108584505338,2.985969885613766,1.4888205023681573,1.5082882741532206,1.0086256553829973,1.5016625549601017,156.83019869029522,7.851680113070277,140.37272106418092,0.010919603995904137,0.0,1399452.6539836081,0.22572279188368055,0.060626581128642575,0.23372282968317676,0.4833984375,0.0946044921875,0.3887939453125,0.15335553356028345,2.853041387931489,2.0682551129181648,2.1824654642774024,1.0354418697894865,2.141557941330813,491.6372500360012,25.897949797339493,222.48229797113075,0.03362450797285583,0.0,4275874.170230329,0.08,0.08571428571416327,0.03603603603562689,early,0
11,6,0.09,17.0,0.75,0.25,1.0,-0.16925564236111112,1.0353606339332964,1.0491039580374433,1.9384765625,-2.5341796875,4.47265625,-0.01184286369635698,1.8760713884200744,2.4155658436731753,3.234782941423132,1.174578397286309,2.8372714572038937,9905.572032928467,442.4446301851598,308.11433189643515,0.23130894418144032,438.0,45735296.784448616,3.9604264322916665,1.0974080728899316,4.109657163808009,4.8583984375,1.3623046875,3.49609375,-1.562378184593374,3.904276840268068,1.1821906898426107,1.260144895965393,1.037680470541894,1.2267361913064252,152003.53803634644,0.2344264658326278,11.28308794418111,0.02619620309745349,0.0,1319257512.051821,1.02156005859375,0.4575182625963663,1.1193336919450176,1.98486328125,0.02197265625,1.962890625,-0.9129173547813446,2.892211349461202,1.7732542989921225,2.1313126762144323,1.0957101176065596,1.9429726764967319,11276.171225309372,41.44676183137322,287.52321384217106,0.06839861366856992,0.0,93007962.84902689,0.29071940104166666,0.012202264260189322,0.29097536905226346,0.347900390625,0.245361328125,0.1025390625,0.4486750911079197,3.3084074117205042,1.1956351898683093,1.1972110933020192,1.0008804641474864,1.1966879037905742,761.9999885559082,0.941674146048975,47.29028893782307,0.0013923563933128,0.0,6851969.809487463,0.1333205837673611,0.018949695318584658,0.13466056961388934,0.208740234375,0.0787353515625,0.1300048828125,-0.20116773874497884,2.9149651017842055,1.550121427318838,1.573910513182053,1.0100508549216705,1.5657014729074195,163.20122107863426,7.374992731111786,134.77793645381914,0.012237715231538618,0.0,1454267.8486831489,0.21582668728298612,0.05592363681026415,0.22295428252813224,0.450439453125,0.093994140625,0.3564453125,0.16581568240317596,3.0877646931909903,2.0203220499527452,2.124052624349735,1.0330246242197452,2.0870424264646608,447.3775088787079,22.739311109389398,208.29214688681702,0.032655262267973946,0.0,3899736.615622789,0.09166666666666667,0.10238095238080613,0.03603603603562675,early,0
11,7,,19.0,0.75,0.25,1.0,-0.1720236545138889,1.0867528573597998,1.100283559220987,2.0654296875,-2.5390625,4.6044921875,-0.011319819253823379,1.8153099237699817,2.307643769389208,3.0574540715572143,1.1664467583205207,2.6917435941650356,10895.615196228027,443.9822025239947,306.31474441056116,0.23235763531611617,439.0,50228751.90606117,4.176050347222223,1.0641533949136779,4.309503329902548,5.078125,1.3525390625,3.7255859375,-1.7633953831090288,4.798533417002451,1.1783550472656565,1.2443581528452372,1.031956746586655,1.2160114409005134,167146.37055397034,0.22277750149463763,11.141360886160149,0.023637520673012287,0.0,1458454226.7274857,0.79957763671875,0.29413722058279695,0.8519630870365889,1.40869140625,0.04150390625,1.3671875,-1.1973177704092588,3.9459881715913445,1.6534653058130067,1.8715452698135429,1.0655164025494122,1.7617944043922065,6532.569915056229,29.154349749843984,236.06886090768134,0.051769003501781756,0.0,55289206.6227734,0.2854081217447917,0.01486551261635552,0.2857949954482003,0.924072265625,0.238037109375,0.68603515625,11.363554688251725,415.7153780204438,3.2333395627610027,3.2395970737428486,1.0013555104880765,3.2377223884611666,735.1090148091316,1.737400057484194,65.54326527378154,0.0022869277336154143,0.0,6607031.432493031,0.1421251763237847,0.020920297038072785,0.14365662035989882,0.21484375,0.076904296875,0.137939453125,-0.2839866880673678,3.0165092339838453,1.4955367142862095,1.520231873299131,1.0107753184531814,1.5116515986515904,185.73502115905285,7.77981970475208,135.92355885059067,0.01307296470804378,0.0,1653890.764166787,0.20826307508680555,0.04243197220218319,0.21254171522216353,0.374755859375,0.0933837890625,0.2813720703125,-0.22120863262223422,3.2556177440964045,1.7632108547798047,1.819608134034228,1.0205444010300628,1.7994349656894273,406.5658263862133,13.361683984661617,159.41537805373642,0.021768543482053,0.0,3586175.1519203186,0.10499999999999998,0.12142857142839794,0.12612612612469426,early,0
11,8,0.12,21.0,0.75,0.25,1.0,-0.17499837239583332,1.1538232116034401,1.1670186090958736,2.1826171875,-2.5390625,4.7216796875,-0.010106612057678294,1.8321900873002313,2.1756829584447814,2.9008334933931543,1.1699682849955144,2.5454800595877893,12257.391905784607,446.2135986304356,305.60516465292363,0.23852071488054974,440.0,56398556.265568726,4.415837673611111,1.2021386758528367,4.576544521324402,5.48828125,1.357421875,4.130859375,-1.6332355271323205,4.3580725755694,1.1992194601027397,1.2762338811020186,1.0363932869798709,1.2428629980663761,188502.8378009796,0.23263081447485137,11.5097996983911,0.026072547549296166,0.0,1637997477.165461,0.7276193576388889,0.26324995311418964,0.7737767555473946,1.37451171875,0.0244140625,1.35009765625,-1.324618220633564,4.303301202502057,1.776367290557662,2.005350384879786,1.0634361873730547,1.8890532588472848,5388.574206829071,22.6638540606562,214.30266670114685,0.04933600063705624,0.0,45690500.15960931,0.29449842664930553,0.015392649673326009,0.294900418722799,0.721435546875,0.234375,0.487060546875,4.095548413608262,90.31941274864197,2.4463700322877124,2.4512751608578704,1.0013650058408319,2.449709341678928,782.6963126659393,1.3663142050864594,58.3207446051983,0.0022403380866770576,0.0,7034671.180954575,0.14827012803819445,0.02283614818803699,0.15001840064648256,0.2252197265625,0.079345703125,0.1458740234375,-0.500782431673863,3.1926624179593617,1.5012806801728784,1.5286332967833507,1.011791131702712,1.5189824784056591,202.54968479275703,7.8016322027107465,137.58842116191155,0.014049128954807515,0.0,1801827.0202465353,0.2029932318793403,0.03767730968623778,0.20646024279267977,0.3338623046875,0.0927734375,0.2410888671875,-0.4470223049242399,3.4824875886650473,1.617077942803428,1.6602054564691524,1.0170794409263024,1.644696730008732,383.6324866861105,10.252615082254533,143.9437459280276,0.018660259045950086,0.0,3395199.508788064,0.12833333333333333,0.15476190476168367,0.19819819819594847,middle,1
11,9,0.16,27.0,0.75,0.25,1.0,-0.16862630208333335,1.099073487989348,1.111934063582626,1.9970703125,-2.3974609375,4.39453125,-0.01385396866485164,1.7918827422583967,2.156117899449253,2.849579501538367,1.1645696815448618,2.5109495355370512,11127.57625579834,445.46631067288354,306.8492413502774,0.20146908128947716,439.0,51225704.23297881,4.229730902777778,1.0578674934311605,4.360012287089527,5.0244140625,1.3330078125,3.69140625,-1.9184246167407408,5.285719613485371,1.1523852988618144,1.2151183424558165,1.030801341103085,1.1878803115345102,171087.36429214478,0.21517124740463073,11.536067217197914,0.02295214465428212,0.0,1494463393.7322614,0.8124134657118055,0.2781358920251981,0.8587055454010529,1.36474609375,0.029296875,1.33544921875,-1.4384881210888312,4.7004175403812365,1.5893062541141676,1.7739278209734974,1.056980935991295,1.6798664120523679,6636.376923322678,26.513379364391437,235.61334677237065,0.0479659590679958,0.0,56594329.54788804,0.3090989854600694,0.022976701531772285,0.3099517891958754,1.07421875,0.235595703125,0.838623046875,13.816868301498706,375.0996683035238,3.4657607648706845,3.4789741515503048,1.002758998815651,3.4753227947275045,864.6310046315193,3.4230770895829172,91.89124858316363,0.004484358168809541,0.0,7760298.077638446,0.14499321831597223,0.020975100322944258,0.14650251940216166,0.2252197265625,0.078125,0.1470947265625,-0.3459192458634082,3.2890954528583016,1.5373095799309477,1.5618738120359543,1.010409459854115,1.5533121422971878,193.16689372062683,8.257270547526625,142.41454048760647,0.012870740121057628,0.0,1720683.8942587373,0.1864950900607639,0.029527561417557333,0.18881815458276266,0.2960205078125,0.0933837890625,0.20263671875,-0.49138386442136467,3.6368913952174524,1.567754480309682,1.598009780181512,1.0124564379696506,1.5872831167537076,320.8706595003605,9.023535407115359,145.3489879632916,0.014760281083462695,0.0,2852525.0018872316,0.15333333333333335,0.19047619047591843,0.2702702702672025,middle,1
11,10,0.18,33.0,0.75,0.25,1.0,-0.17093424479166666,1.1464525289664138,1.159125496750021,2.08984375,-2.5537109375,4.6435546875,-0.009913015179153708,1.7925006803904915,2.2031358508271466,2.9161350036286318,1.1652717488879012,2.567251965933198,12092.147254943848,445.8432476973723,304.04587800974724,0.21294660808640395,440.0,55598029.20198441,4.402415907118056,1.1316765847173613,4.545542620154786,5.224609375,1.34765625,3.876953125,-1.9104332959079489,5.2430705851118855,1.1493917913855003,1.2159377038149688,1.0325109476377012,1.186759607730699,185957.6194047928,0.2213521043818903,11.680155040422651,0.02395213042878313,0.0,1621750554.2757275,0.7631076388888889,0.26290824581542377,0.8071270124635392,1.298828125,0.029296875,1.26953125,-1.633132517101572,4.8362741827886975,1.6091991780005794,1.8015281855285212,1.0576843571343177,1.7020247980867242,5863.086128234863,22.514355833331024,216.69991958603399,0.04724636689963242,0.0,49968386.21169329,0.2800447591145833,0.0200927938567035,0.2807646478325093,1.043701171875,0.235595703125,0.80810546875,17.09523604861981,529.9053128186375,3.717352522579355,3.730367278588165,1.0025706202079965,3.726908424107418,709.4590872526169,3.3482401778202746,90.0515013646626,0.004287783942889425,0.0,6368781.117358804,0.1477984619140625,0.022450928894375614,0.14949391142244856,0.2276611328125,0.078125,0.1495361328125,-0.45761727013476644,3.272470877229601,1.5228789630611717,1.54983038625768,1.011471360969645,1.5403484573698292,201.13586597144604,8.591371234857176,145.40938524001555,0.013785048571422556,0.0,1789809.50367637,0.18175896538628472,0.026839871482901487,0.18372996543708192,0.27587890625,0.0885009765625,0.1873779296875,-0.7472890279689913,3.862706783329003,1.5015455186757372,1.5268694990593719,1.0108440320707013,1.517828326444136,303.81030179560184,6.920478292119703,128.38390643673367,0.012988232482685394,0.0,2705117.380513624,0.18000000000000002,0.2285714285711021,0.2702702702672025,middle,1
11,11,0.2,39.0,0.75,0.25,1.0,-0.17384385850694445,1.1648683131126347,1.1777690240596659,2.2509765625,-2.587890625,4.8388671875,-0.008576028043163895,1.7536248203748752,2.197281956081314,2.874264761267523,1.1579861327103544,2.5444220347990036,12484.25886631012,448.15124585254756,310.60527580040815,0.20136408461729438,440.0,57403143.23027135,4.497059461805556,1.0462565098540055,4.617163251112825,5.2392578125,1.34765625,3.8916015625,-2.0856488380040203,6.163242280515844,1.13473523190589,1.188246291051226,1.0267071828438803,1.165040813224046,191863.76838684082,0.20569152115653275,11.020221599595795,0.020835858421888537,0.0,1682440483.2399366,0.7370798068576389,0.26079625584205807,0.7818576141079209,1.31591796875,0.03662109375,1.279296875,-0.816365327976061,3.8402425750417115,1.6830660020491648,1.876819032138117,1.0607502835278049,1.785312738871944,5501.711958646774,38.521993644703755,261.09480909944216,0.05144518772025817,0.0,46760812.94217705,0.2884041341145833,0.03293816173475053,0.29027894700244306,1.50634765625,0.244140625,1.26220703125,16.508537884033966,409.76752333549405,5.189310736448734,5.233550781991866,1.0065006449807283,5.223044603259062,758.3568036556244,8.808349589457885,145.0171169894874,0.010129453751991273,0.0,6781272.013345362,0.1578548855251736,0.024105701002964528,0.15968484494469096,0.250244140625,0.0811767578125,0.1690673828125,-0.4289401728772658,3.5093002732700174,1.567112650609445,1.5951461421955067,1.0115926688769727,1.5852796686708028,229.4932473450899,9.222654300455797,151.81090970847183,0.014005329531938376,0.0,2041905.4997537285,0.20773369683159723,0.043646488225036806,0.21226941544579667,0.42724609375,0.087890625,0.33935546875,0.5036410261792227,4.206345604274413,2.0127538998056234,2.0796056499624376,1.0218342940137177,2.056700960240925,405.524742603302,10.663284929479104,144.17448668714027,0.02406412128661341,0.0,3572569.5944324136,0.20333333333333334,0.26190476190438783,0.27927927927610874,middle,1
11,12,0.23,45.0,0.75,0.25,1.0,-0.16211697048611112,1.1710763319115418,1.182244343307671,2.3095703125,-2.705078125,5.0146484375,-0.010144974617323822,1.8166910417873108,2.288087179533016,3.0421293853770512,1.1683536628766638,2.673295037190795,12579.315185546875,447.8294968067711,275.2730180607815,0.20864364150175294,439.0,57671339.40815923,4.505002170138889,1.2281865178914024,4.66942037898563,5.478515625,1.3330078125,4.1455078125,-1.7794071164889602,4.723088288451061,1.1732753062145502,1.2498640031450745,1.0364968101315333,1.2160961122977398,196231.38008117676,0.2382805350490002,11.619890358699633,0.026063770181959673,0.0,1704990516.5546422,0.9685446506076388,0.3818465422136416,1.0410982288051343,1.95068359375,0.06103515625,1.8896484375,-0.8863174118467568,3.3600499392491607,1.8736787171244358,2.1510754716083014,1.074909895120377,2.0140357933154447,9754.969698190689,43.78384293359483,286.6008734648404,0.060005842121265,0.0,81889554.35579419,0.30902411566840277,0.06754828824170075,0.31632052622146145,2.24853515625,0.244140625,2.00439453125,12.405806993221274,211.77273680360332,7.108407358517903,7.32206351580558,1.0236111364197364,7.27624493440993,900.5280777812004,30.628627678240445,267.95325407479237,0.030643797339077232,0.0,7919960.721357169,0.16007453070746527,0.027391178886327715,0.16240114550703777,0.2545166015625,0.078125,0.1763916015625,-0.42387098278289576,3.297738618982081,1.5672093984700566,1.6025393207961467,1.0145345720413812,1.58998811638584,237.36718855798244,10.239972933122433,155.28442532638766,0.016611166652388265,0.0,2105918.658493832,0.20983995225694443,0.04240135844375328,0.2140810144806689,0.369873046875,0.0872802734375,0.2825927734375,-0.4262108322457592,3.3944680589627665,1.7277246549421181,1.7825435862222452,1.020210937798495,1.762643590484313,412.47612684965134,12.686770241271882,170.49871541355057,0.02174143593222589,0.0,3639471.279248595,0.22999999999999998,0.29999999999957144,0.28828828828501574,middle,1
11,13,0.26,51.0,0.75,0.25,1.0,-0.1697612847222222,1.3338517923120607,1.3446112812425144,2.74169921875,-2.93212890625,5.673828125,-0.0036392650022851634,1.776843854812224,2.180651722286852,2.8729881583809225,1.1611918551164393,2.532155018767011,16271.815478801727,453.04926103269895,284.3562986362866,0.20637542876621598,441.0,74390372.8784561,5.148058810763889,1.291539565638099,5.3075968167045575,6.1376953125,1.34765625,4.7900390625,-2.0255140912010696,5.9306734120711315,1.1563981825412442,1.2209363401096975,1.0309899346149787,1.1922348866073023,253535.2557182312,0.2456245601402402,12.141347980570435,0.02359640035573346,0.0,2214260288.3577824,0.59539794921875,0.19645672854977958,0.626972060084319,1.23779296875,0.06103515625,1.1767578125,-1.0649824847928935,4.031991843293843,1.9742394399226655,2.1681385677271665,1.0530302647262153,2.0789338800580155,3537.845677137375,35.9611348911695,262.5566976200472,0.046009703789260885,0.0,30277509.95002389,0.2851205783420139,0.03821072237122279,0.2876696082282853,1.397705078125,0.235595703125,1.162109375,16.918721224707248,357.3762517000317,4.858716521110454,4.914224669228724,1.008940182080456,4.9021543315035405,744.7842314839363,12.32881553371856,173.40347627320773,0.013129185676164523,0.0,6643925.692088901,0.16052205403645833,0.028952480266094826,0.1631121575654073,0.26123046875,0.03173828125,0.2294921875,-0.5942357596564203,3.793431105545669,1.6015389205041084,1.6421468873771659,1.0161354995329461,1.6273805510178747,239.45018351078033,11.265992094308102,167.52335798540554,0.018542539362731054,0.0,2121103.0428446825,0.2209228515625,0.042830261195440776,0.22503630288594792,0.4327392578125,0.0933837890625,0.33935546875,0.13973056772389394,4.68530022854099,1.9229753255851183,1.9781370017003437,1.0186194017202679,1.958779975679055,455.7720385491848,11.063485357052325,157.96459580517373,0.02105696673647181,0.0,4027653.97797823,0.25833333333333336,0.34047619047570415,0.30630630630282873,middle,1
11,14,,54.0,0.75,0.25,1.0,-0.16679416232638888,1.3152998299128025,1.3258332984032377,2.4853515625,-3.037109375,5.5224609375,-0.00794116168753354,1.8050350903809012,2.2907173765023403,3.032384774568439,1.1645357468125779,2.667622270783714,15820.50541639328,453.11160319497367,283.16776818218295,0.20964050235903428,441.0,72319006.37929438,5.065913628472222,1.3089424339259454,5.232285464925684,6.142578125,1.3134765625,4.8291015625,-1.935015567320662,5.567315235003304,1.1739761077974884,1.243447204799822,1.032841427756952,1.212531159330339,246391.30067825317,0.26498960576698144,12.450863476840876,0.024679311592453502,0.0,2148131831.147241,0.6245109049479166,0.22083786803663918,0.6624071514996149,1.26953125,0.06591796875,1.20361328125,-0.9358231482819892,3.391513455765829,1.9165421857599336,2.1321757576500864,1.0606814809003187,2.0328408038028485,3949.0491092205048,41.475439477515856,276.1864101858546,0.050088135275271846,0.0,33566283.14405083,0.2787282986111111,0.03942455910958522,0.2815026825940206,1.947021484375,0.2294921875,1.717529296875,22.47338177577212,693.7331756305924,6.916529059071355,7.002785683786017,1.0099537219425663,6.985374266157844,713.1938427686691,12.240098849327575,170.7324325981236,0.014719524375659125,0.0,6355795.745483043,0.17234368218315974,0.029673335477442088,0.17487953461399303,0.2777099609375,0.0762939453125,0.201416015625,-0.5566070812345726,3.4418809670324637,1.5880072047818166,1.6244418567215049,1.0147139274135015,1.6113730275343077,275.2456646412611,11.20547395058165,171.71442493355855,0.016645633198465386,0.0,2441550.488779321,0.23858100043402777,0.05347173554335234,0.2444997347035775,0.5303955078125,0.0933837890625,0.43701171875,0.33400995547673645,4.583810557936664,2.1693091342342874,2.252250262389459,1.0248080704572347,2.2231255080889873,538.021082431078,11.131005749692667,156.63588673445312,0.026659373774324487,0.0,4726391.376591475,0.285,0.3785714285708877,0.36036036035627,middle,1
11,15,0.31,57.0,0.75,0.25,1.0,-0.1707467990451389,1.3012742802726829,1.3124287492596884,2.54150390625,-2.94921875,5.49072265625,-0.004670112113374162,1.8120345292360827,2.2471457987043797,2.9849646820399958,1.1669598474617446,2.6223289184823613,15502.22299695015,454.30205040007195,294.2270915673979,0.2208187102913075,441.0,70940762.2030079,4.992521701388889,1.3357720315723218,5.168129241724693,6.103515625,1.3330078125,4.7705078125,-1.8541545731484597,5.184022970344113,1.1809912909534692,1.2558679010195286,1.0351741165763817,1.2225316162973947,240386.0387325287,0.26899876845763976,12.480810085608043,0.0258386049684887,0.0,2091210730.9303286,0.5122037760416667,0.18578733544934298,0.544857451270246,1.15478515625,0.04638671875,1.1083984375,-0.7614454185122733,3.3376537429098705,2.1194261977250894,2.36530141069028,1.0637513363916693,2.2545424502177163,2671.8267798423767,41.66410470831644,270.9467539236607,0.05254827973071579,0.0,22648505.337917805,0.27865464952256946,0.03987764289083832,0.28149358803190394,1.685791015625,0.22216796875,1.463623046875,22.932966966376195,660.3418494688879,5.988736821344389,6.064717796063823,1.010188017724407,6.049750178248544,713.1477609276772,12.469759773298415,170.5509804119948,0.015080592180031854,0.0,6353925.752039256,0.18360670301649307,0.03447895451582943,0.1868160049275525,0.2984619140625,0.08056640625,0.2178955078125,-0.7050037177771133,3.475933725818315,1.5976249688919657,1.6416711411880656,1.0174792197524163,1.6255502068138772,314.10197727382183,10.681367398490686,165.5263053045289,0.018881651370261234,0.0,2778771.5783286835,0.22127149793836806,0.03884028980958275,0.22465449898094986,0.3900146484375,0.1019287109375,0.2880859375,-0.4960437737496439,3.943387211210812,1.7360642684873906,1.7775026333450137,1.0152889146278965,1.7626068068846819,454.22679521143436,8.286191820242461,142.598981964677,0.017343062909855766,0.0,4026945.580633357,0.3216666666666667,0.4309523809517654,0.4054054054008032,middle,1
11,16,0.37,63.0,0.75,0.25,1.0,-0.1655368381076389,1.2740636576846405,1.2847726057958424,2.40478515625,-2.939453125,5.34423828125,-0.007850710048112426,1.8019812386815457,2.2879170304046843,3.0372161860529796,1.1663841696159218,2.668590205660771,14855.765837430954,452.3607548057231,296.3335601487732,0.2082137828564406,441.0,67960844.53662036,4.886545138888889,1.3104826431184056,5.059218136462712,5.83984375,1.34765625,4.4921875,-1.8909484806773438,5.181842740079702,1.1542976785108399,1.2279191385208041,1.0353364171751107,1.195086422823197,230361.1933708191,0.24241383808084382,12.085689307715754,0.02568364986639842,0.0,2003697469.7647572,0.7860023328993055,0.3496379642110792,0.8602594802388512,1.73095703125,0.04150390625,1.689453125,0.017868943088039366,2.9931392775711676,2.0121336306196675,2.357289056222229,1.0944744617545101,2.202228872353169,6660.417360067368,52.05179269658088,277.1399247635393,0.06983796825901108,0.0,54992777.677303545,0.2808866373697917,0.06233668281565497,0.28772063721145974,2.2021484375,0.2197265625,1.982421875,18.329820037174237,409.4018993792223,7.653772975185932,7.881222556025461,1.024330099518571,7.839990033392001,745.0484856963158,29.808971864356813,264.5243683757005,0.0326877891396351,0.0,6548060.519285498,0.18032755533854167,0.031777288664400334,0.18310604383590245,0.2978515625,0.0634765625,0.234375,-0.5862376215647102,3.510685790916379,1.62666155774358,1.6658469657918868,1.0154080084495634,1.6517251727788937,301.7504096031189,10.744129293275966,166.6070493298637,0.017148500947241792,0.0,2674857.612160593,0.22943630642361112,0.0420512956680533,0.2332580763289263,0.400390625,0.103759765625,0.296630859375,-0.44514053296459316,3.597855734647033,1.7165134485361915,1.761139539211004,1.0166572150845312,1.7451057822514309,489.6839715540409,12.403302798326958,181.16125819527593,0.01838001123289132,0.0,4335539.4915141165,0.35833333333333334,0.4833333333326429,0.459459459454244,middle,1
11,17,,67.0,0.75,0.25,1.0,-0.16702202690972223,1.398758317992435,1.4086948532688184,2.78076171875,-3.1640625,5.94482421875,0.0009305417675227188,1.8076861587246142,2.2460950238127704,2.9783914637445967,1.165697620412672,2.61826762448115,17859.79070663452,458.9083605585758,302.0321823626205,0.22826574175441747,443.0,81498884.42479374,5.387686089409722,1.4367291881574504,5.575961993963247,6.54296875,1.3330078125,5.2099609375,-1.9596552210219902,5.595381412328196,1.1734242014351064,1.248273296491625,1.0349455965748586,1.2144302101898512,279822.16942310333,0.26141355323329796,12.37406450995292,0.025817193478880267,0.0,2434799801.2587786,0.6825284830729167,0.23656035296323732,0.7223613574935388,1.259765625,0.068359375,1.19140625,-1.140882165199694,3.877093205004946,1.7439548944996328,1.9382511373150577,1.058360750367847,1.845733410752866,4696.253377199173,31.258440360465606,244.12047781368238,0.04785166010384075,0.0,39999868.00878645,0.2709918891059028,0.040356754021991195,0.2739804218486741,1.954345703125,0.233154296875,1.72119140625,26.39746706869038,886.2884532240721,7.133158237844084,7.229466589175827,1.011028126161342,7.211823606846167,675.5874440073967,13.236226484815218,174.9785521605956,0.01650552592543798,0.0,6014326.369769871,0.20214396158854167,0.03830392727879938,0.2057410315218852,0.350341796875,0.09033203125,0.260009765625,-0.6673780799905125,3.539943022401222,1.7028290092733904,1.750610909721526,1.0177945950205896,1.733130161891146,380.96434846520424,11.008139364469987,167.74227218869586,0.01929503332624515,0.0,3369258.800308406,0.25684495713975697,0.05273005708612921,0.26220181335839393,0.5072021484375,0.103759765625,0.4034423828125,-0.19087614573429423,4.250859011765373,1.9343960361642878,1.9975154487466333,1.020856380741403,1.9747405364067223,618.7481183558702,9.578395027046255,150.6109795565711,0.022542458164671438,0.0,5456124.503745511,0.395,0.5357142857135204,0.4414414414364305,late,2
11,18,0.42,72.0,0.75,0.25,1.0,-0.16552815755208333,1.4866585635185277,1.4958453313847522,2.84423828125,-3.28857421875,6.1328125,-0.003571874780782391,1.7898614292649309,2.198472094506898,2.905258924838397,1.1625709053929134,2.555879693393648,20137.979298830032,462.51425949934884,310.16457310359056,0.24674058513891314,444.0,91730603.05247903,5.68869140625,1.4589317734003138,5.872792507400511,6.9091796875,1.3525390625,5.556640625,-2.0130830158123385,5.962025690252491,1.1764726369597298,1.2457135748655805,1.0323626451150456,1.2145464033974263,310407.2265148163,0.25748561054206154,12.616900608773824,0.02460513020132889,0.0,2707461524.5548725,0.5320700412326389,0.1611408064848464,0.5559360469441506,0.86181640625,0.068359375,0.79345703125,-1.3650488371564868,4.574961634810874,1.5502078179417427,1.6788992342959062,1.0448550075384375,1.6197424013045778,2781.583994626999,26.44728012158045,230.49123538860022,0.03967325602789669,0.0,23982621.746212244,0.2703964572482639,0.043593645195501844,0.27388802455354544,2.177734375,0.230712890625,1.947021484375,27.731240886951095,937.2275592143143,7.9511850820856145,8.075366561363674,1.0129127701590517,8.05385690757207,675.1318499445915,15.44715230467329,188.21907737866837,0.01955039563450671,0.0,5999220.847983658,0.21162502712673611,0.039260944320728054,0.21523608864534569,0.367431640625,0.0897216796875,0.2777099609375,-0.6869328275162899,3.7603139952052604,1.7071098203644035,1.7530473343212407,1.0170634899218698,1.7362390715877831,416.93916469812393,10.838912519371545,166.18124757840982,0.018776199730348365,0.0,3690029.380965978,0.24109198676215277,0.04472162041014862,0.24520474998056518,0.452880859375,0.107421875,0.345458984375,0.0754211258128174,4.185755187178995,1.8469497813930935,1.8953844457069293,1.0170588963682679,1.8784567063189341,541.1283247172832,9.743632367360458,158.08882665731954,0.01925131214049834,0.0,4789160.509817301,0.4283333333333334,0.5833333333325001,0.5585585585522178,late,2
11,19,0.47,80.0,0.75,0.25,1.0,-0.15863389756944443,1.7111690976093783,1.7185064428367347,3.37890625,-3.84033203125,7.21923828125,-0.00022048351001313366,1.8382657534578315,2.2346916691848637,3.0027765589552686,1.172608121771033,2.6204176009417623,26579.379546642303,470.42499553920993,297.2180841316325,0.3082339824842326,452.0,120626385.90451474,6.499380425347222,1.964419465964338,6.789763600571544,8.1689453125,1.3525390625,6.81640625,-1.7015757208544346,4.603216049346216,1.2031266172228967,1.3031029352503132,1.0446785933765008,1.2568806221344286,414908.0077648163,0.2905502488475056,13.096277656888258,0.03108840649918972,0.0,3577884849.2558,0.65022216796875,0.19836739355661198,0.6798076864411178,1.08154296875,0.06103515625,1.0205078125,-1.7244468298189086,5.5388186222416085,1.5909543100496968,1.7327927953508453,1.045500630290329,1.66334373392252,4159.246414899826,23.26783875070344,239.2212359434837,0.03951478845443869,0.0,35839560.88939308,0.2703948296440972,0.019919946370328498,0.27112758650063096,1.24267578125,0.22705078125,1.015625,24.03429010564179,918.7944636021964,4.583361646390508,4.599792061764925,1.0027099514310074,4.595782333859919,661.5915134549141,3.633965872200729,94.72810024531995,0.004557637834562345,0.0,5938253.206767143,0.19633205837673612,0.04387070175440413,0.20117384427124216,0.333251953125,0.0689697265625,0.2642822265625,-0.8371039092535174,4.032463586401921,1.6565371822095358,1.7228132134236205,1.0246612088393154,1.6973893916185339,364.23824056982994,15.76551993654789,198.7398353632807,0.025755439129858393,0.0,3200200.442615897,0.2534601508246528,0.06443345775286327,0.26152192744404007,0.5218505859375,0.0860595703125,0.435791015625,-0.1272435099598982,3.9294592410545075,1.9954372126106676,2.096362574884769,1.0318068800642857,2.0589058447158606,615.5434668064117,23.457958702498562,252.35842576421052,0.031138106132349953,0.0,5371751.362574845,0.48666666666666664,0.6666666666657143,0.7747747747659801,late,2
11,20,0.57,86.0,0.75,0.25,1.0,-0.16311848958333333,1.6532382994367432,1.6612659378824457,3.1689453125,-3.4765625,6.6455078125,-0.003610842797565138,1.7863719740974235,2.0927188240730157,2.770200077737663,1.1634185063260531,2.434707808464908,24838.24064731598,466.05239381700017,296.716387987211,0.3162217645349859,449.0,112850008.44956635,6.3321310763888885,1.7102085984694277,6.559016497833245,7.763671875,1.279296875,6.484375,-1.9975285571610926,5.94603442163098,1.1836640260873756,1.262565219911698,1.0358308156774148,1.2260756736302858,387186.27676963806,0.27612684152281725,13.250502837178999,0.02683505846128644,0.0,3366221551.8003936,0.538525390625,0.1435612900326409,0.5573324325244717,0.86181640625,0.11962890625,0.7421875,-1.3802130951622067,4.707587218262079,1.5463238023755463,1.641063150563592,1.034923222239549,1.6003264121830831,2795.574963092804,19.0818299669418,195.9490108869392,0.03227685594165119,0.0,24325476.054859158,0.2678652615017361,0.02681441507066733,0.2692040326127666,2.00439453125,0.233154296875,1.771240234375,38.68421189300812,2198.828962507391,7.445633379964082,7.492188148817238,1.0049979273255514,7.482846114517638,652.2373005747795,6.303144151741524,122.51665642676917,0.008240035520121739,0.0,5841016.577865184,0.24071451822916667,0.05307700710113226,0.24649675042302982,0.4437255859375,0.079345703125,0.3643798828125,-0.8994352340956188,4.350499989306732,1.800127527743032,1.8705808167780376,1.024021119437982,1.843368606098025,546.8458317220211,13.93638171294696,186.86879232435703,0.02601934523274441,0.0,4807517.373523863,0.26501702202690974,0.06970882791704096,0.27403164535064045,0.6256103515625,0.0927734375,0.5328369140625,0.3997950537134662,4.205202557444685,2.2829857871331245,2.4035593975967857,1.0340152615622606,2.3606421458339955,675.8400838822126,16.118414031493373,200.60440847118943,0.03480884028909116,0.0,5885758.26702751,0.5633333333333334,0.7761904761893674,0.9729729729619276,late,2
11,21,0.65,93.0,0.75,0.25,1.0,-0.1594821506076389,1.7530430314410577,1.7602824848434102,3.41064453125,-3.94775390625,7.3583984375,-0.00204502970727022,1.843965908216552,2.242682035547799,3.0266194614751187,1.175052735655891,2.635269661078261,27887.349838018417,472.505937074054,296.51801662494984,0.3005643095612343,454.0,126523173.84739515,6.632572699652778,2.0444378813460298,6.940514884852707,8.2470703125,1.3232421875,6.923828125,-1.7340111027653011,4.665370391978645,1.1882505043678517,1.2921399996679963,1.0464287689172262,1.2434195124511034,433536.7218017578,0.2968602900532412,13.39369970976378,0.03186298460058539,0.0,3732551588.319063,0.5482676866319445,0.17470266979983423,0.5754289522086405,0.94970703125,0.06103515625,0.888671875,-1.496602912904794,4.855978141276983,1.6504331726847181,1.807690779298929,1.0495401539027414,1.732195886068719,2980.0663113594055,26.566228079914623,253.03023458425113,0.04242445693293046,0.0,25584497.275233258,0.2672663031684028,0.055743677462318064,0.27301764482598473,1.8896484375,0.225830078125,1.663818359375,15.735951013272752,326.28511521291995,6.921341800811072,7.10762448096362,1.0215191424746748,7.070283141164543,670.8477094769478,27.69716964826064,255.6808652882135,0.02985520568690132,0.0,5911783.3708420405,0.22192091200086805,0.0518601133867308,0.22789989588365678,0.4119873046875,0.0787353515625,0.333251953125,-0.7230514824968651,3.915294902639328,1.807755563416371,1.8867675017457004,1.026941957960854,1.8564600378175808,467.4452628940344,17.269602255624545,205.7669335886499,0.02806076793789199,0.0,4098084.1089073573,0.2632651095920139,0.06872332694497997,0.27208714338403,0.5523681640625,0.0885009765625,0.4638671875,-0.07560848325767947,3.688594171713717,2.0301149006546217,2.1380709783664047,1.0335100758496039,2.09814420496668,666.2827223539352,24.2402974736274,252.84725485508415,0.03276545307517922,0.0,5805267.459513246,0.6333333333333333,0.8761904761892245,0.9999999999886486,late,2
11,22,0.68,100.0,0.75,0.25,1.0,-0.15870469835069445,1.8478167253347753,1.854619592182051,3.759765625,-4.10400390625,7.86376953125,-0.0017992435388530781,1.8198525432466732,2.2128548213055512,2.9666329202254866,1.1703607824629123,2.5898385001413895,30956.524485349655,474.2266086328584,288.721216304247,0.3701891500296795,459.0,140325186.9900286,7.006190321180555,2.109742800608248,7.316947280206577,8.84765625,1.3330078125,7.5146484375,-1.7544392584650301,4.895541891460933,1.209200491840772,1.3101337173889862,1.0443546270910629,1.2628341287348717,481839.45751190186,0.289982323693835,13.350529031376759,0.03119146255731974,0.0,4156289028.6175733,0.30578531901041667,0.0809149296824903,0.31630979619326466,0.47607421875,0.05859375,0.41748046875,-1.7596413194280343,5.834437859976234,1.5050884432855647,1.5990697841647348,1.0344178628845653,1.5568903709606332,900.4669845104218,10.945266570519781,161.87728850580464,0.030432930857317332,0.0,7839040.327173471,0.27117078993055554,0.018489816480110874,0.27180042425469036,0.87646484375,0.22216796875,0.654296875,10.475233924322993,255.44074887808102,3.224663265887638,3.2351976516236327,1.0023219105689583,3.232150645617925,664.879235625267,2.684793784589333,82.60128900246659,0.003729678599884858,0.0,5970067.999473215,0.25066677517361113,0.06214297319754385,0.2582548766117851,0.474853515625,0.07568359375,0.399169921875,-0.8339557122460622,4.171345376005549,1.8387010609560435,1.9306696193437636,1.0302716681613995,1.8943616093286533,600.2602316439152,15.852285344498407,197.29732793638416,0.031060205088827633,0.0,5245943.537706138,0.2947677273220486,0.0992049424010578,0.31101388018447473,1.070556640625,0.0909423828125,0.9796142578125,1.4353457988485607,8.63122271432464,3.4421506846786647,3.7313403470926003,1.055115100316329,3.6318651649803275,870.5667030066252,25.08921226832704,248.62834266669657,0.055372511357696434,0.0,7436514.824004844,0.6966666666666667,0.9666666666652858,0.7117117117036326,late,2
11,23,0.76,105.0,0.75,0.25,1.0,-0.16566786024305555,1.6304141802082388,1.6388093967699893,3.38623046875,-3.7060546875,7.09228515625,-0.0014869903216085717,1.9343587284526982,2.2614311919386023,3.1445462876408588,1.193586013298984,2.699212640737613,24171.26615047455,465.692514228259,296.6147940297274,0.3456859775071958,451.0,109883722.97145127,6.0809548611111115,2.2032755106312463,6.467799857650068,8.1201171875,1.2841796875,6.8359375,-1.446800860534646,3.488258470907213,1.2554682219942732,1.4084440958636089,1.0636158309629695,1.3353358761842473,376491.9149875641,0.33908614715776075,14.380613592130652,0.039600614400005354,0.0,3191823109.947586,0.28108642578125,0.09615378567357484,0.29707764853290114,0.56640625,0.05859375,0.5078125,-1.1716749475571273,3.48524972965053,1.9065932856115373,2.104176375037586,1.0568907684038757,2.0150608426704304,794.2961633205414,16.29814353784598,184.63931086298248,0.04440844924130396,0.0,6774221.632772685,0.2715224880642361,0.021814265886795726,0.272397363645049,1.63818359375,0.235595703125,1.402587890625,32.69621538222878,1838.0609821639525,6.0139480493601365,6.039178805890968,1.0032221109420694,6.033325657197165,667.8029134869576,4.100608762634888,100.56297106655452,0.005428544173121399,0.0,5990954.316945375,0.23516228569878472,0.0667379207971274,0.24444887131545628,0.4644775390625,0.08056640625,0.3839111328125,-0.7461569483985122,3.124745091052678,1.900100976376369,2.0247080537779674,1.0394901146161128,1.9751361817237396,537.7972561866045,13.773587135719312,182.13622981043176,0.03625612528609298,0.0,4659792.0638863,0.40715264214409724,0.23910122424693547,0.4721680521184196,1.2493896484375,0.0946044921875,1.15478515625,1.7348154511526936,6.4687427541363665,2.6460698533697222,3.308611302808559,1.1596831341454314,3.0686025807300403,2006.4840249717236,38.662571275796154,290.9203040239441,0.11432705467438918,0.0,15742997.53671959,0.72,0.9999999999985715,0.5675675675611248,late,2
12,1,,1.0,0.75,0.5,1.0,0.1804266677595398,22.359212761691104,22.35994072230535,2771.189697265625,2.084677150387924e-33,2771.189697265625,123.935467078152,15362.999999919792,123.93546707845596,125607243.48466064,123.92813656560573,15359.091489421708,7679492.33825294,3839.999968319769,2217.313707907253,0.9999999991410534,0.0,58986181093.4374,0.180427285476972,22.359212756708835,22.35994072230773,2771.189697265625,2.084677150387924e-33,2771.189697265625,123.93546707811738,15362.999999914078,123.93546707844276,123527137.60936563,123.92771228073266,15359.038905476154,7679492.338254575,3839.999961048722,2217.3137198401505,0.9999999991410203,0.0,58986181114.431366,0.36084237115259654,31.619672531380175,31.621731423319268,2771.189697265625,0.0,2771.189697265625,87.62704950323138,7680.499479054218,87.63560920076436,42209352.16595145,87.6330884375525,7679.779091369615,15358984.67648313,3839.4995927951936,2217.3136651038176,0.9656957524704792,0.0,117972362183.68103,0.18042688748333416,22.3592127599186,22.359940722305893,2771.189697265625,0.0,2771.189697265625,123.9354670781446,15362.999999918582,123.93546707845294,124493202.33209015,123.92798564597157,15359.072785125985,7679492.338253313,3839.999970107407,2217.313710154489,0.9999999991410475,0.0,58986181128.987785,1.0700648976507636e-05,3.6329464885046946e-05,3.787260101118344e-05,0.00017664286133367568,0.0,0.00017664286133367568,3.8857088547373144,16.94727027402766,4.664133224369285,110.84508282252953,3.539280426360035,16.50767586281955,2.203136881693122e-05,3363.4418608456117,2473.775769928741,0.854327181375055,0.0,0.18270865211415765,1.1034556852194687e-05,3.6607922648872895e-05,3.8234819805907e-05,0.00017664278857409954,0.0,0.00017664278857409954,3.8144498323139735,16.448986510999976,4.619945506500439,104.95692428265279,3.465006964307355,16.008143773424205,2.2454806204265133e-05,3340.9928235923767,2484.832585139881,0.8500490942036093,0.0,0.18681893905306002,0.05,0.0,0.0,early,0
12,2,0.05,3.0,0.75,0.5,1.0,-0.17101426866319444,0.8576228514234928,0.8745071957223507,1.9482421875,-2.30224609375,4.25048828125,-0.013119302999372274,2.0804360808106996,2.632621097926692,3.6173545340383186,1.1954039584867582,3.147045681660922,6882.865518331528,430.3960081280835,308.9966309484971,0.24942701086200159,436.0,32157353.65977883,3.243850368923611,1.0620574468289463,3.4132874529301906,4.365234375,1.2646484375,3.1005859375,-0.9342762583177531,2.1641746008334204,1.2788944485912888,1.3927983542466114,1.0522333229759149,1.3456953553770565,104854.78112697601,0.15692928179711788,6.245098362675036,0.029129748948036778,0.0,898010406.3189746,0.8812858072916666,0.532611859253171,1.0297281518686592,1.923828125,0.0390625,1.884765625,-0.10617892729101822,1.6871441751845826,1.868287393626113,2.5054410366783424,1.1684383696499225,2.1829786762481187,9543.060600757599,84.15773786306285,357.5821728193444,0.10406722458123667,0.0,74398692.00587274,0.31554850260416667,0.019178105271996978,0.3161307596826914,0.511474609375,0.26611328125,0.245361328125,0.8704491553204579,6.18493993014095,1.6179210459835114,1.622373787759125,1.0018452221218532,1.6209064696940993,899.4479149580002,2.0563099144495594,73.20493592815258,0.002858169308875214,0.0,8080135.962870718,0.15276238335503473,0.03182724143402909,0.1560426834734989,0.3021240234375,0.089111328125,0.2130126953125,0.6052084357943915,3.1138560892946288,1.936162700552854,1.9987776037745972,1.021473219030754,1.9777383463136764,219.1438715904951,14.800219222493604,168.66160271369188,0.021889506330986512,0.0,1931269.4890830668,0.18595241970486112,0.03921398809305186,0.1900422038818084,0.408935546875,0.10498046875,0.303955078125,0.8230052312860378,4.020423827642385,2.151814378700715,2.2227269566704906,1.0219937131359542,2.199140766879252,325.0443533062935,16.360625558698878,175.9185756578806,0.02379629320749203,0.0,2863121.01572752,0.06,0.017699115044216455,0.07526881720347808,early,0
12,3,0.08,6.0,0.75,0.5,1.0,-0.1715500217013889,0.9923701163925102,1.007088803360772,2.33154296875,-2.71240234375,5.0439453125,-0.006505807539572983,2.119116177244699,2.69330999877638,3.7359118493888226,1.200438771428972,3.233153746011694,9128.05072069168,442.28243421531505,307.61070105147576,0.2457763685536515,439.0,42268123.24625254,3.7317496744791665,1.276216100726589,3.9439425919667173,5.0146484375,1.3037109375,3.7109375,-0.9679188732760714,2.2334272884923214,1.2714810929836797,1.3966619155923337,1.05686150894248,1.3437794265229062,139992.14851856232,0.18013399387613996,6.421316284044341,0.03125116954340356,0.0,1193965871.4820147,1.0514735243055555,0.6104766672817339,1.2158446996269543,2.41455078125,0.03173828125,2.3828125,-0.14918677583271364,1.7424200044358458,1.9859039415057258,2.604452464414828,1.1563245973585508,2.296349575556256,13304.505002498627,72.8628105663892,341.0653327574119,0.09535664163951588,0.0,104646935.89420316,0.3044171820746528,0.017765838438831408,0.3049351500855665,0.579833984375,0.255126953125,0.32470703125,1.2195218277839952,13.334253883230849,1.9014993325970913,1.9063165263097155,1.0017015071435258,1.904734747301161,836.8690118193626,1.7663128083854138,66.72339957309354,0.0026563963549818587,0.0,7519038.383997977,0.16617024739583333,0.03598943127877428,0.17002291105425194,0.340576171875,0.0897216796875,0.2508544921875,0.4811333053265515,3.0289861102669167,2.003119284108268,2.0734824600485395,1.023185038945137,2.0495616827341276,260.17011255025864,14.437975420918832,166.60723753959698,0.023179274081965524,0.0,2289073.8934285943,0.21945421006944443,0.05240749727453493,0.22562512290918368,0.4156494140625,0.1080322265625,0.3076171875,0.3226993875903941,2.6308338746145274,1.8422124659759664,1.9214574773859945,1.0281193641113489,1.8940143090856048,458.16026479005814,16.555729032947585,167.52768371430167,0.027882557042163636,0.0,4012208.377465606,0.07666666666666667,0.04719764011791058,0.2258064516104339,early,0
12,4,,12.0,0.75,0.5,1.0,-0.1727544487847222,1.1095873474436795,1.122955110938106,2.5390625,-2.77587890625,5.31494140625,-0.0038546845960592767,2.0603314564191,2.4719411125246005,3.4068621342746557,1.1948565365026258,2.953614996152222,11349.253630638123,450.73164423567766,311.888044889172,0.23393311643882414,441.0,52280419.16925904,4.177790256076389,1.4018518690636108,4.406713070596265,5.5419921875,1.3232421875,4.21875,-0.98180246867822,2.320433952241627,1.2576249233192904,1.3767819978400626,1.054795190875335,1.3265367210424506,174772.08077907562,0.18129234081359386,6.101475377269715,0.030708188046424514,0.0,1493358586.1847157,0.8878545464409722,0.4691551946053876,1.0041873790588705,1.92138671875,0.0146484375,1.90673828125,-0.27329559192759556,1.9855230196522582,1.9133746936242317,2.4040006621189813,1.1310269042188223,2.164078256342608,9075.530630350113,59.960200114440255,321.4007709408812,0.08332454885507933,0.0,72765458.90687108,0.29308186848958334,0.014279065576979711,0.29342950320493866,0.509033203125,0.24169921875,0.267333984375,1.2011179120058726,14.946251689653058,1.7347717171021602,1.7378388513554477,1.0011861351783573,1.7368293908681531,774.907860159874,1.1927885403231862,52.571433798160086,0.0018583143099301519,0.0,6965913.235753774,0.1762826877170139,0.039717425702706345,0.18070157689733712,0.3790283203125,0.0909423828125,0.2880859375,0.36610406827034087,3.0533718859548684,2.0975374250648717,2.1777109520110685,1.025067062662397,2.150116527147595,293.87753903865814,15.468376789036345,172.73199040970584,0.024338081602177285,0.0,2581010.3746727114,0.2171384006076389,0.05023765595364938,0.2228741956668845,0.404052734375,0.10498046875,0.299072265625,0.2463475687052955,2.621705663047226,1.812918418680906,1.8863059802854352,1.026415387799524,1.860807361767611,447.05616384744644,15.230718952653735,163.51433498703554,0.025811436701764015,0.0,3921291.0614527767,0.09999999999999999,0.0884955752210823,0.3548387096735392,early,0
12,5,0.12,19.0,0.75,0.5,1.0,-0.16986219618055556,1.2409465257374703,1.2525180419583501,2.88330078125,-3.22509765625,6.1083984375,-0.001832003532649355,2.176088096874009,2.5748911777788734,3.582479014288291,1.2026540928033822,3.096703413481556,14119.213008880615,456.49940309241924,304.1232689610414,0.25612267220067736,444.0,64705012.08292246,4.6484564887152775,1.608800655839605,4.918982341674862,6.2939453125,1.3232421875,4.970703125,-0.9525873082779829,2.2842974142737638,1.2795218350704014,1.4091575423505882,1.0581969205509965,1.353986065649534,217767.48549938202,0.18956336103389862,6.779170963247197,0.03187434340643814,0.0,1855083667.933869,0.80791259765625,0.3822772454106488,0.8937889335913838,1.7333984375,0.01708984375,1.71630859375,-0.6337487830014479,2.201491902988913,1.9393822997259482,2.3430518640176796,1.1062940919390962,2.1455271802004745,7189.727920293808,35.35841370159675,266.8049075855087,0.07024232350936224,0.0,58789053.83051038,0.3091494411892361,0.0521677965584096,0.3135201045951863,1.93603515625,0.240478515625,1.695556640625,17.301800455973773,390.456478482811,6.175154728095068,6.28515257567084,1.0141377043675803,6.262457240084917,884.6537038683891,18.968051370281476,209.80469064406245,0.019564616962530045,0.0,7851663.628436625,0.1793576388888889,0.04202876529880205,0.18421612236810017,0.362548828125,0.089111328125,0.2734375,0.21470659855194632,2.579498637460705,1.9680624228892833,2.049898412454634,1.0270882439592885,2.0213737779385896,305.4202176630497,13.561936721206687,163.97875316550028,0.02559554025616402,0.0,2677242.1577014024,0.23648695203993056,0.06025239771844408,0.24404186099101519,0.439453125,0.108642578125,0.330810546875,0.18990968301094932,2.56931711562424,1.800728461968164,1.8896307640471202,1.0319464092411197,1.8582552703539457,536.0078692436218,16.218319050447132,170.30065687001303,0.03033267146359206,0.0,4677041.594547778,0.13,0.14159292035373172,0.4623655913927934,early,0
12,6,0.17,24.0,0.75,0.5,1.0,-0.1704326714409722,1.3510524547939702,1.3617599021484366,3.154296875,-3.49365234375,6.64794921875,0.005459323746657007,2.1456983423802396,2.565542088759942,3.557753576436119,1.1994046220341446,3.0771230392840683,16689.510279893875,458.4952230681691,296.659622594965,0.25077485803570887,446.0,76279282.0899785,5.062923719618055,1.7453143450986555,5.355307531214082,6.7919921875,1.3232421875,5.46875,-1.0003993664657909,2.4211069072820415,1.2682730446217612,1.3967459514397955,1.0577499934399617,1.3415158046289986,258113.86878490448,0.1808991243414185,6.721462203594674,0.0316441413390377,0.0,2199656871.501565,0.44762152777777775,0.1924342396040592,0.4872329716902422,0.85205078125,0.05126953125,0.80078125,-0.6909486815972216,2.3626369206659272,1.748754355216218,2.038301954065688,1.0884931609702229,1.9035071558736518,2136.563718318939,26.437417037304254,226.72682350110773,0.05933721295511765,0.0,17729320.53847313,0.2928521050347222,0.07805177416980796,0.30307496576642995,2.33642578125,0.235595703125,2.100830078125,15.744050475297383,302.361511045489,7.709068861342044,8.037601342533822,1.0349079298216441,7.9781764961703185,826.6899138689041,44.719456599979516,315.86116775060583,0.04446051462520035,0.0,7193480.129864812,0.186409912109375,0.04295808073770301,0.1912957188054451,0.364990234375,0.0909423828125,0.2740478515625,0.1880268554588617,2.792645229523987,1.907989560102496,1.9848722716726315,1.026210015549909,1.9579979961520821,329.3464682996273,12.70020249580074,160.68187403153024,0.024903464618986567,0.0,2889379.6549029653,0.23150790744357638,0.053746722521441324,0.23766493513074313,0.4986572265625,0.107421875,0.3912353515625,0.3198414236131686,3.283216877659993,2.0981522843749874,2.18371298245175,1.0265953234778418,2.1539533230927757,508.36159251630306,14.366758227890964,162.99454140596242,0.026585221232558055,0.0,4458263.187955693,0.16333333333333336,0.20058997050111996,0.5698924731120478,middle,1
12,7,0.2,30.0,0.75,0.5,1.0,-0.16790934244791667,1.4525831290244766,1.4622555501716625,3.12744140625,-3.63037109375,6.7578125,-0.0011642796165004994,2.0319683117264815,2.4827199960508457,3.413928542118288,1.192203005853776,2.9599062419871176,19243.72164607048,466.8433345363866,300.2864594624561,0.2351304132386938,447.0,87738608.16982387,5.452457682291667,1.8581934175577912,5.760397343433569,7.2705078125,1.2890625,5.9814453125,-1.0757122744991663,2.6472750443682322,1.2621538722127534,1.3883573126433633,1.0564772216648215,1.3334368162290575,298639.59798812866,0.19624012596213325,6.106804234348021,0.032034115906542864,0.0,2547914629.5884137,0.5515321180555556,0.2408817725189077,0.601840265833633,1.1962890625,0.05126953125,1.14501953125,-0.3622580986392073,2.4375254323975906,1.9877185532626078,2.3201937377210897,1.0912152640436414,2.1690288259465054,3259.9053502082825,28.80757056031004,212.7688720779728,0.06394871933422876,0.0,26989175.629580032,0.2837204318576389,0.06832811605052252,0.2918321690569749,1.719970703125,0.2392578125,1.480712890625,12.614571549284257,197.6965674634101,5.893698109694389,6.1050459183306724,1.0285905993628883,6.0622024711352465,766.4941340684891,38.68914196807257,298.7885114973398,0.03734295554940866,0.0,6709363.597777487,0.211630859375,0.04979202539056711,0.21740944421136793,0.3912353515625,0.09521484375,0.2960205078125,0.012544837896685292,2.703471293523161,1.7995324581223666,1.8757907355947832,1.027305019940883,1.8486687277841676,425.40179789066315,14.257669057425082,168.6017688498272,0.025614959644427764,0.0,3728206.983143836,0.27788431803385416,0.07509484468418579,0.28785227097815674,0.552978515625,0.107421875,0.445556640625,0.045307249614424686,2.7944623217742164,1.9210496889393691,2.0291043088947545,1.0358708725047678,1.98995941741355,745.7303691655397,17.511126589362874,173.18768404352926,0.03238077299571496,0.0,6483184.279442207,0.20333333333333337,0.27138643067798585,0.6989247311751529,middle,1
12,8,0.24,36.0,0.75,0.5,1.0,-0.16830403645833333,1.5494586574908933,1.5585725456203987,3.38134765625,-3.6083984375,6.98974609375,0.0017721974193147746,2.013194914133342,2.3151944050582136,3.1802990913526497,1.1904220097161622,2.756058376554782,21862.335419654846,468.83668099721035,300.5359304672769,0.2625689905347597,450.0,99527740.7308578,5.820584852430556,1.979167867291776,6.147870645293727,7.802734375,1.3427734375,6.4599609375,-1.0857005160599127,2.6867199634422274,1.2691767321050944,1.3956818452849131,1.0562290218525803,1.3405412983096363,340166.8212413788,0.1824213965695169,6.001615359466737,0.031817254744267644,0.0,2902858620.595217,0.48629964192708336,0.20852349150186122,0.5291213360341239,1.27197265625,0.0537109375,1.21826171875,-0.2761567799460377,2.6554510892905907,2.40393378536065,2.784974008277096,1.0880561909037418,2.6156150376892655,2519.7244942188263,24.938523567952675,196.96731373140875,0.060771757833867936,0.0,20916497.677713625,0.27306654188368057,0.052345366735919954,0.2780384392759926,2.159423828125,0.228271484375,1.93115234375,19.76009660143774,497.1359244324538,7.766637712901629,7.9407041847811675,1.0182076403685214,7.908049859279179,695.7483634352684,23.40817306425677,234.4383864724964,0.025993323739031755,0.0,6150763.927836717,0.22534464518229166,0.05834911741850039,0.23277634891855073,0.4327392578125,0.0933837890625,0.33935546875,-0.10867736494956928,2.4601652043214326,1.8590344758868005,1.955331971754705,1.0329792781595242,1.9203440909834664,487.66345754265785,15.221852722426627,182.13204289800169,0.028404755518582726,0.0,4251084.804670513,0.2785989040798611,0.06582249479207875,0.28626901714148684,0.521240234375,0.1031494140625,0.4180908203125,-0.2943733854920716,2.9456817805384743,1.8208056169611928,1.899916451574658,1.0275310238061797,1.8709342597547125,737.549551576376,14.43971939272808,173.59282637664776,0.02740999267863166,0.0,6462477.51216367,0.25333333333333335,0.35988200589906816,0.8279569892382579,middle,1
12,9,0.32,42.0,0.75,0.5,1.0,-0.1651296657986111,1.7712453469076608,1.778926048341752,3.8427734375,-4.208984375,8.0517578125,-8.126100737338868e-05,1.9961854533600594,2.366025489885367,3.2407843155450133,1.1887070649938518,2.8125112157838563,28481.200969219208,471.45794760763414,276.38537282189105,0.35969032329288847,460.0,129271516.12149474,6.640119357638889,2.2779382803805563,7.019984892641423,8.9208984375,1.318359375,7.6025390625,-1.08137360206392,2.7537802632819695,1.2707859879940633,1.4006501669383309,1.0572076365712424,1.3434846509552463,443521.69103622437,0.13735656437447477,5.777335879462209,0.03152827285896642,0.0,3781540605.587244,0.59900390625,0.2561837336344614,0.6514873637160213,1.54296875,0.05126953125,1.49169921875,-0.15635749375710267,3.1066485084557174,2.368378630088366,2.7442935554937224,1.0876178884934171,2.575890964813594,3819.9220657348633,28.390151240111223,202.5021954907327,0.06154962154023978,0.0,31721280.15460968,0.2713486056857639,0.06368902721243389,0.2787227260107692,2.254638671875,0.2197265625,2.034912109375,21.07424282857854,524.6220890484625,8.089181331341447,8.35275817157772,1.0271758180048205,8.309011451039783,699.1772219538689,34.729978275520445,282.35564505065736,0.0362685961942595,0.0,6128315.19061476,0.21883138020833334,0.05963182521816689,0.22681077475008576,0.435791015625,0.0762939453125,0.3594970703125,-0.28761571747726805,2.6305122221246653,1.9213858605406215,2.033326712848075,1.0364636668338854,1.991446634427493,462.9881478846073,16.00976682920283,192.15117900469852,0.03210148285865008,0.0,4022877.717725187,0.27960157606336805,0.07626024494265453,0.28981488280596124,0.5950927734375,0.0836181640625,0.511474609375,-0.057496777734414604,3.241376494405278,2.0533547748611554,2.172422036663249,1.0365280728576507,2.1283598676872324,755.9339966624975,14.445601587407195,169.30908478193416,0.034394608863190616,0.0,6567873.652200772,0.3066666666666667,0.4542772861348893,0.9139784946136614,late,2
12,10,,45.0,0.75,0.5,1.0,-0.16109700520833334,1.7450086874413138,1.7524290468754362,3.7939453125,-4.23095703125,8.02490234375,-0.00048465649637904776,2.014281149222647,2.41433856554212,3.3214028188003755,1.1911346371085283,2.8758022911257792,27639.06807899475,470.49070383350215,278.15970075846906,0.3512555567390199,459.0,125426909.96694562,6.553552517361111,2.236151773725145,6.924552357585598,8.76953125,1.298828125,7.470703125,-1.0885358740811015,2.7464785169144816,1.2664401678459443,1.3942197659857685,1.0566104932005365,1.3381339703568667,431544.8281764984,0.13571633003901531,5.879281795845305,0.031207681923321868,0.0,3681388276.226044,0.5518199327256944,0.2430578326404718,0.6029779002262633,1.3916015625,0.048828125,1.3427734375,-0.016099737200703065,2.9013072616033657,2.3078815359161644,2.6878996830572777,1.0927077194308354,2.521839969831668,3272.241133451462,33.92504436664931,213.66522611628696,0.06447782567839784,0.0,27057548.307925474,0.27264756944444446,0.06579121680134198,0.2804731383433436,2.191162109375,0.228271484375,1.962890625,18.15005153170397,389.4093170722008,7.812377763908564,8.083829895689874,1.0287021406932624,8.036609729665834,707.9866319894791,36.62502106917971,287.7857408363295,0.03998371984863666,0.0,6196576.4530569315,0.21695353190104166,0.058764632060871874,0.2247712548027126,0.4132080078125,0.0799560546875,0.333251953125,-0.28482419469455567,2.5843070999227455,1.838348983607111,1.9440484084849845,1.0360340891071584,1.9045922147009373,454.6990528702736,16.036592243776678,193.79637753591382,0.03195340315682068,0.0,3952434.8794773226,0.2730353461371528,0.07453235847234232,0.2830253923231705,0.5999755859375,0.089111328125,0.5108642578125,0.004749033352967485,3.3340260052905792,2.119864867991429,2.242573604975575,1.0365888385013815,2.197428261298884,720.9303542971611,14.036977875217723,163.89189912590373,0.03468505517240615,0.0,6263396.243096144,0.36000000000000004,0.5486725663707105,0.8709677419259594,middle,1
12,11,0.4,49.0,0.75,0.5,1.0,-0.15629937065972221,1.8244082959031247,1.8310912384228069,3.798828125,-4.20166015625,8.00048828125,-0.002267853883556951,2.018303880186251,2.294620862184216,3.1766375837351375,1.1951041616622184,2.7423109418348024,30176.056110858917,475.3036106089563,277.1881655186978,0.339119159734137,462.0,136781906.73595664,6.801988932291667,2.4707957754534604,7.236842211836389,9.1015625,1.337890625,7.763671875,-1.038941438139006,2.576295125539992,1.2576704360242188,1.4030196050158008,1.0639303127176878,1.3380737002952228,471346.96679115295,0.13609980514859976,5.693445066620872,0.033842179501131525,0.0,3994877014.710664,0.6939846462673611,0.31043833486713945,0.7602543317929313,1.787109375,0.04638671875,1.74072265625,-0.08208241108474033,2.968190920434894,2.3506730580318482,2.7613497438729864,1.0954915730209742,2.5751425260047207,5201.879841089249,33.9894261284,264.0195130650832,0.06537730385557312,0.0,42913858.093243845,0.2706856282552083,0.05474451034874528,0.27616602027990467,2.25830078125,0.228271484375,2.030029296875,23.681727261507866,667.2906077864458,8.177330357127028,8.376323671563549,1.020246335422393,8.342891330427348,686.4090368151665,26.493983655122946,248.24041320923453,0.029182991338836953,0.0,6056305.267967284,0.2115258110894097,0.056003767354871545,0.2188140551129457,0.45166015625,0.0811767578125,0.3704833984375,-0.24397179670177072,2.709417747649344,2.0641277180060555,2.1771926809492212,1.0344555777139692,2.135248431015129,430.916316434741,18.226183135051365,201.26338716994266,0.031683524856080565,0.0,3751221.7675495893,0.26795240614149307,0.07583992769211079,0.27847834132901655,0.5548095703125,0.093994140625,0.4608154296875,0.013391610454927243,3.199647736527152,1.992289840792363,2.116362253853671,1.0392828537651795,2.070552671273497,697.9516793042421,18.781993751255513,202.70635554043503,0.03541574311313325,0.0,6048621.536860243,0.4033333333333333,0.6253687315623151,0.8064516128944069,middle,1
12,12,0.45,55.0,0.75,0.5,1.0,-0.15572238498263888,1.7960382259592231,1.802776406072432,3.9404296875,-4.30908203125,8.24951171875,-0.0036235015805637454,2.137733106029132,2.390247629563485,3.3760918367157804,1.2089329987648194,2.889649234600288,29250.02493262291,476.9804652222754,285.91112327971297,0.42593080226391433,467.0,132607215.49759504,6.61998046875,2.64187383678932,7.127667134213227,9.4970703125,1.298828125,8.1982421875,-0.7199676541331272,2.1708775866317467,1.332423376915592,1.5162812639253618,1.0766900548813874,1.4346069988166936,457232.7489852905,0.5081891482561192,17.98693110835162,0.04561344829183645,0.0,3832425137.324381,0.5409431966145833,0.24224521876054292,0.5927075906177911,1.3916015625,0.048828125,1.3427734375,-0.22800063343846,2.927614960004167,2.3478720106269564,2.7660421572556073,1.0956928459883999,2.572546565344697,3161.7205917835236,32.00965500129637,237.04731655214994,0.0714325652773038,0.0,26078835.64465642,0.27363091362847225,0.06821274797431452,0.2820050635704256,2.191162109375,0.23193359375,1.959228515625,17.79597546484088,368.18706688306,7.769938885583264,8.057323628318624,1.030603815299513,8.007728660154553,715.741702914238,37.80845107340558,289.6453952583929,0.04252463236368875,0.0,6253234.636691212,0.21328559027777777,0.05795629992893162,0.22101962745781736,0.4144287109375,0.079345703125,0.3350830078125,-0.2711865006383022,2.7433276900404353,1.8750765065637467,1.983709839871443,1.036261414420593,1.943069432847364,439.64708149433136,17.293712985885936,198.50218781902012,0.03473994508618748,0.0,3820786.960005759,0.2712081570095486,0.08723634707706947,0.284893040771211,0.6451416015625,0.0933837890625,0.5517578125,0.32488937173890353,3.475209889071437,2.264504600792721,2.445060311090466,1.0504589681649221,2.37876916636179,730.4764021188021,23.93935233816939,226.83987482215352,0.04661169761212954,0.0,6266077.702130748,0.4466666666666667,0.7020648967539198,0.8494623655821086,late,2
12,13,0.49,61.0,0.75,0.5,1.0,-0.1601763237847222,1.9081427612599051,1.9148538461328488,3.94775390625,-4.31884765625,8.2666015625,0.0007968295904371948,2.0062614544354593,2.255445064368694,3.1315948499147193,1.1956067446594634,2.6966253311695163,32999.987268447876,477.87819636996494,275.5935736225588,0.31274312959607187,465.0,149540098.2030511,7.112038845486111,2.5818817189364083,7.566188588072692,9.365234375,1.30859375,8.056640625,-1.1181473014599401,2.7910061421985906,1.2377743782070245,1.382920543658863,1.0638564766661474,1.3168142889071306,515224.88775253296,0.13773686404274987,5.887256771536877,0.03403574331840249,0.0,4367046404.828499,0.41265462239583334,0.16347909994015838,0.44385724450761427,0.8935546875,0.04638671875,0.84716796875,-0.534411587211609,2.8887704590986063,2.0131578307102704,2.2912316542172704,1.0756143768111597,2.165381505506812,1773.0832815170288,29.06086153934724,214.75417609492274,0.05737460852300719,0.0,14875372.283756735,0.26808417426215275,0.032307117347769275,0.27002384028293286,2.470703125,0.230712890625,2.239990234375,49.200044051604195,2989.5132854171643,9.149944398990957,9.22876761784087,1.0072352872940427,9.216146875476303,656.2158688902855,7.920148293479365,129.49386514580084,0.011763876457940706,0.0,5863671.334870159,0.21376315646701388,0.05612460929943529,0.2210082777448739,0.3875732421875,0.0750732421875,0.3125,-0.3525658320005778,2.8366380365210615,1.7536593929443252,1.8487816603561875,1.033893218066997,1.8130965531728285,439.6019294857979,14.991179910324888,181.8779510302063,0.030220229926112924,0.0,3828843.734107167,0.2680856662326389,0.0728490463239981,0.2778073216992559,0.5767822265625,0.0909423828125,0.48583984375,-0.30694190710958447,3.143740083929281,2.076195195405351,2.1972335396802327,1.0362632422769837,2.151484764798389,694.5921719074249,15.222873688535419,183.7897133669571,0.03390983587775427,0.0,6036398.196730765,0.5066666666666667,0.8082595870192186,0.9999999999890644,late,2
12,14,0.58,67.0,0.75,0.5,1.0,-0.15703803168402777,2.0960309488026336,2.1019054882971453,4.2919921875,-4.69970703125,8.99169921875,-0.002458709960230313,1.9903357515574371,2.2359269041422136,3.094415425755006,1.1929169477588497,2.667275097902493,39762.06013560295,486.10440325345115,269.14943166770615,0.33921736731090846,474.0,179928052.14896798,7.813074001736111,2.806105921400079,8.301708004906057,9.9951171875,1.337890625,8.6572265625,-1.137596931102651,2.8419388320185357,1.2039832262941537,1.3422742133255827,1.0625405574118851,1.2792810083813038,620265.2021884918,0.12539459472044961,5.312664417784255,0.033561115473259955,0.0,5263480486.8014345,0.3448418511284722,0.1158409259859876,0.36377880974982924,0.693359375,0.048828125,0.64453125,-0.9201236660744452,3.5029621300981773,1.90599165321069,2.0946121409261247,1.054914908263983,2.010659010004199,1191.015201807022,17.761962282914777,177.27286036982815,0.043630502485374825,0.0,10175662.834960222,0.2635662163628472,0.011336511111074695,0.2638099067358895,0.648193359375,0.233154296875,0.4150390625,5.797832548760354,170.44363829848996,2.45704707375328,2.4603740463954527,1.000924588801267,2.45931883197118,626.3610020279884,0.9280658902308772,46.1112626164085,0.0015647681886941445,0.0,5632044.10419017,0.21476901584201388,0.05624031770427071,0.222010593218487,0.4266357421875,0.076904296875,0.3497314453125,-0.3894775030570365,3.0119694204768046,1.9216909247466123,2.0257214197023163,1.03371797997513,1.9864864608745556,443.59833151102066,15.774177648004528,188.355914604061,0.030693238259903444,0.0,3864285.968042911,0.26373148600260415,0.0707149348078892,0.27304742942211674,0.579833984375,0.093994140625,0.48583984375,-0.056573522512226554,3.437075361552519,2.1235650729254223,2.2424831413455184,1.0353235920355195,2.19857701923037,670.9940884262323,16.154832034111095,191.90245938855065,0.0340527281099288,0.0,5836424.744876101,0.5733333333333334,0.9262536873139949,0.9892473118171384,late,2
12,15,0.65,74.0,0.75,0.5,1.0,-0.1572463650173611,2.231517117062899,2.2370505276045702,4.5556640625,-4.9951171875,9.55078125,-0.00526669355561527,1.9618991991007593,2.232903157912365,3.065236321383295,1.188170579820836,2.653069839821696,45039.555567502975,491.3141165691104,266.2506266184239,0.3479727597600328,480.0,203679511.14109164,8.108623589409722,2.7734768592125763,8.569827909784388,9.9951171875,1.328125,8.6669921875,-1.2252199658073013,3.0835314123952045,1.1663148073355307,1.2877369152923064,1.0568782500862373,1.2326527526265867,660977.5536298752,0.1066786556484316,4.042357303388778,0.03181794002531016,0.0,5637264940.711809,0.3200222439236111,0.09718483217239421,0.33445347689967236,0.5859375,0.048828125,0.537109375,-1.1310870612187311,4.088604292086969,1.7519252765131654,1.893359718492077,1.0450944684284535,1.8309274155893727,1006.7321538925171,16.869521528437303,176.0135867339005,0.038691432241935934,0.0,8678071.691918375,0.26003702799479167,0.011964098195135152,0.26031211184650416,0.709228515625,0.22216796875,0.487060546875,6.943893094694033,232.50519111736398,2.7245313734786176,2.728732791294784,1.0010578641543195,2.727413557566417,609.8615601658821,1.1044503886768193,52.06756474482352,0.0017636183930225908,0.0,5482957.062549888,0.24797844780815972,0.06515630067707501,0.25639550326646837,0.5059814453125,0.0811767578125,0.4248046875,-0.4473393184157699,3.1385573077777913,1.9734411831110272,2.0815733086146935,1.033942689502542,2.0404250844488523,591.6478868573904,15.138731474589157,186.0023572879196,0.03137762863079491,0.0,5152894.918330385,0.30997653537326386,0.09380460873285214,0.3238591624480243,0.787353515625,0.0927734375,0.694580078125,0.3761132172985658,4.492873727865586,2.4311602292522143,2.6031574068507597,1.044786057941446,2.540042312152286,943.9628139138222,25.145384426143846,242.8845969857938,0.04624743661243632,0.0,8139293.67291108,0.615,0.9999999999982301,0.9516129032153988,late,2
13,1,,1.0,0.75,0.25,2.0,-0.173671875,0.9824750806351584,0.9977069731314284,2.255859375,-2.6708984375,4.9267578125,-0.009730670573816484,2.044916260820611,2.6770369551636723,3.663226584862307,1.1909277667442413,3.1881576425080715,8958.772838115692,437.6446569523167,303.7017892499624,0.24871062889419904,438.0,41536044.93842124,3.7423301866319445,1.1456332372035893,3.9137591571227603,4.7265625,1.3134765625,3.4130859375,-1.380911777821987,3.2196634751482462,1.207678426353034,1.3050078924724031,1.0458080826491833,1.2629998595213723,137857.59665966034,0.27134284327709457,11.867387645983147,0.029722399789166118,0.0,1187563112.7803087,0.5982980685763889,0.32501823016015297,0.6808798930785631,1.8310546875,0.04638671875,1.78466796875,0.014391414523849797,2.8005254857122366,2.6892477015561322,3.416797782523287,1.1380278975286253,3.0604389077401075,4172.37685918808,52.940068419078685,291.80296787535343,0.08671258280829487,0.0,33273100.21835565,0.30122667100694445,0.018067095883189697,0.3017680024117506,0.40283203125,0.262451171875,0.140380859375,1.1899710069109681,4.8478987749310525,1.3349063785066801,1.3384717535091675,1.0017970898858153,1.3373053252624363,819.5753455162048,2.6205266157889713,85.42323006988255,0.0028297086072092926,0.0,7362958.545565605,0.11084364149305556,0.01248050210709104,0.11154405314621722,0.1788330078125,0.07568359375,0.1031494140625,0.3991454411412459,4.074070492094173,1.6032500412771802,1.6184664153635406,1.006318915931675,1.6133808435199293,111.97868213057518,7.141852282433607,134.8434673803042,0.00863324475910641,0.0,1001499.7609257696,0.12411817762586806,0.012506971393047298,0.12474672881720401,0.1727294921875,0.0848388671875,0.087890625,0.07987735716949891,2.9214497146308553,1.384641455722837,1.3952116524021694,1.005064134862063,1.3916534668013765,140.05571715533733,8.045800929341793,151.47343767981818,0.007357544192440237,0.0,1254166.3218099622,0.1,0.0,0.0,early,0
13,2,,2.0,0.75,0.25,2.0,-0.1752704535590278,0.9356817999118675,0.9519559667217278,1.8798828125,-2.3291015625,4.208984375,-0.018617202903847562,1.8296141579928549,2.446648420638964,3.223917864884388,1.1647987314465587,2.8498529766589855,8155.981463193893,434.76429431916,310.6905958059645,0.20980424542549694,436.0,37946241.827780016,3.6452875434027776,0.7857395531828549,3.7290089728402975,4.287109375,1.3037109375,2.9833984375,-2.137372543929674,6.298873154425676,1.1496645372063723,1.1953927974090552,1.0229670302931289,1.1760689174596424,125149.57127571106,0.2114929667588879,10.801463874900389,0.018438077195932438,0.0,1101341982.6939108,0.5502370876736111,0.20505703624480817,0.5872045987260673,2.06787109375,0.05126953125,2.0166015625,0.5420533114964853,8.977358684727056,3.52155125868002,3.9395318551519622,1.0671846952514357,3.7581456068131467,3103.283166885376,48.923089232079455,327.9003620783157,0.06523960128579798,0.0,26226588.87993097,0.29837687174479166,0.013042383283715165,0.29866178422075895,0.37353515625,0.262451171875,0.111083984375,0.9135045954470618,4.257665992371608,1.2506961920934851,1.25247812178757,1.0009548745293169,1.2518904500354204,802.7897521853447,1.3363038814477906,61.013015280802655,0.00161047373794899,0.0,7218219.114525616,0.11431186252170139,0.016077143184637065,0.11543689378253245,0.2154541015625,0.0714111328125,0.14404296875,1.405433720664487,6.986763495475346,1.8664232421787097,1.8935269036825684,1.0098417717549448,1.8847921537426844,119.93108801543713,12.0664485966096,171.36867495297219,0.012750481537267135,0.0,1068911.5783814343,0.12696241590711804,0.015665918541178974,0.12792527528487432,0.225830078125,0.0830078125,0.142822265625,1.2430794941328178,6.571267305010205,1.7653280606224064,1.7851513275538573,1.0075838142324978,1.7787159807074866,147.2838845103979,10.50992058309234,165.4297318376846,0.010478766806169909,0.0,1315615.4429558665,0.1,0.0,0.020408163265141808,early,0
13,3,0.1,4.0,0.75,0.25,2.0,-0.1670361328125,1.0056200049166752,1.0193981871445374,2.04833984375,-2.4072265625,4.45556640625,-0.012558190745657956,1.8139595920889364,2.3614193088184536,3.099385679178978,1.161815083643222,2.743532571794323,9352.553975582123,441.8621624450153,306.8492032020828,0.21866239072821095,437.0,43216490.43185711,3.9202430555555554,0.8429607229675424,4.009848924223645,4.5849609375,1.357421875,3.2275390625,-2.172803781765117,6.534406415400317,1.1434248581788053,1.188855086163354,1.022857222727576,1.169560374834737,144709.9955558777,0.20681781219144915,10.492802336957435,0.018432470862437413,0.0,1273611358.002901,0.6023958333333334,0.20445831744433213,0.6361477372352498,1.533203125,0.0537109375,1.4794921875,-0.5933710034819305,5.682272920045795,2.4101368837072603,2.6631834179641714,1.056029444483531,2.5451755144346473,3642.1554923057556,42.162944364135925,306.8936833537065,0.05378647943228806,0.0,31086369.744491577,0.28330403645833335,0.020796363516655165,0.2840663053040637,1.6357421875,0.23681640625,1.39892578125,37.46223745636715,2233.6381946643646,5.758311200419735,5.778381771214108,1.0026906388424852,5.773804736223028,726.2429922819138,3.5422075149667123,92.54732547711663,0.004626027375173051,0.0,6518671.35400772,0.10235493977864583,0.016184373172239724,0.10362657782667788,0.2191162109375,0.0665283203125,0.152587890625,2.0328297675984284,10.51620795125029,2.114478886892043,2.152777470039776,1.0124238072902947,2.140748765122845,96.64620868861675,14.079639208016538,185.94056186725322,0.01528125213497915,0.0,859207.6376948504,0.13435465494791668,0.020349862712508448,0.1358870494881381,0.2630615234375,0.0848388671875,0.17822265625,1.620914646376459,7.630678319337827,1.9358836947779,1.96830835824173,1.0114055932025878,1.9579635967024684,166.1876119673252,10.724244315572099,157.01440192350867,0.01386450378155786,0.0,1478916.802854091,0.11,0.0076045627376367985,0.06802721088380605,early,0
13,4,0.13,7.0,0.75,0.25,2.0,-0.17870686848958334,1.0897435815567613,1.1042994242457573,2.177734375,-2.54638671875,4.72412109375,-0.009692967349128705,1.789024314859987,2.305884312569383,3.021809176778124,1.160159479249305,2.6751935432820604,10975.2949655056,444.14717375060746,306.41952858358667,0.21474253326809686,439.0,50682241.32667182,4.234627821180555,0.9345571111133907,4.336527386959407,4.951171875,1.3232421875,3.6279296875,-2.207534566613501,6.751167578517285,1.1417365631974976,1.1900541105017286,1.0240634053524496,1.169210632923701,169249.22800064087,0.222364392491305,11.446607957198513,0.01938124263588443,0.0,1487870474.926853,0.6236371527777778,0.20976251495530357,0.6579693085586495,1.8408203125,0.05126953125,1.78955078125,-0.40076075570248965,6.1498904951158355,2.797729755100145,3.082581172543308,1.0550514920846135,2.9517489525724145,3896.3124990463257,42.36455860645285,309.28565863096395,0.053272058184486354,0.0,33284803.57962847,0.2858892144097222,0.01831012368498877,0.2864749614628959,1.0888671875,0.23681640625,0.85205078125,11.267845538038134,437.85173425205625,3.8009157307705186,3.8120005678533517,1.0020488602670132,3.8087032760028543,738.6111319065094,3.0199840793660906,90.44787522671393,0.003321981397822875,0.0,6633922.3489284525,0.12234456380208333,0.021818418304725293,0.12427483924448268,0.2685546875,0.0726318359375,0.1959228515625,1.7510786181158693,8.538322861771132,2.1609739278722246,2.210905170926987,1.0157773699247166,2.1950684129475957,138.9981210231781,18.20070191676088,213.8998487448522,0.01868009288457757,0.0,1231703.4140564504,0.14641248914930555,0.03820822402170102,0.15131584636708742,0.39794921875,0.081787109375,0.316162109375,2.677909909251154,12.702090804213805,2.6299242828933984,2.7554460076193994,1.0334900201836479,2.718000500226927,206.06836825609207,27.73518492227193,249.68160106407217,0.03299598368727816,0.0,1795490.805205703,0.13333333333333333,0.025348542458789335,0.21768707482817945,early,0
13,5,0.17,11.0,0.75,0.25,2.0,-0.18110894097222222,1.181286820100655,1.195089536329223,2.51953125,-2.85888671875,5.37841796875,-0.003768559821468158,1.8632623186619774,2.392194586130191,3.193699094688778,1.1717779448248065,2.8031208557590093,12854.150998592377,448.65327212104233,309.29898417721733,0.21664597488331436,440.0,59172097.706747055,4.533768988715278,1.2340108124731908,4.698706622926898,5.4443359375,1.3037109375,4.140625,-1.8244890072624746,4.860359715066231,1.158688203884387,1.2343922328957069,1.0363798055483462,1.200841055433119,198700.59535503387,0.25979442173557055,12.38295669046909,0.02611220033938395,0.0,1726632660.699773,0.6376822916666667,0.21419993865729256,0.6726963050486005,1.171875,0.0390625,1.1328125,-1.497362135748428,4.664468913075745,1.7420565435001063,1.9322151865459645,1.0549082416721423,1.8377098051998788,4072.6828694343567,23.77423113811665,228.4863564313255,0.04647302744696807,0.0,34795957.12423324,0.287694091796875,0.01547664376167498,0.28811007784691345,0.37353515625,0.250244140625,0.123291015625,1.1053920137087159,4.768243061722705,1.2965015283053738,1.2992917694863781,1.0014459318453113,1.298376181157152,747.0667526125908,1.5007591125090545,64.31733096952983,0.0022140523773807727,0.0,6713899.951310454,0.11941277398003472,0.02897164594516833,0.12287703958990485,0.2154541015625,0.015869140625,0.1995849609375,-2.229488720539051,9.073685538595553,1.7534122101233267,1.851208056299342,1.0290108461044571,1.8042801819235743,135.88890172541142,10.438316752981272,161.85283347298343,0.028799253780925283,0.0,1189006.8898383526,0.14034871419270833,0.02014131491717195,0.14178657955582125,0.3741455078125,0.0860595703125,0.2880859375,1.5070000918765347,11.948462037236421,2.6387935232090176,2.678792085072148,1.0102449485937461,2.6658278272226057,180.930907279253,13.241542975714566,185.58256423901025,0.013868338968344126,0.0,1611948.5393092036,0.2066666666666667,0.0811153358681259,0.3673469387725528,early,0
13,6,0.32,16.0,0.75,0.25,2.0,-0.17233968098958333,1.3852971789235682,1.3959760884689922,2.86376953125,-3.00537109375,5.869140625,-0.012640185647196696,1.804990721284875,2.152881498882925,2.8589844139241536,1.1661565146072577,2.5105967851015594,17538.743156194687,456.36432464042065,302.92617048830726,0.21639875288652813,443.0,80127236.5410626,5.318599175347222,1.377136277440468,5.493996861543219,6.2744140625,1.3427734375,4.931640625,-2.083244974883097,6.028508096509224,1.1420490802276189,1.210887297114257,1.0329781734649168,1.1797117729010287,271656.0136318207,0.2404569457740213,11.81276264202407,0.02472359289455286,0.0,2368095700.0906944,0.9309318033854167,0.3254782930770718,0.9861897088384102,2.1875,0.048828125,2.138671875,-0.9063965054767916,5.239721106051624,2.218133063439024,2.4821468039095467,1.0593576299047727,2.3497961849005597,8753.131276369095,28.78426694630833,238.87778404806275,0.05095674790018347,0.0,74487769.2579329,0.28256334092881946,0.02953195359102477,0.2841024074515362,1.939697265625,0.24169921875,1.697998046875,29.674525037754805,1352.790969863158,6.827458038873033,6.874756760454135,1.0054468018273433,6.864645849819438,726.4276012778282,6.707514709155844,126.6621890209373,0.008730135121092346,0.0,6502529.150374233,0.13758341471354166,0.02542178003214874,0.13991234007135092,0.3155517578125,0.0726318359375,0.242919921875,1.1152988147765788,6.827765202165427,2.2553532994253622,2.3122726858548424,1.0169273699278458,2.2935304990591154,176.17916613817215,16.723189040943865,208.3184958067764,0.019610277898614893,0.0,1559439.4116058946,0.16130126953125,0.03575188275176051,0.1652159092602422,0.4046630859375,0.08544921875,0.3192138671875,1.2973175725849708,5.714608375797868,2.4492985436265693,2.53728651725943,1.0242691191417406,2.508740861810719,245.6666700541973,20.828151542240892,231.08639483645135,0.02562389403303676,0.0,2159235.9034925704,0.29000000000000004,0.14448669201509926,0.537414965982068,middle,1
13,7,0.38,19.0,0.75,0.25,2.0,-0.1713774956597222,1.4798455676061035,1.4897359329700108,2.98583984375,-3.3154296875,6.30126953125,-0.008508705451156165,1.7519948993225876,2.2255150151933107,2.9024794873334456,1.1548510558967011,2.5701383652116827,19973.818349838257,458.93072703817563,303.2092128667063,0.22159589179143696,444.0,91071678.20761207,5.733721788194444,1.3250922610108433,5.884847920261536,6.640625,1.34765625,5.29296875,-2.2788157613444295,7.279453889224559,1.1284276314321044,1.1822790345082574,1.0263574232668962,1.1581700761400184,311682.91540145874,0.22943219506624618,12.196088214275889,0.021096342994608296,0.0,2734033526.488733,0.9401025390625,0.34359712456898406,1.000925455747746,2.3876953125,0.048828125,2.3388671875,0.07267402813199444,4.532872823706922,2.3854876492414467,2.6616749482735385,1.0646981729725313,2.539824341798444,9016.6659116745,48.4554253129781,292.91449611204894,0.05639111946952738,0.0,76368607.24995135,0.27942003038194446,0.017331642113882564,0.27995703098334657,0.87158203125,0.245361328125,0.626220703125,13.026297886258286,333.9851138721083,3.1132707336746024,3.121610439860814,1.0019218400329646,3.119253942015177,705.3834527730942,2.418645176037307,79.06373371763847,0.0032689321747031647,0.0,6336286.747503281,0.1383383517795139,0.03838222910232706,0.14356425419976956,0.28564453125,0.015869140625,0.269775390625,-1.28924858990526,6.7645752523516816,1.9896633242042003,2.130624760507244,1.0377762374062909,2.0648253183123106,185.4962557554245,17.4665467525312,213.74531439768046,0.036341161074160515,0.0,1609802.0835258067,0.16585184733072916,0.03287111160014406,0.16907792653343198,0.3228759765625,0.0860595703125,0.23681640625,0.9497522832065379,4.22422138131531,1.9096282003242315,1.965033899065205,1.0194515723135127,1.9467734713662759,257.2861071676016,10.490918330434903,158.55282790403894,0.02035859513812834,0.0,2271814.3212247645,0.39666666666666667,0.22560202788322511,0.551020408158829,middle,1
13,8,0.49,22.0,0.75,0.25,2.0,-0.16843532986111112,1.5241388975086874,1.5334176988819515,2.91259765625,-3.4228515625,6.33544921875,-0.0038067517420667437,1.8321404446592595,2.2321716809408447,2.9787126559425565,1.1690547048392992,2.609530805614644,21162.328553199768,461.2766232085366,301.9856373397692,0.24479856630187485,446.0,96379530.48701286,5.831290147569445,1.6114562480887176,6.049854215156316,7.0263671875,1.3330078125,5.693359375,-1.9224282667686923,5.404048714503127,1.1614109923336875,1.241649042756196,1.0374812540715255,1.204942132819008,329406.62422180176,0.25500785599237613,12.505186084886008,0.027128194898268038,0.0,2859489576.4023786,0.9320822482638889,0.3660745151648755,1.0013929639166956,2.34619140625,0.04638671875,2.2998046875,-0.2802102342338393,4.266229453151459,2.3429277923734575,2.6787583466543747,1.0743611583428734,2.5171506169305724,9025.09081363678,38.63772036495483,257.6533018098665,0.060696627311434735,0.0,75798394.61847542,0.27272284613715275,0.031619254152188726,0.2745496822767963,1.5771484375,0.238037109375,1.339111328125,23.942083732942613,764.4510417047356,5.744491941914547,5.793172962467279,1.0066985078973478,5.782971466574776,678.3977523446083,8.68047788255196,145.52797259657711,0.01060441517941135,0.0,6065088.9367476115,0.14956610785590277,0.030690958691255325,0.15268253195618642,0.44189453125,0.0762939453125,0.3656005859375,1.0241052647299753,6.990874336172968,2.8942048942043432,2.9846453565893256,1.0208364324240173,2.954509798923043,209.80760008096695,18.098618784509984,217.2590321796268,0.02321148923654359,0.0,1850120.050252974,0.19014112684461806,0.058911857114159014,0.19905842113907218,0.5096435546875,0.0897216796875,0.419921875,1.57142879416444,5.927823797183752,2.5602712599075486,2.7371875624023936,1.046898293080457,2.6803436118336283,356.618295237422,30.332891622889885,283.25110468233066,0.04034219744630633,0.0,3069005.8336127554,0.4766666666666666,0.2864385297843195,0.5850340136007323,middle,1
13,9,0.56,25.0,0.75,0.25,2.0,-0.16877360026041666,1.5899304331547581,1.5988631306076637,3.17138671875,-3.564453125,6.73583984375,-0.0014172973048597757,1.8848145101353164,2.229367265253696,3.0181858551954663,1.178034897577923,2.6262724379883546,23007.269793748856,464.0136082370551,297.83577351867854,0.25567346431558924,449.0,104686337.48534317,6.0392860243055555,1.8334833256742862,6.311468671307657,7.2802734375,1.30859375,5.9716796875,-1.7428948908020043,4.589178587661426,1.1534991008662434,1.2503090094943945,1.0450686796263065,1.2054857822926075,358511.7311000824,0.26821563963134964,12.549214754668123,0.030673060450020967,0.0,3090458309.220553,0.8648681640625,0.3622580531092255,0.9376714980478642,2.1337890625,0.07568359375,2.05810546875,0.015922810766802582,3.6407132986582678,2.2756253836658726,2.6243257566622775,1.084178533803701,2.4671841919519815,7913.050544261932,38.39846838330918,237.46196850520565,0.06261656123084416,0.0,65902603.73979807,0.27750569661458335,0.056131877019772666,0.28312576582025883,1.788330078125,0.240478515625,1.5478515625,15.23928240782675,291.8393052956756,6.316380541833121,6.47628490163149,1.0202520858966753,6.444300423145174,721.4417934417725,26.9855834553578,251.35621011132295,0.027262497453052297,0.0,6365369.448596239,0.14653795030381944,0.02119498337973513,0.1480628184241807,0.2325439453125,0.079345703125,0.1531982421875,-0.2733156131779586,3.686333532631157,1.570576244501312,1.5956416742845054,1.0104059604777418,1.586919598839591,197.30338379740715,10.162319272561628,160.43296169265867,0.01294589474610068,0.0,1757536.7510423064,0.1733858913845486,0.03363055803461057,0.17661733143984992,0.51025390625,0.09033203125,0.419921875,1.4123711224132358,9.335179386663985,2.8890364387647125,2.9688782717544417,1.018637272205244,2.9428801973015015,280.7431358844042,22.1020955468371,242.03066255888217,0.02213872957541805,0.0,2480882.146221772,0.5766666666666667,0.3624841571606876,0.5986394557774936,middle,1
13,10,0.68,29.0,0.75,0.25,2.0,-0.16092393663194443,1.8567351189562527,1.863695741087212,3.96484375,-4.22607421875,8.19091796875,-0.002408855637690598,1.8311850092945339,2.2675773333486267,3.03463215715873,1.1699651717722481,2.652986504319506,31260.256338119507,475.2102282594218,293.02151737615384,0.2799182394445646,458.0,141719968.40775013,7.08458984375,2.0591807156655646,7.377780050525673,8.4521484375,1.3134765625,7.138671875,-1.9064281639824032,5.361035474918607,1.1456221762665086,1.2351971474052563,1.0413842174693124,1.1930328535469505,489884.7462654114,0.27017774442738646,12.839747144715158,0.02932653273649173,0.0,4237233599.5704656,1.2296091037326389,0.40095852667963733,1.2933314687655633,1.99951171875,0.05126953125,1.9482421875,-1.7119377823437174,5.74167777906467,1.5460164443821298,1.717624894319793,1.0518232703697743,1.6261360725767198,15054.3565928936,14.21094516024931,173.21297361621433,0.04144037860445304,0.0,128978115.92925191,0.26736382378472223,0.026680959650488084,0.2686918083542164,1.512451171875,0.233154296875,1.279296875,28.837197239556186,1123.7951862377631,5.628944109362303,5.664276798394711,1.0049669568219466,5.656902831727709,649.7575908899307,6.395756624935911,124.63171978725231,0.008014550936366074,0.0,5818987.880933284,0.1625339084201389,0.027591023091727014,0.16485913969681604,0.286865234375,0.0787353515625,0.2081298828125,-0.472094883490674,3.6655211558737237,1.7400626674433641,1.7787749239226316,1.014306130322371,1.7649562307436075,244.60682347416878,13.636709616967346,186.37823185335802,0.016680775888477214,0.0,2170630.743987113,0.19335957845052085,0.03335509347389963,0.19621541437719847,0.341796875,0.0927734375,0.2490234375,-0.3222311869415871,3.456602058217576,1.7419471150273558,1.7817792501187422,1.0147695601559952,1.7676749077403238,346.5043995529413,19.277648851748946,232.1487461663162,0.016920560253641827,0.0,3073481.0293857004,0.6900000000000001,0.4486692015205714,0.6802721088380612,middle,1
13,11,0.83,32.0,0.75,0.25,2.0,-0.15550672743055555,2.0053952186692694,2.0114155029077727,4.34814453125,-4.287109375,8.63525390625,-0.002607457167091259,1.7758024874382958,2.1617336273693866,2.8371969835302573,1.158064695522528,2.5034273949815833,36412.13092803955,479.7115696642967,284.8060034624497,0.2643806875251596,463.0,164834186.53230664,7.725205620659723,1.942533640843567,7.965691359027258,8.9501953125,1.34765625,7.6025390625,-2.231434248633067,7.046702634093955,1.1235930328076185,1.1891087500768096,1.031130011313015,1.1585704966302899,571070.1494455338,0.2503648846015427,12.711581810503247,0.02401062734127435,0.0,4986807154.529119,1.149814453125,0.30957644198634104,1.1907606182806287,2.09716796875,0.05126953125,2.0458984375,-1.9624606132195528,8.036200172153746,1.7612003089054087,1.8905689111607067,1.0356111066818723,1.8239186009955173,12761.197650432587,18.93466906981728,209.50579690908924,0.03469406110704483,0.0,110969359.07554625,0.27000434027777775,0.01923792411624278,0.27068882779520165,1.009521484375,0.23681640625,0.772705078125,18.677600483089783,565.1351284423333,3.7294538256121035,3.7421963908213027,1.0025350981977446,3.738908357297796,659.4519734382629,3.229683842480372,90.3090174428195,0.00429847074439803,0.0,5920079.3567210445,0.1779562038845486,0.04156189290917414,0.18274518172360302,0.447998046875,0.0799560546875,0.3680419921875,1.1925354119431695,6.212435036724493,2.451490335598194,2.5500111133668724,1.0269109912073333,2.5174623704781154,300.56221298873425,20.506684139600594,232.24460456463768,0.028891870539867102,0.0,2635101.223299279,0.20086432562934028,0.054790979403384954,0.208203094920589,0.438232421875,0.0921630859375,0.3460693359375,1.3781637630917225,4.873391110301724,2.1048314485432695,2.2183947712705843,1.0365359516540262,2.1817334685975993,390.1367586106062,11.801541863776203,171.13130629760957,0.03162917997032104,0.0,3389648.001985625,0.81,0.5399239543722131,0.741496598633486,middle,1
13,12,0.92,35.0,0.75,0.25,2.0,-0.15931613498263889,2.088891572836251,2.0949581461050992,4.1552734375,-4.716796875,8.8720703125,-0.003209212527464325,1.8267512305405869,2.2514993360450255,3.005936896601454,1.168314391264227,2.630459076224511,39499.64670538902,485.25819100824805,291.6675717096391,0.2734672232360895,467.0,178787053.97258392,7.952958441840278,2.27144939321127,8.270975173675616,9.345703125,1.30859375,8.037109375,-1.9865102694754395,5.744948473608424,1.1299396901521161,1.2161262764833944,1.0399872241455734,1.1751228418133506,615681.2729120255,0.2776169970574054,13.249558080591278,0.028778045957085593,0.0,5332172427.533747,1.0149378797743056,0.3122580101012391,1.0618869830039108,1.923828125,0.0537109375,1.8701171875,-1.5956381728461324,6.329540175801224,1.8117070420770973,1.9848841786009443,1.0462581052142808,1.8955131770487381,10148.435682058334,25.688028646563716,240.49061581451016,0.04268439799075924,0.0,87386969.72959639,0.2679132758246528,0.017435413707225043,0.26848001231793506,0.904541015625,0.230712890625,0.673828125,12.32149116999236,336.6504482606662,3.369118646160035,3.379091379592758,1.0021153729337813,3.376245588567395,648.7336531281471,2.0822739553698373,73.46187512637022,0.003412043043672937,0.0,5826291.3731232295,0.18195841471354166,0.046497734563187114,0.18780549513944958,0.504150390625,0.0811767578125,0.4229736328125,1.218387773708599,6.893249126640637,2.684428324357459,2.8138087003376624,1.0321341578738246,2.770690167948081,317.4381360411644,22.086216678201758,239.2733373542342,0.03336491725772302,0.0,2769381.1677046116,0.21446845160590278,0.07749362215297385,0.228039422487914,0.6317138671875,0.0958251953125,0.535888671875,1.540083832240454,5.048753576966918,2.770195873558706,3.0289607198407977,1.063277236252376,2.9454862123281536,468.0178038775921,26.714772305238576,271.5221487396523,0.04741804330996973,0.0,3968947.4937655022,0.94,0.6387832699614914,0.829931972782434,late,2
13,13,1.07,38.0,0.75,0.25,2.0,-0.16284695095486112,2.145964542309429,2.152134509338255,4.25537109375,-4.70703125,8.96240234375,-0.0034853927230993637,1.8216004537092703,2.18714547328417,2.9372684449101625,1.1704488197107596,2.559941837742377,41685.14651656151,489.91619690918566,297.3380902871244,0.274802170688366,470.0,188657963.20832375,8.155044487847222,2.443110683797965,8.513139280668156,9.86328125,1.328125,8.53515625,-1.8882634971071306,5.306348795937803,1.1585950757785228,1.2562559016580856,1.043910832534823,1.209469950126846,652261.8637084961,0.27434363145312496,12.846740868209698,0.030684757418170425,0.0,5628620791.418171,0.8613967556423611,0.3203641742158231,0.9190416610536063,1.96533203125,0.05126953125,1.9140625,-0.6864008301244564,4.042421905309581,2.1384580422554174,2.416814128095773,1.0669202722585034,2.2815642366590185,7601.7381727695465,35.71107371426884,264.3221817393363,0.05422856433013314,0.0,64259002.84677148,0.2656479220920139,0.02474470596334618,0.2667978991390621,1.317138671875,0.234375,1.082763671875,20.93624004503933,676.3266454302889,4.9368404928238805,4.964887130634426,1.0043289517832013,4.958211837297254,640.6300708651543,5.130187330534466,113.6637064230361,0.007039980487388156,0.0,5740874.387909473,0.19133870442708334,0.056654258700748174,0.19955000586511157,0.5804443359375,0.0799560546875,0.50048828125,1.592649379759221,7.88433769961585,2.9087663185885857,3.0941513364235904,1.0429150048944464,3.0335960394028176,358.38184356689453,24.053901764083268,254.10427455677953,0.04125304186897488,0.0,3095443.5813456774,0.22461846245659722,0.07396762704574583,0.23648396040142833,0.615234375,0.0958251953125,0.5194091796875,1.406180631298036,5.358354429001359,2.6015902894769116,2.8061601941241388,1.05282512316222,2.739019616947748,503.32197174429893,31.726271985468248,296.15144597110265,0.04548780109445303,0.0,4308313.822560011,1.0966666666666667,0.7579214195178013,0.9999999999919489,late,2
13,14,1.3,42.0,0.75,0.25,2.0,-0.1576803927951389,2.4117894759749685,2.4169384730885564,4.86083984375,-5.0,9.86083984375,-0.005166694314825417,1.8488949016773406,2.06873284350037,2.816690273079799,1.1785051734602816,2.4380123585733937,52574.32424426079,498.0298712574389,273.3081743814717,0.2934323392012829,483.0,237591637.11891767,8.541151801215278,2.716872687221616,8.962849507270207,9.9951171875,1.3330078125,8.662109375,-1.8258706605838197,4.919555678246141,1.1151718188943545,1.2225747217825043,1.049372463558589,1.170230598884412,722994.0416097641,0.2665071264894337,12.57342034823217,0.0332307693042971,0.0,6207999797.156359,0.9783062065972222,0.370151361833824,1.0459899925592413,1.84814453125,0.05126953125,1.796875,-0.9997969713683877,3.822194364938454,1.766885481118559,2.014924962137748,1.069184663763271,1.8891268590397579,9846.855580806732,36.26510169531513,290.60340826985686,0.056582408601142685,0.0,83072716.44850968,0.2685320366753472,0.01767877983582816,0.26911334782484075,1.044921875,0.234375,0.810546875,19.377730376667706,711.0829613756729,3.8828318381154068,3.894285857128844,1.0021647739155766,3.891237291211588,651.7979457974434,2.8158655046578236,83.86836754288187,0.0036985175735533976,0.0,5853523.703600464,0.18940999348958334,0.0425489649803154,0.19413026568420522,0.3912353515625,0.0823974609375,0.308837890625,0.2135613898966994,4.390080654478419,2.015323835165988,2.093079834323827,1.0249209247444304,2.0655475688084564,339.17904049158096,16.275743770599835,204.79096865959932,0.02614283637932835,0.0,2979289.5994514236,0.19935709635416668,0.03571556109372632,0.2025311165500358,0.3778076171875,0.0927734375,0.2850341796875,-0.3273743943625294,4.15452303106968,1.865429982420979,1.9116174717222632,1.0159212802197641,1.8951300159108104,369.1696785390377,13.560236858767624,194.51228878921978,0.017215513064917407,0.0,3270865.254700185,1.3,0.9125475285164163,0.9693877550942366,late,2
13,15,1.53,45.0,0.75,0.25,2.0,-0.1581857638888889,2.4518063075096643,2.4569039267829105,4.7998046875,-5.1513671875,9.951171875,-0.0070746794034828985,1.7804862176152325,2.0966905263744455,2.775041599457017,1.1620281114740874,2.436413332709499,54327.39214897156,496.8263674289836,269.591944607139,0.27641730020483424,482.0,245487033.60366815,8.870221354166667,2.3462708472900378,9.175282761896629,9.9951171875,1.3134765625,8.681640625,-2.23638252189419,6.940338652510249,1.0893524970158863,1.1612969601763898,1.0343916341597978,1.126817109564442,757672.323846817,0.2397506900691885,12.223421522462866,0.025984919082151416,0.0,6596098955.625535,0.7196893988715278,0.25608249621549234,0.7638920576338117,1.748046875,0.0537109375,1.6943359375,-0.3953899972992246,3.852947570704797,2.2883427802775715,2.5436880198292346,1.0614190772165495,2.428890682200553,5251.779681444168,59.57976741421048,400.2786921661451,0.0557993819911067,0.0,44610105.8738768,0.2671567111545139,0.02597656758165925,0.2684166358075089,1.812744140625,0.234375,1.578369140625,31.768284418473293,1603.822760988128,6.753471651132048,6.794141814488469,1.004716050914632,6.785321367314588,648.4274134039879,5.46513304293948,115.19998306735206,0.0077573526310058686,0.0,5808518.310840427,0.195482177734375,0.05337777371629402,0.20263876366253736,0.526123046875,0.0830078125,0.443115234375,1.4178562005702715,6.857329165918301,2.5963593409431667,2.737891705315926,1.0366099150831551,2.691411835953735,369.562216848135,24.002975912918416,251.6546696269389,0.03705996385761381,0.0,3210668.7012590463,0.2162403021918403,0.07796931435185225,0.2298675320103219,0.615234375,0.0958251953125,0.5194091796875,1.550637157134752,4.961728352540794,2.6764735742222925,2.924988050739988,1.063018917747021,2.8451420422606604,475.5517404526472,20.538342015710068,232.2425929079328,0.047567688439977454,0.0,4033757.4986506244,1.415,0.9999999999992395,0.9744897959105218,late,2
14,1,,1.0,0.75,0.5,2.0,-0.1638544379340278,1.2539823922765414,1.264642288147235,2.87353515625,-3.1884765625,6.06201171875,-0.004203046161089761,2.2257980885702704,2.5212477808003384,3.5900243896474366,1.2166695846578528,3.067525490288307,14393.881052732468,453.0933217255977,288.00999895397024,0.26038172284268346,445.0,65859905.09126783,4.688118489583333,1.7443356741601501,5.002115744014812,6.1328125,1.2744140625,4.8583984375,-1.0892317309835737,2.4598880682373814,1.2260437010752652,1.3747237692115932,1.066977243669948,1.3081607287924497,225190.45724868774,0.1800332274443356,6.995874385307842,0.03550431370625042,0.0,1903484484.0003965,0.7783344184027777,0.4039725382269254,0.8769254691887418,3.3349609375,0.04638671875,3.28857421875,0.9970250198145622,6.946207239472293,3.8030152557678867,4.687131738169519,1.1266692676743713,4.284740413175352,6920.984506607056,76.7257602459625,434.3931480547226,0.10024944981442659,0.0,55679526.78933144,0.31564643012152777,0.01625809693056988,0.31606485816089763,0.40771484375,0.274658203125,0.133056640625,0.9459614283694135,4.374180421616941,1.2899720839611868,1.292521211259597,1.0013256225904645,1.291682100100841,899.0729510784149,1.9100759779420473,73.53040304785775,0.0022903048891964564,0.0,8080951.532799006,0.1370743136935764,0.026593643721773808,0.13963018785694453,0.2801513671875,0.0787353515625,0.201416015625,1.1568590626345512,5.779053014908589,2.006381080519045,2.0619660037289216,1.0186459015805327,2.043791864694083,175.4693042486906,19.033658356251085,212.5904546151301,0.02213525685878275,0.0,1550581.6953066734,0.14377427842881946,0.021105078649134558,0.14531506282045867,0.245361328125,0.0909423828125,0.1544189453125,0.864949321978713,4.587464331428127,1.6884782854648948,1.7154542621364863,1.0107166901302955,1.7065731840536986,190.04820734262466,11.297848042415692,162.03471067725408,0.013655344354521742,0.0,1692394.4096162915,0.09,0.0,0.0,early,0
14,2,0.09,3.0,0.75,0.5,2.0,-0.16569363064236112,1.4406641253649208,1.4501611984013776,3.32275390625,-3.75,7.07275390625,0.00011579430955716078,2.167577310937834,2.5859194164975055,3.661617302238196,1.211901726599867,3.1338802057036093,18926.707512140274,461.73156472741175,292.35363258871547,0.2619103152463818,449.0,86282104.95439172,5.390300021701389,2.0122304697280664,5.753642827570723,6.9970703125,1.318359375,5.6787109375,-1.0933949944143628,2.4825610166695644,1.2161113440983362,1.3649981903642803,1.0674067870815067,1.2980855025376035,297939.65208530426,0.16664576437973758,6.535518581253474,0.035647249877757095,0.0,2517469474.507452,0.7110734049479167,0.3466035836000822,0.7910495758096601,2.82470703125,0.048828125,2.77587890625,0.9175979849691567,6.903884039305497,3.570834392212735,4.289868012915128,1.1124724540450066,3.9724548992982323,5631.8348824977875,66.3772029274042,405.3823046182289,0.08951653130863235,0.0,45821085.70743203,0.30787760416666665,0.02215360903666808,0.3086736165284559,1.212158203125,0.264892578125,0.947265625,16.57123525616521,533.5933698359064,3.926989992710722,3.940875868086482,1.0025854831595862,3.9371431592174937,857.514613866806,3.305047627807765,91.13596131608692,0.004386679845848703,0.0,7697754.907634852,0.15074354383680555,0.03590630783887791,0.15496089490932602,0.341796875,0.0811767578125,0.2606201171875,1.3719457360074703,6.2749378201087405,2.2056976064689975,2.2971065086956775,1.027976993005141,2.2674063929912696,216.11591055989265,26.30402631715422,252.98818514149178,0.03095308106320055,0.0,1892828.0459888277,0.16302605523003472,0.04399960852031791,0.1688592912273635,0.4705810546875,0.09033203125,0.3802490234375,2.566474018315991,12.133913358833238,2.7868235811264372,2.9294067523784206,1.0357810043803253,2.88653892790701,256.6211421042681,31.378984222259167,272.39087068833,0.037459620926787035,0.0,2231183.7137509137,0.11666666666666665,0.03013182674196218,0.06758832565251104,early,0
14,3,0.17,6.0,0.75,0.5,2.0,-0.17068060980902777,1.6082626126596293,1.6172941914950285,3.80615234375,-4.169921875,7.97607421875,0.004223795535931708,2.1293083571885787,2.578332313889498,3.659536345805958,1.2111120380492761,3.1226493034449465,23540.764516592026,467.49806330239295,291.81118274854305,0.2506213722451489,452.0,107113495.94858287,5.992028537326389,2.26156614797825,6.404614542173089,7.8564453125,1.279296875,6.5771484375,-1.1160336613001662,2.557995585836358,1.2266851128613085,1.381776362181633,1.0688558143999969,1.3111495153199308,369171.786904335,0.16364518511854664,6.236332856134944,0.036525240243966806,0.0,3115401483.770967,1.1541617838541667,0.5114931168832145,1.262424109373842,3.56689453125,0.05126953125,3.515625,-0.12455140950384215,4.012772001035491,2.825432835734056,3.3429145902842072,1.093801689705107,3.090463209876651,14343.431687355042,38.7218623537538,297.0715094137658,0.07010461888509814,0.0,118495072.62852193,0.30710218641493053,0.07336419810644929,0.3157436594211087,2.42919921875,0.262451171875,2.166748046875,12.145351643561112,207.22073423266005,7.693580365781702,7.968014698249873,1.0281387544192682,7.910068134324389,897.2465261816978,36.29696495990938,294.7068498929056,0.03774263074804869,0.0,7857235.782755911,0.15668124728732638,0.03623066046300597,0.16081565225157016,0.364990234375,0.0799560546875,0.2850341796875,1.0822987111152067,6.216865274497934,2.2696188415898844,2.359351979493528,1.0263873631005478,2.329508098077247,232.75506608188152,24.973761950855828,251.14144164294385,0.029427223235809645,0.0,2041633.004644886,0.18722249348958334,0.05234612934910738,0.19440262170631997,0.48095703125,0.0921630859375,0.3887939453125,1.5164890251132026,6.297551144088784,2.4740254376512363,2.614097296001826,1.0383507776329117,2.5689062370819804,340.131413936615,27.507044682676018,253.9311184783761,0.039084820594764154,0.0,2950207.994157075,0.16666666666666666,0.0866290018831413,0.19354838709582714,early,0
14,4,0.24,9.0,0.75,0.5,2.0,-0.16806287977430556,1.6808155450219338,1.689196858849025,3.7353515625,-4.22119140625,7.95654296875,-0.0022050847772198084,2.091793453837036,2.4989339662422245,3.518802303709265,1.2057251006920804,3.01302740807205,25680.474251508713,470.0342292280813,291.22743064560626,0.32425385141274543,455.0,116706062.07790968,6.275583767361111,2.3381901338856843,6.697020585556434,8.3154296875,1.30859375,7.0068359375,-1.1100417937585194,2.6319130919357865,1.241661061253533,1.394543730020932,1.0671549984538682,1.3250448079024402,403650.7625102997,0.1500364457250523,5.967229307574471,0.03545218437047885,0.0,3411437971.9559193,1.0667222764756945,0.441017339787537,1.1542931642883292,2.8857421875,0.048828125,2.8369140625,-0.5811310150155651,3.5895264731635286,2.5000080367596067,2.9064263951167817,1.0820934274484966,2.705242265148333,11991.534382104874,32.40183268418888,267.05542240672776,0.06308746660541402,0.0,100046709.58493352,0.3032956271701389,0.09972012535009636,0.31926844639012925,2.041015625,0.25390625,1.787109375,10.780327716872852,139.4295222266422,6.392788413859081,6.811468200828561,1.052664192253512,6.729459451943657,917.3910677433014,69.27457208540312,397.92909131657046,0.06181404842310696,0.0,7853788.466340302,0.16135206434461805,0.03821166694870316,0.16581501789424377,0.382080078125,0.0811767578125,0.3009033203125,1.1471668016623393,6.3144795846279225,2.304254964205866,2.3996300302095523,1.027659723888416,2.3679900202985933,247.4515814334154,25.768829455414203,257.8392145342771,0.030281762550523863,0.0,2167929.921332374,0.1911105685763889,0.05635531018219204,0.19924650663768667,0.5340576171875,0.0933837890625,0.440673828125,1.6185922165006579,6.8940961822441365,2.6803863525495046,2.848571283882791,1.042571889774914,2.7944954649184517,357.29253366589546,26.0939437906359,249.9759402869012,0.04095121864831205,0.0,3087008.050761371,0.23500000000000001,0.16384180790941943,0.2549923195072007,middle,1
14,5,,11.0,0.75,0.5,2.0,-0.17328423394097223,1.6445385850616552,1.6536428222228343,3.62060546875,-3.92822265625,7.548828125,0.0031805094828334145,2.049815304537642,2.3754964515053434,3.331327597908406,1.2031062340866552,2.8579745898585345,24610.8112514019,468.07756487424507,290.3259394125443,0.28668207770596904,453.0,111964763.65521544,6.139801432291667,2.3119942014943975,6.560676704099548,8.1103515625,1.26953125,6.8408203125,-1.126087260845784,2.6343218378498086,1.236206557386203,1.3924351244122883,1.0685486780717797,1.3209468827188942,387382.30934143066,0.14850192136532306,5.603410848596975,0.036241201490767684,0.0,3269955438.0574236,1.0687152777777778,0.43582722135312657,1.1541653745577451,2.9443359375,0.048828125,2.8955078125,-0.4725867407509301,3.52916329524439,2.5510520436689275,2.945757175512151,1.0799559045853326,2.7550237174671253,11988.879406452179,32.0705249119712,261.5155768265061,0.06201715566553615,0.0,100207127.31786965,0.3003125,0.0451764429944335,0.30369146951779746,1.832275390625,0.257568359375,1.57470703125,16.829187321176846,387.7023982207174,6.0333449389548575,6.120038845280738,1.0112515113982476,6.101229188325158,830.0565779209137,15.080211265332986,191.30457460096574,0.017144593793961667,0.0,7387853.443944454,0.1608959282769097,0.03601172340788392,0.16487675384630307,0.4095458984375,0.0823974609375,0.3271484375,0.7826423261193254,5.027357992461696,2.483951732921621,2.5767790266325967,1.024741617833345,2.5454087174294813,244.6590956300497,23.21291257435856,243.67874005567054,0.02771755752986365,0.0,2149409.76701267,0.19243279351128473,0.05554082209169044,0.20028770041412317,0.5426025390625,0.0933837890625,0.44921875,1.6880515785604433,7.447173725230446,2.709115626860178,2.871820036681376,1.0408189620826607,2.8196989149246057,361.03646643459797,30.375025237903518,274.3786483312502,0.04066859445458068,0.0,3124394.4909293205,0.295,0.2316384180788343,0.3840245775710854,middle,1
14,6,0.35,12.0,0.75,0.5,2.0,-0.1639990234375,1.8588832873814514,1.866103629436084,3.974609375,-4.55078125,8.525390625,0.00031169134927298923,2.0990150617264884,2.438654090916032,3.4740976847413205,1.212860562654086,2.9577473728286927,31341.084802150726,479.1482515652787,285.8365990872315,0.2636103286036489,463.0,142124197.43643993,6.8714404296875,2.776214997869438,7.411077067008488,9.0869140625,1.318359375,7.7685546875,-1.0314805892015588,2.359958562306697,1.2261259706703798,1.4057847811390194,1.0785332628350315,1.3224176437940733,494316.56963825226,0.15212883202782437,5.5395485155889705,0.03944176296779378,0.0,4136700653.3527617,0.8812201605902777,0.4070094626513134,0.9706727945700683,3.02978515625,0.0439453125,2.98583984375,0.24889720507166208,4.622316038423984,3.121324892585287,3.705844651986084,1.1015099721717327,3.4381704955740986,8479.851067066193,43.14784430145774,321.9703304929326,0.07349041514487857,0.0,69609564.72421886,0.28652737087673613,0.07599413699998633,0.29643387647147784,1.768798828125,0.247802734375,1.52099609375,9.989683212324241,126.01970520182368,5.96692540398372,6.229394239154881,1.0345743778801815,6.173228137704732,790.8573880791664,45.397673218535246,326.5075367740357,0.044234658091545385,0.0,6883848.275543748,0.16933797200520834,0.0437966188714461,0.17490995565549558,0.38818359375,0.0714111328125,0.3167724609375,0.4134656040498583,4.212627453268682,2.2193338983651163,2.3321376034967205,1.0329045138740822,2.2923600014281984,275.34143328666687,31.70781640526352,290.2822341503293,0.03371925834517987,0.0,2400388.208628446,0.20961751302083334,0.06997587327474704,0.22098896942065385,0.574951171875,0.0762939453125,0.4986572265625,1.1823369457958381,5.130184062330922,2.601718870311464,2.814757864711415,1.0542485989595538,2.7428584739249064,439.5251214504242,42.35064502688737,330.7295966613687,0.0502421552831077,0.0,3757412.9824996,0.415,0.36723163841766415,0.5745007680463438,middle,1
14,8,0.6,18.0,0.75,0.5,2.0,-0.16773817274305555,2.2304986158914546,2.2367968548996293,4.970703125,-5.0390625,10.009765625,-0.012405813378563306,2.065787538840435,2.25280292618431,3.2226374653790733,1.2132968428664768,2.733318677941006,45029.341530799866,491.9157038382975,261.99475730602603,0.26472845236830217,479.0,203771621.86090946,7.902601453993055,3.1562917834289337,8.509599729881197,9.9951171875,1.3330078125,8.662109375,-1.1100660791915906,2.529817841067979,1.1745696043024538,1.3448605690527171,1.0768099314410393,1.2647882150818026,651719.5880651474,0.12646737056546367,2.535686742134206,0.03950142236051477,0.0,5462008090.85667,0.9440549045138888,0.4137786166740529,1.0307533198362355,2.68798828125,0.0537109375,2.63427734375,-0.06989651698877346,3.9947970734735865,2.6077900788856594,3.056918527146587,1.0918362003170752,2.847279610957847,9562.071657180786,40.668625254771506,316.88670329801596,0.07436136492971818,0.0,79124538.3684635,0.27999226888020834,0.05411969728112552,0.28517470481528956,1.82373046875,0.245361328125,1.578369140625,13.185680839929766,227.71828249986373,6.395134063257304,6.545726970177709,1.0185092108249603,6.513502947910858,731.9215103983879,21.605140079484602,233.02941858945434,0.02591567497737223,0.0,6468671.467615663,0.2076653374565972,0.07636183567619512,0.22126007847960424,0.9124755859375,0.0653076171875,0.84716796875,1.1860657628335243,7.7352625667919455,4.123995581143609,4.543027906911412,1.0654646615002994,4.393971555911764,440.6042009592056,43.42196424895088,341.49954992403906,0.0604635317661869,0.0,3729277.105416357,0.2785567220052083,0.1503542102907523,0.31654420848665465,1.0906982421875,0.0823974609375,1.00830078125,1.8494191993769897,6.9591859257198925,3.4456427031108916,4.157639962017033,1.1363725355714076,3.9155337352196127,901.8021233379841,54.84666895094496,377.0382408080814,0.09544405834673134,0.0,7200660.72225943,0.5866666666666667,0.5612052730690459,0.949308755755723,late,2
14,9,0.81,21.0,0.75,0.5,2.0,-0.15650227864583333,2.4144963795861525,2.4195631279749605,5.1611328125,-5.4296875,10.5908203125,-0.004687929438924047,2.0510399745688552,2.2440776341893183,3.217660116408599,1.2136826397242029,2.7235980668100614,52688.57157230377,501.090664797931,263.90063990874205,0.26522669630670365,487.0,238090562.67082685,8.0061865234375,3.13947803267527,8.599729354213586,9.9951171875,1.3330078125,8.662109375,-1.202138117002636,2.7407779051893044,1.1622595055972962,1.3263374888917754,1.0741355237025094,1.2484242227231166,665598.1046915054,0.12642693750434764,2.231517572455254,0.03910853480180613,0.0,5591201888.418795,0.8524131944444444,0.3863298626553868,0.9358733978708403,3.12744140625,0.05126953125,3.076171875,-0.18889161931435003,3.942843367155304,3.3417355524387666,3.9711246109493055,1.0979105015844959,3.6689265565447093,7882.731151580811,34.041273224228725,288.4897475176079,0.0750179767894441,0.0,64899933.9779973,0.2790077039930556,0.07010019315774384,0.2876792240816662,1.802978515625,0.2392578125,1.563720703125,11.727253072474486,174.53143241362412,6.2673226451240165,6.512868132318717,1.0310798589554193,6.4621101489850385,744.8340237140656,35.383950517728564,294.34206305230947,0.03989701485200563,0.0,6504491.490221024,0.21581780327690972,0.08559865648387634,0.2321733279322058,1.102294921875,0.0726318359375,1.0296630859375,1.5484164152540452,8.493738478274407,4.74772417524256,5.296121951322983,1.0757839455590925,5.1075254456907295,485.1400878280401,44.09956933842841,343.8327444383956,0.06679643575436707,0.0,4069512.706005946,0.2898803032769097,0.14078894796291608,0.3222609472095833,0.88623046875,0.0823974609375,0.8038330078125,1.3343971682183668,4.790362840406994,2.7500399177157746,3.2242406448124514,1.111703498187078,3.057228996688217,934.6690628677607,57.78501885679371,392.18360771441087,0.08320764954498629,0.0,7609251.037972049,0.85,0.8587570621459224,0.9585253456174291,late,2
14,10,1.14,24.0,0.75,0.5,2.0,-0.1570236545138889,2.6110419527168083,2.615759260123932,5.6201171875,-5.634765625,11.2548828125,0.0008237165467844663,2.0696039623636886,2.1541606335480874,3.1086448190089766,1.2173996014167792,2.622474296670161,61579.768562316895,510.07184259876635,263.4762134002434,0.2807548586220837,496.0,278118523.0562687,8.065295681423612,3.086984639016233,8.635882617909564,9.9951171875,1.34765625,8.6474609375,-1.2242877118401152,2.791033048929081,1.1573938217699282,1.311987212631478,1.0707459415033085,1.2392747373812978,671206.2173128128,0.12076115228898843,2.2707967180809705,0.03805059311776186,0.0,5654912252.320981,0.9540855577256945,0.3836449781735289,1.0283300641032125,2.5048828125,0.07080078125,2.43408203125,-0.41152425165431666,3.4017996950556157,2.435874336399982,2.7875513417508806,1.077817451249782,2.6254278688259363,9517.164486646652,27.062833191583227,237.3763967730523,0.05751477895495706,0.0,79693550.41237475,0.27281778971354165,0.030692369096681785,0.2745388276818949,1.29150390625,0.23681640625,1.0546875,15.116697844195434,340.71076560426167,4.704266850522678,4.7434215062570715,1.0063083788236613,4.733943147920609,678.3441111445427,8.794611007026031,146.45573483434904,0.010019109624270852,0.0,6066945.190937817,0.19975558810763888,0.058484466024791563,0.20814112459202694,0.4443359375,0.0738525390625,0.3704833984375,0.05266089350400376,3.346226340981544,2.1347820540933404,2.277204419224183,1.041978983230384,2.224398034153337,389.90454971790314,34.794521016819665,303.1257609404585,0.041383557159077454,0.0,3370614.20320645,0.245531005859375,0.0690359093838392,0.25505182144570165,0.576171875,0.086669921875,0.489501953125,-0.020035544620705645,3.251377437304928,2.259038464151502,2.3981398364451354,1.0387764288748966,2.3466359084915287,585.4628846049309,31.77542987922085,292.9812372976091,0.037359943120197366,0.0,5076144.718684254,0.9749999999999999,0.9999999999988701,0.9999999999951059,late,2
15,1,,1.0,1.5,0.25,2.0,-0.17516927083333333,1.464581194482203,1.475019440100773,2.91015625,-3.3056640625,6.2158203125,-0.00030973891761921444,1.8913376183255273,2.2410986408910762,3.0247537758508383,1.1770076436569976,2.637790230519894,19581.141138076782,462.4601078559676,313.92046969271007,0.2731455707553389,446.0,89357851.36985776,5.584794921875,1.6269734757832677,5.816955991779813,6.9091796875,1.3037109375,5.60546875,-1.7902805559529078,4.856497792971309,1.1877655078124136,1.2789233166044618,1.0415702050212128,1.2371411634895133,304532.79309272766,0.2899295391376363,12.988417650207891,0.029378623923799488,0.0,2633589912.2523303,0.6995071072048611,0.3587251574781965,0.7861259006278002,3.45947265625,0.05126953125,3.408203125,1.6534217997374583,9.771734643251397,4.400659809685528,5.3325788072137135,1.1238283250157852,4.9455861428894625,5561.9453847408295,99.23203153008009,482.5916521151738,0.10592902229302106,0.0,44845824.16294217,0.28108805338541665,0.027211230835459333,0.28240209779600345,1.47705078125,0.244140625,1.23291015625,27.571442336822525,1045.4559485279758,5.230310938808023,5.261534068141898,1.0046748497268234,5.254761856490118,717.7585035562515,4.676333213449675,102.77038710873656,0.007616983176708646,0.0,6429839.343169333,0.14579481336805555,0.03692531471359221,0.1503981598016544,0.3680419921875,0.0762939453125,0.291748046875,1.5633269636742588,6.721283950984402,2.4471176553651177,2.560833231034882,1.031574144005701,2.5243833006312943,203.57645824551582,33.18714558520782,289.7188683866588,0.03229744571156791,0.0,1776967.3315562306,0.15213663736979166,0.035362311144154786,0.15619234769873813,0.3851318359375,0.0848388671875,0.30029296875,2.0757305692727286,9.180485617753469,2.465753550730102,2.5609957603770424,1.026658340804929,2.5314864492426365,219.56444531679153,21.151338333036104,224.40119318579193,0.02698114482114915,0.0,1925435.0601270797,0.15,0.0,0.0,early,0
15,2,0.15,3.0,1.5,0.25,2.0,-0.16262369791666667,1.7675322014949162,1.774997619842223,3.53515625,-3.9794921875,7.5146484375,-0.0028020881230844384,1.8277528403033128,2.2419704359104937,3.004722810171035,1.1704863698842591,2.6241958369181826,28355.54895401001,472.411213042105,302.627965799804,0.2979720741653155,454.0,128671052.38323207,6.7273529730902775,1.9589762455681334,7.006772863112292,8.1640625,1.3330078125,6.8310546875,-1.892850404288908,5.2784899510731655,1.165167283069669,1.2562576339976357,1.0415348936110034,1.213562382211163,441853.7935972214,0.28421277181127574,13.401083605632243,0.029508848171209974,0.0,3821261835.8084927,0.8685983615451389,0.41052026248016266,0.9607236853464588,3.46923828125,0.048828125,3.42041015625,1.1897790465527107,7.612319623810532,3.611067712976497,4.2887298437198265,1.1060620510915231,3.9940649612493178,8306.909996271133,71.31353620090768,440.65614045716484,0.08764175338851908,0.0,67936851.1226237,0.2733629014756944,0.027367271082509324,0.2747294003737383,1.524658203125,0.242919921875,1.28173828125,21.807121352710343,748.0528027251328,5.549672517922455,5.585817968908926,1.0049988454529204,5.57741447317417,679.286190867424,6.200285863081825,124.77334976043822,0.007980703386886692,0.0,6083242.605510354,0.18176099989149305,0.060398569949273936,0.19153341309931454,0.4833984375,0.0787353515625,0.4046630859375,1.2079935773798123,4.466782657452627,2.5238334642260187,2.7273599461078963,1.053765181818991,2.65952782932487,330.1654350012541,40.13063919631047,326.3110019099236,0.04738999720554355,0.0,2823745.452967658,0.17174153645833334,0.04374591720543463,0.17722545138104115,0.3515625,0.0885009765625,0.2630615234375,1.0983528234850521,3.915663345196096,1.983702099548581,2.077954031861169,1.0319312091574675,2.0470441062069247,282.679745554924,14.963773546138315,195.2769943378681,0.028875725621872468,0.0,2466612.7615459273,0.19333333333333336,0.09027777777758977,0.20805369127396123,early,0
15,3,0.28,6.0,1.5,0.25,2.0,-0.16101236979166667,1.8969575144602275,1.9037785572101218,3.8916015625,-4.1064453125,7.998046875,-0.00019113857070755458,1.8778301571180391,2.156997355047219,2.9307171999285515,1.1787769887947146,2.54261884702206,32619.355154037476,480.374570909615,305.84038448081935,0.3117794080107001,460.0,147844064.4846439,7.190436740451389,2.2587554753993815,7.536866511759372,8.8720703125,1.3037109375,7.568359375,-1.7655037943797887,4.743867945198209,1.1771563551850366,1.2856347656713065,1.0481792391494131,1.2338708527379116,511239.21134471893,0.2989623797252023,13.4338150512734,0.03277396254039764,0.0,4394522867.839073,0.8777463107638889,0.41355210876804976,0.9702906434291316,3.26416015625,0.05126953125,3.212890625,0.8482762896736833,6.876842496713396,3.3641055681117105,4.013284230881115,1.1054340320537461,3.7187967824160193,8473.175394535065,70.03453732823603,417.7701468416841,0.0882629011883252,0.0,69332053.94688845,0.2801955837673611,0.022577289181408982,0.2811037160008975,0.86669921875,0.242919921875,0.623779296875,12.97564343119478,275.62217478258617,3.0832008593730214,3.0968745037637544,1.0032410654740627,3.0931937152389386,711.1736923456192,3.965245212414431,101.37491985444511,0.005316260794167969,0.0,6379919.296616317,0.18654534233940973,0.06609455264968148,0.19790819750199606,0.5963134765625,0.074462890625,0.5218505859375,1.2107136721462883,4.793238191244325,3.0130812370895987,3.2902891941708785,1.0609120282448612,3.1966141265234134,352.5088917464018,44.669066627602405,342.061070031062,0.05335777232148498,0.0,2995656.409326567,0.1981600613064236,0.07285924809403842,0.21113000717518626,0.504150390625,0.087890625,0.416259765625,1.3991136443093444,4.501412269588907,2.3878670652641554,2.6202261429361156,1.0654518664466963,2.54415742152434,401.18291936814785,28.836074085460826,271.576460602761,0.050281325197944426,0.0,3395653.2908994704,0.26666666666666666,0.2430555555550492,0.6510067114056212,middle,1
15,4,0.37,9.0,1.5,0.25,2.0,-0.15800509982638888,2.0373622362731982,2.043479995831443,4.19921875,-4.619140625,8.818359375,-0.003417076612825888,1.8807633139249422,2.260428599458015,3.07956050885597,1.180251442063463,2.6678741141931224,37582.29444026947,485.2555930073715,297.2949590652083,0.2985530006377083,467.0,170133017.3037767,7.684327799479167,2.498837618278941,8.080413552063675,9.3896484375,1.328125,8.0615234375,-1.7242597768010395,4.543659200545509,1.1620257276437038,1.2777349490867704,1.05154461950599,1.2219219016314211,587637.7485513687,0.3003231872313507,13.674229967992263,0.034206629611939474,0.0,5035850072.342039,0.8849807400173612,0.3974523867607804,0.970133655711169,3.27392578125,0.05126953125,3.22265625,0.5933926869789775,6.712194696130551,3.3747162176809873,3.9798462539135055,1.0962200778415145,3.699431674843087,8470.433789491653,58.525857426219105,386.5538451954874,0.07980604750299283,0.0,69836210.04512908,0.27467339409722225,0.03243623746371631,0.27658196420896747,1.905517578125,0.242919921875,1.66259765625,25.16706360444886,984.8865217411507,6.889522184022183,6.950590992855362,1.0069485073973445,6.937394079907112,688.4782463312149,8.117261895850673,143.05634051383953,0.010875604647458459,0.0,6153694.657683372,0.20903130425347222,0.07859401564032033,0.22331839479178286,0.63720703125,0.076904296875,0.560302734375,1.1375089721522453,4.529126451627518,2.8533566697058896,3.150380440794047,1.0683490474705057,3.048380880187552,448.8399490714073,47.22632400223722,356.15739164489815,0.05753014511298907,0.0,3789390.2604073286,0.21702284071180555,0.09280616353023367,0.23603367848640203,0.673828125,0.0860595703125,0.5877685546875,1.589179729451049,5.370263787142768,2.8547965244543043,3.2270906600103975,1.087598327029339,3.104871924018827,501.4070764183998,51.5337532769152,377.6960727377162,0.0650638073455487,0.0,4163837.87226379,0.3766666666666667,0.47222222222123855,0.8523489932836484,late,2
15,5,0.48,13.0,1.5,0.25,2.0,-0.15700520833333334,2.1972361643858314,2.202838486482555,4.716796875,-4.8681640625,9.5849609375,-0.003245584679857015,1.8369274948032588,2.2099505217339694,2.98767186942692,1.1744767704290255,2.5955355515752307,43672.47657775879,492.45298049329085,294.2040992935063,0.27850555119077675,473.0,197525180.6305408,8.325705837673611,2.5848554754802993,8.717732246667875,9.9951171875,1.3427734375,8.65234375,-1.8347096188665521,5.020951413159942,1.1465272050904323,1.2507984411495439,1.0470862671149521,1.2005128913240175,683989.6997213364,0.290351078238117,13.482127465080314,0.032254523639280275,0.0,5885307454.127144,0.9407958984375,0.31165899651059886,0.9910742921813764,1.5966796875,0.05126953125,1.54541015625,-1.6228195121642883,5.405144982036672,1.6110595341788774,1.7910963747671578,1.0534424032102252,1.6971584274018552,8840.054273605347,17.742735956226067,203.29585421683666,0.043728877183050394,0.0,75626669.59946154,0.26492757161458336,0.01237211107961984,0.26521630291927123,0.748291015625,0.2392578125,0.509033203125,11.527588003763132,351.9695351923684,2.8214367193330108,2.825819248948058,1.0010898499613579,2.824511662043199,633.0571860074997,1.3388763800088348,58.258576209819,0.001866503785982826,0.0,5691315.690925718,0.18097520616319446,0.04170791706958363,0.18571907708174193,0.355224609375,0.0726318359375,0.2825927734375,-0.15284024580233208,3.2103765793594334,1.9126985496311701,1.9913235943266556,1.0262128222870677,1.962835776811953,310.424180328846,29.627034489127634,279.21057704788103,0.027262090188182847,0.0,2723365.8403791483,0.19753221299913196,0.041297218246753614,0.201802961839648,0.322265625,0.084228515625,0.238037109375,-0.20819847344080095,2.937516884800126,1.5969320869258317,1.6507045883469496,1.0216205183683795,1.631458586452351,366.5199186652899,26.04998792505454,259.2825050114443,0.0232339724393006,0.0,3229608.1343088304,0.47000000000000003,0.666666666665278,0.9999999999942013,late,2
15,6,0.56,16.0,1.5,0.25,2.0,-0.16451388888888888,2.2118127311522278,2.217922536366954,4.6142578125,-4.70703125,9.3212890625,-0.00326604014680788,1.8283435878662393,2.1222703556221503,2.8580033734392147,1.1722985920141227,2.48793454977028,44272.6233959198,494.8286264953416,303.69147926620064,0.2855763153044293,473.0,200323151.92131993,8.381232096354166,2.5473312109539066,8.759791535833324,9.9951171875,1.3330078125,8.662109375,-1.8974087063299723,5.311500241645076,1.1410222659537317,1.240769377677709,1.0451675165567584,1.1925594080429631,690605.5297613144,0.28350497028186167,13.040919821897324,0.031548078890498564,0.0,5952649477.40519,1.017839084201389,0.44071507534466875,1.1091556153056157,3.35693359375,0.048828125,3.30810546875,0.3590555040309729,5.298179620578895,3.0265668292379395,3.533618978312571,1.0897160784258793,3.298098536253989,11072.035610675812,59.84423845788802,376.64379225779226,0.07597433415373067,0.0,91782016.02965595,0.26901963975694443,0.05009049384488637,0.2736432424683291,1.871337890625,0.233154296875,1.63818359375,12.824629072366275,247.1526751487631,6.838604431588499,6.989946841877815,1.0171868593480569,6.956138564116628,673.9256173372269,21.30758018732783,228.1329826403174,0.024293137351978213,0.0,5963714.102005959,0.24353712293836804,0.09304345525326926,0.2607056094804347,0.7220458984375,0.0714111328125,0.650634765625,0.9386513870671337,4.399123938561775,2.7695832854295306,3.072509470067569,1.0704963840167439,2.964828892296898,611.7067333310843,63.44117214605602,405.71334906076765,0.06322599758395783,0.0,5154749.058638886,0.2307094997829861,0.07780468063370162,0.24347575160296347,0.546875,0.08544921875,0.46142578125,0.8665918923461854,3.4536487612675613,2.2461168982837534,2.4357255368975417,1.055334747077734,2.3704052087670444,533.5239745676517,27.46917683563908,262.29220997598634,0.046660708099913545,0.0,4556546.3815040905,0.58,0.895833333331467,0.7583892617405685,late,2
15,7,0.7,19.0,1.5,0.25,2.0,-0.12800401475694445,2.4428202069302385,2.446171619322853,4.35546875,-4.814453125,9.169921875,0.023998075138638882,1.7960500365091938,1.9681583609946238,2.6467232969194523,1.1709109648737697,2.3045382054975345,53853.800320625305,503.49615106894544,275.2339542993071,0.26863607124909444,485.0,243005790.20493025,8.728606228298611,2.659972461757282,9.124912064562617,9.9951171875,1.357421875,8.6376953125,-2.0625270367926047,5.748501752062675,1.0953658639972876,1.1937032111787855,1.0454031062803721,1.1450988767363737,749376.1816740036,0.25907516966632865,12.284697771553576,0.03161570367502356,0.0,6457829777.635693,0.8685763888888889,0.36800022525071474,0.9433181378092118,3.0224609375,0.048828125,2.9736328125,0.22436927048852526,5.794399339472996,3.2040738075027826,3.725759769306374,1.086050864236419,3.47978712771936,8008.641982078552,60.37197824360371,394.0532243999228,0.07450714645657103,0.0,66593100.669383995,0.269678955078125,0.04111396028064146,0.272794971621523,2.215576171875,0.23681640625,1.978759765625,20.510493109935762,705.1103946583258,8.121763237413258,8.241126713902426,1.0115545409966593,8.215606483735225,669.7538688778877,12.093625552917944,175.90509832608095,0.016878489245174485,0.0,5959325.399340689,0.2665296088324653,0.11615958579998788,0.2907422944079717,0.887451171875,0.07568359375,0.811767578125,0.9913828352398122,4.162534684134476,3.0523635155285307,3.486667556716119,1.0908442618457268,3.329653225993,760.7797358185053,60.95825550069915,401.98380700444307,0.07355321011155483,0.0,6300549.195045605,0.293782958984375,0.14256417802793278,0.3265470438488076,0.8837890625,0.0885009765625,0.7952880859375,1.1861891224771108,3.7504423910352296,2.7064678096013965,3.172453438299202,1.1115247970018018,3.008306082668316,959.6967466175556,37.14843557118899,309.933917198397,0.07573843480179714,0.0,7814126.719467342,0.63,0.9999999999979167,0.7046979865730943,late,2
16,1,,1.0,1.5,0.5,2.0,-0.16786539713541668,2.1970011964234306,2.203404876240728,4.9365234375,-5.0,9.9365234375,-0.009898258435888433,2.0934362297560227,2.2692152740118865,3.273134680659738,1.2185456772475263,2.7651424628925003,43694.93743777275,490.0144406028015,245.56277685390862,0.2870481761938042,478.0,197768476.31004447,7.810432400173611,3.246849873262994,8.458421151561893,9.9951171875,1.2890625,8.7060546875,-1.0807350216853029,2.461540833498395,1.1816764628293739,1.3696204857730483,1.0829645169674338,1.2797136797799502,643903.9953947067,0.12875962265100982,2.2924500341344713,0.04129711303641409,0.0,5368183577.548623,0.9334388563368056,0.5248269156412233,1.0708647860028095,4.1796875,0.05126953125,4.12841796875,1.2600505971713276,6.110366445187637,3.903095474450619,4.906779604028122,1.1472254221387057,4.4777303533284645,10320.76250910759,98.25345562608815,514.6931088919408,0.11147000248480933,0.0,81731430.8623135,0.3213608127170139,0.027884445677007562,0.32256830944910514,0.753173828125,0.262451171875,0.49072265625,2.5294326663342503,19.8756621141625,2.3349281564855673,2.347767397756323,1.0037574485852163,2.3437015289910015,936.452828347683,4.695309821202507,113.80964016080598,0.0057220475478056984,0.0,8396585.187621415,0.20560960557725694,0.06706646751985318,0.21627117461933454,0.582275390625,0.078125,0.504150390625,1.020451452433889,5.387538928164969,2.6923393357768934,2.905706121115513,1.0518534579699863,2.8319464403786356,420.95898874104023,44.2950625239052,338.7820457405941,0.04826723932985,0.0,3606465.529574826,0.18945515950520833,0.055320572235625885,0.19736672256391408,0.5743408203125,0.0885009765625,0.48583984375,1.924917506018526,9.242129296667056,2.9100185322457226,3.087908609799686,1.041759554494722,3.0315396097390486,350.5826085805893,32.172221203947934,290.3712560668937,0.040117398539582086,0.0,3031298.74074012,0.24,0.0,0.0,early,0
16,2,,2.0,1.5,0.5,2.0,-0.15159505208333332,2.3469758231783273,2.3518666149252034,4.79736328125,-5.0,9.79736328125,0.006308936750159891,2.0753045589145294,2.125970906796893,3.09602677128437,1.222371762483781,2.5987268043316654,49781.489169597626,496.18725809648845,232.94694549761186,0.26280145900948004,486.0,224947468.03194278,7.845108506944444,3.2670319840021347,8.498189540733074,9.9951171875,1.2939453125,8.701171875,-1.0938552750084394,2.459859766670257,1.176146653306655,1.3641144293864504,1.083246908976395,1.2740572266975156,649973.0292320251,0.12678543791680433,2.0842176941226636,0.041606060567717464,0.0,5417480594.717455,0.7847743055555556,0.3709837627389165,0.8680435835118702,3.59619140625,0.05615234375,3.5400390625,1.2599325180890377,9.190663998410148,4.142869637601187,4.908277901148197,1.1061060197380708,4.582453045146031,6781.496965885162,58.09541461650406,402.1150867389465,0.0838074914733403,0.0,55459516.86788799,0.31700032552083335,0.03517749380004569,0.31894617484830656,1.80419921875,0.267333984375,1.536865234375,18.281157662482393,596.9597992721849,5.656751392621139,5.7026776913812585,1.0061383196476852,5.691474340854379,915.539962053299,7.588612221759592,140.86560747025695,0.009707676657787205,0.0,8189742.776837946,0.2052151828342014,0.057198469325507754,0.2130374055391582,0.6524658203125,0.078125,0.5743408203125,0.4868900328343543,5.105767901389053,3.062681967320092,3.2444523578029623,1.0381171733781436,3.17942274688547,408.4644254297018,35.66921279727079,314.70800238565596,0.03841990019741618,0.0,3543677.859232202,0.19883097330729166,0.05521945764969358,0.20635635306297512,0.6256103515625,0.09033203125,0.5352783203125,1.8023941146618936,9.255247296754169,3.0316990113144064,3.20077448398929,1.0378481261217547,3.1464431378730806,383.2465000450611,30.41154852327383,289.37416740025793,0.03845836196335608,0.0,3325726.7806656654,0.24,0.0,0.0935672514617224,early,0
16,3,0.24,3.0,1.5,0.5,2.0,-0.15583116319444446,2.4928449577511618,2.4977108188915556,4.99755859375,-5.0,9.99755859375,0.0038084499952230426,2.0784223290768136,2.0018330233349104,2.9309024243495583,1.2251676386452515,2.452581038162299,56147.03401327133,502.3332421763396,234.13074498434594,0.26105301806525677,492.0,253645586.4417553,7.9024039713541665,3.2683199411503163,8.551602409150867,9.9951171875,1.3330078125,8.662109375,-1.150729984179213,2.5794134061038996,1.1688005018572067,1.3545675914142616,1.0821520185691507,1.2648198223895606,658169.1338777542,0.13165134458141806,1.9608374508246407,0.04187138833452038,0.0,5490904637.777352,1.1523933919270832,0.50476652489159,1.258093706529184,3.3740234375,0.0537109375,3.3203125,-0.1849523514861052,4.271528792540475,2.6818538396520077,3.166005747937833,1.0917224233855178,2.927839972992973,14245.197969675064,36.97420022421386,318.39307259125496,0.06301012948738764,0.0,117887833.373338,0.3037009006076389,0.014481709206482948,0.30404597831813546,0.57373046875,0.263671875,0.31005859375,1.9575155630982144,22.202623623397756,1.8869858826015977,1.890165877631563,1.001136241969665,1.8891299551637881,831.9956123828888,1.7261001124993387,69.51331897587077,0.0019579779662116967,0.0,7479466.934615374,0.2164541286892361,0.06313457651191844,0.22547364497420905,0.4736328125,0.076904296875,0.396728515625,0.3572880155909931,4.162514546620556,2.1006127459024144,2.23802569459075,1.0416694120761292,2.188144044033496,457.54528120160103,39.17194567475415,329.703508215119,0.039599200674442746,0.0,3956475.6057068706,0.2237468804253472,0.056460316467796555,0.23076055519892988,0.5169677734375,0.0897216796875,0.42724609375,0.6210076720489113,5.278628387244945,2.2402779062028233,2.3481520883869798,1.0313464695428074,2.3105027093670474,479.2539045214653,24.730685130703357,262.0290075365426,0.030890326769778684,0.0,4184180.5794812744,0.26666666666666666,0.09876543209839965,0.28070175438516726,middle,1
16,4,,4.0,1.5,0.5,2.0,-0.15384385850694443,2.665243942261489,2.669680356252761,5.2490234375,-5.6298828125,10.87890625,0.0012648664297603145,2.0576739215097986,2.108822803191373,3.096287898910597,1.2252890834383088,2.5839175596571304,64144.738841056824,506.82151079578426,218.68279055308236,0.26206239655519115,498.0,289609882.60872364,8.013917100694444,3.241226571297306,8.644559964699564,9.9951171875,1.2744140625,8.720703125,-1.2426754694172477,2.7850919827139555,1.1562320382199138,1.3334035308984766,1.0786934598998277,1.247219937754613,672555.7528495789,0.14373156404523998,2.0523747851552647,0.04172874763910904,0.0,5627527013.344813,1.26906494140625,0.5481462825908238,1.3823856815753655,3.49853515625,0.05126953125,3.447265625,-0.22350690168428627,3.8576163524276916,2.53079527868123,2.970819546542786,1.0892946739529779,2.7567818179348005,17198.911553621292,55.06167988189347,376.4709058161145,0.0735944175142151,0.0,142621415.30569196,0.29741048177083335,0.03345226227377736,0.2992858976269894,1.702880859375,0.262451171875,1.4404296875,21.0650355363876,688.2802811795026,5.689813228325483,5.736305289450692,1.0063058162711118,5.725692145179376,806.148436665535,6.669127711941948,130.02183924467522,0.009837965447155468,0.0,7210018.920540809,0.26500569661458334,0.10661933370895639,0.2856496132654872,0.740966796875,0.081787109375,0.6591796875,0.9766413424039464,4.574458867318004,2.593970943639052,2.9096208565579036,1.077899897675973,2.7960410147327694,734.3613140285015,55.97694076514777,386.49369965671315,0.06713161705140808,0.0,6148863.233972343,0.2503255208333333,0.08476197341812008,0.2642866975808917,0.6365966796875,0.0958251953125,0.540771484375,0.8972170983003622,4.187429078517761,2.40873523151972,2.6146005678180795,1.055772087080957,2.543075422616629,628.6271266639233,37.912786503723204,314.40494010192845,0.050978899928022424,0.0,5366668.158981202,0.32,0.296296296295199,0.7251461988283487,middle,1
16,5,0.4,6.0,1.5,0.5,2.0,-0.15274685329861112,2.7238786326923696,2.728158061189029,5.3955078125,-5.9912109375,11.38671875,0.0035229093209328335,2.0662502558026317,2.196064451957237,3.215751038597719,1.2239982363424016,2.6879790160908867,66985.61766147614,510.86432501704707,232.04615570756678,0.26764148050862874,500.0,302380210.6627703,8.074390733506945,3.1897538444289295,8.681607875583413,9.9951171875,1.318359375,8.6767578125,-1.2777393140235758,2.881358969282111,1.1512979312979126,1.3188890039275205,1.07520284342391,1.2378788093597235,678332.8377485275,0.13400758795661416,1.953365451577799,0.040357918383290003,0.0,5692927091.428208,1.0639431423611112,0.4702445535514576,1.16323039434243,3.671875,0.0537109375,3.6181640625,0.055289650934208075,4.904735800664744,3.1566188588740762,3.7152150517730798,1.093320073251176,3.451194762013216,12177.944552898407,53.88118847890291,372.81148452277336,0.07784183442092033,0.0,100645739.33482173,0.28787245008680556,0.041926907850749054,0.2909096305056014,2.43896484375,0.25390625,2.18505859375,25.166831096176587,992.0814110997977,8.383926099327448,8.49501344382648,1.0105504379348198,8.47238019131764,761.65571808815,10.892579403976393,165.2327415990225,0.01579058375469474,0.0,6783708.609834312,0.26492621527777777,0.11095070183262626,0.2872210956363752,0.8709716796875,0.0762939453125,0.794677734375,0.9894948769827191,4.546818600860242,3.0324084578631596,3.4322127903639092,1.0841550555279587,3.2876009600295313,742.4636200070381,67.07465017436121,418.30345227483457,0.07339719444028373,0.0,6183615.241989494,0.2554982503255208,0.09856225069067807,0.2738500925335147,0.7196044921875,0.087890625,0.6317138671875,1.3709482500208887,5.527422893188873,2.6277314187754186,2.913519133718276,1.071827662943056,2.8164752254383827,674.9448586255312,32.03650363094585,291.1243014013383,0.05753508523301696,0.0,5681065.97120203,0.4466666666666667,0.7654320987625973,0.853801169588217,late,2
16,6,0.62,9.0,1.5,0.5,2.0,-0.14277398003472222,2.7191753985760787,2.722921089124019,5.5419921875,-5.986328125,11.5283203125,0.009225292026508649,2.1264634802205173,2.1984948990657824,3.245210184996661,1.2306671108522844,2.7056153656577653,66728.693318367,512.6721925107173,244.16772555254758,0.26538913382128915,500.0,301104769.5323229,8.016929796006945,3.2519181876659324,8.651366091743919,9.9951171875,1.328125,8.6669921875,-1.2250450507504382,2.7190938745850355,1.1553224174662173,1.3325694253296567,1.0791370651707457,1.246751242910609,673615.2172803879,0.13814790014287306,1.9600470930176928,0.041905330543200975,0.0,5634250593.602966,0.9216593424479167,0.4104764407298636,1.0089335220497846,2.69775390625,0.02685546875,2.6708984375,-0.38186750202760195,3.6386203977893636,2.6738668577157343,3.179835831516731,1.094692448262906,2.9270618568047815,9161.52166724205,41.07871595177352,319.29799424249546,0.07218221877043397,0.0,75629891.61511064,0.2792595757378472,0.022441891310839682,0.28015986351883093,1.021728515625,0.2490234375,0.772705078125,12.801620669645583,282.80178783329507,3.64694822016387,3.6630436094686365,1.0032238385294463,3.658705392363989,706.4059421420097,3.8484354631773146,98.44920860554157,0.005303989299795694,0.0,6337256.991256774,0.22726704915364584,0.10802384664904931,0.2516335889261666,0.9515380859375,0.0616455078125,0.889892578125,1.303124291385053,6.167838533403834,3.781443049770734,4.420023616648679,1.1072154536355172,4.186872181765415,569.8751676827669,84.45299827650743,466.5570671189325,0.08966106067066608,0.0,4656277.0744953295,0.2707382541232639,0.16429612160743162,0.31668978168068035,1.243896484375,0.0628662109375,1.1810302734375,1.8408477776409875,7.1691282795849185,3.927807451726682,4.963343324793055,1.1697267632350379,4.594461497133222,902.6317603886127,91.83762111555355,485.50284527758544,0.12091076544849222,0.0,7030460.623789579,0.51,0.9999999999962964,0.9999999999971579,late,2
