eta,fine_weight,temperature,mid_floor,late_tau,early_tau,order_blend,val_Acc,val_Macro_F1,val_E_F1,val_M_F1,val_L_F1,val_M_Pre,val_M_Rec,val_M_to_E,val_M_to_L,val_n_middle_true,val_Rev,val_Jump,val_Smooth,val_q_MAE,val_q_RMSE,val_q_R2,val_Spearman,val_Pearson,val_q_Smooth,val_score
0.55,0.3,1.2,0.12,0.66,0.34,0.5,0.5852842809364549,0.4785226693277334,0.799405646359584,0.6361623616236163,0.0,0.497116493656286,0.8831967213114754,0.1168032786885246,0.0,488,11,0,0.04367383188769827,0.13016743001809641,0.15907593175691317,0.4086202698128262,0.6908915885829118,0.6656756885872663,0.010345784513594917,1.2053413247452502
0.55,0.3,1.2,0.12,0.72,0.34,0.5,0.5852842809364549,0.4785226693277334,0.799405646359584,0.6361623616236163,0.0,0.497116493656286,0.8831967213114754,0.1168032786885246,0.0,488,11,0,0.04184183689698372,0.13016743001809641,0.15907593175691317,0.4086202698128262,0.6908915885829118,0.6656756885872663,0.010345784513594917,1.2053413247452502
0.55,0.3,1.2,0.04,0.72,0.34,0.5,0.5852842809364549,0.4785226693277334,0.799405646359584,0.6361623616236163,0.0,0.497116493656286,0.8831967213114754,0.1168032786885246,0.0,488,11,0,0.04184183689698372,0.13016743001809641,0.15907593175691317,0.4086202698128262,0.6908915885829118,0.6656756885872663,0.010345784513594917,1.2053413247452502
0.55,0.3,1.2,0.08,0.72,0.34,0.5,0.5852842809364549,0.4785226693277334,0.799405646359584,0.6361623616236163,0.0,0.497116493656286,0.8831967213114754,0.1168032786885246,0.0,488,11,0,0.04184183689698372,0.13016743001809641,0.15907593175691317,0.4086202698128262,0.6908915885829118,0.6656756885872663,0.010345784513594917,1.2053413247452502
0.55,0.3,1.2,0.04,0.66,0.34,0.5,0.5852842809364549,0.4785226693277334,0.799405646359584,0.6361623616236163,0.0,0.497116493656286,0.8831967213114754,0.1168032786885246,0.0,488,11,0,0.04367383188769827,0.13016743001809641,0.15907593175691317,0.4086202698128262,0.6908915885829118,0.6656756885872663,0.010345784513594917,1.2053413247452502
0.55,0.3,1.2,0.08,0.66,0.34,0.5,0.5852842809364549,0.4785226693277334,0.799405646359584,0.6361623616236163,0.0,0.497116493656286,0.8831967213114754,0.1168032786885246,0.0,488,11,0,0.04367383188769827,0.13016743001809641,0.15907593175691317,0.4086202698128262,0.6908915885829118,0.6656756885872663,0.010345784513594917,1.2053413247452502
0.55,0.3,1.2,0.12,0.72,0.38,0.5,0.5861204013377926,0.47931867108861353,0.8029411764705883,0.6350148367952523,0.0,0.49767441860465117,0.8770491803278688,0.12295081967213115,0.0,488,11,0,0.04211371113783214,0.13016743001809641,0.15907593175691317,0.4086202698128262,0.6908915885829118,0.6656756885872663,0.010345784513594917,1.2166190386486062
0.55,0.3,1.2,0.12,0.66,0.38,0.5,0.5861204013377926,0.47931867108861353,0.8029411764705883,0.6350148367952523,0.0,0.49767441860465117,0.8770491803278688,0.12295081967213115,0.0,488,11,0,0.04394015358232912,0.13016743001809641,0.15907593175691317,0.4086202698128262,0.6908915885829118,0.6656756885872663,0.010345784513594917,1.2166190386486062
0.55,0.3,1.2,0.08,0.66,0.38,0.5,0.5861204013377926,0.47931867108861353,0.8029411764705883,0.6350148367952523,0.0,0.49767441860465117,0.8770491803278688,0.12295081967213115,0.0,488,11,0,0.04394015358232912,0.13016743001809641,0.15907593175691317,0.4086202698128262,0.6908915885829118,0.6656756885872663,0.010345784513594917,1.2166190386486062
0.55,0.3,1.2,0.04,0.66,0.38,0.5,0.5861204013377926,0.47931867108861353,0.8029411764705883,0.6350148367952523,0.0,0.49767441860465117,0.8770491803278688,0.12295081967213115,0.0,488,11,0,0.04394015358232912,0.13016743001809641,0.15907593175691317,0.4086202698128262,0.6908915885829118,0.6656756885872663,0.010345784513594917,1.2166190386486062
0.55,0.3,1.2,0.08,0.72,0.38,0.5,0.5861204013377926,0.47931867108861353,0.8029411764705883,0.6350148367952523,0.0,0.49767441860465117,0.8770491803278688,0.12295081967213115,0.0,488,11,0,0.04211371113783214,0.13016743001809641,0.15907593175691317,0.4086202698128262,0.6908915885829118,0.6656756885872663,0.010345784513594917,1.2166190386486062
0.55,0.3,1.2,0.04,0.72,0.38,0.5,0.5861204013377926,0.47931867108861353,0.8029411764705883,0.6350148367952523,0.0,0.49767441860465117,0.8770491803278688,0.12295081967213115,0.0,488,11,0,0.04211371113783214,0.13016743001809641,0.15907593175691317,0.4086202698128262,0.6908915885829118,0.6656756885872663,0.010345784513594917,1.2166190386486062
0.55,0.3,1.2,0.04,0.66,0.42,0.5,0.5869565217391305,0.48008000391323485,0.8058394160583942,0.6344005956813105,0.0,0.4982456140350877,0.8729508196721312,0.12704918032786885,0.0,488,10,0,0.04403448320881839,0.13016743001809641,0.15907593175691317,0.4086202698128262,0.6908915885829118,0.6656756885872663,0.010345784513594917,1.223628142799696
0.55,0.3,1.2,0.12,0.66,0.42,0.5,0.5869565217391305,0.48008000391323485,0.8058394160583942,0.6344005956813105,0.0,0.4982456140350877,0.8729508196721312,0.12704918032786885,0.0,488,10,0,0.04403448320881839,0.13016743001809641,0.15907593175691317,0.4086202698128262,0.6908915885829118,0.6656756885872663,0.010345784513594917,1.223628142799696
0.55,0.3,1.2,0.12,0.72,0.42,0.5,0.5869565217391305,0.48008000391323485,0.8058394160583942,0.6344005956813105,0.0,0.4982456140350877,0.8729508196721312,0.12704918032786885,0.0,488,10,0,0.04221222746111533,0.13016743001809641,0.15907593175691317,0.4086202698128262,0.6908915885829118,0.6656756885872663,0.010345784513594917,1.223628142799696
0.55,0.3,1.2,0.04,0.72,0.42,0.5,0.5869565217391305,0.48008000391323485,0.8058394160583942,0.6344005956813105,0.0,0.4982456140350877,0.8729508196721312,0.12704918032786885,0.0,488,10,0,0.04221222746111533,0.13016743001809641,0.15907593175691317,0.4086202698128262,0.6908915885829118,0.6656756885872663,0.010345784513594917,1.223628142799696
0.55,0.3,1.2,0.08,0.72,0.42,0.5,0.5869565217391305,0.48008000391323485,0.8058394160583942,0.6344005956813105,0.0,0.4982456140350877,0.8729508196721312,0.12704918032786885,0.0,488,10,0,0.04221222746111533,0.13016743001809641,0.15907593175691317,0.4086202698128262,0.6908915885829118,0.6656756885872663,0.010345784513594917,1.223628142799696
0.55,0.3,1.2,0.08,0.66,0.42,0.5,0.5869565217391305,0.48008000391323485,0.8058394160583942,0.6344005956813105,0.0,0.4982456140350877,0.8729508196721312,0.12704918032786885,0.0,488,10,0,0.04403448320881839,0.13016743001809641,0.15907593175691317,0.4086202698128262,0.6908915885829118,0.6656756885872663,0.010345784513594917,1.223628142799696
0.55,0.2,1.2,0.12,0.72,0.42,0.5,0.5877926421404682,0.48082263103089207,0.8081395348837209,0.6343283582089553,0.0,0.4988262910798122,0.8709016393442623,0.1290983606557377,0.0,488,10,0,0.043729117743400846,0.13016743001809641,0.15907593175691317,0.4086202698128262,0.6908915885829118,0.6656756885872663,0.010345784513594917,1.2263526739692259
0.55,0.2,1.2,0.08,0.72,0.42,0.5,0.5877926421404682,0.48082263103089207,0.8081395348837209,0.6343283582089553,0.0,0.4988262910798122,0.8709016393442623,0.1290983606557377,0.0,488,10,0,0.043729117743400846,0.13016743001809641,0.15907593175691317,0.4086202698128262,0.6908915885829118,0.6656756885872663,0.010345784513594917,1.2263526739692259
0.55,0.2,1.2,0.04,0.72,0.42,0.5,0.5877926421404682,0.48082263103089207,0.8081395348837209,0.6343283582089553,0.0,0.4988262910798122,0.8709016393442623,0.1290983606557377,0.0,488,10,0,0.043729117743400846,0.13016743001809641,0.15907593175691317,0.4086202698128262,0.6908915885829118,0.6656756885872663,0.010345784513594917,1.2263526739692259
0.55,0.2,1.2,0.08,0.66,0.42,0.5,0.5877926421404682,0.48082263103089207,0.8081395348837209,0.6343283582089553,0.0,0.4988262910798122,0.8709016393442623,0.1290983606557377,0.0,488,10,0,0.045965169285829575,0.13016743001809641,0.15907593175691317,0.4086202698128262,0.6908915885829118,0.6656756885872663,0.010345784513594917,1.2263526739692259
0.55,0.2,1.2,0.04,0.66,0.42,0.5,0.5877926421404682,0.48082263103089207,0.8081395348837209,0.6343283582089553,0.0,0.4988262910798122,0.8709016393442623,0.1290983606557377,0.0,488,10,0,0.045965169285829575,0.13016743001809641,0.15907593175691317,0.4086202698128262,0.6908915885829118,0.6656756885872663,0.010345784513594917,1.2263526739692259
0.55,0.2,1.2,0.12,0.66,0.42,0.5,0.5877926421404682,0.48082263103089207,0.8081395348837209,0.6343283582089553,0.0,0.4988262910798122,0.8709016393442623,0.1290983606557377,0.0,488,10,0,0.045965169285829575,0.13016743001809641,0.15907593175691317,0.4086202698128262,0.6908915885829118,0.6656756885872663,0.010345784513594917,1.2263526739692259
0.55,0.3,1.0,0.08,0.66,0.42,0.5,0.5869565217391305,0.480086663258317,0.8064046579330422,0.633855331841909,0.0,0.49824150058616645,0.8709016393442623,0.1290983606557377,0.0,488,10,0,0.046526839653739306,0.13016743001809641,0.15907593175691317,0.4086202698128262,0.6908915885829118,0.6656756885872663,0.010345784513594917,1.2279247621431386
0.55,0.3,1.0,0.04,0.66,0.42,0.5,0.5869565217391305,0.480086663258317,0.8064046579330422,0.633855331841909,0.0,0.49824150058616645,0.8709016393442623,0.1290983606557377,0.0,488,10,0,0.046526839653739306,0.13016743001809641,0.15907593175691317,0.4086202698128262,0.6908915885829118,0.6656756885872663,0.010345784513594917,1.2279247621431386
0.55,0.3,1.0,0.12,0.72,0.42,0.5,0.5869565217391305,0.480086663258317,0.8064046579330422,0.633855331841909,0.0,0.49824150058616645,0.8709016393442623,0.1290983606557377,0.0,488,10,0,0.044222658517382385,0.13016743001809641,0.15907593175691317,0.4086202698128262,0.6908915885829118,0.6656756885872663,0.010345784513594917,1.2279247621431386
0.55,0.3,1.0,0.08,0.72,0.42,0.5,0.5869565217391305,0.480086663258317,0.8064046579330422,0.633855331841909,0.0,0.49824150058616645,0.8709016393442623,0.1290983606557377,0.0,488,10,0,0.044222658517382385,0.13016743001809641,0.15907593175691317,0.4086202698128262,0.6908915885829118,0.6656756885872663,0.010345784513594917,1.2279247621431386
0.55,0.3,1.0,0.12,0.66,0.42,0.5,0.5869565217391305,0.480086663258317,0.8064046579330422,0.633855331841909,0.0,0.49824150058616645,0.8709016393442623,0.1290983606557377,0.0,488,10,0,0.046526839653739306,0.13016743001809641,0.15907593175691317,0.4086202698128262,0.6908915885829118,0.6656756885872663,0.010345784513594917,1.2279247621431386
0.55,0.3,1.0,0.04,0.72,0.42,0.5,0.5869565217391305,0.480086663258317,0.8064046579330422,0.633855331841909,0.0,0.49824150058616645,0.8709016393442623,0.1290983606557377,0.0,488,10,0,0.044222658517382385,0.13016743001809641,0.15907593175691317,0.4086202698128262,0.6908915885829118,0.6656756885872663,0.010345784513594917,1.2279247621431386
0.55,0.2,1.2,0.08,0.66,0.38,0.5,0.5869565217391305,0.480086663258317,0.8064046579330422,0.633855331841909,0.0,0.49824150058616645,0.8709016393442623,0.1290983606557377,0.0,488,10,0,0.04583688833259775,0.13016743001809641,0.15907593175691317,0.4086202698128262,0.6908915885829118,0.6656756885872663,0.010345784513594917,1.2279247621431386
0.55,0.2,1.2,0.08,0.72,0.38,0.5,0.5869565217391305,0.480086663258317,0.8064046579330422,0.633855331841909,0.0,0.49824150058616645,0.8709016393442623,0.1290983606557377,0.0,488,10,0,0.04359589170409815,0.13016743001809641,0.15907593175691317,0.4086202698128262,0.6908915885829118,0.6656756885872663,0.010345784513594917,1.2279247621431386
0.55,0.2,1.2,0.12,0.66,0.38,0.5,0.5869565217391305,0.480086663258317,0.8064046579330422,0.633855331841909,0.0,0.49824150058616645,0.8709016393442623,0.1290983606557377,0.0,488,10,0,0.04583688833259775,0.13016743001809641,0.15907593175691317,0.4086202698128262,0.6908915885829118,0.6656756885872663,0.010345784513594917,1.2279247621431386
0.55,0.2,1.2,0.04,0.66,0.38,0.5,0.5869565217391305,0.480086663258317,0.8064046579330422,0.633855331841909,0.0,0.49824150058616645,0.8709016393442623,0.1290983606557377,0.0,488,10,0,0.04583688833259775,0.13016743001809641,0.15907593175691317,0.4086202698128262,0.6908915885829118,0.6656756885872663,0.010345784513594917,1.2279247621431386
0.55,0.2,1.2,0.04,0.72,0.38,0.5,0.5869565217391305,0.480086663258317,0.8064046579330422,0.633855331841909,0.0,0.49824150058616645,0.8709016393442623,0.1290983606557377,0.0,488,10,0,0.04359589170409815,0.13016743001809641,0.15907593175691317,0.4086202698128262,0.6908915885829118,0.6656756885872663,0.010345784513594917,1.2279247621431386
0.55,0.2,1.2,0.12,0.72,0.38,0.5,0.5869565217391305,0.480086663258317,0.8064046579330422,0.633855331841909,0.0,0.49824150058616645,0.8709016393442623,0.1290983606557377,0.0,488,10,0,0.04359589170409815,0.13016743001809641,0.15907593175691317,0.4086202698128262,0.6908915885829118,0.6656756885872663,0.010345784513594917,1.2279247621431386
0.55,0.3,1.0,0.08,0.72,0.34,0.5,0.5836120401337793,0.47711398692040935,0.7988252569750367,0.6325167037861915,0.0,0.4959254947613504,0.8729508196721312,0.12704918032786885,0.0,488,11,0,0.04378411333637206,0.13016743001809641,0.15907593175691317,0.4086202698128262,0.6908915885829118,0.6656756885872663,0.010345784513594917,1.2299386413978728
0.55,0.3,1.0,0.04,0.66,0.34,0.5,0.5836120401337793,0.47711398692040935,0.7988252569750367,0.6325167037861915,0.0,0.4959254947613504,0.8729508196721312,0.12704918032786885,0.0,488,11,0,0.046097784189351995,0.13016743001809641,0.15907593175691317,0.4086202698128262,0.6908915885829118,0.6656756885872663,0.010345784513594917,1.2299386413978728
0.55,0.3,1.0,0.12,0.72,0.34,0.5,0.5836120401337793,0.47711398692040935,0.7988252569750367,0.6325167037861915,0.0,0.4959254947613504,0.8729508196721312,0.12704918032786885,0.0,488,11,0,0.04378411333637206,0.13016743001809641,0.15907593175691317,0.4086202698128262,0.6908915885829118,0.6656756885872663,0.010345784513594917,1.2299386413978728
0.55,0.3,1.0,0.12,0.66,0.34,0.5,0.5836120401337793,0.47711398692040935,0.7988252569750367,0.6325167037861915,0.0,0.4959254947613504,0.8729508196721312,0.12704918032786885,0.0,488,11,0,0.046097784189351995,0.13016743001809641,0.15907593175691317,0.4086202698128262,0.6908915885829118,0.6656756885872663,0.010345784513594917,1.2299386413978728
0.55,0.3,1.0,0.08,0.66,0.34,0.5,0.5836120401337793,0.47711398692040935,0.7988252569750367,0.6325167037861915,0.0,0.4959254947613504,0.8729508196721312,0.12704918032786885,0.0,488,11,0,0.046097784189351995,0.13016743001809641,0.15907593175691317,0.4086202698128262,0.6908915885829118,0.6656756885872663,0.010345784513594917,1.2299386413978728
0.55,0.2,1.2,0.12,0.66,0.34,0.5,0.5836120401337793,0.47711398692040935,0.7988252569750367,0.6325167037861915,0.0,0.4959254947613504,0.8729508196721312,0.12704918032786885,0.0,488,11,0,0.045560981793784615,0.13016743001809641,0.15907593175691317,0.4086202698128262,0.6908915885829118,0.6656756885872663,0.010345784513594917,1.2299386413978728
0.55,0.2,1.2,0.12,0.72,0.34,0.5,0.5836120401337793,0.47711398692040935,0.7988252569750367,0.6325167037861915,0.0,0.4959254947613504,0.8729508196721312,0.12704918032786885,0.0,488,11,0,0.043314544264494104,0.13016743001809641,0.15907593175691317,0.4086202698128262,0.6908915885829118,0.6656756885872663,0.010345784513594917,1.2299386413978728
0.55,0.2,1.2,0.04,0.72,0.34,0.5,0.5836120401337793,0.47711398692040935,0.7988252569750367,0.6325167037861915,0.0,0.4959254947613504,0.8729508196721312,0.12704918032786885,0.0,488,11,0,0.043314544264494104,0.13016743001809641,0.15907593175691317,0.4086202698128262,0.6908915885829118,0.6656756885872663,0.010345784513594917,1.2299386413978728
0.55,0.2,1.2,0.08,0.66,0.34,0.5,0.5836120401337793,0.47711398692040935,0.7988252569750367,0.6325167037861915,0.0,0.4959254947613504,0.8729508196721312,0.12704918032786885,0.0,488,11,0,0.045560981793784615,0.13016743001809641,0.15907593175691317,0.4086202698128262,0.6908915885829118,0.6656756885872663,0.010345784513594917,1.2299386413978728
0.55,0.2,1.2,0.08,0.72,0.34,0.5,0.5836120401337793,0.47711398692040935,0.7988252569750367,0.6325167037861915,0.0,0.4959254947613504,0.8729508196721312,0.12704918032786885,0.0,488,11,0,0.043314544264494104,0.13016743001809641,0.15907593175691317,0.4086202698128262,0.6908915885829118,0.6656756885872663,0.010345784513594917,1.2299386413978728
0.55,0.2,1.2,0.04,0.66,0.34,0.5,0.5836120401337793,0.47711398692040935,0.7988252569750367,0.6325167037861915,0.0,0.4959254947613504,0.8729508196721312,0.12704918032786885,0.0,488,11,0,0.045560981793784615,0.13016743001809641,0.15907593175691317,0.4086202698128262,0.6908915885829118,0.6656756885872663,0.010345784513594917,1.2299386413978728
0.55,0.3,1.0,0.04,0.72,0.34,0.5,0.5836120401337793,0.47711398692040935,0.7988252569750367,0.6325167037861915,0.0,0.4959254947613504,0.8729508196721312,0.12704918032786885,0.0,488,11,0,0.04378411333637206,0.13016743001809641,0.15907593175691317,0.4086202698128262,0.6908915885829118,0.6656756885872663,0.010345784513594917,1.2299386413978728
0.55,0.3,1.0,0.04,0.66,0.38,0.5,0.5852842809364549,0.4786103668114201,0.8029197080291971,0.6329113924050633,0.0,0.49707602339181284,0.8709016393442623,0.1290983606557377,0.0,488,10,0,0.04637822085335546,0.13016743001809641,0.15907593175691317,0.4086202698128262,0.6908915885829118,0.6656756885872663,0.010345784513594917,1.2310732993927112
0.55,0.3,1.0,0.12,0.66,0.38,0.5,0.5852842809364549,0.4786103668114201,0.8029197080291971,0.6329113924050633,0.0,0.49707602339181284,0.8709016393442623,0.1290983606557377,0.0,488,10,0,0.04637822085335546,0.13016743001809641,0.15907593175691317,0.4086202698128262,0.6908915885829118,0.6656756885872663,0.010345784513594917,1.2310732993927112
0.55,0.3,1.0,0.08,0.72,0.38,0.5,0.5852842809364549,0.4786103668114201,0.8029197080291971,0.6329113924050633,0.0,0.49707602339181284,0.8709016393442623,0.1290983606557377,0.0,488,10,0,0.04407158041160648,0.13016743001809641,0.15907593175691317,0.4086202698128262,0.6908915885829118,0.6656756885872663,0.010345784513594917,1.2310732993927112
0.55,0.3,1.0,0.08,0.66,0.38,0.5,0.5852842809364549,0.4786103668114201,0.8029197080291971,0.6329113924050633,0.0,0.49707602339181284,0.8709016393442623,0.1290983606557377,0.0,488,10,0,0.04637822085335546,0.13016743001809641,0.15907593175691317,0.4086202698128262,0.6908915885829118,0.6656756885872663,0.010345784513594917,1.2310732993927112
0.55,0.3,1.0,0.12,0.72,0.38,0.5,0.5852842809364549,0.4786103668114201,0.8029197080291971,0.6329113924050633,0.0,0.49707602339181284,0.8709016393442623,0.1290983606557377,0.0,488,10,0,0.04407158041160648,0.13016743001809641,0.15907593175691317,0.4086202698128262,0.6908915885829118,0.6656756885872663,0.010345784513594917,1.2310732993927112
0.55,0.3,1.0,0.04,0.72,0.38,0.5,0.5852842809364549,0.4786103668114201,0.8029197080291971,0.6329113924050633,0.0,0.49707602339181284,0.8709016393442623,0.1290983606557377,0.0,488,10,0,0.04407158041160648,0.13016743001809641,0.15907593175691317,0.4086202698128262,0.6908915885829118,0.6656756885872663,0.010345784513594917,1.2310732993927112
0.55,0.1,1.2,0.12,0.72,0.38,0.5,0.5869565217391305,0.4800916858070183,0.806966618287373,0.6333084391336818,0.0,0.4982373678025852,0.8688524590163934,0.13114754098360656,0.0,488,10,0,0.04500957459333085,0.13016743001809641,0.15907593175691317,0.4086202698128262,0.6908915885829118,0.6656756885872663,0.010345784513594917,1.2322230182829619
0.55,0.1,1.2,0.08,0.66,0.38,0.5,0.5869565217391305,0.4800916858070183,0.806966618287373,0.6333084391336818,0.0,0.4982373678025852,0.8688524590163934,0.13114754098360656,0.0,488,10,0,0.04771813249925973,0.13016743001809641,0.15907593175691317,0.4086202698128262,0.6908915885829118,0.6656756885872663,0.010345784513594917,1.2322230182829619
0.55,0.1,1.2,0.12,0.66,0.38,0.5,0.5869565217391305,0.4800916858070183,0.806966618287373,0.6333084391336818,0.0,0.4982373678025852,0.8688524590163934,0.13114754098360656,0.0,488,10,0,0.04771813249925973,0.13016743001809641,0.15907593175691317,0.4086202698128262,0.6908915885829118,0.6656756885872663,0.010345784513594917,1.2322230182829619
0.55,0.1,1.2,0.08,0.72,0.38,0.5,0.5869565217391305,0.4800916858070183,0.806966618287373,0.6333084391336818,0.0,0.4982373678025852,0.8688524590163934,0.13114754098360656,0.0,488,10,0,0.04500957459333085,0.13016743001809641,0.15907593175691317,0.4086202698128262,0.6908915885829118,0.6656756885872663,0.010345784513594917,1.2322230182829619
0.55,0.1,1.2,0.04,0.72,0.38,0.5,0.5869565217391305,0.4800916858070183,0.806966618287373,0.6333084391336818,0.0,0.4982373678025852,0.8688524590163934,0.13114754098360656,0.0,488,10,0,0.04500957459333085,0.13016743001809641,0.15907593175691317,0.4086202698128262,0.6908915885829118,0.6656756885872663,0.010345784513594917,1.2322230182829619
0.55,0.1,1.2,0.04,0.66,0.38,0.5,0.5869565217391305,0.4800916858070183,0.806966618287373,0.6333084391336818,0.0,0.4982373678025852,0.8688524590163934,0.13114754098360656,0.0,488,10,0,0.04771813249925973,0.13016743001809641,0.15907593175691317,0.4086202698128262,0.6908915885829118,0.6656756885872663,0.010345784513594917,1.2322230182829619
0.55,0.2,1.0,0.08,0.72,0.34,0.5,0.5844481605351171,0.47787002227791703,0.8011695906432749,0.6324404761904762,0.0,0.49649532710280375,0.8709016393442623,0.1290983606557377,0.0,488,11,0,0.04519271543850936,0.13016743001809641,0.15907593175691317,0.4086202698128262,0.6908915885829118,0.6656756885872663,0.010345784513594917,1.232649764327552
0.55,0.2,1.0,0.04,0.72,0.34,0.5,0.5844481605351171,0.47787002227791703,0.8011695906432749,0.6324404761904762,0.0,0.49649532710280375,0.8709016393442623,0.1290983606557377,0.0,488,11,0,0.04519271543850936,0.13016743001809641,0.15907593175691317,0.4086202698128262,0.6908915885829118,0.6656756885872663,0.010345784513594917,1.232649764327552
0.55,0.2,1.0,0.12,0.72,0.34,0.5,0.5844481605351171,0.47787002227791703,0.8011695906432749,0.6324404761904762,0.0,0.49649532710280375,0.8709016393442623,0.1290983606557377,0.0,488,11,0,0.04519271543850936,0.13016743001809641,0.15907593175691317,0.4086202698128262,0.6908915885829118,0.6656756885872663,0.010345784513594917,1.232649764327552
0.65,0.3,1.2,0.08,0.72,0.34,0.5,0.5861204013377926,0.47935612634501906,0.8052325581395349,0.6328358208955224,0.0,0.49765258215962443,0.8688524590163934,0.13114754098360656,0.0,488,11,0,0.04530660205197504,0.13016743001809641,0.15907593175691317,0.4086202698128262,0.6908915885829118,0.6656756885872663,0.010345784513594917,1.233794698146299
0.65,0.3,1.2,0.04,0.72,0.34,0.5,0.5861204013377926,0.47935612634501906,0.8052325581395349,0.6328358208955224,0.0,0.49765258215962443,0.8688524590163934,0.13114754098360656,0.0,488,11,0,0.04530660205197504,0.13016743001809641,0.15907593175691317,0.4086202698128262,0.6908915885829118,0.6656756885872663,0.010345784513594917,1.233794698146299
0.55,0.2,1.0,0.04,0.72,0.38,0.5,0.5861204013377926,0.47935612634501906,0.8052325581395349,0.6328358208955224,0.0,0.49765258215962443,0.8688524590163934,0.13114754098360656,0.0,488,11,0,0.04552719232791115,0.13016743001809641,0.15907593175691317,0.4086202698128262,0.6908915885829118,0.6656756885872663,0.010345784513594917,1.233794698146299
0.55,0.2,1.0,0.08,0.72,0.38,0.5,0.5861204013377926,0.47935612634501906,0.8052325581395349,0.6328358208955224,0.0,0.49765258215962443,0.8688524590163934,0.13114754098360656,0.0,488,11,0,0.04552719232791115,0.13016743001809641,0.15907593175691317,0.4086202698128262,0.6908915885829118,0.6656756885872663,0.010345784513594917,1.233794698146299
0.65,0.3,1.2,0.12,0.72,0.34,0.5,0.5861204013377926,0.47935612634501906,0.8052325581395349,0.6328358208955224,0.0,0.49765258215962443,0.8688524590163934,0.13114754098360656,0.0,488,11,0,0.04530660205197504,0.13016743001809641,0.15907593175691317,0.4086202698128262,0.6908915885829118,0.6656756885872663,0.010345784513594917,1.233794698146299
0.55,0.2,1.0,0.12,0.72,0.38,0.5,0.5861204013377926,0.47935612634501906,0.8052325581395349,0.6328358208955224,0.0,0.49765258215962443,0.8688524590163934,0.13114754098360656,0.0,488,11,0,0.04552719232791115,0.13016743001809641,0.15907593175691317,0.4086202698128262,0.6908915885829118,0.6656756885872663,0.010345784513594917,1.233794698146299
0.55,0.1,1.2,0.04,0.72,0.34,0.5,0.5836120401337793,0.47712820289523766,0.7994143484626647,0.6319702602230484,0.0,0.4959159859976663,0.8709016393442623,0.1290983606557377,0.0,488,11,0,0.04469329635335916,0.13016743001809641,0.15907593175691317,0.4086202698128262,0.6908915885829118,0.6656756885872663,0.010345784513594917,1.234227704111569
0.55,0.1,1.2,0.12,0.66,0.34,0.5,0.5836120401337793,0.47712820289523766,0.7994143484626647,0.6319702602230484,0.0,0.4959159859976663,0.8709016393442623,0.1290983606557377,0.0,488,11,0,0.04740677719925638,0.13016743001809641,0.15907593175691317,0.4086202698128262,0.6908915885829118,0.6656756885872663,0.010345784513594917,1.234227704111569
0.55,0.1,1.2,0.04,0.66,0.34,0.5,0.5836120401337793,0.47712820289523766,0.7994143484626647,0.6319702602230484,0.0,0.4959159859976663,0.8709016393442623,0.1290983606557377,0.0,488,11,0,0.04740677719925638,0.13016743001809641,0.15907593175691317,0.4086202698128262,0.6908915885829118,0.6656756885872663,0.010345784513594917,1.234227704111569
0.55,0.1,1.2,0.08,0.72,0.34,0.5,0.5836120401337793,0.47712820289523766,0.7994143484626647,0.6319702602230484,0.0,0.4959159859976663,0.8709016393442623,0.1290983606557377,0.0,488,11,0,0.04469329635335916,0.13016743001809641,0.15907593175691317,0.4086202698128262,0.6908915885829118,0.6656756885872663,0.010345784513594917,1.234227704111569
0.55,0.1,1.2,0.08,0.66,0.34,0.5,0.5836120401337793,0.47712820289523766,0.7994143484626647,0.6319702602230484,0.0,0.4959159859976663,0.8709016393442623,0.1290983606557377,0.0,488,11,0,0.04740677719925638,0.13016743001809641,0.15907593175691317,0.4086202698128262,0.6908915885829118,0.6656756885872663,0.010345784513594917,1.234227704111569
0.55,0.1,1.2,0.12,0.72,0.34,0.5,0.5836120401337793,0.47712820289523766,0.7994143484626647,0.6319702602230484,0.0,0.4959159859976663,0.8709016393442623,0.1290983606557377,0.0,488,11,0,0.04469329635335916,0.13016743001809641,0.15907593175691317,0.4086202698128262,0.6908915885829118,0.6656756885872663,0.010345784513594917,1.234227704111569
0.65,0.3,1.2,0.12,0.72,0.38,0.5,0.5869565217391305,0.48009507862062395,0.8075253256150506,0.6327599102468212,0.0,0.49823321554770317,0.8668032786885246,0.13319672131147542,0.0,488,11,0,0.045580426026366264,0.13016743001809641,0.15907593175691317,0.4086202698128262,0.6908915885829118,0.6656756885872663,0.010345784513594917,1.236522904157881
0.65,0.3,1.2,0.04,0.72,0.38,0.5,0.5869565217391305,0.48009507862062395,0.8075253256150506,0.6327599102468212,0.0,0.49823321554770317,0.8668032786885246,0.13319672131147542,0.0,488,11,0,0.045580426026366264,0.13016743001809641,0.15907593175691317,0.4086202698128262,0.6908915885829118,0.6656756885872663,0.010345784513594917,1.236522904157881
0.65,0.3,1.2,0.08,0.72,0.38,0.5,0.5869565217391305,0.48009507862062395,0.8075253256150506,0.6327599102468212,0.0,0.49823321554770317,0.8668032786885246,0.13319672131147542,0.0,488,11,0,0.045580426026366264,0.13016743001809641,0.15907593175691317,0.4086202698128262,0.6908915885829118,0.6656756885872663,0.010345784513594917,1.236522904157881
0.55,0.1,1.0,0.04,0.72,0.34,0.5,0.5844481605351171,0.47788962165914617,0.8023255813953488,0.6313432835820896,0.0,0.4964788732394366,0.8668032786885246,0.13319672131147542,0.0,488,11,0,0.046535582009387955,0.13016743001809641,0.15907593175691317,0.4086202698128262,0.6908915885829118,0.6656756885872663,0.010345784513594917,1.241236722323372
0.55,0.1,1.0,0.08,0.72,0.34,0.5,0.5844481605351171,0.47788962165914617,0.8023255813953488,0.6313432835820896,0.0,0.4964788732394366,0.8668032786885246,0.13319672131147542,0.0,488,11,0,0.046535582009387955,0.13016743001809641,0.15907593175691317,0.4086202698128262,0.6908915885829118,0.6656756885872663,0.010345784513594917,1.241236722323372
0.55,0.1,1.0,0.12,0.72,0.34,0.5,0.5844481605351171,0.47788962165914617,0.8023255813953488,0.6313432835820896,0.0,0.4964788732394366,0.8668032786885246,0.13319672131147542,0.0,488,11,0,0.046535582009387955,0.13016743001809641,0.15907593175691317,0.4086202698128262,0.6908915885829118,0.6656756885872663,0.010345784513594917,1.241236722323372
0.55,0.2,1.0,0.12,0.72,0.42,0.5,0.5852842809364549,0.47863547189389893,0.8051948051948052,0.6307116104868914,0.0,0.4970484061393152,0.8627049180327869,0.13729508196721313,0.0,488,11,0,0.045742921016953236,0.13016743001809641,0.15907593175691317,0.4086202698128262,0.6908915885829118,0.6656756885872663,0.010345784513594917,1.2482613090643306
0.55,0.2,1.0,0.08,0.72,0.42,0.5,0.5852842809364549,0.47863547189389893,0.8051948051948052,0.6307116104868914,0.0,0.4970484061393152,0.8627049180327869,0.13729508196721313,0.0,488,11,0,0.045742921016953236,0.13016743001809641,0.15907593175691317,0.4086202698128262,0.6908915885829118,0.6656756885872663,0.010345784513594917,1.2482613090643306
0.55,0.2,1.0,0.04,0.72,0.42,0.5,0.5852842809364549,0.47863547189389893,0.8051948051948052,0.6307116104868914,0.0,0.4970484061393152,0.8627049180327869,0.13729508196721313,0.0,488,11,0,0.045742921016953236,0.13016743001809641,0.15907593175691317,0.4086202698128262,0.6908915885829118,0.6656756885872663,0.010345784513594917,1.2482613090643306
0.65,0.2,1.2,0.04,0.72,0.34,0.5,0.5844481605351171,0.4779025763501898,0.8034682080924855,0.6302395209580839,0.0,0.4964622641509434,0.8627049180327869,0.13729508196721313,0.0,488,11,0,0.04640087401618418,0.13016743001809641,0.15907593175691317,0.4086202698128262,0.6908915885829118,0.6656756885872663,0.010345784513594917,1.2498303250093776
0.65,0.2,1.2,0.12,0.72,0.34,0.5,0.5844481605351171,0.4779025763501898,0.8034682080924855,0.6302395209580839,0.0,0.4964622641509434,0.8627049180327869,0.13729508196721313,0.0,488,11,0,0.04640087401618418,0.13016743001809641,0.15907593175691317,0.4086202698128262,0.6908915885829118,0.6656756885872663,0.010345784513594917,1.2498303250093776
0.65,0.2,1.2,0.08,0.72,0.34,0.5,0.5844481605351171,0.4779025763501898,0.8034682080924855,0.6302395209580839,0.0,0.4964622641509434,0.8627049180327869,0.13729508196721313,0.0,488,11,0,0.04640087401618418,0.13016743001809641,0.15907593175691317,0.4086202698128262,0.6908915885829118,0.6656756885872663,0.010345784513594917,1.2498303250093776
0.55,0.1,1.2,0.12,0.72,0.42,0.5,0.5836120401337793,0.4771782873775998,0.8028776978417266,0.6286571642910728,0.0,0.4958579881656805,0.8586065573770492,0.1413934426229508,0.0,488,11,0,0.045205239595261786,0.13016743001809641,0.15907593175691317,0.4086202698128262,0.6908915885829118,0.6656756885872663,0.010345784513594917,1.2599972917603546
0.55,0.1,1.2,0.04,0.72,0.42,0.5,0.5836120401337793,0.4771782873775998,0.8028776978417266,0.6286571642910728,0.0,0.4958579881656805,0.8586065573770492,0.1413934426229508,0.0,488,11,0,0.045205239595261786,0.13016743001809641,0.15907593175691317,0.4086202698128262,0.6908915885829118,0.6656756885872663,0.010345784513594917,1.2599972917603546
0.65,0.3,1.2,0.04,0.72,0.42,0.5,0.5836120401337793,0.4771782873775998,0.8028776978417266,0.6286571642910728,0.0,0.4958579881656805,0.8586065573770492,0.1413934426229508,0.0,488,11,0,0.04574695559564907,0.13016743001809641,0.15907593175691317,0.4086202698128262,0.6908915885829118,0.6656756885872663,0.010345784513594917,1.2599972917603546
0.55,0.1,1.2,0.08,0.66,0.42,0.5,0.5836120401337793,0.4771782873775998,0.8028776978417266,0.6286571642910728,0.0,0.4958579881656805,0.8586065573770492,0.1413934426229508,0.0,488,11,0,0.04790821125633693,0.13016743001809641,0.15907593175691317,0.4086202698128262,0.6908915885829118,0.6656756885872663,0.010345784513594917,1.2599972917603546
0.65,0.3,1.2,0.12,0.72,0.42,0.5,0.5836120401337793,0.4771782873775998,0.8028776978417266,0.6286571642910728,0.0,0.4958579881656805,0.8586065573770492,0.1413934426229508,0.0,488,11,0,0.04574695559564907,0.13016743001809641,0.15907593175691317,0.4086202698128262,0.6908915885829118,0.6656756885872663,0.010345784513594917,1.2599972917603546
0.65,0.3,1.2,0.08,0.72,0.42,0.5,0.5836120401337793,0.4771782873775998,0.8028776978417266,0.6286571642910728,0.0,0.4958579881656805,0.8586065573770492,0.1413934426229508,0.0,488,11,0,0.04574695559564907,0.13016743001809641,0.15907593175691317,0.4086202698128262,0.6908915885829118,0.6656756885872663,0.010345784513594917,1.2599972917603546
0.55,0.1,1.2,0.04,0.66,0.42,0.5,0.5836120401337793,0.4771782873775998,0.8028776978417266,0.6286571642910728,0.0,0.4958579881656805,0.8586065573770492,0.1413934426229508,0.0,488,11,0,0.04790821125633693,0.13016743001809641,0.15907593175691317,0.4086202698128262,0.6908915885829118,0.6656756885872663,0.010345784513594917,1.2599972917603546
0.55,0.1,1.2,0.08,0.72,0.42,0.5,0.5836120401337793,0.4771782873775998,0.8028776978417266,0.6286571642910728,0.0,0.4958579881656805,0.8586065573770492,0.1413934426229508,0.0,488,11,0,0.045205239595261786,0.13016743001809641,0.15907593175691317,0.4086202698128262,0.6908915885829118,0.6656756885872663,0.010345784513594917,1.2599972917603546
0.55,0.1,1.2,0.12,0.66,0.42,0.5,0.5836120401337793,0.4771782873775998,0.8028776978417266,0.6286571642910728,0.0,0.4958579881656805,0.8586065573770492,0.1413934426229508,0.0,488,11,0,0.04790821125633693,0.13016743001809641,0.15907593175691317,0.4086202698128262,0.6908915885829118,0.6656756885872663,0.010345784513594917,1.2599972917603546
0.65,0.1,1.2,0.12,0.72,0.34,0.5,0.5852842809364549,0.4786371156903713,0.8068669527896996,0.6290443942814146,0.0,0.49702734839476814,0.8565573770491803,0.14344262295081966,0.0,488,11,0,0.04747732204763544,0.13016743001809641,0.15907593175691317,0.4086202698128262,0.6908915885829118,0.6656756885872663,0.010345784513594917,1.261169501333432
0.65,0.1,1.2,0.04,0.72,0.34,0.5,0.5852842809364549,0.4786371156903713,0.8068669527896996,0.6290443942814146,0.0,0.49702734839476814,0.8565573770491803,0.14344262295081966,0.0,488,11,0,0.04747732204763544,0.13016743001809641,0.15907593175691317,0.4086202698128262,0.6908915885829118,0.6656756885872663,0.010345784513594917,1.261169501333432
0.65,0.1,1.2,0.08,0.72,0.34,0.5,0.5852842809364549,0.4786371156903713,0.8068669527896996,0.6290443942814146,0.0,0.49702734839476814,0.8565573770491803,0.14344262295081966,0.0,488,11,0,0.04747732204763544,0.13016743001809641,0.15907593175691317,0.4086202698128262,0.6908915885829118,0.6656756885872663,0.010345784513594917,1.261169501333432
0.65,0.2,1.2,0.08,0.72,0.38,0.5,0.5844481605351171,0.47790967389821254,0.8051575931232091,0.6285714285714286,0.0,0.49643705463182897,0.8565573770491803,0.14344262295081966,0.0,488,11,0,0.04674451253023997,0.13016743001809641,0.15907593175691317,0.4086202698128262,0.6908915885829118,0.6656756885872663,0.010345784513594917,1.2627330635269287
0.65,0.2,1.2,0.04,0.72,0.38,0.5,0.5844481605351171,0.47790967389821254,0.8051575931232091,0.6285714285714286,0.0,0.49643705463182897,0.8565573770491803,0.14344262295081966,0.0,488,11,0,0.04674451253023997,0.13016743001809641,0.15907593175691317,0.4086202698128262,0.6908915885829118,0.6656756885872663,0.010345784513594917,1.2627330635269287
0.65,0.2,1.2,0.12,0.72,0.38,0.5,0.5844481605351171,0.47790967389821254,0.8051575931232091,0.6285714285714286,0.0,0.49643705463182897,0.8565573770491803,0.14344262295081966,0.0,488,11,0,0.04674451253023997,0.13016743001809641,0.15907593175691317,0.4086202698128262,0.6908915885829118,0.6656756885872663,0.010345784513594917,1.2627330635269287
0.55,0.1,1.0,0.04,0.72,0.38,0.5,0.5827759197324415,0.476450588519554,0.8017241379310345,0.6276276276276276,0.0,0.495260663507109,0.8565573770491803,0.14344262295081966,0.0,488,11,0,0.04695657883616621,0.13016743001809641,0.15907593175691317,0.4086202698128262,0.6908915885829118,0.6656756885872663,0.010345784513594917,1.2658643897082629
0.55,0.1,1.0,0.12,0.72,0.38,0.5,0.5827759197324415,0.476450588519554,0.8017241379310345,0.6276276276276276,0.0,0.495260663507109,0.8565573770491803,0.14344262295081966,0.0,488,11,0,0.04695657883616621,0.13016743001809641,0.15907593175691317,0.4086202698128262,0.6908915885829118,0.6656756885872663,0.010345784513594917,1.2658643897082629
0.55,0.1,1.0,0.08,0.72,0.38,0.5,0.5827759197324415,0.476450588519554,0.8017241379310345,0.6276276276276276,0.0,0.495260663507109,0.8565573770491803,0.14344262295081966,0.0,488,11,0,0.04695657883616621,0.13016743001809641,0.15907593175691317,0.4086202698128262,0.6908915885829118,0.6656756885872663,0.010345784513594917,1.2658643897082629
0.65,0.1,1.2,0.12,0.72,0.42,0.5,0.5844481605351171,0.4779087779690189,0.8057142857142857,0.6280120481927711,0.0,0.49642857142857144,0.8545081967213115,0.14549180327868852,0.0,488,11,0,0.04820977605459814,0.13016743001809641,0.15907593175691317,0.4086202698128262,0.6908915885829118,0.6656756885872663,0.010345784513594917,1.2670372381446466
0.65,0.1,1.2,0.08,0.72,0.38,0.5,0.5844481605351171,0.4779087779690189,0.8057142857142857,0.6280120481927711,0.0,0.49642857142857144,0.8545081967213115,0.14549180327868852,0.0,488,11,0,0.047905668443307924,0.13016743001809641,0.15907593175691317,0.4086202698128262,0.6908915885829118,0.6656756885872663,0.010345784513594917,1.2670372381446466
0.65,0.1,1.2,0.04,0.72,0.38,0.5,0.5844481605351171,0.4779087779690189,0.8057142857142857,0.6280120481927711,0.0,0.49642857142857144,0.8545081967213115,0.14549180327868852,0.0,488,11,0,0.047905668443307924,0.13016743001809641,0.15907593175691317,0.4086202698128262,0.6908915885829118,0.6656756885872663,0.010345784513594917,1.2670372381446466
0.65,0.1,1.2,0.04,0.72,0.42,0.5,0.5844481605351171,0.4779087779690189,0.8057142857142857,0.6280120481927711,0.0,0.49642857142857144,0.8545081967213115,0.14549180327868852,0.0,488,11,0,0.04820977605459814,0.13016743001809641,0.15907593175691317,0.4086202698128262,0.6908915885829118,0.6656756885872663,0.010345784513594917,1.2670372381446466
0.65,0.1,1.2,0.08,0.72,0.42,0.5,0.5844481605351171,0.4779087779690189,0.8057142857142857,0.6280120481927711,0.0,0.49642857142857144,0.8545081967213115,0.14549180327868852,0.0,488,11,0,0.04820977605459814,0.13016743001809641,0.15907593175691317,0.4086202698128262,0.6908915885829118,0.6656756885872663,0.010345784513594917,1.2670372381446466
0.65,0.1,1.2,0.12,0.72,0.38,0.5,0.5844481605351171,0.4779087779690189,0.8057142857142857,0.6280120481927711,0.0,0.49642857142857144,0.8545081967213115,0.14549180327868852,0.0,488,11,0,0.047905668443307924,0.13016743001809641,0.15907593175691317,0.4086202698128262,0.6908915885829118,0.6656756885872663,0.010345784513594917,1.2670372381446466
0.65,0.2,1.2,0.12,0.72,0.42,0.5,0.5836120401337793,0.4771817419488875,0.804005722460658,0.6275395033860045,0.0,0.4958382877526754,0.8545081967213115,0.14549180327868852,0.0,488,11,0,0.04697016980307052,0.13016743001809641,0.15907593175691317,0.4086202698128262,0.6908915885829118,0.6656756885872663,0.010345784513594917,1.268600394566116
0.65,0.2,1.2,0.04,0.72,0.42,0.5,0.5836120401337793,0.4771817419488875,0.804005722460658,0.6275395033860045,0.0,0.4958382877526754,0.8545081967213115,0.14549180327868852,0.0,488,11,0,0.04697016980307052,0.13016743001809641,0.15907593175691317,0.4086202698128262,0.6908915885829118,0.6656756885872663,0.010345784513594917,1.268600394566116
0.65,0.2,1.2,0.08,0.72,0.42,0.5,0.5836120401337793,0.4771817419488875,0.804005722460658,0.6275395033860045,0.0,0.4958382877526754,0.8545081967213115,0.14549180327868852,0.0,488,11,0,0.04697016980307052,0.13016743001809641,0.15907593175691317,0.4086202698128262,0.6908915885829118,0.6656756885872663,0.010345784513594917,1.268600394566116
0.55,0.1,1.0,0.08,0.72,0.42,0.5,0.5836120401337793,0.4771817419488875,0.804005722460658,0.6275395033860045,0.0,0.4958382877526754,0.8545081967213115,0.14549180327868852,0.0,488,11,0,0.04727762667303921,0.13016743001809641,0.15907593175691317,0.4086202698128262,0.6908915885829118,0.6656756885872663,0.010345784513594917,1.268600394566116
0.55,0.1,1.0,0.12,0.72,0.42,0.5,0.5836120401337793,0.4771817419488875,0.804005722460658,0.6275395033860045,0.0,0.4958382877526754,0.8545081967213115,0.14549180327868852,0.0,488,11,0,0.04727762667303921,0.13016743001809641,0.15907593175691317,0.4086202698128262,0.6908915885829118,0.6656756885872663,0.010345784513594917,1.268600394566116
0.55,0.1,1.0,0.04,0.72,0.42,0.5,0.5836120401337793,0.4771817419488875,0.804005722460658,0.6275395033860045,0.0,0.4958382877526754,0.8545081967213115,0.14549180327868852,0.0,488,11,0,0.04727762667303921,0.13016743001809641,0.15907593175691317,0.4086202698128262,0.6908915885829118,0.6656756885872663,0.010345784513594917,1.268600394566116
0.55,0.2,1.2,0.04,0.72,0.34,0.25,0.5811036789297659,0.47499223361292325,0.7988505747126436,0.6261261261261262,0.0,0.4940758293838863,0.8545081967213115,0.14549180327868852,0.0,488,14,0,0.04518576293234134,0.13016743001809641,0.15907593175691317,0.4086202698128262,0.6908915885829118,0.6656756885872663,0.010345784513594917,1.2732982641060935
0.55,0.2,1.2,0.12,0.72,0.34,0.25,0.5811036789297659,0.47499223361292325,0.7988505747126436,0.6261261261261262,0.0,0.4940758293838863,0.8545081967213115,0.14549180327868852,0.0,488,14,0,0.04518576293234134,0.13016743001809641,0.15907593175691317,0.4086202698128262,0.6908915885829118,0.6656756885872663,0.010345784513594917,1.2732982641060935
0.55,0.2,1.2,0.04,0.66,0.34,0.25,0.5811036789297659,0.47499223361292325,0.7988505747126436,0.6261261261261262,0.0,0.4940758293838863,0.8545081967213115,0.14549180327868852,0.0,488,14,0,0.04703874331234724,0.13016743001809641,0.15907593175691317,0.4086202698128262,0.6908915885829118,0.6656756885872663,0.010345784513594917,1.2732982641060935
0.55,0.2,1.2,0.08,0.66,0.34,0.25,0.5811036789297659,0.47499223361292325,0.7988505747126436,0.6261261261261262,0.0,0.4940758293838863,0.8545081967213115,0.14549180327868852,0.0,488,14,0,0.04703874331234724,0.13016743001809641,0.15907593175691317,0.4086202698128262,0.6908915885829118,0.6656756885872663,0.010345784513594917,1.2732982641060935
0.55,0.2,1.2,0.12,0.66,0.34,0.25,0.5811036789297659,0.47499223361292325,0.7988505747126436,0.6261261261261262,0.0,0.4940758293838863,0.8545081967213115,0.14549180327868852,0.0,488,14,0,0.04703874331234724,0.13016743001809641,0.15907593175691317,0.4086202698128262,0.6908915885829118,0.6656756885872663,0.010345784513594917,1.2732982641060935
0.55,0.2,1.2,0.08,0.72,0.34,0.25,0.5811036789297659,0.47499223361292325,0.7988505747126436,0.6261261261261262,0.0,0.4940758293838863,0.8545081967213115,0.14549180327868852,0.0,488,14,0,0.04518576293234134,0.13016743001809641,0.15907593175691317,0.4086202698128262,0.6908915885829118,0.6656756885872663,0.010345784513594917,1.2732982641060935
0.55,0.3,1.0,0.04,0.66,0.34,0.25,0.5827759197324415,0.4764543889845094,0.8028571428571428,0.6265060240963856,0.0,0.49523809523809526,0.8524590163934426,0.14754098360655737,0.0,488,14,0,0.04749147083143529,0.13016743001809641,0.15907593175691317,0.4086202698128262,0.6908915885829118,0.6656756885872663,0.010345784513594917,1.2744671466203565
0.55,0.3,1.0,0.12,0.66,0.34,0.25,0.5827759197324415,0.4764543889845094,0.8028571428571428,0.6265060240963856,0.0,0.49523809523809526,0.8524590163934426,0.14754098360655737,0.0,488,14,0,0.04749147083143529,0.13016743001809641,0.15907593175691317,0.4086202698128262,0.6908915885829118,0.6656756885872663,0.010345784513594917,1.2744671466203565
0.55,0.3,1.0,0.04,0.72,0.34,0.25,0.5827759197324415,0.4764543889845094,0.8028571428571428,0.6265060240963856,0.0,0.49523809523809526,0.8524590163934426,0.14754098360655737,0.0,488,14,0,0.045714110779197285,0.13016743001809641,0.15907593175691317,0.4086202698128262,0.6908915885829118,0.6656756885872663,0.010345784513594917,1.2744671466203565
0.55,0.3,1.0,0.08,0.72,0.34,0.25,0.5827759197324415,0.4764543889845094,0.8028571428571428,0.6265060240963856,0.0,0.49523809523809526,0.8524590163934426,0.14754098360655737,0.0,488,14,0,0.045714110779197285,0.13016743001809641,0.15907593175691317,0.4086202698128262,0.6908915885829118,0.6656756885872663,0.010345784513594917,1.2744671466203565
0.55,0.3,1.0,0.08,0.66,0.34,0.25,0.5827759197324415,0.4764543889845094,0.8028571428571428,0.6265060240963856,0.0,0.49523809523809526,0.8524590163934426,0.14754098360655737,0.0,488,14,0,0.04749147083143529,0.13016743001809641,0.15907593175691317,0.4086202698128262,0.6908915885829118,0.6656756885872663,0.010345784513594917,1.2744671466203565
0.55,0.3,1.0,0.12,0.72,0.34,0.25,0.5827759197324415,0.4764543889845094,0.8028571428571428,0.6265060240963856,0.0,0.49523809523809526,0.8524590163934426,0.14754098360655737,0.0,488,14,0,0.045714110779197285,0.13016743001809641,0.15907593175691317,0.4086202698128262,0.6908915885829118,0.6656756885872663,0.010345784513594917,1.2744671466203565
0.55,0.3,1.2,0.08,0.72,0.34,0.25,0.580267558528428,0.47448609988953655,0.7982708933717579,0.6251874062968515,0.0,0.4929078014184397,0.8545081967213115,0.14549180327868852,0.0,488,13,0,0.04351832186358753,0.13016743001809641,0.15907593175691317,0.4086202698128262,0.6908915885829118,0.6656756885872663,0.010345784513594917,1.274640518230818
0.55,0.3,1.2,0.08,0.66,0.34,0.25,0.580267558528428,0.47448609988953655,0.7982708933717579,0.6251874062968515,0.0,0.4929078014184397,0.8545081967213115,0.14549180327868852,0.0,488,13,0,0.04507894996889684,0.13016743001809641,0.15907593175691317,0.4086202698128262,0.6908915885829118,0.6656756885872663,0.010345784513594917,1.274640518230818
0.55,0.3,1.2,0.12,0.72,0.34,0.25,0.580267558528428,0.47448609988953655,0.7982708933717579,0.6251874062968515,0.0,0.4929078014184397,0.8545081967213115,0.14549180327868852,0.0,488,13,0,0.04351832186358753,0.13016743001809641,0.15907593175691317,0.4086202698128262,0.6908915885829118,0.6656756885872663,0.010345784513594917,1.274640518230818
0.55,0.3,1.2,0.04,0.72,0.34,0.25,0.580267558528428,0.47448609988953655,0.7982708933717579,0.6251874062968515,0.0,0.4929078014184397,0.8545081967213115,0.14549180327868852,0.0,488,13,0,0.04351832186358753,0.13016743001809641,0.15907593175691317,0.4086202698128262,0.6908915885829118,0.6656756885872663,0.010345784513594917,1.274640518230818
0.55,0.3,1.2,0.04,0.66,0.34,0.25,0.580267558528428,0.47448609988953655,0.7982708933717579,0.6251874062968515,0.0,0.4929078014184397,0.8545081967213115,0.14549180327868852,0.0,488,13,0,0.04507894996889684,0.13016743001809641,0.15907593175691317,0.4086202698128262,0.6908915885829118,0.6656756885872663,0.010345784513594917,1.274640518230818
0.55,0.3,1.2,0.12,0.66,0.34,0.25,0.580267558528428,0.47448609988953655,0.7982708933717579,0.6251874062968515,0.0,0.4929078014184397,0.8545081967213115,0.14549180327868852,0.0,488,13,0,0.04507894996889684,0.13016743001809641,0.15907593175691317,0.4086202698128262,0.6908915885829118,0.6656756885872663,0.010345784513594917,1.274640518230818
0.55,0.3,1.2,0.12,0.72,0.38,0.25,0.5819397993311036,0.4757276091391313,0.8017118402282454,0.6254709871891485,0.0,0.49463647199046484,0.8504098360655737,0.14959016393442623,0.0,488,14,0,0.043822187584215994,0.13016743001809641,0.15907593175691317,0.4086202698128262,0.6908915885829118,0.6656756885872663,0.010345784513594917,1.2803333255555969
0.55,0.3,1.2,0.12,0.66,0.38,0.25,0.5819397993311036,0.4757276091391313,0.8017118402282454,0.6254709871891485,0.0,0.49463647199046484,0.8504098360655737,0.14959016393442623,0.0,488,14,0,0.04537737365942834,0.13016743001809641,0.15907593175691317,0.4086202698128262,0.6908915885829118,0.6656756885872663,0.010345784513594917,1.2803333255555969
0.55,0.3,1.2,0.08,0.72,0.38,0.25,0.5819397993311036,0.4757276091391313,0.8017118402282454,0.6254709871891485,0.0,0.49463647199046484,0.8504098360655737,0.14959016393442623,0.0,488,14,0,0.043822187584215994,0.13016743001809641,0.15907593175691317,0.4086202698128262,0.6908915885829118,0.6656756885872663,0.010345784513594917,1.2803333255555969
0.55,0.3,1.2,0.04,0.66,0.38,0.25,0.5819397993311036,0.4757276091391313,0.8017118402282454,0.6254709871891485,0.0,0.49463647199046484,0.8504098360655737,0.14959016393442623,0.0,488,14,0,0.04537737365942834,0.13016743001809641,0.15907593175691317,0.4086202698128262,0.6908915885829118,0.6656756885872663,0.010345784513594917,1.2803333255555969
0.55,0.3,1.2,0.08,0.66,0.38,0.25,0.5819397993311036,0.4757276091391313,0.8017118402282454,0.6254709871891485,0.0,0.49463647199046484,0.8504098360655737,0.14959016393442623,0.0,488,14,0,0.04537737365942834,0.13016743001809641,0.15907593175691317,0.4086202698128262,0.6908915885829118,0.6656756885872663,0.010345784513594917,1.2803333255555969
0.55,0.3,1.2,0.04,0.72,0.38,0.25,0.5819397993311036,0.4757276091391313,0.8017118402282454,0.6254709871891485,0.0,0.49463647199046484,0.8504098360655737,0.14959016393442623,0.0,488,14,0,0.043822187584215994,0.13016743001809641,0.15907593175691317,0.4086202698128262,0.6908915885829118,0.6656756885872663,0.010345784513594917,1.2803333255555969
0.55,0.3,1.2,0.12,0.72,0.42,0.25,0.5827759197324415,0.47622616700947695,0.8033946251768034,0.6252838758516276,0.0,0.4957983193277311,0.8463114754098361,0.15368852459016394,0.0,488,14,0,0.04394908913742807,0.13016743001809641,0.15907593175691317,0.4086202698128262,0.6908915885829118,0.6656756885872663,0.010345784513594917,1.2876052046609627
0.55,0.3,1.2,0.04,0.66,0.42,0.25,0.5827759197324415,0.47622616700947695,0.8033946251768034,0.6252838758516276,0.0,0.4957983193277311,0.8463114754098361,0.15368852459016394,0.0,488,14,0,0.04549253636023303,0.13016743001809641,0.15907593175691317,0.4086202698128262,0.6908915885829118,0.6656756885872663,0.010345784513594917,1.2876052046609627
0.55,0.3,1.2,0.08,0.66,0.42,0.25,0.5827759197324415,0.47622616700947695,0.8033946251768034,0.6252838758516276,0.0,0.4957983193277311,0.8463114754098361,0.15368852459016394,0.0,488,14,0,0.04549253636023303,0.13016743001809641,0.15907593175691317,0.4086202698128262,0.6908915885829118,0.6656756885872663,0.010345784513594917,1.2876052046609627
0.55,0.3,1.2,0.12,0.66,0.42,0.25,0.5827759197324415,0.47622616700947695,0.8033946251768034,0.6252838758516276,0.0,0.4957983193277311,0.8463114754098361,0.15368852459016394,0.0,488,14,0,0.04549253636023303,0.13016743001809641,0.15907593175691317,0.4086202698128262,0.6908915885829118,0.6656756885872663,0.010345784513594917,1.2876052046609627
0.55,0.3,1.2,0.04,0.72,0.42,0.25,0.5827759197324415,0.47622616700947695,0.8033946251768034,0.6252838758516276,0.0,0.4957983193277311,0.8463114754098361,0.15368852459016394,0.0,488,14,0,0.04394908913742807,0.13016743001809641,0.15907593175691317,0.4086202698128262,0.6908915885829118,0.6656756885872663,0.010345784513594917,1.2876052046609627
0.55,0.3,1.2,0.08,0.72,0.42,0.25,0.5827759197324415,0.47622616700947695,0.8033946251768034,0.6252838758516276,0.0,0.4957983193277311,0.8463114754098361,0.15368852459016394,0.0,488,14,0,0.04394908913742807,0.13016743001809641,0.15907593175691317,0.4086202698128262,0.6908915885829118,0.6656756885872663,0.010345784513594917,1.2876052046609627
0.55,0.1,1.2,0.12,0.72,0.34,0.25,0.580267558528428,0.4742742004550144,0.7988587731811697,0.6239638281838734,0.0,0.4934445768772348,0.8483606557377049,0.15163934426229508,0.0,488,14,0,0.046820723974272595,0.13016743001809641,0.15907593175691317,0.4086202698128262,0.6908915885829118,0.6656756885872663,0.010345784513594917,1.2877622537309141
0.55,0.1,1.2,0.08,0.72,0.34,0.25,0.580267558528428,0.4742742004550144,0.7988587731811697,0.6239638281838734,0.0,0.4934445768772348,0.8483606557377049,0.15163934426229508,0.0,488,14,0,0.046820723974272595,0.13016743001809641,0.15907593175691317,0.4086202698128262,0.6908915885829118,0.6656756885872663,0.010345784513594917,1.2877622537309141
0.55,0.1,1.2,0.12,0.66,0.34,0.25,0.580267558528428,0.4742742004550144,0.7988587731811697,0.6239638281838734,0.0,0.4934445768772348,0.8483606557377049,0.15163934426229508,0.0,488,14,0,0.048995805469797905,0.13016743001809641,0.15907593175691317,0.4086202698128262,0.6908915885829118,0.6656756885872663,0.010345784513594917,1.2877622537309141
0.55,0.1,1.2,0.04,0.72,0.34,0.25,0.580267558528428,0.4742742004550144,0.7988587731811697,0.6239638281838734,0.0,0.4934445768772348,0.8483606557377049,0.15163934426229508,0.0,488,14,0,0.046820723974272595,0.13016743001809641,0.15907593175691317,0.4086202698128262,0.6908915885829118,0.6656756885872663,0.010345784513594917,1.2877622537309141
0.55,0.1,1.2,0.04,0.66,0.34,0.25,0.580267558528428,0.4742742004550144,0.7988587731811697,0.6239638281838734,0.0,0.4934445768772348,0.8483606557377049,0.15163934426229508,0.0,488,14,0,0.048995805469797905,0.13016743001809641,0.15907593175691317,0.4086202698128262,0.6908915885829118,0.6656756885872663,0.010345784513594917,1.2877622537309141
0.55,0.1,1.2,0.08,0.66,0.34,0.25,0.580267558528428,0.4742742004550144,0.7988587731811697,0.6239638281838734,0.0,0.4934445768772348,0.8483606557377049,0.15163934426229508,0.0,488,14,0,0.048995805469797905,0.13016743001809641,0.15907593175691317,0.4086202698128262,0.6908915885829118,0.6656756885872663,0.010345784513594917,1.2877622537309141
0.65,0.3,1.2,0.12,0.72,0.38,0.25,0.5836120401337793,0.4765035347153444,0.8033707865168539,0.6261398176291794,0.0,0.4975845410628019,0.8442622950819673,0.1557377049180328,0.0,488,13,0,0.046911156569137864,0.13016743001809641,0.15907593175691317,0.4086202698128262,0.6908915885829118,0.6656756885872663,0.010345784513594917,1.290794995242282
0.65,0.3,1.2,0.08,0.72,0.38,0.25,0.5836120401337793,0.4765035347153444,0.8033707865168539,0.6261398176291794,0.0,0.4975845410628019,0.8442622950819673,0.1557377049180328,0.0,488,13,0,0.046911156569137864,0.13016743001809641,0.15907593175691317,0.4086202698128262,0.6908915885829118,0.6656756885872663,0.010345784513594917,1.290794995242282
0.65,0.3,1.2,0.04,0.72,0.38,0.25,0.5836120401337793,0.4765035347153444,0.8033707865168539,0.6261398176291794,0.0,0.4975845410628019,0.8442622950819673,0.1557377049180328,0.0,488,13,0,0.046911156569137864,0.13016743001809641,0.15907593175691317,0.4086202698128262,0.6908915885829118,0.6656756885872663,0.010345784513594917,1.290794995242282
0.55,0.2,1.0,0.08,0.72,0.34,0.25,0.580267558528428,0.47427574545747336,0.7994310099573257,0.6233962264150943,0.0,0.4934289127837515,0.8463114754098361,0.15368852459016394,0.0,488,14,0,0.04737376679922439,0.13016743001809641,0.15907593175691317,0.4086202698128262,0.6908915885829118,0.6656756885872663,0.010345784513594917,1.2920639874169797
0.55,0.2,1.0,0.04,0.72,0.34,0.25,0.580267558528428,0.47427574545747336,0.7994310099573257,0.6233962264150943,0.0,0.4934289127837515,0.8463114754098361,0.15368852459016394,0.0,488,14,0,0.04737376679922439,0.13016743001809641,0.15907593175691317,0.4086202698128262,0.6908915885829118,0.6656756885872663,0.010345784513594917,1.2920639874169797
0.55,0.2,1.0,0.12,0.72,0.34,0.25,0.580267558528428,0.47427574545747336,0.7994310099573257,0.6233962264150943,0.0,0.4934289127837515,0.8463114754098361,0.15368852459016394,0.0,488,14,0,0.04737376679922439,0.13016743001809641,0.15907593175691317,0.4086202698128262,0.6908915885829118,0.6656756885872663,0.010345784513594917,1.2920639874169797
0.55,0.2,1.2,0.08,0.66,0.42,0.25,0.5827759197324415,0.4760021942479358,0.8028169014084507,0.6251896813353566,0.0,0.4963855421686747,0.8442622950819673,0.1557377049180328,0.0,488,13,0,0.04751188360465613,0.13016743001809641,0.15907593175691317,0.4086202698128262,0.6908915885829118,0.6656756885872663,0.010345784513594917,1.2921324561110283
0.55,0.3,1.0,0.12,0.72,0.42,0.25,0.5827759197324415,0.4760021942479358,0.8028169014084507,0.6251896813353566,0.0,0.4963855421686747,0.8442622950819673,0.1557377049180328,0.0,488,13,0,0.04615480443686728,0.13016743001809641,0.15907593175691317,0.4086202698128262,0.6908915885829118,0.6656756885872663,0.010345784513594917,1.2921324561110283
0.55,0.2,1.2,0.12,0.72,0.42,0.25,0.5827759197324415,0.4760021942479358,0.8028169014084507,0.6251896813353566,0.0,0.4963855421686747,0.8442622950819673,0.1557377049180328,0.0,488,13,0,0.04568162179885715,0.13016743001809641,0.15907593175691317,0.4086202698128262,0.6908915885829118,0.6656756885872663,0.010345784513594917,1.2921324561110283
0.55,0.3,1.0,0.04,0.72,0.42,0.25,0.5827759197324415,0.4760021942479358,0.8028169014084507,0.6251896813353566,0.0,0.4963855421686747,0.8442622950819673,0.1557377049180328,0.0,488,13,0,0.04615480443686728,0.13016743001809641,0.15907593175691317,0.4086202698128262,0.6908915885829118,0.6656756885872663,0.010345784513594917,1.2921324561110283
0.55,0.2,1.2,0.04,0.66,0.42,0.25,0.5827759197324415,0.4760021942479358,0.8028169014084507,0.6251896813353566,0.0,0.4963855421686747,0.8442622950819673,0.1557377049180328,0.0,488,13,0,0.04751188360465613,0.13016743001809641,0.15907593175691317,0.4086202698128262,0.6908915885829118,0.6656756885872663,0.010345784513594917,1.2921324561110283
0.55,0.2,1.2,0.04,0.72,0.42,0.25,0.5827759197324415,0.4760021942479358,0.8028169014084507,0.6251896813353566,0.0,0.4963855421686747,0.8442622950819673,0.1557377049180328,0.0,488,13,0,0.04568162179885715,0.13016743001809641,0.15907593175691317,0.4086202698128262,0.6908915885829118,0.6656756885872663,0.010345784513594917,1.2921324561110283
0.55,0.2,1.2,0.08,0.72,0.42,0.25,0.5827759197324415,0.4760021942479358,0.8028169014084507,0.6251896813353566,0.0,0.4963855421686747,0.8442622950819673,0.1557377049180328,0.0,488,13,0,0.04568162179885715,0.13016743001809641,0.15907593175691317,0.4086202698128262,0.6908915885829118,0.6656756885872663,0.010345784513594917,1.2921324561110283
0.55,0.3,1.0,0.12,0.66,0.42,0.25,0.5827759197324415,0.4760021942479358,0.8028169014084507,0.6251896813353566,0.0,0.4963855421686747,0.8442622950819673,0.1557377049180328,0.0,488,13,0,0.047906289132161065,0.13016743001809641,0.15907593175691317,0.4086202698128262,0.6908915885829118,0.6656756885872663,0.010345784513594917,1.2921324561110283
0.55,0.3,1.0,0.08,0.66,0.42,0.25,0.5827759197324415,0.4760021942479358,0.8028169014084507,0.6251896813353566,0.0,0.4963855421686747,0.8442622950819673,0.1557377049180328,0.0,488,13,0,0.047906289132161065,0.13016743001809641,0.15907593175691317,0.4086202698128262,0.6908915885829118,0.6656756885872663,0.010345784513594917,1.2921324561110283
0.55,0.3,1.0,0.08,0.72,0.42,0.25,0.5827759197324415,0.4760021942479358,0.8028169014084507,0.6251896813353566,0.0,0.4963855421686747,0.8442622950819673,0.1557377049180328,0.0,488,13,0,0.04615480443686728,0.13016743001809641,0.15907593175691317,0.4086202698128262,0.6908915885829118,0.6656756885872663,0.010345784513594917,1.2921324561110283
0.55,0.2,1.2,0.12,0.66,0.42,0.25,0.5827759197324415,0.4760021942479358,0.8028169014084507,0.6251896813353566,0.0,0.4963855421686747,0.8442622950819673,0.1557377049180328,0.0,488,13,0,0.04751188360465613,0.13016743001809641,0.15907593175691317,0.4086202698128262,0.6908915885829118,0.6656756885872663,0.010345784513594917,1.2921324561110283
0.55,0.3,1.0,0.04,0.66,0.42,0.25,0.5827759197324415,0.4760021942479358,0.8028169014084507,0.6251896813353566,0.0,0.4963855421686747,0.8442622950819673,0.1557377049180328,0.0,488,13,0,0.047906289132161065,0.13016743001809641,0.15907593175691317,0.4086202698128262,0.6908915885829118,0.6656756885872663,0.010345784513594917,1.2921324561110283
0.65,0.2,1.2,0.04,0.72,0.34,0.25,0.5819397993311036,0.4752813478319295,0.8011283497884344,0.624715693707354,0.0,0.49578820697954273,0.8442622950819673,0.1557377049180328,0.0,488,14,0,0.04792081229073666,0.13016743001809641,0.15907593175691317,0.4086202698128262,0.6908915885829118,0.6656756885872663,0.010345784513594917,1.2936894229283724
0.65,0.2,1.2,0.12,0.72,0.34,0.25,0.5819397993311036,0.4752813478319295,0.8011283497884344,0.624715693707354,0.0,0.49578820697954273,0.8442622950819673,0.1557377049180328,0.0,488,14,0,0.04792081229073666,0.13016743001809641,0.15907593175691317,0.4086202698128262,0.6908915885829118,0.6656756885872663,0.010345784513594917,1.2936894229283724
0.65,0.2,1.2,0.08,0.72,0.34,0.25,0.5819397993311036,0.4752813478319295,0.8011283497884344,0.624715693707354,0.0,0.49578820697954273,0.8442622950819673,0.1557377049180328,0.0,488,14,0,0.04792081229073666,0.13016743001809641,0.15907593175691317,0.4086202698128262,0.6908915885829118,0.6656756885872663,0.010345784513594917,1.2936894229283724
0.55,0.2,1.2,0.12,0.66,0.38,0.25,0.5811036789297659,0.47477854739080483,0.8005657708628006,0.6237698713096139,0.0,0.49459783913565425,0.8442622950819673,0.1557377049180328,0.0,488,14,0,0.047379865861334546,0.13016743001809641,0.15907593175691317,0.4086202698128262,0.6908915885829118,0.6656756885872663,0.010345784513594917,1.295028343770835
0.55,0.3,1.0,0.08,0.72,0.38,0.25,0.5811036789297659,0.47477854739080483,0.8005657708628006,0.6237698713096139,0.0,0.49459783913565425,0.8442622950819673,0.1557377049180328,0.0,488,14,0,0.04602475576295967,0.13016743001809641,0.15907593175691317,0.4086202698128262,0.6908915885829118,0.6656756885872663,0.010345784513594917,1.295028343770835
0.55,0.3,1.0,0.08,0.66,0.38,0.25,0.5811036789297659,0.47477854739080483,0.8005657708628006,0.6237698713096139,0.0,0.49459783913565425,0.8442622950819673,0.1557377049180328,0.0,488,14,0,0.04779615023318791,0.13016743001809641,0.15907593175691317,0.4086202698128262,0.6908915885829118,0.6656756885872663,0.010345784513594917,1.295028343770835
0.55,0.2,1.2,0.12,0.72,0.38,0.25,0.5811036789297659,0.47477854739080483,0.8005657708628006,0.6237698713096139,0.0,0.49459783913565425,0.8442622950819673,0.1557377049180328,0.0,488,14,0,0.045535826495870096,0.13016743001809641,0.15907593175691317,0.4086202698128262,0.6908915885829118,0.6656756885872663,0.010345784513594917,1.295028343770835
0.55,0.3,1.0,0.12,0.66,0.38,0.25,0.5811036789297659,0.47477854739080483,0.8005657708628006,0.6237698713096139,0.0,0.49459783913565425,0.8442622950819673,0.1557377049180328,0.0,488,14,0,0.04779615023318791,0.13016743001809641,0.15907593175691317,0.4086202698128262,0.6908915885829118,0.6656756885872663,0.010345784513594917,1.295028343770835
0.55,0.3,1.0,0.04,0.66,0.38,0.25,0.5811036789297659,0.47477854739080483,0.8005657708628006,0.6237698713096139,0.0,0.49459783913565425,0.8442622950819673,0.1557377049180328,0.0,488,14,0,0.04779615023318791,0.13016743001809641,0.15907593175691317,0.4086202698128262,0.6908915885829118,0.6656756885872663,0.010345784513594917,1.295028343770835
0.55,0.3,1.0,0.04,0.72,0.38,0.25,0.5811036789297659,0.47477854739080483,0.8005657708628006,0.6237698713096139,0.0,0.49459783913565425,0.8442622950819673,0.1557377049180328,0.0,488,14,0,0.04602475576295967,0.13016743001809641,0.15907593175691317,0.4086202698128262,0.6908915885829118,0.6656756885872663,0.010345784513594917,1.295028343770835
0.55,0.3,1.0,0.12,0.72,0.38,0.25,0.5811036789297659,0.47477854739080483,0.8005657708628006,0.6237698713096139,0.0,0.49459783913565425,0.8442622950819673,0.1557377049180328,0.0,488,14,0,0.04602475576295967,0.13016743001809641,0.15907593175691317,0.4086202698128262,0.6908915885829118,0.6656756885872663,0.010345784513594917,1.295028343770835
0.55,0.2,1.2,0.08,0.66,0.38,0.25,0.5811036789297659,0.47477854739080483,0.8005657708628006,0.6237698713096139,0.0,0.49459783913565425,0.8442622950819673,0.1557377049180328,0.0,488,14,0,0.047379865861334546,0.13016743001809641,0.15907593175691317,0.4086202698128262,0.6908915885829118,0.6656756885872663,0.010345784513594917,1.295028343770835
0.55,0.2,1.2,0.08,0.72,0.38,0.25,0.5811036789297659,0.47477854739080483,0.8005657708628006,0.6237698713096139,0.0,0.49459783913565425,0.8442622950819673,0.1557377049180328,0.0,488,14,0,0.045535826495870096,0.13016743001809641,0.15907593175691317,0.4086202698128262,0.6908915885829118,0.6656756885872663,0.010345784513594917,1.295028343770835
0.65,0.3,1.2,0.04,0.72,0.34,0.25,0.5811036789297659,0.47477854739080483,0.8005657708628006,0.6237698713096139,0.0,0.49459783913565425,0.8442622950819673,0.1557377049180328,0.0,488,14,0,0.046661409504438416,0.13016743001809641,0.15907593175691317,0.4086202698128262,0.6908915885829118,0.6656756885872663,0.010345784513594917,1.295028343770835
0.65,0.3,1.2,0.08,0.72,0.34,0.25,0.5811036789297659,0.47477854739080483,0.8005657708628006,0.6237698713096139,0.0,0.49459783913565425,0.8442622950819673,0.1557377049180328,0.0,488,14,0,0.046661409504438416,0.13016743001809641,0.15907593175691317,0.4086202698128262,0.6908915885829118,0.6656756885872663,0.010345784513594917,1.295028343770835
0.55,0.2,1.2,0.04,0.66,0.38,0.25,0.5811036789297659,0.47477854739080483,0.8005657708628006,0.6237698713096139,0.0,0.49459783913565425,0.8442622950819673,0.1557377049180328,0.0,488,14,0,0.047379865861334546,0.13016743001809641,0.15907593175691317,0.4086202698128262,0.6908915885829118,0.6656756885872663,0.010345784513594917,1.295028343770835
0.55,0.2,1.2,0.04,0.72,0.38,0.25,0.5811036789297659,0.47477854739080483,0.8005657708628006,0.6237698713096139,0.0,0.49459783913565425,0.8442622950819673,0.1557377049180328,0.0,488,14,0,0.045535826495870096,0.13016743001809641,0.15907593175691317,0.4086202698128262,0.6908915885829118,0.6656756885872663,0.010345784513594917,1.295028343770835
0.65,0.3,1.2,0.12,0.72,0.34,0.25,0.5811036789297659,0.47477854739080483,0.8005657708628006,0.6237698713096139,0.0,0.49459783913565425,0.8442622950819673,0.1557377049180328,0.0,488,14,0,0.046661409504438416,0.13016743001809641,0.15907593175691317,0.4086202698128262,0.6908915885829118,0.6656756885872663,0.010345784513594917,1.295028343770835
0.65,0.1,1.2,0.12,0.72,0.34,0.25,0.5819397993311036,0.4750606195143609,0.800561797752809,0.6246200607902735,0.0,0.4963768115942029,0.8422131147540983,0.15778688524590165,0.0,488,13,0,0.0491749946765496,0.13016743001809641,0.15907593175691317,0.4086202698128262,0.6908915885829118,0.6656756885872663,0.010345784513594917,1.2982134299344659
0.65,0.1,1.2,0.04,0.72,0.34,0.25,0.5819397993311036,0.4750606195143609,0.800561797752809,0.6246200607902735,0.0,0.4963768115942029,0.8422131147540983,0.15778688524590165,0.0,488,13,0,0.0491749946765496,0.13016743001809641,0.15907593175691317,0.4086202698128262,0.6908915885829118,0.6656756885872663,0.010345784513594917,1.2982134299344659
0.65,0.1,1.2,0.08,0.72,0.34,0.25,0.5819397993311036,0.4750606195143609,0.800561797752809,0.6246200607902735,0.0,0.4963768115942029,0.8422131147540983,0.15778688524590165,0.0,488,13,0,0.0491749946765496,0.13016743001809641,0.15907593175691317,0.4086202698128262,0.6908915885829118,0.6656756885872663,0.010345784513594917,1.2982134299344659
0.55,0.2,1.0,0.12,0.72,0.38,0.25,0.5819397993311036,0.4750606195143609,0.800561797752809,0.6246200607902735,0.0,0.4963768115942029,0.8422131147540983,0.15778688524590165,0.0,488,13,0,0.04771660781553965,0.13016743001809641,0.15907593175691317,0.4086202698128262,0.6908915885829118,0.6656756885872663,0.010345784513594917,1.2982134299344659
0.55,0.2,1.0,0.04,0.72,0.38,0.25,0.5819397993311036,0.4750606195143609,0.800561797752809,0.6246200607902735,0.0,0.4963768115942029,0.8422131147540983,0.15778688524590165,0.0,488,13,0,0.04771660781553965,0.13016743001809641,0.15907593175691317,0.4086202698128262,0.6908915885829118,0.6656756885872663,0.010345784513594917,1.2982134299344659
0.55,0.2,1.0,0.08,0.72,0.38,0.25,0.5819397993311036,0.4750606195143609,0.800561797752809,0.6246200607902735,0.0,0.4963768115942029,0.8422131147540983,0.15778688524590165,0.0,488,13,0,0.04771660781553965,0.13016743001809641,0.15907593175691317,0.4086202698128262,0.6908915885829118,0.6656756885872663,0.010345784513594917,1.2982134299344659
0.55,0.1,1.2,0.08,0.72,0.38,0.25,0.5811036789297659,0.47455741021750125,0.8,0.6236722306525038,0.0,0.4951807228915663,0.8422131147540983,0.15778688524590165,0.0,488,14,0,0.04720428186169549,0.13016743001809641,0.15907593175691317,0.4086202698128262,0.6908915885829118,0.6656756885872663,0.010345784513594917,1.2995527596326635
0.55,0.1,1.2,0.04,0.66,0.38,0.25,0.5811036789297659,0.47455741021750125,0.8,0.6236722306525038,0.0,0.4951807228915663,0.8422131147540983,0.15778688524590165,0.0,488,14,0,0.04936142909162434,0.13016743001809641,0.15907593175691317,0.4086202698128262,0.6908915885829118,0.6656756885872663,0.010345784513594917,1.2995527596326635
0.55,0.1,1.2,0.04,0.72,0.38,0.25,0.5811036789297659,0.47455741021750125,0.8,0.6236722306525038,0.0,0.4951807228915663,0.8422131147540983,0.15778688524590165,0.0,488,14,0,0.04720428186169549,0.13016743001809641,0.15907593175691317,0.4086202698128262,0.6908915885829118,0.6656756885872663,0.010345784513594917,1.2995527596326635
0.55,0.1,1.2,0.12,0.66,0.38,0.25,0.5811036789297659,0.47455741021750125,0.8,0.6236722306525038,0.0,0.4951807228915663,0.8422131147540983,0.15778688524590165,0.0,488,14,0,0.04936142909162434,0.13016743001809641,0.15907593175691317,0.4086202698128262,0.6908915885829118,0.6656756885872663,0.010345784513594917,1.2995527596326635
0.55,0.1,1.2,0.12,0.72,0.38,0.25,0.5811036789297659,0.47455741021750125,0.8,0.6236722306525038,0.0,0.4951807228915663,0.8422131147540983,0.15778688524590165,0.0,488,14,0,0.04720428186169549,0.13016743001809641,0.15907593175691317,0.4086202698128262,0.6908915885829118,0.6656756885872663,0.010345784513594917,1.2995527596326635
0.55,0.1,1.2,0.08,0.66,0.38,0.25,0.5811036789297659,0.47455741021750125,0.8,0.6236722306525038,0.0,0.4951807228915663,0.8422131147540983,0.15778688524590165,0.0,488,14,0,0.04936142909162434,0.13016743001809641,0.15907593175691317,0.4086202698128262,0.6908915885829118,0.6656756885872663,0.010345784513594917,1.2995527596326635
0.55,0.1,1.2,0.12,0.72,0.42,0.25,0.5819397993311036,0.4748413302868748,0.8,0.6245239908606245,0.0,0.49696969696969695,0.8401639344262295,0.1598360655737705,0.0,488,13,0,0.0473669210533675,0.13016743001809641,0.15907593175691317,0.4086202698128262,0.6908915885829118,0.6656756885872663,0.010345784513594917,1.3027359978504764
0.65,0.3,1.2,0.08,0.72,0.42,0.25,0.5819397993311036,0.4748413302868748,0.8,0.6245239908606245,0.0,0.49696969696969695,0.8401639344262295,0.1598360655737705,0.0,488,13,0,0.04701389384757603,0.13016743001809641,0.15907593175691317,0.4086202698128262,0.6908915885829118,0.6656756885872663,0.010345784513594917,1.3027359978504764
0.55,0.1,1.2,0.08,0.66,0.42,0.25,0.5819397993311036,0.4748413302868748,0.8,0.6245239908606245,0.0,0.49696969696969695,0.8401639344262295,0.1598360655737705,0.0,488,13,0,0.04951034423295934,0.13016743001809641,0.15907593175691317,0.4086202698128262,0.6908915885829118,0.6656756885872663,0.010345784513594917,1.3027359978504764
0.55,0.1,1.2,0.08,0.72,0.42,0.25,0.5819397993311036,0.4748413302868748,0.8,0.6245239908606245,0.0,0.49696969696969695,0.8401639344262295,0.1598360655737705,0.0,488,13,0,0.0473669210533675,0.13016743001809641,0.15907593175691317,0.4086202698128262,0.6908915885829118,0.6656756885872663,0.010345784513594917,1.3027359978504764
0.55,0.1,1.2,0.12,0.66,0.42,0.25,0.5819397993311036,0.4748413302868748,0.8,0.6245239908606245,0.0,0.49696969696969695,0.8401639344262295,0.1598360655737705,0.0,488,13,0,0.04951034423295934,0.13016743001809641,0.15907593175691317,0.4086202698128262,0.6908915885829118,0.6656756885872663,0.010345784513594917,1.3027359978504764
0.65,0.3,1.2,0.12,0.72,0.42,0.25,0.5819397993311036,0.4748413302868748,0.8,0.6245239908606245,0.0,0.49696969696969695,0.8401639344262295,0.1598360655737705,0.0,488,13,0,0.04701389384757603,0.13016743001809641,0.15907593175691317,0.4086202698128262,0.6908915885829118,0.6656756885872663,0.010345784513594917,1.3027359978504764
0.55,0.1,1.2,0.04,0.72,0.42,0.25,0.5819397993311036,0.4748413302868748,0.8,0.6245239908606245,0.0,0.49696969696969695,0.8401639344262295,0.1598360655737705,0.0,488,13,0,0.0473669210533675,0.13016743001809641,0.15907593175691317,0.4086202698128262,0.6908915885829118,0.6656756885872663,0.010345784513594917,1.3027359978504764
0.55,0.1,1.2,0.04,0.66,0.42,0.25,0.5819397993311036,0.4748413302868748,0.8,0.6245239908606245,0.0,0.49696969696969695,0.8401639344262295,0.1598360655737705,0.0,488,13,0,0.04951034423295934,0.13016743001809641,0.15907593175691317,0.4086202698128262,0.6908915885829118,0.6656756885872663,0.010345784513594917,1.3027359978504764
0.65,0.3,1.2,0.04,0.72,0.42,0.25,0.5819397993311036,0.4748413302868748,0.8,0.6245239908606245,0.0,0.49696969696969695,0.8401639344262295,0.1598360655737705,0.0,488,13,0,0.04701389384757603,0.13016743001809641,0.15907593175691317,0.4086202698128262,0.6908915885829118,0.6656756885872663,0.010345784513594917,1.3027359978504764
0.65,0.2,1.2,0.04,0.72,0.38,0.25,0.5819397993311036,0.47462756052141525,0.7988826815642458,0.625,0.0,0.4975728155339806,0.8401639344262295,0.1598360655737705,0.0,488,13,0,0.04820446947987081,0.13016743001809641,0.15907593175691317,0.4086202698128262,0.6908915885829118,0.6656756885872663,0.010345784513594917,1.302949767615936
0.65,0.2,1.2,0.08,0.72,0.38,0.25,0.5819397993311036,0.47462756052141525,0.7988826815642458,0.625,0.0,0.4975728155339806,0.8401639344262295,0.1598360655737705,0.0,488,13,0,0.04820446947987081,0.13016743001809641,0.15907593175691317,0.4086202698128262,0.6908915885829118,0.6656756885872663,0.010345784513594917,1.302949767615936
0.65,0.2,1.2,0.12,0.72,0.38,0.25,0.5819397993311036,0.47462756052141525,0.7988826815642458,0.625,0.0,0.4975728155339806,0.8401639344262295,0.1598360655737705,0.0,488,13,0,0.04820446947987081,0.13016743001809641,0.15907593175691317,0.4086202698128262,0.6908915885829118,0.6656756885872663,0.010345784513594917,1.302949767615936
0.55,0.1,1.0,0.12,0.72,0.34,0.25,0.5785953177257525,0.4726063894376991,0.7960339943342776,0.6217851739788199,0.0,0.49280575539568344,0.8422131147540983,0.15778688524590165,0.0,488,14,0,0.04898651033009544,0.13016743001809641,0.15907593175691317,0.4086202698128262,0.6908915885829118,0.6656756885872663,0.010345784513594917,1.304012141616479
0.55,0.1,1.0,0.04,0.72,0.34,0.25,0.5785953177257525,0.4726063894376991,0.7960339943342776,0.6217851739788199,0.0,0.49280575539568344,0.8422131147540983,0.15778688524590165,0.0,488,14,0,0.04898651033009544,0.13016743001809641,0.15907593175691317,0.4086202698128262,0.6908915885829118,0.6656756885872663,0.010345784513594917,1.304012141616479
0.55,0.1,1.0,0.08,0.72,0.34,0.25,0.5785953177257525,0.4726063894376991,0.7960339943342776,0.6217851739788199,0.0,0.49280575539568344,0.8422131147540983,0.15778688524590165,0.0,488,14,0,0.04898651033009544,0.13016743001809641,0.15907593175691317,0.4086202698128262,0.6908915885829118,0.6656756885872663,0.010345784513594917,1.304012141616479
0.55,0.1,1.0,0.04,0.72,0.38,0.25,0.580267558528428,0.47318833174365266,0.7960893854748603,0.6234756097560976,0.0,0.4963592233009709,0.8381147540983607,0.16188524590163936,0.0,488,13,0,0.04936303277174315,0.13016743001809641,0.15907593175691317,0.4086202698128262,0.6908915885829118,0.6656756885872663,0.010345784513594917,1.3103645158848987
0.55,0.2,1.0,0.12,0.72,0.42,0.25,0.580267558528428,0.47318833174365266,0.7960893854748603,0.6234756097560976,0.0,0.4963592233009709,0.8381147540983607,0.16188524590163936,0.0,488,13,0,0.0478648542118244,0.13016743001809641,0.15907593175691317,0.4086202698128262,0.6908915885829118,0.6656756885872663,0.010345784513594917,1.3103645158848987
0.55,0.1,1.0,0.12,0.72,0.38,0.25,0.580267558528428,0.47318833174365266,0.7960893854748603,0.6234756097560976,0.0,0.4963592233009709,0.8381147540983607,0.16188524590163936,0.0,488,13,0,0.04936303277174315,0.13016743001809641,0.15907593175691317,0.4086202698128262,0.6908915885829118,0.6656756885872663,0.010345784513594917,1.3103645158848987
0.55,0.2,1.0,0.04,0.72,0.42,0.25,0.580267558528428,0.47318833174365266,0.7960893854748603,0.6234756097560976,0.0,0.4963592233009709,0.8381147540983607,0.16188524590163936,0.0,488,13,0,0.0478648542118244,0.13016743001809641,0.15907593175691317,0.4086202698128262,0.6908915885829118,0.6656756885872663,0.010345784513594917,1.3103645158848987
0.55,0.1,1.0,0.08,0.72,0.38,0.25,0.580267558528428,0.47318833174365266,0.7960893854748603,0.6234756097560976,0.0,0.4963592233009709,0.8381147540983607,0.16188524590163936,0.0,488,13,0,0.04936303277174315,0.13016743001809641,0.15907593175691317,0.4086202698128262,0.6908915885829118,0.6656756885872663,0.010345784513594917,1.3103645158848987
0.55,0.2,1.0,0.08,0.72,0.42,0.25,0.580267558528428,0.47318833174365266,0.7960893854748603,0.6234756097560976,0.0,0.4963592233009709,0.8381147540983607,0.16188524590163936,0.0,488,13,0,0.0478648542118244,0.13016743001809641,0.15907593175691317,0.4086202698128262,0.6908915885829118,0.6656756885872663,0.010345784513594917,1.3103645158848987
0.65,0.2,1.2,0.04,0.72,0.42,0.25,0.580267558528428,0.4731821270812097,0.7972222222222223,0.6223241590214067,0.0,0.49634146341463414,0.8340163934426229,0.16598360655737704,0.0,488,13,0,0.04832539930645101,0.13016743001809641,0.15907593175691317,0.4086202698128262,0.6908915885829118,0.6656756885872663,0.010345784513594917,1.318977277924391
0.65,0.2,1.2,0.08,0.72,0.42,0.25,0.580267558528428,0.4731821270812097,0.7972222222222223,0.6223241590214067,0.0,0.49634146341463414,0.8340163934426229,0.16598360655737704,0.0,488,13,0,0.04832539930645101,0.13016743001809641,0.15907593175691317,0.4086202698128262,0.6908915885829118,0.6656756885872663,0.010345784513594917,1.318977277924391
0.65,0.2,1.2,0.12,0.72,0.42,0.25,0.580267558528428,0.4731821270812097,0.7972222222222223,0.6223241590214067,0.0,0.49634146341463414,0.8340163934426229,0.16598360655737704,0.0,488,13,0,0.04832539930645101,0.13016743001809641,0.15907593175691317,0.4086202698128262,0.6908915885829118,0.6656756885872663,0.010345784513594917,1.318977277924391
0.65,0.1,1.2,0.04,0.72,0.38,0.25,0.5794314381270903,0.4724621963388575,0.7961165048543689,0.6212700841622035,0.0,0.49572649572649574,0.8319672131147541,0.1680327868852459,0.0,488,14,0,0.04950631019731407,0.13016743001809641,0.15907593175691317,0.4086202698128262,0.6908915885829118,0.6656756885872663,0.010345784513594917,1.3248366077566056
0.65,0.1,1.2,0.12,0.72,0.38,0.25,0.5794314381270903,0.4724621963388575,0.7961165048543689,0.6212700841622035,0.0,0.49572649572649574,0.8319672131147541,0.1680327868852459,0.0,488,14,0,0.04950631019731407,0.13016743001809641,0.15907593175691317,0.4086202698128262,0.6908915885829118,0.6656756885872663,0.010345784513594917,1.3248366077566056
0.65,0.1,1.2,0.08,0.72,0.38,0.25,0.5794314381270903,0.4724621963388575,0.7961165048543689,0.6212700841622035,0.0,0.49572649572649574,0.8319672131147541,0.1680327868852459,0.0,488,14,0,0.04950631019731407,0.13016743001809641,0.15907593175691317,0.4086202698128262,0.6908915885829118,0.6656756885872663,0.010345784513594917,1.3248366077566056
0.55,0.1,1.0,0.12,0.72,0.42,0.25,0.5794314381270903,0.4722532130277333,0.7950138504155124,0.6217457886676876,0.0,0.4963325183374083,0.8319672131147541,0.1680327868852459,0.0,488,14,0,0.04953003751285347,0.13016743001809641,0.15907593175691317,0.4086202698128262,0.6908915885829118,0.6656756885872663,0.010345784513594917,1.32504559106773
0.55,0.1,1.0,0.08,0.72,0.42,0.25,0.5794314381270903,0.4722532130277333,0.7950138504155124,0.6217457886676876,0.0,0.4963325183374083,0.8319672131147541,0.1680327868852459,0.0,488,14,0,0.04953003751285347,0.13016743001809641,0.15907593175691317,0.4086202698128262,0.6908915885829118,0.6656756885872663,0.010345784513594917,1.32504559106773
0.55,0.1,1.0,0.04,0.72,0.42,0.25,0.5794314381270903,0.4722532130277333,0.7950138504155124,0.6217457886676876,0.0,0.4963325183374083,0.8319672131147541,0.1680327868852459,0.0,488,14,0,0.04953003751285347,0.13016743001809641,0.15907593175691317,0.4086202698128262,0.6908915885829118,0.6656756885872663,0.010345784513594917,1.32504559106773
0.55,0.2,1.0,0.08,0.66,0.34,0.5,0.5693979933110368,0.47168197013398255,0.8011695906432749,0.6138763197586727,0.0,0.48568019093078757,0.8340163934426229,0.1290983606557377,0.036885245901639344,488,12,0,0.048024493073029674,0.13016743001809641,0.15907593175691317,0.4086202698128262,0.6908915885829118,0.6656756885872663,0.010345784513594917,1.3350355246791736
0.55,0.2,1.0,0.12,0.66,0.34,0.5,0.5693979933110368,0.47168197013398255,0.8011695906432749,0.6138763197586727,0.0,0.48568019093078757,0.8340163934426229,0.1290983606557377,0.036885245901639344,488,12,0,0.048024493073029674,0.13016743001809641,0.15907593175691317,0.4086202698128262,0.6908915885829118,0.6656756885872663,0.010345784513594917,1.3350355246791736
0.55,0.2,1.0,0.04,0.66,0.34,0.5,0.5693979933110368,0.47168197013398255,0.8011695906432749,0.6138763197586727,0.0,0.48568019093078757,0.8340163934426229,0.1290983606557377,0.036885245901639344,488,12,0,0.048024493073029674,0.13016743001809641,0.15907593175691317,0.4086202698128262,0.6908915885829118,0.6656756885872663,0.010345784513594917,1.3350355246791736
0.55,0.2,1.0,0.04,0.66,0.38,0.5,0.5710702341137124,0.47315114519931045,0.8052325581395349,0.6142208774583964,0.0,0.486810551558753,0.8319672131147541,0.13114754098360656,0.036885245901639344,488,12,0,0.048351674393254225,0.13016743001809641,0.15907593175691317,0.4086202698128262,0.6908915885829118,0.6656756885872663,0.010345784513594917,1.3361973874996944
0.55,0.2,1.0,0.12,0.66,0.38,0.5,0.5710702341137124,0.47315114519931045,0.8052325581395349,0.6142208774583964,0.0,0.486810551558753,0.8319672131147541,0.13114754098360656,0.036885245901639344,488,12,0,0.048351674393254225,0.13016743001809641,0.15907593175691317,0.4086202698128262,0.6908915885829118,0.6656756885872663,0.010345784513594917,1.3361973874996944
0.55,0.2,1.0,0.08,0.66,0.38,0.5,0.5710702341137124,0.47315114519931045,0.8052325581395349,0.6142208774583964,0.0,0.486810551558753,0.8319672131147541,0.13114754098360656,0.036885245901639344,488,12,0,0.048351674393254225,0.13016743001809641,0.15907593175691317,0.4086202698128262,0.6908915885829118,0.6656756885872663,0.010345784513594917,1.3361973874996944
0.65,0.1,1.2,0.08,0.72,0.42,0.25,0.5777591973244147,0.47081652713283395,0.7928176795580111,0.6196319018404908,0.0,0.4950980392156863,0.8278688524590164,0.1721311475409836,0.0,488,14,0,0.04964958894530924,0.13016743001809641,0.15907593175691317,0.4086202698128262,0.6908915885829118,0.6656756885872663,0.010345784513594917,1.3367610751423538
0.65,0.1,1.2,0.04,0.72,0.42,0.25,0.5777591973244147,0.47081652713283395,0.7928176795580111,0.6196319018404908,0.0,0.4950980392156863,0.8278688524590164,0.1721311475409836,0.0,488,14,0,0.04964958894530924,0.13016743001809641,0.15907593175691317,0.4086202698128262,0.6908915885829118,0.6656756885872663,0.010345784513594917,1.3367610751423538
0.65,0.1,1.2,0.12,0.72,0.42,0.25,0.5777591973244147,0.47081652713283395,0.7928176795580111,0.6196319018404908,0.0,0.4950980392156863,0.8278688524590164,0.1721311475409836,0.0,488,14,0,0.04964958894530924,0.13016743001809641,0.15907593175691317,0.4086202698128262,0.6908915885829118,0.6656756885872663,0.010345784513594917,1.3367610751423538
0.55,0.2,1.0,0.12,0.66,0.42,0.5,0.5702341137123745,0.4723972559963448,0.8051948051948052,0.6119969627942293,0.0,0.48612786489746684,0.8258196721311475,0.13729508196721313,0.036885245901639344,488,12,0,0.04856372277874163,0.13016743001809641,0.15907593175691317,0.4086202698128262,0.6908915885829118,0.6656756885872663,0.010345784513594917,1.350697233169572
0.55,0.2,1.0,0.08,0.66,0.42,0.5,0.5702341137123745,0.4723972559963448,0.8051948051948052,0.6119969627942293,0.0,0.48612786489746684,0.8258196721311475,0.13729508196721313,0.036885245901639344,488,12,0,0.04856372277874163,0.13016743001809641,0.15907593175691317,0.4086202698128262,0.6908915885829118,0.6656756885872663,0.010345784513594917,1.350697233169572
0.55,0.2,1.0,0.04,0.66,0.42,0.5,0.5702341137123745,0.4723972559963448,0.8051948051948052,0.6119969627942293,0.0,0.48612786489746684,0.8258196721311475,0.13729508196721313,0.036885245901639344,488,12,0,0.04856372277874163,0.13016743001809641,0.15907593175691317,0.4086202698128262,0.6908915885829118,0.6656756885872663,0.010345784513594917,1.350697233169572
0.55,0.1,1.0,0.04,0.66,0.34,0.5,0.5752508361204013,0.5071924985415304,0.8023255813953488,0.6057767369242779,0.11347517730496454,0.489281210592686,0.7950819672131147,0.13319672131147542,0.07172131147540983,488,14,0,0.04990577648494298,0.13016743001809641,0.15907593175691317,0.4086202698128262,0.6908915885829118,0.6656756885872663,0.010345784513594917,1.3789180551016054
0.55,0.1,1.0,0.12,0.66,0.34,0.5,0.5752508361204013,0.5071924985415304,0.8023255813953488,0.6057767369242779,0.11347517730496454,0.489281210592686,0.7950819672131147,0.13319672131147542,0.07172131147540983,488,14,0,0.04990577648494298,0.13016743001809641,0.15907593175691317,0.4086202698128262,0.6908915885829118,0.6656756885872663,0.010345784513594917,1.3789180551016054
0.55,0.1,1.0,0.08,0.66,0.34,0.5,0.5752508361204013,0.5071924985415304,0.8023255813953488,0.6057767369242779,0.11347517730496454,0.489281210592686,0.7950819672131147,0.13319672131147542,0.07172131147540983,488,14,0,0.04990577648494298,0.13016743001809641,0.15907593175691317,0.4086202698128262,0.6908915885829118,0.6656756885872663,0.010345784513594917,1.3789180551016054
0.65,0.3,1.0,0.04,0.72,0.34,0.5,0.5652173913043478,0.4699044826670306,0.8034682080924855,0.6062452399086062,0.0,0.4824242424242424,0.8155737704918032,0.13729508196721313,0.0471311475409836,488,12,0,0.04836619295452245,0.13016743001809641,0.15907593175691317,0.4086202698128262,0.6908915885829118,0.6656756885872663,0.010345784513594917,1.38074771251347
0.65,0.3,1.0,0.12,0.72,0.34,0.5,0.5652173913043478,0.4699044826670306,0.8034682080924855,0.6062452399086062,0.0,0.4824242424242424,0.8155737704918032,0.13729508196721313,0.0471311475409836,488,12,0,0.04836619295452245,0.13016743001809641,0.15907593175691317,0.4086202698128262,0.6908915885829118,0.6656756885872663,0.010345784513594917,1.38074771251347
0.65,0.3,1.0,0.08,0.72,0.34,0.5,0.5652173913043478,0.4699044826670306,0.8034682080924855,0.6062452399086062,0.0,0.4824242424242424,0.8155737704918032,0.13729508196721313,0.0471311475409836,488,12,0,0.04836619295452245,0.13016743001809641,0.15907593175691317,0.4086202698128262,0.6908915885829118,0.6656756885872663,0.010345784513594917,1.38074771251347
0.55,0.2,1.0,0.04,0.66,0.34,0.25,0.5668896321070234,0.4686669702149578,0.7994310099573257,0.6065699006875478,0.0,0.4835566382460414,0.8135245901639344,0.15368852459016394,0.03278688524590164,488,16,0,0.04948994886186536,0.13016743001809641,0.15907593175691317,0.4086202698128262,0.6908915885829118,0.6656756885872663,0.010345784513594917,1.3831818366218835
0.55,0.2,1.0,0.08,0.66,0.34,0.25,0.5668896321070234,0.4686669702149578,0.7994310099573257,0.6065699006875478,0.0,0.4835566382460414,0.8135245901639344,0.15368852459016394,0.03278688524590164,488,16,0,0.04948994886186536,0.13016743001809641,0.15907593175691317,0.4086202698128262,0.6908915885829118,0.6656756885872663,0.010345784513594917,1.3831818366218835
0.55,0.2,1.0,0.12,0.66,0.34,0.25,0.5668896321070234,0.4686669702149578,0.7994310099573257,0.6065699006875478,0.0,0.4835566382460414,0.8135245901639344,0.15368852459016394,0.03278688524590164,488,16,0,0.04948994886186536,0.13016743001809641,0.15907593175691317,0.4086202698128262,0.6908915885829118,0.6656756885872663,0.010345784513594917,1.3831818366218835
0.55,0.2,1.0,0.12,0.66,0.38,0.25,0.568561872909699,0.46941803514837216,0.800561797752809,0.6076923076923076,0.0,0.48645320197044334,0.8094262295081968,0.15778688524590165,0.03278688524590164,488,15,0,0.04982889635062192,0.13016743001809641,0.15907593175691317,0.4086202698128262,0.6908915885829118,0.6656756885872663,0.010345784513594917,1.3893650882628428
0.55,0.2,1.0,0.04,0.66,0.38,0.25,0.568561872909699,0.46941803514837216,0.800561797752809,0.6076923076923076,0.0,0.48645320197044334,0.8094262295081968,0.15778688524590165,0.03278688524590164,488,15,0,0.04982889635062192,0.13016743001809641,0.15907593175691317,0.4086202698128262,0.6908915885829118,0.6656756885872663,0.010345784513594917,1.3893650882628428
0.55,0.2,1.0,0.08,0.66,0.38,0.25,0.568561872909699,0.46941803514837216,0.800561797752809,0.6076923076923076,0.0,0.48645320197044334,0.8094262295081968,0.15778688524590165,0.03278688524590164,488,15,0,0.04982889635062192,0.13016743001809641,0.15907593175691317,0.4086202698128262,0.6908915885829118,0.6656756885872663,0.010345784513594917,1.3893650882628428
0.65,0.3,1.0,0.04,0.72,0.38,0.5,0.5652173913043478,0.4698650788605035,0.8051575931232091,0.6044376434583014,0.0,0.4822954822954823,0.8094262295081968,0.14344262295081966,0.0471311475409836,488,12,0,0.048770715024255305,0.13016743001809641,0.15907593175691317,0.4086202698128262,0.6908915885829118,0.6656756885872663,0.010345784513594917,1.393696952385571
0.65,0.3,1.0,0.12,0.72,0.38,0.5,0.5652173913043478,0.4698650788605035,0.8051575931232091,0.6044376434583014,0.0,0.4822954822954823,0.8094262295081968,0.14344262295081966,0.0471311475409836,488,12,0,0.048770715024255305,0.13016743001809641,0.15907593175691317,0.4086202698128262,0.6908915885829118,0.6656756885872663,0.010345784513594917,1.393696952385571
0.65,0.3,1.0,0.08,0.72,0.38,0.5,0.5652173913043478,0.4698650788605035,0.8051575931232091,0.6044376434583014,0.0,0.4822954822954823,0.8094262295081968,0.14344262295081966,0.0471311475409836,488,12,0,0.048770715024255305,0.13016743001809641,0.15907593175691317,0.4086202698128262,0.6908915885829118,0.6656756885872663,0.010345784513594917,1.393696952385571
0.65,0.2,1.0,0.04,0.72,0.34,0.5,0.5652173913043478,0.4698650788605035,0.8051575931232091,0.6044376434583014,0.0,0.4822954822954823,0.8094262295081968,0.14344262295081966,0.0471311475409836,488,12,0,0.04946851024097932,0.13016743001809641,0.15907593175691317,0.4086202698128262,0.6908915885829118,0.6656756885872663,0.010345784513594917,1.393696952385571
0.65,0.2,1.0,0.08,0.72,0.34,0.5,0.5652173913043478,0.4698650788605035,0.8051575931232091,0.6044376434583014,0.0,0.4822954822954823,0.8094262295081968,0.14344262295081966,0.0471311475409836,488,12,0,0.04946851024097932,0.13016743001809641,0.15907593175691317,0.4086202698128262,0.6908915885829118,0.6656756885872663,0.010345784513594917,1.393696952385571
0.65,0.2,1.0,0.12,0.72,0.34,0.5,0.5652173913043478,0.4698650788605035,0.8051575931232091,0.6044376434583014,0.0,0.4822954822954823,0.8094262295081968,0.14344262295081966,0.0471311475409836,488,12,0,0.04946851024097932,0.13016743001809641,0.15907593175691317,0.4086202698128262,0.6908915885829118,0.6656756885872663,0.010345784513594917,1.393696952385571
0.65,0.2,1.0,0.12,0.72,0.38,0.5,0.5652173913043478,0.46984856777960227,0.8057142857142857,0.6038314176245211,0.0,0.48225214198286415,0.8073770491803278,0.14549180327868852,0.0471311475409836,488,12,0,0.0499707391163906,0.13016743001809641,0.15907593175691317,0.4086202698128262,0.6908915885829118,0.6656756885872663,0.010345784513594917,1.3980167421549967
0.65,0.2,1.0,0.08,0.72,0.38,0.5,0.5652173913043478,0.46984856777960227,0.8057142857142857,0.6038314176245211,0.0,0.48225214198286415,0.8073770491803278,0.14549180327868852,0.0471311475409836,488,12,0,0.0499707391163906,0.13016743001809641,0.15907593175691317,0.4086202698128262,0.6908915885829118,0.6656756885872663,0.010345784513594917,1.3980167421549967
0.65,0.2,1.0,0.04,0.72,0.38,0.5,0.5652173913043478,0.46984856777960227,0.8057142857142857,0.6038314176245211,0.0,0.48225214198286415,0.8073770491803278,0.14549180327868852,0.0471311475409836,488,12,0,0.0499707391163906,0.13016743001809641,0.15907593175691317,0.4086202698128262,0.6908915885829118,0.6656756885872663,0.010345784513594917,1.3980167421549967
0.65,0.3,1.0,0.08,0.72,0.42,0.5,0.56438127090301,0.4691249294368605,0.804005722460658,0.6033690658499234,0.0,0.48166259168704156,0.8073770491803278,0.14549180327868852,0.0471311475409836,488,12,0,0.049018838951507146,0.13016743001809641,0.15907593175691317,0.4086202698128262,0.6908915885829118,0.6656756885872663,0.010345784513594917,1.3995765008990761
0.65,0.3,1.0,0.04,0.72,0.42,0.5,0.56438127090301,0.4691249294368605,0.804005722460658,0.6033690658499234,0.0,0.48166259168704156,0.8073770491803278,0.14549180327868852,0.0471311475409836,488,12,0,0.049018838951507146,0.13016743001809641,0.15907593175691317,0.4086202698128262,0.6908915885829118,0.6656756885872663,0.010345784513594917,1.3995765008990761
0.65,0.3,1.0,0.12,0.72,0.42,0.5,0.56438127090301,0.4691249294368605,0.804005722460658,0.6033690658499234,0.0,0.48166259168704156,0.8073770491803278,0.14549180327868852,0.0471311475409836,488,12,0,0.049018838951507146,0.13016743001809641,0.15907593175691317,0.4086202698128262,0.6908915885829118,0.6656756885872663,0.010345784513594917,1.3995765008990761
0.65,0.1,1.0,0.08,0.72,0.34,0.5,0.5652173913043478,0.4724951544974008,0.804005722460658,0.6032233307751343,0.010256410256410256,0.4822085889570552,0.805327868852459,0.14549180327868852,0.04918032786885246,488,14,0,0.050582728835146425,0.13016743001809641,0.15907593175691317,0.4086202698128262,0.6908915885829118,0.6656756885872663,0.010345784513594917,1.3998783521585096
0.65,0.1,1.0,0.04,0.72,0.34,0.5,0.5652173913043478,0.4724951544974008,0.804005722460658,0.6032233307751343,0.010256410256410256,0.4822085889570552,0.805327868852459,0.14549180327868852,0.04918032786885246,488,14,0,0.050582728835146425,0.13016743001809641,0.15907593175691317,0.4086202698128262,0.6908915885829118,0.6656756885872663,0.010345784513594917,1.3998783521585096
0.65,0.1,1.0,0.12,0.72,0.34,0.5,0.5652173913043478,0.4724951544974008,0.804005722460658,0.6032233307751343,0.010256410256410256,0.4822085889570552,0.805327868852459,0.14549180327868852,0.04918032786885246,488,14,0,0.050582728835146425,0.13016743001809641,0.15907593175691317,0.4086202698128262,0.6908915885829118,0.6656756885872663,0.010345784513594917,1.3998783521585096
0.55,0.2,1.0,0.12,0.66,0.42,0.25,0.5668896321070234,0.4675236223187806,0.7960893854748603,0.6064814814814815,0.0,0.4863861386138614,0.805327868852459,0.16188524590163936,0.03278688524590164,488,15,0,0.049949988592186766,0.13016743001809641,0.15907593175691317,0.4086202698128262,0.6908915885829118,0.6656756885872663,0.010345784513594917,1.401538299272159
0.55,0.2,1.0,0.04,0.66,0.42,0.25,0.5668896321070234,0.4675236223187806,0.7960893854748603,0.6064814814814815,0.0,0.4863861386138614,0.805327868852459,0.16188524590163936,0.03278688524590164,488,15,0,0.049949988592186766,0.13016743001809641,0.15907593175691317,0.4086202698128262,0.6908915885829118,0.6656756885872663,0.010345784513594917,1.401538299272159
0.55,0.2,1.0,0.08,0.66,0.42,0.25,0.5668896321070234,0.4675236223187806,0.7960893854748603,0.6064814814814815,0.0,0.4863861386138614,0.805327868852459,0.16188524590163936,0.03278688524590164,488,15,0,0.049949988592186766,0.13016743001809641,0.15907593175691317,0.4086202698128262,0.6908915885829118,0.6656756885872663,0.010345784513594917,1.401538299272159
0.55,0.1,1.0,0.04,0.66,0.38,0.5,0.5735785953177257,0.5056425054452544,0.8017241379310345,0.6017282010997643,0.11347517730496454,0.4878980891719745,0.7848360655737705,0.14344262295081966,0.07172131147540983,488,14,0,0.05032056916738111,0.13016743001809641,0.15907593175691317,0.4086202698128262,0.6908915885829118,0.6656756885872663,0.010345784513594917,1.4036566824431798
0.55,0.1,1.0,0.12,0.66,0.38,0.5,0.5735785953177257,0.5056425054452544,0.8017241379310345,0.6017282010997643,0.11347517730496454,0.4878980891719745,0.7848360655737705,0.14344262295081966,0.07172131147540983,488,14,0,0.05032056916738111,0.13016743001809641,0.15907593175691317,0.4086202698128262,0.6908915885829118,0.6656756885872663,0.010345784513594917,1.4036566824431798
0.55,0.1,1.0,0.08,0.66,0.38,0.5,0.5735785953177257,0.5056425054452544,0.8017241379310345,0.6017282010997643,0.11347517730496454,0.4878980891719745,0.7848360655737705,0.14344262295081966,0.07172131147540983,488,14,0,0.05032056916738111,0.13016743001809641,0.15907593175691317,0.4086202698128262,0.6908915885829118,0.6656756885872663,0.010345784513594917,1.4036566824431798
0.55,0.1,1.0,0.04,0.66,0.42,0.5,0.5744147157190636,0.5063519009717429,0.804005722460658,0.6015748031496063,0.11347517730496454,0.4884910485933504,0.7827868852459017,0.14549180327868852,0.07172131147540983,488,14,0,0.05063582244344949,0.13016743001809641,0.15907593175691317,0.4086202698128262,0.6908915885829118,0.6656756885872663,0.010345784513594917,1.4064144452038778
0.55,0.1,1.0,0.08,0.66,0.42,0.5,0.5744147157190636,0.5063519009717429,0.804005722460658,0.6015748031496063,0.11347517730496454,0.4884910485933504,0.7827868852459017,0.14549180327868852,0.07172131147540983,488,14,0,0.05063582244344949,0.13016743001809641,0.15907593175691317,0.4086202698128262,0.6908915885829118,0.6656756885872663,0.010345784513594917,1.4064144452038778
0.55,0.1,1.0,0.12,0.66,0.42,0.5,0.5744147157190636,0.5063519009717429,0.804005722460658,0.6015748031496063,0.11347517730496454,0.4884910485933504,0.7827868852459017,0.14549180327868852,0.07172131147540983,488,14,0,0.05063582244344949,0.13016743001809641,0.15907593175691317,0.4086202698128262,0.6908915885829118,0.6656756885872663,0.010345784513594917,1.4064144452038778
0.65,0.2,1.0,0.08,0.72,0.42,0.5,0.5618729096989966,0.4666666666666666,0.8,0.6,0.0,0.4802955665024631,0.7991803278688525,0.15368852459016394,0.0471311475409836,488,15,0,0.050275199242508166,0.13016743001809641,0.15907593175691317,0.4086202698128262,0.6908915885829118,0.6656756885872663,0.010345784513594917,1.421756239627382
0.65,0.2,1.0,0.12,0.72,0.42,0.5,0.5618729096989966,0.4666666666666666,0.8,0.6,0.0,0.4802955665024631,0.7991803278688525,0.15368852459016394,0.0471311475409836,488,15,0,0.050275199242508166,0.13016743001809641,0.15907593175691317,0.4086202698128262,0.6908915885829118,0.6656756885872663,0.010345784513594917,1.421756239627382
0.65,0.2,1.0,0.04,0.72,0.42,0.5,0.5618729096989966,0.4666666666666666,0.8,0.6,0.0,0.4802955665024631,0.7991803278688525,0.15368852459016394,0.0471311475409836,488,15,0,0.050275199242508166,0.13016743001809641,0.15907593175691317,0.4086202698128262,0.6908915885829118,0.6656756885872663,0.010345784513594917,1.421756239627382
0.65,0.3,1.0,0.08,0.72,0.34,0.25,0.5635451505016722,0.46645665995511193,0.7972027972027972,0.6021671826625387,0.0,0.48383084577114427,0.7971311475409836,0.1598360655737705,0.0430327868852459,488,14,0,0.049523883645128504,0.13016743001809641,0.15907593175691317,0.4086202698128262,0.6908915885829118,0.6656756885872663,0.010345784513594917,1.4241874481592118
0.65,0.3,1.0,0.12,0.72,0.34,0.25,0.5635451505016722,0.46645665995511193,0.7972027972027972,0.6021671826625387,0.0,0.48383084577114427,0.7971311475409836,0.1598360655737705,0.0430327868852459,488,14,0,0.049523883645128504,0.13016743001809641,0.15907593175691317,0.4086202698128262,0.6908915885829118,0.6656756885872663,0.010345784513594917,1.4241874481592118
0.65,0.3,1.0,0.04,0.72,0.34,0.25,0.5635451505016722,0.46645665995511193,0.7972027972027972,0.6021671826625387,0.0,0.48383084577114427,0.7971311475409836,0.1598360655737705,0.0430327868852459,488,14,0,0.049523883645128504,0.13016743001809641,0.15907593175691317,0.4086202698128262,0.6908915885829118,0.6656756885872663,0.010345784513594917,1.4241874481592118
0.65,0.1,1.0,0.04,0.72,0.38,0.5,0.5618729096989966,0.46929623262641834,0.7988668555240793,0.5987654320987654,0.010256410256410256,0.4801980198019802,0.7950819672131147,0.1557377049180328,0.04918032786885246,488,16,0,0.051180044010795483,0.13016743001809641,0.15907593175691317,0.4086202698128262,0.6908915885829118,0.6656756885872663,0.010345784513594917,1.4279381490774663
0.65,0.1,1.0,0.12,0.72,0.38,0.5,0.5618729096989966,0.46929623262641834,0.7988668555240793,0.5987654320987654,0.010256410256410256,0.4801980198019802,0.7950819672131147,0.1557377049180328,0.04918032786885246,488,16,0,0.051180044010795483,0.13016743001809641,0.15907593175691317,0.4086202698128262,0.6908915885829118,0.6656756885872663,0.010345784513594917,1.4279381490774663
0.65,0.1,1.0,0.08,0.72,0.38,0.5,0.5618729096989966,0.46929623262641834,0.7988668555240793,0.5987654320987654,0.010256410256410256,0.4801980198019802,0.7950819672131147,0.1557377049180328,0.04918032786885246,488,16,0,0.051180044010795483,0.13016743001809641,0.15907593175691317,0.4086202698128262,0.6908915885829118,0.6656756885872663,0.010345784513594917,1.4279381490774663
0.65,0.1,1.0,0.04,0.72,0.42,0.5,0.5618729096989966,0.469057258068283,0.7983074753173484,0.5986078886310905,0.010256410256410256,0.48074534161490684,0.7930327868852459,0.15778688524590165,0.04918032786885246,488,16,0,0.0515244535921725,0.13016743001809641,0.15907593175691317,0.4086202698128262,0.6908915885829118,0.6656756885872663,0.010345784513594917,1.4324804023241262
0.65,0.1,1.0,0.08,0.72,0.42,0.5,0.5618729096989966,0.469057258068283,0.7983074753173484,0.5986078886310905,0.010256410256410256,0.48074534161490684,0.7930327868852459,0.15778688524590165,0.04918032786885246,488,16,0,0.0515244535921725,0.13016743001809641,0.15907593175691317,0.4086202698128262,0.6908915885829118,0.6656756885872663,0.010345784513594917,1.4324804023241262
0.65,0.1,1.0,0.12,0.72,0.42,0.5,0.5618729096989966,0.469057258068283,0.7983074753173484,0.5986078886310905,0.010256410256410256,0.48074534161490684,0.7930327868852459,0.15778688524590165,0.04918032786885246,488,16,0,0.0515244535921725,0.13016743001809641,0.15907593175691317,0.4086202698128262,0.6908915885829118,0.6656756885872663,0.010345784513594917,1.4324804023241262
0.65,0.2,1.0,0.08,0.72,0.34,0.25,0.5618729096989966,0.46513132465844564,0.7955493741307371,0.5998445998445998,0.0,0.4831038798498123,0.7909836065573771,0.16393442622950818,0.045081967213114756,488,15,0,0.05076954479221491,0.13016743001809641,0.15907593175691317,0.4086202698128262,0.6908915885829118,0.6656756885872663,0.010345784513594917,1.4402997783569143
0.65,0.2,1.0,0.04,0.72,0.34,0.25,0.5618729096989966,0.46513132465844564,0.7955493741307371,0.5998445998445998,0.0,0.4831038798498123,0.7909836065573771,0.16393442622950818,0.045081967213114756,488,15,0,0.05076954479221491,0.13016743001809641,0.15907593175691317,0.4086202698128262,0.6908915885829118,0.6656756885872663,0.010345784513594917,1.4402997783569143
0.65,0.2,1.0,0.12,0.72,0.34,0.25,0.5618729096989966,0.46513132465844564,0.7955493741307371,0.5998445998445998,0.0,0.4831038798498123,0.7909836065573771,0.16393442622950818,0.045081967213114756,488,15,0,0.05076954479221491,0.13016743001809641,0.15907593175691317,0.4086202698128262,0.6908915885829118,0.6656756885872663,0.010345784513594917,1.4402997783569143
0.65,0.3,1.0,0.04,0.72,0.42,0.25,0.5618729096989966,0.4647452134329269,0.7950138504155124,0.5992217898832685,0.0,0.48306148055207027,0.7889344262295082,0.1680327868852459,0.0430327868852459,488,15,0,0.04989140111111673,0.13016743001809641,0.15907593175691317,0.4086202698128262,0.6908915885829118,0.6656756885872663,0.010345784513594917,1.4447842502381707
0.65,0.3,1.0,0.04,0.72,0.38,0.25,0.5618729096989966,0.4647452134329269,0.7950138504155124,0.5992217898832685,0.0,0.48306148055207027,0.7889344262295082,0.1680327868852459,0.0430327868852459,488,15,0,0.04978309771995761,0.13016743001809641,0.15907593175691317,0.4086202698128262,0.6908915885829118,0.6656756885872663,0.010345784513594917,1.4447842502381707
0.65,0.3,1.0,0.12,0.72,0.42,0.25,0.5618729096989966,0.4647452134329269,0.7950138504155124,0.5992217898832685,0.0,0.48306148055207027,0.7889344262295082,0.1680327868852459,0.0430327868852459,488,15,0,0.04989140111111673,0.13016743001809641,0.15907593175691317,0.4086202698128262,0.6908915885829118,0.6656756885872663,0.010345784513594917,1.4447842502381707
0.65,0.3,1.0,0.12,0.72,0.38,0.25,0.5618729096989966,0.4647452134329269,0.7950138504155124,0.5992217898832685,0.0,0.48306148055207027,0.7889344262295082,0.1680327868852459,0.0430327868852459,488,15,0,0.04978309771995761,0.13016743001809641,0.15907593175691317,0.4086202698128262,0.6908915885829118,0.6656756885872663,0.010345784513594917,1.4447842502381707
0.65,0.3,1.0,0.08,0.72,0.38,0.25,0.5618729096989966,0.4647452134329269,0.7950138504155124,0.5992217898832685,0.0,0.48306148055207027,0.7889344262295082,0.1680327868852459,0.0430327868852459,488,15,0,0.04978309771995761,0.13016743001809641,0.15907593175691317,0.4086202698128262,0.6908915885829118,0.6656756885872663,0.010345784513594917,1.4447842502381707
0.65,0.3,1.0,0.08,0.72,0.42,0.25,0.5618729096989966,0.4647452134329269,0.7950138504155124,0.5992217898832685,0.0,0.48306148055207027,0.7889344262295082,0.1680327868852459,0.0430327868852459,488,15,0,0.04989140111111673,0.13016743001809641,0.15907593175691317,0.4086202698128262,0.6908915885829118,0.6656756885872663,0.010345784513594917,1.4447842502381707
0.65,0.1,1.0,0.12,0.72,0.34,0.25,0.5610367892976589,0.4644000921605898,0.7944444444444444,0.5987558320373251,0.0,0.4824561403508772,0.7889344262295082,0.16598360655737704,0.045081967213114756,488,15,0,0.052028116970968354,0.13016743001809641,0.15907593175691317,0.4086202698128262,0.6908915885829118,0.6656756885872663,0.010345784513594917,1.4461704099446326
0.65,0.1,1.0,0.04,0.72,0.34,0.25,0.5610367892976589,0.4644000921605898,0.7944444444444444,0.5987558320373251,0.0,0.4824561403508772,0.7889344262295082,0.16598360655737704,0.045081967213114756,488,15,0,0.052028116970968354,0.13016743001809641,0.15907593175691317,0.4086202698128262,0.6908915885829118,0.6656756885872663,0.010345784513594917,1.4461704099446326
0.65,0.1,1.0,0.08,0.72,0.34,0.25,0.5610367892976589,0.4644000921605898,0.7944444444444444,0.5987558320373251,0.0,0.4824561403508772,0.7889344262295082,0.16598360655737704,0.045081967213114756,488,15,0,0.052028116970968354,0.13016743001809641,0.15907593175691317,0.4086202698128262,0.6908915885829118,0.6656756885872663,0.010345784513594917,1.4461704099446326
0.55,0.1,1.0,0.12,0.66,0.34,0.25,0.5627090301003345,0.48570056382871024,0.7960339943342776,0.5929411764705882,0.0681265206812652,0.48030495552731894,0.7745901639344263,0.15778688524590165,0.06762295081967214,488,17,0,0.05144731889837165,0.13016743001809641,0.15907593175691317,0.4086202698128262,0.6908915885829118,0.6656756885872663,0.010345784513594917,1.4555747466541644
0.55,0.1,1.0,0.04,0.66,0.34,0.25,0.5627090301003345,0.48570056382871024,0.7960339943342776,0.5929411764705882,0.0681265206812652,0.48030495552731894,0.7745901639344263,0.15778688524590165,0.06762295081967214,488,17,0,0.05144731889837165,0.13016743001809641,0.15907593175691317,0.4086202698128262,0.6908915885829118,0.6656756885872663,0.010345784513594917,1.4555747466541644
0.55,0.1,1.0,0.08,0.66,0.34,0.25,0.5627090301003345,0.48570056382871024,0.7960339943342776,0.5929411764705882,0.0681265206812652,0.48030495552731894,0.7745901639344263,0.15778688524590165,0.06762295081967214,488,17,0,0.05144731889837165,0.13016743001809641,0.15907593175691317,0.4086202698128262,0.6908915885829118,0.6656756885872663,0.010345784513594917,1.4555747466541644
0.65,0.2,1.0,0.08,0.72,0.38,0.25,0.560200668896321,0.46365081264483915,0.7939142461964038,0.5970381917381138,0.0,0.4817610062893082,0.7848360655737705,0.17008196721311475,0.045081967213114756,488,15,0,0.05107173011238617,0.13016743001809641,0.15907593175691317,0.4086202698128262,0.6908915885829118,0.6656756885872663,0.010345784513594917,1.4563623672387702
0.65,0.2,1.0,0.12,0.72,0.38,0.25,0.560200668896321,0.46365081264483915,0.7939142461964038,0.5970381917381138,0.0,0.4817610062893082,0.7848360655737705,0.17008196721311475,0.045081967213114756,488,15,0,0.05107173011238617,0.13016743001809641,0.15907593175691317,0.4086202698128262,0.6908915885829118,0.6656756885872663,0.010345784513594917,1.4563623672387702
0.65,0.2,1.0,0.04,0.72,0.38,0.25,0.560200668896321,0.46365081264483915,0.7939142461964038,0.5970381917381138,0.0,0.4817610062893082,0.7848360655737705,0.17008196721311475,0.045081967213114756,488,15,0,0.05107173011238617,0.13016743001809641,0.15907593175691317,0.4086202698128262,0.6908915885829118,0.6656756885872663,0.010345784513594917,1.4563623672387702
0.55,0.1,1.0,0.08,0.66,0.38,0.25,0.56438127090301,0.48622743643939365,0.7960893854748603,0.5944664031620553,0.0681265206812652,0.4839124839124839,0.7704918032786885,0.16188524590163936,0.06762295081967214,488,16,0,0.05181739203597688,0.13016743001809641,0.15907593175691317,0.4086202698128262,0.6908915885829118,0.6656756885872663,0.010345784513594917,1.4619821906178545
0.55,0.1,1.0,0.04,0.66,0.38,0.25,0.56438127090301,0.48622743643939365,0.7960893854748603,0.5944664031620553,0.0681265206812652,0.4839124839124839,0.7704918032786885,0.16188524590163936,0.06762295081967214,488,16,0,0.05181739203597688,0.13016743001809641,0.15907593175691317,0.4086202698128262,0.6908915885829118,0.6656756885872663,0.010345784513594917,1.4619821906178545
0.55,0.1,1.0,0.12,0.66,0.38,0.25,0.56438127090301,0.48622743643939365,0.7960893854748603,0.5944664031620553,0.0681265206812652,0.4839124839124839,0.7704918032786885,0.16188524590163936,0.06762295081967214,488,16,0,0.05181739203597688,0.13016743001809641,0.15907593175691317,0.4086202698128262,0.6908915885829118,0.6656756885872663,0.010345784513594917,1.4619821906178545
0.65,0.2,1.0,0.12,0.72,0.42,0.25,0.5593645484949833,0.4629205057705071,0.7928176795580111,0.5959438377535101,0.0,0.4811083123425693,0.7827868852459017,0.1721311475409836,0.045081967213114756,488,15,0,0.0512079556562911,0.13016743001809641,0.15907593175691317,0.4086202698128262,0.6908915885829118,0.6656756885872663,0.010345784513594917,1.4622320732029646
0.65,0.2,1.0,0.08,0.72,0.42,0.25,0.5593645484949833,0.4629205057705071,0.7928176795580111,0.5959438377535101,0.0,0.4811083123425693,0.7827868852459017,0.1721311475409836,0.045081967213114756,488,15,0,0.0512079556562911,0.13016743001809641,0.15907593175691317,0.4086202698128262,0.6908915885829118,0.6656756885872663,0.010345784513594917,1.4622320732029646
0.65,0.2,1.0,0.04,0.72,0.42,0.25,0.5593645484949833,0.4629205057705071,0.7928176795580111,0.5959438377535101,0.0,0.4811083123425693,0.7827868852459017,0.1721311475409836,0.045081967213114756,488,15,0,0.0512079556562911,0.13016743001809641,0.15907593175691317,0.4086202698128262,0.6908915885829118,0.6656756885872663,0.010345784513594917,1.4622320732029646
0.65,0.1,1.0,0.12,0.72,0.38,0.25,0.5593645484949833,0.4627110644521611,0.7917241379310345,0.5964090554254489,0.0,0.4817150063051702,0.7827868852459017,0.1721311475409836,0.045081967213114756,488,15,0,0.05237493128499906,0.13016743001809641,0.15907593175691317,0.4086202698128262,0.6908915885829118,0.6656756885872663,0.010345784513594917,1.4624415145213105
0.65,0.1,1.0,0.08,0.72,0.38,0.25,0.5593645484949833,0.4627110644521611,0.7917241379310345,0.5964090554254489,0.0,0.4817150063051702,0.7827868852459017,0.1721311475409836,0.045081967213114756,488,15,0,0.05237493128499906,0.13016743001809641,0.15907593175691317,0.4086202698128262,0.6908915885829118,0.6656756885872663,0.010345784513594917,1.4624415145213105
0.65,0.1,1.0,0.04,0.72,0.38,0.25,0.5593645484949833,0.4627110644521611,0.7917241379310345,0.5964090554254489,0.0,0.4817150063051702,0.7827868852459017,0.1721311475409836,0.045081967213114756,488,15,0,0.05237493128499906,0.13016743001809641,0.15907593175691317,0.4086202698128262,0.6908915885829118,0.6656756885872663,0.010345784513594917,1.4624415145213105
0.65,0.1,1.0,0.12,0.72,0.42,0.25,0.5568561872909699,0.4605252598210345,0.7884615384615384,0.593114241001565,0.0,0.479746835443038,0.7766393442622951,0.17827868852459017,0.045081967213114756,488,15,0,0.05253897575525823,0.13016743001809641,0.15907593175691317,0.4086202698128262,0.6908915885829118,0.6656756885872663,0.010345784513594917,1.4800455164220243
0.65,0.1,1.0,0.08,0.72,0.42,0.25,0.5568561872909699,0.4605252598210345,0.7884615384615384,0.593114241001565,0.0,0.479746835443038,0.7766393442622951,0.17827868852459017,0.045081967213114756,488,15,0,0.05253897575525823,0.13016743001809641,0.15907593175691317,0.4086202698128262,0.6908915885829118,0.6656756885872663,0.010345784513594917,1.4800455164220243
0.65,0.1,1.0,0.04,0.72,0.42,0.25,0.5568561872909699,0.4605252598210345,0.7884615384615384,0.593114241001565,0.0,0.479746835443038,0.7766393442622951,0.17827868852459017,0.045081967213114756,488,15,0,0.05253897575525823,0.13016743001809641,0.15907593175691317,0.4086202698128262,0.6908915885829118,0.6656756885872663,0.010345784513594917,1.4800455164220243
0.55,0.1,1.0,0.04,0.66,0.42,0.25,0.5627090301003345,0.48479665327339233,0.7950138504155124,0.5914149443561209,0.06796116504854369,0.4831168831168831,0.7622950819672131,0.1680327868852459,0.06967213114754098,488,17,0,0.051953563971361805,0.13016743001809641,0.15907593175691317,0.4086202698128262,0.6908915885829118,0.6656756885872663,0.010345784513594917,1.4825032473734165
0.55,0.1,1.0,0.12,0.66,0.42,0.25,0.5627090301003345,0.48479665327339233,0.7950138504155124,0.5914149443561209,0.06796116504854369,0.4831168831168831,0.7622950819672131,0.1680327868852459,0.06967213114754098,488,17,0,0.051953563971361805,0.13016743001809641,0.15907593175691317,0.4086202698128262,0.6908915885829118,0.6656756885872663,0.010345784513594917,1.4825032473734165
0.55,0.1,1.0,0.08,0.66,0.42,0.25,0.5627090301003345,0.48479665327339233,0.7950138504155124,0.5914149443561209,0.06796116504854369,0.4831168831168831,0.7622950819672131,0.1680327868852459,0.06967213114754098,488,17,0,0.051953563971361805,0.13016743001809641,0.15907593175691317,0.4086202698128262,0.6908915885829118,0.6656756885872663,0.010345784513594917,1.4825032473734165
0.55,0.3,1.2,0.04,0.6,0.34,0.5,0.5593645484949833,0.5106934806175719,0.799405646359584,0.5821371610845295,0.15053763440860216,0.4765013054830287,0.7479508196721312,0.1168032786885246,0.13524590163934427,488,14,0,0.04595559174255544,0.13016743001809641,0.15907593175691317,0.4086202698128262,0.6908915885829118,0.6656756885872663,0.010345784513594917,1.4966312295034407
0.55,0.3,1.2,0.12,0.6,0.34,0.5,0.5593645484949833,0.5106934806175719,0.799405646359584,0.5821371610845295,0.15053763440860216,0.4765013054830287,0.7479508196721312,0.1168032786885246,0.13524590163934427,488,14,0,0.04595559174255544,0.13016743001809641,0.15907593175691317,0.4086202698128262,0.6908915885829118,0.6656756885872663,0.010345784513594917,1.4966312295034407
0.55,0.3,1.2,0.08,0.6,0.34,0.5,0.5593645484949833,0.5106934806175719,0.799405646359584,0.5821371610845295,0.15053763440860216,0.4765013054830287,0.7479508196721312,0.1168032786885246,0.13524590163934427,488,14,0,0.04595559174255544,0.13016743001809641,0.15907593175691317,0.4086202698128262,0.6908915885829118,0.6656756885872663,0.010345784513594917,1.4966312295034407
0.55,0.3,1.2,0.04,0.6,0.38,0.5,0.560200668896321,0.5113574116991046,0.8029411764705883,0.5805934242181235,0.15053763440860216,0.4769433465085639,0.7418032786885246,0.12295081967213115,0.13524590163934427,488,14,0,0.04621107514492812,0.13016743001809641,0.15907593175691317,0.4086202698128262,0.6908915885829118,0.6656756885872663,0.010345784513594917,1.508041014086144
0.55,0.3,1.2,0.12,0.6,0.38,0.5,0.560200668896321,0.5113574116991046,0.8029411764705883,0.5805934242181235,0.15053763440860216,0.4769433465085639,0.7418032786885246,0.12295081967213115,0.13524590163934427,488,14,0,0.04621107514492812,0.13016743001809641,0.15907593175691317,0.4086202698128262,0.6908915885829118,0.6656756885872663,0.010345784513594917,1.508041014086144
0.55,0.3,1.2,0.08,0.6,0.38,0.5,0.560200668896321,0.5113574116991046,0.8029411764705883,0.5805934242181235,0.15053763440860216,0.4769433465085639,0.7418032786885246,0.12295081967213115,0.13524590163934427,488,14,0,0.04621107514492812,0.13016743001809641,0.15907593175691317,0.4086202698128262,0.6908915885829118,0.6656756885872663,0.010345784513594917,1.508041014086144
0.55,0.3,1.2,0.12,0.6,0.42,0.5,0.5610367892976589,0.5120290651315108,0.8058394160583942,0.5797101449275363,0.15053763440860216,0.47745358090185674,0.7377049180327869,0.12704918032786885,0.13524590163934427,488,13,0,0.04628920360110867,0.13016743001809641,0.15907593175691317,0.4086202698128262,0.6908915885829118,0.6656756885872663,0.010345784513594917,1.5151397976294492
0.55,0.3,1.2,0.08,0.6,0.42,0.5,0.5610367892976589,0.5120290651315108,0.8058394160583942,0.5797101449275363,0.15053763440860216,0.47745358090185674,0.7377049180327869,0.12704918032786885,0.13524590163934427,488,13,0,0.04628920360110867,0.13016743001809641,0.15907593175691317,0.4086202698128262,0.6908915885829118,0.6656756885872663,0.010345784513594917,1.5151397976294492
0.55,0.3,1.2,0.04,0.6,0.42,0.5,0.5610367892976589,0.5120290651315108,0.8058394160583942,0.5797101449275363,0.15053763440860216,0.47745358090185674,0.7377049180327869,0.12704918032786885,0.13524590163934427,488,13,0,0.04628920360110867,0.13016743001809641,0.15907593175691317,0.4086202698128262,0.6908915885829118,0.6656756885872663,0.010345784513594917,1.5151397976294492
0.55,0.3,1.2,0.12,0.6,0.34,0.25,0.5576923076923077,0.502898104375614,0.7982708933717579,0.5773857257417803,0.13303769401330376,0.4743083003952569,0.7377049180327869,0.14549180327868852,0.1168032786885246,488,19,0,0.046572682933259744,0.13016743001809641,0.15907593175691317,0.4086202698128262,0.6908915885829118,0.6656756885872663,0.010345784513594917,1.525770977695615
0.55,0.3,1.2,0.04,0.6,0.34,0.25,0.5576923076923077,0.502898104375614,0.7982708933717579,0.5773857257417803,0.13303769401330376,0.4743083003952569,0.7377049180327869,0.14549180327868852,0.1168032786885246,488,19,0,0.046572682933259744,0.13016743001809641,0.15907593175691317,0.4086202698128262,0.6908915885829118,0.6656756885872663,0.010345784513594917,1.525770977695615
0.55,0.3,1.2,0.08,0.6,0.34,0.25,0.5576923076923077,0.502898104375614,0.7982708933717579,0.5773857257417803,0.13303769401330376,0.4743083003952569,0.7377049180327869,0.14549180327868852,0.1168032786885246,488,19,0,0.046572682933259744,0.13016743001809641,0.15907593175691317,0.4086202698128262,0.6908915885829118,0.6656756885872663,0.010345784513594917,1.525770977695615
0.55,0.3,1.2,0.08,0.6,0.38,0.25,0.5593645484949833,0.5040562963600863,0.8017118402282454,0.5774193548387097,0.13303769401330376,0.47606382978723405,0.7336065573770492,0.14959016393442623,0.1168032786885246,488,20,0,0.04685331113804792,0.13016743001809641,0.15907593175691317,0.4086202698128262,0.6908915885829118,0.6656756885872663,0.010345784513594917,1.5315471022855165
0.55,0.3,1.2,0.04,0.6,0.38,0.25,0.5593645484949833,0.5040562963600863,0.8017118402282454,0.5774193548387097,0.13303769401330376,0.47606382978723405,0.7336065573770492,0.14959016393442623,0.1168032786885246,488,20,0,0.04685331113804792,0.13016743001809641,0.15907593175691317,0.4086202698128262,0.6908915885829118,0.6656756885872663,0.010345784513594917,1.5315471022855165
0.55,0.3,1.2,0.12,0.6,0.38,0.25,0.5593645484949833,0.5040562963600863,0.8017118402282454,0.5774193548387097,0.13303769401330376,0.47606382978723405,0.7336065573770492,0.14959016393442623,0.1168032786885246,488,20,0,0.04685331113804792,0.13016743001809641,0.15907593175691317,0.4086202698128262,0.6908915885829118,0.6656756885872663,0.010345784513594917,1.5315471022855165
0.55,0.3,1.2,0.08,0.6,0.42,0.25,0.560200668896321,0.5044725774934069,0.8033946251768034,0.5769854132901134,0.13303769401330376,0.4772117962466488,0.7295081967213115,0.15368852459016394,0.1168032786885246,488,20,0,0.04695498335065534,0.13016743001809641,0.15907593175691317,0.4086202698128262,0.6908915885829118,0.6656756885872663,0.010345784513594917,1.5389012581279073
0.55,0.3,1.2,0.12,0.6,0.42,0.25,0.560200668896321,0.5044725774934069,0.8033946251768034,0.5769854132901134,0.13303769401330376,0.4772117962466488,0.7295081967213115,0.15368852459016394,0.1168032786885246,488,20,0,0.04695498335065534,0.13016743001809641,0.15907593175691317,0.4086202698128262,0.6908915885829118,0.6656756885872663,0.010345784513594917,1.5389012581279073
0.55,0.3,1.2,0.04,0.6,0.42,0.25,0.560200668896321,0.5044725774934069,0.8033946251768034,0.5769854132901134,0.13303769401330376,0.4772117962466488,0.7295081967213115,0.15368852459016394,0.1168032786885246,488,20,0,0.04695498335065534,0.13016743001809641,0.15907593175691317,0.4086202698128262,0.6908915885829118,0.6656756885872663,0.010345784513594917,1.5389012581279073
0.65,0.3,1.2,0.12,0.66,0.34,0.5,0.5627090301003345,0.5289688392197353,0.8052325581395349,0.5688225538971807,0.21285140562248997,0.4777158774373259,0.7028688524590164,0.13114754098360656,0.16598360655737704,488,14,0,0.0478040176796612,0.13016743001809641,0.15907593175691317,0.4086202698128262,0.6908915885829118,0.6656756885872663,0.010345784513594917,1.5727572909352703
0.65,0.3,1.2,0.08,0.66,0.34,0.5,0.5627090301003345,0.5289688392197353,0.8052325581395349,0.5688225538971807,0.21285140562248997,0.4777158774373259,0.7028688524590164,0.13114754098360656,0.16598360655737704,488,14,0,0.0478040176796612,0.13016743001809641,0.15907593175691317,0.4086202698128262,0.6908915885829118,0.6656756885872663,0.010345784513594917,1.5727572909352703
0.65,0.3,1.2,0.04,0.66,0.34,0.5,0.5627090301003345,0.5289688392197353,0.8052325581395349,0.5688225538971807,0.21285140562248997,0.4777158774373259,0.7028688524590164,0.13114754098360656,0.16598360655737704,488,14,0,0.0478040176796612,0.13016743001809641,0.15907593175691317,0.4086202698128262,0.6908915885829118,0.6656756885872663,0.010345784513594917,1.5727572909352703
0.65,0.3,1.2,0.12,0.66,0.38,0.5,0.5635451505016722,0.5296517616178336,0.8075253256150506,0.5685785536159601,0.21285140562248997,0.4783216783216783,0.7008196721311475,0.13319672131147542,0.16598360655737704,488,14,0,0.048077041870761686,0.13016743001809641,0.15907593175691317,0.4086202698128262,0.6908915885829118,0.6656756885872663,0.010345784513594917,1.575541526824359
0.65,0.3,1.2,0.08,0.66,0.38,0.5,0.5635451505016722,0.5296517616178336,0.8075253256150506,0.5685785536159601,0.21285140562248997,0.4783216783216783,0.7008196721311475,0.13319672131147542,0.16598360655737704,488,14,0,0.048077041870761686,0.13016743001809641,0.15907593175691317,0.4086202698128262,0.6908915885829118,0.6656756885872663,0.010345784513594917,1.575541526824359
0.65,0.3,1.2,0.04,0.66,0.38,0.5,0.5635451505016722,0.5296517616178336,0.8075253256150506,0.5685785536159601,0.21285140562248997,0.4783216783216783,0.7008196721311475,0.13319672131147542,0.16598360655737704,488,14,0,0.048077041870761686,0.13016743001809641,0.15907593175691317,0.4086202698128262,0.6908915885829118,0.6656756885872663,0.010345784513594917,1.575541526824359
0.55,0.2,1.2,0.12,0.6,0.42,0.5,0.56438127090301,0.5367331676132583,0.8081395348837209,0.5647058823529412,0.23735408560311283,0.47863247863247865,0.6885245901639344,0.1290983606557377,0.18237704918032788,488,13,0,0.04851212289819617,0.13016743001809641,0.15907593175691317,0.4086202698128262,0.6908915885829118,0.6656756885872663,0.010345784513594917,1.5950830168210393
0.55,0.2,1.2,0.04,0.6,0.42,0.5,0.56438127090301,0.5367331676132583,0.8081395348837209,0.5647058823529412,0.23735408560311283,0.47863247863247865,0.6885245901639344,0.1290983606557377,0.18237704918032788,488,13,0,0.04851212289819617,0.13016743001809641,0.15907593175691317,0.4086202698128262,0.6908915885829118,0.6656756885872663,0.010345784513594917,1.5950830168210393
0.55,0.2,1.2,0.08,0.6,0.42,0.5,0.56438127090301,0.5367331676132583,0.8081395348837209,0.5647058823529412,0.23735408560311283,0.47863247863247865,0.6885245901639344,0.1290983606557377,0.18237704918032788,488,13,0,0.04851212289819617,0.13016743001809641,0.15907593175691317,0.4086202698128262,0.6908915885829118,0.6656756885872663,0.010345784513594917,1.5950830168210393
0.55,0.2,1.2,0.08,0.6,0.38,0.5,0.5635451505016722,0.5359968271904733,0.8064046579330422,0.5642317380352645,0.23735408560311283,0.4779516358463727,0.6885245901639344,0.1290983606557377,0.18237704918032788,488,13,0,0.048401411180237525,0.13016743001809641,0.15907593175691317,0.4086202698128262,0.6908915885829118,0.6656756885872663,0.010345784513594917,1.596655477645162
0.55,0.2,1.2,0.12,0.6,0.38,0.5,0.5635451505016722,0.5359968271904733,0.8064046579330422,0.5642317380352645,0.23735408560311283,0.4779516358463727,0.6885245901639344,0.1290983606557377,0.18237704918032788,488,13,0,0.048401411180237525,0.13016743001809641,0.15907593175691317,0.4086202698128262,0.6908915885829118,0.6656756885872663,0.010345784513594917,1.596655477645162
0.55,0.2,1.2,0.04,0.6,0.38,0.5,0.5635451505016722,0.5359968271904733,0.8064046579330422,0.5642317380352645,0.23735408560311283,0.4779516358463727,0.6885245901639344,0.1290983606557377,0.18237704918032788,488,13,0,0.048401411180237525,0.13016743001809641,0.15907593175691317,0.4086202698128262,0.6908915885829118,0.6656756885872663,0.010345784513594917,1.596655477645162
0.55,0.2,1.2,0.04,0.6,0.34,0.5,0.560200668896321,0.5330845650420621,0.7988252569750367,0.5630743525480367,0.23735408560311283,0.47531734837799716,0.6905737704918032,0.12704918032786885,0.18237704918032788,488,14,0,0.048147547391671645,0.13016743001809641,0.15907593175691317,0.4086202698128262,0.6908915885829118,0.6656756885872663,0.010345784513594917,1.5986089427103998
0.55,0.2,1.2,0.08,0.6,0.34,0.5,0.560200668896321,0.5330845650420621,0.7988252569750367,0.5630743525480367,0.23735408560311283,0.47531734837799716,0.6905737704918032,0.12704918032786885,0.18237704918032788,488,14,0,0.048147547391671645,0.13016743001809641,0.15907593175691317,0.4086202698128262,0.6908915885829118,0.6656756885872663,0.010345784513594917,1.5986089427103998
0.55,0.2,1.2,0.12,0.6,0.34,0.5,0.560200668896321,0.5330845650420621,0.7988252569750367,0.5630743525480367,0.23735408560311283,0.47531734837799716,0.6905737704918032,0.12704918032786885,0.18237704918032788,488,14,0,0.048147547391671645,0.13016743001809641,0.15907593175691317,0.4086202698128262,0.6908915885829118,0.6656756885872663,0.010345784513594917,1.5986089427103998
0.65,0.3,1.2,0.12,0.66,0.42,0.5,0.560200668896321,0.5265107575906577,0.8028776978417266,0.5638031693077564,0.21285140562248997,0.47538677918424754,0.6926229508196722,0.1413934426229508,0.16598360655737704,488,14,0,0.04823890619423944,0.13016743001809641,0.15907593175691317,0.4086202698128262,0.6908915885829118,0.6656756885872663,0.010345784513594917,1.5992401272109842
0.65,0.3,1.2,0.08,0.66,0.42,0.5,0.560200668896321,0.5265107575906577,0.8028776978417266,0.5638031693077564,0.21285140562248997,0.47538677918424754,0.6926229508196722,0.1413934426229508,0.16598360655737704,488,14,0,0.04823890619423944,0.13016743001809641,0.15907593175691317,0.4086202698128262,0.6908915885829118,0.6656756885872663,0.010345784513594917,1.5992401272109842
0.65,0.3,1.2,0.04,0.66,0.42,0.5,0.560200668896321,0.5265107575906577,0.8028776978417266,0.5638031693077564,0.21285140562248997,0.47538677918424754,0.6926229508196722,0.1413934426229508,0.16598360655737704,488,14,0,0.04823890619423944,0.13016743001809641,0.15907593175691317,0.4086202698128262,0.6908915885829118,0.6656756885872663,0.010345784513594917,1.5992401272109842
0.55,0.2,1.2,0.12,0.6,0.34,0.25,0.5618729096989966,0.5324512059648243,0.7988505747126436,0.5618166526492852,0.23668639053254437,0.4764621968616263,0.6844262295081968,0.14549180327868852,0.17008196721311475,488,16,0,0.048746812735942606,0.13016743001809641,0.15907593175691317,0.4086202698128262,0.6908915885829118,0.6656756885872663,0.010345784513594917,1.6092503888538143
0.55,0.2,1.2,0.04,0.6,0.34,0.25,0.5618729096989966,0.5324512059648243,0.7988505747126436,0.5618166526492852,0.23668639053254437,0.4764621968616263,0.6844262295081968,0.14549180327868852,0.17008196721311475,488,16,0,0.048746812735942606,0.13016743001809641,0.15907593175691317,0.4086202698128262,0.6908915885829118,0.6656756885872663,0.010345784513594917,1.6092503888538143
0.55,0.2,1.2,0.08,0.6,0.34,0.25,0.5618729096989966,0.5324512059648243,0.7988505747126436,0.5618166526492852,0.23668639053254437,0.4764621968616263,0.6844262295081968,0.14549180327868852,0.17008196721311475,488,16,0,0.048746812735942606,0.13016743001809641,0.15907593175691317,0.4086202698128262,0.6908915885829118,0.6656756885872663,0.010345784513594917,1.6092503888538143
0.55,0.2,1.2,0.12,0.6,0.42,0.25,0.5635451505016722,0.5331677639803317,0.8028169014084507,0.56,0.23668639053254437,0.47889374090247455,0.6741803278688525,0.1557377049180328,0.17008196721311475,488,15,0,0.049172160368418594,0.13016743001809641,0.15907593175691317,0.4086202698128262,0.6908915885829118,0.6656756885872663,0.010345784513594917,1.6283779834782541
0.55,0.2,1.2,0.04,0.6,0.42,0.25,0.5635451505016722,0.5331677639803317,0.8028169014084507,0.56,0.23668639053254437,0.47889374090247455,0.6741803278688525,0.1557377049180328,0.17008196721311475,488,15,0,0.049172160368418594,0.13016743001809641,0.15907593175691317,0.4086202698128262,0.6908915885829118,0.6656756885872663,0.010345784513594917,1.6283779834782541
0.55,0.2,1.2,0.08,0.6,0.42,0.25,0.5635451505016722,0.5331677639803317,0.8028169014084507,0.56,0.23668639053254437,0.47889374090247455,0.6741803278688525,0.1557377049180328,0.17008196721311475,488,15,0,0.049172160368418594,0.13016743001809641,0.15907593175691317,0.4086202698128262,0.6908915885829118,0.6656756885872663,0.010345784513594917,1.6283779834782541
0.55,0.2,1.2,0.12,0.6,0.38,0.25,0.5618729096989966,0.5319420051283861,0.8005657708628006,0.5585738539898133,0.23668639053254437,0.47681159420289854,0.6741803278688525,0.1557377049180328,0.17008196721311475,488,16,0,0.04906657224928126,0.13016743001809641,0.15907593175691317,0.4086202698128262,0.6908915885829118,0.6656756885872663,0.010345784513594917,1.6312759831328754
0.55,0.2,1.2,0.08,0.6,0.38,0.25,0.5618729096989966,0.5319420051283861,0.8005657708628006,0.5585738539898133,0.23668639053254437,0.47681159420289854,0.6741803278688525,0.1557377049180328,0.17008196721311475,488,16,0,0.04906657224928126,0.13016743001809641,0.15907593175691317,0.4086202698128262,0.6908915885829118,0.6656756885872663,0.010345784513594917,1.6312759831328754
0.55,0.2,1.2,0.04,0.6,0.38,0.25,0.5618729096989966,0.5319420051283861,0.8005657708628006,0.5585738539898133,0.23668639053254437,0.47681159420289854,0.6741803278688525,0.1557377049180328,0.17008196721311475,488,16,0,0.04906657224928126,0.13016743001809641,0.15907593175691317,0.4086202698128262,0.6908915885829118,0.6656756885872663,0.010345784513594917,1.6312759831328754
0.65,0.3,1.2,0.04,0.66,0.38,0.25,0.5576923076923077,0.5213469258555307,0.8033707865168539,0.5586497890295359,0.20202020202020202,0.4748923959827834,0.6782786885245902,0.1557377049180328,0.16598360655737704,488,16,0,0.04854637824860017,0.13016743001809641,0.15907593175691317,0.4086202698128262,0.6908915885829118,0.6656756885872663,0.010345784513594917,1.6370352709697968
0.65,0.3,1.2,0.12,0.66,0.38,0.25,0.5576923076923077,0.5213469258555307,0.8033707865168539,0.5586497890295359,0.20202020202020202,0.4748923959827834,0.6782786885245902,0.1557377049180328,0.16598360655737704,488,16,0,0.04854637824860017,0.13016743001809641,0.15907593175691317,0.4086202698128262,0.6908915885829118,0.6656756885872663,0.010345784513594917,1.6370352709697968
0.65,0.3,1.2,0.08,0.66,0.38,0.25,0.5576923076923077,0.5213469258555307,0.8033707865168539,0.5586497890295359,0.20202020202020202,0.4748923959827834,0.6782786885245902,0.1557377049180328,0.16598360655737704,488,16,0,0.04854637824860017,0.13016743001809641,0.15907593175691317,0.4086202698128262,0.6908915885829118,0.6656756885872663,0.010345784513594917,1.6370352709697968
0.65,0.3,1.2,0.08,0.66,0.34,0.25,0.5551839464882943,0.519629497963802,0.8005657708628006,0.5563025210084034,0.20202020202020202,0.47150997150997154,0.6782786885245902,0.1557377049180328,0.16598360655737704,488,17,0,0.048298672159301476,0.13016743001809641,0.15907593175691317,0.4086202698128262,0.6908915885829118,0.6656756885872663,0.010345784513594917,1.6412610600655388
0.65,0.3,1.2,0.12,0.66,0.34,0.25,0.5551839464882943,0.519629497963802,0.8005657708628006,0.5563025210084034,0.20202020202020202,0.47150997150997154,0.6782786885245902,0.1557377049180328,0.16598360655737704,488,17,0,0.048298672159301476,0.13016743001809641,0.15907593175691317,0.4086202698128262,0.6908915885829118,0.6656756885872663,0.010345784513594917,1.6412610600655388
0.65,0.3,1.2,0.04,0.66,0.34,0.25,0.5551839464882943,0.519629497963802,0.8005657708628006,0.5563025210084034,0.20202020202020202,0.47150997150997154,0.6782786885245902,0.1557377049180328,0.16598360655737704,488,17,0,0.048298672159301476,0.13016743001809641,0.15907593175691317,0.4086202698128262,0.6908915885829118,0.6656756885872663,0.010345784513594917,1.6412610600655388
0.65,0.3,1.2,0.04,0.66,0.42,0.25,0.5560200668896321,0.519567929720214,0.8,0.55668358714044,0.20202020202020202,0.47406340057636887,0.6741803278688525,0.1598360655737705,0.16598360655737704,488,16,0,0.04864464926529476,0.13016743001809641,0.15907593175691317,0.4086202698128262,0.6908915885829118,0.6656756885872663,0.010345784513594917,1.649093065284838
0.65,0.3,1.2,0.12,0.66,0.42,0.25,0.5560200668896321,0.519567929720214,0.8,0.55668358714044,0.20202020202020202,0.47406340057636887,0.6741803278688525,0.1598360655737705,0.16598360655737704,488,16,0,0.04864464926529476,0.13016743001809641,0.15907593175691317,0.4086202698128262,0.6908915885829118,0.6656756885872663,0.010345784513594917,1.649093065284838
0.65,0.3,1.2,0.08,0.66,0.42,0.25,0.5560200668896321,0.519567929720214,0.8,0.55668358714044,0.20202020202020202,0.47406340057636887,0.6741803278688525,0.1598360655737705,0.16598360655737704,488,16,0,0.04864464926529476,0.13016743001809641,0.15907593175691317,0.4086202698128262,0.6908915885829118,0.6656756885872663,0.010345784513594917,1.649093065284838
0.65,0.2,1.2,0.04,0.66,0.34,0.5,0.552675585284281,0.5279705610641497,0.8034682080924855,0.5476190476190477,0.23282442748091603,0.4680232558139535,0.6598360655737705,0.13729508196721313,0.2028688524590164,488,13,0,0.04913106387123705,0.13016743001809641,0.15907593175691317,0.4086202698128262,0.6908915885829118,0.6656756885872663,0.010345784513594917,1.67784639095609
0.65,0.2,1.2,0.12,0.66,0.34,0.5,0.552675585284281,0.5279705610641497,0.8034682080924855,0.5476190476190477,0.23282442748091603,0.4680232558139535,0.6598360655737705,0.13729508196721313,0.2028688524590164,488,13,0,0.04913106387123705,0.13016743001809641,0.15907593175691317,0.4086202698128262,0.6908915885829118,0.6656756885872663,0.010345784513594917,1.67784639095609
0.65,0.2,1.2,0.08,0.66,0.34,0.5,0.552675585284281,0.5279705610641497,0.8034682080924855,0.5476190476190477,0.23282442748091603,0.4680232558139535,0.6598360655737705,0.13729508196721313,0.2028688524590164,488,13,0,0.04913106387123705,0.13016743001809641,0.15907593175691317,0.4086202698128262,0.6908915885829118,0.6656756885872663,0.010345784513594917,1.67784639095609
0.65,0.2,1.2,0.08,0.66,0.38,0.5,0.552675585284281,0.5277603886344234,0.8051575931232091,0.5452991452991452,0.23282442748091603,0.46774193548387094,0.6536885245901639,0.14344262295081966,0.2028688524590164,488,13,0,0.04947330470711815,0.13016743001809641,0.15907593175691317,0.4086202698128262,0.6908915885829118,0.6656756885872663,0.010345784513594917,1.69096639945139
0.65,0.2,1.2,0.04,0.66,0.38,0.5,0.552675585284281,0.5277603886344234,0.8051575931232091,0.5452991452991452,0.23282442748091603,0.46774193548387094,0.6536885245901639,0.14344262295081966,0.2028688524590164,488,13,0,0.04947330470711815,0.13016743001809641,0.15907593175691317,0.4086202698128262,0.6908915885829118,0.6656756885872663,0.010345784513594917,1.69096639945139
0.65,0.2,1.2,0.12,0.66,0.38,0.5,0.552675585284281,0.5277603886344234,0.8051575931232091,0.5452991452991452,0.23282442748091603,0.46774193548387094,0.6536885245901639,0.14344262295081966,0.2028688524590164,488,13,0,0.04947330470711815,0.13016743001809641,0.15907593175691317,0.4086202698128262,0.6908915885829118,0.6656756885872663,0.010345784513594917,1.69096639945139
0.55,0.3,1.0,0.12,0.6,0.42,0.5,0.5501672240802675,0.5270913960807183,0.8064046579330422,0.5446808510638298,0.23018867924528302,0.4657933042212518,0.6557377049180327,0.1290983606557377,0.2151639344262295,488,12,0,0.04865381919713386,0.13016743001809641,0.15907593175691317,0.4086202698128262,0.6908915885829118,0.6656756885872663,0.010345784513594917,1.6910699827173055
0.55,0.3,1.0,0.04,0.6,0.42,0.5,0.5501672240802675,0.5270913960807183,0.8064046579330422,0.5446808510638298,0.23018867924528302,0.4657933042212518,0.6557377049180327,0.1290983606557377,0.2151639344262295,488,12,0,0.04865381919713386,0.13016743001809641,0.15907593175691317,0.4086202698128262,0.6908915885829118,0.6656756885872663,0.010345784513594917,1.6910699827173055
0.55,0.3,1.0,0.08,0.6,0.42,0.5,0.5501672240802675,0.5270913960807183,0.8064046579330422,0.5446808510638298,0.23018867924528302,0.4657933042212518,0.6557377049180327,0.1290983606557377,0.2151639344262295,488,12,0,0.04865381919713386,0.13016743001809641,0.15907593175691317,0.4086202698128262,0.6908915885829118,0.6656756885872663,0.010345784513594917,1.6910699827173055
0.55,0.3,1.0,0.08,0.6,0.34,0.5,0.5468227424749164,0.5242070162789155,0.7988252569750367,0.5436071126164268,0.23018867924528302,0.46320346320346323,0.6577868852459017,0.12704918032786885,0.2151639344262295,488,13,0,0.048252676678090474,0.13016743001809641,0.15907593175691317,0.4086202698128262,0.6908915885829118,0.6656756885872663,0.010345784513594917,1.6929955654359345
0.55,0.3,1.0,0.04,0.6,0.34,0.5,0.5468227424749164,0.5242070162789155,0.7988252569750367,0.5436071126164268,0.23018867924528302,0.46320346320346323,0.6577868852459017,0.12704918032786885,0.2151639344262295,488,13,0,0.048252676678090474,0.13016743001809641,0.15907593175691317,0.4086202698128262,0.6908915885829118,0.6656756885872663,0.010345784513594917,1.6929955654359345
0.55,0.3,1.0,0.12,0.6,0.34,0.5,0.5468227424749164,0.5242070162789155,0.7988252569750367,0.5436071126164268,0.23018867924528302,0.46320346320346323,0.6577868852459017,0.12704918032786885,0.2151639344262295,488,13,0,0.048252676678090474,0.13016743001809641,0.15907593175691317,0.4086202698128262,0.6908915885829118,0.6656756885872663,0.010345784513594917,1.6929955654359345
0.65,0.2,1.2,0.08,0.66,0.34,0.25,0.552675585284281,0.524201314982455,0.8011283497884344,0.5462328767123288,0.22524271844660193,0.46911764705882353,0.6536885245901639,0.1557377049180328,0.19057377049180327,488,19,0,0.049750896916914325,0.13016743001809641,0.15907593175691317,0.4086202698128262,0.6908915885829118,0.6656756885872663,0.010345784513594917,1.693295964906637
0.65,0.2,1.2,0.12,0.66,0.34,0.25,0.552675585284281,0.524201314982455,0.8011283497884344,0.5462328767123288,0.22524271844660193,0.46911764705882353,0.6536885245901639,0.1557377049180328,0.19057377049180327,488,19,0,0.049750896916914325,0.13016743001809641,0.15907593175691317,0.4086202698128262,0.6908915885829118,0.6656756885872663,0.010345784513594917,1.693295964906637
0.65,0.2,1.2,0.04,0.66,0.34,0.25,0.552675585284281,0.524201314982455,0.8011283497884344,0.5462328767123288,0.22524271844660193,0.46911764705882353,0.6536885245901639,0.1557377049180328,0.19057377049180327,488,19,0,0.049750896916914325,0.13016743001809641,0.15907593175691317,0.4086202698128262,0.6908915885829118,0.6656756885872663,0.010345784513594917,1.693295964906637
0.55,0.3,1.0,0.08,0.6,0.38,0.5,0.5484949832775919,0.5256212324616435,0.8029197080291971,0.5437553101104503,0.23018867924528302,0.4644412191582003,0.6557377049180327,0.1290983606557377,0.2151639344262295,488,12,0,0.04852127504947791,0.13016743001809641,0.15907593175691317,0.4086202698128262,0.6908915885829118,0.6656756885872663,0.010345784513594917,1.6942123871390558
0.55,0.3,1.0,0.12,0.6,0.38,0.5,0.5484949832775919,0.5256212324616435,0.8029197080291971,0.5437553101104503,0.23018867924528302,0.4644412191582003,0.6557377049180327,0.1290983606557377,0.2151639344262295,488,12,0,0.04852127504947791,0.13016743001809641,0.15907593175691317,0.4086202698128262,0.6908915885829118,0.6656756885872663,0.010345784513594917,1.6942123871390558
0.55,0.3,1.0,0.04,0.6,0.38,0.5,0.5484949832775919,0.5256212324616435,0.8029197080291971,0.5437553101104503,0.23018867924528302,0.4644412191582003,0.6557377049180327,0.1290983606557377,0.2151639344262295,488,12,0,0.04852127504947791,0.13016743001809641,0.15907593175691317,0.4086202698128262,0.6908915885829118,0.6656756885872663,0.010345784513594917,1.6942123871390558
0.65,0.2,1.2,0.04,0.66,0.42,0.5,0.5518394648829431,0.5269616325297121,0.804005722460658,0.544054747647562,0.23282442748091603,0.4669603524229075,0.6516393442622951,0.14549180327868852,0.2028688524590164,488,13,0,0.04969648099552017,0.13016743001809641,0.15907593175691317,0.4086202698128262,0.6908915885829118,0.6656756885872663,0.010345784513594917,1.6969045546459636
0.65,0.2,1.2,0.08,0.66,0.42,0.5,0.5518394648829431,0.5269616325297121,0.804005722460658,0.544054747647562,0.23282442748091603,0.4669603524229075,0.6516393442622951,0.14549180327868852,0.2028688524590164,488,13,0,0.04969648099552017,0.13016743001809641,0.15907593175691317,0.4086202698128262,0.6908915885829118,0.6656756885872663,0.010345784513594917,1.6969045546459636
0.65,0.2,1.2,0.12,0.66,0.42,0.5,0.5518394648829431,0.5269616325297121,0.804005722460658,0.544054747647562,0.23282442748091603,0.4669603524229075,0.6516393442622951,0.14549180327868852,0.2028688524590164,488,13,0,0.04969648099552017,0.13016743001809641,0.15907593175691317,0.4086202698128262,0.6908915885829118,0.6656756885872663,0.010345784513594917,1.6969045546459636
0.65,0.2,1.2,0.12,0.66,0.38,0.25,0.552675585284281,0.5234021215654878,0.7988826815642458,0.5460809646856158,0.22524271844660193,0.4710252600297177,0.6495901639344263,0.1598360655737705,0.19057377049180327,488,18,0,0.05003233027133634,0.13016743001809641,0.15907593175691317,0.4086202698128262,0.6908915885829118,0.6656756885872663,0.010345784513594917,1.7027017157006532
0.65,0.2,1.2,0.08,0.66,0.38,0.25,0.552675585284281,0.5234021215654878,0.7988826815642458,0.5460809646856158,0.22524271844660193,0.4710252600297177,0.6495901639344263,0.1598360655737705,0.19057377049180327,488,18,0,0.05003233027133634,0.13016743001809641,0.15907593175691317,0.4086202698128262,0.6908915885829118,0.6656756885872663,0.010345784513594917,1.7027017157006532
0.65,0.2,1.2,0.04,0.66,0.38,0.25,0.552675585284281,0.5234021215654878,0.7988826815642458,0.5460809646856158,0.22524271844660193,0.4710252600297177,0.6495901639344263,0.1598360655737705,0.19057377049180327,488,18,0,0.05003233027133634,0.13016743001809641,0.15907593175691317,0.4086202698128262,0.6908915885829118,0.6656756885872663,0.010345784513594917,1.7027017157006532
0.65,0.2,1.2,0.12,0.66,0.42,0.25,0.5510033444816054,0.5217493334352722,0.7972222222222223,0.5427830596369922,0.22524271844660193,0.4693572496263079,0.6434426229508197,0.16598360655737704,0.19057377049180327,488,18,0,0.05014800528192952,0.13016743001809641,0.15907593175691317,0.4086202698128262,0.6908915885829118,0.6656756885872663,0.010345784513594917,1.7189365806991181
0.65,0.2,1.2,0.04,0.66,0.42,0.25,0.5510033444816054,0.5217493334352722,0.7972222222222223,0.5427830596369922,0.22524271844660193,0.4693572496263079,0.6434426229508197,0.16598360655737704,0.19057377049180327,488,18,0,0.05014800528192952,0.13016743001809641,0.15907593175691317,0.4086202698128262,0.6908915885829118,0.6656756885872663,0.010345784513594917,1.7189365806991181
0.65,0.2,1.2,0.08,0.66,0.42,0.25,0.5510033444816054,0.5217493334352722,0.7972222222222223,0.5427830596369922,0.22524271844660193,0.4693572496263079,0.6434426229508197,0.16598360655737704,0.19057377049180327,488,18,0,0.05014800528192952,0.13016743001809641,0.15907593175691317,0.4086202698128262,0.6908915885829118,0.6656756885872663,0.010345784513594917,1.7189365806991181
0.55,0.3,1.0,0.08,0.6,0.34,0.25,0.5459866220735786,0.5220707814522247,0.8028571428571428,0.5360824742268041,0.22727272727272727,0.46153846153846156,0.639344262295082,0.14754098360655737,0.21311475409836064,488,16,0,0.048948981988080495,0.13016743001809641,0.15907593175691317,0.4086202698128262,0.6908915885829118,0.6656756885872663,0.010345784513594917,1.7344925108278975
0.55,0.3,1.0,0.12,0.6,0.34,0.25,0.5459866220735786,0.5220707814522247,0.8028571428571428,0.5360824742268041,0.22727272727272727,0.46153846153846156,0.639344262295082,0.14754098360655737,0.21311475409836064,488,16,0,0.048948981988080495,0.13016743001809641,0.15907593175691317,0.4086202698128262,0.6908915885829118,0.6656756885872663,0.010345784513594917,1.7344925108278975
0.55,0.3,1.0,0.04,0.6,0.34,0.25,0.5459866220735786,0.5220707814522247,0.8028571428571428,0.5360824742268041,0.22727272727272727,0.46153846153846156,0.639344262295082,0.14754098360655737,0.21311475409836064,488,16,0,0.048948981988080495,0.13016743001809641,0.15907593175691317,0.4086202698128262,0.6908915885829118,0.6656756885872663,0.010345784513594917,1.7344925108278975
0.65,0.1,1.2,0.12,0.66,0.34,0.5,0.5476588628762542,0.5252397509061781,0.8068669527896996,0.5362068965517242,0.2326454033771107,0.46279761904761907,0.6372950819672131,0.14344262295081966,0.2192622950819672,488,13,0,0.05040098127882751,0.13016743001809641,0.15907593175691317,0.4086202698128262,0.6908915885829118,0.6656756885872663,0.010345784513594917,1.734569333358154
0.65,0.1,1.2,0.08,0.66,0.34,0.5,0.5476588628762542,0.5252397509061781,0.8068669527896996,0.5362068965517242,0.2326454033771107,0.46279761904761907,0.6372950819672131,0.14344262295081966,0.2192622950819672,488,13,0,0.05040098127882751,0.13016743001809641,0.15907593175691317,0.4086202698128262,0.6908915885829118,0.6656756885872663,0.010345784513594917,1.734569333358154
0.65,0.1,1.2,0.04,0.66,0.34,0.5,0.5476588628762542,0.5252397509061781,0.8068669527896996,0.5362068965517242,0.2326454033771107,0.46279761904761907,0.6372950819672131,0.14344262295081966,0.2192622950819672,488,13,0,0.05040098127882751,0.13016743001809641,0.15907593175691317,0.4086202698128262,0.6908915885829118,0.6656756885872663,0.010345784513594917,1.734569333358154
0.65,0.1,1.2,0.04,0.66,0.38,0.5,0.5468227424749164,0.5244345354204568,0.8057142857142857,0.5349439171699741,0.2326454033771107,0.46199701937406856,0.6352459016393442,0.14549180327868852,0.2192622950819672,488,13,0,0.05082756719781822,0.13016743001809641,0.15907593175691317,0.4086202698128262,0.6908915885829118,0.6656756885872663,0.010345784513594917,1.7405139479337375
0.65,0.1,1.2,0.08,0.66,0.42,0.5,0.5468227424749164,0.5244345354204568,0.8057142857142857,0.5349439171699741,0.2326454033771107,0.46199701937406856,0.6352459016393442,0.14549180327868852,0.2192622950819672,488,13,0,0.051128568107275355,0.13016743001809641,0.15907593175691317,0.4086202698128262,0.6908915885829118,0.6656756885872663,0.010345784513594917,1.7405139479337375
0.65,0.1,1.2,0.12,0.66,0.38,0.5,0.5468227424749164,0.5244345354204568,0.8057142857142857,0.5349439171699741,0.2326454033771107,0.46199701937406856,0.6352459016393442,0.14549180327868852,0.2192622950819672,488,13,0,0.05082756719781822,0.13016743001809641,0.15907593175691317,0.4086202698128262,0.6908915885829118,0.6656756885872663,0.010345784513594917,1.7405139479337375
0.65,0.1,1.2,0.04,0.66,0.42,0.5,0.5468227424749164,0.5244345354204568,0.8057142857142857,0.5349439171699741,0.2326454033771107,0.46199701937406856,0.6352459016393442,0.14549180327868852,0.2192622950819672,488,13,0,0.051128568107275355,0.13016743001809641,0.15907593175691317,0.4086202698128262,0.6908915885829118,0.6656756885872663,0.010345784513594917,1.7405139479337375
0.65,0.1,1.2,0.12,0.66,0.42,0.5,0.5468227424749164,0.5244345354204568,0.8057142857142857,0.5349439171699741,0.2326454033771107,0.46199701937406856,0.6352459016393442,0.14549180327868852,0.2192622950819672,488,13,0,0.051128568107275355,0.13016743001809641,0.15907593175691317,0.4086202698128262,0.6908915885829118,0.6656756885872663,0.010345784513594917,1.7405139479337375
0.65,0.1,1.2,0.08,0.66,0.38,0.5,0.5468227424749164,0.5244345354204568,0.8057142857142857,0.5349439171699741,0.2326454033771107,0.46199701937406856,0.6352459016393442,0.14549180327868852,0.2192622950819672,488,13,0,0.05082756719781822,0.13016743001809641,0.15907593175691317,0.4086202698128262,0.6908915885829118,0.6656756885872663,0.010345784513594917,1.7405139479337375
0.55,0.3,1.0,0.12,0.6,0.42,0.25,0.5459866220735786,0.5212950408717735,0.8028169014084507,0.5337954939341422,0.22727272727272727,0.4624624624624625,0.6311475409836066,0.1557377049180328,0.21311475409836064,488,15,0,0.04934744028705916,0.13016743001809641,0.15907593175691317,0.4086202698128262,0.6908915885829118,0.6656756885872663,0.010345784513594917,1.7524813661624472
0.55,0.3,1.0,0.04,0.6,0.42,0.25,0.5459866220735786,0.5212950408717735,0.8028169014084507,0.5337954939341422,0.22727272727272727,0.4624624624624625,0.6311475409836066,0.1557377049180328,0.21311475409836064,488,15,0,0.04934744028705916,0.13016743001809641,0.15907593175691317,0.4086202698128262,0.6908915885829118,0.6656756885872663,0.010345784513594917,1.7524813661624472
0.55,0.3,1.0,0.08,0.6,0.42,0.25,0.5459866220735786,0.5212950408717735,0.8028169014084507,0.5337954939341422,0.22727272727272727,0.4624624624624625,0.6311475409836066,0.1557377049180328,0.21311475409836064,488,15,0,0.04934744028705916,0.13016743001809641,0.15907593175691317,0.4086202698128262,0.6908915885829118,0.6656756885872663,0.010345784513594917,1.7524813661624472
0.55,0.3,1.0,0.08,0.6,0.38,0.25,0.544314381270903,0.5200833023171437,0.8005657708628006,0.5324114088159032,0.22727272727272727,0.46038863976083705,0.6311475409836066,0.1557377049180328,0.21311475409836064,488,16,0,0.04924621078169728,0.13016743001809641,0.15907593175691317,0.4086202698128262,0.6908915885829118,0.6656756885872663,0.010345784513594917,1.7553653455197524
0.55,0.3,1.0,0.04,0.6,0.38,0.25,0.544314381270903,0.5200833023171437,0.8005657708628006,0.5324114088159032,0.22727272727272727,0.46038863976083705,0.6311475409836066,0.1557377049180328,0.21311475409836064,488,16,0,0.04924621078169728,0.13016743001809641,0.15907593175691317,0.4086202698128262,0.6908915885829118,0.6656756885872663,0.010345784513594917,1.7553653455197524
0.55,0.3,1.0,0.12,0.6,0.38,0.25,0.544314381270903,0.5200833023171437,0.8005657708628006,0.5324114088159032,0.22727272727272727,0.46038863976083705,0.6311475409836066,0.1557377049180328,0.21311475409836064,488,16,0,0.04924621078169728,0.13016743001809641,0.15907593175691317,0.4086202698128262,0.6908915885829118,0.6656756885872663,0.010345784513594917,1.7553653455197524
0.55,0.1,1.2,0.12,0.6,0.38,0.5,0.5409698996655519,0.5215459735858949,0.806966618287373,0.5293103448275862,0.2283609576427256,0.4568452380952381,0.6290983606557377,0.13114754098360656,0.23975409836065573,488,11,0,0.0503256222186046,0.13016743001809641,0.15907593175691317,0.4086202698128262,0.6908915885829118,0.6656756885872663,0.010345784513594917,1.7642143689711067
0.55,0.1,1.2,0.08,0.6,0.38,0.5,0.5409698996655519,0.5215459735858949,0.806966618287373,0.5293103448275862,0.2283609576427256,0.4568452380952381,0.6290983606557377,0.13114754098360656,0.23975409836065573,488,11,0,0.0503256222186046,0.13016743001809641,0.15907593175691317,0.4086202698128262,0.6908915885829118,0.6656756885872663,0.010345784513594917,1.7642143689711067
0.55,0.1,1.2,0.04,0.6,0.38,0.5,0.5409698996655519,0.5215459735858949,0.806966618287373,0.5293103448275862,0.2283609576427256,0.4568452380952381,0.6290983606557377,0.13114754098360656,0.23975409836065573,488,11,0,0.0503256222186046,0.13016743001809641,0.15907593175691317,0.4086202698128262,0.6908915885829118,0.6656756885872663,0.010345784513594917,1.7642143689711067
0.55,0.2,1.0,0.12,0.6,0.34,0.5,0.5384615384615384,0.5194286376976225,0.8011695906432749,0.5287553648068669,0.2283609576427256,0.4549483013293944,0.6311475409836066,0.1290983606557377,0.23975409836065573,488,12,0,0.05013518655020675,0.13016743001809641,0.15907593175691317,0.4086202698128262,0.6908915885829118,0.6656756885872663,0.010345784513594917,1.7645367873748679
0.55,0.2,1.0,0.04,0.6,0.34,0.5,0.5384615384615384,0.5194286376976225,0.8011695906432749,0.5287553648068669,0.2283609576427256,0.4549483013293944,0.6311475409836066,0.1290983606557377,0.23975409836065573,488,12,0,0.05013518655020675,0.13016743001809641,0.15907593175691317,0.4086202698128262,0.6908915885829118,0.6656756885872663,0.010345784513594917,1.7645367873748679
0.55,0.2,1.0,0.08,0.6,0.34,0.5,0.5384615384615384,0.5194286376976225,0.8011695906432749,0.5287553648068669,0.2283609576427256,0.4549483013293944,0.6311475409836066,0.1290983606557377,0.23975409836065573,488,12,0,0.05013518655020675,0.13016743001809641,0.15907593175691317,0.4086202698128262,0.6908915885829118,0.6656756885872663,0.010345784513594917,1.7645367873748679
0.55,0.2,1.0,0.08,0.6,0.38,0.5,0.540133779264214,0.5208159838711468,0.8052325581395349,0.52885443583118,0.2283609576427256,0.4561664190193165,0.6290983606557377,0.13114754098360656,0.23975409836065573,488,12,0,0.050441820931720505,0.13016743001809641,0.15907593175691317,0.4086202698128262,0.6908915885829118,0.6656756885872663,0.010345784513594917,1.7657804790871927
0.55,0.2,1.0,0.04,0.6,0.38,0.5,0.540133779264214,0.5208159838711468,0.8052325581395349,0.52885443583118,0.2283609576427256,0.4561664190193165,0.6290983606557377,0.13114754098360656,0.23975409836065573,488,12,0,0.050441820931720505,0.13016743001809641,0.15907593175691317,0.4086202698128262,0.6908915885829118,0.6656756885872663,0.010345784513594917,1.7657804790871927
0.55,0.2,1.0,0.12,0.6,0.38,0.5,0.540133779264214,0.5208159838711468,0.8052325581395349,0.52885443583118,0.2283609576427256,0.4561664190193165,0.6290983606557377,0.13114754098360656,0.23975409836065573,488,12,0,0.050441820931720505,0.13016743001809641,0.15907593175691317,0.4086202698128262,0.6908915885829118,0.6656756885872663,0.010345784513594917,1.7657804790871927
0.55,0.1,1.2,0.08,0.6,0.34,0.5,0.5376254180602007,0.5186923976326144,0.7994143484626647,0.5283018867924528,0.2283609576427256,0.45427728613569324,0.6311475409836066,0.1290983606557377,0.23975409836065573,488,12,0,0.05004258563861633,0.13016743001809641,0.15907593175691317,0.4086202698128262,0.6908915885829118,0.6656756885872663,0.010345784513594917,1.7661091478412136
0.55,0.1,1.2,0.12,0.6,0.34,0.5,0.5376254180602007,0.5186923976326144,0.7994143484626647,0.5283018867924528,0.2283609576427256,0.45427728613569324,0.6311475409836066,0.1290983606557377,0.23975409836065573,488,12,0,0.05004258563861633,0.13016743001809641,0.15907593175691317,0.4086202698128262,0.6908915885829118,0.6656756885872663,0.010345784513594917,1.7661091478412136
0.55,0.1,1.2,0.04,0.6,0.34,0.5,0.5376254180602007,0.5186923976326144,0.7994143484626647,0.5283018867924528,0.2283609576427256,0.45427728613569324,0.6311475409836066,0.1290983606557377,0.23975409836065573,488,12,0,0.05004258563861633,0.13016743001809641,0.15907593175691317,0.4086202698128262,0.6908915885829118,0.6656756885872663,0.010345784513594917,1.7661091478412136
0.65,0.1,1.2,0.12,0.66,0.34,0.25,0.5434782608695652,0.5191372249003757,0.800561797752809,0.5304347826086957,0.22641509433962265,0.4607250755287009,0.625,0.15778688524590165,0.21721311475409835,488,15,0,0.05118449108172035,0.13016743001809641,0.15907593175691317,0.4086202698128262,0.6908915885829118,0.6656756885872663,0.010345784513594917,1.770467215469006
0.65,0.1,1.2,0.04,0.66,0.34,0.25,0.5434782608695652,0.5191372249003757,0.800561797752809,0.5304347826086957,0.22641509433962265,0.4607250755287009,0.625,0.15778688524590165,0.21721311475409835,488,15,0,0.05118449108172035,0.13016743001809641,0.15907593175691317,0.4086202698128262,0.6908915885829118,0.6656756885872663,0.010345784513594917,1.770467215469006
0.65,0.1,1.2,0.08,0.66,0.34,0.25,0.5434782608695652,0.5191372249003757,0.800561797752809,0.5304347826086957,0.22641509433962265,0.4607250755287009,0.625,0.15778688524590165,0.21721311475409835,488,15,0,0.05118449108172035,0.13016743001809641,0.15907593175691317,0.4086202698128262,0.6908915885829118,0.6656756885872663,0.010345784513594917,1.770467215469006
0.55,0.2,1.0,0.08,0.6,0.42,0.5,0.5392976588628763,0.5198357733103188,0.8051948051948052,0.5259515570934256,0.2283609576427256,0.4550898203592814,0.6229508196721312,0.13729508196721313,0.23975409836065573,488,12,0,0.05063324007031224,0.13016743001809641,0.15907593175691317,0.4086202698128262,0.6908915885829118,0.6656756885872663,0.010345784513594917,1.780506646114932
0.55,0.2,1.0,0.12,0.6,0.42,0.5,0.5392976588628763,0.5198357733103188,0.8051948051948052,0.5259515570934256,0.2283609576427256,0.4550898203592814,0.6229508196721312,0.13729508196721313,0.23975409836065573,488,12,0,0.05063324007031224,0.13016743001809641,0.15907593175691317,0.4086202698128262,0.6908915885829118,0.6656756885872663,0.010345784513594917,1.780506646114932
0.55,0.2,1.0,0.04,0.6,0.42,0.5,0.5392976588628763,0.5198357733103188,0.8051948051948052,0.5259515570934256,0.2283609576427256,0.4550898203592814,0.6229508196721312,0.13729508196721313,0.23975409836065573,488,12,0,0.05063324007031224,0.13016743001809641,0.15907593175691317,0.4086202698128262,0.6908915885829118,0.6656756885872663,0.010345784513594917,1.780506646114932
0.55,0.1,1.2,0.12,0.6,0.34,0.25,0.5392976588628763,0.5176159044840551,0.7988587731811697,0.5259515570934256,0.22803738317757008,0.4550898203592814,0.6229508196721312,0.15163934426229508,0.22540983606557377,488,16,0,0.05082411331091119,0.13016743001809641,0.15907593175691317,0.4086202698128262,0.6908915885829118,0.6656756885872663,0.010345784513594917,1.7812920887116874
0.55,0.1,1.2,0.04,0.6,0.34,0.25,0.5392976588628763,0.5176159044840551,0.7988587731811697,0.5259515570934256,0.22803738317757008,0.4550898203592814,0.6229508196721312,0.15163934426229508,0.22540983606557377,488,16,0,0.05082411331091119,0.13016743001809641,0.15907593175691317,0.4086202698128262,0.6908915885829118,0.6656756885872663,0.010345784513594917,1.7812920887116874
0.55,0.1,1.2,0.08,0.6,0.34,0.25,0.5392976588628763,0.5176159044840551,0.7988587731811697,0.5259515570934256,0.22803738317757008,0.4550898203592814,0.6229508196721312,0.15163934426229508,0.22540983606557377,488,16,0,0.05082411331091119,0.13016743001809641,0.15907593175691317,0.4086202698128262,0.6908915885829118,0.6656756885872663,0.010345784513594917,1.7812920887116874
0.65,0.3,1.0,0.12,0.66,0.34,0.5,0.5384615384615384,0.5191087135567961,0.8034682080924855,0.5254969749351772,0.2283609576427256,0.45440956651718983,0.6229508196721312,0.13729508196721313,0.23975409836065573,488,12,0,0.05029236922016209,0.13016743001809641,0.15907593175691317,0.4086202698128262,0.6908915885829118,0.6656756885872663,0.010345784513594917,1.7820698262697925
0.65,0.3,1.0,0.08,0.66,0.34,0.5,0.5384615384615384,0.5191087135567961,0.8034682080924855,0.5254969749351772,0.2283609576427256,0.45440956651718983,0.6229508196721312,0.13729508196721313,0.23975409836065573,488,12,0,0.05029236922016209,0.13016743001809641,0.15907593175691317,0.4086202698128262,0.6908915885829118,0.6656756885872663,0.010345784513594917,1.7820698262697925
0.65,0.3,1.0,0.04,0.66,0.34,0.5,0.5384615384615384,0.5191087135567961,0.8034682080924855,0.5254969749351772,0.2283609576427256,0.45440956651718983,0.6229508196721312,0.13729508196721313,0.23975409836065573,488,12,0,0.05029236922016209,0.13016743001809641,0.15907593175691317,0.4086202698128262,0.6908915885829118,0.6656756885872663,0.010345784513594917,1.7820698262697925
0.75,0.3,1.2,0.12,0.72,0.34,0.5,0.5434782608695652,0.5261239339618067,0.8057142857142857,0.5249343832020997,0.24772313296903462,0.4580152671755725,0.6147540983606558,0.14549180327868852,0.23975409836065573,488,13,0,0.04991613630177547,0.13016743001809641,0.15907593175691317,0.4086202698128262,0.6908915885829118,0.6656756885872663,0.010345784513594917,1.7872509982108535
0.75,0.3,1.2,0.04,0.72,0.34,0.5,0.5434782608695652,0.5261239339618067,0.8057142857142857,0.5249343832020997,0.24772313296903462,0.4580152671755725,0.6147540983606558,0.14549180327868852,0.23975409836065573,488,13,0,0.04991613630177547,0.13016743001809641,0.15907593175691317,0.4086202698128262,0.6908915885829118,0.6656756885872663,0.010345784513594917,1.7872509982108535
0.75,0.3,1.2,0.08,0.72,0.34,0.5,0.5434782608695652,0.5261239339618067,0.8057142857142857,0.5249343832020997,0.24772313296903462,0.4580152671755725,0.6147540983606558,0.14549180327868852,0.23975409836065573,488,13,0,0.04991613630177547,0.13016743001809641,0.15907593175691317,0.4086202698128262,0.6908915885829118,0.6656756885872663,0.010345784513594917,1.7872509982108535
0.65,0.3,1.2,0.08,0.6,0.34,0.5,0.5418060200668896,0.5277583567037207,0.8052325581395349,0.5240174672489083,0.25402504472271914,0.45662100456621,0.6147540983606558,0.13114754098360656,0.2540983606557377,488,14,0,0.04897901038353218,0.13016743001809641,0.15907593175691317,0.4086202698128262,0.6908915885829118,0.6656756885872663,0.010345784513594917,1.7887232425011232
0.65,0.3,1.2,0.12,0.6,0.34,0.5,0.5418060200668896,0.5277583567037207,0.8052325581395349,0.5240174672489083,0.25402504472271914,0.45662100456621,0.6147540983606558,0.13114754098360656,0.2540983606557377,488,14,0,0.04897901038353218,0.13016743001809641,0.15907593175691317,0.4086202698128262,0.6908915885829118,0.6656756885872663,0.010345784513594917,1.7887232425011232
0.65,0.3,1.2,0.04,0.6,0.34,0.5,0.5418060200668896,0.5277583567037207,0.8052325581395349,0.5240174672489083,0.25402504472271914,0.45662100456621,0.6147540983606558,0.13114754098360656,0.2540983606557377,488,14,0,0.04897901038353218,0.13016743001809641,0.15907593175691317,0.4086202698128262,0.6908915885829118,0.6656756885872663,0.010345784513594917,1.7887232425011232
0.65,0.3,1.2,0.04,0.6,0.38,0.5,0.5426421404682275,0.5283977007956021,0.8075253256150506,0.5236427320490368,0.25402504472271914,0.45718654434250766,0.6127049180327869,0.13319672131147542,0.2540983606557377,488,14,0,0.049243649225862135,0.13016743001809641,0.15907593175691317,0.4086202698128262,0.6908915885829118,0.6656756885872663,0.010345784513594917,1.7915510566964286
0.65,0.3,1.2,0.12,0.6,0.38,0.5,0.5426421404682275,0.5283977007956021,0.8075253256150506,0.5236427320490368,0.25402504472271914,0.45718654434250766,0.6127049180327869,0.13319672131147542,0.2540983606557377,488,14,0,0.049243649225862135,0.13016743001809641,0.15907593175691317,0.4086202698128262,0.6908915885829118,0.6656756885872663,0.010345784513594917,1.7915510566964286
0.65,0.3,1.2,0.08,0.6,0.38,0.5,0.5426421404682275,0.5283977007956021,0.8075253256150506,0.5236427320490368,0.25402504472271914,0.45718654434250766,0.6127049180327869,0.13319672131147542,0.2540983606557377,488,14,0,0.049243649225862135,0.13016743001809641,0.15907593175691317,0.4086202698128262,0.6908915885829118,0.6656756885872663,0.010345784513594917,1.7915510566964286
0.55,0.1,1.2,0.04,0.6,0.42,0.5,0.5376254180602007,0.5182118453001323,0.8028776978417266,0.5233968804159446,0.2283609576427256,0.45345345345345345,0.6188524590163934,0.1413934426229508,0.23975409836065573,488,12,0,0.05049083447435972,0.13016743001809641,0.15907593175691317,0.4086202698128262,0.6908915885829118,0.6656756885872663,0.010345784513594917,1.7924093723048433
0.55,0.1,1.2,0.12,0.6,0.42,0.5,0.5376254180602007,0.5182118453001323,0.8028776978417266,0.5233968804159446,0.2283609576427256,0.45345345345345345,0.6188524590163934,0.1413934426229508,0.23975409836065573,488,12,0,0.05049083447435972,0.13016743001809641,0.15907593175691317,0.4086202698128262,0.6908915885829118,0.6656756885872663,0.010345784513594917,1.7924093723048433
0.55,0.1,1.2,0.08,0.6,0.42,0.5,0.5376254180602007,0.5182118453001323,0.8028776978417266,0.5233968804159446,0.2283609576427256,0.45345345345345345,0.6188524590163934,0.1413934426229508,0.23975409836065573,488,12,0,0.05049083447435972,0.13016743001809641,0.15907593175691317,0.4086202698128262,0.6908915885829118,0.6656756885872663,0.010345784513594917,1.7924093723048433
0.55,0.1,1.2,0.04,0.6,0.38,0.25,0.540133779264214,0.5176282704169349,0.8,0.5248474280732345,0.22803738317757008,0.456752655538695,0.6168032786885246,0.15778688524590165,0.22540983606557377,488,16,0,0.051171752731231444,0.13016743001809641,0.15907593175691317,0.4086202698128262,0.6908915885829118,0.6656756885872663,0.010345784513594917,1.7933534384430436
0.55,0.1,1.2,0.12,0.6,0.38,0.25,0.540133779264214,0.5176282704169349,0.8,0.5248474280732345,0.22803738317757008,0.456752655538695,0.6168032786885246,0.15778688524590165,0.22540983606557377,488,16,0,0.051171752731231444,0.13016743001809641,0.15907593175691317,0.4086202698128262,0.6908915885829118,0.6656756885872663,0.010345784513594917,1.7933534384430436
0.55,0.1,1.2,0.08,0.6,0.38,0.25,0.540133779264214,0.5176282704169349,0.8,0.5248474280732345,0.22803738317757008,0.456752655538695,0.6168032786885246,0.15778688524590165,0.22540983606557377,488,16,0,0.051171752731231444,0.13016743001809641,0.15907593175691317,0.4086202698128262,0.6908915885829118,0.6656756885872663,0.010345784513594917,1.7933534384430436
0.65,0.3,1.0,0.12,0.66,0.38,0.5,0.5384615384615384,0.5188473362095543,0.8051575931232091,0.5230234578627281,0.2283609576427256,0.4539969834087481,0.6168032786885246,0.14344262295081966,0.23975409836065573,488,12,0,0.05069304953312855,0.13016743001809641,0.15907593175691317,0.4086202698128262,0.6908915885829118,0.6656756885872663,0.010345784513594917,1.7952410396826084
0.65,0.3,1.0,0.04,0.66,0.38,0.5,0.5384615384615384,0.5188473362095543,0.8051575931232091,0.5230234578627281,0.2283609576427256,0.4539969834087481,0.6168032786885246,0.14344262295081966,0.23975409836065573,488,12,0,0.05069304953312855,0.13016743001809641,0.15907593175691317,0.4086202698128262,0.6908915885829118,0.6656756885872663,0.010345784513594917,1.7952410396826084
0.65,0.3,1.0,0.08,0.66,0.38,0.5,0.5384615384615384,0.5188473362095543,0.8051575931232091,0.5230234578627281,0.2283609576427256,0.4539969834087481,0.6168032786885246,0.14344262295081966,0.23975409836065573,488,12,0,0.05069304953312855,0.13016743001809641,0.15907593175691317,0.4086202698128262,0.6908915885829118,0.6656756885872663,0.010345784513594917,1.7952410396826084
0.55,0.1,1.2,0.12,0.6,0.42,0.25,0.5409698996655519,0.5178104762372403,0.8,0.5253940455341506,0.22803738317757008,0.45871559633027525,0.6147540983606558,0.1598360655737705,0.22540983606557377,488,15,0,0.05128320646088756,0.13016743001809641,0.15907593175691317,0.4086202698128262,0.6908915885829118,0.6656756885872663,0.010345784513594917,1.796638390909925
0.55,0.1,1.2,0.08,0.6,0.42,0.25,0.5409698996655519,0.5178104762372403,0.8,0.5253940455341506,0.22803738317757008,0.45871559633027525,0.6147540983606558,0.1598360655737705,0.22540983606557377,488,15,0,0.05128320646088756,0.13016743001809641,0.15907593175691317,0.4086202698128262,0.6908915885829118,0.6656756885872663,0.010345784513594917,1.796638390909925
0.55,0.1,1.2,0.04,0.6,0.42,0.25,0.5409698996655519,0.5178104762372403,0.8,0.5253940455341506,0.22803738317757008,0.45871559633027525,0.6147540983606558,0.1598360655737705,0.22540983606557377,488,15,0,0.05128320646088756,0.13016743001809641,0.15907593175691317,0.4086202698128262,0.6908915885829118,0.6656756885872663,0.010345784513594917,1.796638390909925
0.65,0.1,1.2,0.04,0.66,0.38,0.25,0.5409698996655519,0.5161287042595221,0.7961165048543689,0.5258545135845749,0.22641509433962265,0.45941807044410415,0.6147540983606558,0.1680327868852459,0.21721311475409835,488,16,0,0.05151333146694863,0.13016743001809641,0.15907593175691317,0.4086202698128262,0.6908915885829118,0.6656756885872663,0.010345784513594917,1.797500490756496
0.65,0.1,1.2,0.08,0.66,0.38,0.25,0.5409698996655519,0.5161287042595221,0.7961165048543689,0.5258545135845749,0.22641509433962265,0.45941807044410415,0.6147540983606558,0.1680327868852459,0.21721311475409835,488,16,0,0.05151333146694863,0.13016743001809641,0.15907593175691317,0.4086202698128262,0.6908915885829118,0.6656756885872663,0.010345784513594917,1.797500490756496
0.65,0.1,1.2,0.12,0.66,0.38,0.25,0.5409698996655519,0.5161287042595221,0.7961165048543689,0.5258545135845749,0.22641509433962265,0.45941807044410415,0.6147540983606558,0.1680327868852459,0.21721311475409835,488,16,0,0.05151333146694863,0.13016743001809641,0.15907593175691317,0.4086202698128262,0.6908915885829118,0.6656756885872663,0.010345784513594917,1.797500490756496
0.75,0.3,1.2,0.08,0.72,0.38,0.5,0.5418060200668896,0.5244969177383941,0.8034188034188035,0.5223488168273445,0.24772313296903462,0.4563552833078101,0.610655737704918,0.14959016393442623,0.23975409836065573,488,13,0,0.05025390989353275,0.13016743001809641,0.15907593175691317,0.4086202698128262,0.6908915885829118,0.6656756885872663,0.010345784513594917,1.799156812613991
0.75,0.3,1.2,0.12,0.72,0.38,0.5,0.5418060200668896,0.5244969177383941,0.8034188034188035,0.5223488168273445,0.24772313296903462,0.4563552833078101,0.610655737704918,0.14959016393442623,0.23975409836065573,488,13,0,0.05025390989353275,0.13016743001809641,0.15907593175691317,0.4086202698128262,0.6908915885829118,0.6656756885872663,0.010345784513594917,1.799156812613991
0.75,0.3,1.2,0.04,0.72,0.38,0.5,0.5418060200668896,0.5244969177383941,0.8034188034188035,0.5223488168273445,0.24772313296903462,0.4563552833078101,0.610655737704918,0.14959016393442623,0.23975409836065573,488,13,0,0.05025390989353275,0.13016743001809641,0.15907593175691317,0.4086202698128262,0.6908915885829118,0.6656756885872663,0.010345784513594917,1.799156812613991
0.65,0.3,1.0,0.04,0.66,0.42,0.5,0.5376254180602007,0.5180352701793888,0.804005722460658,0.5217391304347826,0.2283609576427256,0.45317220543806647,0.6147540983606558,0.14549180327868852,0.23975409836065573,488,12,0,0.05093856063491426,0.13016743001809641,0.15907593175691317,0.4086202698128262,0.6908915885829118,0.6656756885872663,0.010345784513594917,1.801192504802636
0.65,0.3,1.0,0.08,0.66,0.42,0.5,0.5376254180602007,0.5180352701793888,0.804005722460658,0.5217391304347826,0.2283609576427256,0.45317220543806647,0.6147540983606558,0.14549180327868852,0.23975409836065573,488,12,0,0.05093856063491426,0.13016743001809641,0.15907593175691317,0.4086202698128262,0.6908915885829118,0.6656756885872663,0.010345784513594917,1.801192504802636
0.65,0.3,1.0,0.12,0.66,0.42,0.5,0.5376254180602007,0.5180352701793888,0.804005722460658,0.5217391304347826,0.2283609576427256,0.45317220543806647,0.6147540983606558,0.14549180327868852,0.23975409836065573,488,12,0,0.05093856063491426,0.13016743001809641,0.15907593175691317,0.4086202698128262,0.6908915885829118,0.6656756885872663,0.010345784513594917,1.801192504802636
0.65,0.1,1.2,0.08,0.66,0.42,0.25,0.5392976588628763,0.5143195362318416,0.7928176795580111,0.523725834797891,0.22641509433962265,0.4584615384615385,0.610655737704918,0.1721311475409836,0.21721311475409835,488,16,0,0.051650670785026165,0.13016743001809641,0.15907593175691317,0.4086202698128262,0.6908915885829118,0.6656756885872663,0.010345784513594917,1.8095884569639011
0.65,0.1,1.2,0.04,0.66,0.42,0.25,0.5392976588628763,0.5143195362318416,0.7928176795580111,0.523725834797891,0.22641509433962265,0.4584615384615385,0.610655737704918,0.1721311475409836,0.21721311475409835,488,16,0,0.051650670785026165,0.13016743001809641,0.15907593175691317,0.4086202698128262,0.6908915885829118,0.6656756885872663,0.010345784513594917,1.8095884569639011
0.65,0.1,1.2,0.12,0.66,0.42,0.25,0.5392976588628763,0.5143195362318416,0.7928176795580111,0.523725834797891,0.22641509433962265,0.4584615384615385,0.610655737704918,0.1721311475409836,0.21721311475409835,488,16,0,0.051650670785026165,0.13016743001809641,0.15907593175691317,0.4086202698128262,0.6908915885829118,0.6656756885872663,0.010345784513594917,1.8095884569639011
0.65,0.3,1.2,0.12,0.6,0.42,0.5,0.5392976588628763,0.525118723209824,0.8028776978417266,0.5184534270650264,0.25402504472271914,0.45384615384615384,0.6045081967213115,0.1413934426229508,0.2540983606557377,488,14,0,0.049398009930420095,0.13016743001809641,0.15907593175691317,0.4086202698128262,0.6908915885829118,0.6656756885872663,0.010345784513594917,1.815387630641656
0.65,0.3,1.2,0.08,0.6,0.42,0.5,0.5392976588628763,0.525118723209824,0.8028776978417266,0.5184534270650264,0.25402504472271914,0.45384615384615384,0.6045081967213115,0.1413934426229508,0.2540983606557377,488,14,0,0.049398009930420095,0.13016743001809641,0.15907593175691317,0.4086202698128262,0.6908915885829118,0.6656756885872663,0.010345784513594917,1.815387630641656
0.65,0.3,1.2,0.04,0.6,0.42,0.5,0.5392976588628763,0.525118723209824,0.8028776978417266,0.5184534270650264,0.25402504472271914,0.45384615384615384,0.6045081967213115,0.1413934426229508,0.2540983606557377,488,14,0,0.049398009930420095,0.13016743001809641,0.15907593175691317,0.4086202698128262,0.6908915885829118,0.6656756885872663,0.010345784513594917,1.815387630641656
0.75,0.2,1.2,0.04,0.72,0.34,0.5,0.5367892976588629,0.5175569666019799,0.802275960170697,0.5187772925764192,0.23161764705882354,0.4520547945205479,0.6086065573770492,0.15163934426229508,0.23975409836065573,488,12,0,0.05071222330474042,0.13016743001809641,0.15907593175691317,0.4086202698128262,0.6908915885829118,0.6656756885872663,0.010345784513594917,1.8154167648469566
0.75,0.2,1.2,0.08,0.72,0.34,0.5,0.5367892976588629,0.5175569666019799,0.802275960170697,0.5187772925764192,0.23161764705882354,0.4520547945205479,0.6086065573770492,0.15163934426229508,0.23975409836065573,488,12,0,0.05071222330474042,0.13016743001809641,0.15907593175691317,0.4086202698128262,0.6908915885829118,0.6656756885872663,0.010345784513594917,1.8154167648469566
0.75,0.2,1.2,0.12,0.72,0.34,0.5,0.5367892976588629,0.5175569666019799,0.802275960170697,0.5187772925764192,0.23161764705882354,0.4520547945205479,0.6086065573770492,0.15163934426229508,0.23975409836065573,488,12,0,0.05071222330474042,0.13016743001809641,0.15907593175691317,0.4086202698128262,0.6908915885829118,0.6656756885872663,0.010345784513594917,1.8154167648469566
0.65,0.2,1.0,0.08,0.66,0.34,0.5,0.5359531772575251,0.5178030692507741,0.8051575931232091,0.518324607329843,0.22992700729927007,0.4513677811550152,0.6086065573770492,0.14344262295081966,0.24795081967213115,488,13,0,0.05159780123863552,0.13016743001809641,0.15907593175691317,0.4086202698128262,0.6908915885829118,0.6656756885872663,0.010345784513594917,1.8168264547306474
0.65,0.2,1.0,0.12,0.66,0.34,0.5,0.5359531772575251,0.5178030692507741,0.8051575931232091,0.518324607329843,0.22992700729927007,0.4513677811550152,0.6086065573770492,0.14344262295081966,0.24795081967213115,488,13,0,0.05159780123863552,0.13016743001809641,0.15907593175691317,0.4086202698128262,0.6908915885829118,0.6656756885872663,0.010345784513594917,1.8168264547306474
0.65,0.2,1.0,0.04,0.66,0.34,0.5,0.5359531772575251,0.5178030692507741,0.8051575931232091,0.518324607329843,0.22992700729927007,0.4513677811550152,0.6086065573770492,0.14344262295081966,0.24795081967213115,488,13,0,0.05159780123863552,0.13016743001809641,0.15907593175691317,0.4086202698128262,0.6908915885829118,0.6656756885872663,0.010345784513594917,1.8168264547306474
0.75,0.3,1.2,0.04,0.72,0.42,0.5,0.5392976588628763,0.5218331330743684,0.7988668555240793,0.5189094107299912,0.24772313296903462,0.45454545454545453,0.6045081967213115,0.1557377049180328,0.23975409836065573,488,15,0,0.050444671299606954,0.13016743001809641,0.15907593175691317,0.4086202698128262,0.6908915885829118,0.6656756885872663,0.010345784513594917,1.8172387945476036
0.75,0.3,1.2,0.08,0.72,0.42,0.5,0.5392976588628763,0.5218331330743684,0.7988668555240793,0.5189094107299912,0.24772313296903462,0.45454545454545453,0.6045081967213115,0.1557377049180328,0.23975409836065573,488,15,0,0.050444671299606954,0.13016743001809641,0.15907593175691317,0.4086202698128262,0.6908915885829118,0.6656756885872663,0.010345784513594917,1.8172387945476036
0.75,0.3,1.2,0.12,0.72,0.42,0.5,0.5392976588628763,0.5218331330743684,0.7988668555240793,0.5189094107299912,0.24772313296903462,0.45454545454545453,0.6045081967213115,0.1557377049180328,0.23975409836065573,488,15,0,0.050444671299606954,0.13016743001809641,0.15907593175691317,0.4086202698128262,0.6908915885829118,0.6656756885872663,0.010345784513594917,1.8172387945476036
0.55,0.2,1.0,0.08,0.6,0.34,0.25,0.5342809364548495,0.5141203102248473,0.7994310099573257,0.5174216027874564,0.2255083179297597,0.45,0.6086065573770492,0.15368852459016394,0.23770491803278687,488,16,0,0.051041272162326,0.13016743001809641,0.15907593175691317,0.4086202698128262,0.6908915885829118,0.6656756885872663,0.010345784513594917,1.8211568643953158
0.55,0.2,1.0,0.12,0.6,0.34,0.25,0.5342809364548495,0.5141203102248473,0.7994310099573257,0.5174216027874564,0.2255083179297597,0.45,0.6086065573770492,0.15368852459016394,0.23770491803278687,488,16,0,0.051041272162326,0.13016743001809641,0.15907593175691317,0.4086202698128262,0.6908915885829118,0.6656756885872663,0.010345784513594917,1.8211568643953158
0.55,0.2,1.0,0.04,0.6,0.34,0.25,0.5342809364548495,0.5141203102248473,0.7994310099573257,0.5174216027874564,0.2255083179297597,0.45,0.6086065573770492,0.15368852459016394,0.23770491803278687,488,16,0,0.051041272162326,0.13016743001809641,0.15907593175691317,0.4086202698128262,0.6908915885829118,0.6656756885872663,0.010345784513594917,1.8211568643953158
0.65,0.2,1.0,0.08,0.66,0.38,0.5,0.5359531772575251,0.5177079368320244,0.8057142857142857,0.5174825174825175,0.22992700729927007,0.45121951219512196,0.6065573770491803,0.14549180327868852,0.24795081967213115,488,13,0,0.052095390872860435,0.13016743001809641,0.15907593175691317,0.4086202698128262,0.6908915885829118,0.6656756885872663,0.010345784513594917,1.8212248658379218
0.65,0.2,1.0,0.04,0.66,0.38,0.5,0.5359531772575251,0.5177079368320244,0.8057142857142857,0.5174825174825175,0.22992700729927007,0.45121951219512196,0.6065573770491803,0.14549180327868852,0.24795081967213115,488,13,0,0.052095390872860435,0.13016743001809641,0.15907593175691317,0.4086202698128262,0.6908915885829118,0.6656756885872663,0.010345784513594917,1.8212248658379218
0.65,0.2,1.0,0.12,0.66,0.38,0.5,0.5359531772575251,0.5177079368320244,0.8057142857142857,0.5174825174825175,0.22992700729927007,0.45121951219512196,0.6065573770491803,0.14549180327868852,0.24795081967213115,488,13,0,0.052095390872860435,0.13016743001809641,0.15907593175691317,0.4086202698128262,0.6908915885829118,0.6656756885872663,0.010345784513594917,1.8212248658379218
0.75,0.3,1.2,0.12,0.66,0.34,0.5,0.5551839464882943,0.5509672674904055,0.8057142857142857,0.5177757520510483,0.32941176470588235,0.4663382594417077,0.5819672131147541,0.14549180327868852,0.2725409836065574,488,15,0,0.05112470494116064,0.13016743001809641,0.15907593175691317,0.4086202698128262,0.6908915885829118,0.6656756885872663,0.010345784513594917,1.822833126604509
0.75,0.3,1.2,0.08,0.66,0.34,0.5,0.5551839464882943,0.5509672674904055,0.8057142857142857,0.5177757520510483,0.32941176470588235,0.4663382594417077,0.5819672131147541,0.14549180327868852,0.2725409836065574,488,15,0,0.05112470494116064,0.13016743001809641,0.15907593175691317,0.4086202698128262,0.6908915885829118,0.6656756885872663,0.010345784513594917,1.822833126604509
0.75,0.3,1.2,0.04,0.66,0.34,0.5,0.5551839464882943,0.5509672674904055,0.8057142857142857,0.5177757520510483,0.32941176470588235,0.4663382594417077,0.5819672131147541,0.14549180327868852,0.2725409836065574,488,15,0,0.05112470494116064,0.13016743001809641,0.15907593175691317,0.4086202698128262,0.6908915885829118,0.6656756885872663,0.010345784513594917,1.822833126604509
0.55,0.1,1.0,0.04,0.6,0.34,0.5,0.5317725752508361,0.5154155542261826,0.8023255813953488,0.5160729800173762,0.22784810126582278,0.4479638009049774,0.6086065573770492,0.13319672131147542,0.2581967213114754,488,13,0,0.05206368560860658,0.13016743001809641,0.15907593175691317,0.4086202698128262,0.6908915885829118,0.6656756885872663,0.010345784513594917,1.8244191619258627
0.55,0.1,1.0,0.12,0.6,0.34,0.5,0.5317725752508361,0.5154155542261826,0.8023255813953488,0.5160729800173762,0.22784810126582278,0.4479638009049774,0.6086065573770492,0.13319672131147542,0.2581967213114754,488,13,0,0.05206368560860658,0.13016743001809641,0.15907593175691317,0.4086202698128262,0.6908915885829118,0.6656756885872663,0.010345784513594917,1.8244191619258627
0.55,0.1,1.0,0.08,0.6,0.34,0.5,0.5317725752508361,0.5154155542261826,0.8023255813953488,0.5160729800173762,0.22784810126582278,0.4479638009049774,0.6086065573770492,0.13319672131147542,0.2581967213114754,488,13,0,0.05206368560860658,0.13016743001809641,0.15907593175691317,0.4086202698128262,0.6908915885829118,0.6656756885872663,0.010345784513594917,1.8244191619258627
0.65,0.2,1.2,0.12,0.6,0.34,0.5,0.540133779264214,0.5289869130788915,0.8034682080924855,0.5163572060123784,0.2671353251318102,0.45412130637636083,0.5983606557377049,0.13729508196721313,0.26434426229508196,488,14,0,0.050566763406163916,0.13016743001809641,0.15907593175691317,0.4086202698128262,0.6908915885829118,0.6656756885872663,0.010345784513594917,1.8246177466007594
0.65,0.2,1.2,0.08,0.6,0.34,0.5,0.540133779264214,0.5289869130788915,0.8034682080924855,0.5163572060123784,0.2671353251318102,0.45412130637636083,0.5983606557377049,0.13729508196721313,0.26434426229508196,488,14,0,0.050566763406163916,0.13016743001809641,0.15907593175691317,0.4086202698128262,0.6908915885829118,0.6656756885872663,0.010345784513594917,1.8246177466007594
0.65,0.2,1.2,0.04,0.6,0.34,0.5,0.540133779264214,0.5289869130788915,0.8034682080924855,0.5163572060123784,0.2671353251318102,0.45412130637636083,0.5983606557377049,0.13729508196721313,0.26434426229508196,488,14,0,0.050566763406163916,0.13016743001809641,0.15907593175691317,0.4086202698128262,0.6908915885829118,0.6656756885872663,0.010345784513594917,1.8246177466007594
0.65,0.3,1.0,0.04,0.6,0.34,0.5,0.5484949832775919,0.5430393918220443,0.8034682080924855,0.5166516651665166,0.3089983022071307,0.4606741573033708,0.5881147540983607,0.13729508196721313,0.27459016393442626,488,15,0,0.051604455777025444,0.13016743001809641,0.15907593175691317,0.4086202698128262,0.6908915885829118,0.6656756885872663,0.010345784513594917,1.8247450474507858
0.65,0.3,1.0,0.08,0.6,0.34,0.5,0.5484949832775919,0.5430393918220443,0.8034682080924855,0.5166516651665166,0.3089983022071307,0.4606741573033708,0.5881147540983607,0.13729508196721313,0.27459016393442626,488,15,0,0.051604455777025444,0.13016743001809641,0.15907593175691317,0.4086202698128262,0.6908915885829118,0.6656756885872663,0.010345784513594917,1.8247450474507858
0.65,0.3,1.0,0.12,0.6,0.34,0.5,0.5484949832775919,0.5430393918220443,0.8034682080924855,0.5166516651665166,0.3089983022071307,0.4606741573033708,0.5881147540983607,0.13729508196721313,0.27459016393442626,488,15,0,0.051604455777025444,0.13016743001809641,0.15907593175691317,0.4086202698128262,0.6908915885829118,0.6656756885872663,0.010345784513594917,1.8247450474507858
0.55,0.2,1.0,0.04,0.6,0.38,0.25,0.5359531772575251,0.5146894532521059,0.800561797752809,0.517998244073749,0.2255083179297597,0.45314900153609833,0.6045081967213115,0.15778688524590165,0.23770491803278687,488,15,0,0.05137217170224843,0.13016743001809641,0.15907593175691317,0.4086202698128262,0.6908915885829118,0.6656756885872663,0.010345784513594917,1.8275220379424306
0.55,0.2,1.0,0.08,0.6,0.38,0.25,0.5359531772575251,0.5146894532521059,0.800561797752809,0.517998244073749,0.2255083179297597,0.45314900153609833,0.6045081967213115,0.15778688524590165,0.23770491803278687,488,15,0,0.05137217170224843,0.13016743001809641,0.15907593175691317,0.4086202698128262,0.6908915885829118,0.6656756885872663,0.010345784513594917,1.8275220379424306
0.55,0.2,1.0,0.12,0.6,0.38,0.25,0.5359531772575251,0.5146894532521059,0.800561797752809,0.517998244073749,0.2255083179297597,0.45314900153609833,0.6045081967213115,0.15778688524590165,0.23770491803278687,488,15,0,0.05137217170224843,0.13016743001809641,0.15907593175691317,0.4086202698128262,0.6908915885829118,0.6656756885872663,0.010345784513594917,1.8275220379424306
0.75,0.2,1.2,0.12,0.72,0.38,0.5,0.5351170568561873,0.5157073268971615,0.7988668555240793,0.5166374781085814,0.23161764705882354,0.4510703363914373,0.6045081967213115,0.1557377049180328,0.23975409836065573,488,15,0,0.05110653024928925,0.13016743001809641,0.15907593175691317,0.4086202698128262,0.6908915885829118,0.6656756885872663,0.010345784513594917,1.8275452027314996
0.75,0.2,1.2,0.04,0.72,0.38,0.5,0.5351170568561873,0.5157073268971615,0.7988668555240793,0.5166374781085814,0.23161764705882354,0.4510703363914373,0.6045081967213115,0.1557377049180328,0.23975409836065573,488,15,0,0.05110653024928925,0.13016743001809641,0.15907593175691317,0.4086202698128262,0.6908915885829118,0.6656756885872663,0.010345784513594917,1.8275452027314996
0.75,0.1,1.2,0.04,0.72,0.34,0.5,0.5351170568561873,0.5157073268971615,0.7988668555240793,0.5166374781085814,0.23161764705882354,0.4510703363914373,0.6045081967213115,0.1557377049180328,0.23975409836065573,488,15,0,0.05150686287913232,0.13016743001809641,0.15907593175691317,0.4086202698128262,0.6908915885829118,0.6656756885872663,0.010345784513594917,1.8275452027314996
0.75,0.1,1.2,0.08,0.72,0.34,0.5,0.5351170568561873,0.5157073268971615,0.7988668555240793,0.5166374781085814,0.23161764705882354,0.4510703363914373,0.6045081967213115,0.1557377049180328,0.23975409836065573,488,15,0,0.05150686287913232,0.13016743001809641,0.15907593175691317,0.4086202698128262,0.6908915885829118,0.6656756885872663,0.010345784513594917,1.8275452027314996
0.75,0.2,1.2,0.08,0.72,0.38,0.5,0.5351170568561873,0.5157073268971615,0.7988668555240793,0.5166374781085814,0.23161764705882354,0.4510703363914373,0.6045081967213115,0.1557377049180328,0.23975409836065573,488,15,0,0.05110653024928925,0.13016743001809641,0.15907593175691317,0.4086202698128262,0.6908915885829118,0.6656756885872663,0.010345784513594917,1.8275452027314996
0.75,0.1,1.2,0.12,0.72,0.34,0.5,0.5351170568561873,0.5157073268971615,0.7988668555240793,0.5166374781085814,0.23161764705882354,0.4510703363914373,0.6045081967213115,0.1557377049180328,0.23975409836065573,488,15,0,0.05150686287913232,0.13016743001809641,0.15907593175691317,0.4086202698128262,0.6908915885829118,0.6656756885872663,0.010345784513594917,1.8275452027314996
0.75,0.3,1.2,0.08,0.66,0.38,0.5,0.5535117056856187,0.5492996870917902,0.8034188034188035,0.5150684931506849,0.32941176470588235,0.4645799011532125,0.5778688524590164,0.14959016393442623,0.2725409836065574,488,15,0,0.05145942553099131,0.13016743001809641,0.15907593175691317,0.4086202698128262,0.6908915885829118,0.6656756885872663,0.010345784513594917,1.834779505182849
0.75,0.3,1.2,0.04,0.66,0.38,0.5,0.5535117056856187,0.5492996870917902,0.8034188034188035,0.5150684931506849,0.32941176470588235,0.4645799011532125,0.5778688524590164,0.14959016393442623,0.2725409836065574,488,15,0,0.05145942553099131,0.13016743001809641,0.15907593175691317,0.4086202698128262,0.6908915885829118,0.6656756885872663,0.010345784513594917,1.834779505182849
0.75,0.3,1.2,0.12,0.66,0.38,0.5,0.5535117056856187,0.5492996870917902,0.8034188034188035,0.5150684931506849,0.32941176470588235,0.4645799011532125,0.5778688524590164,0.14959016393442623,0.2725409836065574,488,15,0,0.05145942553099131,0.13016743001809641,0.15907593175691317,0.4086202698128262,0.6908915885829118,0.6656756885872663,0.010345784513594917,1.834779505182849
0.65,0.1,1.0,0.12,0.66,0.34,0.5,0.5342809364548495,0.5177073948339457,0.804005722460658,0.5140350877192983,0.23508137432188064,0.4493865030674847,0.6004098360655737,0.14549180327868852,0.2540983606557377,488,14,0,0.052937086043251445,0.13016743001809641,0.15907593175691317,0.4086202698128262,0.6908915885829118,0.6656756885872663,0.010345784513594917,1.8364222388026106
0.65,0.1,1.0,0.04,0.66,0.34,0.5,0.5342809364548495,0.5177073948339457,0.804005722460658,0.5140350877192983,0.23508137432188064,0.4493865030674847,0.6004098360655737,0.14549180327868852,0.2540983606557377,488,14,0,0.052937086043251445,0.13016743001809641,0.15907593175691317,0.4086202698128262,0.6908915885829118,0.6656756885872663,0.010345784513594917,1.8364222388026106
0.65,0.1,1.0,0.08,0.66,0.34,0.5,0.5342809364548495,0.5177073948339457,0.804005722460658,0.5140350877192983,0.23508137432188064,0.4493865030674847,0.6004098360655737,0.14549180327868852,0.2540983606557377,488,14,0,0.052937086043251445,0.13016743001809641,0.15907593175691317,0.4086202698128262,0.6908915885829118,0.6656756885872663,0.010345784513594917,1.8364222388026106
0.65,0.2,1.2,0.12,0.6,0.38,0.5,0.540133779264214,0.5286902320109325,0.8051575931232091,0.5137777777777778,0.2671353251318102,0.45368916797488223,0.5922131147540983,0.14344262295081966,0.26434426229508196,488,14,0,0.05089936082561735,0.13016743001809641,0.15907593175691317,0.4086202698128262,0.6908915885829118,0.6656756885872663,0.010345784513594917,1.837824263734292
0.65,0.2,1.2,0.08,0.6,0.38,0.5,0.540133779264214,0.5286902320109325,0.8051575931232091,0.5137777777777778,0.2671353251318102,0.45368916797488223,0.5922131147540983,0.14344262295081966,0.26434426229508196,488,14,0,0.05089936082561735,0.13016743001809641,0.15907593175691317,0.4086202698128262,0.6908915885829118,0.6656756885872663,0.010345784513594917,1.837824263734292
0.65,0.2,1.2,0.04,0.6,0.38,0.5,0.540133779264214,0.5286902320109325,0.8051575931232091,0.5137777777777778,0.2671353251318102,0.45368916797488223,0.5922131147540983,0.14344262295081966,0.26434426229508196,488,14,0,0.05089936082561735,0.13016743001809641,0.15907593175691317,0.4086202698128262,0.6908915885829118,0.6656756885872663,0.010345784513594917,1.837824263734292
0.75,0.1,1.2,0.12,0.72,0.38,0.5,0.5342809364548495,0.5148038379825753,0.7983074753173484,0.514486391571554,0.23161764705882354,0.4500768049155146,0.6004098360655737,0.1598360655737705,0.23975409836065573,488,14,0,0.051960931311805965,0.13016743001809641,0.15907593175691317,0.4086202698128262,0.6908915885829118,0.6656756885872663,0.010345784513594917,1.8378913694244727
0.75,0.1,1.2,0.08,0.72,0.38,0.5,0.5342809364548495,0.5148038379825753,0.7983074753173484,0.514486391571554,0.23161764705882354,0.4500768049155146,0.6004098360655737,0.1598360655737705,0.23975409836065573,488,14,0,0.051960931311805965,0.13016743001809641,0.15907593175691317,0.4086202698128262,0.6908915885829118,0.6656756885872663,0.010345784513594917,1.8378913694244727
0.75,0.1,1.2,0.04,0.72,0.38,0.5,0.5342809364548495,0.5148038379825753,0.7983074753173484,0.514486391571554,0.23161764705882354,0.4500768049155146,0.6004098360655737,0.1598360655737705,0.23975409836065573,488,14,0,0.051960931311805965,0.13016743001809641,0.15907593175691317,0.4086202698128262,0.6908915885829118,0.6656756885872663,0.010345784513594917,1.8378913694244727
0.65,0.3,1.0,0.12,0.6,0.38,0.5,0.5484949832775919,0.5427276815505356,0.8051575931232091,0.5140271493212669,0.3089983022071307,0.46029173419773095,0.5819672131147541,0.14344262295081966,0.27459016393442626,488,15,0,0.0519958051755393,0.13016743001809641,0.15907593175691317,0.4086202698128262,0.6908915885829118,0.6656756885872663,0.010345784513594917,1.8379665937878684
0.65,0.3,1.0,0.04,0.6,0.38,0.5,0.5484949832775919,0.5427276815505356,0.8051575931232091,0.5140271493212669,0.3089983022071307,0.46029173419773095,0.5819672131147541,0.14344262295081966,0.27459016393442626,488,15,0,0.0519958051755393,0.13016743001809641,0.15907593175691317,0.4086202698128262,0.6908915885829118,0.6656756885872663,0.010345784513594917,1.8379665937878684
0.65,0.3,1.0,0.08,0.6,0.38,0.5,0.5484949832775919,0.5427276815505356,0.8051575931232091,0.5140271493212669,0.3089983022071307,0.46029173419773095,0.5819672131147541,0.14344262295081966,0.27459016393442626,488,15,0,0.0519958051755393,0.13016743001809641,0.15907593175691317,0.4086202698128262,0.6908915885829118,0.6656756885872663,0.010345784513594917,1.8379665937878684
0.75,0.1,1.2,0.12,0.72,0.42,0.5,0.5342809364548495,0.5143569708516801,0.7960618846694796,0.5153913808267371,0.23161764705882354,0.4514637904468413,0.6004098360655737,0.1598360655737705,0.23975409836065573,488,14,0,0.0522130854703066,0.13016743001809641,0.15907593175691317,0.4086202698128262,0.6908915885829118,0.6656756885872663,0.010345784513594917,1.838338236555368
0.75,0.1,1.2,0.04,0.72,0.42,0.5,0.5342809364548495,0.5143569708516801,0.7960618846694796,0.5153913808267371,0.23161764705882354,0.4514637904468413,0.6004098360655737,0.1598360655737705,0.23975409836065573,488,14,0,0.0522130854703066,0.13016743001809641,0.15907593175691317,0.4086202698128262,0.6908915885829118,0.6656756885872663,0.010345784513594917,1.838338236555368
0.75,0.1,1.2,0.08,0.72,0.42,0.5,0.5342809364548495,0.5143569708516801,0.7960618846694796,0.5153913808267371,0.23161764705882354,0.4514637904468413,0.6004098360655737,0.1598360655737705,0.23975409836065573,488,14,0,0.0522130854703066,0.13016743001809641,0.15907593175691317,0.4086202698128262,0.6908915885829118,0.6656756885872663,0.010345784513594917,1.838338236555368
0.75,0.2,1.2,0.04,0.72,0.42,0.5,0.5334448160535117,0.5140876347565492,0.7966101694915254,0.5140350877192983,0.23161764705882354,0.4493865030674847,0.6004098360655737,0.1598360655737705,0.23975409836065573,488,14,0,0.05132752641786389,0.13016743001809641,0.15907593175691317,0.4086202698128262,0.6908915885829118,0.6656756885872663,0.010345784513594917,1.8394436930518367
0.75,0.2,1.2,0.12,0.72,0.42,0.5,0.5334448160535117,0.5140876347565492,0.7966101694915254,0.5140350877192983,0.23161764705882354,0.4493865030674847,0.6004098360655737,0.1598360655737705,0.23975409836065573,488,14,0,0.05132752641786389,0.13016743001809641,0.15907593175691317,0.4086202698128262,0.6908915885829118,0.6656756885872663,0.010345784513594917,1.8394436930518367
0.75,0.2,1.2,0.08,0.72,0.42,0.5,0.5334448160535117,0.5140876347565492,0.7966101694915254,0.5140350877192983,0.23161764705882354,0.4493865030674847,0.6004098360655737,0.1598360655737705,0.23975409836065573,488,14,0,0.05132752641786389,0.13016743001809641,0.15907593175691317,0.4086202698128262,0.6908915885829118,0.6656756885872663,0.010345784513594917,1.8394436930518367
0.55,0.2,1.0,0.08,0.6,0.42,0.25,0.5342809364548495,0.5126324209586619,0.7960893854748603,0.5162995594713656,0.2255083179297597,0.4528593508500773,0.6004098360655737,0.16188524590163936,0.23770491803278687,488,15,0,0.05147911012544716,0.13016743001809641,0.15907593175691317,0.4086202698128262,0.6908915885829118,0.6656756885872663,0.010345784513594917,1.8398578684155995
0.55,0.2,1.0,0.04,0.6,0.42,0.25,0.5342809364548495,0.5126324209586619,0.7960893854748603,0.5162995594713656,0.2255083179297597,0.4528593508500773,0.6004098360655737,0.16188524590163936,0.23770491803278687,488,15,0,0.05147911012544716,0.13016743001809641,0.15907593175691317,0.4086202698128262,0.6908915885829118,0.6656756885872663,0.010345784513594917,1.8398578684155995
0.55,0.2,1.0,0.12,0.6,0.42,0.25,0.5342809364548495,0.5126324209586619,0.7960893854748603,0.5162995594713656,0.2255083179297597,0.4528593508500773,0.6004098360655737,0.16188524590163936,0.23770491803278687,488,15,0,0.05147911012544716,0.13016743001809641,0.15907593175691317,0.4086202698128262,0.6908915885829118,0.6656756885872663,0.010345784513594917,1.8398578684155995
0.65,0.2,1.2,0.12,0.6,0.42,0.5,0.5392976588628763,0.5278655212022344,0.804005722460658,0.5124555160142349,0.2671353251318102,0.4528301886792453,0.5901639344262295,0.14549180327868852,0.26434426229508196,488,14,0,0.05110451005648357,0.13016743001809641,0.15907593175691317,0.4086202698128262,0.6908915885829118,0.6656756885872663,0.010345784513594917,1.8437883736328524
0.65,0.2,1.2,0.08,0.6,0.42,0.5,0.5392976588628763,0.5278655212022344,0.804005722460658,0.5124555160142349,0.2671353251318102,0.4528301886792453,0.5901639344262295,0.14549180327868852,0.26434426229508196,488,14,0,0.05110451005648357,0.13016743001809641,0.15907593175691317,0.4086202698128262,0.6908915885829118,0.6656756885872663,0.010345784513594917,1.8437883736328524
0.65,0.2,1.2,0.04,0.6,0.42,0.5,0.5392976588628763,0.5278655212022344,0.804005722460658,0.5124555160142349,0.2671353251318102,0.4528301886792453,0.5901639344262295,0.14549180327868852,0.26434426229508196,488,14,0,0.05110451005648357,0.13016743001809641,0.15907593175691317,0.4086202698128262,0.6908915885829118,0.6656756885872663,0.010345784513594917,1.8437883736328524
0.65,0.3,1.0,0.08,0.6,0.42,0.5,0.5476588628762542,0.5418950613626928,0.804005722460658,0.5126811594202898,0.3089983022071307,0.4594155844155844,0.5799180327868853,0.14549180327868852,0.27459016393442626,488,15,0,0.05223087057263674,0.13016743001809641,0.15907593175691317,0.4086202698128262,0.6908915885829118,0.6656756885872663,0.010345784513594917,1.8439386130655733
0.65,0.3,1.0,0.12,0.6,0.42,0.5,0.5476588628762542,0.5418950613626928,0.804005722460658,0.5126811594202898,0.3089983022071307,0.4594155844155844,0.5799180327868853,0.14549180327868852,0.27459016393442626,488,15,0,0.05223087057263674,0.13016743001809641,0.15907593175691317,0.4086202698128262,0.6908915885829118,0.6656756885872663,0.010345784513594917,1.8439386130655733
0.65,0.3,1.0,0.04,0.6,0.42,0.5,0.5476588628762542,0.5418950613626928,0.804005722460658,0.5126811594202898,0.3089983022071307,0.4594155844155844,0.5799180327868853,0.14549180327868852,0.27459016393442626,488,15,0,0.05223087057263674,0.13016743001809641,0.15907593175691317,0.4086202698128262,0.6908915885829118,0.6656756885872663,0.010345784513594917,1.8439386130655733
0.65,0.2,1.0,0.04,0.66,0.42,0.5,0.532608695652174,0.5142191575399089,0.8,0.5127304653204565,0.22992700729927007,0.4485407066052227,0.5983606557377049,0.15368852459016394,0.24795081967213115,488,16,0,0.0523951743202875,0.13016743001809641,0.15907593175691317,0.4086202698128262,0.6908915885829118,0.6656756885872663,0.010345784513594917,1.8452712414894867
0.65,0.2,1.0,0.08,0.66,0.42,0.5,0.532608695652174,0.5142191575399089,0.8,0.5127304653204565,0.22992700729927007,0.4485407066052227,0.5983606557377049,0.15368852459016394,0.24795081967213115,488,16,0,0.0523951743202875,0.13016743001809641,0.15907593175691317,0.4086202698128262,0.6908915885829118,0.6656756885872663,0.010345784513594917,1.8452712414894867
0.65,0.2,1.0,0.12,0.66,0.42,0.5,0.532608695652174,0.5142191575399089,0.8,0.5127304653204565,0.22992700729927007,0.4485407066052227,0.5983606557377049,0.15368852459016394,0.24795081967213115,488,16,0,0.0523951743202875,0.13016743001809641,0.15907593175691317,0.4086202698128262,0.6908915885829118,0.6656756885872663,0.010345784513594917,1.8452712414894867
0.75,0.3,1.0,0.08,0.72,0.38,0.5,0.5493311036789298,0.5419474856864922,0.7971830985915493,0.5141294439380127,0.3145299145299145,0.4630541871921182,0.5778688524590164,0.15778688524590165,0.26434426229508196,488,17,0,0.0534513622569936,0.13016743001809641,0.15907593175691317,0.4086202698128262,0.6908915885829118,0.6656756885872663,0.010345784513594917,1.8454926364636888
0.75,0.3,1.0,0.12,0.72,0.38,0.5,0.5493311036789298,0.5419474856864922,0.7971830985915493,0.5141294439380127,0.3145299145299145,0.4630541871921182,0.5778688524590164,0.15778688524590165,0.26434426229508196,488,17,0,0.0534513622569936,0.13016743001809641,0.15907593175691317,0.4086202698128262,0.6908915885829118,0.6656756885872663,0.010345784513594917,1.8454926364636888
0.75,0.3,1.0,0.04,0.72,0.38,0.5,0.5493311036789298,0.5419474856864922,0.7971830985915493,0.5141294439380127,0.3145299145299145,0.4630541871921182,0.5778688524590164,0.15778688524590165,0.26434426229508196,488,17,0,0.0534513622569936,0.13016743001809641,0.15907593175691317,0.4086202698128262,0.6908915885829118,0.6656756885872663,0.010345784513594917,1.8454926364636888
0.75,0.3,1.0,0.12,0.72,0.42,0.5,0.5493311036789298,0.5419474856864922,0.7971830985915493,0.5141294439380127,0.3145299145299145,0.4630541871921182,0.5778688524590164,0.15778688524590165,0.26434426229508196,488,17,0,0.05364566369316719,0.13016743001809641,0.15907593175691317,0.4086202698128262,0.6908915885829118,0.6656756885872663,0.010345784513594917,1.8454926364636888
0.75,0.3,1.0,0.08,0.72,0.42,0.5,0.5493311036789298,0.5419474856864922,0.7971830985915493,0.5141294439380127,0.3145299145299145,0.4630541871921182,0.5778688524590164,0.15778688524590165,0.26434426229508196,488,17,0,0.05364566369316719,0.13016743001809641,0.15907593175691317,0.4086202698128262,0.6908915885829118,0.6656756885872663,0.010345784513594917,1.8454926364636888
0.75,0.3,1.0,0.04,0.72,0.42,0.5,0.5493311036789298,0.5419474856864922,0.7971830985915493,0.5141294439380127,0.3145299145299145,0.4630541871921182,0.5778688524590164,0.15778688524590165,0.26434426229508196,488,17,0,0.05364566369316719,0.13016743001809641,0.15907593175691317,0.4086202698128262,0.6908915885829118,0.6656756885872663,0.010345784513594917,1.8454926364636888
0.65,0.3,1.0,0.12,0.66,0.34,0.25,0.5334448160535117,0.5122905650836898,0.7972027972027972,0.5149911816578483,0.22467771639042358,0.4520123839009288,0.5983606557377049,0.1598360655737705,0.24180327868852458,488,14,0,0.05096761181884724,0.13016743001809641,0.15907593175691317,0.4086202698128262,0.6908915885829118,0.6656756885872663,0.010345784513594917,1.8457489594460077
0.65,0.3,1.0,0.08,0.66,0.34,0.25,0.5334448160535117,0.5122905650836898,0.7972027972027972,0.5149911816578483,0.22467771639042358,0.4520123839009288,0.5983606557377049,0.1598360655737705,0.24180327868852458,488,14,0,0.05096761181884724,0.13016743001809641,0.15907593175691317,0.4086202698128262,0.6908915885829118,0.6656756885872663,0.010345784513594917,1.8457489594460077
0.65,0.3,1.0,0.04,0.66,0.34,0.25,0.5334448160535117,0.5122905650836898,0.7972027972027972,0.5149911816578483,0.22467771639042358,0.4520123839009288,0.5983606557377049,0.1598360655737705,0.24180327868852458,488,14,0,0.05096761181884724,0.13016743001809641,0.15907593175691317,0.4086202698128262,0.6908915885829118,0.6656756885872663,0.010345784513594917,1.8457489594460077
0.75,0.3,1.0,0.04,0.72,0.34,0.5,0.5484949832775919,0.5416647012686616,0.7977369165487977,0.5127272727272727,0.3145299145299145,0.46078431372549017,0.5778688524590164,0.15778688524590165,0.26434426229508196,488,17,0,0.053103737771358364,0.13016743001809641,0.15907593175691317,0.4086202698128262,0.6908915885829118,0.6656756885872663,0.010345784513594917,1.8466115412828572
0.75,0.3,1.0,0.08,0.72,0.34,0.5,0.5484949832775919,0.5416647012686616,0.7977369165487977,0.5127272727272727,0.3145299145299145,0.46078431372549017,0.5778688524590164,0.15778688524590165,0.26434426229508196,488,17,0,0.053103737771358364,0.13016743001809641,0.15907593175691317,0.4086202698128262,0.6908915885829118,0.6656756885872663,0.010345784513594917,1.8466115412828572
0.75,0.3,1.0,0.12,0.72,0.34,0.5,0.5484949832775919,0.5416647012686616,0.7977369165487977,0.5127272727272727,0.3145299145299145,0.46078431372549017,0.5778688524590164,0.15778688524590165,0.26434426229508196,488,17,0,0.053103737771358364,0.13016743001809641,0.15907593175691317,0.4086202698128262,0.6908915885829118,0.6656756885872663,0.010345784513594917,1.8466115412828572
0.55,0.1,1.0,0.04,0.6,0.38,0.5,0.5301003344481605,0.5135027907267448,0.8017241379310345,0.510936132983377,0.22784810126582278,0.44580152671755724,0.5983606557377049,0.14344262295081966,0.2581967213114754,488,13,0,0.05244781194552052,0.13016743001809641,0.15907593175691317,0.4086202698128262,0.6908915885829118,0.6656756885872663,0.010345784513594917,1.849520559670599
0.55,0.1,1.0,0.08,0.6,0.38,0.5,0.5301003344481605,0.5135027907267448,0.8017241379310345,0.510936132983377,0.22784810126582278,0.44580152671755724,0.5983606557377049,0.14344262295081966,0.2581967213114754,488,13,0,0.05244781194552052,0.13016743001809641,0.15907593175691317,0.4086202698128262,0.6908915885829118,0.6656756885872663,0.010345784513594917,1.849520559670599
0.55,0.1,1.0,0.12,0.6,0.38,0.5,0.5301003344481605,0.5135027907267448,0.8017241379310345,0.510936132983377,0.22784810126582278,0.44580152671755724,0.5983606557377049,0.14344262295081966,0.2581967213114754,488,13,0,0.05244781194552052,0.13016743001809641,0.15907593175691317,0.4086202698128262,0.6908915885829118,0.6656756885872663,0.010345784513594917,1.849520559670599
0.55,0.1,1.0,0.08,0.6,0.42,0.5,0.5309364548494984,0.5141267131719848,0.804005722460658,0.5105263157894737,0.22784810126582278,0.44631901840490795,0.5963114754098361,0.14549180327868852,0.2581967213114754,488,13,0,0.0527386109731965,0.13016743001809641,0.15907593175691317,0.4086202698128262,0.6908915885829118,0.6656756885872663,0.010345784513594917,1.8523637955125456
0.55,0.1,1.0,0.12,0.6,0.42,0.5,0.5309364548494984,0.5141267131719848,0.804005722460658,0.5105263157894737,0.22784810126582278,0.44631901840490795,0.5963114754098361,0.14549180327868852,0.2581967213114754,488,13,0,0.0527386109731965,0.13016743001809641,0.15907593175691317,0.4086202698128262,0.6908915885829118,0.6656756885872663,0.010345784513594917,1.8523637955125456
0.55,0.1,1.0,0.04,0.6,0.42,0.5,0.5309364548494984,0.5141267131719848,0.804005722460658,0.5105263157894737,0.22784810126582278,0.44631901840490795,0.5963114754098361,0.14549180327868852,0.2581967213114754,488,13,0,0.0527386109731965,0.13016743001809641,0.15907593175691317,0.4086202698128262,0.6908915885829118,0.6656756885872663,0.010345784513594917,1.8523637955125456
0.75,0.3,1.2,0.12,0.66,0.42,0.5,0.5510033444816054,0.546578666260583,0.7988668555240793,0.5114573785517873,0.32941176470588235,0.4626865671641791,0.5717213114754098,0.1557377049180328,0.2725409836065574,488,17,0,0.0516428838442924,0.13016743001809641,0.15907593175691317,0.4086202698128262,0.6908915885829118,0.6656756885872663,0.010345784513594917,1.8529187232836435
0.75,0.3,1.2,0.08,0.66,0.42,0.5,0.5510033444816054,0.546578666260583,0.7988668555240793,0.5114573785517873,0.32941176470588235,0.4626865671641791,0.5717213114754098,0.1557377049180328,0.2725409836065574,488,17,0,0.0516428838442924,0.13016743001809641,0.15907593175691317,0.4086202698128262,0.6908915885829118,0.6656756885872663,0.010345784513594917,1.8529187232836435
0.75,0.3,1.2,0.04,0.66,0.42,0.5,0.5510033444816054,0.546578666260583,0.7988668555240793,0.5114573785517873,0.32941176470588235,0.4626865671641791,0.5717213114754098,0.1557377049180328,0.2725409836065574,488,17,0,0.0516428838442924,0.13016743001809641,0.15907593175691317,0.4086202698128262,0.6908915885829118,0.6656756885872663,0.010345784513594917,1.8529187232836435
0.65,0.3,1.2,0.08,0.6,0.38,0.25,0.5376254180602007,0.5219536108733177,0.8033707865168539,0.512042818911686,0.2504472271914132,0.45339652448657186,0.5881147540983607,0.1557377049180328,0.25614754098360654,488,16,0,0.049449968100300896,0.13016743001809641,0.15907593175691317,0.4086202698128262,0.6908915885829118,0.6656756885872663,0.010345784513594917,1.854856131321822
0.65,0.3,1.2,0.04,0.6,0.38,0.25,0.5376254180602007,0.5219536108733177,0.8033707865168539,0.512042818911686,0.2504472271914132,0.45339652448657186,0.5881147540983607,0.1557377049180328,0.25614754098360654,488,16,0,0.049449968100300896,0.13016743001809641,0.15907593175691317,0.4086202698128262,0.6908915885829118,0.6656756885872663,0.010345784513594917,1.854856131321822
0.65,0.3,1.2,0.12,0.6,0.38,0.25,0.5376254180602007,0.5219536108733177,0.8033707865168539,0.512042818911686,0.2504472271914132,0.45339652448657186,0.5881147540983607,0.1557377049180328,0.25614754098360654,488,16,0,0.049449968100300896,0.13016743001809641,0.15907593175691317,0.4086202698128262,0.6908915885829118,0.6656756885872663,0.010345784513594917,1.854856131321822
0.75,0.2,1.0,0.12,0.72,0.34,0.5,0.544314381270903,0.5354136479387531,0.7983074753173484,0.5108695652173914,0.2970639032815199,0.4577922077922078,0.5778688524590164,0.15778688524590165,0.26434426229508196,488,17,0,0.0539103297920611,0.13016743001809641,0.15907593175691317,0.4086202698128262,0.6908915885829118,0.6656756885872663,0.010345784513594917,1.8570431966194545
0.75,0.2,1.0,0.08,0.72,0.34,0.5,0.544314381270903,0.5354136479387531,0.7983074753173484,0.5108695652173914,0.2970639032815199,0.4577922077922078,0.5778688524590164,0.15778688524590165,0.26434426229508196,488,17,0,0.0539103297920611,0.13016743001809641,0.15907593175691317,0.4086202698128262,0.6908915885829118,0.6656756885872663,0.010345784513594917,1.8570431966194545
0.75,0.2,1.0,0.04,0.72,0.34,0.5,0.544314381270903,0.5354136479387531,0.7983074753173484,0.5108695652173914,0.2970639032815199,0.4577922077922078,0.5778688524590164,0.15778688524590165,0.26434426229508196,488,17,0,0.0539103297920611,0.13016743001809641,0.15907593175691317,0.4086202698128262,0.6908915885829118,0.6656756885872663,0.010345784513594917,1.8570431966194545
0.75,0.3,1.2,0.08,0.72,0.34,0.25,0.5351170568561873,0.5149737758561929,0.7939142461964038,0.5129118432769367,0.23809523809523808,0.45354330708661417,0.5901639344262295,0.17008196721311475,0.23975409836065573,488,16,0,0.050150868303951,0.13016743001809641,0.15907593175691317,0.4086202698128262,0.6908915885829118,0.6656756885872663,0.010345784513594917,1.8584017045921404
0.75,0.3,1.2,0.12,0.72,0.34,0.25,0.5351170568561873,0.5149737758561929,0.7939142461964038,0.5129118432769367,0.23809523809523808,0.45354330708661417,0.5901639344262295,0.17008196721311475,0.23975409836065573,488,16,0,0.050150868303951,0.13016743001809641,0.15907593175691317,0.4086202698128262,0.6908915885829118,0.6656756885872663,0.010345784513594917,1.8584017045921404
0.75,0.3,1.2,0.04,0.72,0.34,0.25,0.5351170568561873,0.5149737758561929,0.7939142461964038,0.5129118432769367,0.23809523809523808,0.45354330708661417,0.5901639344262295,0.17008196721311475,0.23975409836065573,488,16,0,0.050150868303951,0.13016743001809641,0.15907593175691317,0.4086202698128262,0.6908915885829118,0.6656756885872663,0.010345784513594917,1.8584017045921404
0.65,0.3,1.2,0.08,0.6,0.34,0.25,0.5351170568561873,0.5202606973975857,0.8005657708628006,0.5097690941385435,0.2504472271914132,0.4498432601880878,0.5881147540983607,0.1557377049180328,0.25614754098360654,488,17,0,0.04920899343161678,0.13016743001809641,0.15907593175691317,0.4086202698128262,0.6908915885829118,0.6656756885872663,0.010345784513594917,1.8590574060015672
0.65,0.3,1.2,0.12,0.6,0.34,0.25,0.5351170568561873,0.5202606973975857,0.8005657708628006,0.5097690941385435,0.2504472271914132,0.4498432601880878,0.5881147540983607,0.1557377049180328,0.25614754098360654,488,17,0,0.04920899343161678,0.13016743001809641,0.15907593175691317,0.4086202698128262,0.6908915885829118,0.6656756885872663,0.010345784513594917,1.8590574060015672
0.65,0.3,1.2,0.04,0.6,0.34,0.25,0.5351170568561873,0.5202606973975857,0.8005657708628006,0.5097690941385435,0.2504472271914132,0.4498432601880878,0.5881147540983607,0.1557377049180328,0.25614754098360654,488,17,0,0.04920899343161678,0.13016743001809641,0.15907593175691317,0.4086202698128262,0.6908915885829118,0.6656756885872663,0.010345784513594917,1.8590574060015672
0.75,0.2,1.0,0.12,0.72,0.38,0.5,0.5434782608695652,0.5343692130435577,0.7960618846694796,0.5099818511796733,0.2970639032815199,0.4576547231270358,0.5758196721311475,0.1598360655737705,0.26434426229508196,488,17,0,0.05431725400385588,0.13016743001809641,0.15907593175691317,0.4086202698128262,0.6908915885829118,0.6656756885872663,0.010345784513594917,1.8632270306045124
0.75,0.2,1.0,0.08,0.72,0.38,0.5,0.5434782608695652,0.5343692130435577,0.7960618846694796,0.5099818511796733,0.2970639032815199,0.4576547231270358,0.5758196721311475,0.1598360655737705,0.26434426229508196,488,17,0,0.05431725400385588,0.13016743001809641,0.15907593175691317,0.4086202698128262,0.6908915885829118,0.6656756885872663,0.010345784513594917,1.8632270306045124
0.75,0.2,1.0,0.04,0.72,0.38,0.5,0.5434782608695652,0.5343692130435577,0.7960618846694796,0.5099818511796733,0.2970639032815199,0.4576547231270358,0.5758196721311475,0.1598360655737705,0.26434426229508196,488,17,0,0.05431725400385588,0.13016743001809641,0.15907593175691317,0.4086202698128262,0.6908915885829118,0.6656756885872663,0.010345784513594917,1.8632270306045124
0.75,0.2,1.2,0.12,0.72,0.34,0.25,0.532608695652174,0.5112734989706512,0.7939142461964038,0.5115452930728241,0.2283609576427256,0.45141065830721006,0.5901639344262295,0.17008196721311475,0.23975409836065573,488,15,0,0.05105504723542883,0.13016743001809641,0.15907593175691317,0.4086202698128262,0.6908915885829118,0.6656756885872663,0.010345784513594917,1.8646103426816953
0.75,0.2,1.2,0.08,0.72,0.34,0.25,0.532608695652174,0.5112734989706512,0.7939142461964038,0.5115452930728241,0.2283609576427256,0.45141065830721006,0.5901639344262295,0.17008196721311475,0.23975409836065573,488,15,0,0.05105504723542883,0.13016743001809641,0.15907593175691317,0.4086202698128262,0.6908915885829118,0.6656756885872663,0.010345784513594917,1.8646103426816953
0.75,0.2,1.2,0.04,0.72,0.34,0.25,0.532608695652174,0.5112734989706512,0.7939142461964038,0.5115452930728241,0.2283609576427256,0.45141065830721006,0.5901639344262295,0.17008196721311475,0.23975409836065573,488,15,0,0.05105504723542883,0.13016743001809641,0.15907593175691317,0.4086202698128262,0.6908915885829118,0.6656756885872663,0.010345784513594917,1.8646103426816953
0.65,0.1,1.0,0.08,0.66,0.38,0.5,0.5309364548494984,0.5141110163034636,0.7988668555240793,0.5083848190644307,0.23508137432188064,0.44651162790697674,0.5901639344262295,0.1557377049180328,0.2540983606557377,488,16,0,0.053528510614958016,0.13016743001809641,0.15907593175691317,0.4086202698128262,0.6908915885829118,0.6656756885872663,0.010345784513594917,1.864879492381067
0.65,0.1,1.0,0.04,0.66,0.38,0.5,0.5309364548494984,0.5141110163034636,0.7988668555240793,0.5083848190644307,0.23508137432188064,0.44651162790697674,0.5901639344262295,0.1557377049180328,0.2540983606557377,488,16,0,0.053528510614958016,0.13016743001809641,0.15907593175691317,0.4086202698128262,0.6908915885829118,0.6656756885872663,0.010345784513594917,1.864879492381067
0.65,0.1,1.0,0.12,0.66,0.38,0.5,0.5309364548494984,0.5141110163034636,0.7988668555240793,0.5083848190644307,0.23508137432188064,0.44651162790697674,0.5901639344262295,0.1557377049180328,0.2540983606557377,488,16,0,0.053528510614958016,0.13016743001809641,0.15907593175691317,0.4086202698128262,0.6908915885829118,0.6656756885872663,0.010345784513594917,1.864879492381067
0.65,0.3,1.0,0.04,0.66,0.42,0.25,0.5317725752508361,0.5102609866283022,0.7950138504155124,0.5110913930789707,0.22467771639042358,0.4507042253521127,0.5901639344262295,0.1680327868852459,0.24180327868852458,488,15,0,0.05132623008280767,0.13016743001809641,0.15907593175691317,0.4086202698128262,0.6908915885829118,0.6656756885872663,0.010345784513594917,1.866663893458169
0.65,0.3,1.0,0.04,0.66,0.38,0.25,0.5317725752508361,0.5102609866283022,0.7950138504155124,0.5110913930789707,0.22467771639042358,0.4507042253521127,0.5901639344262295,0.1680327868852459,0.24180327868852458,488,15,0,0.051219498517711855,0.13016743001809641,0.15907593175691317,0.4086202698128262,0.6908915885829118,0.6656756885872663,0.010345784513594917,1.866663893458169
0.65,0.3,1.0,0.08,0.66,0.42,0.25,0.5317725752508361,0.5102609866283022,0.7950138504155124,0.5110913930789707,0.22467771639042358,0.4507042253521127,0.5901639344262295,0.1680327868852459,0.24180327868852458,488,15,0,0.05132623008280767,0.13016743001809641,0.15907593175691317,0.4086202698128262,0.6908915885829118,0.6656756885872663,0.010345784513594917,1.866663893458169
0.65,0.3,1.0,0.08,0.66,0.38,0.25,0.5317725752508361,0.5102609866283022,0.7950138504155124,0.5110913930789707,0.22467771639042358,0.4507042253521127,0.5901639344262295,0.1680327868852459,0.24180327868852458,488,15,0,0.051219498517711855,0.13016743001809641,0.15907593175691317,0.4086202698128262,0.6908915885829118,0.6656756885872663,0.010345784513594917,1.866663893458169
0.65,0.3,1.0,0.12,0.66,0.42,0.25,0.5317725752508361,0.5102609866283022,0.7950138504155124,0.5110913930789707,0.22467771639042358,0.4507042253521127,0.5901639344262295,0.1680327868852459,0.24180327868852458,488,15,0,0.05132623008280767,0.13016743001809641,0.15907593175691317,0.4086202698128262,0.6908915885829118,0.6656756885872663,0.010345784513594917,1.866663893458169
0.65,0.3,1.0,0.12,0.66,0.38,0.25,0.5317725752508361,0.5102609866283022,0.7950138504155124,0.5110913930789707,0.22467771639042358,0.4507042253521127,0.5901639344262295,0.1680327868852459,0.24180327868852458,488,15,0,0.051219498517711855,0.13016743001809641,0.15907593175691317,0.4086202698128262,0.6908915885829118,0.6656756885872663,0.010345784513594917,1.866663893458169
0.65,0.3,1.2,0.08,0.6,0.42,0.25,0.5359531772575251,0.5200954084675015,0.8,0.5098389982110912,0.2504472271914132,0.4523809523809524,0.5840163934426229,0.1598360655737705,0.25614754098360654,488,16,0,0.049545601509832254,0.13016743001809641,0.15907593175691317,0.4086202698128262,0.6908915885829118,0.6656756885872663,0.010345784513594917,1.8669931319073627
0.65,0.3,1.2,0.04,0.6,0.42,0.25,0.5359531772575251,0.5200954084675015,0.8,0.5098389982110912,0.2504472271914132,0.4523809523809524,0.5840163934426229,0.1598360655737705,0.25614754098360654,488,16,0,0.049545601509832254,0.13016743001809641,0.15907593175691317,0.4086202698128262,0.6908915885829118,0.6656756885872663,0.010345784513594917,1.8669931319073627
0.65,0.3,1.2,0.12,0.6,0.42,0.25,0.5359531772575251,0.5200954084675015,0.8,0.5098389982110912,0.2504472271914132,0.4523809523809524,0.5840163934426229,0.1598360655737705,0.25614754098360654,488,16,0,0.049545601509832254,0.13016743001809641,0.15907593175691317,0.4086202698128262,0.6908915885829118,0.6656756885872663,0.010345784513594917,1.8669931319073627
0.75,0.2,1.0,0.04,0.72,0.42,0.5,0.5434782608695652,0.5340454168972738,0.7955182072829131,0.5095541401273885,0.2970639032815199,0.4582651391162029,0.5737704918032787,0.16188524590163936,0.26434426229508196,488,17,0,0.054535918472576446,0.13016743001809641,0.15907593175691317,0.4086202698128262,0.6908915885829118,0.6656756885872663,0.010345784513594917,1.867854105439321
0.75,0.2,1.0,0.08,0.72,0.42,0.5,0.5434782608695652,0.5340454168972738,0.7955182072829131,0.5095541401273885,0.2970639032815199,0.4582651391162029,0.5737704918032787,0.16188524590163936,0.26434426229508196,488,17,0,0.054535918472576446,0.13016743001809641,0.15907593175691317,0.4086202698128262,0.6908915885829118,0.6656756885872663,0.010345784513594917,1.867854105439321
0.75,0.2,1.0,0.12,0.72,0.42,0.5,0.5434782608695652,0.5340454168972738,0.7955182072829131,0.5095541401273885,0.2970639032815199,0.4582651391162029,0.5737704918032787,0.16188524590163936,0.26434426229508196,488,17,0,0.054535918472576446,0.13016743001809641,0.15907593175691317,0.4086202698128262,0.6908915885829118,0.6656756885872663,0.010345784513594917,1.867854105439321
0.65,0.1,1.2,0.12,0.6,0.34,0.5,0.5409698996655519,0.533755552191895,0.8068669527896996,0.5072202166064982,0.28717948717948716,0.4532258064516129,0.5758196721311475,0.14344262295081966,0.2807377049180328,488,16,0,0.05215364327879088,0.13016743001809641,0.15907593175691317,0.4086202698128262,0.6908915885829118,0.6656756885872663,0.010345784513594917,1.8679883969224838
0.65,0.1,1.2,0.04,0.6,0.34,0.5,0.5409698996655519,0.533755552191895,0.8068669527896996,0.5072202166064982,0.28717948717948716,0.4532258064516129,0.5758196721311475,0.14344262295081966,0.2807377049180328,488,16,0,0.05215364327879088,0.13016743001809641,0.15907593175691317,0.4086202698128262,0.6908915885829118,0.6656756885872663,0.010345784513594917,1.8679883969224838
0.65,0.1,1.2,0.08,0.6,0.34,0.5,0.5409698996655519,0.533755552191895,0.8068669527896996,0.5072202166064982,0.28717948717948716,0.4532258064516129,0.5758196721311475,0.14344262295081966,0.2807377049180328,488,16,0,0.05215364327879088,0.13016743001809641,0.15907593175691317,0.4086202698128262,0.6908915885829118,0.6656756885872663,0.010345784513594917,1.8679883969224838
0.75,0.3,1.2,0.08,0.72,0.38,0.25,0.5334448160535117,0.5133593578725696,0.7917241379310345,0.5102586975914363,0.23809523809523808,0.4518167456556082,0.5860655737704918,0.17418032786885246,0.23975409836065573,488,16,0,0.05034947843675667,0.13016743001809641,0.15907593175691317,0.4086202698128262,0.6908915885829118,0.6656756885872663,0.010345784513594917,1.8702949207554882
0.75,0.3,1.2,0.04,0.72,0.38,0.25,0.5334448160535117,0.5133593578725696,0.7917241379310345,0.5102586975914363,0.23809523809523808,0.4518167456556082,0.5860655737704918,0.17418032786885246,0.23975409836065573,488,16,0,0.05034947843675667,0.13016743001809641,0.15907593175691317,0.4086202698128262,0.6908915885829118,0.6656756885872663,0.010345784513594917,1.8702949207554882
0.75,0.3,1.2,0.12,0.72,0.38,0.25,0.5334448160535117,0.5133593578725696,0.7917241379310345,0.5102586975914363,0.23809523809523808,0.4518167456556082,0.5860655737704918,0.17418032786885246,0.23975409836065573,488,16,0,0.05034947843675667,0.13016743001809641,0.15907593175691317,0.4086202698128262,0.6908915885829118,0.6656756885872663,0.010345784513594917,1.8702949207554882
0.75,0.2,1.2,0.12,0.66,0.34,0.5,0.5484949832775919,0.5452765597263205,0.802275960170697,0.5068870523415978,0.32666666666666666,0.45923460898502494,0.5655737704918032,0.15163934426229508,0.2827868852459016,488,16,0,0.05211947119492867,0.13016743001809641,0.15907593175691317,0.4086202698128262,0.6908915885829118,0.6656756885872663,0.010345784513594917,1.870663617251428
0.75,0.2,1.2,0.08,0.66,0.34,0.5,0.5484949832775919,0.5452765597263205,0.802275960170697,0.5068870523415978,0.32666666666666666,0.45923460898502494,0.5655737704918032,0.15163934426229508,0.2827868852459016,488,16,0,0.05211947119492867,0.13016743001809641,0.15907593175691317,0.4086202698128262,0.6908915885829118,0.6656756885872663,0.010345784513594917,1.870663617251428
0.75,0.2,1.2,0.04,0.66,0.34,0.5,0.5484949832775919,0.5452765597263205,0.802275960170697,0.5068870523415978,0.32666666666666666,0.45923460898502494,0.5655737704918032,0.15163934426229508,0.2827868852459016,488,16,0,0.05211947119492867,0.13016743001809641,0.15907593175691317,0.4086202698128262,0.6908915885829118,0.6656756885872663,0.010345784513594917,1.870663617251428
0.75,0.1,1.0,0.12,0.72,0.38,0.5,0.540133779264214,0.5291537304395456,0.7966339410939691,0.5085972850678733,0.28222996515679444,0.4554294975688817,0.5758196721311475,0.1598360655737705,0.26434426229508196,488,16,0,0.055183252094099154,0.13016743001809641,0.15907593175691317,0.4086202698128262,0.6908915885829118,0.6656756885872663,0.010345784513594917,1.8717869948138757
0.75,0.1,1.0,0.04,0.72,0.38,0.5,0.540133779264214,0.5291537304395456,0.7966339410939691,0.5085972850678733,0.28222996515679444,0.4554294975688817,0.5758196721311475,0.1598360655737705,0.26434426229508196,488,16,0,0.055183252094099154,0.13016743001809641,0.15907593175691317,0.4086202698128262,0.6908915885829118,0.6656756885872663,0.010345784513594917,1.8717869948138757
0.75,0.1,1.0,0.08,0.72,0.38,0.5,0.540133779264214,0.5291537304395456,0.7966339410939691,0.5085972850678733,0.28222996515679444,0.4554294975688817,0.5758196721311475,0.1598360655737705,0.26434426229508196,488,16,0,0.055183252094099154,0.13016743001809641,0.15907593175691317,0.4086202698128262,0.6908915885829118,0.6656756885872663,0.010345784513594917,1.8717869948138757
0.75,0.1,1.2,0.12,0.72,0.34,0.25,0.5309364548494984,0.5092263415396879,0.7928176795580111,0.5097690941385435,0.22509225092250923,0.4498432601880878,0.5881147540983607,0.1721311475409836,0.23975409836065573,488,15,0,0.05194954930129823,0.13016743001809641,0.15907593175691317,0.4086202698128262,0.6908915885829118,0.6656756885872663,0.010345784513594917,1.8726330196038588
0.75,0.1,1.2,0.08,0.72,0.34,0.25,0.5309364548494984,0.5092263415396879,0.7928176795580111,0.5097690941385435,0.22509225092250923,0.4498432601880878,0.5881147540983607,0.1721311475409836,0.23975409836065573,488,15,0,0.05194954930129823,0.13016743001809641,0.15907593175691317,0.4086202698128262,0.6908915885829118,0.6656756885872663,0.010345784513594917,1.8726330196038588
0.75,0.1,1.2,0.04,0.72,0.34,0.25,0.5309364548494984,0.5092263415396879,0.7928176795580111,0.5097690941385435,0.22509225092250923,0.4498432601880878,0.5881147540983607,0.1721311475409836,0.23975409836065573,488,15,0,0.05194954930129823,0.13016743001809641,0.15907593175691317,0.4086202698128262,0.6908915885829118,0.6656756885872663,0.010345784513594917,1.8726330196038588
0.75,0.1,1.0,0.08,0.72,0.34,0.5,0.5392976588628763,0.5286567533145695,0.7960618846694796,0.5076784101174345,0.28222996515679444,0.45395799676898224,0.5758196721311475,0.1598360655737705,0.26434426229508196,488,16,0,0.054725510266090335,0.13016743001809641,0.15907593175691317,0.4086202698128262,0.6908915885829118,0.6656756885872663,0.010345784513594917,1.8731200923401894
0.75,0.1,1.0,0.12,0.72,0.34,0.5,0.5392976588628763,0.5286567533145695,0.7960618846694796,0.5076784101174345,0.28222996515679444,0.45395799676898224,0.5758196721311475,0.1598360655737705,0.26434426229508196,488,16,0,0.054725510266090335,0.13016743001809641,0.15907593175691317,0.4086202698128262,0.6908915885829118,0.6656756885872663,0.010345784513594917,1.8731200923401894
0.75,0.1,1.0,0.04,0.72,0.34,0.5,0.5392976588628763,0.5286567533145695,0.7960618846694796,0.5076784101174345,0.28222996515679444,0.45395799676898224,0.5758196721311475,0.1598360655737705,0.26434426229508196,488,16,0,0.054725510266090335,0.13016743001809641,0.15907593175691317,0.4086202698128262,0.6908915885829118,0.6656756885872663,0.010345784513594917,1.8731200923401894
0.65,0.1,1.2,0.12,0.6,0.38,0.5,0.540133779264214,0.5329218327592312,0.8057142857142857,0.5058717253839206,0.28717948717948716,0.45234248788368336,0.5737704918032787,0.14549180327868852,0.2807377049180328,488,16,0,0.05256449740255153,0.13016743001809641,0.15907593175691317,0.4086202698128262,0.6908915885829118,0.6656756885872663,0.010345784513594917,1.8739615154450098
0.65,0.1,1.2,0.04,0.6,0.38,0.5,0.540133779264214,0.5329218327592312,0.8057142857142857,0.5058717253839206,0.28717948717948716,0.45234248788368336,0.5737704918032787,0.14549180327868852,0.2807377049180328,488,16,0,0.05256449740255153,0.13016743001809641,0.15907593175691317,0.4086202698128262,0.6908915885829118,0.6656756885872663,0.010345784513594917,1.8739615154450098
0.65,0.1,1.2,0.08,0.6,0.38,0.5,0.540133779264214,0.5329218327592312,0.8057142857142857,0.5058717253839206,0.28717948717948716,0.45234248788368336,0.5737704918032787,0.14549180327868852,0.2807377049180328,488,16,0,0.05256449740255153,0.13016743001809641,0.15907593175691317,0.4086202698128262,0.6908915885829118,0.6656756885872663,0.010345784513594917,1.8739615154450098
0.65,0.1,1.2,0.08,0.6,0.42,0.5,0.540133779264214,0.5329218327592312,0.8057142857142857,0.5058717253839206,0.28717948717948716,0.45234248788368336,0.5737704918032787,0.14549180327868852,0.2807377049180328,488,16,0,0.052842824747672205,0.13016743001809641,0.15907593175691317,0.4086202698128262,0.6908915885829118,0.6656756885872663,0.010345784513594917,1.8739615154450098
0.65,0.1,1.2,0.04,0.6,0.42,0.5,0.540133779264214,0.5329218327592312,0.8057142857142857,0.5058717253839206,0.28717948717948716,0.45234248788368336,0.5737704918032787,0.14549180327868852,0.2807377049180328,488,16,0,0.052842824747672205,0.13016743001809641,0.15907593175691317,0.4086202698128262,0.6908915885829118,0.6656756885872663,0.010345784513594917,1.8739615154450098
0.65,0.1,1.2,0.12,0.6,0.42,0.5,0.540133779264214,0.5329218327592312,0.8057142857142857,0.5058717253839206,0.28717948717948716,0.45234248788368336,0.5737704918032787,0.14549180327868852,0.2807377049180328,488,16,0,0.052842824747672205,0.13016743001809641,0.15907593175691317,0.4086202698128262,0.6908915885829118,0.6656756885872663,0.010345784513594917,1.8739615154450098
0.65,0.1,1.0,0.12,0.66,0.42,0.5,0.5301003344481605,0.5132025206575793,0.7983074753173484,0.5066430469441984,0.23465703971119134,0.44617784711388453,0.5860655737704918,0.15778688524590165,0.25614754098360654,488,16,0,0.05386603042570729,0.13016743001809641,0.15907593175691317,0.4086202698128262,0.6908915885829118,0.6656756885872663,0.010345784513594917,1.8754355838381251
0.65,0.1,1.0,0.08,0.66,0.42,0.5,0.5301003344481605,0.5132025206575793,0.7983074753173484,0.5066430469441984,0.23465703971119134,0.44617784711388453,0.5860655737704918,0.15778688524590165,0.25614754098360654,488,16,0,0.05386603042570729,0.13016743001809641,0.15907593175691317,0.4086202698128262,0.6908915885829118,0.6656756885872663,0.010345784513594917,1.8754355838381251
0.65,0.1,1.0,0.04,0.66,0.42,0.5,0.5301003344481605,0.5132025206575793,0.7983074753173484,0.5066430469441984,0.23465703971119134,0.44617784711388453,0.5860655737704918,0.15778688524590165,0.25614754098360654,488,16,0,0.05386603042570729,0.13016743001809641,0.15907593175691317,0.4086202698128262,0.6908915885829118,0.6656756885872663,0.010345784513594917,1.8754355838381251
0.65,0.2,1.0,0.04,0.6,0.34,0.5,0.5459866220735786,0.5431963252313755,0.8051575931232091,0.5054945054945055,0.31893687707641194,0.45695364238410596,0.5655737704918032,0.14344262295081966,0.29098360655737704,488,16,0,0.0531413682910809,0.13016743001809641,0.15907593175691317,0.4086202698128262,0.6908915885829118,0.6656756885872663,0.010345784513594917,1.8760718850815337
0.65,0.2,1.0,0.08,0.6,0.34,0.5,0.5459866220735786,0.5431963252313755,0.8051575931232091,0.5054945054945055,0.31893687707641194,0.45695364238410596,0.5655737704918032,0.14344262295081966,0.29098360655737704,488,16,0,0.0531413682910809,0.13016743001809641,0.15907593175691317,0.4086202698128262,0.6908915885829118,0.6656756885872663,0.010345784513594917,1.8760718850815337
0.65,0.2,1.0,0.12,0.6,0.34,0.5,0.5459866220735786,0.5431963252313755,0.8051575931232091,0.5054945054945055,0.31893687707641194,0.45695364238410596,0.5655737704918032,0.14344262295081966,0.29098360655737704,488,16,0,0.0531413682910809,0.13016743001809641,0.15907593175691317,0.4086202698128262,0.6908915885829118,0.6656756885872663,0.010345784513594917,1.8760718850815337
0.65,0.2,1.0,0.08,0.66,0.34,0.25,0.5292642140468228,0.5088590014175777,0.7955493741307371,0.5079928952042628,0.2230347349177331,0.4482758620689655,0.5860655737704918,0.16393442622950818,0.25,488,16,0,0.05240417116451152,0.13016743001809641,0.15907593175691317,0.4086202698128262,0.6908915885829118,0.6656756885872663,0.010345784513594917,1.8800004693811034
0.65,0.2,1.0,0.12,0.66,0.34,0.25,0.5292642140468228,0.5088590014175777,0.7955493741307371,0.5079928952042628,0.2230347349177331,0.4482758620689655,0.5860655737704918,0.16393442622950818,0.25,488,16,0,0.05240417116451152,0.13016743001809641,0.15907593175691317,0.4086202698128262,0.6908915885829118,0.6656756885872663,0.010345784513594917,1.8800004693811034
0.65,0.2,1.0,0.04,0.66,0.34,0.25,0.5292642140468228,0.5088590014175777,0.7955493741307371,0.5079928952042628,0.2230347349177331,0.4482758620689655,0.5860655737704918,0.16393442622950818,0.25,488,16,0,0.05240417116451152,0.13016743001809641,0.15907593175691317,0.4086202698128262,0.6908915885829118,0.6656756885872663,0.010345784513594917,1.8800004693811034
0.75,0.2,1.2,0.12,0.66,0.38,0.5,0.5476588628762542,0.5444622983631577,0.7988668555240793,0.5050691244239631,0.32945091514143093,0.45896147403685095,0.5614754098360656,0.1557377049180328,0.2827868852459016,488,19,0,0.05250849689808897,0.13016743001809641,0.15907593175691317,0.4086202698128262,0.6908915885829118,0.6656756885872663,0.010345784513594917,1.8809205563929774
0.75,0.2,1.2,0.08,0.66,0.38,0.5,0.5476588628762542,0.5444622983631577,0.7988668555240793,0.5050691244239631,0.32945091514143093,0.45896147403685095,0.5614754098360656,0.1557377049180328,0.2827868852459016,488,19,0,0.05250849689808897,0.13016743001809641,0.15907593175691317,0.4086202698128262,0.6908915885829118,0.6656756885872663,0.010345784513594917,1.8809205563929774
0.75,0.2,1.2,0.04,0.66,0.38,0.5,0.5476588628762542,0.5444622983631577,0.7988668555240793,0.5050691244239631,0.32945091514143093,0.45896147403685095,0.5614754098360656,0.1557377049180328,0.2827868852459016,488,19,0,0.05250849689808897,0.13016743001809641,0.15907593175691317,0.4086202698128262,0.6908915885829118,0.6656756885872663,0.010345784513594917,1.8809205563929774
0.75,0.3,1.2,0.12,0.6,0.34,0.5,0.5635451505016722,0.5686602341731495,0.8057142857142857,0.5052430886558628,0.39502332814930013,0.47237076648841353,0.5430327868852459,0.14549180327868852,0.3114754098360656,488,14,0,0.05172651959787014,0.13016743001809641,0.15907593175691317,0.4086202698128262,0.6908915885829118,0.6656756885872663,0.010345784513594917,1.8824346936133052
0.75,0.3,1.2,0.04,0.6,0.34,0.5,0.5635451505016722,0.5686602341731495,0.8057142857142857,0.5052430886558628,0.39502332814930013,0.47237076648841353,0.5430327868852459,0.14549180327868852,0.3114754098360656,488,14,0,0.05172651959787014,0.13016743001809641,0.15907593175691317,0.4086202698128262,0.6908915885829118,0.6656756885872663,0.010345784513594917,1.8824346936133052
0.75,0.3,1.2,0.08,0.6,0.34,0.5,0.5635451505016722,0.5686602341731495,0.8057142857142857,0.5052430886558628,0.39502332814930013,0.47237076648841353,0.5430327868852459,0.14549180327868852,0.3114754098360656,488,14,0,0.05172651959787014,0.13016743001809641,0.15907593175691317,0.4086202698128262,0.6908915885829118,0.6656756885872663,0.010345784513594917,1.8824346936133052
0.75,0.2,1.2,0.08,0.72,0.38,0.25,0.5301003344481605,0.5088545260114293,0.790633608815427,0.5075690115761353,0.2283609576427256,0.44881889763779526,0.5840163934426229,0.1762295081967213,0.23975409836065573,488,15,0,0.051283932929734245,0.13016743001809641,0.15907593175691317,0.4086202698128262,0.6908915885829118,0.6656756885872663,0.010345784513594917,1.8824475129105045
0.75,0.2,1.2,0.04,0.72,0.38,0.25,0.5301003344481605,0.5088545260114293,0.790633608815427,0.5075690115761353,0.2283609576427256,0.44881889763779526,0.5840163934426229,0.1762295081967213,0.23975409836065573,488,15,0,0.051283932929734245,0.13016743001809641,0.15907593175691317,0.4086202698128262,0.6908915885829118,0.6656756885872663,0.010345784513594917,1.8824475129105045
0.75,0.2,1.2,0.12,0.72,0.38,0.25,0.5301003344481605,0.5088545260114293,0.790633608815427,0.5075690115761353,0.2283609576427256,0.44881889763779526,0.5840163934426229,0.1762295081967213,0.23975409836065573,488,15,0,0.051283932929734245,0.13016743001809641,0.15907593175691317,0.4086202698128262,0.6908915885829118,0.6656756885872663,0.010345784513594917,1.8824475129105045
0.65,0.2,1.0,0.12,0.6,0.38,0.5,0.5451505016722408,0.5424454012242342,0.8057142857142857,0.5032139577594124,0.31840796019900497,0.4559068219633943,0.5614754098360656,0.14549180327868852,0.2930327868852459,488,16,0,0.053625374794429186,0.13016743001809641,0.15907593175691317,0.4086202698128262,0.6908915885829118,0.6656756885872663,0.010345784513594917,1.8864704048998486
0.65,0.2,1.0,0.04,0.6,0.38,0.5,0.5451505016722408,0.5424454012242342,0.8057142857142857,0.5032139577594124,0.31840796019900497,0.4559068219633943,0.5614754098360656,0.14549180327868852,0.2930327868852459,488,16,0,0.053625374794429186,0.13016743001809641,0.15907593175691317,0.4086202698128262,0.6908915885829118,0.6656756885872663,0.010345784513594917,1.8864704048998486
0.65,0.2,1.0,0.08,0.6,0.38,0.5,0.5451505016722408,0.5424454012242342,0.8057142857142857,0.5032139577594124,0.31840796019900497,0.4559068219633943,0.5614754098360656,0.14549180327868852,0.2930327868852459,488,16,0,0.053625374794429186,0.13016743001809641,0.15907593175691317,0.4086202698128262,0.6908915885829118,0.6656756885872663,0.010345784513594917,1.8864704048998486
0.75,0.3,1.2,0.12,0.72,0.42,0.25,0.5317725752508361,0.5116443694977466,0.7901234567901234,0.5067144136078783,0.23809523809523808,0.44992050874403816,0.5799180327868853,0.18032786885245902,0.23975409836065573,488,16,0,0.05043813796210847,0.13016743001809641,0.15907593175691317,0.4086202698128262,0.6908915885829118,0.6656756885872663,0.010345784513594917,1.8865919859985607
0.75,0.3,1.2,0.08,0.72,0.42,0.25,0.5317725752508361,0.5116443694977466,0.7901234567901234,0.5067144136078783,0.23809523809523808,0.44992050874403816,0.5799180327868853,0.18032786885245902,0.23975409836065573,488,16,0,0.05043813796210847,0.13016743001809641,0.15907593175691317,0.4086202698128262,0.6908915885829118,0.6656756885872663,0.010345784513594917,1.8865919859985607
0.75,0.3,1.2,0.04,0.72,0.42,0.25,0.5317725752508361,0.5116443694977466,0.7901234567901234,0.5067144136078783,0.23809523809523808,0.44992050874403816,0.5799180327868853,0.18032786885245902,0.23975409836065573,488,16,0,0.05043813796210847,0.13016743001809641,0.15907593175691317,0.4086202698128262,0.6908915885829118,0.6656756885872663,0.010345784513594917,1.8865919859985607
0.65,0.2,1.2,0.12,0.6,0.34,0.25,0.5334448160535117,0.5207354925830077,0.8011283497884344,0.5040358744394619,0.25704225352112675,0.4481658692185008,0.5758196721311475,0.1557377049180328,0.26844262295081966,488,17,0,0.05083023687303984,0.13016743001809641,0.15907593175691317,0.4086202698128262,0.6908915885829118,0.6656756885872663,0.010345784513594917,1.8873040319466898
0.65,0.2,1.2,0.04,0.6,0.34,0.25,0.5334448160535117,0.5207354925830077,0.8011283497884344,0.5040358744394619,0.25704225352112675,0.4481658692185008,0.5758196721311475,0.1557377049180328,0.26844262295081966,488,17,0,0.05083023687303984,0.13016743001809641,0.15907593175691317,0.4086202698128262,0.6908915885829118,0.6656756885872663,0.010345784513594917,1.8873040319466898
0.65,0.2,1.2,0.08,0.6,0.34,0.25,0.5334448160535117,0.5207354925830077,0.8011283497884344,0.5040358744394619,0.25704225352112675,0.4481658692185008,0.5758196721311475,0.1557377049180328,0.26844262295081966,488,17,0,0.05083023687303984,0.13016743001809641,0.15907593175691317,0.4086202698128262,0.6908915885829118,0.6656756885872663,0.010345784513594917,1.8873040319466898
0.65,0.1,1.0,0.12,0.6,0.34,0.5,0.5510033444816054,0.5519163125915331,0.804005722460658,0.5027932960893855,0.34894991922455576,0.46075085324232085,0.5532786885245902,0.14549180327868852,0.3012295081967213,488,16,0,0.054663138665071304,0.13016743001809641,0.15907593175691317,0.4086202698128262,0.6908915885829118,0.6656756885872663,0.010345784513594917,1.8891794376084314
0.65,0.1,1.0,0.04,0.6,0.34,0.5,0.5510033444816054,0.5519163125915331,0.804005722460658,0.5027932960893855,0.34894991922455576,0.46075085324232085,0.5532786885245902,0.14549180327868852,0.3012295081967213,488,16,0,0.054663138665071304,0.13016743001809641,0.15907593175691317,0.4086202698128262,0.6908915885829118,0.6656756885872663,0.010345784513594917,1.8891794376084314
0.65,0.1,1.0,0.08,0.6,0.34,0.5,0.5510033444816054,0.5519163125915331,0.804005722460658,0.5027932960893855,0.34894991922455576,0.46075085324232085,0.5532786885245902,0.14549180327868852,0.3012295081967213,488,16,0,0.054663138665071304,0.13016743001809641,0.15907593175691317,0.4086202698128262,0.6908915885829118,0.6656756885872663,0.010345784513594917,1.8891794376084314
0.75,0.1,1.0,0.04,0.72,0.42,0.5,0.5376254180602007,0.5266877532079798,0.7932960893854749,0.5045372050816697,0.28222996515679444,0.4527687296416938,0.569672131147541,0.16598360655737704,0.26434426229508196,488,16,0,0.055424582311949966,0.13016743001809641,0.15907593175691317,0.4086202698128262,0.6908915885829118,0.6656756885872663,0.010345784513594917,1.8896711693150285
0.75,0.1,1.0,0.08,0.72,0.42,0.5,0.5376254180602007,0.5266877532079798,0.7932960893854749,0.5045372050816697,0.28222996515679444,0.4527687296416938,0.569672131147541,0.16598360655737704,0.26434426229508196,488,16,0,0.055424582311949966,0.13016743001809641,0.15907593175691317,0.4086202698128262,0.6908915885829118,0.6656756885872663,0.010345784513594917,1.8896711693150285
0.75,0.1,1.0,0.12,0.72,0.42,0.5,0.5376254180602007,0.5266877532079798,0.7932960893854749,0.5045372050816697,0.28222996515679444,0.4527687296416938,0.569672131147541,0.16598360655737704,0.26434426229508196,488,16,0,0.055424582311949966,0.13016743001809641,0.15907593175691317,0.4086202698128262,0.6908915885829118,0.6656756885872663,0.010345784513594917,1.8896711693150285
0.75,0.2,1.2,0.08,0.66,0.42,0.5,0.5459866220735786,0.542789829072789,0.7966101694915254,0.5023084025854109,0.32945091514143093,0.45714285714285713,0.5573770491803278,0.1598360655737705,0.2827868852459016,488,18,0,0.05272060579225887,0.13016743001809641,0.15907593175691317,0.4086202698128262,0.6908915885829118,0.6656756885872663,0.010345784513594917,1.8928718238630708
0.75,0.2,1.2,0.12,0.66,0.42,0.5,0.5459866220735786,0.542789829072789,0.7966101694915254,0.5023084025854109,0.32945091514143093,0.45714285714285713,0.5573770491803278,0.1598360655737705,0.2827868852459016,488,18,0,0.05272060579225887,0.13016743001809641,0.15907593175691317,0.4086202698128262,0.6908915885829118,0.6656756885872663,0.010345784513594917,1.8928718238630708
0.75,0.2,1.2,0.04,0.66,0.42,0.5,0.5459866220735786,0.542789829072789,0.7966101694915254,0.5023084025854109,0.32945091514143093,0.45714285714285713,0.5573770491803278,0.1598360655737705,0.2827868852459016,488,18,0,0.05272060579225887,0.13016743001809641,0.15907593175691317,0.4086202698128262,0.6908915885829118,0.6656756885872663,0.010345784513594917,1.8928718238630708
0.65,0.3,1.0,0.08,0.6,0.34,0.25,0.5409698996655519,0.5327519270421639,0.7972027972027972,0.5041246562786434,0.29692832764505117,0.4560530679933665,0.5635245901639344,0.1598360655737705,0.2766393442622951,488,18,0,0.05193256612245019,0.13016743001809641,0.15907593175691317,0.4086202698128262,0.6908915885829118,0.6656756885872663,0.010345784513594917,1.8944018581377882
0.65,0.3,1.0,0.04,0.6,0.34,0.25,0.5409698996655519,0.5327519270421639,0.7972027972027972,0.5041246562786434,0.29692832764505117,0.4560530679933665,0.5635245901639344,0.1598360655737705,0.2766393442622951,488,18,0,0.05193256612245019,0.13016743001809641,0.15907593175691317,0.4086202698128262,0.6908915885829118,0.6656756885872663,0.010345784513594917,1.8944018581377882
0.65,0.3,1.0,0.12,0.6,0.34,0.25,0.5409698996655519,0.5327519270421639,0.7972027972027972,0.5041246562786434,0.29692832764505117,0.4560530679933665,0.5635245901639344,0.1598360655737705,0.2766393442622951,488,18,0,0.05193256612245019,0.13016743001809641,0.15907593175691317,0.4086202698128262,0.6908915885829118,0.6656756885872663,0.010345784513594917,1.8944018581377882
0.75,0.3,1.2,0.08,0.6,0.38,0.5,0.5618729096989966,0.5669433020540606,0.8034188034188035,0.5023877745940784,0.39502332814930013,0.47048300536672627,0.5389344262295082,0.14959016393442623,0.3114754098360656,488,14,0,0.05205352012817855,0.13016743001809641,0.15907593175691317,0.4086202698128262,0.6908915885829118,0.6656756885872663,0.010345784513594917,1.894430423912119
0.75,0.3,1.2,0.12,0.6,0.38,0.5,0.5618729096989966,0.5669433020540606,0.8034188034188035,0.5023877745940784,0.39502332814930013,0.47048300536672627,0.5389344262295082,0.14959016393442623,0.3114754098360656,488,14,0,0.05205352012817855,0.13016743001809641,0.15907593175691317,0.4086202698128262,0.6908915885829118,0.6656756885872663,0.010345784513594917,1.894430423912119
0.75,0.3,1.2,0.04,0.6,0.38,0.5,0.5618729096989966,0.5669433020540606,0.8034188034188035,0.5023877745940784,0.39502332814930013,0.47048300536672627,0.5389344262295082,0.14959016393442623,0.3114754098360656,488,14,0,0.05205352012817855,0.13016743001809641,0.15907593175691317,0.4086202698128262,0.6908915885829118,0.6656756885872663,0.010345784513594917,1.894430423912119
0.75,0.1,1.2,0.08,0.66,0.34,0.5,0.5468227424749164,0.5446840135697548,0.7988668555240793,0.5018518518518519,0.3333333333333333,0.4577702702702703,0.555327868852459,0.1557377049180328,0.2889344262295082,488,19,0,0.05311940474934074,0.13016743001809641,0.15907593175691317,0.4086202698128262,0.6908915885829118,0.6656756885872663,0.010345784513594917,1.8950595517516526
0.75,0.1,1.2,0.04,0.66,0.34,0.5,0.5468227424749164,0.5446840135697548,0.7988668555240793,0.5018518518518519,0.3333333333333333,0.4577702702702703,0.555327868852459,0.1557377049180328,0.2889344262295082,488,19,0,0.05311940474934074,0.13016743001809641,0.15907593175691317,0.4086202698128262,0.6908915885829118,0.6656756885872663,0.010345784513594917,1.8950595517516526
0.75,0.1,1.2,0.12,0.66,0.34,0.5,0.5468227424749164,0.5446840135697548,0.7988668555240793,0.5018518518518519,0.3333333333333333,0.4577702702702703,0.555327868852459,0.1557377049180328,0.2889344262295082,488,19,0,0.05311940474934074,0.13016743001809641,0.15907593175691317,0.4086202698128262,0.6908915885829118,0.6656756885872663,0.010345784513594917,1.8950595517516526
0.65,0.2,1.0,0.12,0.66,0.38,0.25,0.5275919732441472,0.5071351030332922,0.7939142461964038,0.5044563279857398,0.2230347349177331,0.44637223974763407,0.5799180327868853,0.17008196721311475,0.25,488,16,0,0.05269517037033346,0.13016743001809641,0.15907593175691317,0.4086202698128262,0.6908915885829118,0.6656756885872663,0.010345784513594917,1.8963064446336382
0.65,0.2,1.0,0.08,0.66,0.38,0.25,0.5275919732441472,0.5071351030332922,0.7939142461964038,0.5044563279857398,0.2230347349177331,0.44637223974763407,0.5799180327868853,0.17008196721311475,0.25,488,16,0,0.05269517037033346,0.13016743001809641,0.15907593175691317,0.4086202698128262,0.6908915885829118,0.6656756885872663,0.010345784513594917,1.8963064446336382
0.65,0.2,1.0,0.04,0.66,0.38,0.25,0.5275919732441472,0.5071351030332922,0.7939142461964038,0.5044563279857398,0.2230347349177331,0.44637223974763407,0.5799180327868853,0.17008196721311475,0.25,488,16,0,0.05269517037033346,0.13016743001809641,0.15907593175691317,0.4086202698128262,0.6908915885829118,0.6656756885872663,0.010345784513594917,1.8963064446336382
0.65,0.2,1.2,0.08,0.6,0.38,0.25,0.5334448160535117,0.5198450144628739,0.7988826815642458,0.5036101083032491,0.25704225352112675,0.45,0.5717213114754098,0.1598360655737705,0.26844262295081966,488,16,0,0.05109914719755665,0.13016743001809641,0.15907593175691317,0.4086202698128262,0.6908915885829118,0.6656756885872663,0.010345784513594917,1.8968010674438727
0.65,0.2,1.2,0.04,0.6,0.38,0.25,0.5334448160535117,0.5198450144628739,0.7988826815642458,0.5036101083032491,0.25704225352112675,0.45,0.5717213114754098,0.1598360655737705,0.26844262295081966,488,16,0,0.05109914719755665,0.13016743001809641,0.15907593175691317,0.4086202698128262,0.6908915885829118,0.6656756885872663,0.010345784513594917,1.8968010674438727
0.65,0.2,1.2,0.12,0.6,0.38,0.25,0.5334448160535117,0.5198450144628739,0.7988826815642458,0.5036101083032491,0.25704225352112675,0.45,0.5717213114754098,0.1598360655737705,0.26844262295081966,488,16,0,0.05109914719755665,0.13016743001809641,0.15907593175691317,0.4086202698128262,0.6908915885829118,0.6656756885872663,0.010345784513594917,1.8968010674438727
0.55,0.1,1.0,0.04,0.6,0.34,0.25,0.5234113712374582,0.5059767737676895,0.7960339943342776,0.5008818342151675,0.2210144927536232,0.43962848297213625,0.5819672131147541,0.15778688524590165,0.26024590163934425,488,16,0,0.05313372137790345,0.13016743001809641,0.15907593175691317,0.4086202698128262,0.6908915885829118,0.6656756885872663,0.010345784513594917,1.8983666873813403
0.55,0.1,1.0,0.08,0.6,0.34,0.25,0.5234113712374582,0.5059767737676895,0.7960339943342776,0.5008818342151675,0.2210144927536232,0.43962848297213625,0.5819672131147541,0.15778688524590165,0.26024590163934425,488,16,0,0.05313372137790345,0.13016743001809641,0.15907593175691317,0.4086202698128262,0.6908915885829118,0.6656756885872663,0.010345784513594917,1.8983666873813403
0.55,0.1,1.0,0.12,0.6,0.34,0.25,0.5234113712374582,0.5059767737676895,0.7960339943342776,0.5008818342151675,0.2210144927536232,0.43962848297213625,0.5819672131147541,0.15778688524590165,0.26024590163934425,488,16,0,0.05313372137790345,0.13016743001809641,0.15907593175691317,0.4086202698128262,0.6908915885829118,0.6656756885872663,0.010345784513594917,1.8983666873813403
0.65,0.2,1.0,0.08,0.66,0.42,0.25,0.5267558528428093,0.5063248755953937,0.7928176795580111,0.5031222123104371,0.2230347349177331,0.44549763033175355,0.5778688524590164,0.1721311475409836,0.25,488,16,0,0.052827260148101386,0.13016743001809641,0.15907593175691317,0.4086202698128262,0.6908915885829118,0.6656756885872663,0.010345784513594917,1.9022560711613992
0.65,0.2,1.0,0.12,0.66,0.42,0.25,0.5267558528428093,0.5063248755953937,0.7928176795580111,0.5031222123104371,0.2230347349177331,0.44549763033175355,0.5778688524590164,0.1721311475409836,0.25,488,16,0,0.052827260148101386,0.13016743001809641,0.15907593175691317,0.4086202698128262,0.6908915885829118,0.6656756885872663,0.010345784513594917,1.9022560711613992
0.65,0.2,1.0,0.04,0.66,0.42,0.25,0.5267558528428093,0.5063248755953937,0.7928176795580111,0.5031222123104371,0.2230347349177331,0.44549763033175355,0.5778688524590164,0.1721311475409836,0.25,488,16,0,0.052827260148101386,0.13016743001809641,0.15907593175691317,0.4086202698128262,0.6908915885829118,0.6656756885872663,0.010345784513594917,1.9022560711613992
0.75,0.3,1.0,0.12,0.66,0.38,0.5,0.560200668896321,0.5636494457281247,0.7971830985915493,0.5019157088122606,0.39184952978056425,0.4712230215827338,0.5368852459016393,0.15778688524590165,0.305327868852459,488,16,0,0.05445085232945762,0.13016743001809641,0.15907593175691317,0.4086202698128262,0.6908915885829118,0.6656756885872663,0.010345784513594917,1.9030850456308945
0.75,0.3,1.0,0.12,0.66,0.42,0.5,0.560200668896321,0.5636494457281247,0.7971830985915493,0.5019157088122606,0.39184952978056425,0.4712230215827338,0.5368852459016393,0.15778688524590165,0.305327868852459,488,16,0,0.05464137548355045,0.13016743001809641,0.15907593175691317,0.4086202698128262,0.6908915885829118,0.6656756885872663,0.010345784513594917,1.9030850456308945
0.75,0.3,1.0,0.08,0.66,0.38,0.5,0.560200668896321,0.5636494457281247,0.7971830985915493,0.5019157088122606,0.39184952978056425,0.4712230215827338,0.5368852459016393,0.15778688524590165,0.305327868852459,488,16,0,0.05445085232945762,0.13016743001809641,0.15907593175691317,0.4086202698128262,0.6908915885829118,0.6656756885872663,0.010345784513594917,1.9030850456308945
0.75,0.3,1.0,0.04,0.66,0.38,0.5,0.560200668896321,0.5636494457281247,0.7971830985915493,0.5019157088122606,0.39184952978056425,0.4712230215827338,0.5368852459016393,0.15778688524590165,0.305327868852459,488,16,0,0.05445085232945762,0.13016743001809641,0.15907593175691317,0.4086202698128262,0.6908915885829118,0.6656756885872663,0.010345784513594917,1.9030850456308945
0.75,0.3,1.0,0.08,0.66,0.42,0.5,0.560200668896321,0.5636494457281247,0.7971830985915493,0.5019157088122606,0.39184952978056425,0.4712230215827338,0.5368852459016393,0.15778688524590165,0.305327868852459,488,16,0,0.05464137548355045,0.13016743001809641,0.15907593175691317,0.4086202698128262,0.6908915885829118,0.6656756885872663,0.010345784513594917,1.9030850456308945
0.75,0.3,1.0,0.04,0.66,0.42,0.5,0.560200668896321,0.5636494457281247,0.7971830985915493,0.5019157088122606,0.39184952978056425,0.4712230215827338,0.5368852459016393,0.15778688524590165,0.305327868852459,488,16,0,0.05464137548355045,0.13016743001809641,0.15907593175691317,0.4086202698128262,0.6908915885829118,0.6656756885872663,0.010345784513594917,1.9030850456308945
0.75,0.1,1.2,0.04,0.66,0.38,0.5,0.5468227424749164,0.544795517582444,0.7983074753173484,0.5,0.33607907742998355,0.4574829931972789,0.5512295081967213,0.1598360655737705,0.2889344262295082,488,18,0,0.05356207629882475,0.13016743001809641,0.15907593175691317,0.4086202698128262,0.6908915885829118,0.6656756885872663,0.010345784513594917,1.9035546051160124
0.75,0.1,1.2,0.12,0.66,0.38,0.5,0.5468227424749164,0.544795517582444,0.7983074753173484,0.5,0.33607907742998355,0.4574829931972789,0.5512295081967213,0.1598360655737705,0.2889344262295082,488,18,0,0.05356207629882475,0.13016743001809641,0.15907593175691317,0.4086202698128262,0.6908915885829118,0.6656756885872663,0.010345784513594917,1.9035546051160124
0.75,0.1,1.2,0.08,0.66,0.38,0.5,0.5468227424749164,0.544795517582444,0.7983074753173484,0.5,0.33607907742998355,0.4574829931972789,0.5512295081967213,0.1598360655737705,0.2889344262295082,488,18,0,0.05356207629882475,0.13016743001809641,0.15907593175691317,0.4086202698128262,0.6908915885829118,0.6656756885872663,0.010345784513594917,1.9035546051160124
0.65,0.1,1.0,0.04,0.66,0.34,0.25,0.5259197324414716,0.5063121410180235,0.7944444444444444,0.5026737967914439,0.22181818181818183,0.444794952681388,0.5778688524590164,0.16598360655737704,0.25614754098360654,488,16,0,0.05386112442541915,0.13016743001809641,0.15907593175691317,0.4086202698128262,0.6908915885829118,0.6656756885872663,0.010345784513594917,1.9037196802384682
0.65,0.1,1.0,0.12,0.66,0.34,0.25,0.5259197324414716,0.5063121410180235,0.7944444444444444,0.5026737967914439,0.22181818181818183,0.444794952681388,0.5778688524590164,0.16598360655737704,0.25614754098360654,488,16,0,0.05386112442541915,0.13016743001809641,0.15907593175691317,0.4086202698128262,0.6908915885829118,0.6656756885872663,0.010345784513594917,1.9037196802384682
0.65,0.1,1.0,0.08,0.66,0.34,0.25,0.5259197324414716,0.5063121410180235,0.7944444444444444,0.5026737967914439,0.22181818181818183,0.444794952681388,0.5778688524590164,0.16598360655737704,0.25614754098360654,488,16,0,0.05386112442541915,0.13016743001809641,0.15907593175691317,0.4086202698128262,0.6908915885829118,0.6656756885872663,0.010345784513594917,1.9037196802384682
0.75,0.1,1.2,0.08,0.66,0.42,0.5,0.5468227424749164,0.5443573535986417,0.7960618846694796,0.5009310986964618,0.33607907742998355,0.4590443686006826,0.5512295081967213,0.1598360655737705,0.2889344262295082,488,18,0,0.053805116093589976,0.13016743001809641,0.15907593175691317,0.4086202698128262,0.6908915885829118,0.6656756885872663,0.010345784513594917,1.9039927690998149
0.75,0.1,1.2,0.04,0.66,0.42,0.5,0.5468227424749164,0.5443573535986417,0.7960618846694796,0.5009310986964618,0.33607907742998355,0.4590443686006826,0.5512295081967213,0.1598360655737705,0.2889344262295082,488,18,0,0.053805116093589976,0.13016743001809641,0.15907593175691317,0.4086202698128262,0.6908915885829118,0.6656756885872663,0.010345784513594917,1.9039927690998149
0.75,0.1,1.2,0.12,0.66,0.42,0.5,0.5468227424749164,0.5443573535986417,0.7960618846694796,0.5009310986964618,0.33607907742998355,0.4590443686006826,0.5512295081967213,0.1598360655737705,0.2889344262295082,488,18,0,0.053805116093589976,0.13016743001809641,0.15907593175691317,0.4086202698128262,0.6908915885829118,0.6656756885872663,0.010345784513594917,1.9039927690998149
0.75,0.3,1.0,0.12,0.66,0.34,0.5,0.5593645484949833,0.5633546670827259,0.7977369165487977,0.5004775549188156,0.39184952978056425,0.46869409660107336,0.5368852459016393,0.15778688524590165,0.305327868852459,488,16,0,0.05410422299417362,0.13016743001809641,0.15907593175691317,0.4086202698128262,0.6908915885829118,0.6656756885872663,0.010345784513594917,1.9042159446776312
0.75,0.3,1.0,0.08,0.66,0.34,0.5,0.5593645484949833,0.5633546670827259,0.7977369165487977,0.5004775549188156,0.39184952978056425,0.46869409660107336,0.5368852459016393,0.15778688524590165,0.305327868852459,488,16,0,0.05410422299417362,0.13016743001809641,0.15907593175691317,0.4086202698128262,0.6908915885829118,0.6656756885872663,0.010345784513594917,1.9042159446776312
0.75,0.3,1.0,0.04,0.66,0.34,0.5,0.5593645484949833,0.5633546670827259,0.7977369165487977,0.5004775549188156,0.39184952978056425,0.46869409660107336,0.5368852459016393,0.15778688524590165,0.305327868852459,488,16,0,0.05410422299417362,0.13016743001809641,0.15907593175691317,0.4086202698128262,0.6908915885829118,0.6656756885872663,0.010345784513594917,1.9042159446776312
0.75,0.2,1.2,0.12,0.72,0.42,0.25,0.5275919732441472,0.506126532187125,0.7868852459016393,0.5031333930170099,0.2283609576427256,0.4467408585055644,0.5758196721311475,0.18442622950819673,0.23975409836065573,488,15,0,0.051389865114172026,0.13016743001809641,0.15907593175691317,0.4086202698128262,0.6908915885829118,0.6656756885872663,0.010345784513594917,1.9048969826929205
0.75,0.2,1.2,0.08,0.72,0.42,0.25,0.5275919732441472,0.506126532187125,0.7868852459016393,0.5031333930170099,0.2283609576427256,0.4467408585055644,0.5758196721311475,0.18442622950819673,0.23975409836065573,488,15,0,0.051389865114172026,0.13016743001809641,0.15907593175691317,0.4086202698128262,0.6908915885829118,0.6656756885872663,0.010345784513594917,1.9048969826929205
0.75,0.2,1.2,0.04,0.72,0.42,0.25,0.5275919732441472,0.506126532187125,0.7868852459016393,0.5031333930170099,0.2283609576427256,0.4467408585055644,0.5758196721311475,0.18442622950819673,0.23975409836065573,488,15,0,0.051389865114172026,0.13016743001809641,0.15907593175691317,0.4086202698128262,0.6908915885829118,0.6656756885872663,0.010345784513594917,1.9048969826929205
0.55,0.1,1.0,0.12,0.6,0.38,0.25,0.5250836120401338,0.5062944125530295,0.7960893854748603,0.501779359430605,0.2210144927536232,0.44339622641509435,0.5778688524590164,0.16188524590163936,0.26024590163934425,488,15,0,0.05349490789309871,0.13016743001809641,0.15907593175691317,0.4086202698128262,0.6908915885829118,0.6656756885872663,0.010345784513594917,1.9049833651703736
0.55,0.1,1.0,0.04,0.6,0.38,0.25,0.5250836120401338,0.5062944125530295,0.7960893854748603,0.501779359430605,0.2210144927536232,0.44339622641509435,0.5778688524590164,0.16188524590163936,0.26024590163934425,488,15,0,0.05349490789309871,0.13016743001809641,0.15907593175691317,0.4086202698128262,0.6908915885829118,0.6656756885872663,0.010345784513594917,1.9049833651703736
0.55,0.1,1.0,0.08,0.6,0.38,0.25,0.5250836120401338,0.5062944125530295,0.7960893854748603,0.501779359430605,0.2210144927536232,0.44339622641509435,0.5778688524590164,0.16188524590163936,0.26024590163934425,488,15,0,0.05349490789309871,0.13016743001809641,0.15907593175691317,0.4086202698128262,0.6908915885829118,0.6656756885872663,0.010345784513594917,1.9049833651703736
0.75,0.1,1.2,0.08,0.72,0.42,0.25,0.5267558528428093,0.504679125515083,0.7858117326057299,0.5031333930170099,0.22509225092250923,0.4467408585055644,0.5758196721311475,0.18442622950819673,0.23975409836065573,488,15,0,0.0523348663086803,0.13016743001809641,0.15907593175691317,0.4086202698128262,0.6908915885829118,0.6656756885872663,0.010345784513594917,1.9071805097663004
0.75,0.1,1.2,0.12,0.72,0.42,0.25,0.5267558528428093,0.504679125515083,0.7858117326057299,0.5031333930170099,0.22509225092250923,0.4467408585055644,0.5758196721311475,0.18442622950819673,0.23975409836065573,488,15,0,0.0523348663086803,0.13016743001809641,0.15907593175691317,0.4086202698128262,0.6908915885829118,0.6656756885872663,0.010345784513594917,1.9071805097663004
0.75,0.1,1.2,0.04,0.72,0.42,0.25,0.5267558528428093,0.504679125515083,0.7858117326057299,0.5031333930170099,0.22509225092250923,0.4467408585055644,0.5758196721311475,0.18442622950819673,0.23975409836065573,488,15,0,0.0523348663086803,0.13016743001809641,0.15907593175691317,0.4086202698128262,0.6908915885829118,0.6656756885872663,0.010345784513594917,1.9071805097663004
0.75,0.1,1.2,0.12,0.72,0.38,0.25,0.5259197324414716,0.5041840355798805,0.7852257181942545,0.5022341376228776,0.22509225092250923,0.44532488114104596,0.5758196721311475,0.18442622950819673,0.23975409836065573,488,15,0,0.05221093542913215,0.13016743001809641,0.15907593175691317,0.4086202698128262,0.6908915885829118,0.6656756885872663,0.010345784513594917,1.9085117201028408
0.75,0.1,1.2,0.04,0.72,0.38,0.25,0.5259197324414716,0.5041840355798805,0.7852257181942545,0.5022341376228776,0.22509225092250923,0.44532488114104596,0.5758196721311475,0.18442622950819673,0.23975409836065573,488,15,0,0.05221093542913215,0.13016743001809641,0.15907593175691317,0.4086202698128262,0.6908915885829118,0.6656756885872663,0.010345784513594917,1.9085117201028408
0.75,0.1,1.2,0.08,0.72,0.38,0.25,0.5259197324414716,0.5041840355798805,0.7852257181942545,0.5022341376228776,0.22509225092250923,0.44532488114104596,0.5758196721311475,0.18442622950819673,0.23975409836065573,488,15,0,0.05221093542913215,0.13016743001809641,0.15907593175691317,0.4086202698128262,0.6908915885829118,0.6656756885872663,0.010345784513594917,1.9085117201028408
0.75,0.2,1.0,0.12,0.66,0.34,0.5,0.5593645484949833,0.5631812606822043,0.7983074753173484,0.5,0.39123630672926446,0.4694244604316547,0.5348360655737705,0.15778688524590165,0.3073770491803279,488,16,0,0.055059719428743575,0.13016743001809641,0.15907593175691317,0.4086202698128262,0.6908915885829118,0.6656756885872663,0.010345784513594917,1.908897547799464
0.75,0.2,1.0,0.08,0.66,0.34,0.5,0.5593645484949833,0.5631812606822043,0.7983074753173484,0.5,0.39123630672926446,0.4694244604316547,0.5348360655737705,0.15778688524590165,0.3073770491803279,488,16,0,0.055059719428743575,0.13016743001809641,0.15907593175691317,0.4086202698128262,0.6908915885829118,0.6656756885872663,0.010345784513594917,1.908897547799464
0.75,0.2,1.0,0.04,0.66,0.34,0.5,0.5593645484949833,0.5631812606822043,0.7983074753173484,0.5,0.39123630672926446,0.4694244604316547,0.5348360655737705,0.15778688524590165,0.3073770491803279,488,16,0,0.055059719428743575,0.13016743001809641,0.15907593175691317,0.4086202698128262,0.6908915885829118,0.6656756885872663,0.010345784513594917,1.908897547799464
0.65,0.2,1.2,0.12,0.6,0.42,0.25,0.532608695652174,0.5192603265112415,0.7972222222222223,0.5004533091568449,0.2601054481546573,0.44878048780487806,0.5655737704918032,0.16598360655737704,0.26844262295081966,488,16,0,0.05120968143455556,0.13016743001809641,0.15907593175691317,0.4086202698128262,0.6908915885829118,0.6656756885872663,0.010345784513594917,1.9111317118624165
0.65,0.2,1.2,0.04,0.6,0.42,0.25,0.532608695652174,0.5192603265112415,0.7972222222222223,0.5004533091568449,0.2601054481546573,0.44878048780487806,0.5655737704918032,0.16598360655737704,0.26844262295081966,488,16,0,0.05120968143455556,0.13016743001809641,0.15907593175691317,0.4086202698128262,0.6908915885829118,0.6656756885872663,0.010345784513594917,1.9111317118624165
0.65,0.2,1.2,0.08,0.6,0.42,0.25,0.532608695652174,0.5192603265112415,0.7972222222222223,0.5004533091568449,0.2601054481546573,0.44878048780487806,0.5655737704918032,0.16598360655737704,0.26844262295081966,488,16,0,0.05120968143455556,0.13016743001809641,0.15907593175691317,0.4086202698128262,0.6908915885829118,0.6656756885872663,0.010345784513594917,1.9111317118624165
0.75,0.3,1.2,0.04,0.6,0.42,0.5,0.5593645484949833,0.5641506748390331,0.7988668555240793,0.49856184084372,0.39502332814930013,0.46846846846846846,0.5327868852459017,0.1557377049180328,0.3114754098360656,488,16,0,0.05223143370627374,0.13016743001809641,0.15907593175691317,0.4086202698128262,0.6908915885829118,0.6656756885872663,0.010345784513594917,1.9126412483967334
0.75,0.3,1.2,0.08,0.6,0.42,0.5,0.5593645484949833,0.5641506748390331,0.7988668555240793,0.49856184084372,0.39502332814930013,0.46846846846846846,0.5327868852459017,0.1557377049180328,0.3114754098360656,488,16,0,0.05223143370627374,0.13016743001809641,0.15907593175691317,0.4086202698128262,0.6908915885829118,0.6656756885872663,0.010345784513594917,1.9126412483967334
0.75,0.3,1.2,0.12,0.6,0.42,0.5,0.5593645484949833,0.5641506748390331,0.7988668555240793,0.49856184084372,0.39502332814930013,0.46846846846846846,0.5327868852459017,0.1557377049180328,0.3114754098360656,488,16,0,0.05223143370627374,0.13016743001809641,0.15907593175691317,0.4086202698128262,0.6908915885829118,0.6656756885872663,0.010345784513594917,1.9126412483967334
0.75,0.2,1.0,0.08,0.66,0.38,0.5,0.5585284280936454,0.5621128328334905,0.7960618846694796,0.4990403071017274,0.39123630672926446,0.4693140794223827,0.5327868852459017,0.1598360655737705,0.3073770491803279,488,16,0,0.05546283687232375,0.13016743001809641,0.15907593175691317,0.4086202698128262,0.6908915885829118,0.6656756885872663,0.010345784513594917,1.9151053747380402
0.75,0.2,1.0,0.12,0.66,0.38,0.5,0.5585284280936454,0.5621128328334905,0.7960618846694796,0.4990403071017274,0.39123630672926446,0.4693140794223827,0.5327868852459017,0.1598360655737705,0.3073770491803279,488,16,0,0.05546283687232375,0.13016743001809641,0.15907593175691317,0.4086202698128262,0.6908915885829118,0.6656756885872663,0.010345784513594917,1.9151053747380402
0.75,0.2,1.0,0.04,0.66,0.38,0.5,0.5585284280936454,0.5621128328334905,0.7960618846694796,0.4990403071017274,0.39123630672926446,0.4693140794223827,0.5327868852459017,0.1598360655737705,0.3073770491803279,488,16,0,0.05546283687232375,0.13016743001809641,0.15907593175691317,0.4086202698128262,0.6908915885829118,0.6656756885872663,0.010345784513594917,1.9151053747380402
0.65,0.3,1.0,0.04,0.6,0.38,0.25,0.5392976588628763,0.5306473926868546,0.7950138504155124,0.5,0.29692832764505117,0.4546979865771812,0.555327868852459,0.1680327868852459,0.2766393442622951,488,19,0,0.052168916988257284,0.13016743001809641,0.15907593175691317,0.4086202698128262,0.6908915885829118,0.6656756885872663,0.010345784513594917,1.9153917480498717
0.65,0.3,1.0,0.08,0.6,0.42,0.25,0.5392976588628763,0.5306473926868546,0.7950138504155124,0.5,0.29692832764505117,0.4546979865771812,0.555327868852459,0.1680327868852459,0.2766393442622951,488,19,0,0.05225716925321605,0.13016743001809641,0.15907593175691317,0.4086202698128262,0.6908915885829118,0.6656756885872663,0.010345784513594917,1.9153917480498717
0.65,0.3,1.0,0.08,0.6,0.38,0.25,0.5392976588628763,0.5306473926868546,0.7950138504155124,0.5,0.29692832764505117,0.4546979865771812,0.555327868852459,0.1680327868852459,0.2766393442622951,488,19,0,0.052168916988257284,0.13016743001809641,0.15907593175691317,0.4086202698128262,0.6908915885829118,0.6656756885872663,0.010345784513594917,1.9153917480498717
0.65,0.3,1.0,0.12,0.6,0.38,0.25,0.5392976588628763,0.5306473926868546,0.7950138504155124,0.5,0.29692832764505117,0.4546979865771812,0.555327868852459,0.1680327868852459,0.2766393442622951,488,19,0,0.052168916988257284,0.13016743001809641,0.15907593175691317,0.4086202698128262,0.6908915885829118,0.6656756885872663,0.010345784513594917,1.9153917480498717
0.65,0.3,1.0,0.04,0.6,0.42,0.25,0.5392976588628763,0.5306473926868546,0.7950138504155124,0.5,0.29692832764505117,0.4546979865771812,0.555327868852459,0.1680327868852459,0.2766393442622951,488,19,0,0.05225716925321605,0.13016743001809641,0.15907593175691317,0.4086202698128262,0.6908915885829118,0.6656756885872663,0.010345784513594917,1.9153917480498717
0.65,0.3,1.0,0.12,0.6,0.42,0.25,0.5392976588628763,0.5306473926868546,0.7950138504155124,0.5,0.29692832764505117,0.4546979865771812,0.555327868852459,0.1680327868852459,0.2766393442622951,488,19,0,0.05225716925321605,0.13016743001809641,0.15907593175691317,0.4086202698128262,0.6908915885829118,0.6656756885872663,0.010345784513594917,1.9153917480498717
0.65,0.1,1.0,0.12,0.6,0.38,0.5,0.5484949832775919,0.5492218332793553,0.7988668555240793,0.4971857410881801,0.35161290322580646,0.458477508650519,0.5430327868852459,0.1557377049180328,0.3012295081967213,488,18,0,0.05523905157608999,0.13016743001809641,0.15907593175691317,0.4086202698128262,0.6908915885829118,0.6656756885872663,0.010345784513594917,1.9158986715672455
0.65,0.1,1.0,0.04,0.6,0.38,0.5,0.5484949832775919,0.5492218332793553,0.7988668555240793,0.4971857410881801,0.35161290322580646,0.458477508650519,0.5430327868852459,0.1557377049180328,0.3012295081967213,488,18,0,0.05523905157608999,0.13016743001809641,0.15907593175691317,0.4086202698128262,0.6908915885829118,0.6656756885872663,0.010345784513594917,1.9158986715672455
0.65,0.1,1.0,0.08,0.6,0.38,0.5,0.5484949832775919,0.5492218332793553,0.7988668555240793,0.4971857410881801,0.35161290322580646,0.458477508650519,0.5430327868852459,0.1557377049180328,0.3012295081967213,488,18,0,0.05523905157608999,0.13016743001809641,0.15907593175691317,0.4086202698128262,0.6908915885829118,0.6656756885872663,0.010345784513594917,1.9158986715672455
0.65,0.2,1.0,0.08,0.6,0.42,0.5,0.5409698996655519,0.5380143507011698,0.7988668555240793,0.4967682363804247,0.31840796019900497,0.45210084033613446,0.5512295081967213,0.1557377049180328,0.2930327868852459,488,19,0,0.05390650317880679,0.13016743001809641,0.15907593175691317,0.4086202698128262,0.6908915885829118,0.6656756885872663,0.010345784513594917,1.916598450872225
0.65,0.2,1.0,0.12,0.6,0.42,0.5,0.5409698996655519,0.5380143507011698,0.7988668555240793,0.4967682363804247,0.31840796019900497,0.45210084033613446,0.5512295081967213,0.1557377049180328,0.2930327868852459,488,19,0,0.05390650317880679,0.13016743001809641,0.15907593175691317,0.4086202698128262,0.6908915885829118,0.6656756885872663,0.010345784513594917,1.916598450872225
0.65,0.2,1.0,0.04,0.6,0.42,0.5,0.5409698996655519,0.5380143507011698,0.7988668555240793,0.4967682363804247,0.31840796019900497,0.45210084033613446,0.5512295081967213,0.1557377049180328,0.2930327868852459,488,19,0,0.05390650317880679,0.13016743001809641,0.15907593175691317,0.4086202698128262,0.6908915885829118,0.6656756885872663,0.010345784513594917,1.916598450872225
0.75,0.3,1.2,0.08,0.66,0.34,0.25,0.5418060200668896,0.5347536014846085,0.7939142461964038,0.49953574744661094,0.3108108108108108,0.4567062818336163,0.5512295081967213,0.17008196721311475,0.2786885245901639,488,19,0,0.05109511967208744,0.13016743001809641,0.15907593175691317,0.4086202698128262,0.6908915885829118,0.6656756885872663,0.010345784513594917,1.9175886534579405
0.75,0.3,1.2,0.04,0.66,0.34,0.25,0.5418060200668896,0.5347536014846085,0.7939142461964038,0.49953574744661094,0.3108108108108108,0.4567062818336163,0.5512295081967213,0.17008196721311475,0.2786885245901639,488,19,0,0.05109511967208744,0.13016743001809641,0.15907593175691317,0.4086202698128262,0.6908915885829118,0.6656756885872663,0.010345784513594917,1.9175886534579405
0.75,0.3,1.2,0.12,0.66,0.34,0.25,0.5418060200668896,0.5347536014846085,0.7939142461964038,0.49953574744661094,0.3108108108108108,0.4567062818336163,0.5512295081967213,0.17008196721311475,0.2786885245901639,488,19,0,0.05109511967208744,0.13016743001809641,0.15907593175691317,0.4086202698128262,0.6908915885829118,0.6656756885872663,0.010345784513594917,1.9175886534579405
0.75,0.1,1.0,0.04,0.66,0.38,0.5,0.5593645484949833,0.5629354251287283,0.7966339410939691,0.49903660886319845,0.39313572542901715,0.4709090909090909,0.5307377049180327,0.1598360655737705,0.3094262295081967,488,16,0,0.0564747070570033,0.13016743001809641,0.15907593175691317,0.4086202698128262,0.6908915885829118,0.6656756885872663,0.010345784513594917,1.9179548587627762
0.75,0.1,1.0,0.08,0.66,0.38,0.5,0.5593645484949833,0.5629354251287283,0.7966339410939691,0.49903660886319845,0.39313572542901715,0.4709090909090909,0.5307377049180327,0.1598360655737705,0.3094262295081967,488,16,0,0.0564747070570033,0.13016743001809641,0.15907593175691317,0.4086202698128262,0.6908915885829118,0.6656756885872663,0.010345784513594917,1.9179548587627762
0.75,0.1,1.0,0.12,0.66,0.38,0.5,0.5593645484949833,0.5629354251287283,0.7966339410939691,0.49903660886319845,0.39313572542901715,0.4709090909090909,0.5307377049180327,0.1598360655737705,0.3094262295081967,488,16,0,0.0564747070570033,0.13016743001809641,0.15907593175691317,0.4086202698128262,0.6908915885829118,0.6656756885872663,0.010345784513594917,1.9179548587627762
0.75,0.1,1.0,0.04,0.66,0.34,0.5,0.5585284280936454,0.5624248443918066,0.7960618846694796,0.4980769230769231,0.39313572542901715,0.4692028985507246,0.5307377049180327,0.1598360655737705,0.3094262295081967,488,16,0,0.05602232900764876,0.13016743001809641,0.15907593175691317,0.4086202698128262,0.6908915885829118,0.6656756885872663,0.010345784513594917,1.9193015599010357
0.75,0.1,1.0,0.12,0.66,0.34,0.5,0.5585284280936454,0.5624248443918066,0.7960618846694796,0.4980769230769231,0.39313572542901715,0.4692028985507246,0.5307377049180327,0.1598360655737705,0.3094262295081967,488,16,0,0.05602232900764876,0.13016743001809641,0.15907593175691317,0.4086202698128262,0.6908915885829118,0.6656756885872663,0.010345784513594917,1.9193015599010357
0.75,0.1,1.0,0.08,0.66,0.34,0.5,0.5585284280936454,0.5624248443918066,0.7960618846694796,0.4980769230769231,0.39313572542901715,0.4692028985507246,0.5307377049180327,0.1598360655737705,0.3094262295081967,488,16,0,0.05602232900764876,0.13016743001809641,0.15907593175691317,0.4086202698128262,0.6908915885829118,0.6656756885872663,0.010345784513594917,1.9193015599010357
0.75,0.2,1.0,0.12,0.66,0.42,0.5,0.5585284280936454,0.5617702727169241,0.7955182072829131,0.4985563041385948,0.39123630672926446,0.47005444646098005,0.5307377049180327,0.16188524590163936,0.3073770491803279,488,16,0,0.055676895617776063,0.13016743001809641,0.15907593175691317,0.4086202698128262,0.6908915885829118,0.6656756885872663,0.010345784513594917,1.9197512135431314
0.75,0.2,1.0,0.08,0.66,0.42,0.5,0.5585284280936454,0.5617702727169241,0.7955182072829131,0.4985563041385948,0.39123630672926446,0.47005444646098005,0.5307377049180327,0.16188524590163936,0.3073770491803279,488,16,0,0.055676895617776063,0.13016743001809641,0.15907593175691317,0.4086202698128262,0.6908915885829118,0.6656756885872663,0.010345784513594917,1.9197512135431314
0.75,0.2,1.0,0.04,0.66,0.42,0.5,0.5585284280936454,0.5617702727169241,0.7955182072829131,0.4985563041385948,0.39123630672926446,0.47005444646098005,0.5307377049180327,0.16188524590163936,0.3073770491803279,488,16,0,0.055676895617776063,0.13016743001809641,0.15907593175691317,0.4086202698128262,0.6908915885829118,0.6656756885872663,0.010345784513594917,1.9197512135431314
0.55,0.1,1.0,0.04,0.6,0.42,0.25,0.524247491638796,0.5050446295954364,0.7950138504155124,0.4991055456171735,0.2210144927536232,0.44285714285714284,0.5717213114754098,0.1680327868852459,0.26024590163934425,488,16,0,0.05361330219622575,0.13016743001809641,0.15907593175691317,0.4086202698128262,0.6908915885829118,0.6656756885872663,0.010345784513594917,1.9199791045948784
0.55,0.1,1.0,0.08,0.6,0.42,0.25,0.524247491638796,0.5050446295954364,0.7950138504155124,0.4991055456171735,0.2210144927536232,0.44285714285714284,0.5717213114754098,0.1680327868852459,0.26024590163934425,488,16,0,0.05361330219622575,0.13016743001809641,0.15907593175691317,0.4086202698128262,0.6908915885829118,0.6656756885872663,0.010345784513594917,1.9199791045948784
0.55,0.1,1.0,0.12,0.6,0.42,0.25,0.524247491638796,0.5050446295954364,0.7950138504155124,0.4991055456171735,0.2210144927536232,0.44285714285714284,0.5717213114754098,0.1680327868852459,0.26024590163934425,488,16,0,0.05361330219622575,0.13016743001809641,0.15907593175691317,0.4086202698128262,0.6908915885829118,0.6656756885872663,0.010345784513594917,1.9199791045948784
0.65,0.1,1.0,0.08,0.66,0.38,0.25,0.524247491638796,0.5043648973917859,0.7917241379310345,0.4995523724261415,0.22181818181818183,0.4435612082670906,0.5717213114754098,0.1721311475409836,0.25614754098360654,488,16,0,0.05419651167927218,0.13016743001809641,0.15907593175691317,0.4086202698128262,0.6908915885829118,0.6656756885872663,0.010345784513594917,1.9202490007329551
0.65,0.1,1.0,0.12,0.66,0.38,0.25,0.524247491638796,0.5043648973917859,0.7917241379310345,0.4995523724261415,0.22181818181818183,0.4435612082670906,0.5717213114754098,0.1721311475409836,0.25614754098360654,488,16,0,0.05419651167927218,0.13016743001809641,0.15907593175691317,0.4086202698128262,0.6908915885829118,0.6656756885872663,0.010345784513594917,1.9202490007329551
0.65,0.1,1.0,0.04,0.66,0.38,0.25,0.524247491638796,0.5043648973917859,0.7917241379310345,0.4995523724261415,0.22181818181818183,0.4435612082670906,0.5717213114754098,0.1721311475409836,0.25614754098360654,488,16,0,0.05419651167927218,0.13016743001809641,0.15907593175691317,0.4086202698128262,0.6908915885829118,0.6656756885872663,0.010345784513594917,1.9202490007329551
0.65,0.1,1.0,0.04,0.6,0.42,0.5,0.5484949832775919,0.5488759367799855,0.7983074753173484,0.4967074317968015,0.35161290322580646,0.4591304347826087,0.5409836065573771,0.15778688524590165,0.3012295081967213,488,18,0,0.05555639151493951,0.13016743001809641,0.15907593175691317,0.4086202698128262,0.6908915885829118,0.6656756885872663,0.010345784513594917,1.92054784675514
0.65,0.1,1.0,0.12,0.6,0.42,0.5,0.5484949832775919,0.5488759367799855,0.7983074753173484,0.4967074317968015,0.35161290322580646,0.4591304347826087,0.5409836065573771,0.15778688524590165,0.3012295081967213,488,18,0,0.05555639151493951,0.13016743001809641,0.15907593175691317,0.4086202698128262,0.6908915885829118,0.6656756885872663,0.010345784513594917,1.92054784675514
0.65,0.1,1.0,0.08,0.6,0.42,0.5,0.5484949832775919,0.5488759367799855,0.7983074753173484,0.4967074317968015,0.35161290322580646,0.4591304347826087,0.5409836065573771,0.15778688524590165,0.3012295081967213,488,18,0,0.05555639151493951,0.13016743001809641,0.15907593175691317,0.4086202698128262,0.6908915885829118,0.6656756885872663,0.010345784513594917,1.92054784675514
0.65,0.1,1.2,0.12,0.6,0.34,0.25,0.5342809364548495,0.5259024436875753,0.800561797752809,0.4968036529680365,0.28034188034188035,0.44810543657331137,0.5573770491803278,0.15778688524590165,0.2848360655737705,488,18,0,0.052452822737440785,0.13016743001809641,0.15907593175691317,0.4086202698128262,0.6908915885829118,0.6656756885872663,0.010345784513594917,1.9216698128998009
0.65,0.1,1.2,0.04,0.6,0.34,0.25,0.5342809364548495,0.5259024436875753,0.800561797752809,0.4968036529680365,0.28034188034188035,0.44810543657331137,0.5573770491803278,0.15778688524590165,0.2848360655737705,488,18,0,0.052452822737440785,0.13016743001809641,0.15907593175691317,0.4086202698128262,0.6908915885829118,0.6656756885872663,0.010345784513594917,1.9216698128998009
0.65,0.1,1.2,0.08,0.6,0.34,0.25,0.5342809364548495,0.5259024436875753,0.800561797752809,0.4968036529680365,0.28034188034188035,0.44810543657331137,0.5573770491803278,0.15778688524590165,0.2848360655737705,488,18,0,0.052452822737440785,0.13016743001809641,0.15907593175691317,0.4086202698128262,0.6908915885829118,0.6656756885872663,0.010345784513594917,1.9216698128998009
0.75,0.3,1.2,0.08,0.66,0.38,0.25,0.540133779264214,0.5330930449294523,0.7917241379310345,0.4967441860465116,0.3108108108108108,0.454855195911414,0.5471311475409836,0.17418032786885246,0.2786885245901639,488,19,0,0.051289765393748424,0.13016743001809641,0.15907593175691317,0.4086202698128262,0.6908915885829118,0.6656756885872663,0.010345784513594917,1.9295280081928212
0.75,0.3,1.2,0.04,0.66,0.38,0.25,0.540133779264214,0.5330930449294523,0.7917241379310345,0.4967441860465116,0.3108108108108108,0.454855195911414,0.5471311475409836,0.17418032786885246,0.2786885245901639,488,19,0,0.051289765393748424,0.13016743001809641,0.15907593175691317,0.4086202698128262,0.6908915885829118,0.6656756885872663,0.010345784513594917,1.9295280081928212
0.75,0.3,1.2,0.12,0.66,0.38,0.25,0.540133779264214,0.5330930449294523,0.7917241379310345,0.4967441860465116,0.3108108108108108,0.454855195911414,0.5471311475409836,0.17418032786885246,0.2786885245901639,488,19,0,0.051289765393748424,0.13016743001809641,0.15907593175691317,0.4086202698128262,0.6908915885829118,0.6656756885872663,0.010345784513594917,1.9295280081928212
0.75,0.2,1.2,0.12,0.66,0.34,0.25,0.5409698996655519,0.5350302585365464,0.7939142461964038,0.4962686567164179,0.3149078726968174,0.4554794520547945,0.5450819672131147,0.17008196721311475,0.2848360655737705,488,19,0,0.05214765491826217,0.13016743001809641,0.15907593175691317,0.4086202698128262,0.6908915885829118,0.6656756885872663,0.010345784513594917,1.9316727069712747
0.75,0.2,1.2,0.08,0.66,0.34,0.25,0.5409698996655519,0.5350302585365464,0.7939142461964038,0.4962686567164179,0.3149078726968174,0.4554794520547945,0.5450819672131147,0.17008196721311475,0.2848360655737705,488,19,0,0.05214765491826217,0.13016743001809641,0.15907593175691317,0.4086202698128262,0.6908915885829118,0.6656756885872663,0.010345784513594917,1.9316727069712747
0.75,0.2,1.2,0.04,0.66,0.34,0.25,0.5409698996655519,0.5350302585365464,0.7939142461964038,0.4962686567164179,0.3149078726968174,0.4554794520547945,0.5450819672131147,0.17008196721311475,0.2848360655737705,488,19,0,0.05214765491826217,0.13016743001809641,0.15907593175691317,0.4086202698128262,0.6908915885829118,0.6656756885872663,0.010345784513594917,1.9316727069712747
0.75,0.3,1.0,0.04,0.72,0.34,0.25,0.5367892976588629,0.5273775098606218,0.7873799725651578,0.4962962962962963,0.29845626072041165,0.4527027027027027,0.5491803278688525,0.18032786885245902,0.27049180327868855,488,18,0,0.05324944971279956,0.13016743001809641,0.15907593175691317,0.4086202698128262,0.6908915885829118,0.6656756885872663,0.010345784513594917,1.933465074047331
0.75,0.3,1.0,0.12,0.72,0.34,0.25,0.5367892976588629,0.5273775098606218,0.7873799725651578,0.4962962962962963,0.29845626072041165,0.4527027027027027,0.5491803278688525,0.18032786885245902,0.27049180327868855,488,18,0,0.05324944971279956,0.13016743001809641,0.15907593175691317,0.4086202698128262,0.6908915885829118,0.6656756885872663,0.010345784513594917,1.933465074047331
0.75,0.3,1.0,0.08,0.72,0.34,0.25,0.5367892976588629,0.5273775098606218,0.7873799725651578,0.4962962962962963,0.29845626072041165,0.4527027027027027,0.5491803278688525,0.18032786885245902,0.27049180327868855,488,18,0,0.05324944971279956,0.13016743001809641,0.15907593175691317,0.4086202698128262,0.6908915885829118,0.6656756885872663,0.010345784513594917,1.933465074047331
0.75,0.2,1.2,0.04,0.6,0.34,0.5,0.5568561872909699,0.5629678782366083,0.802275960170697,0.49278152069297404,0.39384615384615385,0.4646098003629764,0.5245901639344263,0.15163934426229508,0.3237704918032787,488,15,0,0.05276637488645693,0.13016743001809641,0.15907593175691317,0.4086202698128262,0.6908915885829118,0.6656756885872663,0.010345784513594917,1.9347750291539916
0.75,0.2,1.2,0.12,0.6,0.34,0.5,0.5568561872909699,0.5629678782366083,0.802275960170697,0.49278152069297404,0.39384615384615385,0.4646098003629764,0.5245901639344263,0.15163934426229508,0.3237704918032787,488,15,0,0.05276637488645693,0.13016743001809641,0.15907593175691317,0.4086202698128262,0.6908915885829118,0.6656756885872663,0.010345784513594917,1.9347750291539916
0.75,0.2,1.2,0.08,0.6,0.34,0.5,0.5568561872909699,0.5629678782366083,0.802275960170697,0.49278152069297404,0.39384615384615385,0.4646098003629764,0.5245901639344263,0.15163934426229508,0.3237704918032787,488,15,0,0.05276637488645693,0.13016743001809641,0.15907593175691317,0.4086202698128262,0.6908915885829118,0.6656756885872663,0.010345784513594917,1.9347750291539916
0.75,0.1,1.0,0.08,0.66,0.42,0.5,0.5568561872909699,0.5603726017175521,0.7932960893854749,0.49468599033816424,0.39313572542901715,0.4680073126142596,0.5245901639344263,0.16598360655737704,0.3094262295081967,488,16,0,0.05670970529573372,0.13016743001809641,0.15907593175691317,0.4086202698128262,0.6908915885829118,0.6656756885872663,0.010345784513594917,1.9359358794435395
0.75,0.1,1.0,0.04,0.66,0.42,0.5,0.5568561872909699,0.5603726017175521,0.7932960893854749,0.49468599033816424,0.39313572542901715,0.4680073126142596,0.5245901639344263,0.16598360655737704,0.3094262295081967,488,16,0,0.05670970529573372,0.13016743001809641,0.15907593175691317,0.4086202698128262,0.6908915885829118,0.6656756885872663,0.010345784513594917,1.9359358794435395
0.75,0.1,1.0,0.12,0.66,0.42,0.5,0.5568561872909699,0.5603726017175521,0.7932960893854749,0.49468599033816424,0.39313572542901715,0.4680073126142596,0.5245901639344263,0.16598360655737704,0.3094262295081967,488,16,0,0.05670970529573372,0.13016743001809641,0.15907593175691317,0.4086202698128262,0.6908915885829118,0.6656756885872663,0.010345784513594917,1.9359358794435395
0.65,0.1,1.0,0.08,0.66,0.42,0.25,0.5217391304347826,0.5019304633128691,0.7884615384615384,0.4955116696588869,0.22181818181818183,0.44089456869009586,0.5655737704918032,0.17827868852459017,0.25614754098360654,488,16,0,0.05435061207681237,0.13016743001809641,0.15907593175691317,0.4086202698128262,0.6908915885829118,0.6656756885872663,0.010345784513594917,1.9381016320814588
0.65,0.1,1.0,0.12,0.66,0.42,0.25,0.5217391304347826,0.5019304633128691,0.7884615384615384,0.4955116696588869,0.22181818181818183,0.44089456869009586,0.5655737704918032,0.17827868852459017,0.25614754098360654,488,16,0,0.05435061207681237,0.13016743001809641,0.15907593175691317,0.4086202698128262,0.6908915885829118,0.6656756885872663,0.010345784513594917,1.9381016320814588
0.65,0.1,1.0,0.04,0.66,0.42,0.25,0.5217391304347826,0.5019304633128691,0.7884615384615384,0.4955116696588869,0.22181818181818183,0.44089456869009586,0.5655737704918032,0.17827868852459017,0.25614754098360654,488,16,0,0.05435061207681237,0.13016743001809641,0.15907593175691317,0.4086202698128262,0.6908915885829118,0.6656756885872663,0.010345784513594917,1.9381016320814588
0.75,0.3,1.0,0.04,0.72,0.38,0.25,0.5359531772575251,0.526347919996911,0.7852257181942545,0.49536178107606677,0.29845626072041165,0.45254237288135596,0.5471311475409836,0.18237704918032788,0.27049180327868855,488,18,0,0.05346449811360147,0.13016743001809641,0.15907593175691317,0.4086202698128262,0.6908915885829118,0.6656756885872663,0.010345784513594917,1.9396340630009041
0.75,0.3,1.0,0.08,0.72,0.38,0.25,0.5359531772575251,0.526347919996911,0.7852257181942545,0.49536178107606677,0.29845626072041165,0.45254237288135596,0.5471311475409836,0.18237704918032788,0.27049180327868855,488,18,0,0.05346449811360147,0.13016743001809641,0.15907593175691317,0.4086202698128262,0.6908915885829118,0.6656756885872663,0.010345784513594917,1.9396340630009041
0.75,0.3,1.0,0.12,0.72,0.38,0.25,0.5359531772575251,0.526347919996911,0.7852257181942545,0.49536178107606677,0.29845626072041165,0.45254237288135596,0.5471311475409836,0.18237704918032788,0.27049180327868855,488,18,0,0.05346449811360147,0.13016743001809641,0.15907593175691317,0.4086202698128262,0.6908915885829118,0.6656756885872663,0.010345784513594917,1.9396340630009041
0.65,0.2,1.0,0.08,0.6,0.34,0.25,0.5384615384615384,0.5331638640702955,0.7955493741307371,0.4939422180801491,0.31,0.452991452991453,0.5430327868852459,0.16393442622950818,0.2930327868852459,488,19,0,0.05351951398523347,0.13016743001809641,0.15907593175691317,0.4086202698128262,0.6908915885829118,0.6656756885872663,0.010345784513594917,1.941170413461211
0.65,0.2,1.0,0.12,0.6,0.34,0.25,0.5384615384615384,0.5331638640702955,0.7955493741307371,0.4939422180801491,0.31,0.452991452991453,0.5430327868852459,0.16393442622950818,0.2930327868852459,488,19,0,0.05351951398523347,0.13016743001809641,0.15907593175691317,0.4086202698128262,0.6908915885829118,0.6656756885872663,0.010345784513594917,1.941170413461211
0.65,0.2,1.0,0.04,0.6,0.34,0.25,0.5384615384615384,0.5331638640702955,0.7955493741307371,0.4939422180801491,0.31,0.452991452991453,0.5430327868852459,0.16393442622950818,0.2930327868852459,488,19,0,0.05351951398523347,0.13016743001809641,0.15907593175691317,0.4086202698128262,0.6908915885829118,0.6656756885872663,0.010345784513594917,1.941170413461211
0.75,0.3,1.0,0.08,0.72,0.42,0.25,0.5367892976588629,0.5269353072350467,0.7874659400544959,0.4948837209302326,0.29845626072041165,0.45315161839863716,0.5450819672131147,0.18442622950819673,0.27049180327868855,488,18,0,0.05355933274798767,0.13016743001809641,0.15907593175691317,0.4086202698128262,0.6908915885829118,0.6656756885872663,0.010345784513594917,1.942513834049955
0.75,0.3,1.0,0.04,0.72,0.42,0.25,0.5367892976588629,0.5269353072350467,0.7874659400544959,0.4948837209302326,0.29845626072041165,0.45315161839863716,0.5450819672131147,0.18442622950819673,0.27049180327868855,488,18,0,0.05355933274798767,0.13016743001809641,0.15907593175691317,0.4086202698128262,0.6908915885829118,0.6656756885872663,0.010345784513594917,1.942513834049955
0.75,0.3,1.0,0.12,0.72,0.42,0.25,0.5367892976588629,0.5269353072350467,0.7874659400544959,0.4948837209302326,0.29845626072041165,0.45315161839863716,0.5450819672131147,0.18442622950819673,0.27049180327868855,488,18,0,0.05355933274798767,0.13016743001809641,0.15907593175691317,0.4086202698128262,0.6908915885829118,0.6656756885872663,0.010345784513594917,1.942513834049955
0.75,0.2,1.0,0.08,0.72,0.34,0.25,0.5317725752508361,0.5205656217883213,0.7873799725651578,0.49355432780847147,0.2807625649913345,0.44816053511705684,0.5491803278688525,0.18032786885245902,0.27049180327868855,488,17,0,0.05415295814251202,0.13016743001809641,0.15907593175691317,0.4086202698128262,0.6908915885829118,0.6656756885872663,0.010345784513594917,1.945293684527658
0.75,0.2,1.0,0.04,0.72,0.34,0.25,0.5317725752508361,0.5205656217883213,0.7873799725651578,0.49355432780847147,0.2807625649913345,0.44816053511705684,0.5491803278688525,0.18032786885245902,0.27049180327868855,488,17,0,0.05415295814251202,0.13016743001809641,0.15907593175691317,0.4086202698128262,0.6908915885829118,0.6656756885872663,0.010345784513594917,1.945293684527658
0.75,0.2,1.0,0.12,0.72,0.34,0.25,0.5317725752508361,0.5205656217883213,0.7873799725651578,0.49355432780847147,0.2807625649913345,0.44816053511705684,0.5491803278688525,0.18032786885245902,0.27049180327868855,488,17,0,0.05415295814251202,0.13016743001809641,0.15907593175691317,0.4086202698128262,0.6908915885829118,0.6656756885872663,0.010345784513594917,1.945293684527658
0.75,0.3,1.2,0.08,0.66,0.42,0.25,0.5384615384615384,0.5313104888268286,0.7901234567901234,0.49299719887955185,0.3108108108108108,0.4528301886792453,0.5409836065573771,0.18032786885245902,0.2786885245901639,488,19,0,0.05137212084956093,0.13016743001809641,0.15907593175691317,0.4086202698128262,0.6908915885829118,0.6656756885872663,0.010345784513594917,1.9458926411636943
0.75,0.3,1.2,0.12,0.66,0.42,0.25,0.5384615384615384,0.5313104888268286,0.7901234567901234,0.49299719887955185,0.3108108108108108,0.4528301886792453,0.5409836065573771,0.18032786885245902,0.2786885245901639,488,19,0,0.05137212084956093,0.13016743001809641,0.15907593175691317,0.4086202698128262,0.6908915885829118,0.6656756885872663,0.010345784513594917,1.9458926411636943
0.75,0.3,1.2,0.04,0.66,0.42,0.25,0.5384615384615384,0.5313104888268286,0.7901234567901234,0.49299719887955185,0.3108108108108108,0.4528301886792453,0.5409836065573771,0.18032786885245902,0.2786885245901639,488,19,0,0.05137212084956093,0.13016743001809641,0.15907593175691317,0.4086202698128262,0.6908915885829118,0.6656756885872663,0.010345784513594917,1.9458926411636943
0.75,0.2,1.2,0.04,0.6,0.38,0.5,0.5551839464882943,0.5610201665725745,0.7988668555240793,0.49034749034749037,0.39384615384615385,0.4635036496350365,0.5204918032786885,0.1557377049180328,0.3237704918032787,488,18,0,0.05314131805678332,0.13016743001809641,0.15907593175691317,0.4086202698128262,0.6908915885829118,0.6656756885872663,0.010345784513594917,1.9470015389977502
0.75,0.2,1.2,0.12,0.6,0.38,0.5,0.5551839464882943,0.5610201665725745,0.7988668555240793,0.49034749034749037,0.39384615384615385,0.4635036496350365,0.5204918032786885,0.1557377049180328,0.3237704918032787,488,18,0,0.05314131805678332,0.13016743001809641,0.15907593175691317,0.4086202698128262,0.6908915885829118,0.6656756885872663,0.010345784513594917,1.9470015389977502
0.75,0.2,1.2,0.08,0.6,0.38,0.5,0.5551839464882943,0.5610201665725745,0.7988668555240793,0.49034749034749037,0.39384615384615385,0.4635036496350365,0.5204918032786885,0.1557377049180328,0.3237704918032787,488,18,0,0.05314131805678332,0.13016743001809641,0.15907593175691317,0.4086202698128262,0.6908915885829118,0.6656756885872663,0.010345784513594917,1.9470015389977502
0.65,0.1,1.2,0.08,0.6,0.38,0.25,0.5317725752508361,0.5227236974595232,0.7961165048543689,0.49171270718232046,0.28034188034188035,0.44648829431438125,0.5471311475409836,0.1680327868852459,0.2848360655737705,488,19,0,0.0527645476243065,0.13016743001809641,0.15907593175691317,0.4086202698128262,0.6908915885829118,0.6656756885872663,0.010345784513594917,1.9488733137744891
0.65,0.1,1.2,0.12,0.6,0.38,0.25,0.5317725752508361,0.5227236974595232,0.7961165048543689,0.49171270718232046,0.28034188034188035,0.44648829431438125,0.5471311475409836,0.1680327868852459,0.2848360655737705,488,19,0,0.0527645476243065,0.13016743001809641,0.15907593175691317,0.4086202698128262,0.6908915885829118,0.6656756885872663,0.010345784513594917,1.9488733137744891
0.65,0.1,1.2,0.04,0.6,0.38,0.25,0.5317725752508361,0.5227236974595232,0.7961165048543689,0.49171270718232046,0.28034188034188035,0.44648829431438125,0.5471311475409836,0.1680327868852459,0.2848360655737705,488,19,0,0.0527645476243065,0.13016743001809641,0.15907593175691317,0.4086202698128262,0.6908915885829118,0.6656756885872663,0.010345784513594917,1.9488733137744891
0.75,0.2,1.2,0.12,0.66,0.38,0.25,0.5384615384615384,0.5325300417014622,0.790633608815427,0.4920486435921422,0.3149078726968174,0.45266781411359724,0.5389344262295082,0.1762295081967213,0.2848360655737705,488,19,0,0.05237213310122744,0.13016743001809641,0.15907593175691317,0.4086202698128262,0.6908915885829118,0.6656756885872663,0.010345784513594917,1.949591121075946
0.75,0.2,1.2,0.08,0.66,0.38,0.25,0.5384615384615384,0.5325300417014622,0.790633608815427,0.4920486435921422,0.3149078726968174,0.45266781411359724,0.5389344262295082,0.1762295081967213,0.2848360655737705,488,19,0,0.05237213310122744,0.13016743001809641,0.15907593175691317,0.4086202698128262,0.6908915885829118,0.6656756885872663,0.010345784513594917,1.949591121075946
0.75,0.2,1.2,0.04,0.66,0.38,0.25,0.5384615384615384,0.5325300417014622,0.790633608815427,0.4920486435921422,0.3149078726968174,0.45266781411359724,0.5389344262295082,0.1762295081967213,0.2848360655737705,488,19,0,0.05237213310122744,0.13016743001809641,0.15907593175691317,0.4086202698128262,0.6908915885829118,0.6656756885872663,0.010345784513594917,1.949591121075946
0.75,0.2,1.0,0.12,0.72,0.38,0.25,0.5317725752508361,0.5202408677122471,0.7868852459016393,0.4930747922437673,0.2807625649913345,0.44873949579831934,0.5471311475409836,0.18237704918032788,0.27049180327868855,488,17,0,0.0544002050992429,0.13016743001809641,0.15907593175691317,0.4086202698128262,0.6908915885829118,0.6656756885872663,0.010345784513594917,1.949921717292257
0.75,0.2,1.0,0.08,0.72,0.38,0.25,0.5317725752508361,0.5202408677122471,0.7868852459016393,0.4930747922437673,0.2807625649913345,0.44873949579831934,0.5471311475409836,0.18237704918032788,0.27049180327868855,488,17,0,0.0544002050992429,0.13016743001809641,0.15907593175691317,0.4086202698128262,0.6908915885829118,0.6656756885872663,0.010345784513594917,1.949921717292257
0.75,0.2,1.0,0.04,0.72,0.38,0.25,0.5317725752508361,0.5202408677122471,0.7868852459016393,0.4930747922437673,0.2807625649913345,0.44873949579831934,0.5471311475409836,0.18237704918032788,0.27049180327868855,488,17,0,0.0544002050992429,0.13016743001809641,0.15907593175691317,0.4086202698128262,0.6908915885829118,0.6656756885872663,0.010345784513594917,1.949921717292257
0.75,0.1,1.0,0.12,0.72,0.34,0.25,0.5292642140468228,0.5169084773902879,0.7863013698630137,0.49264705882352944,0.27177700348432055,0.44666666666666666,0.5491803278688525,0.18032786885245902,0.27049180327868855,488,17,0,0.055059677273122075,0.13016743001809641,0.15907593175691317,0.4086202698128262,0.6908915885829118,0.6656756885872663,0.010345784513594917,1.9514591901297047
0.75,0.1,1.0,0.04,0.72,0.34,0.25,0.5292642140468228,0.5169084773902879,0.7863013698630137,0.49264705882352944,0.27177700348432055,0.44666666666666666,0.5491803278688525,0.18032786885245902,0.27049180327868855,488,17,0,0.055059677273122075,0.13016743001809641,0.15907593175691317,0.4086202698128262,0.6908915885829118,0.6656756885872663,0.010345784513594917,1.9514591901297047
0.75,0.1,1.0,0.08,0.72,0.34,0.25,0.5292642140468228,0.5169084773902879,0.7863013698630137,0.49264705882352944,0.27177700348432055,0.44666666666666666,0.5491803278688525,0.18032786885245902,0.27049180327868855,488,17,0,0.055059677273122075,0.13016743001809641,0.15907593175691317,0.4086202698128262,0.6908915885829118,0.6656756885872663,0.010345784513594917,1.9514591901297047
0.75,0.1,1.2,0.08,0.66,0.34,0.25,0.5384615384615384,0.5333513263155217,0.7928176795580111,0.49109653233364575,0.3161397670549085,0.4525043177892919,0.5368852459016393,0.1721311475409836,0.29098360655737704,488,19,0,0.053193140469029114,0.13016743001809641,0.15907593175691317,0.4086202698128262,0.6908915885829118,0.6656756885872663,0.010345784513594917,1.9536878692487718
0.75,0.1,1.2,0.12,0.66,0.34,0.25,0.5384615384615384,0.5333513263155217,0.7928176795580111,0.49109653233364575,0.3161397670549085,0.4525043177892919,0.5368852459016393,0.1721311475409836,0.29098360655737704,488,19,0,0.053193140469029114,0.13016743001809641,0.15907593175691317,0.4086202698128262,0.6908915885829118,0.6656756885872663,0.010345784513594917,1.9536878692487718
0.75,0.1,1.2,0.04,0.66,0.34,0.25,0.5384615384615384,0.5333513263155217,0.7928176795580111,0.49109653233364575,0.3161397670549085,0.4525043177892919,0.5368852459016393,0.1721311475409836,0.29098360655737704,488,19,0,0.053193140469029114,0.13016743001809641,0.15907593175691317,0.4086202698128262,0.6908915885829118,0.6656756885872663,0.010345784513594917,1.9536878692487718
0.75,0.3,1.2,0.12,0.6,0.34,0.25,0.5560200668896321,0.5590184082048184,0.7939142461964038,0.49122807017543857,0.39191290824261277,0.4684014869888476,0.5163934426229508,0.17008196721311475,0.3135245901639344,488,17,0,0.051602980797290664,0.13016743001809641,0.15907593175691317,0.4086202698128262,0.6908915885829118,0.6656756885872663,0.010345784513594917,1.955749144177283
0.75,0.3,1.2,0.04,0.6,0.34,0.25,0.5560200668896321,0.5590184082048184,0.7939142461964038,0.49122807017543857,0.39191290824261277,0.4684014869888476,0.5163934426229508,0.17008196721311475,0.3135245901639344,488,17,0,0.051602980797290664,0.13016743001809641,0.15907593175691317,0.4086202698128262,0.6908915885829118,0.6656756885872663,0.010345784513594917,1.955749144177283
0.75,0.3,1.2,0.08,0.6,0.34,0.25,0.5560200668896321,0.5590184082048184,0.7939142461964038,0.49122807017543857,0.39191290824261277,0.4684014869888476,0.5163934426229508,0.17008196721311475,0.3135245901639344,488,17,0,0.051602980797290664,0.13016743001809641,0.15907593175691317,0.4086202698128262,0.6908915885829118,0.6656756885872663,0.010345784513594917,1.955749144177283
0.65,0.2,1.0,0.04,0.6,0.38,0.25,0.5367892976588629,0.5313639941328206,0.7939142461964038,0.490177736202058,0.31,0.4509466437177281,0.5368852459016393,0.17008196721311475,0.2930327868852459,488,19,0,0.053794364971799354,0.13016743001809641,0.15907593175691317,0.4086202698128262,0.6908915885829118,0.6656756885872663,0.010345784513594917,1.9575523602669354
0.65,0.2,1.0,0.12,0.6,0.38,0.25,0.5367892976588629,0.5313639941328206,0.7939142461964038,0.490177736202058,0.31,0.4509466437177281,0.5368852459016393,0.17008196721311475,0.2930327868852459,488,19,0,0.053794364971799354,0.13016743001809641,0.15907593175691317,0.4086202698128262,0.6908915885829118,0.6656756885872663,0.010345784513594917,1.9575523602669354
0.65,0.2,1.0,0.08,0.6,0.38,0.25,0.5367892976588629,0.5313639941328206,0.7939142461964038,0.490177736202058,0.31,0.4509466437177281,0.5368852459016393,0.17008196721311475,0.2930327868852459,488,19,0,0.053794364971799354,0.13016743001809641,0.15907593175691317,0.4086202698128262,0.6908915885829118,0.6656756885872663,0.010345784513594917,1.9575523602669354
0.75,0.2,1.2,0.08,0.6,0.42,0.5,0.5535117056856187,0.5592945964961832,0.7966101694915254,0.4874274661508704,0.39384615384615385,0.46153846153846156,0.5163934426229508,0.1598360655737705,0.3237704918032787,488,17,0,0.05334141547015947,0.13016743001809641,0.15907593175691317,0.4086202698128262,0.6908915885829118,0.6656756885872663,0.010345784513594917,1.9590059072538661
0.75,0.2,1.2,0.04,0.6,0.42,0.5,0.5535117056856187,0.5592945964961832,0.7966101694915254,0.4874274661508704,0.39384615384615385,0.46153846153846156,0.5163934426229508,0.1598360655737705,0.3237704918032787,488,17,0,0.05334141547015947,0.13016743001809641,0.15907593175691317,0.4086202698128262,0.6908915885829118,0.6656756885872663,0.010345784513594917,1.9590059072538661
0.75,0.2,1.2,0.12,0.6,0.42,0.5,0.5535117056856187,0.5592945964961832,0.7966101694915254,0.4874274661508704,0.39384615384615385,0.46153846153846156,0.5163934426229508,0.1598360655737705,0.3237704918032787,488,17,0,0.05334141547015947,0.13016743001809641,0.15907593175691317,0.4086202698128262,0.6908915885829118,0.6656756885872663,0.010345784513594917,1.9590059072538661
0.75,0.2,1.0,0.04,0.72,0.42,0.25,0.5309364548494984,0.5192992878517348,0.7863945578231293,0.49074074074074076,0.2807625649913345,0.44763513513513514,0.5430327868852459,0.1864754098360656,0.27049180327868855,488,17,0,0.05451281401076401,0.13016743001809641,0.15907593175691317,0.4086202698128262,0.6908915885829118,0.6656756885872663,0.010345784513594917,1.960305974931156
0.75,0.2,1.0,0.08,0.72,0.42,0.25,0.5309364548494984,0.5192992878517348,0.7863945578231293,0.49074074074074076,0.2807625649913345,0.44763513513513514,0.5430327868852459,0.1864754098360656,0.27049180327868855,488,17,0,0.05451281401076401,0.13016743001809641,0.15907593175691317,0.4086202698128262,0.6908915885829118,0.6656756885872663,0.010345784513594917,1.960305974931156
0.75,0.2,1.0,0.12,0.72,0.42,0.25,0.5309364548494984,0.5192992878517348,0.7863945578231293,0.49074074074074076,0.2807625649913345,0.44763513513513514,0.5430327868852459,0.1864754098360656,0.27049180327868855,488,17,0,0.05451281401076401,0.13016743001809641,0.15907593175691317,0.4086202698128262,0.6908915885829118,0.6656756885872663,0.010345784513594917,1.960305974931156
0.65,0.1,1.2,0.12,0.6,0.42,0.25,0.5301003344481605,0.5208469693356671,0.7928176795580111,0.48938134810710987,0.28034188034188035,0.44537815126050423,0.5430327868852459,0.1721311475409836,0.2848360655737705,488,19,0,0.05288843012376619,0.13016743001809641,0.15907593175691317,0.4086202698128262,0.6908915885829118,0.6656756885872663,0.010345784513594917,1.96102884007807
0.65,0.1,1.2,0.04,0.6,0.42,0.25,0.5301003344481605,0.5208469693356671,0.7928176795580111,0.48938134810710987,0.28034188034188035,0.44537815126050423,0.5430327868852459,0.1721311475409836,0.2848360655737705,488,19,0,0.05288843012376619,0.13016743001809641,0.15907593175691317,0.4086202698128262,0.6908915885829118,0.6656756885872663,0.010345784513594917,1.96102884007807
0.65,0.1,1.2,0.08,0.6,0.42,0.25,0.5301003344481605,0.5208469693356671,0.7928176795580111,0.48938134810710987,0.28034188034188035,0.44537815126050423,0.5430327868852459,0.1721311475409836,0.2848360655737705,488,19,0,0.05288843012376619,0.13016743001809641,0.15907593175691317,0.4086202698128262,0.6908915885829118,0.6656756885872663,0.010345784513594917,1.96102884007807
0.75,0.1,1.0,0.12,0.72,0.38,0.25,0.5284280936454849,0.5159704389117372,0.7858117326057299,0.49032258064516127,0.27177700348432055,0.4455611390284757,0.5450819672131147,0.18442622950819673,0.27049180327868855,488,17,0,0.05534021682114591,0.13016743001809641,0.15907593175691317,0.4086202698128262,0.6908915885829118,0.6656756885872663,0.010345784513594917,1.9618399063866425
0.75,0.1,1.0,0.04,0.72,0.38,0.25,0.5284280936454849,0.5159704389117372,0.7858117326057299,0.49032258064516127,0.27177700348432055,0.4455611390284757,0.5450819672131147,0.18442622950819673,0.27049180327868855,488,17,0,0.05534021682114591,0.13016743001809641,0.15907593175691317,0.4086202698128262,0.6908915885829118,0.6656756885872663,0.010345784513594917,1.9618399063866425
0.75,0.1,1.0,0.08,0.72,0.38,0.25,0.5284280936454849,0.5159704389117372,0.7858117326057299,0.49032258064516127,0.27177700348432055,0.4455611390284757,0.5450819672131147,0.18442622950819673,0.27049180327868855,488,17,0,0.05534021682114591,0.13016743001809641,0.15907593175691317,0.4086202698128262,0.6908915885829118,0.6656756885872663,0.010345784513594917,1.9618399063866425
0.65,0.2,1.0,0.12,0.6,0.42,0.25,0.5359531772575251,0.5305272415006105,0.7928176795580111,0.4887640449438202,0.31,0.45,0.5348360655737705,0.1721311475409836,0.2930327868852459,488,19,0,0.05390727340262068,0.13016743001809641,0.15907593175691317,0.4086202698128262,0.6908915885829118,0.6656756885872663,0.010345784513594917,1.9635285119890078
0.65,0.2,1.0,0.08,0.6,0.42,0.25,0.5359531772575251,0.5305272415006105,0.7928176795580111,0.4887640449438202,0.31,0.45,0.5348360655737705,0.1721311475409836,0.2930327868852459,488,19,0,0.05390727340262068,0.13016743001809641,0.15907593175691317,0.4086202698128262,0.6908915885829118,0.6656756885872663,0.010345784513594917,1.9635285119890078
0.65,0.2,1.0,0.04,0.6,0.42,0.25,0.5359531772575251,0.5305272415006105,0.7928176795580111,0.4887640449438202,0.31,0.45,0.5348360655737705,0.1721311475409836,0.2930327868852459,488,19,0,0.05390727340262068,0.13016743001809641,0.15907593175691317,0.4086202698128262,0.6908915885829118,0.6656756885872663,0.010345784513594917,1.9635285119890078
0.65,0.1,1.0,0.08,0.6,0.34,0.25,0.5409698996655519,0.5391654641654641,0.7944444444444444,0.48863636363636365,0.3344155844155844,0.45422535211267606,0.5286885245901639,0.16598360655737704,0.305327868852459,488,19,0,0.05510536455971596,0.13016743001809641,0.15907593175691317,0.4086202698128262,0.6908915885829118,0.6656756885872663,0.010345784513594917,1.9640129111784226
0.65,0.1,1.0,0.04,0.6,0.34,0.25,0.5409698996655519,0.5391654641654641,0.7944444444444444,0.48863636363636365,0.3344155844155844,0.45422535211267606,0.5286885245901639,0.16598360655737704,0.305327868852459,488,19,0,0.05510536455971596,0.13016743001809641,0.15907593175691317,0.4086202698128262,0.6908915885829118,0.6656756885872663,0.010345784513594917,1.9640129111784226
0.65,0.1,1.0,0.12,0.6,0.34,0.25,0.5409698996655519,0.5391654641654641,0.7944444444444444,0.48863636363636365,0.3344155844155844,0.45422535211267606,0.5286885245901639,0.16598360655737704,0.305327868852459,488,19,0,0.05510536455971596,0.13016743001809641,0.15907593175691317,0.4086202698128262,0.6908915885829118,0.6656756885872663,0.010345784513594917,1.9640129111784226
0.75,0.1,1.0,0.08,0.72,0.42,0.25,0.5284280936454849,0.5158509698048532,0.7863945578231293,0.48938134810710987,0.27177700348432055,0.44537815126050423,0.5430327868852459,0.1864754098360656,0.27049180327868855,488,17,0,0.05547147779124992,0.13016743001809641,0.15907593175691317,0.4086202698128262,0.6908915885829118,0.6656756885872663,0.010345784513594917,1.9662626541820512
0.75,0.1,1.0,0.04,0.72,0.42,0.25,0.5284280936454849,0.5158509698048532,0.7863945578231293,0.48938134810710987,0.27177700348432055,0.44537815126050423,0.5430327868852459,0.1864754098360656,0.27049180327868855,488,17,0,0.05547147779124992,0.13016743001809641,0.15907593175691317,0.4086202698128262,0.6908915885829118,0.6656756885872663,0.010345784513594917,1.9662626541820512
0.75,0.1,1.0,0.12,0.72,0.42,0.25,0.5284280936454849,0.5158509698048532,0.7863945578231293,0.48938134810710987,0.27177700348432055,0.44537815126050423,0.5430327868852459,0.1864754098360656,0.27049180327868855,488,17,0,0.05547147779124992,0.13016743001809641,0.15907593175691317,0.4086202698128262,0.6908915885829118,0.6656756885872663,0.010345784513594917,1.9662626541820512
0.75,0.3,1.2,0.04,0.6,0.38,0.25,0.5543478260869565,0.5573060987245491,0.7917241379310345,0.48828125,0.39191290824261277,0.4664179104477612,0.5122950819672131,0.17418032786885246,0.3135245901639344,488,17,0,0.05179313226042853,0.13016743001809641,0.15907593175691317,0.4086202698128262,0.6908915885829118,0.6656756885872663,0.010345784513594917,1.967740251837277
0.75,0.3,1.2,0.12,0.6,0.38,0.25,0.5543478260869565,0.5573060987245491,0.7917241379310345,0.48828125,0.39191290824261277,0.4664179104477612,0.5122950819672131,0.17418032786885246,0.3135245901639344,488,17,0,0.05179313226042853,0.13016743001809641,0.15907593175691317,0.4086202698128262,0.6908915885829118,0.6656756885872663,0.010345784513594917,1.967740251837277
0.75,0.3,1.2,0.08,0.6,0.38,0.25,0.5543478260869565,0.5573060987245491,0.7917241379310345,0.48828125,0.39191290824261277,0.4664179104477612,0.5122950819672131,0.17418032786885246,0.3135245901639344,488,17,0,0.05179313226042853,0.13016743001809641,0.15907593175691317,0.4086202698128262,0.6908915885829118,0.6656756885872663,0.010345784513594917,1.967740251837277
0.75,0.3,1.0,0.12,0.66,0.34,0.25,0.552675585284281,0.5546331947187527,0.7873799725651578,0.4878048780487805,0.3887147335423197,0.4655493482309125,0.5122950819672131,0.18032786885245902,0.3073770491803279,488,17,0,0.0540989157134461,0.13016743001809641,0.15907593175691317,0.4086202698128262,0.6908915885829118,0.6656756885872663,0.010345784513594917,1.9714706425473887
0.75,0.3,1.0,0.08,0.66,0.34,0.25,0.552675585284281,0.5546331947187527,0.7873799725651578,0.4878048780487805,0.3887147335423197,0.4655493482309125,0.5122950819672131,0.18032786885245902,0.3073770491803279,488,17,0,0.0540989157134461,0.13016743001809641,0.15907593175691317,0.4086202698128262,0.6908915885829118,0.6656756885872663,0.010345784513594917,1.9714706425473887
0.75,0.3,1.0,0.04,0.66,0.34,0.25,0.552675585284281,0.5546331947187527,0.7873799725651578,0.4878048780487805,0.3887147335423197,0.4655493482309125,0.5122950819672131,0.18032786885245902,0.3073770491803279,488,17,0,0.0540989157134461,0.13016743001809641,0.15907593175691317,0.4086202698128262,0.6908915885829118,0.6656756885872663,0.010345784513594917,1.9714706425473887
0.75,0.2,1.2,0.08,0.66,0.42,0.25,0.5359531772575251,0.529697737557278,0.7868852459016393,0.4873000940733772,0.3149078726968174,0.4504347826086956,0.5307377049180327,0.18442622950819673,0.2848360655737705,488,19,0,0.052470583429680695,0.13016743001809641,0.15907593175691317,0.4086202698128262,0.6908915885829118,0.6656756885872663,0.010345784513594917,1.972144901178242
0.75,0.2,1.2,0.04,0.66,0.42,0.25,0.5359531772575251,0.529697737557278,0.7868852459016393,0.4873000940733772,0.3149078726968174,0.4504347826086956,0.5307377049180327,0.18442622950819673,0.2848360655737705,488,19,0,0.052470583429680695,0.13016743001809641,0.15907593175691317,0.4086202698128262,0.6908915885829118,0.6656756885872663,0.010345784513594917,1.972144901178242
0.75,0.2,1.2,0.12,0.66,0.42,0.25,0.5359531772575251,0.529697737557278,0.7868852459016393,0.4873000940733772,0.3149078726968174,0.4504347826086956,0.5307377049180327,0.18442622950819673,0.2848360655737705,488,19,0,0.052470583429680695,0.13016743001809641,0.15907593175691317,0.4086202698128262,0.6908915885829118,0.6656756885872663,0.010345784513594917,1.972144901178242
0.75,0.1,1.2,0.12,0.6,0.34,0.5,0.5510033444816054,0.557577579449132,0.7988668555240793,0.4830261881668283,0.39083969465648855,0.4585635359116022,0.5102459016393442,0.1557377049180328,0.33401639344262296,488,18,0,0.05379789371205061,0.13016743001809641,0.15907593175691317,0.4086202698128262,0.6908915885829118,0.6656756885872663,0.010345784513594917,1.9771657117344388
0.75,0.1,1.2,0.08,0.6,0.34,0.5,0.5510033444816054,0.557577579449132,0.7988668555240793,0.4830261881668283,0.39083969465648855,0.4585635359116022,0.5102459016393442,0.1557377049180328,0.33401639344262296,488,18,0,0.05379789371205061,0.13016743001809641,0.15907593175691317,0.4086202698128262,0.6908915885829118,0.6656756885872663,0.010345784513594917,1.9771657117344388
0.75,0.1,1.2,0.04,0.6,0.34,0.5,0.5510033444816054,0.557577579449132,0.7988668555240793,0.4830261881668283,0.39083969465648855,0.4585635359116022,0.5102459016393442,0.1557377049180328,0.33401639344262296,488,18,0,0.05379789371205061,0.13016743001809641,0.15907593175691317,0.4086202698128262,0.6908915885829118,0.6656756885872663,0.010345784513594917,1.9771657117344388
0.75,0.2,1.0,0.12,0.66,0.34,0.25,0.5518394648829431,0.5539381712801961,0.7873799725651578,0.486328125,0.38810641627543035,0.46455223880597013,0.5102459016393442,0.18032786885245902,0.3094262295081967,488,17,0,0.05512651052881036,0.13016743001809641,0.15907593175691317,0.4086202698128262,0.6908915885829118,0.6656756885872663,0.010345784513594917,1.9775099831085945
0.75,0.2,1.0,0.08,0.66,0.34,0.25,0.5518394648829431,0.5539381712801961,0.7873799725651578,0.486328125,0.38810641627543035,0.46455223880597013,0.5102459016393442,0.18032786885245902,0.3094262295081967,488,17,0,0.05512651052881036,0.13016743001809641,0.15907593175691317,0.4086202698128262,0.6908915885829118,0.6656756885872663,0.010345784513594917,1.9775099831085945
0.75,0.2,1.0,0.04,0.66,0.34,0.25,0.5518394648829431,0.5539381712801961,0.7873799725651578,0.486328125,0.38810641627543035,0.46455223880597013,0.5102459016393442,0.18032786885245902,0.3094262295081967,488,17,0,0.05512651052881036,0.13016743001809641,0.15907593175691317,0.4086202698128262,0.6908915885829118,0.6656756885872663,0.010345784513594917,1.9775099831085945
0.75,0.3,1.0,0.04,0.66,0.38,0.25,0.5518394648829431,0.5535813235993859,0.7852257181942545,0.4868035190615836,0.3887147335423197,0.4654205607476635,0.5102459016393442,0.18237704918032788,0.3073770491803279,488,17,0,0.05431037312254505,0.13016743001809641,0.15907593175691317,0.4086202698128262,0.6908915885829118,0.6656756885872663,0.010345784513594917,1.9776619127566177
0.75,0.3,1.0,0.12,0.66,0.38,0.25,0.5518394648829431,0.5535813235993859,0.7852257181942545,0.4868035190615836,0.3887147335423197,0.4654205607476635,0.5102459016393442,0.18237704918032788,0.3073770491803279,488,17,0,0.05431037312254505,0.13016743001809641,0.15907593175691317,0.4086202698128262,0.6908915885829118,0.6656756885872663,0.010345784513594917,1.9776619127566177
0.75,0.3,1.0,0.08,0.66,0.38,0.25,0.5518394648829431,0.5535813235993859,0.7852257181942545,0.4868035190615836,0.3887147335423197,0.4654205607476635,0.5102459016393442,0.18237704918032788,0.3073770491803279,488,17,0,0.05431037312254505,0.13016743001809641,0.15907593175691317,0.4086202698128262,0.6908915885829118,0.6656756885872663,0.010345784513594917,1.9776619127566177
0.75,0.3,1.0,0.12,0.66,0.42,0.25,0.552675585284281,0.5541517278002458,0.7874659400544959,0.48627450980392156,0.3887147335423197,0.46616541353383456,0.5081967213114754,0.18442622950819673,0.3073770491803279,488,17,0,0.05440001242176774,0.13016743001809641,0.15907593175691317,0.4086202698128262,0.6908915885829118,0.6656756885872663,0.010345784513594917,1.9805586668429445
0.75,0.3,1.0,0.04,0.66,0.42,0.25,0.552675585284281,0.5541517278002458,0.7874659400544959,0.48627450980392156,0.3887147335423197,0.46616541353383456,0.5081967213114754,0.18442622950819673,0.3073770491803279,488,17,0,0.05440001242176774,0.13016743001809641,0.15907593175691317,0.4086202698128262,0.6908915885829118,0.6656756885872663,0.010345784513594917,1.9805586668429445
0.75,0.3,1.0,0.08,0.66,0.42,0.25,0.552675585284281,0.5541517278002458,0.7874659400544959,0.48627450980392156,0.3887147335423197,0.46616541353383456,0.5081967213114754,0.18442622950819673,0.3073770491803279,488,17,0,0.05440001242176774,0.13016743001809641,0.15907593175691317,0.4086202698128262,0.6908915885829118,0.6656756885872663,0.010345784513594917,1.9805586668429445
0.65,0.1,1.0,0.12,0.6,0.38,0.25,0.5392976588628763,0.5371306210549625,0.7917241379310345,0.48525214081826834,0.3344155844155844,0.45293072824156305,0.5225409836065574,0.1721311475409836,0.305327868852459,488,19,0,0.05542277575921215,0.13016743001809641,0.15907593175691317,0.4086202698128262,0.6908915885829118,0.6656756885872663,0.010345784513594917,1.9806298311571737
0.65,0.1,1.0,0.04,0.6,0.38,0.25,0.5392976588628763,0.5371306210549625,0.7917241379310345,0.48525214081826834,0.3344155844155844,0.45293072824156305,0.5225409836065574,0.1721311475409836,0.305327868852459,488,19,0,0.05542277575921215,0.13016743001809641,0.15907593175691317,0.4086202698128262,0.6908915885829118,0.6656756885872663,0.010345784513594917,1.9806298311571737
0.65,0.1,1.0,0.08,0.6,0.38,0.25,0.5392976588628763,0.5371306210549625,0.7917241379310345,0.48525214081826834,0.3344155844155844,0.45293072824156305,0.5225409836065574,0.1721311475409836,0.305327868852459,488,19,0,0.05542277575921215,0.13016743001809641,0.15907593175691317,0.4086202698128262,0.6908915885829118,0.6656756885872663,0.010345784513594917,1.9806298311571737
0.75,0.2,1.0,0.12,0.66,0.38,0.25,0.5518394648829431,0.5535966330665322,0.7868852459016393,0.48579823702252695,0.38810641627543035,0.4652908067542214,0.5081967213114754,0.18237704918032788,0.3094262295081967,488,17,0,0.05536930706684166,0.13016743001809641,0.15907593175691317,0.4086202698128262,0.6908915885829118,0.6656756885872663,0.010345784513594917,1.982154800010783
0.75,0.2,1.0,0.04,0.66,0.38,0.25,0.5518394648829431,0.5535966330665322,0.7868852459016393,0.48579823702252695,0.38810641627543035,0.4652908067542214,0.5081967213114754,0.18237704918032788,0.3094262295081967,488,17,0,0.05536930706684166,0.13016743001809641,0.15907593175691317,0.4086202698128262,0.6908915885829118,0.6656756885872663,0.010345784513594917,1.982154800010783
0.75,0.2,1.0,0.08,0.66,0.38,0.25,0.5518394648829431,0.5535966330665322,0.7868852459016393,0.48579823702252695,0.38810641627543035,0.4652908067542214,0.5081967213114754,0.18237704918032788,0.3094262295081967,488,17,0,0.05536930706684166,0.13016743001809641,0.15907593175691317,0.4086202698128262,0.6908915885829118,0.6656756885872663,0.010345784513594917,1.982154800010783
0.75,0.1,1.0,0.12,0.66,0.34,0.25,0.5510033444816054,0.5530414220482713,0.7863013698630137,0.48532289628180036,0.3875,0.46441947565543074,0.5081967213114754,0.18032786885245902,0.3114754098360656,488,17,0,0.05615871079577103,0.13016743001809641,0.15907593175691317,0.4086202698128262,0.6908915885829118,0.6656756885872663,0.010345784513594917,1.9837510494631685
0.75,0.1,1.0,0.08,0.66,0.34,0.25,0.5510033444816054,0.5530414220482713,0.7863013698630137,0.48532289628180036,0.3875,0.46441947565543074,0.5081967213114754,0.18032786885245902,0.3114754098360656,488,17,0,0.05615871079577103,0.13016743001809641,0.15907593175691317,0.4086202698128262,0.6908915885829118,0.6656756885872663,0.010345784513594917,1.9837510494631685
0.75,0.1,1.0,0.04,0.66,0.34,0.25,0.5510033444816054,0.5530414220482713,0.7863013698630137,0.48532289628180036,0.3875,0.46441947565543074,0.5081967213114754,0.18032786885245902,0.3114754098360656,488,17,0,0.05615871079577103,0.13016743001809641,0.15907593175691317,0.4086202698128262,0.6908915885829118,0.6656756885872663,0.010345784513594917,1.9837510494631685
0.75,0.3,1.2,0.04,0.6,0.42,0.25,0.552675585284281,0.5554500301743107,0.7901234567901234,0.4843137254901961,0.39191290824261277,0.4642857142857143,0.5061475409836066,0.18032786885245902,0.3135245901639344,488,17,0,0.05187026443249791,0.13016743001809641,0.15907593175691317,0.4086202698128262,0.6908915885829118,0.6656756885872663,0.010345784513594917,1.9841783972557647
0.75,0.3,1.2,0.08,0.6,0.42,0.25,0.552675585284281,0.5554500301743107,0.7901234567901234,0.4843137254901961,0.39191290824261277,0.4642857142857143,0.5061475409836066,0.18032786885245902,0.3135245901639344,488,17,0,0.05187026443249791,0.13016743001809641,0.15907593175691317,0.4086202698128262,0.6908915885829118,0.6656756885872663,0.010345784513594917,1.9841783972557647
0.75,0.3,1.2,0.12,0.6,0.42,0.25,0.552675585284281,0.5554500301743107,0.7901234567901234,0.4843137254901961,0.39191290824261277,0.4642857142857143,0.5061475409836066,0.18032786885245902,0.3135245901639344,488,17,0,0.05187026443249791,0.13016743001809641,0.15907593175691317,0.4086202698128262,0.6908915885829118,0.6656756885872663,0.010345784513594917,1.9841783972557647
0.75,0.1,1.2,0.12,0.6,0.38,0.5,0.5501672240802675,0.5565639723518496,0.7983074753173484,0.4805447470817121,0.39083969465648855,0.45740740740740743,0.5061475409836066,0.1598360655737705,0.33401639344262296,488,17,0,0.054225023676904544,0.13016743001809641,0.15907593175691317,0.4086202698128262,0.6908915885829118,0.6656756885872663,0.010345784513594917,1.9876219966101083
0.75,0.1,1.2,0.08,0.6,0.38,0.5,0.5501672240802675,0.5565639723518496,0.7983074753173484,0.4805447470817121,0.39083969465648855,0.45740740740740743,0.5061475409836066,0.1598360655737705,0.33401639344262296,488,17,0,0.054225023676904544,0.13016743001809641,0.15907593175691317,0.4086202698128262,0.6908915885829118,0.6656756885872663,0.010345784513594917,1.9876219966101083
0.75,0.1,1.2,0.04,0.6,0.38,0.5,0.5501672240802675,0.5565639723518496,0.7983074753173484,0.4805447470817121,0.39083969465648855,0.45740740740740743,0.5061475409836066,0.1598360655737705,0.33401639344262296,488,17,0,0.054225023676904544,0.13016743001809641,0.15907593175691317,0.4086202698128262,0.6908915885829118,0.6656756885872663,0.010345784513594917,1.9876219966101083
0.75,0.1,1.2,0.12,0.6,0.42,0.5,0.5501672240802675,0.5561276869358165,0.7960618846694796,0.48148148148148145,0.39083969465648855,0.4591078066914498,0.5061475409836066,0.1598360655737705,0.33401639344262296,488,17,0,0.05444403238249675,0.13016743001809641,0.15907593175691317,0.4086202698128262,0.6908915885829118,0.6656756885872663,0.010345784513594917,1.9880582820261414
0.75,0.1,1.2,0.08,0.6,0.42,0.5,0.5501672240802675,0.5561276869358165,0.7960618846694796,0.48148148148148145,0.39083969465648855,0.4591078066914498,0.5061475409836066,0.1598360655737705,0.33401639344262296,488,17,0,0.05444403238249675,0.13016743001809641,0.15907593175691317,0.4086202698128262,0.6908915885829118,0.6656756885872663,0.010345784513594917,1.9880582820261414
0.75,0.1,1.2,0.04,0.6,0.42,0.5,0.5501672240802675,0.5561276869358165,0.7960618846694796,0.48148148148148145,0.39083969465648855,0.4591078066914498,0.5061475409836066,0.1598360655737705,0.33401639344262296,488,17,0,0.05444403238249675,0.13016743001809641,0.15907593175691317,0.4086202698128262,0.6908915885829118,0.6656756885872663,0.010345784513594917,1.9880582820261414
0.75,0.1,1.2,0.04,0.66,0.42,0.25,0.5342809364548495,0.5286278155768606,0.7858117326057299,0.4839319470699433,0.3161397670549085,0.44912280701754387,0.5245901639344263,0.18442622950819673,0.29098360655737704,488,19,0,0.05356468451789238,0.13016743001809641,0.15907593175691317,0.4086202698128262,0.6908915885829118,0.6656756885872663,0.010345784513594917,1.9884116541252692
0.75,0.1,1.2,0.08,0.66,0.42,0.25,0.5342809364548495,0.5286278155768606,0.7858117326057299,0.4839319470699433,0.3161397670549085,0.44912280701754387,0.5245901639344263,0.18442622950819673,0.29098360655737704,488,19,0,0.05356468451789238,0.13016743001809641,0.15907593175691317,0.4086202698128262,0.6908915885829118,0.6656756885872663,0.010345784513594917,1.9884116541252692
0.75,0.1,1.2,0.12,0.66,0.42,0.25,0.5342809364548495,0.5286278155768606,0.7858117326057299,0.4839319470699433,0.3161397670549085,0.44912280701754387,0.5245901639344263,0.18442622950819673,0.29098360655737704,488,19,0,0.05356468451789238,0.13016743001809641,0.15907593175691317,0.4086202698128262,0.6908915885829118,0.6656756885872663,0.010345784513594917,1.9884116541252692
0.75,0.1,1.2,0.12,0.66,0.38,0.25,0.5334448160535117,0.5281281177245637,0.7852257181942545,0.4830188679245283,0.3161397670549085,0.44755244755244755,0.5245901639344263,0.18442622950819673,0.29098360655737704,488,19,0,0.05344959288901253,0.13016743001809641,0.15907593175691317,0.4086202698128262,0.6908915885829118,0.6656756885872663,0.010345784513594917,1.989747472378904
0.75,0.1,1.2,0.08,0.66,0.38,0.25,0.5334448160535117,0.5281281177245637,0.7852257181942545,0.4830188679245283,0.3161397670549085,0.44755244755244755,0.5245901639344263,0.18442622950819673,0.29098360655737704,488,19,0,0.05344959288901253,0.13016743001809641,0.15907593175691317,0.4086202698128262,0.6908915885829118,0.6656756885872663,0.010345784513594917,1.989747472378904
0.75,0.1,1.2,0.04,0.66,0.38,0.25,0.5334448160535117,0.5281281177245637,0.7852257181942545,0.4830188679245283,0.3161397670549085,0.44755244755244755,0.5245901639344263,0.18442622950819673,0.29098360655737704,488,19,0,0.05344959288901253,0.13016743001809641,0.15907593175691317,0.4086202698128262,0.6908915885829118,0.6656756885872663,0.010345784513594917,1.989747472378904
0.75,0.3,1.0,0.12,0.6,0.42,0.5,0.5501672240802675,0.556583037676413,0.7971830985915493,0.48046875,0.39209726443769,0.458955223880597,0.5040983606557377,0.15778688524590165,0.33811475409836067,488,17,0,0.055090822650815774,0.13016743001809641,0.15907593175691317,0.4086202698128262,0.6908915885829118,0.6656756885872663,0.010345784513594917,1.9923160460396434
0.75,0.3,1.0,0.12,0.6,0.38,0.5,0.5501672240802675,0.556583037676413,0.7971830985915493,0.48046875,0.39209726443769,0.458955223880597,0.5040983606557377,0.15778688524590165,0.33811475409836067,488,17,0,0.054905814092578664,0.13016743001809641,0.15907593175691317,0.4086202698128262,0.6908915885829118,0.6656756885872663,0.010345784513594917,1.9923160460396434
0.75,0.3,1.0,0.08,0.6,0.38,0.5,0.5501672240802675,0.556583037676413,0.7971830985915493,0.48046875,0.39209726443769,0.458955223880597,0.5040983606557377,0.15778688524590165,0.33811475409836067,488,17,0,0.054905814092578664,0.13016743001809641,0.15907593175691317,0.4086202698128262,0.6908915885829118,0.6656756885872663,0.010345784513594917,1.9923160460396434
0.75,0.3,1.0,0.08,0.6,0.42,0.5,0.5501672240802675,0.556583037676413,0.7971830985915493,0.48046875,0.39209726443769,0.458955223880597,0.5040983606557377,0.15778688524590165,0.33811475409836067,488,17,0,0.055090822650815774,0.13016743001809641,0.15907593175691317,0.4086202698128262,0.6908915885829118,0.6656756885872663,0.010345784513594917,1.9923160460396434
0.75,0.3,1.0,0.04,0.6,0.38,0.5,0.5501672240802675,0.556583037676413,0.7971830985915493,0.48046875,0.39209726443769,0.458955223880597,0.5040983606557377,0.15778688524590165,0.33811475409836067,488,17,0,0.054905814092578664,0.13016743001809641,0.15907593175691317,0.4086202698128262,0.6908915885829118,0.6656756885872663,0.010345784513594917,1.9923160460396434
0.75,0.3,1.0,0.04,0.6,0.42,0.5,0.5501672240802675,0.556583037676413,0.7971830985915493,0.48046875,0.39209726443769,0.458955223880597,0.5040983606557377,0.15778688524590165,0.33811475409836067,488,17,0,0.055090822650815774,0.13016743001809641,0.15907593175691317,0.4086202698128262,0.6908915885829118,0.6656756885872663,0.010345784513594917,1.9923160460396434
0.75,0.3,1.0,0.12,0.6,0.34,0.5,0.5493311036789298,0.5562998065151324,0.7977369165487977,0.4790652385589094,0.39209726443769,0.45640074211502785,0.5040983606557377,0.15778688524590165,0.33811475409836067,488,17,0,0.054570016856517,0.13016743001809641,0.15907593175691317,0.4086202698128262,0.6908915885829118,0.6656756885872663,0.010345784513594917,1.9934353976022616
0.75,0.3,1.0,0.08,0.6,0.34,0.5,0.5493311036789298,0.5562998065151324,0.7977369165487977,0.4790652385589094,0.39209726443769,0.45640074211502785,0.5040983606557377,0.15778688524590165,0.33811475409836067,488,17,0,0.054570016856517,0.13016743001809641,0.15907593175691317,0.4086202698128262,0.6908915885829118,0.6656756885872663,0.010345784513594917,1.9934353976022616
0.75,0.3,1.0,0.04,0.6,0.34,0.5,0.5493311036789298,0.5562998065151324,0.7977369165487977,0.4790652385589094,0.39209726443769,0.45640074211502785,0.5040983606557377,0.15778688524590165,0.33811475409836067,488,17,0,0.054570016856517,0.13016743001809641,0.15907593175691317,0.4086202698128262,0.6908915885829118,0.6656756885872663,0.010345784513594917,1.9934353976022616
0.75,0.1,1.0,0.04,0.66,0.38,0.25,0.5501672240802675,0.552046010966712,0.7858117326057299,0.48282630029440626,0.3875,0.4632768361581921,0.5040983606557377,0.18442622950819673,0.3114754098360656,488,17,0,0.056433759390755,0.13016743001809641,0.15907593175691317,0.4086202698128262,0.6908915885829118,0.6656756885872663,0.010345784513594917,1.9941891383231147
0.75,0.1,1.0,0.08,0.66,0.38,0.25,0.5501672240802675,0.552046010966712,0.7858117326057299,0.48282630029440626,0.3875,0.4632768361581921,0.5040983606557377,0.18442622950819673,0.3114754098360656,488,17,0,0.056433759390755,0.13016743001809641,0.15907593175691317,0.4086202698128262,0.6908915885829118,0.6656756885872663,0.010345784513594917,1.9941891383231147
0.75,0.1,1.0,0.12,0.66,0.38,0.25,0.5501672240802675,0.552046010966712,0.7858117326057299,0.48282630029440626,0.3875,0.4632768361581921,0.5040983606557377,0.18442622950819673,0.3114754098360656,488,17,0,0.056433759390755,0.13016743001809641,0.15907593175691317,0.4086202698128262,0.6908915885829118,0.6656756885872663,0.010345784513594917,1.9941891383231147
0.65,0.1,1.0,0.04,0.6,0.42,0.25,0.5367892976588629,0.5345977178038246,0.7884615384615384,0.48091603053435117,0.3344155844155844,0.45,0.5163934426229508,0.17827868852459017,0.305327868852459,488,19,0,0.0555577876091209,0.13016743001809641,0.15907593175691317,0.4086202698128262,0.6908915885829118,0.6656756885872663,0.010345784513594917,1.9985809316778984
0.65,0.1,1.0,0.08,0.6,0.42,0.25,0.5367892976588629,0.5345977178038246,0.7884615384615384,0.48091603053435117,0.3344155844155844,0.45,0.5163934426229508,0.17827868852459017,0.305327868852459,488,19,0,0.0555577876091209,0.13016743001809641,0.15907593175691317,0.4086202698128262,0.6908915885829118,0.6656756885872663,0.010345784513594917,1.9985809316778984
0.65,0.1,1.0,0.12,0.6,0.42,0.25,0.5367892976588629,0.5345977178038246,0.7884615384615384,0.48091603053435117,0.3344155844155844,0.45,0.5163934426229508,0.17827868852459017,0.305327868852459,488,19,0,0.0555577876091209,0.13016743001809641,0.15907593175691317,0.4086202698128262,0.6908915885829118,0.6656756885872663,0.010345784513594917,1.9985809316778984
0.75,0.1,1.0,0.08,0.66,0.42,0.25,0.5501672240802675,0.5519012668981064,0.7863945578231293,0.48180924287118976,0.3875,0.46313799621928164,0.5020491803278688,0.1864754098360656,0.3114754098360656,488,17,0,0.056558029828719505,0.13016743001809641,0.15907593175691317,0.4086202698128262,0.6908915885829118,0.6656756885872663,0.010345784513594917,1.998637161080245
0.75,0.1,1.0,0.12,0.66,0.42,0.25,0.5501672240802675,0.5519012668981064,0.7863945578231293,0.48180924287118976,0.3875,0.46313799621928164,0.5020491803278688,0.1864754098360656,0.3114754098360656,488,17,0,0.056558029828719505,0.13016743001809641,0.15907593175691317,0.4086202698128262,0.6908915885829118,0.6656756885872663,0.010345784513594917,1.998637161080245
0.75,0.1,1.0,0.04,0.66,0.42,0.25,0.5501672240802675,0.5519012668981064,0.7863945578231293,0.48180924287118976,0.3875,0.46313799621928164,0.5020491803278688,0.1864754098360656,0.3114754098360656,488,17,0,0.056558029828719505,0.13016743001809641,0.15907593175691317,0.4086202698128262,0.6908915885829118,0.6656756885872663,0.010345784513594917,1.998637161080245
0.75,0.2,1.0,0.08,0.66,0.42,0.25,0.5501672240802675,0.5519012668981064,0.7863945578231293,0.48180924287118976,0.3875,0.46313799621928164,0.5020491803278688,0.1864754098360656,0.3114754098360656,488,17,0,0.0554758732092994,0.13016743001809641,0.15907593175691317,0.4086202698128262,0.6908915885829118,0.6656756885872663,0.010345784513594917,1.998637161080245
0.75,0.2,1.0,0.12,0.66,0.42,0.25,0.5501672240802675,0.5519012668981064,0.7863945578231293,0.48180924287118976,0.3875,0.46313799621928164,0.5020491803278688,0.1864754098360656,0.3114754098360656,488,17,0,0.0554758732092994,0.13016743001809641,0.15907593175691317,0.4086202698128262,0.6908915885829118,0.6656756885872663,0.010345784513594917,1.998637161080245
0.75,0.2,1.0,0.04,0.66,0.42,0.25,0.5501672240802675,0.5519012668981064,0.7863945578231293,0.48180924287118976,0.3875,0.46313799621928164,0.5020491803278688,0.1864754098360656,0.3114754098360656,488,17,0,0.0554758732092994,0.13016743001809641,0.15907593175691317,0.4086202698128262,0.6908915885829118,0.6656756885872663,0.010345784513594917,1.998637161080245
0.75,0.2,1.2,0.12,0.6,0.34,0.25,0.5501672240802675,0.554442490958861,0.7939142461964038,0.47984267453294,0.3895705521472393,0.4612476370510397,0.5,0.17008196721311475,0.32991803278688525,488,18,0,0.05270790469255011,0.13016743001809641,0.15907593175691317,0.4086202698128262,0.6908915885829118,0.6656756885872663,0.010345784513594917,2.002243478003097
0.75,0.2,1.2,0.08,0.6,0.34,0.25,0.5501672240802675,0.554442490958861,0.7939142461964038,0.47984267453294,0.3895705521472393,0.4612476370510397,0.5,0.17008196721311475,0.32991803278688525,488,18,0,0.05270790469255011,0.13016743001809641,0.15907593175691317,0.4086202698128262,0.6908915885829118,0.6656756885872663,0.010345784513594917,2.002243478003097
0.75,0.2,1.2,0.04,0.6,0.34,0.25,0.5501672240802675,0.554442490958861,0.7939142461964038,0.47984267453294,0.3895705521472393,0.4612476370510397,0.5,0.17008196721311475,0.32991803278688525,488,18,0,0.05270790469255011,0.13016743001809641,0.15907593175691317,0.4086202698128262,0.6908915885829118,0.6656756885872663,0.010345784513594917,2.002243478003097
0.75,0.2,1.2,0.04,0.6,0.38,0.25,0.5476588628762542,0.5518497762051754,0.790633608815427,0.47534516765285995,0.3895705521472393,0.45817490494296575,0.49385245901639346,0.1762295081967213,0.32991803278688525,488,18,0,0.05292713357771374,0.13016743001809641,0.15907593175691317,0.4086202698128262,0.6908915885829118,0.6656756885872663,0.010345784513594917,2.0202543900263694
0.75,0.2,1.2,0.12,0.6,0.38,0.25,0.5476588628762542,0.5518497762051754,0.790633608815427,0.47534516765285995,0.3895705521472393,0.45817490494296575,0.49385245901639346,0.1762295081967213,0.32991803278688525,488,18,0,0.05292713357771374,0.13016743001809641,0.15907593175691317,0.4086202698128262,0.6908915885829118,0.6656756885872663,0.010345784513594917,2.0202543900263694
0.75,0.2,1.2,0.08,0.6,0.38,0.25,0.5476588628762542,0.5518497762051754,0.790633608815427,0.47534516765285995,0.3895705521472393,0.45817490494296575,0.49385245901639346,0.1762295081967213,0.32991803278688525,488,18,0,0.05292713357771374,0.13016743001809641,0.15907593175691317,0.4086202698128262,0.6908915885829118,0.6656756885872663,0.010345784513594917,2.0202543900263694
0.75,0.2,1.0,0.08,0.6,0.34,0.5,0.5468227424749164,0.554295499327695,0.7983074753173484,0.4730127576054956,0.39156626506024095,0.4538606403013183,0.49385245901639346,0.15778688524590165,0.3483606557377049,488,17,0,0.05556776610273415,0.13016743001809641,0.15907593175691317,0.4086202698128262,0.6908915885829118,0.6656756885872663,0.010345784513594917,2.02048904960027
0.75,0.2,1.0,0.04,0.6,0.34,0.5,0.5468227424749164,0.554295499327695,0.7983074753173484,0.4730127576054956,0.39156626506024095,0.4538606403013183,0.49385245901639346,0.15778688524590165,0.3483606557377049,488,17,0,0.05556776610273415,0.13016743001809641,0.15907593175691317,0.4086202698128262,0.6908915885829118,0.6656756885872663,0.010345784513594917,2.02048904960027
0.75,0.2,1.0,0.12,0.6,0.34,0.5,0.5468227424749164,0.554295499327695,0.7983074753173484,0.4730127576054956,0.39156626506024095,0.4538606403013183,0.49385245901639346,0.15778688524590165,0.3483606557377049,488,17,0,0.05556776610273415,0.13016743001809641,0.15907593175691317,0.4086202698128262,0.6908915885829118,0.6656756885872663,0.010345784513594917,2.02048904960027
0.75,0.1,1.2,0.12,0.6,0.34,0.25,0.5468227424749164,0.5514813393577808,0.7928176795580111,0.4738400789733465,0.38778625954198476,0.45714285714285713,0.4918032786885246,0.1721311475409836,0.3360655737704918,488,18,0,0.05379823617645192,0.13016743001809641,0.15907593175691317,0.4086202698128262,0.6908915885829118,0.6656756885872663,0.010345784513594917,2.0263769800619875
0.75,0.1,1.2,0.04,0.6,0.34,0.25,0.5468227424749164,0.5514813393577808,0.7928176795580111,0.4738400789733465,0.38778625954198476,0.45714285714285713,0.4918032786885246,0.1721311475409836,0.3360655737704918,488,18,0,0.05379823617645192,0.13016743001809641,0.15907593175691317,0.4086202698128262,0.6908915885829118,0.6656756885872663,0.010345784513594917,2.0263769800619875
0.75,0.1,1.2,0.08,0.6,0.34,0.25,0.5468227424749164,0.5514813393577808,0.7928176795580111,0.4738400789733465,0.38778625954198476,0.45714285714285713,0.4918032786885246,0.1721311475409836,0.3360655737704918,488,18,0,0.05379823617645192,0.13016743001809641,0.15907593175691317,0.4086202698128262,0.6908915885829118,0.6656756885872663,0.010345784513594917,2.0263769800619875
0.75,0.2,1.0,0.12,0.6,0.38,0.5,0.5459866220735786,0.5532015169698872,0.7960618846694796,0.471976401179941,0.39156626506024095,0.45368620037807184,0.4918032786885246,0.1598360655737705,0.3483606557377049,488,17,0,0.055957721107006766,0.13016743001809641,0.15907593175691317,0.4086202698128262,0.6908915885829118,0.6656756885872663,0.010345784513594917,2.0267224310479404
0.75,0.2,1.0,0.04,0.6,0.38,0.5,0.5459866220735786,0.5532015169698872,0.7960618846694796,0.471976401179941,0.39156626506024095,0.45368620037807184,0.4918032786885246,0.1598360655737705,0.3483606557377049,488,17,0,0.055957721107006766,0.13016743001809641,0.15907593175691317,0.4086202698128262,0.6908915885829118,0.6656756885872663,0.010345784513594917,2.0267224310479404
0.75,0.2,1.0,0.08,0.6,0.38,0.5,0.5459866220735786,0.5532015169698872,0.7960618846694796,0.471976401179941,0.39156626506024095,0.45368620037807184,0.4918032786885246,0.1598360655737705,0.3483606557377049,488,17,0,0.055957721107006766,0.13016743001809641,0.15907593175691317,0.4086202698128262,0.6908915885829118,0.6656756885872663,0.010345784513594917,2.0267224310479404
0.75,0.2,1.0,0.12,0.6,0.42,0.5,0.5459866220735786,0.5528282889401572,0.7955182072829131,0.4714003944773176,0.39156626506024095,0.4543726235741445,0.48975409836065575,0.16188524590163936,0.3483606557377049,488,17,0,0.056156527261948315,0.13016743001809641,0.15907593175691317,0.4086202698128262,0.6908915885829118,0.6656756885872663,0.010345784513594917,2.0313989377661947
0.75,0.2,1.0,0.08,0.6,0.42,0.5,0.5459866220735786,0.5528282889401572,0.7955182072829131,0.4714003944773176,0.39156626506024095,0.4543726235741445,0.48975409836065575,0.16188524590163936,0.3483606557377049,488,17,0,0.056156527261948315,0.13016743001809641,0.15907593175691317,0.4086202698128262,0.6908915885829118,0.6656756885872663,0.010345784513594917,2.0313989377661947
0.75,0.2,1.0,0.04,0.6,0.42,0.5,0.5459866220735786,0.5528282889401572,0.7955182072829131,0.4714003944773176,0.39156626506024095,0.4543726235741445,0.48975409836065575,0.16188524590163936,0.3483606557377049,488,17,0,0.056156527261948315,0.13016743001809641,0.15907593175691317,0.4086202698128262,0.6908915885829118,0.6656756885872663,0.010345784513594917,2.0313989377661947
0.75,0.1,1.0,0.08,0.6,0.38,0.5,0.5459866220735786,0.5530039263934364,0.7966339410939691,0.4714003944773176,0.39097744360902253,0.4543726235741445,0.48975409836065575,0.1598360655737705,0.35040983606557374,488,17,0,0.05701758309958294,0.13016743001809641,0.15907593175691317,0.4086202698128262,0.6908915885829118,0.6656756885872663,0.010345784513594917,2.0314282183457024
0.75,0.1,1.0,0.12,0.6,0.38,0.5,0.5459866220735786,0.5530039263934364,0.7966339410939691,0.4714003944773176,0.39097744360902253,0.4543726235741445,0.48975409836065575,0.1598360655737705,0.35040983606557374,488,17,0,0.05701758309958294,0.13016743001809641,0.15907593175691317,0.4086202698128262,0.6908915885829118,0.6656756885872663,0.010345784513594917,2.0314282183457024
0.75,0.1,1.0,0.04,0.6,0.38,0.5,0.5459866220735786,0.5530039263934364,0.7966339410939691,0.4714003944773176,0.39097744360902253,0.4543726235741445,0.48975409836065575,0.1598360655737705,0.35040983606557374,488,17,0,0.05701758309958294,0.13016743001809641,0.15907593175691317,0.4086202698128262,0.6908915885829118,0.6656756885872663,0.010345784513594917,2.0314282183457024
0.75,0.1,1.0,0.12,0.6,0.34,0.5,0.5451505016722408,0.5525039230744614,0.7960618846694796,0.4704724409448819,0.39097744360902253,0.45265151515151514,0.48975409836065575,0.1598360655737705,0.35040983606557374,488,17,0,0.05657918731753435,0.13016743001809641,0.15907593175691317,0.4086202698128262,0.6908915885829118,0.6656756885872663,0.010345784513594917,2.0327643420660153
0.75,0.1,1.0,0.04,0.6,0.34,0.5,0.5451505016722408,0.5525039230744614,0.7960618846694796,0.4704724409448819,0.39097744360902253,0.45265151515151514,0.48975409836065575,0.1598360655737705,0.35040983606557374,488,17,0,0.05657918731753435,0.13016743001809641,0.15907593175691317,0.4086202698128262,0.6908915885829118,0.6656756885872663,0.010345784513594917,2.0327643420660153
0.75,0.1,1.0,0.08,0.6,0.34,0.5,0.5451505016722408,0.5525039230744614,0.7960618846694796,0.4704724409448819,0.39097744360902253,0.45265151515151514,0.48975409836065575,0.1598360655737705,0.35040983606557374,488,17,0,0.05657918731753435,0.13016743001809641,0.15907593175691317,0.4086202698128262,0.6908915885829118,0.6656756885872663,0.010345784513594917,2.0327643420660153
0.75,0.2,1.2,0.04,0.6,0.42,0.25,0.5451505016722408,0.5488979644289913,0.7868852459016393,0.47023809523809523,0.3895705521472393,0.45576923076923076,0.48565573770491804,0.18442622950819673,0.32991803278688525,488,18,0,0.05301890012724042,0.13016743001809641,0.15907593175691317,0.4086202698128262,0.6908915885829118,0.6656756885872663,0.010345784513594917,2.042927677760666
0.75,0.2,1.2,0.08,0.6,0.42,0.25,0.5451505016722408,0.5488979644289913,0.7868852459016393,0.47023809523809523,0.3895705521472393,0.45576923076923076,0.48565573770491804,0.18442622950819673,0.32991803278688525,488,18,0,0.05301890012724042,0.13016743001809641,0.15907593175691317,0.4086202698128262,0.6908915885829118,0.6656756885872663,0.010345784513594917,2.042927677760666
0.75,0.2,1.2,0.12,0.6,0.42,0.25,0.5451505016722408,0.5488979644289913,0.7868852459016393,0.47023809523809523,0.3895705521472393,0.45576923076923076,0.48565573770491804,0.18442622950819673,0.32991803278688525,488,18,0,0.05301890012724042,0.13016743001809641,0.15907593175691317,0.4086202698128262,0.6908915885829118,0.6656756885872663,0.010345784513594917,2.042927677760666
0.75,0.1,1.0,0.04,0.6,0.42,0.5,0.5434782608695652,0.5503793411992868,0.7932960893854749,0.466864490603363,0.39097744360902253,0.45124282982791586,0.48360655737704916,0.16598360655737704,0.35040983606557374,488,17,0,0.05723378227952219,0.13016743001809641,0.15907593175691317,0.4086202698128262,0.6908915885829118,0.6656756885872663,0.010345784513594917,2.0494710008094392
0.75,0.1,1.0,0.12,0.6,0.42,0.5,0.5434782608695652,0.5503793411992868,0.7932960893854749,0.466864490603363,0.39097744360902253,0.45124282982791586,0.48360655737704916,0.16598360655737704,0.35040983606557374,488,17,0,0.05723378227952219,0.13016743001809641,0.15907593175691317,0.4086202698128262,0.6908915885829118,0.6656756885872663,0.010345784513594917,2.0494710008094392
0.75,0.1,1.0,0.08,0.6,0.42,0.5,0.5434782608695652,0.5503793411992868,0.7932960893854749,0.466864490603363,0.39097744360902253,0.45124282982791586,0.48360655737704916,0.16598360655737704,0.35040983606557374,488,17,0,0.05723378227952219,0.13016743001809641,0.15907593175691317,0.4086202698128262,0.6908915885829118,0.6656756885872663,0.010345784513594917,2.0494710008094392
0.75,0.3,1.0,0.12,0.6,0.34,0.25,0.5426421404682275,0.547369788372027,0.7873799725651578,0.46567164179104475,0.3890577507598784,0.4526112185686654,0.47950819672131145,0.18032786885245902,0.3401639344262295,488,18,0,0.05456196487004521,0.13016743001809641,0.15907593175691317,0.4086202698128262,0.6908915885829118,0.6656756885872663,0.010345784513594917,2.0608986412511516
0.75,0.3,1.0,0.08,0.6,0.34,0.25,0.5426421404682275,0.547369788372027,0.7873799725651578,0.46567164179104475,0.3890577507598784,0.4526112185686654,0.47950819672131145,0.18032786885245902,0.3401639344262295,488,18,0,0.05456196487004521,0.13016743001809641,0.15907593175691317,0.4086202698128262,0.6908915885829118,0.6656756885872663,0.010345784513594917,2.0608986412511516
0.75,0.3,1.0,0.04,0.6,0.34,0.25,0.5426421404682275,0.547369788372027,0.7873799725651578,0.46567164179104475,0.3890577507598784,0.4526112185686654,0.47950819672131145,0.18032786885245902,0.3401639344262295,488,18,0,0.05456196487004521,0.13016743001809641,0.15907593175691317,0.4086202698128262,0.6908915885829118,0.6656756885872663,0.010345784513594917,2.0608986412511516
0.75,0.1,1.2,0.12,0.6,0.42,0.25,0.5426421404682275,0.5465778167716818,0.7858117326057299,0.46613545816733065,0.38778625954198476,0.45348837209302323,0.47950819672131145,0.18442622950819673,0.3360655737704918,488,18,0,0.05415555857844166,0.13016743001809641,0.15907593175691317,0.4086202698128262,0.6908915885829118,0.6656756885872663,0.010345784513594917,2.061280776785923
0.75,0.1,1.2,0.08,0.6,0.42,0.25,0.5426421404682275,0.5465778167716818,0.7858117326057299,0.46613545816733065,0.38778625954198476,0.45348837209302323,0.47950819672131145,0.18442622950819673,0.3360655737704918,488,18,0,0.05415555857844166,0.13016743001809641,0.15907593175691317,0.4086202698128262,0.6908915885829118,0.6656756885872663,0.010345784513594917,2.061280776785923
0.75,0.1,1.2,0.04,0.6,0.42,0.25,0.5426421404682275,0.5465778167716818,0.7858117326057299,0.46613545816733065,0.38778625954198476,0.45348837209302323,0.47950819672131145,0.18442622950819673,0.3360655737704918,488,18,0,0.05415555857844166,0.13016743001809641,0.15907593175691317,0.4086202698128262,0.6908915885829118,0.6656756885872663,0.010345784513594917,2.061280776785923
0.75,0.1,1.2,0.12,0.6,0.38,0.25,0.5418060200668896,0.5460735750837166,0.7852257181942545,0.46520874751491054,0.38778625954198476,0.4517374517374517,0.47950819672131145,0.18442622950819673,0.3360655737704918,488,18,0,0.05404841548540614,0.13016743001809641,0.15907593175691317,0.4086202698128262,0.6908915885829118,0.6656756885872663,0.010345784513594917,2.062621138875226
0.75,0.1,1.2,0.08,0.6,0.38,0.25,0.5418060200668896,0.5460735750837166,0.7852257181942545,0.46520874751491054,0.38778625954198476,0.4517374517374517,0.47950819672131145,0.18442622950819673,0.3360655737704918,488,18,0,0.05404841548540614,0.13016743001809641,0.15907593175691317,0.4086202698128262,0.6908915885829118,0.6656756885872663,0.010345784513594917,2.062621138875226
0.75,0.1,1.2,0.04,0.6,0.38,0.25,0.5418060200668896,0.5460735750837166,0.7852257181942545,0.46520874751491054,0.38778625954198476,0.4517374517374517,0.47950819672131145,0.18442622950819673,0.3360655737704918,488,18,0,0.05404841548540614,0.13016743001809641,0.15907593175691317,0.4086202698128262,0.6908915885829118,0.6656756885872663,0.010345784513594917,2.062621138875226
0.75,0.3,1.0,0.04,0.6,0.38,0.25,0.5418060200668896,0.5462965501365887,0.7852257181942545,0.4646061814556331,0.3890577507598784,0.4524271844660194,0.4774590163934426,0.18237704918032788,0.3401639344262295,488,18,0,0.054768432756826094,0.13016743001809641,0.15907593175691317,0.4086202698128262,0.6908915885829118,0.6656756885872663,0.010345784513594917,2.0671112785764523
0.75,0.3,1.0,0.08,0.6,0.38,0.25,0.5418060200668896,0.5462965501365887,0.7852257181942545,0.4646061814556331,0.3890577507598784,0.4524271844660194,0.4774590163934426,0.18237704918032788,0.3401639344262295,488,18,0,0.054768432756826094,0.13016743001809641,0.15907593175691317,0.4086202698128262,0.6908915885829118,0.6656756885872663,0.010345784513594917,2.0671112785764523
0.75,0.3,1.0,0.12,0.6,0.38,0.25,0.5418060200668896,0.5462965501365887,0.7852257181942545,0.4646061814556331,0.3890577507598784,0.4524271844660194,0.4774590163934426,0.18237704918032788,0.3401639344262295,488,18,0,0.054768432756826094,0.13016743001809641,0.15907593175691317,0.4086202698128262,0.6908915885829118,0.6656756885872663,0.010345784513594917,2.0671112785764523
0.75,0.3,1.0,0.12,0.6,0.42,0.25,0.5426421404682275,0.5468412302714581,0.7874659400544959,0.464,0.3890577507598784,0.453125,0.47540983606557374,0.18442622950819673,0.3401639344262295,488,18,0,0.05485285686589341,0.13016743001809641,0.15907593175691317,0.4086202698128262,0.6908915885829118,0.6656756885872663,0.010345784513594917,2.0700337567287694
0.75,0.3,1.0,0.04,0.6,0.42,0.25,0.5426421404682275,0.5468412302714581,0.7874659400544959,0.464,0.3890577507598784,0.453125,0.47540983606557374,0.18442622950819673,0.3401639344262295,488,18,0,0.05485285686589341,0.13016743001809641,0.15907593175691317,0.4086202698128262,0.6908915885829118,0.6656756885872663,0.010345784513594917,2.0700337567287694
0.75,0.3,1.0,0.08,0.6,0.42,0.25,0.5426421404682275,0.5468412302714581,0.7874659400544959,0.464,0.3890577507598784,0.453125,0.47540983606557374,0.18442622950819673,0.3401639344262295,488,18,0,0.05485285686589341,0.13016743001809641,0.15907593175691317,0.4086202698128262,0.6908915885829118,0.6656756885872663,0.010345784513594917,2.0700337567287694
0.75,0.2,1.0,0.12,0.6,0.34,0.25,0.540133779264214,0.5455067480194568,0.7873799725651578,0.46,0.3891402714932127,0.44921875,0.4713114754098361,0.18032786885245902,0.3483606557377049,488,18,0,0.055640841874176165,0.13016743001809641,0.15907593175691317,0.4086202698128262,0.6908915885829118,0.6656756885872663,0.010345784513594917,2.0833028296929808
0.75,0.2,1.0,0.04,0.6,0.34,0.25,0.540133779264214,0.5455067480194568,0.7873799725651578,0.46,0.3891402714932127,0.44921875,0.4713114754098361,0.18032786885245902,0.3483606557377049,488,18,0,0.055640841874176165,0.13016743001809641,0.15907593175691317,0.4086202698128262,0.6908915885829118,0.6656756885872663,0.010345784513594917,2.0833028296929808
0.75,0.2,1.0,0.08,0.6,0.34,0.25,0.540133779264214,0.5455067480194568,0.7873799725651578,0.46,0.3891402714932127,0.44921875,0.4713114754098361,0.18032786885245902,0.3483606557377049,488,18,0,0.055640841874176165,0.13016743001809641,0.15907593175691317,0.4086202698128262,0.6908915885829118,0.6656756885872663,0.010345784513594917,2.0833028296929808
0.75,0.2,1.0,0.12,0.6,0.38,0.25,0.540133779264214,0.5451345505993538,0.7868852459016393,0.4593781344032096,0.3891402714932127,0.449901768172888,0.4692622950819672,0.18237704918032788,0.3483606557377049,488,18,0,0.05587197602631605,0.13016743001809641,0.15907593175691317,0.4086202698128262,0.6908915885829118,0.6656756885872663,0.010345784513594917,2.0879783058016086
0.75,0.2,1.0,0.08,0.6,0.38,0.25,0.540133779264214,0.5451345505993538,0.7868852459016393,0.4593781344032096,0.3891402714932127,0.449901768172888,0.4692622950819672,0.18237704918032788,0.3483606557377049,488,18,0,0.05587197602631605,0.13016743001809641,0.15907593175691317,0.4086202698128262,0.6908915885829118,0.6656756885872663,0.010345784513594917,2.0879783058016086
0.75,0.2,1.0,0.04,0.6,0.38,0.25,0.540133779264214,0.5451345505993538,0.7868852459016393,0.4593781344032096,0.3891402714932127,0.449901768172888,0.4692622950819672,0.18237704918032788,0.3483606557377049,488,18,0,0.05587197602631605,0.13016743001809641,0.15907593175691317,0.4086202698128262,0.6908915885829118,0.6656756885872663,0.010345784513594917,2.0879783058016086
0.75,0.1,1.0,0.12,0.6,0.34,0.25,0.5384615384615384,0.5438811370080303,0.7863013698630137,0.4573721163490471,0.3879699248120301,0.44793713163064836,0.4672131147540984,0.18032786885245902,0.3524590163934426,488,18,0,0.056723890777296095,0.13016743001809641,0.15907593175691317,0.4086202698128262,0.6908915885829118,0.6656756885872663,0.010345784513594917,2.095617074949706
0.75,0.1,1.0,0.04,0.6,0.34,0.25,0.5384615384615384,0.5438811370080303,0.7863013698630137,0.4573721163490471,0.3879699248120301,0.44793713163064836,0.4672131147540984,0.18032786885245902,0.3524590163934426,488,18,0,0.056723890777296095,0.13016743001809641,0.15907593175691317,0.4086202698128262,0.6908915885829118,0.6656756885872663,0.010345784513594917,2.095617074949706
0.75,0.1,1.0,0.08,0.6,0.34,0.25,0.5384615384615384,0.5438811370080303,0.7863013698630137,0.4573721163490471,0.3879699248120301,0.44793713163064836,0.4672131147540984,0.18032786885245902,0.3524590163934426,488,18,0,0.056723890777296095,0.13016743001809641,0.15907593175691317,0.4086202698128262,0.6908915885829118,0.6656756885872663,0.010345784513594917,2.095617074949706
0.75,0.2,1.0,0.08,0.6,0.42,0.25,0.5384615384615384,0.5433783596065005,0.7863945578231293,0.4551863041289023,0.3885542168674699,0.44752475247524753,0.46311475409836067,0.1864754098360656,0.35040983606557374,488,18,0,0.05597168244233074,0.13016743001809641,0.15907593175691317,0.4086202698128262,0.6908915885829118,0.6656756885872663,0.010345784513594917,2.104521491695498
0.75,0.2,1.0,0.04,0.6,0.42,0.25,0.5384615384615384,0.5433783596065005,0.7863945578231293,0.4551863041289023,0.3885542168674699,0.44752475247524753,0.46311475409836067,0.1864754098360656,0.35040983606557374,488,18,0,0.05597168244233074,0.13016743001809641,0.15907593175691317,0.4086202698128262,0.6908915885829118,0.6656756885872663,0.010345784513594917,2.104521491695498
0.75,0.2,1.0,0.12,0.6,0.42,0.25,0.5384615384615384,0.5433783596065005,0.7863945578231293,0.4551863041289023,0.3885542168674699,0.44752475247524753,0.46311475409836067,0.1864754098360656,0.35040983606557374,488,18,0,0.05597168244233074,0.13016743001809641,0.15907593175691317,0.4086202698128262,0.6908915885829118,0.6656756885872663,0.010345784513594917,2.104521491695498
0.75,0.1,1.0,0.12,0.6,0.42,0.25,0.5376254180602007,0.542664504964408,0.7863945578231293,0.4536290322580645,0.3879699248120301,0.44642857142857145,0.4610655737704918,0.1864754098360656,0.3524590163934426,488,18,0,0.057096045722146736,0.13016743001809641,0.15907593175691317,0.4086202698128262,0.6908915885829118,0.6656756885872663,0.010345784513594917,2.11057966346024
0.75,0.1,1.0,0.08,0.6,0.42,0.25,0.5376254180602007,0.542664504964408,0.7863945578231293,0.4536290322580645,0.3879699248120301,0.44642857142857145,0.4610655737704918,0.1864754098360656,0.3524590163934426,488,18,0,0.057096045722146736,0.13016743001809641,0.15907593175691317,0.4086202698128262,0.6908915885829118,0.6656756885872663,0.010345784513594917,2.11057966346024
0.75,0.1,1.0,0.04,0.6,0.42,0.25,0.5376254180602007,0.542664504964408,0.7863945578231293,0.4536290322580645,0.3879699248120301,0.44642857142857145,0.4610655737704918,0.1864754098360656,0.3524590163934426,488,18,0,0.057096045722146736,0.13016743001809641,0.15907593175691317,0.4086202698128262,0.6908915885829118,0.6656756885872663,0.010345784513594917,2.11057966346024
0.75,0.1,1.0,0.08,0.6,0.38,0.25,0.5367892976588629,0.5419610915547551,0.784741144414169,0.45317220543806647,0.3879699248120301,0.44554455445544555,0.4610655737704918,0.1864754098360656,0.3524590163934426,488,18,0,0.056985360835535896,0.13016743001809641,0.15907593175691317,0.4086202698128262,0.6908915885829118,0.6656756885872663,0.010345784513594917,2.1121191972712308
0.75,0.1,1.0,0.12,0.6,0.38,0.25,0.5367892976588629,0.5419610915547551,0.784741144414169,0.45317220543806647,0.3879699248120301,0.44554455445544555,0.4610655737704918,0.1864754098360656,0.3524590163934426,488,18,0,0.056985360835535896,0.13016743001809641,0.15907593175691317,0.4086202698128262,0.6908915885829118,0.6656756885872663,0.010345784513594917,2.1121191972712308
0.75,0.1,1.0,0.04,0.6,0.38,0.25,0.5367892976588629,0.5419610915547551,0.784741144414169,0.45317220543806647,0.3879699248120301,0.44554455445544555,0.4610655737704918,0.1864754098360656,0.3524590163934426,488,18,0,0.056985360835535896,0.13016743001809641,0.15907593175691317,0.4086202698128262,0.6908915885829118,0.6656756885872663,0.010345784513594917,2.1121191972712308
