Split_type,Task,Seed,Strategy,theta_E,theta_L,theta_v,Method,Acc,Macro-F1,Balanced-Acc,E-F1,M-F1,L-F1,E-Rec,M-Rec,L-Rec,M-Pre,M→E,M→L,E→M,L→M,Rev,Jump,Smooth,Predicted_class_count,Early_recall,Middle_recall,Late_recall,label_selection_score,train_present,val_present,vb_E,vb_L,vb_E_quantile,vb_L_quantile
case_split,CSP1,2026,A_q_global,0.25,0.6,0.75,centroid,0.5238095238095238,0.5136766034327009,0.5222222222222221,0.56,0.4444444444444444,0.5365853658536585,0.3888888888888889,0.4444444444444444,0.7333333333333333,0.4444444444444444,0.0,0.5555555555555556,0.05555555555555555,0.26666666666666666,8,5,0.8205128205128205,3,0.3888888888888889,0.4444444444444444,0.7333333333333333,0.49559891598915984,3,3,,,,
case_split,CSP1,2026,A_q_global,0.25,0.6,0.8,centroid,0.5,0.45968253968253975,0.482010582010582,0.56,0.28571428571428575,0.5333333333333333,0.3888888888888889,0.2,0.8571428571428571,0.5,0.0,0.8,0.0,0.14285714285714285,5,5,0.5641025641025641,3,0.3888888888888889,0.2,0.8571428571428571,0.4287924297924298,3,3,,,,
case_split,CSP1,2026,A_q_global,0.25,0.6,0.85,centroid,0.47619047619047616,0.38821705426356595,0.43915343915343913,0.56,0.0,0.6046511627906977,0.3888888888888889,0.0,0.9285714285714286,0.0,0.0,1.0,0.2777777777777778,0.07142857142857142,2,0,0.46153846153846156,3,0.3888888888888889,0.0,0.9285714285714286,0.3257058254267557,3,3,,,,
case_split,CSP1,2026,A_q_global,0.25,0.6,0.9,centroid,0.47619047619047616,0.37878787878787873,0.4444444444444444,0.5,0.0,0.6363636363636364,0.3333333333333333,0.0,1.0,0.0,0.0,1.0,0.3333333333333333,0.0,1,1,0.358974358974359,3,0.3333333333333333,0.0,1.0,0.329978354978355,3,3,,,,
case_split,CSP1,2026,A_q_global,0.25,0.65,0.75,centroid,0.5238095238095238,0.5136766034327009,0.5222222222222221,0.56,0.4444444444444444,0.5365853658536585,0.3888888888888889,0.4444444444444444,0.7333333333333333,0.4444444444444444,0.0,0.5555555555555556,0.05555555555555555,0.26666666666666666,8,5,0.8205128205128205,3,0.3888888888888889,0.4444444444444444,0.7333333333333333,0.49559891598915984,3,3,,,,
case_split,CSP1,2026,A_q_global,0.25,0.65,0.8,centroid,0.5,0.45968253968253975,0.482010582010582,0.56,0.28571428571428575,0.5333333333333333,0.3888888888888889,0.2,0.8571428571428571,0.5,0.0,0.8,0.0,0.14285714285714285,5,5,0.5641025641025641,3,0.3888888888888889,0.2,0.8571428571428571,0.4287924297924298,3,3,,,,
case_split,CSP1,2026,A_q_global,0.25,0.65,0.85,centroid,0.47619047619047616,0.38821705426356595,0.43915343915343913,0.56,0.0,0.6046511627906977,0.3888888888888889,0.0,0.9285714285714286,0.0,0.0,1.0,0.2777777777777778,0.07142857142857142,1,0,0.358974358974359,3,0.3888888888888889,0.0,0.9285714285714286,0.32945957918050944,3,3,,,,
case_split,CSP1,2026,A_q_global,0.25,0.65,0.9,centroid,0.4523809523809524,0.3941798941798942,0.43015873015873013,0.5,0.11111111111111112,0.5714285714285714,0.3333333333333333,0.1,0.8571428571428571,0.125,0.0,0.9,0.2777777777777778,0.14285714285714285,3,1,0.46153846153846156,3,0.3333333333333333,0.1,0.8571428571428571,0.36674136321195144,3,3,,,,
case_split,CSP1,2026,A_q_global,0.25,0.7,0.75,centroid,0.40476190476190477,0.39956487956487957,0.4703703703703703,0.56,0.48484848484848486,0.15384615384615383,0.3888888888888889,0.8888888888888888,0.13333333333333333,0.3333333333333333,0.0,0.1111111111111111,0.16666666666666666,0.8666666666666667,6,5,0.6666666666666666,3,0.3888888888888889,0.8888888888888888,0.13333333333333333,0.4497770007770008,3,3,,,,
case_split,CSP1,2026,A_q_global,0.25,0.7,0.8,centroid,0.5,0.5061751152073732,0.5259000259000258,0.56,0.5714285714285714,0.3870967741935484,0.3888888888888889,0.7272727272727273,0.46153846153846156,0.47058823529411764,0.0,0.2727272727272727,0.1111111111111111,0.5384615384615384,10,5,1.0769230769230769,3,0.3888888888888889,0.7272727272727273,0.46153846153846156,0.5310998959538857,3,3,,,,
case_split,CSP1,2026,A_q_global,0.25,0.7,0.85,centroid,0.42857142857142855,0.3717948717948718,0.4259259259259259,0.6153846153846153,0.0,0.5,0.4444444444444444,0.0,0.8333333333333334,0.0,0.0,1.0,0.2222222222222222,0.16666666666666666,3,0,0.5641025641025641,3,0.4444444444444444,0.0,0.8333333333333334,0.32405372405372407,3,3,,,,
case_split,CSP1,2026,A_q_global,0.25,0.7,0.9,centroid,0.4523809523809524,0.3771428571428572,0.46296296296296297,0.56,0.0,0.5714285714285715,0.3888888888888889,0.0,1.0,0.0,0.0,1.0,0.2777777777777778,0.0,2,1,0.46153846153846156,3,0.3888888888888889,0.0,1.0,0.34067388167388174,3,3,,,,
case_split,CSP1,2026,A_q_global,0.25,0.75,0.75,centroid,0.40476190476190477,0.39956487956487957,0.4703703703703703,0.56,0.48484848484848486,0.15384615384615383,0.3888888888888889,0.8888888888888888,0.13333333333333333,0.3333333333333333,0.0,0.1111111111111111,0.16666666666666666,0.8666666666666667,6,5,0.6666666666666666,3,0.3888888888888889,0.8888888888888888,0.13333333333333333,0.4497770007770008,3,3,,,,
case_split,CSP1,2026,A_q_global,0.25,0.75,0.8,centroid,0.5,0.5061751152073732,0.5259000259000258,0.56,0.5714285714285714,0.3870967741935484,0.3888888888888889,0.7272727272727273,0.46153846153846156,0.47058823529411764,0.0,0.2727272727272727,0.1111111111111111,0.5384615384615384,10,5,1.0769230769230769,3,0.3888888888888889,0.7272727272727273,0.46153846153846156,0.5310998959538857,3,3,,,,
case_split,CSP1,2026,A_q_global,0.25,0.75,0.85,centroid,0.42857142857142855,0.3717948717948718,0.4259259259259259,0.6153846153846153,0.0,0.5,0.4444444444444444,0.0,0.8333333333333334,0.0,0.0,1.0,0.2222222222222222,0.16666666666666666,3,0,0.5641025641025641,3,0.4444444444444444,0.0,0.8333333333333334,0.32405372405372407,3,3,,,,
case_split,CSP1,2026,A_q_global,0.25,0.75,0.9,centroid,0.4523809523809524,0.3771428571428572,0.46296296296296297,0.56,0.0,0.5714285714285715,0.3888888888888889,0.0,1.0,0.0,0.0,1.0,0.2777777777777778,0.0,2,1,0.46153846153846156,3,0.3888888888888889,0.0,1.0,0.34067388167388174,3,3,,,,
case_split,CSP1,2026,A_q_global,0.25,0.8,0.75,centroid,0.40476190476190477,0.39956487956487957,0.4703703703703703,0.56,0.48484848484848486,0.15384615384615383,0.3888888888888889,0.8888888888888888,0.13333333333333333,0.3333333333333333,0.0,0.1111111111111111,0.16666666666666666,0.8666666666666667,6,5,0.6666666666666666,3,0.3888888888888889,0.8888888888888888,0.13333333333333333,0.4497770007770008,3,3,,,,
case_split,CSP1,2026,A_q_global,0.25,0.8,0.8,centroid,0.5,0.5061751152073732,0.5259000259000258,0.56,0.5714285714285714,0.3870967741935484,0.3888888888888889,0.7272727272727273,0.46153846153846156,0.47058823529411764,0.0,0.2727272727272727,0.1111111111111111,0.5384615384615384,10,5,1.0769230769230769,3,0.3888888888888889,0.7272727272727273,0.46153846153846156,0.5310998959538857,3,3,,,,
case_split,CSP1,2026,A_q_global,0.25,0.8,0.85,centroid,0.4523809523809524,0.4111560953666216,0.47681947681947684,0.6153846153846153,0.10526315789473684,0.5128205128205129,0.4444444444444444,0.07692307692307693,0.9090909090909091,0.16666666666666666,0.0,0.9230769230769231,0.2222222222222222,0.09090909090909091,3,0,0.5641025641025641,3,0.4444444444444444,0.07692307692307693,0.9090909090909091,0.3757160967687283,3,3,,,,
case_split,CSP1,2026,A_q_global,0.25,0.8,0.9,centroid,0.42857142857142855,0.36552845528455286,0.46296296296296297,0.56,0.0,0.5365853658536585,0.3888888888888889,0.0,1.0,0.0,0.0,1.0,0.2777777777777778,0.0,2,1,0.46153846153846156,3,0.3888888888888889,0.0,1.0,0.33544740083764474,3,3,,,,
case_split,CSP1,2026,A_q_global,0.3,0.6,0.75,centroid,0.47619047619047616,0.4761904761904763,0.5777777777777777,0.5714285714285715,0.5,0.3571428571428571,0.4,1.0,0.3333333333333333,0.3333333333333333,0.0,0.0,0.2,0.6666666666666666,7,5,0.8205128205128205,3,0.4,1.0,0.3333333333333333,0.495952380952381,3,3,,,,
case_split,CSP1,2026,A_q_global,0.3,0.6,0.8,centroid,0.42857142857142855,0.40794499618029034,0.5142857142857142,0.5714285714285715,0.47058823529411764,0.18181818181818182,0.4,1.0,0.14285714285714285,0.3076923076923077,0.0,0.0,0.3,0.8571428571428571,7,4,0.7692307692307693,3,0.4,1.0,0.14285714285714285,0.4514420873244403,3,3,,,,
case_split,CSP1,2026,A_q_global,0.3,0.6,0.85,centroid,0.5,0.38989376973873097,0.45,0.5185185185185185,0.0,0.6511627906976745,0.35,0.0,1.0,0.0,0.0,1.0,0.3,0.0,0,0,0.3076923076923077,3,0.35,0.0,1.0,0.3226819261121587,3,3,,,,
case_split,CSP1,2026,A_q_global,0.3,0.6,0.9,centroid,0.47619047619047616,0.36125356125356123,0.43333333333333335,0.4615384615384615,0.0,0.6222222222222222,0.3,0.0,1.0,0.0,0.0,1.0,0.25,0.0,0,1,0.2564102564102564,3,0.3,0.0,1.0,0.31470695970695967,3,3,,,,
case_split,CSP1,2026,A_q_global,0.3,0.65,0.75,centroid,0.47619047619047616,0.4761904761904763,0.5777777777777777,0.5714285714285715,0.5,0.3571428571428571,0.4,1.0,0.3333333333333333,0.3333333333333333,0.0,0.0,0.2,0.6666666666666666,7,5,0.8205128205128205,3,0.4,1.0,0.3333333333333333,0.495952380952381,3,3,,,,
case_split,CSP1,2026,A_q_global,0.3,0.65,0.8,centroid,0.42857142857142855,0.40794499618029034,0.5142857142857142,0.5714285714285715,0.47058823529411764,0.18181818181818182,0.4,1.0,0.14285714285714285,0.3076923076923077,0.0,0.0,0.3,0.8571428571428571,7,4,0.7692307692307693,3,0.4,1.0,0.14285714285714285,0.4514420873244403,3,3,,,,
case_split,CSP1,2026,A_q_global,0.3,0.65,0.85,centroid,0.42857142857142855,0.3561728395061728,0.37857142857142856,0.5185185185185185,0.0,0.55,0.35,0.0,0.7857142857142857,0.0,0.0,1.0,0.3,0.21428571428571427,3,0,0.6153846153846154,3,0.35,0.0,0.7857142857142857,0.3003968253968254,3,3,,,,
case_split,CSP1,2026,A_q_global,0.3,0.65,0.9,centroid,0.5,0.3802469135802469,0.45,0.5185185185185185,0.0,0.6222222222222222,0.35,0.0,1.0,0.0,0.0,1.0,0.2,0.0,0,1,0.2564102564102564,3,0.35,0.0,1.0,0.32861111111111113,3,3,,,,
case_split,CSP1,2026,A_q_global,0.3,0.7,0.75,centroid,0.35714285714285715,0.34203142536475867,0.47222222222222227,0.5185185185185185,0.42424242424242425,0.08333333333333334,0.35,1.0,0.06666666666666667,0.2692307692307692,0.0,0.0,0.25,0.9333333333333333,5,5,0.5641025641025641,3,0.35,1.0,0.06666666666666667,0.40388500388500387,3,3,,,,
case_split,CSP1,2026,A_q_global,0.3,0.7,0.8,centroid,0.42857142857142855,0.38772607193659825,0.4923076923076923,0.5714285714285715,0.4864864864864865,0.10526315789473684,0.4,1.0,0.07692307692307693,0.32142857142857145,0.0,0.0,0.35,0.9230769230769231,5,5,0.5641025641025641,3,0.4,1.0,0.07692307692307693,0.4462602973129289,3,3,,,,
case_split,CSP1,2026,A_q_global,0.3,0.7,0.85,centroid,0.4523809523809524,0.4523809523809524,0.47222222222222227,0.5714285714285715,0.42857142857142855,0.35714285714285715,0.4,0.6,0.4166666666666667,0.3333333333333333,0.0,0.4,0.25,0.5833333333333334,4,0,0.717948717948718,3,0.4,0.6,0.4166666666666667,0.46869047619047616,3,3,,,,
case_split,CSP1,2026,A_q_global,0.3,0.7,0.9,centroid,0.47619047619047616,0.380952380952381,0.4666666666666666,0.5714285714285715,0.0,0.5714285714285715,0.4,0.0,1.0,0.0,0.0,1.0,0.2,0.0,1,0,0.41025641025641024,3,0.4,0.0,1.0,0.3342857142857143,3,3,,,,
case_split,CSP1,2026,A_q_global,0.3,0.75,0.75,centroid,0.35714285714285715,0.34203142536475867,0.47222222222222227,0.5185185185185185,0.42424242424242425,0.08333333333333334,0.35,1.0,0.06666666666666667,0.2692307692307692,0.0,0.0,0.25,0.9333333333333333,5,5,0.5641025641025641,3,0.35,1.0,0.06666666666666667,0.40388500388500387,3,3,,,,
case_split,CSP1,2026,A_q_global,0.3,0.75,0.8,centroid,0.42857142857142855,0.38772607193659825,0.4923076923076923,0.5714285714285715,0.4864864864864865,0.10526315789473684,0.4,1.0,0.07692307692307693,0.32142857142857145,0.0,0.0,0.35,0.9230769230769231,5,5,0.5641025641025641,3,0.4,1.0,0.07692307692307693,0.4462602973129289,3,3,,,,
case_split,CSP1,2026,A_q_global,0.3,0.75,0.85,centroid,0.4523809523809524,0.4523809523809524,0.47222222222222227,0.5714285714285715,0.42857142857142855,0.35714285714285715,0.4,0.6,0.4166666666666667,0.3333333333333333,0.0,0.4,0.25,0.5833333333333334,4,0,0.717948717948718,3,0.4,0.6,0.4166666666666667,0.46869047619047616,3,3,,,,
case_split,CSP1,2026,A_q_global,0.3,0.75,0.9,centroid,0.47619047619047616,0.380952380952381,0.4666666666666666,0.5714285714285715,0.0,0.5714285714285715,0.4,0.0,1.0,0.0,0.0,1.0,0.2,0.0,1,0,0.41025641025641024,3,0.4,0.0,1.0,0.3342857142857143,3,3,,,,
case_split,CSP1,2026,A_q_global,0.3,0.8,0.75,centroid,0.35714285714285715,0.34203142536475867,0.47222222222222227,0.5185185185185185,0.42424242424242425,0.08333333333333334,0.35,1.0,0.06666666666666667,0.2692307692307692,0.0,0.0,0.25,0.9333333333333333,5,5,0.5641025641025641,3,0.35,1.0,0.06666666666666667,0.40388500388500387,3,3,,,,
case_split,CSP1,2026,A_q_global,0.3,0.8,0.8,centroid,0.42857142857142855,0.38772607193659825,0.4923076923076923,0.5714285714285715,0.4864864864864865,0.10526315789473684,0.4,1.0,0.07692307692307693,0.32142857142857145,0.0,0.0,0.35,0.9230769230769231,5,5,0.5641025641025641,3,0.4,1.0,0.07692307692307693,0.4462602973129289,3,3,,,,
case_split,CSP1,2026,A_q_global,0.3,0.8,0.85,centroid,0.47619047619047616,0.4748525208295323,0.496969696969697,0.5714285714285715,0.4827586206896552,0.3703703703703703,0.4,0.6363636363636364,0.45454545454545453,0.3888888888888889,0.0,0.36363636363636365,0.25,0.5454545454545454,4,0,0.717948717948718,3,0.4,0.6363636363636364,0.45454545454545453,0.49606160123401505,3,3,,,,
case_split,CSP1,2026,A_q_global,0.3,0.8,0.9,centroid,0.4523809523809524,0.3693379790940767,0.4666666666666666,0.5714285714285715,0.0,0.5365853658536585,0.4,0.0,1.0,0.0,0.0,1.0,0.2,0.0,1,0,0.41025641025641024,3,0.4,0.0,1.0,0.32905923344947735,3,3,,,,
case_split,CSP1,2026,A_q_global,0.35,0.6,0.75,centroid,0.30952380952380953,0.28194444444444444,0.4545454545454546,0.5333333333333333,0.3125,0.0,0.36363636363636365,1.0,0.0,0.18518518518518517,0.0,0.0,0.3181818181818182,1.0,5,5,0.5128205128205128,3,0.36363636363636365,1.0,0.0,0.34423444976076556,3,3,,,,
case_split,CSP1,2026,A_q_global,0.35,0.6,0.8,centroid,0.3333333333333333,0.298989898989899,0.4545454545454546,0.5333333333333333,0.3636363636363636,0.0,0.36363636363636365,1.0,0.0,0.2222222222222222,0.0,0.0,0.3181818181818182,1.0,5,5,0.5128205128205128,3,0.36363636363636365,1.0,0.0,0.364688995215311,3,3,,,,
case_split,CSP1,2026,A_q_global,0.35,0.6,0.85,centroid,0.47619047619047616,0.3672687465790914,0.41558441558441556,0.4827586206896552,0.0,0.6190476190476191,0.3181818181818182,0.0,0.9285714285714286,0.0,0.0,1.0,0.2727272727272727,0.07142857142857142,1,1,0.358974358974359,3,0.3181818181818182,0.0,0.9285714285714286,0.3046356253252805,3,3,,,,
case_split,CSP1,2026,A_q_global,0.35,0.6,0.9,centroid,0.5,0.3638180909545228,0.4393939393939394,0.4827586206896552,0.0,0.6086956521739131,0.3181818181818182,0.0,1.0,0.0,0.0,1.0,0.13636363636363635,0.0,0,2,0.20512820512820512,3,0.3181818181818182,0.0,1.0,0.3120596642710586,3,3,,,,
case_split,CSP1,2026,A_q_global,0.35,0.65,0.75,centroid,0.30952380952380953,0.28194444444444444,0.4545454545454546,0.5333333333333333,0.3125,0.0,0.36363636363636365,1.0,0.0,0.18518518518518517,0.0,0.0,0.3181818181818182,1.0,5,5,0.5128205128205128,3,0.36363636363636365,1.0,0.0,0.34423444976076556,3,3,,,,
case_split,CSP1,2026,A_q_global,0.35,0.65,0.8,centroid,0.3333333333333333,0.298989898989899,0.4545454545454546,0.5333333333333333,0.3636363636363636,0.0,0.36363636363636365,1.0,0.0,0.2222222222222222,0.0,0.0,0.3181818181818182,1.0,5,5,0.5128205128205128,3,0.36363636363636365,1.0,0.0,0.364688995215311,3,3,,,,
case_split,CSP1,2026,A_q_global,0.35,0.65,0.85,centroid,0.30952380952380953,0.3064221857325306,0.3441558441558441,0.4827586206896552,0.22222222222222224,0.21428571428571427,0.3181818181818182,0.5,0.21428571428571427,0.14285714285714285,0.0,0.5,0.3181818181818182,0.7857142857142857,3,1,0.46153846153846156,3,0.3181818181818182,0.5,0.21428571428571427,0.3247986454883007,3,3,,,,
case_split,CSP1,2026,A_q_global,0.35,0.65,0.9,centroid,0.5,0.3683269476372925,0.4393939393939394,0.4827586206896552,0.0,0.6222222222222222,0.3181818181818182,0.0,1.0,0.0,0.0,1.0,0.18181818181818182,0.0,0,1,0.2564102564102564,3,0.3181818181818182,0.0,1.0,0.3167913524810077,3,3,,,,
case_split,CSP1,2026,A_q_global,0.35,0.7,0.75,centroid,0.3333333333333333,0.3166666666666667,0.4767676767676768,0.5333333333333333,0.33333333333333337,0.08333333333333334,0.36363636363636365,1.0,0.06666666666666667,0.2,0.0,0.0,0.2727272727272727,0.9333333333333333,6,5,0.6666666666666666,3,0.36363636363636365,1.0,0.06666666666666667,0.37167280917280915,3,3,,,,
case_split,CSP1,2026,A_q_global,0.35,0.7,0.8,centroid,0.38095238095238093,0.3539141414141414,0.4801864801864802,0.5333333333333333,0.43750000000000006,0.09090909090909093,0.36363636363636365,1.0,0.07692307692307693,0.28,0.0,0.0,0.2727272727272727,0.9230769230769231,6,5,0.6666666666666666,3,0.36363636363636365,1.0,0.07692307692307693,0.41498865998866,3,3,,,,
case_split,CSP1,2026,A_q_global,0.35,0.7,0.85,centroid,0.35714285714285715,0.3422799422799423,0.3851010101010101,0.5333333333333333,0.30303030303030304,0.1904761904761905,0.36363636363636365,0.625,0.16666666666666666,0.2,0.0,0.375,0.45454545454545453,0.8333333333333334,4,0,0.5641025641025641,3,0.36363636363636365,0.625,0.16666666666666666,0.3699811337311337,3,3,,,,
case_split,CSP1,2026,A_q_global,0.35,0.7,0.9,centroid,0.47619047619047616,0.3682539682539683,0.4545454545454546,0.5333333333333333,0.0,0.5714285714285715,0.36363636363636365,0.0,1.0,0.0,0.0,1.0,0.18181818181818182,0.0,1,0,0.41025641025641024,3,0.36363636363636365,0.0,1.0,0.32173394173394176,3,3,,,,
case_split,CSP1,2026,A_q_global,0.35,0.75,0.75,centroid,0.3333333333333333,0.3166666666666667,0.4767676767676768,0.5333333333333333,0.33333333333333337,0.08333333333333334,0.36363636363636365,1.0,0.06666666666666667,0.2,0.0,0.0,0.2727272727272727,0.9333333333333333,6,5,0.6666666666666666,3,0.36363636363636365,1.0,0.06666666666666667,0.37167280917280915,3,3,,,,
case_split,CSP1,2026,A_q_global,0.35,0.75,0.8,centroid,0.38095238095238093,0.3539141414141414,0.4801864801864802,0.5333333333333333,0.43750000000000006,0.09090909090909093,0.36363636363636365,1.0,0.07692307692307693,0.28,0.0,0.0,0.2727272727272727,0.9230769230769231,6,5,0.6666666666666666,3,0.36363636363636365,1.0,0.07692307692307693,0.41498865998866,3,3,,,,
case_split,CSP1,2026,A_q_global,0.35,0.75,0.85,centroid,0.35714285714285715,0.3422799422799423,0.3851010101010101,0.5333333333333333,0.30303030303030304,0.1904761904761905,0.36363636363636365,0.625,0.16666666666666666,0.2,0.0,0.375,0.45454545454545453,0.8333333333333334,4,0,0.5641025641025641,3,0.36363636363636365,0.625,0.16666666666666666,0.3699811337311337,3,3,,,,
case_split,CSP1,2026,A_q_global,0.35,0.75,0.9,centroid,0.47619047619047616,0.3682539682539683,0.4545454545454546,0.5333333333333333,0.0,0.5714285714285715,0.36363636363636365,0.0,1.0,0.0,0.0,1.0,0.18181818181818182,0.0,1,0,0.41025641025641024,3,0.36363636363636365,0.0,1.0,0.32173394173394176,3,3,,,,
case_split,CSP1,2026,A_q_global,0.35,0.8,0.75,centroid,0.3333333333333333,0.3166666666666667,0.4767676767676768,0.5333333333333333,0.33333333333333337,0.08333333333333334,0.36363636363636365,1.0,0.06666666666666667,0.2,0.0,0.0,0.2727272727272727,0.9333333333333333,6,5,0.6666666666666666,3,0.36363636363636365,1.0,0.06666666666666667,0.37167280917280915,3,3,,,,
case_split,CSP1,2026,A_q_global,0.35,0.8,0.8,centroid,0.38095238095238093,0.3539141414141414,0.4801864801864802,0.5333333333333333,0.43750000000000006,0.09090909090909093,0.36363636363636365,1.0,0.07692307692307693,0.28,0.0,0.0,0.2727272727272727,0.9230769230769231,6,5,0.6666666666666666,3,0.36363636363636365,1.0,0.07692307692307693,0.41498865998866,3,3,,,,
case_split,CSP1,2026,A_q_global,0.35,0.8,0.85,centroid,0.38095238095238093,0.36209150326797385,0.40404040404040403,0.5333333333333333,0.3529411764705882,0.19999999999999998,0.36363636363636365,0.6666666666666666,0.18181818181818182,0.24,0.0,0.3333333333333333,0.45454545454545453,0.8181818181818182,4,0,0.5641025641025641,3,0.36363636363636365,0.6666666666666666,0.18181818181818182,0.3942149636267283,3,3,,,,
case_split,CSP1,2026,A_q_global,0.35,0.8,0.9,centroid,0.4523809523809524,0.3566395663956639,0.4545454545454546,0.5333333333333333,0.0,0.5365853658536585,0.36363636363636365,0.0,1.0,0.0,0.0,1.0,0.18181818181818182,0.0,1,0,0.41025641025641024,3,0.36363636363636365,0.0,1.0,0.31650746089770476,3,3,,,,
case_split,CSP1,2026,A_q_global,0.4,0.6,0.75,centroid,0.40476190476190477,0.39166666666666666,0.503968253968254,0.5,0.3,0.375,0.3333333333333333,0.75,0.42857142857142855,0.1875,0.0,0.25,0.20833333333333334,0.5714285714285714,5,5,0.6666666666666666,3,0.3333333333333333,0.75,0.42857142857142855,0.38614756367663344,3,3,,,,
case_split,CSP1,2026,A_q_global,0.4,0.6,0.8,centroid,0.38095238095238093,0.36943164362519204,0.4393162393162393,0.5,0.2857142857142857,0.3225806451612903,0.3333333333333333,0.6,0.38461538461538464,0.1875,0.0,0.4,0.20833333333333334,0.6153846153846154,5,5,0.6666666666666666,3,0.3333333333333333,0.6,0.38461538461538464,0.3628725725387391,3,3,,,,
case_split,CSP1,2026,A_q_global,0.4,0.6,0.85,centroid,0.38095238095238093,0.3686868686868687,0.4393162393162393,0.5,0.2727272727272727,0.33333333333333337,0.3333333333333333,0.6,0.38461538461538464,0.17647058823529413,0.0,0.4,0.25,0.6153846153846154,5,5,0.6666666666666666,3,0.3333333333333333,0.6,0.38461538461538464,0.3616162519650892,3,3,,,,
case_split,CSP1,2026,A_q_global,0.4,0.6,0.9,centroid,0.38095238095238093,0.3525252525252525,0.3572649572649573,0.5,0.0909090909090909,0.4666666666666667,0.3333333333333333,0.2,0.5384615384615384,0.058823529411764705,0.0,0.8,0.4166666666666667,0.46153846153846156,4,0,0.717948717948718,3,0.3333333333333333,0.2,0.5384615384615384,0.3012324497208218,3,3,,,,
case_split,CSP1,2026,A_q_global,0.4,0.65,0.75,centroid,0.40476190476190477,0.39166666666666666,0.503968253968254,0.5,0.3,0.375,0.3333333333333333,0.75,0.42857142857142855,0.1875,0.0,0.25,0.20833333333333334,0.5714285714285714,5,5,0.6666666666666666,3,0.3333333333333333,0.75,0.42857142857142855,0.38614756367663344,3,3,,,,
case_split,CSP1,2026,A_q_global,0.4,0.65,0.8,centroid,0.38095238095238093,0.36943164362519204,0.4393162393162393,0.5,0.2857142857142857,0.3225806451612903,0.3333333333333333,0.6,0.38461538461538464,0.1875,0.0,0.4,0.20833333333333334,0.6153846153846154,5,5,0.6666666666666666,3,0.3333333333333333,0.6,0.38461538461538464,0.3628725725387391,3,3,,,,
case_split,CSP1,2026,A_q_global,0.4,0.65,0.85,centroid,0.3333333333333333,0.3242424242424243,0.38803418803418804,0.5,0.2727272727272727,0.20000000000000004,0.3333333333333333,0.6,0.23076923076923078,0.17647058823529413,0.0,0.4,0.16666666666666666,0.7692307692307693,6,5,0.6666666666666666,3,0.3333333333333333,0.6,0.23076923076923078,0.3362495256681303,3,3,,,,
case_split,CSP1,2026,A_q_global,0.4,0.65,0.9,centroid,0.2857142857142857,0.2629288274449565,0.3367521367521367,0.5,0.1935483870967742,0.09523809523809525,0.3333333333333333,0.6,0.07692307692307693,0.11538461538461539,0.0,0.4,0.4583333333333333,0.9230769230769231,7,4,0.7692307692307693,3,0.3333333333333333,0.6,0.07692307692307693,0.28582254080003516,3,3,,,,
case_split,CSP1,2026,A_q_global,0.4,0.7,0.75,centroid,0.40476190476190477,0.39166666666666666,0.503968253968254,0.5,0.3,0.375,0.3333333333333333,0.75,0.42857142857142855,0.1875,0.0,0.25,0.20833333333333334,0.5714285714285714,5,5,0.6666666666666666,3,0.3333333333333333,0.75,0.42857142857142855,0.3884731450719823,3,3,,,,
case_split,CSP1,2026,A_q_global,0.4,0.7,0.8,centroid,0.40476190476190477,0.398989898989899,0.47222222222222227,0.5,0.36363636363636365,0.33333333333333337,0.3333333333333333,0.6666666666666666,0.4166666666666667,0.25,0.0,0.3333333333333333,0.20833333333333334,0.5833333333333334,5,5,0.6666666666666666,3,0.3333333333333333,0.6666666666666666,0.4166666666666667,0.402915785764623,3,3,,,,
case_split,CSP1,2026,A_q_global,0.4,0.7,0.85,centroid,0.35714285714285715,0.3395802098950525,0.40981240981240985,0.5,0.3448275862068965,0.17391304347826086,0.3333333333333333,0.7142857142857143,0.18181818181818182,0.22727272727272727,0.0,0.2857142857142857,0.3333333333333333,0.8181818181818182,7,5,0.7692307692307693,3,0.3333333333333333,0.7142857142857143,0.18181818181818182,0.3667689222438011,3,3,,,,
case_split,CSP1,2026,A_q_global,0.4,0.7,0.9,centroid,0.35714285714285715,0.3,0.4444444444444444,0.5,0.4,0.0,0.3333333333333333,1.0,0.0,0.25,0.0,0.0,0.4166666666666667,1.0,5,5,0.5128205128205128,3,0.3333333333333333,1.0,0.0,0.3725968992248062,3,3,,,,
case_split,CSP1,2026,A_q_global,0.4,0.75,0.75,centroid,0.40476190476190477,0.39166666666666666,0.503968253968254,0.5,0.3,0.375,0.3333333333333333,0.75,0.42857142857142855,0.1875,0.0,0.25,0.20833333333333334,0.5714285714285714,5,5,0.6666666666666666,3,0.3333333333333333,0.75,0.42857142857142855,0.3884731450719823,3,3,,,,
case_split,CSP1,2026,A_q_global,0.4,0.75,0.8,centroid,0.40476190476190477,0.398989898989899,0.47222222222222227,0.5,0.36363636363636365,0.33333333333333337,0.3333333333333333,0.6666666666666666,0.4166666666666667,0.25,0.0,0.3333333333333333,0.20833333333333334,0.5833333333333334,5,5,0.6666666666666666,3,0.3333333333333333,0.6666666666666666,0.4166666666666667,0.402915785764623,3,3,,,,
case_split,CSP1,2026,A_q_global,0.4,0.75,0.85,centroid,0.35714285714285715,0.3395802098950525,0.40981240981240985,0.5,0.3448275862068965,0.17391304347826086,0.3333333333333333,0.7142857142857143,0.18181818181818182,0.22727272727272727,0.0,0.2857142857142857,0.3333333333333333,0.8181818181818182,7,5,0.7692307692307693,3,0.3333333333333333,0.7142857142857143,0.18181818181818182,0.3667689222438011,3,3,,,,
case_split,CSP1,2026,A_q_global,0.4,0.75,0.9,centroid,0.35714285714285715,0.3,0.4444444444444444,0.5,0.4,0.0,0.3333333333333333,1.0,0.0,0.25,0.0,0.0,0.4166666666666667,1.0,5,5,0.5128205128205128,3,0.3333333333333333,1.0,0.0,0.3725968992248062,3,3,,,,
case_split,CSP1,2026,A_q_global,0.4,0.8,0.75,centroid,0.40476190476190477,0.39166666666666666,0.503968253968254,0.5,0.3,0.375,0.3333333333333333,0.75,0.42857142857142855,0.1875,0.0,0.25,0.20833333333333334,0.5714285714285714,5,5,0.6666666666666666,3,0.3333333333333333,0.75,0.42857142857142855,0.3884731450719823,3,3,,,,
case_split,CSP1,2026,A_q_global,0.4,0.8,0.8,centroid,0.40476190476190477,0.398989898989899,0.47222222222222227,0.5,0.36363636363636365,0.33333333333333337,0.3333333333333333,0.6666666666666666,0.4166666666666667,0.25,0.0,0.3333333333333333,0.20833333333333334,0.5833333333333334,5,5,0.6666666666666666,3,0.3333333333333333,0.6666666666666666,0.4166666666666667,0.402915785764623,3,3,,,,
case_split,CSP1,2026,A_q_global,0.4,0.8,0.85,centroid,0.38095238095238093,0.3606060606060606,0.42777777777777776,0.5,0.39999999999999997,0.1818181818181818,0.3333333333333333,0.75,0.2,0.2727272727272727,0.0,0.25,0.3333333333333333,0.8,7,5,0.7692307692307693,3,0.3333333333333333,0.75,0.2,0.3927184637068358,3,3,,,,
case_split,CSP1,2026,A_q_global,0.4,0.8,0.9,centroid,0.38095238095238093,0.3148148148148148,0.4444444444444444,0.5,0.4444444444444445,0.0,0.3333333333333333,1.0,0.0,0.2857142857142857,0.0,0.0,0.4166666666666667,1.0,5,5,0.5128205128205128,3,0.3333333333333333,1.0,0.0,0.39037467700258394,3,3,,,,
case_split,CSP1,2026,B_vb_engineering,,,,centroid,0.5714285714285714,0.5712418300653596,0.6134453781512604,0.6,0.4666666666666667,0.6470588235294118,0.42857142857142855,0.4117647058823529,1.0,0.5384615384615384,0.0,0.5882352941176471,0.42857142857142855,0.0,3,0,0.6153846153846154,3,0.42857142857142855,0.4117647058823529,1.0,0.5669618091138896,3,3,0.14500000000000002,0.45749999999999996,0.25,0.75
case_split,CSP1,2026,B_vb_engineering,,,,centroid,0.5714285714285714,0.5619047619047618,0.6,0.5714285714285715,0.42857142857142855,0.6857142857142856,0.4,0.4,1.0,0.46153846153846156,0.0,0.6,0.4666666666666667,0.0,2,0,0.5128205128205128,3,0.4,0.4,1.0,0.5757575757575758,3,3,0.158,0.42266666666666663,0.3,0.7
case_split,CSP1,2026,B_vb_engineering,,,,centroid,0.5,0.45995423340961095,0.5065359477124183,0.5217391304347826,0.17391304347826086,0.6842105263157895,0.35294117647058826,0.16666666666666666,1.0,0.18181818181818182,0.0,0.8333333333333334,0.5294117647058824,0.0,1,0,0.41025641025641024,3,0.35294117647058826,0.16666666666666666,1.0,0.46264495461247707,3,3,0.19416666666666665,0.4063333333333334,0.35,0.65
case_split,CSP2,2026,A_q_global,0.25,0.6,0.75,centroid,0.4523809523809524,0.45400167084377613,0.45555555555555555,0.56,0.380952380952381,0.4210526315789474,0.3888888888888889,0.4444444444444444,0.5333333333333333,0.3333333333333333,0.0,0.5555555555555556,0.05555555555555555,0.4666666666666667,6,5,0.6666666666666666,3,0.3888888888888889,0.4444444444444444,0.5333333333333333,0.44351320609215344,3,3,,,,
case_split,CSP2,2026,A_q_global,0.25,0.6,0.8,centroid,0.42857142857142855,0.434004914004914,0.42962962962962964,0.56,0.3636363636363636,0.3783783783783784,0.3888888888888889,0.4,0.5,0.3333333333333333,0.0,0.6,0.05555555555555555,0.5,6,5,0.6666666666666666,3,0.3888888888888889,0.4,0.5,0.42629677229677226,3,3,,,,
case_split,CSP2,2026,A_q_global,0.25,0.6,0.85,centroid,0.3333333333333333,0.3240740740740741,0.3111111111111111,0.5,0.08333333333333333,0.3888888888888889,0.3333333333333333,0.1,0.5,0.07142857142857142,0.0,0.9,0.3333333333333333,0.5,6,1,0.7692307692307693,3,0.3333333333333333,0.1,0.5,0.2957657657657658,3,3,,,,
case_split,CSP2,2026,A_q_global,0.25,0.6,0.9,centroid,0.40476190476190477,0.34552845528455284,0.373015873015873,0.5,0.0,0.5365853658536585,0.3333333333333333,0.0,0.7857142857142857,0.0,0.0,1.0,0.3333333333333333,0.21428571428571427,3,1,0.46153846153846156,3,0.3333333333333333,0.0,0.7857142857142857,0.30555783288925326,3,3,,,,
case_split,CSP2,2026,A_q_global,0.25,0.65,0.75,centroid,0.4523809523809524,0.45400167084377613,0.45555555555555555,0.56,0.380952380952381,0.4210526315789474,0.3888888888888889,0.4444444444444444,0.5333333333333333,0.3333333333333333,0.0,0.5555555555555556,0.05555555555555555,0.4666666666666667,6,5,0.6666666666666666,3,0.3888888888888889,0.4444444444444444,0.5333333333333333,0.44351320609215344,3,3,,,,
case_split,CSP2,2026,A_q_global,0.25,0.65,0.8,centroid,0.42857142857142855,0.434004914004914,0.42962962962962964,0.56,0.3636363636363636,0.3783783783783784,0.3888888888888889,0.4,0.5,0.3333333333333333,0.0,0.6,0.05555555555555555,0.5,6,5,0.6666666666666666,3,0.3888888888888889,0.4,0.5,0.42629677229677226,3,3,,,,
case_split,CSP2,2026,A_q_global,0.25,0.65,0.85,centroid,0.40476190476190477,0.41043209876543213,0.40582010582010586,0.56,0.29629629629629634,0.375,0.3888888888888889,0.4,0.42857142857142855,0.23529411764705882,0.0,0.6,0.2777777777777778,0.5714285714285714,5,1,0.6666666666666666,3,0.3888888888888889,0.4,0.42857142857142855,0.4057526455026455,3,3,,,,
case_split,CSP2,2026,A_q_global,0.25,0.65,0.9,centroid,0.35714285714285715,0.36195286195286197,0.353968253968254,0.5,0.22222222222222224,0.36363636363636365,0.3333333333333333,0.3,0.42857142857142855,0.17647058823529413,0.0,0.7,0.3333333333333333,0.5714285714285714,6,1,0.7692307692307693,3,0.3333333333333333,0.3,0.42857142857142855,0.3685884050589933,3,3,,,,
case_split,CSP2,2026,A_q_global,0.25,0.7,0.75,centroid,0.5,0.5061751152073733,0.5592592592592592,0.56,0.5714285714285714,0.38709677419354843,0.3888888888888889,0.8888888888888888,0.4,0.42105263157894735,0.0,0.1111111111111111,0.1111111111111111,0.6,6,5,0.6153846153846154,3,0.3888888888888889,0.8888888888888888,0.4,0.5334722020104024,3,3,,,,
case_split,CSP2,2026,A_q_global,0.25,0.7,0.8,centroid,0.5,0.5016091954022989,0.5305620305620306,0.56,0.6,0.3448275862068966,0.3888888888888889,0.8181818181818182,0.38461538461538464,0.47368421052631576,0.0,0.18181818181818182,0.1111111111111111,0.6153846153846154,6,5,0.6153846153846154,3,0.3888888888888889,0.8181818181818182,0.38461538461538464,0.5342558109363917,3,3,,,,
case_split,CSP2,2026,A_q_global,0.25,0.7,0.85,centroid,0.4523809523809524,0.45628593628593633,0.462962962962963,0.56,0.4242424242424242,0.3846153846153846,0.3888888888888889,0.5833333333333334,0.4166666666666667,0.3333333333333333,0.0,0.4166666666666667,0.3888888888888889,0.5833333333333334,5,0,0.717948717948718,3,0.3888888888888889,0.5833333333333334,0.4166666666666667,0.4708337218337219,3,3,,,,
case_split,CSP2,2026,A_q_global,0.25,0.7,0.9,centroid,0.42857142857142855,0.43494252873563227,0.4351851851851852,0.56,0.4,0.3448275862068966,0.3888888888888889,0.5,0.4166666666666667,0.3333333333333333,0.0,0.5,0.2777777777777778,0.5833333333333334,7,1,0.8717948717948718,3,0.3888888888888889,0.5,0.4166666666666667,0.46100191570881227,3,3,,,,
case_split,CSP2,2026,A_q_global,0.25,0.75,0.75,centroid,0.5,0.5061751152073733,0.5592592592592592,0.56,0.5714285714285714,0.38709677419354843,0.3888888888888889,0.8888888888888888,0.4,0.42105263157894735,0.0,0.1111111111111111,0.1111111111111111,0.6,6,5,0.6153846153846154,3,0.3888888888888889,0.8888888888888888,0.4,0.5334722020104024,3,3,,,,
case_split,CSP2,2026,A_q_global,0.25,0.75,0.8,centroid,0.5,0.5016091954022989,0.5305620305620306,0.56,0.6,0.3448275862068966,0.3888888888888889,0.8181818181818182,0.38461538461538464,0.47368421052631576,0.0,0.18181818181818182,0.1111111111111111,0.6153846153846154,6,5,0.6153846153846154,3,0.3888888888888889,0.8181818181818182,0.38461538461538464,0.5342558109363917,3,3,,,,
case_split,CSP2,2026,A_q_global,0.25,0.75,0.85,centroid,0.4523809523809524,0.45628593628593633,0.462962962962963,0.56,0.4242424242424242,0.3846153846153846,0.3888888888888889,0.5833333333333334,0.4166666666666667,0.3333333333333333,0.0,0.4166666666666667,0.3888888888888889,0.5833333333333334,5,0,0.717948717948718,3,0.3888888888888889,0.5833333333333334,0.4166666666666667,0.4708337218337219,3,3,,,,
case_split,CSP2,2026,A_q_global,0.25,0.75,0.9,centroid,0.42857142857142855,0.43494252873563227,0.4351851851851852,0.56,0.4,0.3448275862068966,0.3888888888888889,0.5,0.4166666666666667,0.3333333333333333,0.0,0.5,0.2777777777777778,0.5833333333333334,7,1,0.8717948717948718,3,0.3888888888888889,0.5,0.4166666666666667,0.46100191570881227,3,3,,,,
case_split,CSP2,2026,A_q_global,0.25,0.8,0.75,centroid,0.5,0.5061751152073733,0.5592592592592592,0.56,0.5714285714285714,0.38709677419354843,0.3888888888888889,0.8888888888888888,0.4,0.42105263157894735,0.0,0.1111111111111111,0.1111111111111111,0.6,6,5,0.6153846153846154,3,0.3888888888888889,0.8888888888888888,0.4,0.5334722020104024,3,3,,,,
case_split,CSP2,2026,A_q_global,0.25,0.8,0.8,centroid,0.5,0.5016091954022989,0.5305620305620306,0.56,0.6,0.3448275862068966,0.3888888888888889,0.8181818181818182,0.38461538461538464,0.47368421052631576,0.0,0.18181818181818182,0.1111111111111111,0.6153846153846154,6,5,0.6153846153846154,3,0.3888888888888889,0.8181818181818182,0.38461538461538464,0.5342558109363917,3,3,,,,
case_split,CSP2,2026,A_q_global,0.25,0.8,0.85,centroid,0.42857142857142855,0.43058823529411766,0.4303289303289303,0.56,0.41176470588235287,0.32,0.3888888888888889,0.5384615384615384,0.36363636363636365,0.3333333333333333,0.0,0.46153846153846156,0.3888888888888889,0.6363636363636364,5,0,0.717948717948718,3,0.3888888888888889,0.5384615384615384,0.36363636363636365,0.4512552219022807,3,3,,,,
case_split,CSP2,2026,A_q_global,0.25,0.8,0.9,centroid,0.40476190476190477,0.41093701996927806,0.4046879046879048,0.56,0.3870967741935484,0.2857142857142857,0.3888888888888889,0.46153846153846156,0.36363636363636365,0.3333333333333333,0.0,0.5384615384615384,0.2777777777777778,0.6363636363636364,7,1,0.8717948717948718,3,0.3888888888888889,0.46153846153846156,0.36363636363636365,0.4423990382377479,3,3,,,,
case_split,CSP2,2026,A_q_global,0.3,0.6,0.75,centroid,0.3333333333333333,0.3100944081336238,0.45,0.5185185185185185,0.4117647058823529,0.0,0.35,1.0,0.0,0.25925925925925924,0.0,0.0,0.25,1.0,5,5,0.5128205128205128,3,0.35,1.0,0.0,0.38049648064353947,3,3,,,,
case_split,CSP2,2026,A_q_global,0.3,0.6,0.8,centroid,0.35714285714285715,0.3252204585537919,0.45,0.5185185185185185,0.45714285714285713,0.0,0.35,1.0,0.0,0.2962962962962963,0.0,0.0,0.25,1.0,5,5,0.5128205128205128,3,0.35,1.0,0.0,0.39864774114774115,3,3,,,,
case_split,CSP2,2026,A_q_global,0.3,0.6,0.85,centroid,0.30952380952380953,0.3125763125763126,0.3023809523809524,0.4615384615384615,0.14285714285714288,0.3333333333333333,0.3,0.25,0.35714285714285715,0.1,0.0,0.75,0.45,0.6428571428571429,5,0,0.717948717948718,3,0.3,0.25,0.35714285714285715,0.29875779625779625,3,3,,,,
case_split,CSP2,2026,A_q_global,0.3,0.6,0.9,centroid,0.35714285714285715,0.33229733229733227,0.33214285714285713,0.4615384615384615,0.09090909090909091,0.4444444444444444,0.3,0.125,0.5714285714285714,0.07142857142857142,0.0,0.875,0.35,0.42857142857142855,6,0,0.8205128205128205,3,0.3,0.125,0.5714285714285714,0.30819361194361194,3,3,,,,
case_split,CSP2,2026,A_q_global,0.3,0.65,0.75,centroid,0.3333333333333333,0.3100944081336238,0.45,0.5185185185185185,0.4117647058823529,0.0,0.35,1.0,0.0,0.25925925925925924,0.0,0.0,0.25,1.0,5,5,0.5128205128205128,3,0.35,1.0,0.0,0.38049648064353947,3,3,,,,
case_split,CSP2,2026,A_q_global,0.3,0.65,0.8,centroid,0.35714285714285715,0.3252204585537919,0.45,0.5185185185185185,0.45714285714285713,0.0,0.35,1.0,0.0,0.2962962962962963,0.0,0.0,0.25,1.0,5,5,0.5128205128205128,3,0.35,1.0,0.0,0.39864774114774115,3,3,,,,
case_split,CSP2,2026,A_q_global,0.3,0.65,0.85,centroid,0.30952380952380953,0.30950617283950616,0.33095238095238094,0.5185185185185185,0.25,0.16,0.35,0.5,0.14285714285714285,0.16666666666666666,0.0,0.5,0.4,0.8571428571428571,4,0,0.5641025641025641,3,0.35,0.5,0.14285714285714285,0.3319761904761905,3,3,,,,
case_split,CSP2,2026,A_q_global,0.3,0.65,0.9,centroid,0.38095238095238093,0.3787948411604325,0.3845238095238095,0.5185185185185185,0.23076923076923078,0.3870967741935484,0.35,0.375,0.42857142857142855,0.16666666666666666,0.0,0.625,0.35,0.5714285714285714,7,0,0.9230769230769231,3,0.35,0.375,0.42857142857142855,0.37471744653196265,3,3,,,,
case_split,CSP2,2026,A_q_global,0.3,0.7,0.75,centroid,0.35714285714285715,0.3390799153800006,0.47222222222222227,0.5185185185185185,0.4117647058823529,0.08695652173913045,0.35,1.0,0.06666666666666667,0.25925925925925924,0.0,0.0,0.3,0.9333333333333333,5,5,0.5641025641025641,3,0.35,1.0,0.06666666666666667,0.40004468225123757,3,3,,,,
case_split,CSP2,2026,A_q_global,0.3,0.7,0.8,centroid,0.40476190476190477,0.371252204585538,0.47564102564102567,0.5185185185185185,0.5,0.09523809523809525,0.35,1.0,0.07692307692307693,0.3333333333333333,0.0,0.0,0.3,0.9230769230769231,5,5,0.5641025641025641,3,0.35,1.0,0.07692307692307693,0.43709385643596177,3,3,,,,
case_split,CSP2,2026,A_q_global,0.3,0.7,0.85,centroid,0.40476190476190477,0.3867724867724868,0.4222222222222223,0.5714285714285715,0.3888888888888889,0.2,0.4,0.7,0.16666666666666666,0.2692307692307692,0.0,0.3,0.45,0.8333333333333334,4,0,0.5641025641025641,3,0.4,0.7,0.16666666666666666,0.41793650793650794,3,3,,,,
case_split,CSP2,2026,A_q_global,0.3,0.7,0.9,centroid,0.42857142857142855,0.4285714285714286,0.4388888888888889,0.5714285714285715,0.35714285714285715,0.35714285714285715,0.4,0.5,0.4166666666666667,0.2777777777777778,0.0,0.5,0.3,0.5833333333333334,7,0,0.9230769230769231,3,0.4,0.5,0.4166666666666667,0.4396428571428571,3,3,,,,
case_split,CSP2,2026,A_q_global,0.3,0.75,0.75,centroid,0.35714285714285715,0.3390799153800006,0.47222222222222227,0.5185185185185185,0.4117647058823529,0.08695652173913045,0.35,1.0,0.06666666666666667,0.25925925925925924,0.0,0.0,0.3,0.9333333333333333,5,5,0.5641025641025641,3,0.35,1.0,0.06666666666666667,0.40004468225123757,3,3,,,,
case_split,CSP2,2026,A_q_global,0.3,0.75,0.8,centroid,0.40476190476190477,0.371252204585538,0.47564102564102567,0.5185185185185185,0.5,0.09523809523809525,0.35,1.0,0.07692307692307693,0.3333333333333333,0.0,0.0,0.3,0.9230769230769231,5,5,0.5641025641025641,3,0.35,1.0,0.07692307692307693,0.43709385643596177,3,3,,,,
case_split,CSP2,2026,A_q_global,0.3,0.75,0.85,centroid,0.40476190476190477,0.3867724867724868,0.4222222222222223,0.5714285714285715,0.3888888888888889,0.2,0.4,0.7,0.16666666666666666,0.2692307692307692,0.0,0.3,0.45,0.8333333333333334,4,0,0.5641025641025641,3,0.4,0.7,0.16666666666666666,0.41793650793650794,3,3,,,,
case_split,CSP2,2026,A_q_global,0.3,0.75,0.9,centroid,0.42857142857142855,0.4285714285714286,0.4388888888888889,0.5714285714285715,0.35714285714285715,0.35714285714285715,0.4,0.5,0.4166666666666667,0.2777777777777778,0.0,0.5,0.3,0.5833333333333334,7,0,0.9230769230769231,3,0.4,0.5,0.4166666666666667,0.4396428571428571,3,3,,,,
case_split,CSP2,2026,A_q_global,0.3,0.8,0.75,centroid,0.35714285714285715,0.3390799153800006,0.47222222222222227,0.5185185185185185,0.4117647058823529,0.08695652173913045,0.35,1.0,0.06666666666666667,0.25925925925925924,0.0,0.0,0.3,0.9333333333333333,5,5,0.5641025641025641,3,0.35,1.0,0.06666666666666667,0.40004468225123757,3,3,,,,
case_split,CSP2,2026,A_q_global,0.3,0.8,0.8,centroid,0.40476190476190477,0.371252204585538,0.47564102564102567,0.5185185185185185,0.5,0.09523809523809525,0.35,1.0,0.07692307692307693,0.3333333333333333,0.0,0.0,0.3,0.9230769230769231,5,5,0.5641025641025641,3,0.35,1.0,0.07692307692307693,0.43709385643596177,3,3,,,,
case_split,CSP2,2026,A_q_global,0.3,0.8,0.85,centroid,0.42857142857142855,0.4047957732168259,0.43636363636363645,0.5714285714285715,0.43243243243243246,0.2105263157894737,0.4,0.7272727272727273,0.18181818181818182,0.3076923076923077,0.0,0.2727272727272727,0.45,0.8181818181818182,4,0,0.5641025641025641,3,0.4,0.7272727272727273,0.18181818181818182,0.4390540848435585,3,3,,,,
case_split,CSP2,2026,A_q_global,0.3,0.8,0.9,centroid,0.40476190476190477,0.4041841513105881,0.40606060606060607,0.5714285714285715,0.3448275862068966,0.2962962962962963,0.4,0.45454545454545453,0.36363636363636365,0.2777777777777778,0.0,0.5454545454545454,0.3,0.6363636363636364,7,0,0.9230769230769231,3,0.4,0.45454545454545453,0.36363636363636365,0.4206655222172464,3,3,,,,
case_split,CSP2,2026,A_q_global,0.35,0.6,0.75,centroid,0.30952380952380953,0.27581699346405225,0.4545454545454546,0.5333333333333333,0.29411764705882354,0.0,0.36363636363636365,1.0,0.0,0.1724137931034483,0.0,0.0,0.4090909090909091,1.0,5,5,0.5128205128205128,3,0.36363636363636365,1.0,0.0,0.33688150858429494,3,3,,,,
case_split,CSP2,2026,A_q_global,0.35,0.6,0.8,centroid,0.3333333333333333,0.2920634920634921,0.4545454545454546,0.5333333333333333,0.34285714285714286,0.0,0.36363636363636365,1.0,0.0,0.20689655172413793,0.0,0.0,0.4090909090909091,1.0,5,5,0.5128205128205128,3,0.36363636363636365,1.0,0.0,0.35637730690362274,3,3,,,,
case_split,CSP2,2026,A_q_global,0.35,0.6,0.85,centroid,0.30952380952380953,0.30554035151736303,0.3124098124098124,0.4827586206896552,0.14814814814814814,0.2857142857142857,0.3181818181818182,0.3333333333333333,0.2857142857142857,0.09523809523809523,0.0,0.6666666666666666,0.4090909090909091,0.7142857142857143,4,0,0.6153846153846154,3,0.3181818181818182,0.3333333333333333,0.2857142857142857,0.2984186941083493,3,3,,,,
case_split,CSP2,2026,A_q_global,0.35,0.6,0.9,centroid,0.40476190476190477,0.36524644945697576,0.3672438672438672,0.5333333333333333,0.10526315789473684,0.4571428571428571,0.36363636363636365,0.16666666666666666,0.5714285714285714,0.07692307692307693,0.0,0.8333333333333334,0.2727272727272727,0.42857142857142855,8,0,1.0256410256410255,3,0.36363636363636365,0.16666666666666666,0.5714285714285714,0.3308984069510385,3,3,,,,
case_split,CSP2,2026,A_q_global,0.35,0.65,0.75,centroid,0.30952380952380953,0.27581699346405225,0.4545454545454546,0.5333333333333333,0.29411764705882354,0.0,0.36363636363636365,1.0,0.0,0.1724137931034483,0.0,0.0,0.4090909090909091,1.0,5,5,0.5128205128205128,3,0.36363636363636365,1.0,0.0,0.33688150858429494,3,3,,,,
case_split,CSP2,2026,A_q_global,0.35,0.65,0.8,centroid,0.3333333333333333,0.2920634920634921,0.4545454545454546,0.5333333333333333,0.34285714285714286,0.0,0.36363636363636365,1.0,0.0,0.20689655172413793,0.0,0.0,0.4090909090909091,1.0,5,5,0.5128205128205128,3,0.36363636363636365,1.0,0.0,0.35637730690362274,3,3,,,,
case_split,CSP2,2026,A_q_global,0.35,0.65,0.85,centroid,0.30952380952380953,0.30007662835249044,0.3354978354978355,0.5333333333333333,0.20689655172413793,0.16,0.36363636363636365,0.5,0.14285714285714285,0.13043478260869565,0.0,0.5,0.36363636363636365,0.8571428571428571,5,0,0.6666666666666666,3,0.36363636363636365,0.5,0.14285714285714285,0.31681302574406023,3,3,,,,
case_split,CSP2,2026,A_q_global,0.35,0.65,0.9,centroid,0.38095238095238093,0.3732851316277346,0.41558441558441556,0.4827586206896552,0.25,0.3870967741935484,0.3181818181818182,0.5,0.42857142857142855,0.16666666666666666,0.0,0.5,0.3181818181818182,0.5714285714285714,7,0,0.9230769230769231,3,0.3181818181818182,0.5,0.42857142857142855,0.3806538094079807,3,3,,,,
case_split,CSP2,2026,A_q_global,0.35,0.7,0.75,centroid,0.3333333333333333,0.31053391053391055,0.4767676767676768,0.5333333333333333,0.30303030303030304,0.09523809523809522,0.36363636363636365,1.0,0.06666666666666667,0.17857142857142858,0.0,0.0,0.4090909090909091,0.9333333333333333,5,5,0.5641025641025641,3,0.36363636363636365,1.0,0.06666666666666667,0.36133731133731134,3,3,,,,
case_split,CSP2,2026,A_q_global,0.35,0.7,0.8,centroid,0.38095238095238093,0.3461988304093568,0.4801864801864802,0.5333333333333333,0.4,0.10526315789473684,0.36363636363636365,1.0,0.07692307692307693,0.25,0.0,0.0,0.4090909090909091,0.9230769230769231,5,5,0.5641025641025641,3,0.36363636363636365,1.0,0.07692307692307693,0.4021417700365069,3,3,,,,
case_split,CSP2,2026,A_q_global,0.35,0.7,0.85,centroid,0.38095238095238093,0.36338383838383836,0.42676767676767685,0.5333333333333333,0.375,0.1818181818181818,0.36363636363636365,0.75,0.16666666666666666,0.25,0.0,0.25,0.36363636363636365,0.8333333333333334,5,1,0.6153846153846154,3,0.36363636363636365,0.75,0.16666666666666666,0.4037203112203112,3,3,,,,
case_split,CSP2,2026,A_q_global,0.35,0.7,0.9,centroid,0.35714285714285715,0.3432756739909615,0.3434343434343434,0.5333333333333333,0.1739130434782609,0.3225806451612903,0.36363636363636365,0.25,0.4166666666666667,0.13333333333333333,0.0,0.75,0.2727272727272727,0.5833333333333334,6,0,0.8205128205128205,3,0.36363636363636365,0.25,0.4166666666666667,0.34000800622118993,3,3,,,,
case_split,CSP2,2026,A_q_global,0.35,0.75,0.75,centroid,0.3333333333333333,0.31053391053391055,0.4767676767676768,0.5333333333333333,0.30303030303030304,0.09523809523809522,0.36363636363636365,1.0,0.06666666666666667,0.17857142857142858,0.0,0.0,0.4090909090909091,0.9333333333333333,5,5,0.5641025641025641,3,0.36363636363636365,1.0,0.06666666666666667,0.36133731133731134,3,3,,,,
case_split,CSP2,2026,A_q_global,0.35,0.75,0.8,centroid,0.38095238095238093,0.3461988304093568,0.4801864801864802,0.5333333333333333,0.4,0.10526315789473684,0.36363636363636365,1.0,0.07692307692307693,0.25,0.0,0.0,0.4090909090909091,0.9230769230769231,5,5,0.5641025641025641,3,0.36363636363636365,1.0,0.07692307692307693,0.4021417700365069,3,3,,,,
case_split,CSP2,2026,A_q_global,0.35,0.75,0.85,centroid,0.38095238095238093,0.36338383838383836,0.42676767676767685,0.5333333333333333,0.375,0.1818181818181818,0.36363636363636365,0.75,0.16666666666666666,0.25,0.0,0.25,0.36363636363636365,0.8333333333333334,5,1,0.6153846153846154,3,0.36363636363636365,0.75,0.16666666666666666,0.4037203112203112,3,3,,,,
case_split,CSP2,2026,A_q_global,0.35,0.75,0.9,centroid,0.35714285714285715,0.3432756739909615,0.3434343434343434,0.5333333333333333,0.1739130434782609,0.3225806451612903,0.36363636363636365,0.25,0.4166666666666667,0.13333333333333333,0.0,0.75,0.2727272727272727,0.5833333333333334,6,0,0.8205128205128205,3,0.36363636363636365,0.25,0.4166666666666667,0.34000800622118993,3,3,,,,
case_split,CSP2,2026,A_q_global,0.35,0.8,0.75,centroid,0.3333333333333333,0.31053391053391055,0.4767676767676768,0.5333333333333333,0.30303030303030304,0.09523809523809522,0.36363636363636365,1.0,0.06666666666666667,0.17857142857142858,0.0,0.0,0.4090909090909091,0.9333333333333333,5,5,0.5641025641025641,3,0.36363636363636365,1.0,0.06666666666666667,0.36133731133731134,3,3,,,,
case_split,CSP2,2026,A_q_global,0.35,0.8,0.8,centroid,0.38095238095238093,0.3461988304093568,0.4801864801864802,0.5333333333333333,0.4,0.10526315789473684,0.36363636363636365,1.0,0.07692307692307693,0.25,0.0,0.0,0.4090909090909091,0.9230769230769231,5,5,0.5641025641025641,3,0.36363636363636365,1.0,0.07692307692307693,0.4021417700365069,3,3,,,,
case_split,CSP2,2026,A_q_global,0.35,0.8,0.85,centroid,0.40476190476190477,0.3826839826839827,0.4410774410774411,0.5333333333333333,0.42424242424242425,0.1904761904761905,0.36363636363636365,0.7777777777777778,0.18181818181818182,0.2916666666666667,0.0,0.2222222222222222,0.36363636363636365,0.8181818181818182,5,1,0.6153846153846154,3,0.36363636363636365,0.7777777777777778,0.18181818181818182,0.42686244686244684,3,3,,,,
case_split,CSP2,2026,A_q_global,0.35,0.8,0.9,centroid,0.3333333333333333,0.3222222222222222,0.3164983164983165,0.5333333333333333,0.16666666666666669,0.26666666666666666,0.36363636363636365,0.2222222222222222,0.36363636363636365,0.13333333333333333,0.0,0.7777777777777778,0.2727272727272727,0.6363636363636364,6,0,0.8205128205128205,3,0.36363636363636365,0.2222222222222222,0.36363636363636365,0.32468195468195465,3,3,,,,
case_split,CSP2,2026,A_q_global,0.4,0.6,0.75,centroid,0.40476190476190477,0.39166666666666666,0.503968253968254,0.5,0.3,0.375,0.3333333333333333,0.75,0.42857142857142855,0.1875,0.0,0.25,0.20833333333333334,0.5714285714285714,5,5,0.6666666666666666,3,0.3333333333333333,0.75,0.42857142857142855,0.38614756367663344,3,3,,,,
case_split,CSP2,2026,A_q_global,0.4,0.6,0.8,centroid,0.38095238095238093,0.36943164362519204,0.4393162393162393,0.5,0.2857142857142857,0.3225806451612903,0.3333333333333333,0.6,0.38461538461538464,0.1875,0.0,0.4,0.20833333333333334,0.6153846153846154,5,5,0.6666666666666666,3,0.3333333333333333,0.6,0.38461538461538464,0.3628725725387391,3,3,,,,
case_split,CSP2,2026,A_q_global,0.4,0.6,0.85,centroid,0.35714285714285715,0.3464646464646464,0.4136752136752137,0.5,0.2727272727272727,0.26666666666666666,0.3333333333333333,0.6,0.3076923076923077,0.17647058823529413,0.0,0.4,0.20833333333333334,0.6923076923076923,6,5,0.717948717948718,3,0.3333333333333333,0.6,0.3076923076923077,0.34777009811893533,3,3,,,,
case_split,CSP2,2026,A_q_global,0.4,0.6,0.9,centroid,0.35714285714285715,0.3452380952380953,0.4136752136752137,0.5,0.25,0.28571428571428575,0.3333333333333333,0.6,0.3076923076923077,0.15789473684210525,0.0,0.4,0.2916666666666667,0.6923076923076923,5,1,0.717948717948718,3,0.3333333333333333,0.6,0.3076923076923077,0.3485130760712156,3,3,,,,
case_split,CSP2,2026,A_q_global,0.4,0.65,0.75,centroid,0.40476190476190477,0.39166666666666666,0.503968253968254,0.5,0.3,0.375,0.3333333333333333,0.75,0.42857142857142855,0.1875,0.0,0.25,0.20833333333333334,0.5714285714285714,5,5,0.6666666666666666,3,0.3333333333333333,0.75,0.42857142857142855,0.38614756367663344,3,3,,,,
case_split,CSP2,2026,A_q_global,0.4,0.65,0.8,centroid,0.38095238095238093,0.36943164362519204,0.4393162393162393,0.5,0.2857142857142857,0.3225806451612903,0.3333333333333333,0.6,0.38461538461538464,0.1875,0.0,0.4,0.20833333333333334,0.6153846153846154,5,5,0.6666666666666666,3,0.3333333333333333,0.6,0.38461538461538464,0.3628725725387391,3,3,,,,
case_split,CSP2,2026,A_q_global,0.4,0.65,0.85,centroid,0.40476190476190477,0.38222561751973516,0.44145299145299144,0.5882352941176471,0.2727272727272727,0.28571428571428575,0.4166666666666667,0.6,0.3076923076923077,0.17647058823529413,0.0,0.4,0.20833333333333334,0.6923076923076923,7,6,0.8717948717948718,3,0.4166666666666667,0.6,0.3076923076923077,0.3703547831557407,3,3,,,,
case_split,CSP2,2026,A_q_global,0.4,0.65,0.9,centroid,0.30952380952380953,0.2940740740740741,0.36239316239316244,0.5,0.22222222222222218,0.16,0.3333333333333333,0.6,0.15384615384615385,0.13636363636363635,0.0,0.4,0.3333333333333333,0.8461538461538461,9,4,1.0256410256410255,3,0.3333333333333333,0.6,0.15384615384615385,0.3131780958060028,3,3,,,,
case_split,CSP2,2026,A_q_global,0.4,0.7,0.75,centroid,0.40476190476190477,0.39166666666666666,0.503968253968254,0.5,0.3,0.375,0.3333333333333333,0.75,0.42857142857142855,0.1875,0.0,0.25,0.20833333333333334,0.5714285714285714,5,5,0.6666666666666666,3,0.3333333333333333,0.75,0.42857142857142855,0.3884731450719823,3,3,,,,
case_split,CSP2,2026,A_q_global,0.4,0.7,0.8,centroid,0.40476190476190477,0.398989898989899,0.47222222222222227,0.5,0.36363636363636365,0.33333333333333337,0.3333333333333333,0.6666666666666666,0.4166666666666667,0.25,0.0,0.3333333333333333,0.20833333333333334,0.5833333333333334,5,5,0.6666666666666666,3,0.3333333333333333,0.6666666666666666,0.4166666666666667,0.402915785764623,3,3,,,,
case_split,CSP2,2026,A_q_global,0.4,0.7,0.85,centroid,0.38095238095238093,0.37407407407407406,0.4401154401154401,0.5,0.4,0.2222222222222222,0.3333333333333333,0.7142857142857143,0.2727272727272727,0.2777777777777778,0.0,0.2857142857142857,0.20833333333333334,0.7272727272727273,6,5,0.717948717948718,3,0.3333333333333333,0.7142857142857143,0.2727272727272727,0.4006297191180912,3,3,,,,
case_split,CSP2,2026,A_q_global,0.4,0.7,0.9,centroid,0.35714285714285715,0.3383838383838384,0.40981240981240985,0.5,0.3333333333333333,0.18181818181818182,0.3333333333333333,0.7142857142857143,0.18181818181818182,0.21739130434782608,0.0,0.2857142857142857,0.375,0.8181818181818182,9,4,1.0256410256410255,3,0.3333333333333333,0.7142857142857143,0.18181818181818182,0.3703337360314104,3,3,,,,
case_split,CSP2,2026,A_q_global,0.4,0.75,0.75,centroid,0.40476190476190477,0.39166666666666666,0.503968253968254,0.5,0.3,0.375,0.3333333333333333,0.75,0.42857142857142855,0.1875,0.0,0.25,0.20833333333333334,0.5714285714285714,5,5,0.6666666666666666,3,0.3333333333333333,0.75,0.42857142857142855,0.3884731450719823,3,3,,,,
case_split,CSP2,2026,A_q_global,0.4,0.75,0.8,centroid,0.40476190476190477,0.398989898989899,0.47222222222222227,0.5,0.36363636363636365,0.33333333333333337,0.3333333333333333,0.6666666666666666,0.4166666666666667,0.25,0.0,0.3333333333333333,0.20833333333333334,0.5833333333333334,5,5,0.6666666666666666,3,0.3333333333333333,0.6666666666666666,0.4166666666666667,0.402915785764623,3,3,,,,
case_split,CSP2,2026,A_q_global,0.4,0.75,0.85,centroid,0.38095238095238093,0.37407407407407406,0.4401154401154401,0.5,0.4,0.2222222222222222,0.3333333333333333,0.7142857142857143,0.2727272727272727,0.2777777777777778,0.0,0.2857142857142857,0.20833333333333334,0.7272727272727273,6,5,0.717948717948718,3,0.3333333333333333,0.7142857142857143,0.2727272727272727,0.4006297191180912,3,3,,,,
case_split,CSP2,2026,A_q_global,0.4,0.75,0.9,centroid,0.35714285714285715,0.3383838383838384,0.40981240981240985,0.5,0.3333333333333333,0.18181818181818182,0.3333333333333333,0.7142857142857143,0.18181818181818182,0.21739130434782608,0.0,0.2857142857142857,0.375,0.8181818181818182,9,4,1.0256410256410255,3,0.3333333333333333,0.7142857142857143,0.18181818181818182,0.3703337360314104,3,3,,,,
case_split,CSP2,2026,A_q_global,0.4,0.8,0.75,centroid,0.40476190476190477,0.39166666666666666,0.503968253968254,0.5,0.3,0.375,0.3333333333333333,0.75,0.42857142857142855,0.1875,0.0,0.25,0.20833333333333334,0.5714285714285714,5,5,0.6666666666666666,3,0.3333333333333333,0.75,0.42857142857142855,0.3884731450719823,3,3,,,,
case_split,CSP2,2026,A_q_global,0.4,0.8,0.8,centroid,0.40476190476190477,0.398989898989899,0.47222222222222227,0.5,0.36363636363636365,0.33333333333333337,0.3333333333333333,0.6666666666666666,0.4166666666666667,0.25,0.0,0.3333333333333333,0.20833333333333334,0.5833333333333334,5,5,0.6666666666666666,3,0.3333333333333333,0.6666666666666666,0.4166666666666667,0.402915785764623,3,3,,,,
case_split,CSP2,2026,A_q_global,0.4,0.8,0.85,centroid,0.40476190476190477,0.3974358974358974,0.4611111111111111,0.5,0.46153846153846156,0.23076923076923075,0.3333333333333333,0.75,0.3,0.3333333333333333,0.0,0.25,0.20833333333333334,0.7,6,5,0.717948717948718,3,0.3333333333333333,0.75,0.3,0.42967650566487775,3,3,,,,
case_split,CSP2,2026,A_q_global,0.4,0.8,0.9,centroid,0.38095238095238093,0.35919098822324624,0.42777777777777776,0.5,0.3870967741935483,0.1904761904761905,0.3333333333333333,0.75,0.2,0.2608695652173913,0.0,0.25,0.375,0.8,9,4,1.0256410256410255,3,0.3333333333333333,0.75,0.2,0.3958326188690029,3,3,,,,
case_split,CSP2,2026,B_vb_engineering,,,,centroid,0.5476190476190477,0.5490196078431372,0.5938375350140056,0.6,0.4000000000000001,0.6470588235294118,0.42857142857142855,0.35294117647058826,1.0,0.46153846153846156,0.0,0.6470588235294118,0.5,0.0,1,0,0.41025641025641024,3,0.42857142857142855,0.35294117647058826,1.0,0.5425447101917691,3,3,0.15,0.47,0.25,0.75
case_split,CSP2,2026,B_vb_engineering,,,,centroid,0.5238095238095238,0.5211049937216267,0.5708333333333333,0.5714285714285715,0.3448275862068966,0.6470588235294118,0.4,0.3125,1.0,0.38461538461538464,0.0,0.6875,0.5333333333333333,0.0,1,0,0.41025641025641024,3,0.4,0.3125,1.0,0.532086719484032,3,3,0.163,0.43999999999999995,0.3,0.7
case_split,CSP2,2026,B_vb_engineering,,,,centroid,0.5238095238095238,0.5,0.5282805429864253,0.5833333333333334,0.25,0.6666666666666667,0.4117647058823529,0.25,0.9230769230769231,0.25,0.0,0.75,0.47058823529411764,0.07692307692307693,2,0,0.46153846153846156,3,0.4117647058823529,0.25,0.9230769230769231,0.502948977999688,3,3,0.19566666666666666,0.4165,0.35,0.65
case_split,CSP3,2026,A_q_global,0.25,0.6,0.75,centroid,0.46153846153846156,0.4289426523297491,0.4444444444444444,0.6451612903225806,0.26666666666666666,0.375,0.7142857142857143,0.2857142857142857,0.3333333333333333,0.25,0.14285714285714285,0.5714285714285714,0.0,0.3333333333333333,2,2,0.3333333333333333,3,0.7142857142857143,0.2857142857142857,0.3333333333333333,0.4019985525227461,3,3,,,,
case_split,CSP3,2026,A_q_global,0.25,0.6,0.8,centroid,0.48717948717948717,0.4229902713773681,0.4338624338624339,0.6451612903225806,0.16666666666666666,0.45714285714285713,0.7142857142857143,0.14285714285714285,0.4444444444444444,0.2,0.14285714285714285,0.7142857142857143,0.0,0.2222222222222222,2,2,0.3888888888888889,3,0.7142857142857143,0.14285714285714285,0.4444444444444444,0.37867060123426843,3,3,,,,
case_split,CSP3,2026,A_q_global,0.25,0.6,0.85,centroid,0.5641025641025641,0.5122759856630824,0.5175070028011205,0.6451612903225806,0.26666666666666666,0.625,0.7142857142857143,0.25,0.5882352941176471,0.2857142857142857,0.25,0.5,0.21428571428571427,0.11764705882352941,2,0,0.5,3,0.7142857142857143,0.25,0.5882352941176471,0.4616590158983797,3,3,,,,
case_split,CSP3,2026,A_q_global,0.25,0.6,0.9,centroid,0.5897435897435898,0.5605100714749838,0.5575396825396826,0.7407407407407408,0.3157894736842105,0.625,0.7142857142857143,0.3333333333333333,0.625,0.3,0.2222222222222222,0.4444444444444444,0.14285714285714285,0.3125,3,0,0.6111111111111112,3,0.7142857142857143,0.3333333333333333,0.625,0.5095446950710109,3,3,,,,
case_split,CSP3,2026,A_q_global,0.25,0.65,0.75,centroid,0.48717948717948717,0.4690860215053763,0.4807422969187676,0.6451612903225806,0.375,0.3870967741935484,0.7142857142857143,0.375,0.35294117647058826,0.375,0.125,0.5,0.0,0.29411764705882354,2,2,0.3333333333333333,3,0.7142857142857143,0.375,0.35294117647058826,0.4525910798562601,3,3,,,,
case_split,CSP3,2026,A_q_global,0.25,0.65,0.8,centroid,0.46153846153846156,0.40359071668369584,0.4170168067226891,0.6451612903225806,0.15384615384615385,0.4117647058823529,0.7142857142857143,0.125,0.4117647058823529,0.2,0.125,0.75,0.0,0.23529411764705882,2,2,0.3888888888888889,3,0.7142857142857143,0.125,0.4117647058823529,0.364208829346026,3,3,,,,
case_split,CSP3,2026,A_q_global,0.25,0.65,0.85,centroid,0.46153846153846156,0.43813131313131315,0.44920634920634916,0.6250000000000001,0.2727272727272727,0.4166666666666667,0.7142857142857143,0.3,0.3333333333333333,0.25,0.3,0.4,0.2857142857142857,0.3333333333333333,3,1,0.5555555555555556,3,0.7142857142857143,0.3,0.3333333333333333,0.4221955456823878,3,3,,,,
case_split,CSP3,2026,A_q_global,0.25,0.65,0.9,centroid,0.5384615384615384,0.5000604960677556,0.512987012987013,0.689655172413793,0.2105263157894737,0.6000000000000001,0.7142857142857143,0.18181818181818182,0.6428571428571429,0.25,0.36363636363636365,0.45454545454545453,0.14285714285714285,0.2857142857142857,3,0,0.6111111111111112,3,0.7142857142857143,0.18181818181818182,0.6428571428571429,0.4519752751785419,3,3,,,,
case_split,CSP3,2026,A_q_global,0.25,0.7,0.75,centroid,0.48717948717948717,0.4690860215053763,0.4807422969187676,0.6451612903225806,0.375,0.3870967741935484,0.7142857142857143,0.375,0.35294117647058826,0.375,0.125,0.5,0.0,0.29411764705882354,2,2,0.3333333333333333,3,0.7142857142857143,0.375,0.35294117647058826,0.4525910798562601,3,3,,,,
case_split,CSP3,2026,A_q_global,0.25,0.7,0.8,centroid,0.46153846153846156,0.40359071668369584,0.4170168067226891,0.6451612903225806,0.15384615384615385,0.4117647058823529,0.7142857142857143,0.125,0.4117647058823529,0.2,0.125,0.75,0.0,0.23529411764705882,2,2,0.3888888888888889,3,0.7142857142857143,0.125,0.4117647058823529,0.364208829346026,3,3,,,,
case_split,CSP3,2026,A_q_global,0.25,0.7,0.85,centroid,0.48717948717948717,0.46920289855072467,0.47835497835497837,0.6250000000000001,0.34782608695652173,0.43478260869565216,0.7142857142857143,0.36363636363636365,0.35714285714285715,0.3333333333333333,0.2727272727272727,0.36363636363636365,0.2857142857142857,0.2857142857142857,3,1,0.5555555555555556,3,0.7142857142857143,0.36363636363636365,0.35714285714285715,0.4593247570507296,3,3,,,,
case_split,CSP3,2026,A_q_global,0.25,0.7,0.9,centroid,0.5128205128205128,0.4804597701149425,0.4987789987789988,0.689655172413793,0.2,0.5517241379310345,0.7142857142857143,0.16666666666666666,0.6153846153846154,0.25,0.3333333333333333,0.5,0.14285714285714285,0.3076923076923077,3,0,0.6111111111111112,3,0.7142857142857143,0.16666666666666666,0.6153846153846154,0.4383921674212055,3,3,,,,
case_split,CSP3,2026,A_q_global,0.25,0.75,0.75,centroid,0.48717948717948717,0.4690860215053763,0.4807422969187676,0.6451612903225806,0.375,0.3870967741935484,0.7142857142857143,0.375,0.35294117647058826,0.375,0.125,0.5,0.0,0.29411764705882354,2,2,0.3333333333333333,3,0.7142857142857143,0.375,0.35294117647058826,0.4525910798562601,3,3,,,,
case_split,CSP3,2026,A_q_global,0.25,0.75,0.8,centroid,0.46153846153846156,0.40359071668369584,0.4170168067226891,0.6451612903225806,0.15384615384615385,0.4117647058823529,0.7142857142857143,0.125,0.4117647058823529,0.2,0.125,0.75,0.0,0.23529411764705882,2,2,0.3888888888888889,3,0.7142857142857143,0.125,0.4117647058823529,0.364208829346026,3,3,,,,
case_split,CSP3,2026,A_q_global,0.25,0.75,0.85,centroid,0.48717948717948717,0.470959595959596,0.47741147741147744,0.6250000000000001,0.3333333333333333,0.4545454545454546,0.7142857142857143,0.3333333333333333,0.38461538461538464,0.3333333333333333,0.3333333333333333,0.3333333333333333,0.2857142857142857,0.3076923076923077,3,1,0.5555555555555556,3,0.7142857142857143,0.3333333333333333,0.38461538461538464,0.45635055733739943,3,3,,,,
case_split,CSP3,2026,A_q_global,0.25,0.75,0.9,centroid,0.48717948717948717,0.46333062425016447,0.4978354978354978,0.689655172413793,0.18181818181818182,0.5185185185185185,0.7142857142857143,0.14285714285714285,0.6363636363636364,0.25,0.35714285714285715,0.5,0.14285714285714285,0.36363636363636365,3,0,0.6111111111111112,3,0.7142857142857143,0.14285714285714285,0.6363636363636364,0.4259970720950757,3,3,,,,
case_split,CSP3,2026,A_q_global,0.25,0.8,0.75,centroid,0.48717948717948717,0.4690860215053763,0.4807422969187676,0.6451612903225806,0.375,0.3870967741935484,0.7142857142857143,0.375,0.35294117647058826,0.375,0.125,0.5,0.0,0.29411764705882354,2,2,0.3333333333333333,3,0.7142857142857143,0.375,0.35294117647058826,0.4525910798562601,3,3,,,,
case_split,CSP3,2026,A_q_global,0.25,0.8,0.8,centroid,0.46153846153846156,0.40359071668369584,0.4170168067226891,0.6451612903225806,0.15384615384615385,0.4117647058823529,0.7142857142857143,0.125,0.4117647058823529,0.2,0.125,0.75,0.0,0.23529411764705882,2,2,0.3888888888888889,3,0.7142857142857143,0.125,0.4117647058823529,0.364208829346026,3,3,,,,
case_split,CSP3,2026,A_q_global,0.25,0.8,0.85,centroid,0.46153846153846156,0.441984126984127,0.4517704517704517,0.6250000000000001,0.32,0.380952380952381,0.7142857142857143,0.3076923076923077,0.3333333333333333,0.3333333333333333,0.3076923076923077,0.38461538461538464,0.2857142857142857,0.3333333333333333,3,1,0.5555555555555556,3,0.7142857142857143,0.3076923076923077,0.3333333333333333,0.43613210911895123,3,3,,,,
case_split,CSP3,2026,A_q_global,0.25,0.8,0.9,centroid,0.5384615384615384,0.5384615384615384,0.5492063492063491,0.7692307692307692,0.3846153846153846,0.4615384615384615,0.7142857142857143,0.3333333333333333,0.6,0.45454545454545453,0.13333333333333333,0.5333333333333333,0.14285714285714285,0.4,4,0,0.7222222222222222,3,0.7142857142857143,0.3333333333333333,0.6,0.5208424908424909,3,3,,,,
case_split,CSP3,2026,A_q_global,0.3,0.6,0.75,centroid,0.4358974358974359,0.4006414159866845,0.5328703703703704,0.6470588235294118,0.38095238095238093,0.1739130434782609,0.6875,0.8,0.1111111111111111,0.25,0.0,0.2,0.1875,0.5,2,2,0.3888888888888889,3,0.6875,0.8,0.1111111111111111,0.4225304587193661,3,3,,,,
case_split,CSP3,2026,A_q_global,0.3,0.6,0.8,centroid,0.4358974358974359,0.4006414159866845,0.5328703703703704,0.6470588235294118,0.38095238095238093,0.1739130434782609,0.6875,0.8,0.1111111111111111,0.25,0.0,0.2,0.1875,0.5,1,1,0.3333333333333333,3,0.6875,0.8,0.1111111111111111,0.42740850749985393,3,3,,,,
case_split,CSP3,2026,A_q_global,0.3,0.6,0.85,centroid,0.6410256410256411,0.6060915681409039,0.6115196078431372,0.6470588235294118,0.4615384615384615,0.7096774193548386,0.6875,0.5,0.6470588235294118,0.42857142857142855,0.16666666666666666,0.3333333333333333,0.25,0.0,1,1,0.3888888888888889,3,0.6875,0.5,0.6470588235294118,0.5566830305171757,3,3,,,,
case_split,CSP3,2026,A_q_global,0.3,0.6,0.9,centroid,0.5897435897435898,0.5333041405147667,0.5327380952380952,0.6470588235294118,0.30769230769230765,0.6451612903225806,0.6875,0.2857142857142857,0.625,0.3333333333333333,0.2857142857142857,0.42857142857142855,0.1875,0.0625,2,0,0.5,3,0.6875,0.2857142857142857,0.625,0.4809669959038509,3,3,,,,
case_split,CSP3,2026,A_q_global,0.3,0.65,0.75,centroid,0.46153846153846156,0.42780748663101603,0.5461601307189543,0.6470588235294118,0.45454545454545453,0.1818181818181818,0.6875,0.8333333333333334,0.11764705882352941,0.3125,0.0,0.16666666666666666,0.1875,0.47058823529411764,2,2,0.3888888888888889,3,0.6875,0.8333333333333334,0.11764705882352941,0.4551469229598713,3,3,,,,
case_split,CSP3,2026,A_q_global,0.3,0.65,0.8,centroid,0.46153846153846156,0.42780748663101603,0.5461601307189543,0.6470588235294118,0.45454545454545453,0.1818181818181818,0.6875,0.8333333333333334,0.11764705882352941,0.3125,0.0,0.16666666666666666,0.1875,0.47058823529411764,1,1,0.3333333333333333,3,0.6875,0.8333333333333334,0.11764705882352941,0.4600249717403591,3,3,,,,
case_split,CSP3,2026,A_q_global,0.3,0.65,0.85,centroid,0.4358974358974359,0.3841073271413829,0.4597222222222222,0.6470588235294118,0.4,0.10526315789473685,0.6875,0.625,0.06666666666666667,0.29411764705882354,0.25,0.125,0.1875,0.6,2,2,0.3333333333333333,3,0.6875,0.625,0.06666666666666667,0.42107492322988244,3,3,,,,
case_split,CSP3,2026,A_q_global,0.3,0.65,0.9,centroid,0.5384615384615384,0.48848320937570433,0.49371693121693117,0.6470588235294118,0.26666666666666666,0.5517241379310344,0.6875,0.2222222222222222,0.5714285714285714,0.3333333333333333,0.3333333333333333,0.4444444444444444,0.125,0.14285714285714285,3,0,0.5555555555555556,3,0.6875,0.2222222222222222,0.5714285714285714,0.44712701642193176,3,3,,,,
case_split,CSP3,2026,A_q_global,0.3,0.7,0.75,centroid,0.46153846153846156,0.42780748663101603,0.5461601307189543,0.6470588235294118,0.45454545454545453,0.1818181818181818,0.6875,0.8333333333333334,0.11764705882352941,0.3125,0.0,0.16666666666666666,0.1875,0.47058823529411764,2,2,0.3888888888888889,3,0.6875,0.8333333333333334,0.11764705882352941,0.4551469229598713,3,3,,,,
case_split,CSP3,2026,A_q_global,0.3,0.7,0.8,centroid,0.46153846153846156,0.42780748663101603,0.5461601307189543,0.6470588235294118,0.45454545454545453,0.1818181818181818,0.6875,0.8333333333333334,0.11764705882352941,0.3125,0.0,0.16666666666666666,0.1875,0.47058823529411764,1,1,0.3333333333333333,3,0.6875,0.8333333333333334,0.11764705882352941,0.4600249717403591,3,3,,,,
case_split,CSP3,2026,A_q_global,0.3,0.7,0.85,centroid,0.46153846153846156,0.4065694653929948,0.4751984126984126,0.6470588235294118,0.46153846153846156,0.11111111111111112,0.6875,0.6666666666666666,0.07142857142857142,0.35294117647058826,0.2222222222222222,0.1111111111111111,0.1875,0.5714285714285714,2,2,0.3333333333333333,3,0.6875,0.6666666666666666,0.07142857142857142,0.44888892939915176,3,3,,,,
case_split,CSP3,2026,A_q_global,0.3,0.7,0.9,centroid,0.5128205128205128,0.4656862745098039,0.47532051282051285,0.6470588235294118,0.25,0.5,0.6875,0.2,0.5384615384615384,0.3333333333333333,0.3,0.5,0.125,0.15384615384615385,3,0,0.5555555555555556,3,0.6875,0.2,0.5384615384615384,0.4299422663061472,3,3,,,,
case_split,CSP3,2026,A_q_global,0.3,0.75,0.75,centroid,0.46153846153846156,0.42780748663101603,0.5461601307189543,0.6470588235294118,0.45454545454545453,0.1818181818181818,0.6875,0.8333333333333334,0.11764705882352941,0.3125,0.0,0.16666666666666666,0.1875,0.47058823529411764,2,2,0.3888888888888889,3,0.6875,0.8333333333333334,0.11764705882352941,0.4551469229598713,3,3,,,,
case_split,CSP3,2026,A_q_global,0.3,0.75,0.8,centroid,0.46153846153846156,0.42780748663101603,0.5461601307189543,0.6470588235294118,0.45454545454545453,0.1818181818181818,0.6875,0.8333333333333334,0.11764705882352941,0.3125,0.0,0.16666666666666666,0.1875,0.47058823529411764,1,1,0.3333333333333333,3,0.6875,0.8333333333333334,0.11764705882352941,0.4600249717403591,3,3,,,,
case_split,CSP3,2026,A_q_global,0.3,0.75,0.85,centroid,0.46153846153846156,0.4030501089324619,0.4548076923076923,0.6470588235294118,0.4444444444444445,0.11764705882352941,0.6875,0.6,0.07692307692307693,0.35294117647058826,0.3,0.1,0.1875,0.6153846153846154,2,2,0.3333333333333333,3,0.6875,0.6,0.07692307692307693,0.43997310665979966,3,3,,,,
case_split,CSP3,2026,A_q_global,0.3,0.75,0.9,centroid,0.48717948717948717,0.4436065024300318,0.466540404040404,0.6470588235294118,0.2222222222222222,0.4615384615384615,0.6875,0.16666666666666666,0.5454545454545454,0.3333333333333333,0.3333333333333333,0.5,0.125,0.18181818181818182,3,0,0.5555555555555556,3,0.6875,0.16666666666666666,0.5454545454545454,0.41174490810878894,3,3,,,,
case_split,CSP3,2026,A_q_global,0.3,0.8,0.75,centroid,0.46153846153846156,0.42780748663101603,0.5461601307189543,0.6470588235294118,0.45454545454545453,0.1818181818181818,0.6875,0.8333333333333334,0.11764705882352941,0.3125,0.0,0.16666666666666666,0.1875,0.47058823529411764,2,2,0.3888888888888889,3,0.6875,0.8333333333333334,0.11764705882352941,0.4551469229598713,3,3,,,,
case_split,CSP3,2026,A_q_global,0.3,0.8,0.8,centroid,0.46153846153846156,0.42780748663101603,0.5461601307189543,0.6470588235294118,0.45454545454545453,0.1818181818181818,0.6875,0.8333333333333334,0.11764705882352941,0.3125,0.0,0.16666666666666666,0.1875,0.47058823529411764,1,1,0.3333333333333333,3,0.6875,0.8333333333333334,0.11764705882352941,0.4600249717403591,3,3,,,,
case_split,CSP3,2026,A_q_global,0.3,0.8,0.85,centroid,0.48717948717948717,0.42401960784313725,0.4690656565656565,0.6470588235294118,0.5,0.125,0.6875,0.6363636363636364,0.08333333333333333,0.4117647058823529,0.2727272727272727,0.09090909090909091,0.1875,0.5833333333333334,2,2,0.3333333333333333,3,0.6875,0.6363636363636364,0.08333333333333333,0.46543696469718704,3,3,,,,
case_split,CSP3,2026,A_q_global,0.3,0.8,0.9,centroid,0.48717948717948717,0.4458617131062952,0.48044871794871796,0.6470588235294118,0.21052631578947367,0.48,0.6875,0.15384615384615385,0.6,0.3333333333333333,0.3076923076923077,0.5384615384615384,0.1875,0.1,2,0,0.5,3,0.6875,0.15384615384615385,0.6,0.4143610477814113,3,3,,,,
case_split,CSP3,2026,A_q_global,0.35,0.6,0.75,centroid,0.46153846153846156,0.425925925925926,0.6056644880174292,0.6666666666666667,0.4444444444444445,0.16666666666666666,0.7058823529411765,1.0,0.1111111111111111,0.2857142857142857,0.0,0.0,0.058823529411764705,0.5,3,3,0.5,3,0.7058823529411765,1.0,0.1111111111111111,0.4575809393524852,3,3,,,,
case_split,CSP3,2026,A_q_global,0.35,0.6,0.8,centroid,0.41025641025641024,0.3776524644945698,0.5675381263616558,0.6285714285714287,0.4210526315789474,0.08333333333333333,0.6470588235294118,1.0,0.05555555555555555,0.26666666666666666,0.0,0.0,0.058823529411764705,0.5555555555555556,2,3,0.2777777777777778,3,0.6470588235294118,1.0,0.05555555555555555,0.42661655563898354,3,3,,,,
case_split,CSP3,2026,A_q_global,0.35,0.6,0.85,centroid,0.5384615384615384,0.49267793138760885,0.5058823529411764,0.6285714285714287,0.3333333333333333,0.5161290322580646,0.6470588235294118,0.4,0.47058823529411764,0.2857142857142857,0.2,0.4,0.11764705882352941,0.17647058823529413,3,2,0.4444444444444444,3,0.6470588235294118,0.4,0.47058823529411764,0.4518509879570733,3,3,,,,
case_split,CSP3,2026,A_q_global,0.35,0.6,0.9,centroid,0.5384615384615384,0.45762987012987016,0.45874183006535946,0.6285714285714287,0.1818181818181818,0.5625,0.6470588235294118,0.16666666666666666,0.5625,0.2,0.3333333333333333,0.5,0.11764705882352941,0.125,3,1,0.5,3,0.6470588235294118,0.16666666666666666,0.5625,0.39810623826697694,3,3,,,,
case_split,CSP3,2026,A_q_global,0.35,0.65,0.75,centroid,0.48717948717948717,0.455631833206204,0.607843137254902,0.6666666666666667,0.5263157894736842,0.1739130434782609,0.7058823529411765,1.0,0.11764705882352941,0.35714285714285715,0.0,0.0,0.058823529411764705,0.47058823529411764,3,3,0.5,3,0.7058823529411765,1.0,0.11764705882352941,0.4917432312715412,3,3,,,,
case_split,CSP3,2026,A_q_global,0.35,0.65,0.8,centroid,0.4358974358974359,0.40517598343685296,0.5686274509803921,0.6285714285714287,0.5,0.08695652173913045,0.6470588235294118,1.0,0.058823529411764705,0.3333333333333333,0.0,0.0,0.058823529411764705,0.5294117647058824,2,3,0.2777777777777778,3,0.6470588235294118,1.0,0.058823529411764705,0.4589023799610845,3,3,,,,
case_split,CSP3,2026,A_q_global,0.35,0.65,0.85,centroid,0.4358974358974359,0.39278499278499274,0.47600373482726427,0.6285714285714287,0.4545454545454545,0.09523809523809522,0.6470588235294118,0.7142857142857143,0.06666666666666667,0.3333333333333333,0.2857142857142857,0.0,0.058823529411764705,0.6,2,3,0.2777777777777778,3,0.6470588235294118,0.7142857142857143,0.06666666666666667,0.43504598456718835,3,3,,,,
case_split,CSP3,2026,A_q_global,0.35,0.65,0.9,centroid,0.5384615384615384,0.4586277521761393,0.4716386554621849,0.6285714285714287,0.16666666666666666,0.5806451612903226,0.6470588235294118,0.125,0.6428571428571429,0.25,0.375,0.5,0.11764705882352941,0.07142857142857142,2,1,0.4444444444444444,3,0.6470588235294118,0.125,0.6428571428571429,0.399027511604792,3,3,,,,
case_split,CSP3,2026,A_q_global,0.35,0.7,0.75,centroid,0.48717948717948717,0.455631833206204,0.607843137254902,0.6666666666666667,0.5263157894736842,0.1739130434782609,0.7058823529411765,1.0,0.11764705882352941,0.35714285714285715,0.0,0.0,0.058823529411764705,0.47058823529411764,3,3,0.5,3,0.7058823529411765,1.0,0.11764705882352941,0.4917432312715412,3,3,,,,
case_split,CSP3,2026,A_q_global,0.35,0.7,0.8,centroid,0.4358974358974359,0.40517598343685296,0.5686274509803921,0.6285714285714287,0.5,0.08695652173913045,0.6470588235294118,1.0,0.058823529411764705,0.3333333333333333,0.0,0.0,0.058823529411764705,0.5294117647058824,2,3,0.2777777777777778,3,0.6470588235294118,1.0,0.058823529411764705,0.4589023799610845,3,3,,,,
case_split,CSP3,2026,A_q_global,0.35,0.7,0.85,centroid,0.46153846153846156,0.4167701863354038,0.4894957983193277,0.6285714285714287,0.5217391304347827,0.1,0.6470588235294118,0.75,0.07142857142857142,0.4,0.25,0.0,0.058823529411764705,0.5714285714285714,2,3,0.2777777777777778,3,0.6470588235294118,0.75,0.07142857142857142,0.46466155016101485,3,3,,,,
case_split,CSP3,2026,A_q_global,0.35,0.7,0.9,centroid,0.5128205128205128,0.43858363858363864,0.4578515166750461,0.6285714285714287,0.15384615384615383,0.5333333333333333,0.6470588235294118,0.1111111111111111,0.6153846153846154,0.25,0.3333333333333333,0.5555555555555556,0.11764705882352941,0.07692307692307693,2,1,0.4444444444444444,3,0.6470588235294118,0.1111111111111111,0.6153846153846154,0.38473446146496765,3,3,,,,
case_split,CSP3,2026,A_q_global,0.35,0.75,0.75,centroid,0.48717948717948717,0.455631833206204,0.607843137254902,0.6666666666666667,0.5263157894736842,0.1739130434782609,0.7058823529411765,1.0,0.11764705882352941,0.35714285714285715,0.0,0.0,0.058823529411764705,0.47058823529411764,3,3,0.5,3,0.7058823529411765,1.0,0.11764705882352941,0.4917432312715412,3,3,,,,
case_split,CSP3,2026,A_q_global,0.35,0.75,0.8,centroid,0.4358974358974359,0.40517598343685296,0.5686274509803921,0.6285714285714287,0.5,0.08695652173913045,0.6470588235294118,1.0,0.058823529411764705,0.3333333333333333,0.0,0.0,0.058823529411764705,0.5294117647058824,2,3,0.2777777777777778,3,0.6470588235294118,1.0,0.058823529411764705,0.4589023799610845,3,3,,,,
case_split,CSP3,2026,A_q_global,0.35,0.75,0.85,centroid,0.46153846153846156,0.41127819548872174,0.46354952237305175,0.6285714285714287,0.5,0.10526315789473684,0.6470588235294118,0.6666666666666666,0.07692307692307693,0.4,0.3333333333333333,0.0,0.058823529411764705,0.6153846153846154,2,3,0.2777777777777778,3,0.6470588235294118,0.6666666666666666,0.07692307692307693,0.45286343027937087,3,3,,,,
case_split,CSP3,2026,A_q_global,0.35,0.75,0.9,centroid,0.48717948717948717,0.42063492063492064,0.4581105169340464,0.6285714285714287,0.13333333333333333,0.5,0.6470588235294118,0.09090909090909091,0.6363636363636364,0.25,0.36363636363636365,0.5454545454545454,0.11764705882352941,0.09090909090909091,2,1,0.4444444444444444,3,0.6470588235294118,0.09090909090909091,0.6363636363636364,0.37156818329868946,3,3,,,,
case_split,CSP3,2026,A_q_global,0.35,0.8,0.75,centroid,0.48717948717948717,0.455631833206204,0.607843137254902,0.6666666666666667,0.5263157894736842,0.1739130434782609,0.7058823529411765,1.0,0.11764705882352941,0.35714285714285715,0.0,0.0,0.058823529411764705,0.47058823529411764,3,3,0.5,3,0.7058823529411765,1.0,0.11764705882352941,0.4917432312715412,3,3,,,,
case_split,CSP3,2026,A_q_global,0.35,0.8,0.8,centroid,0.4358974358974359,0.40517598343685296,0.5686274509803921,0.6285714285714287,0.5,0.08695652173913045,0.6470588235294118,1.0,0.058823529411764705,0.3333333333333333,0.0,0.0,0.058823529411764705,0.5294117647058824,2,3,0.2777777777777778,3,0.6470588235294118,1.0,0.058823529411764705,0.4589023799610845,3,3,,,,
case_split,CSP3,2026,A_q_global,0.35,0.8,0.85,centroid,0.48717948717948717,0.43322751322751324,0.47679738562091506,0.6285714285714287,0.56,0.1111111111111111,0.6470588235294118,0.7,0.08333333333333333,0.4666666666666667,0.3,0.0,0.058823529411764705,0.5833333333333334,2,3,0.2777777777777778,3,0.6470588235294118,0.7,0.08333333333333333,0.4797278027490066,3,3,,,,
case_split,CSP3,2026,A_q_global,0.35,0.8,0.9,centroid,0.46153846153846156,0.40258564964447324,0.44346405228758173,0.6285714285714287,0.11764705882352941,0.4615384615384615,0.6470588235294118,0.08333333333333333,0.6,0.2,0.3333333333333333,0.5833333333333334,0.17647058823529413,0.1,2,0,0.5,3,0.6470588235294118,0.08333333333333333,0.6,0.3596530544239163,3,3,,,,
case_split,CSP3,2026,A_q_global,0.4,0.6,0.75,centroid,0.48717948717948717,0.45497076023391814,0.5263888888888889,0.631578947368421,0.4,0.3333333333333333,0.6,0.6666666666666666,0.3125,0.2857142857142857,0.0,0.3333333333333333,0.0,0.3125,4,3,0.5555555555555556,3,0.6,0.6666666666666666,0.3125,0.4378618421052632,3,3,,,,
case_split,CSP3,2026,A_q_global,0.4,0.6,0.8,centroid,0.4358974358974359,0.39108187134502925,0.5750000000000001,0.631578947368421,0.375,0.16666666666666666,0.6,1.0,0.125,0.23076923076923078,0.0,0.0,0.1,0.5,2,3,0.3333333333333333,3,0.6,1.0,0.125,0.4122368421052631,3,3,,,,
case_split,CSP3,2026,A_q_global,0.4,0.6,0.85,centroid,0.4358974358974359,0.39108187134502925,0.5750000000000001,0.631578947368421,0.375,0.16666666666666666,0.6,1.0,0.125,0.23076923076923078,0.0,0.0,0.1,0.5,2,3,0.3333333333333333,3,0.6,1.0,0.125,0.4143201754385965,3,3,,,,
case_split,CSP3,2026,A_q_global,0.4,0.6,0.9,centroid,0.5128205128205128,0.43274853801169594,0.4388888888888889,0.631578947368421,0.16666666666666666,0.5,0.6,0.25,0.4666666666666667,0.125,0.25,0.5,0.2,0.2,4,2,0.6111111111111112,3,0.6,0.25,0.4666666666666667,0.36682017543859646,3,3,,,,
case_split,CSP3,2026,A_q_global,0.4,0.65,0.75,centroid,0.5128205128205128,0.5072870263432877,0.5611111111111111,0.631578947368421,0.5454545454545454,0.3448275862068965,0.6,0.75,0.3333333333333333,0.42857142857142855,0.0,0.25,0.0,0.26666666666666666,4,3,0.5555555555555556,3,0.6,0.75,0.3333333333333333,0.5029761315514492,3,3,,,,
case_split,CSP3,2026,A_q_global,0.4,0.65,0.8,centroid,0.46153846153846156,0.4253600753802665,0.5777777777777778,0.631578947368421,0.47058823529411764,0.1739130434782609,0.6,1.0,0.13333333333333333,0.3076923076923077,0.0,0.0,0.1,0.4666666666666667,2,3,0.3333333333333333,3,0.6,1.0,0.13333333333333333,0.45197575941131596,3,3,,,,
case_split,CSP3,2026,A_q_global,0.4,0.65,0.85,centroid,0.46153846153846156,0.4192805245436824,0.5142857142857142,0.631578947368421,0.4444444444444444,0.18181818181818182,0.6,0.8,0.14285714285714285,0.3076923076923077,0.2,0.0,0.1,0.5,2,3,0.3333333333333333,3,0.6,0.8,0.14285714285714285,0.43734687096529196,3,3,,,,
case_split,CSP3,2026,A_q_global,0.4,0.65,0.9,centroid,0.41025641025641024,0.3321123321123321,0.4222222222222222,0.6153846153846154,0.3809523809523809,0.0,0.6,0.6666666666666666,0.0,0.26666666666666666,0.3333333333333333,0.0,0.15,0.6153846153846154,2,2,0.2222222222222222,3,0.6,0.6666666666666666,0.0,0.3746886446886446,3,3,,,,
case_split,CSP3,2026,A_q_global,0.4,0.7,0.75,centroid,0.5128205128205128,0.5072870263432877,0.5611111111111111,0.631578947368421,0.5454545454545454,0.3448275862068965,0.6,0.75,0.3333333333333333,0.42857142857142855,0.0,0.25,0.0,0.26666666666666666,4,3,0.5555555555555556,3,0.6,0.75,0.3333333333333333,0.5029761315514492,3,3,,,,
case_split,CSP3,2026,A_q_global,0.4,0.7,0.8,centroid,0.46153846153846156,0.4253600753802665,0.5777777777777778,0.631578947368421,0.47058823529411764,0.1739130434782609,0.6,1.0,0.13333333333333333,0.3076923076923077,0.0,0.0,0.1,0.4666666666666667,2,3,0.3333333333333333,3,0.6,1.0,0.13333333333333333,0.45197575941131596,3,3,,,,
case_split,CSP3,2026,A_q_global,0.4,0.7,0.85,centroid,0.48717948717948717,0.4494569757727653,0.5290598290598291,0.631578947368421,0.5263157894736842,0.1904761904761905,0.6,0.8333333333333334,0.15384615384615385,0.38461538461538464,0.16666666666666666,0.0,0.1,0.46153846153846156,2,3,0.3333333333333333,3,0.6,0.8333333333333334,0.15384615384615385,0.4736102274918065,3,3,,,,
case_split,CSP3,2026,A_q_global,0.4,0.7,0.9,centroid,0.4358974358974359,0.35664335664335667,0.4380952380952381,0.6153846153846154,0.4545454545454545,0.0,0.6,0.7142857142857143,0.0,0.3333333333333333,0.2857142857142857,0.0,0.15,0.5833333333333334,2,2,0.2222222222222222,3,0.6,0.7142857142857143,0.0,0.4065068265068265,3,3,,,,
case_split,CSP3,2026,A_q_global,0.4,0.75,0.75,centroid,0.5128205128205128,0.5072870263432877,0.5611111111111111,0.631578947368421,0.5454545454545454,0.3448275862068965,0.6,0.75,0.3333333333333333,0.42857142857142855,0.0,0.25,0.0,0.26666666666666666,4,3,0.5555555555555556,3,0.6,0.75,0.3333333333333333,0.5029761315514492,3,3,,,,
case_split,CSP3,2026,A_q_global,0.4,0.75,0.8,centroid,0.46153846153846156,0.4253600753802665,0.5777777777777778,0.631578947368421,0.47058823529411764,0.1739130434782609,0.6,1.0,0.13333333333333333,0.3076923076923077,0.0,0.0,0.1,0.4666666666666667,2,3,0.3333333333333333,3,0.6,1.0,0.13333333333333333,0.45197575941131596,3,3,,,,
case_split,CSP3,2026,A_q_global,0.4,0.75,0.85,centroid,0.48717948717948717,0.443859649122807,0.4936507936507937,0.631578947368421,0.5,0.2,0.6,0.7142857142857143,0.16666666666666666,0.38461538461538464,0.2857142857142857,0.0,0.1,0.5,2,3,0.3333333333333333,3,0.6,0.7142857142857143,0.16666666666666666,0.45920112781954886,3,3,,,,
case_split,CSP3,2026,A_q_global,0.4,0.75,0.9,centroid,0.46153846153846156,0.3717948717948718,0.4222222222222222,0.6153846153846154,0.5,0.0,0.6,0.6666666666666666,0.0,0.4,0.3333333333333333,0.0,0.15,0.6,2,2,0.2222222222222222,3,0.6,0.6666666666666666,0.0,0.4223076923076923,3,3,,,,
case_split,CSP3,2026,A_q_global,0.4,0.8,0.75,centroid,0.5128205128205128,0.5072870263432877,0.5611111111111111,0.631578947368421,0.5454545454545454,0.3448275862068965,0.6,0.75,0.3333333333333333,0.42857142857142855,0.0,0.25,0.0,0.26666666666666666,4,3,0.5555555555555556,3,0.6,0.75,0.3333333333333333,0.5029761315514492,3,3,,,,
case_split,CSP3,2026,A_q_global,0.4,0.8,0.8,centroid,0.46153846153846156,0.4253600753802665,0.5777777777777778,0.631578947368421,0.47058823529411764,0.1739130434782609,0.6,1.0,0.13333333333333333,0.3076923076923077,0.0,0.0,0.1,0.4666666666666667,2,3,0.3333333333333333,3,0.6,1.0,0.13333333333333333,0.45197575941131596,3,3,,,,
case_split,CSP3,2026,A_q_global,0.4,0.8,0.85,centroid,0.5128205128205128,0.47117794486215536,0.5106060606060606,0.631578947368421,0.5714285714285714,0.2105263157894737,0.6,0.75,0.18181818181818182,0.46153846153846156,0.25,0.0,0.1,0.45454545454545453,2,3,0.3333333333333333,3,0.6,0.75,0.18181818181818182,0.4918947938026886,3,3,,,,
case_split,CSP3,2026,A_q_global,0.4,0.8,0.9,centroid,0.5128205128205128,0.43589743589743585,0.4703703703703703,0.6153846153846154,0.5384615384615384,0.15384615384615383,0.6,0.7,0.1111111111111111,0.4375,0.3,0.0,0.25,0.4444444444444444,2,1,0.3333333333333333,3,0.6,0.7,0.1111111111111111,0.4700747863247862,3,3,,,,
case_split,CSP3,2026,B_vb_engineering,,,,centroid,0.5897435897435898,0.5929824561403508,0.5901875901875903,0.9,0.5789473684210527,0.3,0.8181818181818182,0.5238095238095238,0.42857142857142855,0.6470588235294118,0.0,0.47619047619047616,0.18181818181818182,0.5714285714285714,1,0,0.3333333333333333,3,0.8181818181818182,0.5238095238095238,0.42857142857142855,0.601269876594234,3,3,0.15083333333333332,0.4766666666666667,0.25,0.75
case_split,CSP3,2026,B_vb_engineering,,,,centroid,0.5128205128205128,0.523495827843654,0.5082671957671957,0.782608695652174,0.42424242424242425,0.3636363636363637,0.6428571428571429,0.4375,0.4444444444444444,0.4117647058823529,0.0,0.5625,0.35714285714285715,0.5555555555555556,1,0,0.3333333333333333,3,0.6428571428571429,0.4375,0.4444444444444444,0.542159522241044,3,3,0.184,0.44533333333333336,0.3,0.7
case_split,CSP3,2026,B_vb_engineering,,,,centroid,0.48717948717948717,0.4926739926739927,0.4875816993464053,0.6923076923076924,0.28571428571428575,0.5,0.5294117647058824,0.3333333333333333,0.6,0.25,0.0,0.6666666666666666,0.47058823529411764,0.4,0,0,0.2777777777777778,3,0.5294117647058824,0.3333333333333333,0.6,0.49691428432415147,3,3,0.20733333333333334,0.41483333333333333,0.35,0.65
case_split,CSP4,2026,A_q_global,0.25,0.6,0.75,centroid,0.42857142857142855,0.4336996336996337,0.45925925925925926,0.6153846153846153,0.4,0.28571428571428575,0.4444444444444444,0.6666666666666666,0.26666666666666666,0.2857142857142857,0.0,0.3333333333333333,0.2222222222222222,0.7333333333333333,4,2,0.5128205128205128,3,0.4444444444444444,0.6666666666666666,0.26666666666666666,0.43548229548229545,3,3,,,,
case_split,CSP4,2026,A_q_global,0.25,0.6,0.8,centroid,0.47619047619047616,0.4743589743589744,0.51005291005291,0.6153846153846153,0.5000000000000001,0.30769230769230765,0.4444444444444444,0.8,0.2857142857142857,0.36363636363636365,0.0,0.2,0.2222222222222222,0.7142857142857143,8,4,0.8717948717948718,3,0.4444444444444444,0.8,0.2857142857142857,0.48935971887191404,3,3,,,,
case_split,CSP4,2026,A_q_global,0.25,0.6,0.85,centroid,0.42857142857142855,0.4175465057817999,0.40529100529100526,0.6153846153846153,0.16666666666666666,0.47058823529411764,0.4444444444444444,0.2,0.5714285714285714,0.14285714285714285,0.0,0.8,0.3333333333333333,0.42857142857142855,7,0,0.9230769230769231,3,0.4444444444444444,0.2,0.5714285714285714,0.3711254758313582,3,3,,,,
case_split,CSP4,2026,A_q_global,0.25,0.6,0.9,centroid,0.47619047619047616,0.46493212669683254,0.4624338624338624,0.6153846153846153,0.25,0.5294117647058824,0.4444444444444444,0.3,0.6428571428571429,0.21428571428571427,0.0,0.7,0.3333333333333333,0.35714285714285715,8,0,1.0256410256410255,3,0.4444444444444444,0.3,0.6428571428571429,0.4289223742164918,3,3,,,,
case_split,CSP4,2026,A_q_global,0.25,0.65,0.75,centroid,0.42857142857142855,0.4336996336996337,0.45925925925925926,0.6153846153846153,0.4,0.28571428571428575,0.4444444444444444,0.6666666666666666,0.26666666666666666,0.2857142857142857,0.0,0.3333333333333333,0.2222222222222222,0.7333333333333333,4,2,0.5128205128205128,3,0.4444444444444444,0.6666666666666666,0.26666666666666666,0.43548229548229545,3,3,,,,
case_split,CSP4,2026,A_q_global,0.25,0.65,0.8,centroid,0.47619047619047616,0.4743589743589744,0.51005291005291,0.6153846153846153,0.5000000000000001,0.30769230769230765,0.4444444444444444,0.8,0.2857142857142857,0.36363636363636365,0.0,0.2,0.2222222222222222,0.7142857142857143,8,4,0.8717948717948718,3,0.4444444444444444,0.8,0.2857142857142857,0.48935971887191404,3,3,,,,
case_split,CSP4,2026,A_q_global,0.25,0.65,0.85,centroid,0.4523809523809524,0.4532090132090132,0.4481481481481482,0.6153846153846153,0.32,0.4242424242424242,0.4444444444444444,0.4,0.5,0.26666666666666666,0.0,0.6,0.2222222222222222,0.5,6,1,0.7692307692307693,3,0.4444444444444444,0.4,0.5,0.439004116004116,3,3,,,,
case_split,CSP4,2026,A_q_global,0.25,0.65,0.9,centroid,0.4523809523809524,0.45443127163557273,0.4481481481481482,0.6153846153846153,0.29629629629629634,0.45161290322580644,0.4444444444444444,0.4,0.5,0.23529411764705882,0.0,0.6,0.3333333333333333,0.5,8,0,1.0256410256410255,3,0.4444444444444444,0.4,0.5,0.44150465424658975,3,3,,,,
case_split,CSP4,2026,A_q_global,0.25,0.7,0.75,centroid,0.42857142857142855,0.4055422838031533,0.5037037037037037,0.6153846153846153,0.5142857142857142,0.08695652173913045,0.4444444444444444,1.0,0.06666666666666667,0.34615384615384615,0.0,0.0,0.16666666666666666,0.9333333333333333,5,5,0.5641025641025641,3,0.4444444444444444,1.0,0.06666666666666667,0.4610112557408421,3,3,,,,
case_split,CSP4,2026,A_q_global,0.25,0.7,0.8,centroid,0.4523809523809524,0.39811066126855593,0.48148148148148145,0.6153846153846153,0.5789473684210525,0.0,0.4444444444444444,1.0,0.0,0.4074074074074074,0.0,0.0,0.16666666666666666,1.0,5,4,0.5641025641025641,3,0.4444444444444444,1.0,0.0,0.4736088618983355,3,3,,,,
case_split,CSP4,2026,A_q_global,0.25,0.7,0.85,centroid,0.5,0.5030103995621237,0.5,0.6666666666666666,0.42857142857142855,0.41379310344827586,0.5,0.5,0.5,0.375,0.0,0.5,0.2222222222222222,0.5,5,1,0.6666666666666666,3,0.5,0.5,0.5,0.5001642036124795,3,3,,,,
case_split,CSP4,2026,A_q_global,0.25,0.7,0.9,centroid,0.47619047619047616,0.47912262966026403,0.48148148148148157,0.6153846153846153,0.3703703703703704,0.4516129032258065,0.4444444444444444,0.4166666666666667,0.5833333333333334,0.3333333333333333,0.0,0.5833333333333334,0.2777777777777778,0.4166666666666667,9,1,1.0769230769230769,3,0.4444444444444444,0.4166666666666667,0.5833333333333334,0.48041999816193365,3,3,,,,
case_split,CSP4,2026,A_q_global,0.25,0.75,0.75,centroid,0.42857142857142855,0.4055422838031533,0.5037037037037037,0.6153846153846153,0.5142857142857142,0.08695652173913045,0.4444444444444444,1.0,0.06666666666666667,0.34615384615384615,0.0,0.0,0.16666666666666666,0.9333333333333333,5,5,0.5641025641025641,3,0.4444444444444444,1.0,0.06666666666666667,0.4610112557408421,3,3,,,,
case_split,CSP4,2026,A_q_global,0.25,0.75,0.8,centroid,0.4523809523809524,0.39811066126855593,0.48148148148148145,0.6153846153846153,0.5789473684210525,0.0,0.4444444444444444,1.0,0.0,0.4074074074074074,0.0,0.0,0.16666666666666666,1.0,5,4,0.5641025641025641,3,0.4444444444444444,1.0,0.0,0.4736088618983355,3,3,,,,
case_split,CSP4,2026,A_q_global,0.25,0.75,0.85,centroid,0.4523809523809524,0.4444656792482879,0.4537037037037037,0.6153846153846153,0.2608695652173913,0.4571428571428571,0.4444444444444444,0.25,0.6666666666666666,0.2727272727272727,0.0,0.75,0.2222222222222222,0.3333333333333333,5,1,0.6666666666666666,3,0.4444444444444444,0.25,0.6666666666666666,0.42899678823591864,3,3,,,,
case_split,CSP4,2026,A_q_global,0.25,0.75,0.9,centroid,0.4523809523809524,0.45800176834659595,0.4537037037037037,0.6153846153846153,0.3448275862068966,0.41379310344827586,0.4444444444444444,0.4166666666666667,0.5,0.29411764705882354,0.0,0.5833333333333334,0.3333333333333333,0.5,8,0,1.0256410256410255,3,0.4444444444444444,0.4166666666666667,0.5,0.4649087024087024,3,3,,,,
case_split,CSP4,2026,A_q_global,0.25,0.8,0.75,centroid,0.42857142857142855,0.4055422838031533,0.5037037037037037,0.6153846153846153,0.5142857142857142,0.08695652173913045,0.4444444444444444,1.0,0.06666666666666667,0.34615384615384615,0.0,0.0,0.16666666666666666,0.9333333333333333,5,5,0.5641025641025641,3,0.4444444444444444,1.0,0.06666666666666667,0.4610112557408421,3,3,,,,
case_split,CSP4,2026,A_q_global,0.25,0.8,0.8,centroid,0.4523809523809524,0.39811066126855593,0.48148148148148145,0.6153846153846153,0.5789473684210525,0.0,0.4444444444444444,1.0,0.0,0.4074074074074074,0.0,0.0,0.16666666666666666,1.0,5,4,0.5641025641025641,3,0.4444444444444444,1.0,0.0,0.4736088618983355,3,3,,,,
case_split,CSP4,2026,A_q_global,0.25,0.8,0.85,centroid,0.42857142857142855,0.42571644042232276,0.4371924371924372,0.6153846153846153,0.24999999999999994,0.411764705882353,0.4444444444444444,0.23076923076923078,0.6363636363636364,0.2727272727272727,0.0,0.7692307692307693,0.2222222222222222,0.36363636363636365,5,1,0.6666666666666666,3,0.4444444444444444,0.23076923076923078,0.6363636363636364,0.41536554948319654,3,3,,,,
case_split,CSP4,2026,A_q_global,0.25,0.8,0.9,centroid,0.42857142857142855,0.4352869352869353,0.4278684278684279,0.6153846153846153,0.33333333333333337,0.35714285714285715,0.4444444444444444,0.38461538461538464,0.45454545454545453,0.29411764705882354,0.0,0.6153846153846154,0.3333333333333333,0.5454545454545454,8,0,1.0256410256410255,3,0.4444444444444444,0.38461538461538464,0.45454545454545453,0.44793817293817295,3,3,,,,
case_split,CSP4,2026,A_q_global,0.3,0.6,0.75,centroid,0.40476190476190477,0.4075702075702076,0.4603174603174603,0.5714285714285715,0.3846153846153846,0.26666666666666666,0.4,0.7142857142857143,0.26666666666666666,0.2631578947368421,0.0,0.2857142857142857,0.15,0.7333333333333333,7,5,0.7692307692307693,3,0.4,0.7142857142857143,0.26666666666666666,0.41527472527472525,3,3,,,,
case_split,CSP4,2026,A_q_global,0.3,0.6,0.8,centroid,0.42857142857142855,0.4263736263736264,0.4785714285714285,0.5714285714285715,0.39999999999999997,0.30769230769230765,0.4,0.75,0.2857142857142857,0.2727272727272727,0.0,0.25,0.3,0.7142857142857143,4,1,0.6153846153846154,3,0.4,0.75,0.2857142857142857,0.4331660412757974,3,3,,,,
case_split,CSP4,2026,A_q_global,0.3,0.6,0.85,centroid,0.40476190476190477,0.39186507936507936,0.3833333333333333,0.5714285714285715,0.16666666666666666,0.43750000000000006,0.4,0.25,0.5,0.125,0.0,0.75,0.35,0.5,9,0,1.1282051282051282,3,0.4,0.25,0.5,0.35114697802197803,3,3,,,,
case_split,CSP4,2026,A_q_global,0.3,0.6,0.9,centroid,0.5,0.4348200818789054,0.4607142857142857,0.5714285714285715,0.11764705882352941,0.6153846153846153,0.4,0.125,0.8571428571428571,0.1111111111111111,0.0,0.875,0.3,0.14285714285714285,5,0,0.717948717948718,3,0.4,0.125,0.8571428571428571,0.37662037684096505,3,3,,,,
case_split,CSP4,2026,A_q_global,0.3,0.65,0.75,centroid,0.40476190476190477,0.4075702075702076,0.4603174603174603,0.5714285714285715,0.3846153846153846,0.26666666666666666,0.4,0.7142857142857143,0.26666666666666666,0.2631578947368421,0.0,0.2857142857142857,0.15,0.7333333333333333,7,5,0.7692307692307693,3,0.4,0.7142857142857143,0.26666666666666666,0.41527472527472525,3,3,,,,
case_split,CSP4,2026,A_q_global,0.3,0.65,0.8,centroid,0.42857142857142855,0.4263736263736264,0.4785714285714285,0.5714285714285715,0.39999999999999997,0.30769230769230765,0.4,0.75,0.2857142857142857,0.2727272727272727,0.0,0.25,0.3,0.7142857142857143,4,1,0.6153846153846154,3,0.4,0.75,0.2857142857142857,0.4331660412757974,3,3,,,,
case_split,CSP4,2026,A_q_global,0.3,0.65,0.85,centroid,0.38095238095238093,0.37284178187403993,0.3595238095238095,0.5714285714285715,0.15999999999999998,0.3870967741935484,0.4,0.25,0.42857142857142855,0.11764705882352941,0.0,0.75,0.35,0.5714285714285714,7,0,0.9230769230769231,3,0.4,0.25,0.42857142857142855,0.34413980570432184,3,3,,,,
case_split,CSP4,2026,A_q_global,0.3,0.65,0.9,centroid,0.40476190476190477,0.39186507936507936,0.3833333333333333,0.5714285714285715,0.16666666666666666,0.43750000000000006,0.4,0.25,0.5,0.125,0.0,0.75,0.35,0.5,8,0,1.0256410256410255,3,0.4,0.25,0.5,0.36550595238095235,3,3,,,,
case_split,CSP4,2026,A_q_global,0.3,0.7,0.75,centroid,0.40476190476190477,0.39434715821812594,0.5111111111111111,0.5714285714285715,0.45161290322580644,0.16,0.4,1.0,0.13333333333333333,0.2916666666666667,0.0,0.0,0.2,0.8666666666666667,6,5,0.6666666666666666,3,0.4,1.0,0.13333333333333333,0.4365383087932262,3,3,,,,
case_split,CSP4,2026,A_q_global,0.3,0.7,0.8,centroid,0.40476190476190477,0.38107785933872895,0.4552706552706552,0.5714285714285715,0.48484848484848486,0.08695652173913043,0.4,0.8888888888888888,0.07692307692307693,0.3333333333333333,0.0,0.1111111111111111,0.2,0.9230769230769231,6,5,0.6666666666666666,3,0.4,0.8888888888888888,0.07692307692307693,0.43348775620514757,3,3,,,,
case_split,CSP4,2026,A_q_global,0.3,0.7,0.85,centroid,0.4523809523809524,0.452014652014652,0.47222222222222227,0.5714285714285715,0.4,0.3846153846153846,0.4,0.6,0.4166666666666667,0.3,0.0,0.4,0.35,0.5833333333333334,6,0,0.8205128205128205,3,0.4,0.6,0.4166666666666667,0.46035103785103787,3,3,,,,
case_split,CSP4,2026,A_q_global,0.3,0.7,0.9,centroid,0.4523809523809524,0.44739168877099916,0.45,0.6206896551724138,0.3076923076923077,0.41379310344827586,0.45,0.4,0.5,0.25,0.0,0.6,0.3,0.5,8,1,0.9743589743589743,3,0.45,0.4,0.5,0.4398669839288501,3,3,,,,
case_split,CSP4,2026,A_q_global,0.3,0.75,0.75,centroid,0.40476190476190477,0.39434715821812594,0.5111111111111111,0.5714285714285715,0.45161290322580644,0.16,0.4,1.0,0.13333333333333333,0.2916666666666667,0.0,0.0,0.2,0.8666666666666667,6,5,0.6666666666666666,3,0.4,1.0,0.13333333333333333,0.4365383087932262,3,3,,,,
case_split,CSP4,2026,A_q_global,0.3,0.75,0.8,centroid,0.40476190476190477,0.38107785933872895,0.4552706552706552,0.5714285714285715,0.48484848484848486,0.08695652173913043,0.4,0.8888888888888888,0.07692307692307693,0.3333333333333333,0.0,0.1111111111111111,0.2,0.9230769230769231,6,5,0.6666666666666666,3,0.4,0.8888888888888888,0.07692307692307693,0.43348775620514757,3,3,,,,
case_split,CSP4,2026,A_q_global,0.3,0.75,0.85,centroid,0.4523809523809524,0.4438339438339438,0.4388888888888889,0.6666666666666666,0.3076923076923077,0.35714285714285715,0.5,0.4,0.4166666666666667,0.25,0.0,0.6,0.25,0.5833333333333334,7,1,0.8717948717948718,3,0.5,0.4,0.4166666666666667,0.432481684981685,3,3,,,,
case_split,CSP4,2026,A_q_global,0.3,0.75,0.9,centroid,0.40476190476190477,0.4007326007326008,0.39999999999999997,0.5714285714285715,0.23076923076923075,0.4,0.4,0.3,0.5,0.1875,0.0,0.7,0.35,0.5,8,0,1.0256410256410255,3,0.4,0.3,0.5,0.3950808015513898,3,3,,,,
case_split,CSP4,2026,A_q_global,0.3,0.8,0.75,centroid,0.40476190476190477,0.39434715821812594,0.5111111111111111,0.5714285714285715,0.45161290322580644,0.16,0.4,1.0,0.13333333333333333,0.2916666666666667,0.0,0.0,0.2,0.8666666666666667,6,5,0.6666666666666666,3,0.4,1.0,0.13333333333333333,0.4365383087932262,3,3,,,,
case_split,CSP4,2026,A_q_global,0.3,0.8,0.8,centroid,0.40476190476190477,0.38107785933872895,0.4552706552706552,0.5714285714285715,0.48484848484848486,0.08695652173913043,0.4,0.8888888888888888,0.07692307692307693,0.3333333333333333,0.0,0.1111111111111111,0.2,0.9230769230769231,6,5,0.6666666666666666,3,0.4,0.8888888888888888,0.07692307692307693,0.43348775620514757,3,3,,,,
case_split,CSP4,2026,A_q_global,0.3,0.8,0.85,centroid,0.42857142857142855,0.419753086419753,0.4090909090909091,0.6666666666666666,0.2962962962962963,0.2962962962962963,0.5,0.36363636363636365,0.36363636363636365,0.25,0.0,0.6363636363636364,0.25,0.6363636363636364,7,1,0.8717948717948718,3,0.5,0.36363636363636365,0.36363636363636365,0.41432659932659927,3,3,,,,
case_split,CSP4,2026,A_q_global,0.3,0.8,0.9,centroid,0.38095238095238093,0.37949279328589675,0.37575757575757573,0.5714285714285715,0.2222222222222222,0.3448275862068966,0.4,0.2727272727272727,0.45454545454545453,0.1875,0.0,0.7272727272727273,0.35,0.5454545454545454,8,0,1.0256410256410255,3,0.4,0.2727272727272727,0.45454545454545453,0.3797497724272572,3,3,,,,
case_split,CSP4,2026,A_q_global,0.35,0.6,0.75,centroid,0.38095238095238093,0.3753086419753086,0.47676767676767673,0.5333333333333333,0.2962962962962963,0.2962962962962963,0.36363636363636365,0.8,0.26666666666666666,0.18181818181818182,0.0,0.2,0.3181818181818182,0.7333333333333333,6,3,0.6666666666666666,3,0.36363636363636365,0.8,0.26666666666666666,0.38197811447811447,3,3,,,,
case_split,CSP4,2026,A_q_global,0.35,0.6,0.8,centroid,0.35714285714285715,0.34993894993895,0.4148629148629148,0.5333333333333333,0.28571428571428575,0.23076923076923075,0.36363636363636365,0.6666666666666666,0.21428571428571427,0.18181818181818182,0.0,0.3333333333333333,0.3181818181818182,0.7857142857142857,6,3,0.6666666666666666,3,0.36363636363636365,0.6666666666666666,0.21428571428571427,0.3586305361305362,3,3,,,,
case_split,CSP4,2026,A_q_global,0.35,0.6,0.85,centroid,0.42857142857142855,0.4231990231990232,0.4862914862914863,0.5333333333333333,0.30769230769230765,0.42857142857142855,0.36363636363636365,0.6666666666666666,0.42857142857142855,0.2,0.0,0.3333333333333333,0.36363636363636365,0.5714285714285714,6,0,0.8205128205128205,3,0.36363636363636365,0.6666666666666666,0.42857142857142855,0.4139905708326761,3,3,,,,
case_split,CSP4,2026,A_q_global,0.35,0.6,0.9,centroid,0.38095238095238093,0.35093795093795094,0.3434343434343434,0.5333333333333333,0.09523809523809522,0.4242424242424242,0.36363636363636365,0.16666666666666666,0.5,0.06666666666666667,0.0,0.8333333333333334,0.3181818181818182,0.5,8,0,1.0256410256410255,3,0.36363636363636365,0.16666666666666666,0.5,0.3138023088023088,3,3,,,,
case_split,CSP4,2026,A_q_global,0.35,0.65,0.75,centroid,0.38095238095238093,0.3753086419753086,0.47676767676767673,0.5333333333333333,0.2962962962962963,0.2962962962962963,0.36363636363636365,0.8,0.26666666666666666,0.18181818181818182,0.0,0.2,0.3181818181818182,0.7333333333333333,6,3,0.6666666666666666,3,0.36363636363636365,0.8,0.26666666666666666,0.38197811447811447,3,3,,,,
case_split,CSP4,2026,A_q_global,0.35,0.65,0.8,centroid,0.35714285714285715,0.34993894993895,0.4148629148629148,0.5333333333333333,0.28571428571428575,0.23076923076923075,0.36363636363636365,0.6666666666666666,0.21428571428571427,0.18181818181818182,0.0,0.3333333333333333,0.3181818181818182,0.7857142857142857,6,3,0.6666666666666666,3,0.36363636363636365,0.6666666666666666,0.21428571428571427,0.3586305361305362,3,3,,,,
case_split,CSP4,2026,A_q_global,0.35,0.65,0.85,centroid,0.4523809523809524,0.4444444444444445,0.51010101010101,0.5333333333333333,0.3333333333333333,0.4666666666666667,0.36363636363636365,0.6666666666666666,0.5,0.2222222222222222,0.0,0.3333333333333333,0.3181818181818182,0.5,7,0,0.9230769230769231,3,0.36363636363636365,0.6666666666666666,0.5,0.4404040404040404,3,3,,,,
case_split,CSP4,2026,A_q_global,0.35,0.65,0.9,centroid,0.42857142857142855,0.4152719339255104,0.4545454545454546,0.5333333333333333,0.2608695652173913,0.45161290322580644,0.36363636363636365,0.5,0.5,0.17647058823529413,0.0,0.5,0.3181818181818182,0.5,8,0,1.0256410256410255,3,0.36363636363636365,0.5,0.5,0.4063826908637568,3,3,,,,
case_split,CSP4,2026,A_q_global,0.35,0.7,0.75,centroid,0.3333333333333333,0.32306513409961685,0.4323232323232323,0.5333333333333333,0.27586206896551724,0.16,0.36363636363636365,0.8,0.13333333333333333,0.16666666666666666,0.0,0.2,0.3181818181818182,0.8666666666666667,7,5,0.7692307692307693,3,0.36363636363636365,0.8,0.13333333333333333,0.34970613294751224,3,3,,,,
case_split,CSP4,2026,A_q_global,0.35,0.7,0.8,centroid,0.3333333333333333,0.3142901667445847,0.38494838494838496,0.5333333333333333,0.3225806451612903,0.08695652173913043,0.36363636363636365,0.7142857142857143,0.07692307692307693,0.20833333333333334,0.0,0.2857142857142857,0.3181818181818182,0.9230769230769231,7,5,0.7692307692307693,3,0.36363636363636365,0.7142857142857143,0.07692307692307693,0.3503308145804639,3,3,,,,
case_split,CSP4,2026,A_q_global,0.35,0.7,0.85,centroid,0.4523809523809524,0.45272030651340994,0.5101010101010102,0.5333333333333333,0.48,0.3448275862068966,0.36363636363636365,0.75,0.4166666666666667,0.35294117647058826,0.0,0.25,0.18181818181818182,0.5833333333333334,5,1,0.6666666666666666,3,0.36363636363636365,0.75,0.4166666666666667,0.48357262277951935,3,3,,,,
case_split,CSP4,2026,A_q_global,0.35,0.7,0.9,centroid,0.4523809523809524,0.4493827160493827,0.5101010101010102,0.5333333333333333,0.44444444444444436,0.3703703703703704,0.36363636363636365,0.75,0.4166666666666667,0.3157894736842105,0.0,0.25,0.2727272727272727,0.5833333333333334,7,1,0.8717948717948718,3,0.36363636363636365,0.75,0.4166666666666667,0.47873737373737374,3,3,,,,
case_split,CSP4,2026,A_q_global,0.35,0.75,0.75,centroid,0.3333333333333333,0.32306513409961685,0.4323232323232323,0.5333333333333333,0.27586206896551724,0.16,0.36363636363636365,0.8,0.13333333333333333,0.16666666666666666,0.0,0.2,0.3181818181818182,0.8666666666666667,7,5,0.7692307692307693,3,0.36363636363636365,0.8,0.13333333333333333,0.34970613294751224,3,3,,,,
case_split,CSP4,2026,A_q_global,0.35,0.75,0.8,centroid,0.3333333333333333,0.3142901667445847,0.38494838494838496,0.5333333333333333,0.3225806451612903,0.08695652173913043,0.36363636363636365,0.7142857142857143,0.07692307692307693,0.20833333333333334,0.0,0.2857142857142857,0.3181818181818182,0.9230769230769231,7,5,0.7692307692307693,3,0.36363636363636365,0.7142857142857143,0.07692307692307693,0.3503308145804639,3,3,,,,
case_split,CSP4,2026,A_q_global,0.35,0.75,0.85,centroid,0.5,0.496405529953917,0.5530303030303031,0.5806451612903226,0.48,0.42857142857142855,0.4090909090909091,0.75,0.5,0.35294117647058826,0.0,0.25,0.22727272727272727,0.5,6,1,0.7692307692307693,3,0.4090909090909091,0.75,0.5,0.5124481450449192,3,3,,,,
case_split,CSP4,2026,A_q_global,0.35,0.75,0.9,centroid,0.42857142857142855,0.422375478927203,0.4545454545454546,0.5333333333333333,0.31999999999999995,0.41379310344827586,0.36363636363636365,0.5,0.5,0.23529411764705882,0.0,0.5,0.3181818181818182,0.5,8,0,1.0256410256410255,3,0.36363636363636365,0.5,0.5,0.4299174503657262,3,3,,,,
case_split,CSP4,2026,A_q_global,0.35,0.8,0.75,centroid,0.3333333333333333,0.32306513409961685,0.4323232323232323,0.5333333333333333,0.27586206896551724,0.16,0.36363636363636365,0.8,0.13333333333333333,0.16666666666666666,0.0,0.2,0.3181818181818182,0.8666666666666667,7,5,0.7692307692307693,3,0.36363636363636365,0.8,0.13333333333333333,0.34970613294751224,3,3,,,,
case_split,CSP4,2026,A_q_global,0.35,0.8,0.8,centroid,0.3333333333333333,0.3142901667445847,0.38494838494838496,0.5333333333333333,0.3225806451612903,0.08695652173913043,0.36363636363636365,0.7142857142857143,0.07692307692307693,0.20833333333333334,0.0,0.2857142857142857,0.3181818181818182,0.9230769230769231,7,5,0.7692307692307693,3,0.36363636363636365,0.7142857142857143,0.07692307692307693,0.3503308145804639,3,3,,,,
case_split,CSP4,2026,A_q_global,0.35,0.8,0.85,centroid,0.47619047619047616,0.4708513310663848,0.51010101010101,0.5806451612903226,0.46153846153846156,0.3703703703703703,0.4090909090909091,0.6666666666666666,0.45454545454545453,0.35294117647058826,0.0,0.3333333333333333,0.22727272727272727,0.5454545454545454,6,1,0.7692307692307693,3,0.4090909090909091,0.6666666666666666,0.45454545454545453,0.48989397699075116,3,3,,,,
case_split,CSP4,2026,A_q_global,0.35,0.8,0.9,centroid,0.40476190476190477,0.39938949938949936,0.42087542087542085,0.5333333333333333,0.30769230769230765,0.35714285714285715,0.36363636363636365,0.4444444444444444,0.45454545454545453,0.23529411764705882,0.0,0.5555555555555556,0.3181818181818182,0.5454545454545454,8,0,1.0256410256410255,3,0.36363636363636365,0.4444444444444444,0.45454545454545453,0.41144633144633147,3,3,,,,
case_split,CSP4,2026,A_q_global,0.4,0.6,0.75,centroid,0.40476190476190477,0.39093701996927804,0.503968253968254,0.5,0.2857142857142857,0.3870967741935484,0.3333333333333333,0.75,0.42857142857142855,0.17647058823529413,0.0,0.25,0.25,0.5714285714285714,5,5,0.6666666666666666,3,0.3333333333333333,0.75,0.42857142857142855,0.38270156607096023,3,3,,,,
case_split,CSP4,2026,A_q_global,0.4,0.6,0.8,centroid,0.38095238095238093,0.3686868686868687,0.4393162393162393,0.5,0.2727272727272727,0.33333333333333337,0.3333333333333333,0.6,0.38461538461538464,0.17647058823529413,0.0,0.4,0.25,0.6153846153846154,5,5,0.6666666666666666,3,0.3333333333333333,0.6,0.38461538461538464,0.3597444425493206,3,3,,,,
case_split,CSP4,2026,A_q_global,0.4,0.6,0.85,centroid,0.40476190476190477,0.3876698014629049,0.4532051282051282,0.5454545454545454,0.2727272727272727,0.3448275862068966,0.375,0.6,0.38461538461538464,0.17647058823529413,0.0,0.4,0.25,0.6153846153846154,4,3,0.5641025641025641,3,0.375,0.6,0.38461538461538464,0.37280912002211414,3,3,,,,
case_split,CSP4,2026,A_q_global,0.4,0.6,0.9,centroid,0.38095238095238093,0.3767676767676768,0.48034188034188036,0.5,0.26666666666666666,0.3636363636363637,0.3333333333333333,0.8,0.3076923076923077,0.16,0.0,0.2,0.5,0.6923076923076923,3,0,0.5128205128205128,3,0.3333333333333333,0.8,0.3076923076923077,0.3753365739951106,3,3,,,,
case_split,CSP4,2026,A_q_global,0.4,0.65,0.75,centroid,0.40476190476190477,0.39093701996927804,0.503968253968254,0.5,0.2857142857142857,0.3870967741935484,0.3333333333333333,0.75,0.42857142857142855,0.17647058823529413,0.0,0.25,0.25,0.5714285714285714,5,5,0.6666666666666666,3,0.3333333333333333,0.75,0.42857142857142855,0.38270156607096023,3,3,,,,
case_split,CSP4,2026,A_q_global,0.4,0.65,0.8,centroid,0.38095238095238093,0.3686868686868687,0.4393162393162393,0.5,0.2727272727272727,0.33333333333333337,0.3333333333333333,0.6,0.38461538461538464,0.17647058823529413,0.0,0.4,0.25,0.6153846153846154,5,5,0.6666666666666666,3,0.3333333333333333,0.6,0.38461538461538464,0.3597444425493206,3,3,,,,
case_split,CSP4,2026,A_q_global,0.4,0.65,0.85,centroid,0.35714285714285715,0.3464646464646464,0.4136752136752137,0.5,0.2727272727272727,0.26666666666666666,0.3333333333333333,0.6,0.3076923076923077,0.17647058823529413,0.0,0.4,0.20833333333333334,0.6923076923076923,7,5,0.8205128205128205,3,0.3333333333333333,0.6,0.3076923076923077,0.35321536187389846,3,3,,,,
case_split,CSP4,2026,A_q_global,0.4,0.65,0.9,centroid,0.4523809523809524,0.44061735366083193,0.5455128205128205,0.5454545454545454,0.3478260869565218,0.42857142857142855,0.375,0.8,0.46153846153846156,0.2222222222222222,0.0,0.2,0.2916666666666667,0.5384615384615384,7,2,0.8205128205128205,3,0.375,0.8,0.46153846153846156,0.439012473475623,3,3,,,,
case_split,CSP4,2026,A_q_global,0.4,0.7,0.75,centroid,0.38095238095238093,0.3758169934640523,0.4801587301587302,0.5,0.3333333333333333,0.2941176470588235,0.3333333333333333,0.75,0.35714285714285715,0.21428571428571427,0.0,0.25,0.08333333333333333,0.6428571428571429,5,5,0.6153846153846154,3,0.3333333333333333,0.75,0.35714285714285715,0.38666991186718586,3,3,,,,
case_split,CSP4,2026,A_q_global,0.4,0.7,0.8,centroid,0.38095238095238093,0.3833333333333333,0.4444444444444444,0.5,0.4,0.25,0.3333333333333333,0.6666666666666666,0.3333333333333333,0.2857142857142857,0.0,0.3333333333333333,0.08333333333333333,0.6666666666666666,5,5,0.6153846153846154,3,0.3333333333333333,0.6666666666666666,0.3333333333333333,0.40136178861788613,3,3,,,,
case_split,CSP4,2026,A_q_global,0.4,0.7,0.85,centroid,0.35714285714285715,0.3434567901234568,0.40981240981240985,0.5,0.37037037037037035,0.16,0.3333333333333333,0.7142857142857143,0.18181818181818182,0.25,0.0,0.2857142857142857,0.25,0.8181818181818182,8,5,0.9230769230769231,3,0.3333333333333333,0.7142857142857143,0.18181818181818182,0.37813220474196085,3,3,,,,
case_split,CSP4,2026,A_q_global,0.4,0.7,0.9,centroid,0.47619047619047616,0.4601686085062044,0.5458152958152959,0.5882352941176471,0.4444444444444444,0.34782608695652173,0.4166666666666667,0.8571428571428571,0.36363636363636365,0.3,0.0,0.14285714285714285,0.2916666666666667,0.6363636363636364,4,1,0.6153846153846154,3,0.4166666666666667,0.8571428571428571,0.36363636363636365,0.4744495232136365,3,3,,,,
case_split,CSP4,2026,A_q_global,0.4,0.75,0.75,centroid,0.38095238095238093,0.3758169934640523,0.4801587301587302,0.5,0.3333333333333333,0.2941176470588235,0.3333333333333333,0.75,0.35714285714285715,0.21428571428571427,0.0,0.25,0.08333333333333333,0.6428571428571429,5,5,0.6153846153846154,3,0.3333333333333333,0.75,0.35714285714285715,0.38666991186718586,3,3,,,,
case_split,CSP4,2026,A_q_global,0.4,0.75,0.8,centroid,0.38095238095238093,0.3833333333333333,0.4444444444444444,0.5,0.4,0.25,0.3333333333333333,0.6666666666666666,0.3333333333333333,0.2857142857142857,0.0,0.3333333333333333,0.08333333333333333,0.6666666666666666,5,5,0.6153846153846154,3,0.3333333333333333,0.6666666666666666,0.3333333333333333,0.40136178861788613,3,3,,,,
case_split,CSP4,2026,A_q_global,0.4,0.75,0.85,centroid,0.35714285714285715,0.34938271604938276,0.40981240981240985,0.5,0.4,0.14814814814814814,0.3333333333333333,0.7142857142857143,0.18181818181818182,0.2777777777777778,0.0,0.2857142857142857,0.16666666666666666,0.8181818181818182,7,5,0.7692307692307693,3,0.3333333333333333,0.7142857142857143,0.18181818181818182,0.3906453032062788,3,3,,,,
case_split,CSP4,2026,A_q_global,0.4,0.75,0.9,centroid,0.47619047619047616,0.46360885491320275,0.5284992784992785,0.5714285714285715,0.43478260869565216,0.3846153846153846,0.4166666666666667,0.7142857142857143,0.45454545454545453,0.3125,0.0,0.2857142857142857,0.25,0.45454545454545453,5,2,0.6666666666666666,3,0.4166666666666667,0.7142857142857143,0.45454545454545453,0.473423796952429,3,3,,,,
case_split,CSP4,2026,A_q_global,0.4,0.8,0.75,centroid,0.38095238095238093,0.3758169934640523,0.4801587301587302,0.5,0.3333333333333333,0.2941176470588235,0.3333333333333333,0.75,0.35714285714285715,0.21428571428571427,0.0,0.25,0.08333333333333333,0.6428571428571429,5,5,0.6153846153846154,3,0.3333333333333333,0.75,0.35714285714285715,0.38666991186718586,3,3,,,,
case_split,CSP4,2026,A_q_global,0.4,0.8,0.8,centroid,0.38095238095238093,0.3833333333333333,0.4444444444444444,0.5,0.4,0.25,0.3333333333333333,0.6666666666666666,0.3333333333333333,0.2857142857142857,0.0,0.3333333333333333,0.08333333333333333,0.6666666666666666,5,5,0.6153846153846154,3,0.3333333333333333,0.6666666666666666,0.3333333333333333,0.40136178861788613,3,3,,,,
case_split,CSP4,2026,A_q_global,0.4,0.8,0.85,centroid,0.38095238095238093,0.3717948717948718,0.42777777777777776,0.5,0.46153846153846156,0.15384615384615385,0.3333333333333333,0.75,0.2,0.3333333333333333,0.0,0.25,0.16666666666666666,0.8,7,5,0.7692307692307693,3,0.3333333333333333,0.75,0.2,0.41881019387116947,3,3,,,,
case_split,CSP4,2026,A_q_global,0.4,0.8,0.9,centroid,0.4523809523809524,0.43603174603174605,0.4805555555555556,0.5714285714285715,0.4166666666666667,0.32,0.4166666666666667,0.625,0.4,0.3125,0.0,0.375,0.25,0.5,5,2,0.6666666666666666,3,0.4166666666666667,0.625,0.4,0.4492935540069687,3,3,,,,
case_split,CSP4,2026,B_vb_engineering,,,,centroid,0.5714285714285714,0.5727598566308244,0.6134453781512604,0.6,0.45161290322580644,0.6666666666666666,0.42857142857142855,0.4117647058823529,1.0,0.5,0.0,0.5882352941176471,0.5,0.0,2,0,0.5128205128205128,3,0.42857142857142855,0.4117647058823529,1.0,0.5651619680130118,3,3,0.15,0.4716666666666667,0.25,0.75
case_split,CSP4,2026,B_vb_engineering,,,,centroid,0.5238095238095238,0.5261744127936031,0.5599747474747474,0.6086956521739131,0.3448275862068965,0.6249999999999999,0.4375,0.3333333333333333,0.9090909090909091,0.35714285714285715,0.0,0.6666666666666666,0.5,0.09090909090909091,4,0,0.6666666666666666,3,0.4375,0.3333333333333333,0.9090909090909091,0.5327391701876334,3,3,0.16533333333333333,0.45,0.3,0.7
case_split,CSP4,2026,B_vb_engineering,,,,centroid,0.4523809523809524,0.38461538461538464,0.43049932523616735,0.5384615384615384,0.0,0.6153846153846155,0.3684210526315789,0.0,0.9230769230769231,0.0,0.0,1.0,0.42105263157894735,0.07692307692307693,2,0,0.46153846153846156,3,0.3684210526315789,0.0,0.9230769230769231,0.3738587184140723,3,3,0.2056666666666667,0.4165,0.35,0.65
